mkdir -p /work/campaigns/iscas_sustainability_extension/memory_compiler/gate3_attempt06_replacement_sram_backend_qualification/raw/openroad/work/results/sky130hd/attempt06_e0/base/
echo 10.0 > /work/campaigns/iscas_sustainability_extension/memory_compiler/gate3_attempt06_replacement_sram_backend_qualification/raw/openroad/work/results/sky130hd/attempt06_e0/base/clock_period.txt
/OpenROAD-flow-scripts/flow/scripts/synth.sh /OpenROAD-flow-scripts/flow/scripts/synth_canonicalize.tcl /work/campaigns/iscas_sustainability_extension/memory_compiler/gate3_attempt06_replacement_sram_backend_qualification/raw/openroad/work/logs/sky130hd/attempt06_e0/base/1_1_yosys_canonicalize.log
Using ABC speed script.
Extracting clock period from SDC file: /work/campaigns/iscas_sustainability_extension/memory_compiler/gate3_attempt06_replacement_sram_backend_qualification/raw/openroad/work/results/sky130hd/attempt06_e0/base/clock_period.txt
Setting clock period to 10.0
1. Executing Liberty frontend: /OpenROAD-flow-scripts/flow/platforms/sky130hd/lib/sky130_fd_sc_hd__tt_025C_1v80.lib
2. Executing Liberty frontend: /work/campaigns/iscas_sustainability_extension/memory_compiler/gate3_attempt06_replacement_sram_backend_qualification/source_checkout/sram22_256x64m4w8/sram22_256x64m4w8_tt_025C_1v80.lib
3. Executing Liberty frontend: /work/campaigns/iscas_sustainability_extension/memory_compiler/gate3_attempt06_replacement_sram_backend_qualification/source_checkout/sram22_256x8m8w1/sram22_256x8m8w1_tt_025C_1v80.lib
4. Executing Liberty frontend: /OpenROAD-flow-scripts/flow/platforms/sky130hd/lib/sky130_fd_sc_hd__tt_025C_1v80.lib
5. Executing Liberty frontend: /work/campaigns/iscas_sustainability_extension/memory_compiler/gate3_attempt06_replacement_sram_backend_qualification/source_checkout/sram22_256x64m4w8/sram22_256x64m4w8_tt_025C_1v80.lib
6. Executing Liberty frontend: /work/campaigns/iscas_sustainability_extension/memory_compiler/gate3_attempt06_replacement_sram_backend_qualification/source_checkout/sram22_256x8m8w1/sram22_256x8m8w1_tt_025C_1v80.lib
7. Executing Verilog-2005 frontend: /work/green_ecc_physical_simulation/rtl/hsiao_secded_72_64/hsiao_secded_72_64_v1_encoder.sv
8. Executing Verilog-2005 frontend: /work/green_ecc_physical_simulation/rtl/hsiao_secded_72_64/hsiao_secded_72_64_v1_syndrome.sv
9. Executing Verilog-2005 frontend: /work/green_ecc_physical_simulation/rtl/hsiao_secded_72_64/hsiao_secded_72_64_v2_algorithmic_decoder.sv
10. Executing Verilog-2005 frontend: /work/campaigns/iscas_sustainability_extension/memory_compiler/gate3_attempt06_replacement_sram_backend_qualification/source_checkout/sram22_256x64m4w8/sram22_256x64m4w8.v
11. Executing Verilog-2005 frontend: /work/campaigns/iscas_sustainability_extension/memory_compiler/gate3_attempt06_replacement_sram_backend_qualification/source_checkout/sram22_256x8m8w1/sram22_256x8m8w1.v
12. Executing Verilog-2005 frontend: /work/campaigns/iscas_sustainability_extension/memory_compiler/gate3_attempt06_replacement_sram_backend_qualification/rtl/ecc_sram_256x72_sram22.sv
13. Executing Verilog-2005 frontend: /OpenROAD-flow-scripts/flow/platforms/sky130hd/cells_clkgate_hd.v
14. Executing HIERARCHY pass (managing design hierarchy).
15. Executing AST frontend in derive mode using pre-parsed AST for module `\e0_sram22_top'.
15.1. Analyzing design hierarchy..
15.2. Executing AST frontend in derive mode using pre-parsed AST for module `\ecc_sram_256x72_sram22'.
15.3. Analyzing design hierarchy..
15.4. Executing AST frontend in derive mode using pre-parsed AST for module `\hsiao_secded_72_64_v2_algorithmic_decoder'.
15.5. Executing AST frontend in derive mode using pre-parsed AST for module `\hsiao_secded_72_64_v1_encoder'.
15.6. Analyzing design hierarchy..
15.7. Executing AST frontend in derive mode using pre-parsed AST for module `\hsiao_secded_72_64_v1_syndrome'.
15.8. Analyzing design hierarchy..
15.9. Analyzing design hierarchy..
Warning: Selection "sram22_256x64m4w8" did not match any module.
Warning: Selection "sram22_256x8m8w1" did not match any module.
16. Executing HIERARCHY pass (managing design hierarchy).
16.1. Analyzing design hierarchy..
16.2. Analyzing design hierarchy..
17. Executing OPT_CLEAN pass (remove unused cells and wires).
18. Executing RTLIL backend.
Warnings: 2 unique messages, 2 total
End of script. Logfile hash: 10fa9411d8, time: 0.78s, user: 0.28s, system: 0.12s, MEM: 56.83 MB peak
Yosys 0.68+post (git sha1 UNKNOWN, Release, GNU /usr/local/bin/wrapped-cc/g++ 11.4.0)
Time spent: 64% 8x read_liberty (0 sec), 13% 2x write_rtlil (0 sec), ...
Elapsed time: 0:00.81[h:]min:sec. CPU time: user 0.30 sys 0.15 (56%). Peak memory: 60740KB.
Log                       Ext     Elapsed/s Peak Memory/MB sha1sum result [0:20)
1_1_yosys_canonicalize    .rtlil          0             59 eace4aac84df40865f7e
/OpenROAD-flow-scripts/flow/scripts/synth.sh /OpenROAD-flow-scripts/flow/scripts/synth.tcl /work/campaigns/iscas_sustainability_extension/memory_compiler/gate3_attempt06_replacement_sram_backend_qualification/raw/openroad/work/logs/sky130hd/attempt06_e0/base/1_2_yosys.log
Using ABC speed script.
Extracting clock period from SDC file: /work/campaigns/iscas_sustainability_extension/memory_compiler/gate3_attempt06_replacement_sram_backend_qualification/raw/openroad/work/results/sky130hd/attempt06_e0/base/clock_period.txt
Setting clock period to 10.0
1. Executing RTLIL frontend.
Warning: Selection "sram22_256x64m4w8" did not match any module.
Warning: Selection "sram22_256x8m8w1" did not match any module.
2. Executing HIERARCHY pass (managing design hierarchy).
2.1. Analyzing design hierarchy..
2.2. Analyzing design hierarchy..
3. Executing SYNTH pass.
3.1. Executing HIERARCHY pass (managing design hierarchy).
3.1.1. Analyzing design hierarchy..
3.1.2. Analyzing design hierarchy..
3.2. Executing PROC pass (convert processes to netlists).
3.2.1. Executing PROC_CLEAN pass (remove empty switches from decision trees).
3.2.2. Executing PROC_RMDEAD pass (remove dead branches from decision trees).
3.2.3. Executing PROC_PRUNE pass (remove redundant assignments in processes).
3.2.4. Executing PROC_INIT pass (extract init attributes).
3.2.5. Executing PROC_ARST pass (detect async resets in processes).
3.2.6. Executing PROC_ROM pass (convert switches to ROMs).
3.2.7. Executing PROC_MUX pass (convert decision trees to multiplexers).
3.2.8. Executing PROC_DLATCH pass (convert process syncs to latches).
3.2.9. Executing PROC_DFF pass (convert process syncs to FFs).
3.2.10. Executing PROC_MEMWR pass (convert process memory writes to cells).
3.2.11. Executing PROC_CLEAN pass (remove empty switches from decision trees).
3.2.12. Executing OPT_EXPR pass (perform const folding).
3.3. Executing CHECK pass (checking for obvious problems).
3.4. Executing FLATTEN pass (flatten design).
3.5. Executing OPT_EXPR pass (perform const folding).
3.6. Executing OPT_CLEAN pass (remove unused cells and wires).
3.7. Executing CHECK pass (checking for obvious problems).
3.8. Executing OPT pass (performing simple optimizations).
3.8.1. Executing OPT_EXPR pass (perform const folding).
3.8.2. Executing OPT_MERGE pass (detect identical cells).
3.8.3. Executing OPT_MUXTREE pass (detect dead branches in mux trees).
3.8.4. Executing OPT_REDUCE pass (consolidate $*mux and $reduce_* inputs).
3.8.5. Executing OPT_MERGE pass (detect identical cells).
3.8.6. Executing OPT_DFF pass (perform DFF optimizations).
3.8.7. Executing OPT_CLEAN pass (remove unused cells and wires).
3.8.8. Executing OPT_EXPR pass (perform const folding).
3.8.9. Rerunning OPT passes. (Maybe there is more to do..)
3.8.10. Executing OPT_MUXTREE pass (detect dead branches in mux trees).
3.8.11. Executing OPT_REDUCE pass (consolidate $*mux and $reduce_* inputs).
3.8.12. Executing OPT_MERGE pass (detect identical cells).
3.8.13. Executing OPT_DFF pass (perform DFF optimizations).
3.8.14. Executing OPT_CLEAN pass (remove unused cells and wires).
3.8.15. Executing OPT_EXPR pass (perform const folding).
3.8.16. Finished fast OPT passes. (There is nothing left to do.)
3.9. Executing FSM pass (extract and optimize FSM).
3.9.1. Executing FSM_DETECT pass (finding FSMs in design).
3.9.2. Executing FSM_EXTRACT pass (extracting FSM from design).
3.9.3. Executing FSM_OPT pass (simple optimizations of FSMs).
3.9.4. Executing OPT_CLEAN pass (remove unused cells and wires).
3.9.5. Executing FSM_OPT pass (simple optimizations of FSMs).
3.9.6. Executing FSM_RECODE pass (re-assigning FSM state encoding).
3.9.7. Executing FSM_INFO pass (dumping all available information on FSM cells).
3.9.8. Executing FSM_MAP pass (mapping FSMs to basic logic).
3.10. Executing OPT pass (performing simple optimizations).
3.10.1. Executing OPT_EXPR pass (perform const folding).
3.10.2. Executing OPT_MERGE pass (detect identical cells).
3.10.3. Executing OPT_MUXTREE pass (detect dead branches in mux trees).
3.10.4. Executing OPT_REDUCE pass (consolidate $*mux and $reduce_* inputs).
3.10.5. Executing OPT_MERGE pass (detect identical cells).
3.10.6. Executing OPT_DFF pass (perform DFF optimizations).
3.10.7. Executing OPT_CLEAN pass (remove unused cells and wires).
3.10.8. Executing OPT_EXPR pass (perform const folding).
3.10.9. Finished fast OPT passes. (There is nothing left to do.)
3.11. Executing WREDUCE pass (reducing word size of cells).
3.12. Executing PEEPOPT pass (run peephole optimizers).
3.13. Executing OPT_CLEAN pass (remove unused cells and wires).
3.14. Executing ALUMACC pass (create $alu and $macc cells).
3.15. Executing SHARE pass (SAT-based resource sharing).
3.16. Executing OPT pass (performing simple optimizations).
3.16.1. Executing OPT_EXPR pass (perform const folding).
3.16.2. Executing OPT_MERGE pass (detect identical cells).
3.16.3. Executing OPT_MUXTREE pass (detect dead branches in mux trees).
3.16.4. Executing OPT_REDUCE pass (consolidate $*mux and $reduce_* inputs).
3.16.5. Executing OPT_MERGE pass (detect identical cells).
3.16.6. Executing OPT_DFF pass (perform DFF optimizations).
3.16.7. Executing OPT_CLEAN pass (remove unused cells and wires).
3.16.8. Executing OPT_EXPR pass (perform const folding).
3.16.9. Finished fast OPT passes. (There is nothing left to do.)
3.17. Executing MEMORY pass.
3.17.1. Executing OPT_MEM pass (optimize memories).
3.17.2. Executing OPT_MEM_PRIORITY pass (removing unnecessary memory write priority relations).
3.17.3. Executing OPT_MEM_FEEDBACK pass (finding memory read-to-write feedback paths).
3.17.4. Executing MEMORY_BMUX2ROM pass (converting muxes to ROMs).
3.17.5. Executing MEMORY_DFF pass (merging $dff cells to $memrd).
3.17.6. Executing OPT_CLEAN pass (remove unused cells and wires).
3.17.7. Executing MEMORY_SHARE pass (consolidating $memrd/$memwr cells).
3.17.8. Executing OPT_MEM_WIDEN pass (optimize memories where all ports are wide).
3.17.9. Executing OPT_CLEAN pass (remove unused cells and wires).
3.17.10. Executing MEMORY_COLLECT pass (generating $mem cells).
3.18. Executing OPT_CLEAN pass (remove unused cells and wires).
4. Executing SYNTH pass.
4.1. Executing OPT pass (performing simple optimizations).
4.1.1. Executing OPT_EXPR pass (perform const folding).
4.1.2. Executing OPT_MERGE pass (detect identical cells).
4.1.3. Executing OPT_DFF pass (perform DFF optimizations).
4.1.4. Executing OPT_CLEAN pass (remove unused cells and wires).
4.1.5. Finished fast OPT passes.
4.2. Executing MEMORY_MAP pass (converting memories to logic and flip-flops).
4.3. Executing OPT pass (performing simple optimizations).
4.3.1. Executing OPT_EXPR pass (perform const folding).
4.3.2. Executing OPT_MERGE pass (detect identical cells).
4.3.3. Executing OPT_MUXTREE pass (detect dead branches in mux trees).
4.3.4. Executing OPT_REDUCE pass (consolidate $*mux and $reduce_* inputs).
4.3.5. Executing OPT_MERGE pass (detect identical cells).
4.3.6. Executing OPT_SHARE pass.
4.3.7. Executing OPT_DFF pass (perform DFF optimizations).
4.3.8. Executing OPT_CLEAN pass (remove unused cells and wires).
4.3.9. Executing OPT_EXPR pass (perform const folding).
4.3.10. Finished fast OPT passes. (There is nothing left to do.)
4.4. Executing TECHMAP pass (map to technology primitives).
4.4.1. Executing Verilog-2005 frontend: /OpenROAD-flow-scripts/tools/install/yosys/bin/../share/yosys/techmap.v
4.4.2. Executing Verilog-2005 frontend: /OpenROAD-flow-scripts/flow/platforms/common/lcu_kogge_stone.v
4.4.3. Continuing TECHMAP pass.
4.5. Executing OPT pass (performing simple optimizations).
4.5.1. Executing OPT_EXPR pass (perform const folding).
4.5.2. Executing OPT_MERGE pass (detect identical cells).
4.5.3. Executing OPT_DFF pass (perform DFF optimizations).
4.5.4. Executing OPT_CLEAN pass (remove unused cells and wires).
4.5.5. Finished fast OPT passes.
4.6. Executing HIERARCHY pass (managing design hierarchy).
4.6.1. Analyzing design hierarchy..
4.6.2. Analyzing design hierarchy..
4.7. Printing statistics.
4.8. Executing CHECK pass (checking for obvious problems).
5. Executing OPT pass (performing simple optimizations).
5.1. Executing OPT_EXPR pass (perform const folding).
5.2. Executing OPT_MERGE pass (detect identical cells).
5.3. Executing OPT_MUXTREE pass (detect dead branches in mux trees).
5.4. Executing OPT_REDUCE pass (consolidate $*mux and $reduce_* inputs).
5.5. Executing OPT_MERGE pass (detect identical cells).
5.6. Executing OPT_DFF pass (perform DFF optimizations).
5.7. Executing OPT_CLEAN pass (remove unused cells and wires).
5.8. Executing OPT_EXPR pass (perform const folding).
5.9. Rerunning OPT passes. (Maybe there is more to do..)
5.10. Executing OPT_MUXTREE pass (detect dead branches in mux trees).
5.11. Executing OPT_REDUCE pass (consolidate $*mux and $reduce_* inputs).
5.12. Executing OPT_MERGE pass (detect identical cells).
5.13. Executing OPT_DFF pass (perform DFF optimizations).
5.14. Executing OPT_CLEAN pass (remove unused cells and wires).
5.15. Executing OPT_EXPR pass (perform const folding).
5.16. Finished fast OPT passes. (There is nothing left to do.)
6. Executing EXTRACT_FA pass (find and extract full/half adders).
7. Executing TECHMAP pass (map to technology primitives).
7.1. Executing Verilog-2005 frontend: /OpenROAD-flow-scripts/flow/platforms/sky130hd/cells_adders_hd.v
7.2. Continuing TECHMAP pass.
8. Executing TECHMAP pass (map to technology primitives).
8.1. Executing Verilog-2005 frontend: /OpenROAD-flow-scripts/tools/install/yosys/bin/../share/yosys/techmap.v
8.2. Continuing TECHMAP pass.
9. Executing OPT pass (performing simple optimizations).
9.1. Executing OPT_EXPR pass (perform const folding).
9.2. Executing OPT_MERGE pass (detect identical cells).
9.3. Executing OPT_DFF pass (perform DFF optimizations).
9.4. Executing OPT_CLEAN pass (remove unused cells and wires).
9.5. Finished fast OPT passes.
10. Executing DFFLEGALIZE pass (convert FFs to types supported by the target).
11. Executing TECHMAP pass (map to technology primitives).
11.1. Executing Verilog-2005 frontend: /OpenROAD-flow-scripts/flow/platforms/sky130hd/cells_latch_hd.v
11.2. Continuing TECHMAP pass.
12. Executing DFFLIBMAP pass (mapping DFF cells to sequential cells from liberty file).
12.1. Executing DFFLEGALIZE pass (convert FFs to types supported by the target).
13. Executing OPT pass (performing simple optimizations).
13.1. Executing OPT_EXPR pass (perform const folding).
13.2. Executing OPT_MERGE pass (detect identical cells).
13.3. Executing OPT_MUXTREE pass (detect dead branches in mux trees).
13.4. Executing OPT_REDUCE pass (consolidate $*mux and $reduce_* inputs).
13.5. Executing OPT_MERGE pass (detect identical cells).
13.6. Executing OPT_DFF pass (perform DFF optimizations).
13.7. Executing OPT_CLEAN pass (remove unused cells and wires).
13.8. Executing OPT_EXPR pass (perform const folding).
13.9. Finished fast OPT passes. (There is nothing left to do.)
14. Executing SETUNDEF pass (replace undef values with defined constants).
abc -script /OpenROAD-flow-scripts/flow/scripts/abc_speed.script -liberty /OpenROAD-flow-scripts/flow/platforms/sky130hd/lib/sky130_fd_sc_hd__tt_025C_1v80.lib -liberty /work/campaigns/iscas_sustainability_extension/memory_compiler/gate3_attempt06_replacement_sram_backend_qualification/source_checkout/sram22_256x64m4w8/sram22_256x64m4w8_tt_025C_1v80.lib -liberty /work/campaigns/iscas_sustainability_extension/memory_compiler/gate3_attempt06_replacement_sram_backend_qualification/source_checkout/sram22_256x8m8w1/sram22_256x8m8w1_tt_025C_1v80.lib -dont_use sky130_fd_sc_hd__probe_p_8 -dont_use sky130_fd_sc_hd__probec_p_8 -dont_use sky130_fd_sc_hd__lpflow_bleeder_1 -dont_use sky130_fd_sc_hd__lpflow_clkbufkapwr_1 -dont_use sky130_fd_sc_hd__lpflow_clkbufkapwr_16 -dont_use sky130_fd_sc_hd__lpflow_clkbufkapwr_2 -dont_use sky130_fd_sc_hd__lpflow_clkbufkapwr_4 -dont_use sky130_fd_sc_hd__lpflow_clkbufkapwr_8 -dont_use sky130_fd_sc_hd__lpflow_clkinvkapwr_1 -dont_use sky130_fd_sc_hd__lpflow_clkinvkapwr_16 -dont_use sky130_fd_sc_hd__lpflow_clkinvkapwr_2 -dont_use sky130_fd_sc_hd__lpflow_clkinvkapwr_4 -dont_use sky130_fd_sc_hd__lpflow_clkinvkapwr_8 -dont_use sky130_fd_sc_hd__lpflow_decapkapwr_12 -dont_use sky130_fd_sc_hd__lpflow_decapkapwr_3 -dont_use sky130_fd_sc_hd__lpflow_decapkapwr_4 -dont_use sky130_fd_sc_hd__lpflow_decapkapwr_6 -dont_use sky130_fd_sc_hd__lpflow_decapkapwr_8 -dont_use sky130_fd_sc_hd__lpflow_inputiso0n_1 -dont_use sky130_fd_sc_hd__lpflow_inputiso0p_1 -dont_use sky130_fd_sc_hd__lpflow_inputiso1n_1 -dont_use sky130_fd_sc_hd__lpflow_inputiso1p_1 -dont_use sky130_fd_sc_hd__lpflow_inputisolatch_1 -dont_use sky130_fd_sc_hd__lpflow_isobufsrc_1 -dont_use sky130_fd_sc_hd__lpflow_isobufsrc_16 -dont_use sky130_fd_sc_hd__lpflow_isobufsrc_2 -dont_use sky130_fd_sc_hd__lpflow_isobufsrc_4 -dont_use sky130_fd_sc_hd__lpflow_isobufsrc_8 -dont_use sky130_fd_sc_hd__lpflow_isobufsrckapwr_16 -dont_use sky130_fd_sc_hd__lpflow_lsbuf_lh_hl_isowell_tap_1 -dont_use sky130_fd_sc_hd__lpflow_lsbuf_lh_hl_isowell_tap_2 -dont_use sky130_fd_sc_hd__lpflow_lsbuf_lh_hl_isowell_tap_4 -dont_use sky130_fd_sc_hd__lpflow_lsbuf_lh_isowell_4 -dont_use sky130_fd_sc_hd__lpflow_lsbuf_lh_isowell_tap_1 -dont_use sky130_fd_sc_hd__lpflow_lsbuf_lh_isowell_tap_2 -dont_use sky130_fd_sc_hd__lpflow_lsbuf_lh_isowell_tap_4 -constr /work/campaigns/iscas_sustainability_extension/memory_compiler/gate3_attempt06_replacement_sram_backend_qualification/raw/openroad/work/objects/sky130hd/attempt06_e0/base/abc.constr -D 10.0
15. Executing ABC pass (technology mapping using ABC).
15.1. Extracting gate netlist of module `\e0_sram22_top' to `<abc-temp-dir>/input.blif'..
15.1.1. Executed ABC.
15.1.2. Re-integrating ABC results.
16. Executing SPLITNETS pass (splitting up multi-bit signals).
17. Executing OPT_CLEAN pass (remove unused cells and wires).
18. Executing HILOMAP pass (mapping to constant drivers).
19. Executing INSBUF pass (insert buffer cells for connected wires).
20. Executing CHECK pass (checking for obvious problems).
21. Printing statistics.
22. Executing CHECK pass (checking for obvious problems).
23. Executing Verilog backend.
23.1. Executing BMUXMAP pass.
23.2. Executing DEMUXMAP pass.
Warnings: 2 unique messages, 2 total
End of script. Logfile hash: 6cff02a763, time: 5.28s, user: 1.13s, system: 0.84s, MEM: 61.84 MB peak
Yosys 0.68+post (git sha1 UNKNOWN, Release, GNU /usr/local/bin/wrapped-cc/g++ 11.4.0)
Time spent: 60% 1x abc (2 sec), 7% 2x synth (0 sec), ...
Elapsed time: 0:05.30[h:]min:sec. CPU time: user 3.96 sys 1.01 (93%). Peak memory: 64580KB.
Log                       Ext     Elapsed/s Peak Memory/MB sha1sum result [0:20)
1_2_yosys                 .v              5             63 bd4f27e4618cec010fcc
cp /work/campaigns/iscas_sustainability_extension/memory_compiler/gate3_attempt06_replacement_sram_backend_qualification/openroad/e0/constraint.sdc /work/campaigns/iscas_sustainability_extension/memory_compiler/gate3_attempt06_replacement_sram_backend_qualification/raw/openroad/work/results/sky130hd/attempt06_e0/base/1_2_yosys.sdc
touch -r /work/campaigns/iscas_sustainability_extension/memory_compiler/gate3_attempt06_replacement_sram_backend_qualification/openroad/e0/constraint.sdc /work/campaigns/iscas_sustainability_extension/memory_compiler/gate3_attempt06_replacement_sram_backend_qualification/raw/openroad/work/results/sky130hd/attempt06_e0/base/1_2_yosys.sdc
OpenROAD 26Q3-1080-gab6fd26351 
Features included (+) or not (-): +GPU +GUI +Python
This program is licensed under the BSD-3 license. See the LICENSE file for details.
Components of this program may be licensed under more restrictive licenses which must be honored.
[INFO ORD-0030] Using 4 thread(s).
mkdir -p /work/campaigns/iscas_sustainability_extension/memory_compiler/gate3_attempt06_replacement_sram_backend_qualification/raw/openroad/work/objects/sky130hd/attempt06_e0/base
/OpenROAD-flow-scripts/flow/scripts/flow.sh 1_synth synth_odb
Running synth_odb.tcl, stage 1_synth
read_liberty /OpenROAD-flow-scripts/flow/platforms/sky130hd/lib/sky130_fd_sc_hd__tt_025C_1v80.lib
read_liberty /work/campaigns/iscas_sustainability_extension/memory_compiler/gate3_attempt06_replacement_sram_backend_qualification/source_checkout/sram22_256x64m4w8/sram22_256x64m4w8_tt_025C_1v80.lib
read_liberty /work/campaigns/iscas_sustainability_extension/memory_compiler/gate3_attempt06_replacement_sram_backend_qualification/source_checkout/sram22_256x8m8w1/sram22_256x8m8w1_tt_025C_1v80.lib
[INFO ODB-0227] LEF file: /OpenROAD-flow-scripts/flow/platforms/sky130hd/lef/sky130_fd_sc_hd.tlef, created 13 layers, 25 vias
[INFO ODB-0227] LEF file: /OpenROAD-flow-scripts/flow/platforms/sky130hd/lef/sky130_fd_sc_hd_merged.lef, created 441 library cells
[INFO ODB-0227] LEF file: /work/campaigns/iscas_sustainability_extension/memory_compiler/gate3_attempt06_replacement_sram_backend_qualification/source_checkout/sram22_256x64m4w8/sram22_256x64m4w8.lef, created 1 library cells
[INFO ODB-0227] LEF file: /work/campaigns/iscas_sustainability_extension/memory_compiler/gate3_attempt06_replacement_sram_backend_qualification/source_checkout/sram22_256x8m8w1/sram22_256x8m8w1.lef, created 1 library cells
link_design e0_sram22_top
read_sdc /work/campaigns/iscas_sustainability_extension/memory_compiler/gate3_attempt06_replacement_sram_backend_qualification/raw/openroad/work/results/sky130hd/attempt06_e0/base/1_2_yosys.sdc
source /OpenROAD-flow-scripts/flow/platforms/sky130hd/setRC.tcl
eliminate_dead_logic
Removed 0 unused instances and 0 unused nets.
Design area 265042 um^2 100% utilization.
write_db /work/campaigns/iscas_sustainability_extension/memory_compiler/gate3_attempt06_replacement_sram_backend_qualification/raw/openroad/work/results/sky130hd/attempt06_e0/base/1_synth.odb
write_sdc -no_timestamp /work/campaigns/iscas_sustainability_extension/memory_compiler/gate3_attempt06_replacement_sram_backend_qualification/raw/openroad/work/results/sky130hd/attempt06_e0/base/1_synth.sdc
Elapsed time: 0:01.30[h:]min:sec. CPU time: user 0.83 sys 0.15 (75%). Peak memory: 128236KB.
Log                       Ext     Elapsed/s Peak Memory/MB sha1sum result [0:20)
1_synth                   .odb            1            125 3f9a982ae1d0384de8ed
1_synth                   .sdc                             449fc72f0abfd7eed5f3
/OpenROAD-flow-scripts/flow/scripts/flow.sh 2_1_floorplan floorplan
Running floorplan.tcl, stage 2_1_floorplan
read_liberty /OpenROAD-flow-scripts/flow/platforms/sky130hd/lib/sky130_fd_sc_hd__tt_025C_1v80.lib
read_liberty /work/campaigns/iscas_sustainability_extension/memory_compiler/gate3_attempt06_replacement_sram_backend_qualification/source_checkout/sram22_256x64m4w8/sram22_256x64m4w8_tt_025C_1v80.lib
read_liberty /work/campaigns/iscas_sustainability_extension/memory_compiler/gate3_attempt06_replacement_sram_backend_qualification/source_checkout/sram22_256x8m8w1/sram22_256x8m8w1_tt_025C_1v80.lib
read_db /work/campaigns/iscas_sustainability_extension/memory_compiler/gate3_attempt06_replacement_sram_backend_qualification/raw/openroad/work/results/sky130hd/attempt06_e0/base/1_synth.odb
read_sdc /work/campaigns/iscas_sustainability_extension/memory_compiler/gate3_attempt06_replacement_sram_backend_qualification/raw/openroad/work/results/sky130hd/attempt06_e0/base/1_synth.sdc
source /OpenROAD-flow-scripts/flow/platforms/sky130hd/setRC.tcl
Master sky130_ef_sc_hd__decap_12 is loaded but not used in the design

==========================================================================
Floorplan check_setup
--------------------------------------------------------------------------
number instances in verilog is 534
[WARNING IFP-0028] Core area lower left (10.000, 10.000) snapped to (10.120, 10.880).
[INFO IFP-0001] Added 212 rows of 2782 site unithd.
[INFO IFP-0100] Die BBox:  (  0.000  0.000 ) ( 1300.000 600.000 ) um
[INFO IFP-0101] Core BBox: ( 10.120 10.880 ) ( 1289.840 587.520 ) um
[INFO IFP-0102] Core area:                       737937.741 um^2
[INFO IFP-0103] Total instances area:            265042.334 um^2
[INFO IFP-0104] Effective utilization:                0.359
[INFO IFP-0105] Number of instances:                    534
source /OpenROAD-flow-scripts/flow/platforms/sky130hd/make_tracks.tcl
source /OpenROAD-flow-scripts/flow/platforms/sky130hd/fastroute.tcl
Repair tie lo fanout...
Repair tie hi fanout...
[INFO RSZ-0042] Inserted 16 tie sky130_fd_sc_hd__conb_1 instances.
repair_timing -setup_margin 0 -hold_margin 0 -repair_tns 100 -skip_gate_cloning -match_cell_footprint -setup -skip_last_gasp -sequence unbuffer,sizeup,swap,vt_swap -verbose
[WARNING EST-0027] no estimated parasitics. Using wire load models.
[INFO RSZ-0100] Repair move sequence: UnbufferMove SizeUpMove SwapPinsMove 
[INFO RSZ-0098] No setup violations found
[INFO RSZ-0505] Runtime: 0.17s
Default units for flow
 time 1ns
 capacitance 1pF
 resistance 1kohm
 voltage 1v
 current 1mA
 power 1nW
 distance 1um
   Layer   | Unit Resistance | Unit Capacitance 
           |       (kohm/um) |          (pF/um)
------------------------------------------------
       li1 |        7.18e-02 |         1.50e-04
      met1 |        1.21e-03 |         1.72e-04
      met2 |        1.22e-03 |         1.36e-04
      met3 |        1.66e-04 |         2.15e-04
      met4 |        1.68e-04 |         1.48e-04
      met5 |        1.84e-05 |         1.54e-04
------------------------------------------------

   Layer   | Via Resistance 
           |         (kohm) 
----------------------------
      mcon |       9.25e-03 
       via |       4.50e-03 
      via2 |       3.37e-03 
      via3 |       3.77e-04 
      via4 |       5.80e-06 
----------------------------
Report metrics stage 2, floorplan final...

==========================================================================
floorplan final report_design_area
--------------------------------------------------------------------------
Design area 265099 um^2 36% utilization.
write_db /work/campaigns/iscas_sustainability_extension/memory_compiler/gate3_attempt06_replacement_sram_backend_qualification/raw/openroad/work/results/sky130hd/attempt06_e0/base/2_1_floorplan.odb
write_sdc -no_timestamp /work/campaigns/iscas_sustainability_extension/memory_compiler/gate3_attempt06_replacement_sram_backend_qualification/raw/openroad/work/results/sky130hd/attempt06_e0/base/2_1_floorplan.sdc
Elapsed time: 0:02.42[h:]min:sec. CPU time: user 0.92 sys 0.39 (53%). Peak memory: 147372KB.
Log                       Ext     Elapsed/s Peak Memory/MB sha1sum result [0:20)
2_1_floorplan             .odb            2            143 8d80054b775489b96609
2_1_floorplan             .sdc                             449fc72f0abfd7eed5f3
/OpenROAD-flow-scripts/flow/scripts/flow.sh 2_2_floorplan_macro macro_place
Running macro_place.tcl, stage 2_2_floorplan_macro
read_liberty /OpenROAD-flow-scripts/flow/platforms/sky130hd/lib/sky130_fd_sc_hd__tt_025C_1v80.lib
read_liberty /work/campaigns/iscas_sustainability_extension/memory_compiler/gate3_attempt06_replacement_sram_backend_qualification/source_checkout/sram22_256x64m4w8/sram22_256x64m4w8_tt_025C_1v80.lib
read_liberty /work/campaigns/iscas_sustainability_extension/memory_compiler/gate3_attempt06_replacement_sram_backend_qualification/source_checkout/sram22_256x8m8w1/sram22_256x8m8w1_tt_025C_1v80.lib
read_db /work/campaigns/iscas_sustainability_extension/memory_compiler/gate3_attempt06_replacement_sram_backend_qualification/raw/openroad/work/results/sky130hd/attempt06_e0/base/2_1_floorplan.odb
read_sdc /work/campaigns/iscas_sustainability_extension/memory_compiler/gate3_attempt06_replacement_sram_backend_qualification/raw/openroad/work/results/sky130hd/attempt06_e0/base/2_1_floorplan.sdc
source /OpenROAD-flow-scripts/flow/platforms/sky130hd/setRC.tcl
rtl_macro_placer -max_num_level 2 -halo_width 10 -halo_height 10 -min_ar 0.33 -area_weight 0.1 -wirelength_weight 100.0 -outline_weight 100.0 -boundary_weight 50.0 -notch_weight 50.0 -report_directory /work/campaigns/iscas_sustainability_extension/memory_compiler/gate3_attempt06_replacement_sram_backend_qualification/raw/openroad/work/objects/sky130hd/attempt06_e0/base/rtlmp -fence_lx 0.0 -fence_ly 0.0 -fence_ux 0.0 -fence_uy 0.0 -target_util 0.35
[WARNING MPL-0074] -halo_width/-halo_height are deprecated, use the set_macro_base_halo command instead.
Die Area: (0.00, 0.00) (1300.00, 600.00),  Floorplan Area: (10.12, 10.88) (1289.84, 587.52)
	Number of std cell instances: 547
	Area of std cell instances: 4767.07
	Number of macros: 2
	Macros to be placed: 2
	Area of macros: 260331.57
	Base halo (L, B, R, T): (10.00, 10.00, 10.00, 10.00)
	Area of macros with halos: 270133.75
	Area of std cell instances + Area of macros: 265098.64
	Floorplan area: 737937.74
	Design Utilization: 0.36
	Floorplan Utilization: 0.01
	Manufacturing Grid: 5

[WARNING MPL-0002] Could not align all pins of the macro u_protected_memory.u_data to the track-grid. 11 out of 147 pins were aligned.
[WARNING MPL-0002] Could not align all pins of the macro u_protected_memory.u_ecc to the track-grid. 24 out of 35 pins were aligned.
[INFO MPL-0500] Runtime: 3.55s
Design area 265099 um^2 36% utilization.
write_db /work/campaigns/iscas_sustainability_extension/memory_compiler/gate3_attempt06_replacement_sram_backend_qualification/raw/openroad/work/results/sky130hd/attempt06_e0/base/2_2_floorplan_macro.odb
Elapsed time: 0:04.90[h:]min:sec. CPU time: user 14.14 sys 0.19 (292%). Peak memory: 127044KB.
Log                       Ext     Elapsed/s Peak Memory/MB sha1sum result [0:20)
2_2_floorplan_macro       .odb            4            124 19ab0e147e6c6536c513
/OpenROAD-flow-scripts/flow/scripts/flow.sh 2_3_floorplan_tapcell tapcell
Running tapcell.tcl, stage 2_3_floorplan_tapcell
read_liberty /OpenROAD-flow-scripts/flow/platforms/sky130hd/lib/sky130_fd_sc_hd__tt_025C_1v80.lib
read_liberty /work/campaigns/iscas_sustainability_extension/memory_compiler/gate3_attempt06_replacement_sram_backend_qualification/source_checkout/sram22_256x64m4w8/sram22_256x64m4w8_tt_025C_1v80.lib
read_liberty /work/campaigns/iscas_sustainability_extension/memory_compiler/gate3_attempt06_replacement_sram_backend_qualification/source_checkout/sram22_256x8m8w1/sram22_256x8m8w1_tt_025C_1v80.lib
read_db /work/campaigns/iscas_sustainability_extension/memory_compiler/gate3_attempt06_replacement_sram_backend_qualification/raw/openroad/work/results/sky130hd/attempt06_e0/base/2_2_floorplan_macro.odb
read_sdc /work/campaigns/iscas_sustainability_extension/memory_compiler/gate3_attempt06_replacement_sram_backend_qualification/raw/openroad/work/results/sky130hd/attempt06_e0/base/2_1_floorplan.sdc
source /OpenROAD-flow-scripts/flow/platforms/sky130hd/setRC.tcl
[INFO ODB-0303] The initial 212 rows (589784 sites) were cut with 2 shapes for a total of 212 rows (377523 sites).
[INFO TAP-0005] Inserted 6379 tapcells.
Design area 273080 um^2 37% utilization.
write_db /work/campaigns/iscas_sustainability_extension/memory_compiler/gate3_attempt06_replacement_sram_backend_qualification/raw/openroad/work/results/sky130hd/attempt06_e0/base/2_3_floorplan_tapcell.odb
Elapsed time: 0:01.44[h:]min:sec. CPU time: user 0.73 sys 0.20 (64%). Peak memory: 128516KB.
Log                       Ext     Elapsed/s Peak Memory/MB sha1sum result [0:20)
2_3_floorplan_tapcell     .odb            1            125 7f197bc3d4ebb4ce0f96
/OpenROAD-flow-scripts/flow/scripts/flow.sh 2_4_floorplan_pdn pdn
Running pdn.tcl, stage 2_4_floorplan_pdn
read_liberty /OpenROAD-flow-scripts/flow/platforms/sky130hd/lib/sky130_fd_sc_hd__tt_025C_1v80.lib
read_liberty /work/campaigns/iscas_sustainability_extension/memory_compiler/gate3_attempt06_replacement_sram_backend_qualification/source_checkout/sram22_256x64m4w8/sram22_256x64m4w8_tt_025C_1v80.lib
read_liberty /work/campaigns/iscas_sustainability_extension/memory_compiler/gate3_attempt06_replacement_sram_backend_qualification/source_checkout/sram22_256x8m8w1/sram22_256x8m8w1_tt_025C_1v80.lib
read_db /work/campaigns/iscas_sustainability_extension/memory_compiler/gate3_attempt06_replacement_sram_backend_qualification/raw/openroad/work/results/sky130hd/attempt06_e0/base/2_3_floorplan_tapcell.odb
read_sdc /work/campaigns/iscas_sustainability_extension/memory_compiler/gate3_attempt06_replacement_sram_backend_qualification/raw/openroad/work/results/sky130hd/attempt06_e0/base/2_1_floorplan.sdc
source /OpenROAD-flow-scripts/flow/platforms/sky130hd/setRC.tcl
[WARNING PDN-1051] No instances found for grid (CORE_macro_grid_2).
[INFO PDN-0001] Inserting grid: grid
[INFO PDN-0001] Inserting grid: CORE_macro_grid_1 - u_protected_memory.u_data
[INFO PDN-0001] Inserting grid: CORE_macro_grid_1 - u_protected_memory.u_ecc
[WARNING PDN-0110] No via inserted between met2 and met4 at (158.5900, 240.2500) - (158.6200, 240.5700) on VSS
[WARNING PDN-0110] No via inserted between met2 and met4 at (199.3000, 202.8300) - (199.3700, 238.2300) on VDD
[WARNING PDN-0110] No via inserted between met2 and met4 at (212.8700, 161.3700) - (213.0200, 161.6900) on VSS
[WARNING PDN-0110] No via inserted between met2 and met4 at (212.8700, 162.7300) - (213.0200, 163.0500) on VSS
[WARNING PDN-0110] No via inserted between met2 and met4 at (212.8700, 164.0900) - (213.0200, 164.4100) on VSS
[WARNING PDN-0110] No via inserted between met2 and met4 at (212.8700, 165.4500) - (213.0200, 165.7700) on VSS
[WARNING PDN-0110] No via inserted between met2 and met4 at (212.8700, 166.8100) - (213.0200, 167.1300) on VSS
[WARNING PDN-0110] No via inserted between met2 and met4 at (212.8700, 168.1700) - (213.0200, 168.4900) on VSS
[WARNING PDN-0110] No via inserted between met2 and met4 at (212.8700, 169.5300) - (213.0200, 169.8500) on VSS
[WARNING PDN-0110] No via inserted between met2 and met4 at (212.8700, 170.8900) - (213.0200, 171.2100) on VSS
[WARNING PDN-0110] No via inserted between met2 and met4 at (212.8700, 172.2500) - (213.0200, 172.5700) on VSS
[WARNING PDN-0110] No via inserted between met2 and met4 at (212.8700, 173.6100) - (213.0200, 173.9300) on VSS
[WARNING PDN-0110] No via inserted between met2 and met4 at (212.8700, 174.9700) - (213.0200, 175.2900) on VSS
[WARNING PDN-0110] No via inserted between met2 and met4 at (212.8700, 176.3300) - (213.0200, 176.6500) on VSS
[WARNING PDN-0110] No via inserted between met2 and met4 at (212.8700, 177.6900) - (213.0200, 178.0100) on VSS
[WARNING PDN-0110] No via inserted between met2 and met4 at (212.8700, 179.0500) - (213.0200, 179.3700) on VSS
[WARNING PDN-0110] No via inserted between met2 and met4 at (212.8700, 180.4100) - (213.0200, 180.7300) on VSS
[WARNING PDN-0110] No via inserted between met2 and met4 at (212.8700, 181.7700) - (213.0200, 182.0900) on VSS
[WARNING PDN-0110] No via inserted between met2 and met4 at (212.8700, 183.1300) - (213.0200, 183.4500) on VSS
[WARNING PDN-0110] No via inserted between met2 and met4 at (226.4400, 26.5200) - (226.5400, 154.4900) on VDD
[WARNING PDN-0195] Removing 2 via(s) between met2 and met4 at (268.6050 um, 161.5300 um) for VSS
[WARNING PDN-0195] Removing 2 via(s) between met2 and met4 at (268.6050 um, 164.2500 um) for VSS
[WARNING PDN-0195] Removing 2 via(s) between met2 and met4 at (268.6050 um, 165.6100 um) for VSS
[WARNING PDN-0195] Removing 2 via(s) between met2 and met4 at (268.6050 um, 166.9700 um) for VSS
[WARNING PDN-0195] Removing 2 via(s) between met2 and met4 at (268.6050 um, 168.3300 um) for VSS
[WARNING PDN-0195] Removing 2 via(s) between met2 and met4 at (268.6050 um, 169.6900 um) for VSS
[WARNING PDN-0195] Removing 2 via(s) between met2 and met4 at (268.6050 um, 171.0500 um) for VSS
[WARNING PDN-0195] Removing 2 via(s) between met2 and met4 at (268.6050 um, 173.7700 um) for VSS
[WARNING PDN-0195] Removing 2 via(s) between met2 and met4 at (268.6050 um, 175.1300 um) for VSS
[WARNING PDN-0195] Removing 2 via(s) between met2 and met4 at (268.6050 um, 176.4900 um) for VSS
[WARNING PDN-0195] Removing 2 via(s) between met2 and met4 at (268.6050 um, 177.8500 um) for VSS
[WARNING PDN-0195] Removing 2 via(s) between met2 and met4 at (268.6050 um, 179.2100 um) for VSS
[WARNING PDN-0195] Removing 2 via(s) between met2 and met4 at (268.6050 um, 180.5700 um) for VSS
[WARNING PDN-0195] Removing 2 via(s) between met2 and met4 at (268.6050 um, 181.9300 um) for VSS
[WARNING PDN-0195] Removing 2 via(s) between met2 and met4 at (268.6050 um, 183.2900 um) for VSS
[WARNING PDN-0195] Removing 2 via(s) between met2 and met4 at (268.6050 um, 190.0900 um) for VSS
[WARNING PDN-0195] Removing 2 via(s) between met2 and met4 at (268.6050 um, 191.4500 um) for VSS
[WARNING PDN-0195] Removing 2 via(s) between met2 and met4 at (268.6050 um, 192.8100 um) for VSS
[WARNING PDN-0195] Removing 2 via(s) between met2 and met4 at (268.6050 um, 194.1700 um) for VSS
[WARNING PDN-0195] Removing 2 via(s) between met2 and met4 at (268.6050 um, 195.5300 um) for VSS
[WARNING PDN-0195] Removing 2 via(s) between met2 and met4 at (268.6050 um, 196.8900 um) for VSS
[WARNING PDN-0195] Removing 2 via(s) between met2 and met4 at (268.6050 um, 202.3300 um) for VSS
[WARNING PDN-0195] Removing 2 via(s) between met2 and met4 at (268.6050 um, 211.8500 um) for VSS
[WARNING PDN-0195] Removing 2 via(s) between met2 and met4 at (268.6050 um, 215.9300 um) for VSS
[WARNING PDN-0195] Removing 2 via(s) between met2 and met4 at (268.6050 um, 220.0100 um) for VSS
[WARNING PDN-0195] Removing 2 via(s) between met2 and met4 at (268.6050 um, 237.6900 um) for VSS
[WARNING PDN-0195] Removing 2 via(s) between met2 and met4 at (282.1900 um, 212.5300 um) for VDD
[WARNING PDN-0195] Removing 2 via(s) between met2 and met4 at (282.1900 um, 217.9700 um) for VDD
[WARNING PDN-0110] No via inserted between met2 and met4 at (78.7400, 528.9400) - (78.7700, 529.2600) on VSS
[INFO PDN-0500] Runtime: 0.96s
Design area 273080 um^2 37% utilization.
write_db /work/campaigns/iscas_sustainability_extension/memory_compiler/gate3_attempt06_replacement_sram_backend_qualification/raw/openroad/work/results/sky130hd/attempt06_e0/base/2_4_floorplan_pdn.odb
Elapsed time: 0:03.04[h:]min:sec. CPU time: user 1.98 sys 0.27 (73%). Peak memory: 153696KB.
Log                       Ext     Elapsed/s Peak Memory/MB sha1sum result [0:20)
2_4_floorplan_pdn         .odb            3            150 4b2a219ecebd66b089a7
cp /work/campaigns/iscas_sustainability_extension/memory_compiler/gate3_attempt06_replacement_sram_backend_qualification/raw/openroad/work/results/sky130hd/attempt06_e0/base/2_4_floorplan_pdn.odb /work/campaigns/iscas_sustainability_extension/memory_compiler/gate3_attempt06_replacement_sram_backend_qualification/raw/openroad/work/results/sky130hd/attempt06_e0/base/2_floorplan.odb
cp /work/campaigns/iscas_sustainability_extension/memory_compiler/gate3_attempt06_replacement_sram_backend_qualification/raw/openroad/work/results/sky130hd/attempt06_e0/base/2_1_floorplan.sdc /work/campaigns/iscas_sustainability_extension/memory_compiler/gate3_attempt06_replacement_sram_backend_qualification/raw/openroad/work/results/sky130hd/attempt06_e0/base/2_floorplan.sdc
/OpenROAD-flow-scripts/flow/scripts/flow.sh 3_1_place_gp_skip_io global_place_skip_io
Running global_place_skip_io.tcl, stage 3_1_place_gp_skip_io
read_liberty /OpenROAD-flow-scripts/flow/platforms/sky130hd/lib/sky130_fd_sc_hd__tt_025C_1v80.lib
read_liberty /work/campaigns/iscas_sustainability_extension/memory_compiler/gate3_attempt06_replacement_sram_backend_qualification/source_checkout/sram22_256x64m4w8/sram22_256x64m4w8_tt_025C_1v80.lib
read_liberty /work/campaigns/iscas_sustainability_extension/memory_compiler/gate3_attempt06_replacement_sram_backend_qualification/source_checkout/sram22_256x8m8w1/sram22_256x8m8w1_tt_025C_1v80.lib
read_db /work/campaigns/iscas_sustainability_extension/memory_compiler/gate3_attempt06_replacement_sram_backend_qualification/raw/openroad/work/results/sky130hd/attempt06_e0/base/2_floorplan.odb
read_sdc /work/campaigns/iscas_sustainability_extension/memory_compiler/gate3_attempt06_replacement_sram_backend_qualification/raw/openroad/work/results/sky130hd/attempt06_e0/base/2_floorplan.sdc
source /OpenROAD-flow-scripts/flow/platforms/sky130hd/setRC.tcl
global_placement -skip_io -density 0.35 -pad_left 0 -pad_right 0 -random_seed 1
[INFO GPL-0001] ---- Initialize GPL Main Data Structures
[INFO GPL-0002] DBU: 1000
[INFO GPL-0003] SiteSize: (  0.460  2.720 ) um
[INFO GPL-0004] CoreBBox: ( 10.120 10.880 ) ( 1289.840 587.520 ) um
[INFO GPL-0016] Core area:                  737937.741 um^2
[INFO GPL-0036] Movable instances area:       4767.072 um^2
[INFO GPL-0037] Total instances area:       275485.462 um^2
[INFO GPL-0035] Pin density area adjust:        33.528 um^2
[INFO GPL-0032] ---- Initialize Region: Top-level
[INFO GPL-0006] Number of instances:              7261
[INFO GPL-0007] Movable instances:                 547
[INFO GPL-0008] Fixed instances:                  6381
[INFO GPL-0009] Dummy instances:                   333
[INFO GPL-0010] Number of nets:                    695
[INFO GPL-0011] Number of pins:                   1969
[INFO GPL-0012] Die BBox:       (  0.000  0.000 ) ( 1300.000 600.000 ) um
[INFO GPL-0013] Placement BBox: ( 10.120 10.880 ) ( 1289.840 587.520 ) um
[INFO GPL-0014] Region name: top-level.
[INFO GPL-0015] Region area:                737937.741 um^2
[INFO GPL-0017] Fixed instances area:       281165.910 um^2
[INFO GPL-0018] Movable instances area:       4800.600 um^2
[INFO GPL-0019] Utilization:                     1.051 %
[INFO GPL-0020] Standard cells area:          4800.600 um^2
[INFO GPL-0021] Large instances area:            0.000 um^2
[INFO GPL-0005] ---- Execute Conjugate Gradient Initial Placement.
[INFO GPL-0051] Source of initial instance position counters:
	Odb location = 547	Core center = 0	Region center = 0
[INFO GPL-0033] ---- Initialize Nesterov Region: Top-level
[INFO GPL-0023] Placement target density:       0.3500
[INFO GPL-0024] Movable insts average area:      8.776 um^2
[INFO GPL-0025] Ideal bin area:                 25.075 um^2
[INFO GPL-0026] Ideal bin count:                 29429
[INFO GPL-0027] Total bin area:             737937.741 um^2
[INFO GPL-0028] Bin count (X, Y):         128 ,     64
[INFO GPL-0029] Bin size (W * H):       9.998 *  9.010 um
[INFO GPL-0030] Number of bins:                   8192
[INFO GPL-0084] ---- Execute Nesterov Global Placement.
[INFO GPL-0031] HPWL: Half-Perimeter Wirelength
Iteration | Overflow |     HPWL (um) |  HPWL(%) |   Penalty | Group
---------------------------------------------------------------
        0 |   0.7037 |  7.744653e+04 |   +0.00% |  5.10e-15 |      
       10 |   0.5198 |  4.511447e+04 |  -41.75% |  7.91e-15 |      
       20 |   0.6577 |  3.439159e+04 |  -23.77% |  1.16e-14 |      
       30 |   0.9074 |  2.864516e+04 |  -16.71% |  1.72e-14 |      
       40 |   0.9140 |  2.867957e+04 |   +0.12% |  2.53e-14 |      
       50 |   0.9072 |  2.805408e+04 |   -2.18% |  3.72e-14 |      
       60 |   0.8746 |  2.831002e+04 |   +0.91% |  5.48e-14 |      
       70 |   0.8735 |  2.823947e+04 |   -0.25% |  8.08e-14 |      
       80 |   0.9062 |  2.792841e+04 |   -1.10% |  1.19e-13 |      
       90 |   0.9091 |  2.784370e+04 |   -0.30% |  1.75e-13 |      
      100 |   0.9069 |  2.788789e+04 |   +0.16% |  2.58e-13 |      
      110 |   0.9012 |  2.804093e+04 |   +0.55% |  3.80e-13 |      
      120 |   0.8986 |  2.814630e+04 |   +0.38% |  5.60e-13 |      
      130 |   0.9010 |  2.820089e+04 |   +0.19% |  8.26e-13 |      
      140 |   0.9005 |  2.837387e+04 |   +0.61% |  1.22e-12 |      
      150 |   0.8974 |  2.875464e+04 |   +1.34% |  1.79e-12 |      
      160 |   0.8911 |  2.938243e+04 |   +2.18% |  2.64e-12 |      
      170 |   0.8792 |  3.028678e+04 |   +3.08% |  3.89e-12 |      
      180 |   0.8684 |  3.160510e+04 |   +4.35% |  5.73e-12 |      
      190 |   0.8595 |  3.342776e+04 |   +5.77% |  8.43e-12 |      
      200 |   0.8463 |  3.535217e+04 |   +5.76% |  1.24e-11 |      
      210 |   0.8394 |  3.617181e+04 |   +2.32% |  1.83e-11 |      
      220 |   0.8362 |  3.524762e+04 |   -2.55% |  2.70e-11 |      
      230 |   0.8070 |  3.486997e+04 |   -1.07% |  3.97e-11 |      
      240 |   0.7674 |  3.698996e+04 |   +6.08% |  5.85e-11 |      
      250 |   0.7227 |  3.685294e+04 |   -0.37% |  8.62e-11 |      
      260 |   0.7000 |  3.640097e+04 |   -1.23% |  1.27e-10 |      
      270 |   0.7162 |  3.536336e+04 |   -2.85% |  1.87e-10 |      
      280 |   0.6590 |  3.606253e+04 |   +1.98% |  2.75e-10 |      
      290 |   0.6104 |  3.699684e+04 |   +2.59% |  4.06e-10 |      
      300 |   0.6099 |  3.601247e+04 |   -2.66% |  5.97e-10 |      
      310 |   0.5913 |  3.584107e+04 |   -0.48% |  8.80e-10 |      
      320 |   0.5479 |  3.544058e+04 |   -1.12% |  1.30e-09 |      
      330 |   0.5152 |  3.578301e+04 |   +0.97% |  1.91e-09 |      
      340 |   0.4894 |  3.565406e+04 |   -0.36% |  2.81e-09 |      
      350 |   0.4559 |  3.559700e+04 |   -0.16% |  4.14e-09 |      
      360 |   0.4258 |  3.550047e+04 |   -0.27% |  6.10e-09 |      
      370 |   0.3948 |  3.540240e+04 |   -0.28% |  8.99e-09 |      
      380 |   0.3612 |  3.532433e+04 |   -0.22% |  1.32e-08 |      
      390 |   0.3331 |  3.530190e+04 |   -0.06% |  1.95e-08 |      
      400 |   0.2941 |  3.525221e+04 |   -0.14% |  2.87e-08 |      
      410 |   0.2577 |  3.521004e+04 |   -0.12% |  4.24e-08 |      
      420 |   0.2220 |  3.521934e+04 |   +0.03% |  6.24e-08 |      
      430 |   0.1799 |  3.395325e+04 |   -3.59% |  9.19e-08 |      
      440 |   0.1486 |  3.406116e+04 |   +0.32% |  1.35e-07 |      
      450 |   0.1241 |  3.416907e+04 |   +0.32% |  1.99e-07 |      
      460 |   0.1015 |  3.423740e+04 |   +0.20% |  2.94e-07 |      
      461 |   0.0992 |  3.423852e+04 |          |  3.17e-07 |      
---------------------------------------------------------------
[INFO GPL-1001] Global placement finished at iteration 461
[INFO GPL-1002] Placed Cell Area             4800.5996
[INFO GPL-1003] Available Free Area         456771.8304
[INFO GPL-1004] Minimum Feasible Density        0.0200 (cell_area / free_area)
[INFO GPL-1006]   Suggested Target Densities:
[INFO GPL-1007]     - For 90% usage of free space: 0.0117
[INFO GPL-1008]     - For 80% usage of free space: 0.0131
[INFO GPL-1009]     - For 50% usage of free space: 0.0210
[INFO GPL-1014] Final placement area: 4800.60 (+0.00%)
Design area 273080 um^2 37% utilization.
write_db /work/campaigns/iscas_sustainability_extension/memory_compiler/gate3_attempt06_replacement_sram_backend_qualification/raw/openroad/work/results/sky130hd/attempt06_e0/base/3_1_place_gp_skip_io.odb
Elapsed time: 0:04.67[h:]min:sec. CPU time: user 10.92 sys 0.34 (241%). Peak memory: 139592KB.
Log                       Ext     Elapsed/s Peak Memory/MB sha1sum result [0:20)
3_1_place_gp_skip_io      .odb            4            136 65986e9fbc101c5f1274
/OpenROAD-flow-scripts/flow/scripts/flow.sh 3_2_place_iop io_placement
Running io_placement.tcl, stage 3_2_place_iop
read_liberty /OpenROAD-flow-scripts/flow/platforms/sky130hd/lib/sky130_fd_sc_hd__tt_025C_1v80.lib
read_liberty /work/campaigns/iscas_sustainability_extension/memory_compiler/gate3_attempt06_replacement_sram_backend_qualification/source_checkout/sram22_256x64m4w8/sram22_256x64m4w8_tt_025C_1v80.lib
read_liberty /work/campaigns/iscas_sustainability_extension/memory_compiler/gate3_attempt06_replacement_sram_backend_qualification/source_checkout/sram22_256x8m8w1/sram22_256x8m8w1_tt_025C_1v80.lib
read_db /work/campaigns/iscas_sustainability_extension/memory_compiler/gate3_attempt06_replacement_sram_backend_qualification/raw/openroad/work/results/sky130hd/attempt06_e0/base/3_1_place_gp_skip_io.odb
read_sdc /work/campaigns/iscas_sustainability_extension/memory_compiler/gate3_attempt06_replacement_sram_backend_qualification/raw/openroad/work/results/sky130hd/attempt06_e0/base/2_floorplan.sdc
source /OpenROAD-flow-scripts/flow/platforms/sky130hd/setRC.tcl
place_pins -hor_layers met3 -ver_layers met2
Found 2 macro blocks.
Using 2 tracks default min distance between IO pins.
[INFO PPL-0001] Number of available slots 3696
[INFO PPL-0002] Number of I/O             142
[INFO PPL-0003] Number of I/O w/sink      142
[INFO PPL-0004] Number of I/O w/o sink    0
[INFO PPL-0005] Slots per section         200
[INFO PPL-0008] Successfully assigned pins to sections.
[INFO PPL-0012] I/O nets HPWL: 44864.37 um.
Design area 273080 um^2 37% utilization.
write_db /work/campaigns/iscas_sustainability_extension/memory_compiler/gate3_attempt06_replacement_sram_backend_qualification/raw/openroad/work/results/sky130hd/attempt06_e0/base/3_2_place_iop.odb
Elapsed time: 0:02.04[h:]min:sec. CPU time: user 0.84 sys 0.25 (53%). Peak memory: 137004KB.
Log                       Ext     Elapsed/s Peak Memory/MB sha1sum result [0:20)
3_2_place_iop             .odb            2            133 b0f4affc74ede4bf6e54
/OpenROAD-flow-scripts/flow/scripts/flow.sh 3_3_place_gp global_place
Running global_place.tcl, stage 3_3_place_gp
read_liberty /OpenROAD-flow-scripts/flow/platforms/sky130hd/lib/sky130_fd_sc_hd__tt_025C_1v80.lib
read_liberty /work/campaigns/iscas_sustainability_extension/memory_compiler/gate3_attempt06_replacement_sram_backend_qualification/source_checkout/sram22_256x64m4w8/sram22_256x64m4w8_tt_025C_1v80.lib
read_liberty /work/campaigns/iscas_sustainability_extension/memory_compiler/gate3_attempt06_replacement_sram_backend_qualification/source_checkout/sram22_256x8m8w1/sram22_256x8m8w1_tt_025C_1v80.lib
read_db /work/campaigns/iscas_sustainability_extension/memory_compiler/gate3_attempt06_replacement_sram_backend_qualification/raw/openroad/work/results/sky130hd/attempt06_e0/base/3_2_place_iop.odb
read_sdc /work/campaigns/iscas_sustainability_extension/memory_compiler/gate3_attempt06_replacement_sram_backend_qualification/raw/openroad/work/results/sky130hd/attempt06_e0/base/2_floorplan.sdc
source /OpenROAD-flow-scripts/flow/platforms/sky130hd/setRC.tcl
[INFO RSZ-0026] Removed 17 buffers.
Perform port buffering...
[INFO RSZ-0027] Inserted 75 sky130_fd_sc_hd__clkdlybuf4s50_1 input buffers.
[INFO RSZ-0028] Inserted 66 sky130_fd_sc_hd__clkdlybuf4s50_1 output buffers.
global_placement -density 0.35 -pad_left 0 -pad_right 0 -routability_driven -random_seed 1 -timing_driven -force_center_initial_place -min_phi_coef 0.95 -max_phi_coef 1.05
[INFO GPL-0001] ---- Initialize GPL Main Data Structures
[INFO GPL-0002] DBU: 1000
[INFO GPL-0003] SiteSize: (  0.460  2.720 ) um
[INFO GPL-0004] CoreBBox: ( 10.120 10.880 ) ( 1289.840 587.520 ) um
[INFO GPL-0016] Core area:                  737937.741 um^2
[INFO GPL-0036] Movable instances area:       6067.069 um^2
[INFO GPL-0037] Total instances area:       276785.459 um^2
[INFO GPL-0035] Pin density area adjust:       322.050 um^2
[INFO GPL-0032] ---- Initialize Region: Top-level
[INFO GPL-0006] Number of instances:              7385
[INFO GPL-0007] Movable instances:                 671
[INFO GPL-0008] Fixed instances:                  6381
[INFO GPL-0009] Dummy instances:                   333
[INFO GPL-0010] Number of nets:                    819
[INFO GPL-0011] Number of pins:                   2359
[INFO GPL-0012] Die BBox:       (  0.000  0.000 ) ( 1300.000 600.000 ) um
[INFO GPL-0013] Placement BBox: ( 10.120 10.880 ) ( 1289.840 587.520 ) um
[INFO GPL-0014] Region name: top-level.
[INFO GPL-0015] Region area:                737937.741 um^2
[INFO GPL-0017] Fixed instances area:       281165.910 um^2
[INFO GPL-0018] Movable instances area:       6389.119 um^2
[INFO GPL-0019] Utilization:                     1.399 %
[INFO GPL-0020] Standard cells area:          6389.119 um^2
[INFO GPL-0021] Large instances area:            0.000 um^2
[INFO GPL-0005] ---- Execute Conjugate Gradient Initial Placement.
[INFO GPL-0051] Source of initial instance position counters:
	Odb location = 0	Core center = 671	Region center = 0
[InitialPlace]  Iter: 1 conjugate gradient residual: 0.00002757 HPWL: 218228109
[InitialPlace]  Iter: 2 conjugate gradient residual: 0.00000011 HPWL: 224420946
[InitialPlace]  Iter: 3 conjugate gradient residual: 0.00000011 HPWL: 218742372
[InitialPlace]  Iter: 4 conjugate gradient residual: 0.00000010 HPWL: 215693680
[InitialPlace]  Iter: 5 conjugate gradient residual: 0.00000006 HPWL: 213475987
[INFO GPL-0033] ---- Initialize Nesterov Region: Top-level
[INFO GPL-0023] Placement target density:       0.3500
[INFO GPL-0024] Movable insts average area:      9.522 um^2
[INFO GPL-0025] Ideal bin area:                 27.205 um^2
[INFO GPL-0026] Ideal bin count:                 27124
[INFO GPL-0027] Total bin area:             737937.741 um^2
[INFO GPL-0028] Bin count (X, Y):         128 ,     64
[INFO GPL-0029] Bin size (W * H):       9.998 *  9.010 um
[INFO GPL-0030] Number of bins:                   8192
[INFO GPL-0084] ---- Execute Nesterov Global Placement.
[INFO GPL-0031] HPWL: Half-Perimeter Wirelength
Iteration | Overflow |     HPWL (um) |  HPWL(%) |   Penalty | Group
---------------------------------------------------------------
        0 |   0.7895 |  6.742410e+04 |   +0.00% |  3.87e-15 |      
[INFO GPL-0100] Timing-driven iteration 1/2, virtual: false.
[INFO GPL-0101]    Iter: 2, overflow: 0.584, keep resizer changes at: 1, HPWL: 72971849
Iteration |   Area    | Resized | Buffers | Nets repaired | Remaining
---------------------------------------------------------------------
        0 |     +0.0% |       0 |       0 |             0 |       835
    final |     +0.5% |      59 |     229 |           169 |         0
---------------------------------------------------------------------
[INFO RSZ-0034] Found 172 slew violations.
[INFO RSZ-0039] Resized 59 instances.
[INFO RSZ-0038] Inserted 229 buffers in 169 nets.
   Iter   |    Area   | Removed | Inserted |   Pins
          |           | Buffers | Buffers  | Remaining
-------------------------------------------------------
        0 |     +0.0% |       0 |        0 |       727
       72 |     +0.0% |       2 |        7 |       655
      144 |     -0.0% |       7 |        9 |       583
      216 |     -0.0% |       9 |        9 |       511
      288 |     -0.0% |      13 |       14 |       439
      360 |     +0.0% |      25 |       35 |       367
      432 |     +0.0% |      26 |       35 |       295
      504 |     +0.0% |      26 |       36 |       223
[WARNING RSZ-2005] cannot find a viable buffering solution on pin u_protected_memory.u_ecc/dout[7] after 1 rounds of buffering (no solution meets design rules)
[WARNING RSZ-2005] cannot find a viable buffering solution on pin u_protected_memory.u_ecc/dout[6] after 1 rounds of buffering (no solution meets design rules)
[WARNING RSZ-2005] cannot find a viable buffering solution on pin u_protected_memory.u_ecc/dout[5] after 1 rounds of buffering (no solution meets design rules)
[WARNING RSZ-2005] cannot find a viable buffering solution on pin u_protected_memory.u_ecc/dout[4] after 1 rounds of buffering (no solution meets design rules)
[WARNING RSZ-2005] cannot find a viable buffering solution on pin u_protected_memory.u_ecc/dout[3] after 1 rounds of buffering (no solution meets design rules)
[WARNING RSZ-2005] cannot find a viable buffering solution on pin u_protected_memory.u_ecc/dout[2] after 1 rounds of buffering (no solution meets design rules)
[WARNING RSZ-2005] cannot find a viable buffering solution on pin u_protected_memory.u_ecc/dout[1] after 1 rounds of buffering (no solution meets design rules)
[WARNING RSZ-2005] cannot find a viable buffering solution on pin u_protected_memory.u_ecc/dout[0] after 1 rounds of buffering (no solution meets design rules)
[WARNING RSZ-2005] cannot find a viable buffering solution on pin u_protected_memory.u_data/dout[9] after 1 rounds of buffering (no solution meets design rules)
[WARNING RSZ-2005] cannot find a viable buffering solution on pin u_protected_memory.u_data/dout[8] after 1 rounds of buffering (no solution meets design rules)
[WARNING RSZ-2005] cannot find a viable buffering solution on pin u_protected_memory.u_data/dout[7] after 1 rounds of buffering (no solution meets design rules)
[WARNING RSZ-2005] cannot find a viable buffering solution on pin u_protected_memory.u_data/dout[6] after 1 rounds of buffering (no solution meets design rules)
[WARNING RSZ-2005] cannot find a viable buffering solution on pin u_protected_memory.u_data/dout[63] after 1 rounds of buffering (no solution meets design rules)
[WARNING RSZ-2005] cannot find a viable buffering solution on pin u_protected_memory.u_data/dout[62] after 1 rounds of buffering (no solution meets design rules)
[WARNING RSZ-2005] cannot find a viable buffering solution on pin u_protected_memory.u_data/dout[61] after 1 rounds of buffering (no solution meets design rules)
[WARNING RSZ-2005] cannot find a viable buffering solution on pin u_protected_memory.u_data/dout[60] after 1 rounds of buffering (no solution meets design rules)
[WARNING RSZ-2005] cannot find a viable buffering solution on pin u_protected_memory.u_data/dout[5] after 1 rounds of buffering (no solution meets design rules)
[WARNING RSZ-2005] cannot find a viable buffering solution on pin u_protected_memory.u_data/dout[59] after 1 rounds of buffering (no solution meets design rules)
[WARNING RSZ-2005] cannot find a viable buffering solution on pin u_protected_memory.u_data/dout[58] after 1 rounds of buffering (no solution meets design rules)
[WARNING RSZ-2005] cannot find a viable buffering solution on pin u_protected_memory.u_data/dout[57] after 1 rounds of buffering (no solution meets design rules)
[WARNING RSZ-2005] cannot find a viable buffering solution on pin u_protected_memory.u_data/dout[56] after 1 rounds of buffering (no solution meets design rules)
[WARNING RSZ-2005] cannot find a viable buffering solution on pin u_protected_memory.u_data/dout[55] after 1 rounds of buffering (no solution meets design rules)
[WARNING RSZ-2005] cannot find a viable buffering solution on pin u_protected_memory.u_data/dout[54] after 1 rounds of buffering (no solution meets design rules)
[WARNING RSZ-2005] cannot find a viable buffering solution on pin u_protected_memory.u_data/dout[53] after 1 rounds of buffering (no solution meets design rules)
[WARNING RSZ-2005] cannot find a viable buffering solution on pin u_protected_memory.u_data/dout[52] after 1 rounds of buffering (no solution meets design rules)
[WARNING RSZ-2005] cannot find a viable buffering solution on pin u_protected_memory.u_data/dout[51] after 1 rounds of buffering (no solution meets design rules)
[WARNING RSZ-2005] cannot find a viable buffering solution on pin u_protected_memory.u_data/dout[50] after 1 rounds of buffering (no solution meets design rules)
[WARNING RSZ-2005] cannot find a viable buffering solution on pin u_protected_memory.u_data/dout[4] after 1 rounds of buffering (no solution meets design rules)
[WARNING RSZ-2005] cannot find a viable buffering solution on pin u_protected_memory.u_data/dout[49] after 1 rounds of buffering (no solution meets design rules)
[WARNING RSZ-2005] cannot find a viable buffering solution on pin u_protected_memory.u_data/dout[48] after 1 rounds of buffering (no solution meets design rules)
[WARNING RSZ-2005] cannot find a viable buffering solution on pin u_protected_memory.u_data/dout[47] after 1 rounds of buffering (no solution meets design rules)
[WARNING RSZ-2005] cannot find a viable buffering solution on pin u_protected_memory.u_data/dout[46] after 1 rounds of buffering (no solution meets design rules)
[WARNING RSZ-2005] cannot find a viable buffering solution on pin u_protected_memory.u_data/dout[45] after 1 rounds of buffering (no solution meets design rules)
[WARNING RSZ-2005] cannot find a viable buffering solution on pin u_protected_memory.u_data/dout[44] after 1 rounds of buffering (no solution meets design rules)
[WARNING RSZ-2005] cannot find a viable buffering solution on pin u_protected_memory.u_data/dout[43] after 1 rounds of buffering (no solution meets design rules)
[WARNING RSZ-2005] cannot find a viable buffering solution on pin u_protected_memory.u_data/dout[42] after 1 rounds of buffering (no solution meets design rules)
[WARNING RSZ-2005] cannot find a viable buffering solution on pin u_protected_memory.u_data/dout[41] after 1 rounds of buffering (no solution meets design rules)
[WARNING RSZ-2005] cannot find a viable buffering solution on pin u_protected_memory.u_data/dout[40] after 1 rounds of buffering (no solution meets design rules)
[WARNING RSZ-2005] cannot find a viable buffering solution on pin u_protected_memory.u_data/dout[3] after 1 rounds of buffering (no solution meets design rules)
[WARNING RSZ-2005] cannot find a viable buffering solution on pin u_protected_memory.u_data/dout[39] after 1 rounds of buffering (no solution meets design rules)
[WARNING RSZ-2005] cannot find a viable buffering solution on pin u_protected_memory.u_data/dout[38] after 1 rounds of buffering (no solution meets design rules)
[WARNING RSZ-2005] cannot find a viable buffering solution on pin u_protected_memory.u_data/dout[37] after 1 rounds of buffering (no solution meets design rules)
[WARNING RSZ-2005] cannot find a viable buffering solution on pin u_protected_memory.u_data/dout[36] after 1 rounds of buffering (no solution meets design rules)
[WARNING RSZ-2005] cannot find a viable buffering solution on pin u_protected_memory.u_data/dout[35] after 1 rounds of buffering (no solution meets design rules)
[WARNING RSZ-2005] cannot find a viable buffering solution on pin u_protected_memory.u_data/dout[34] after 1 rounds of buffering (no solution meets design rules)
[WARNING RSZ-2005] cannot find a viable buffering solution on pin u_protected_memory.u_data/dout[33] after 1 rounds of buffering (no solution meets design rules)
[WARNING RSZ-2005] cannot find a viable buffering solution on pin u_protected_memory.u_data/dout[32] after 1 rounds of buffering (no solution meets design rules)
[WARNING RSZ-2005] cannot find a viable buffering solution on pin u_protected_memory.u_data/dout[31] after 1 rounds of buffering (no solution meets design rules)
[WARNING RSZ-2005] cannot find a viable buffering solution on pin u_protected_memory.u_data/dout[30] after 1 rounds of buffering (no solution meets design rules)
[WARNING RSZ-2005] cannot find a viable buffering solution on pin u_protected_memory.u_data/dout[2] after 1 rounds of buffering (no solution meets design rules)
[WARNING RSZ-2005] cannot find a viable buffering solution on pin u_protected_memory.u_data/dout[29] after 1 rounds of buffering (no solution meets design rules)
[WARNING RSZ-2005] cannot find a viable buffering solution on pin u_protected_memory.u_data/dout[28] after 1 rounds of buffering (no solution meets design rules)
      576 |     +0.0% |      26 |       36 |       151
[WARNING RSZ-2005] cannot find a viable buffering solution on pin u_protected_memory.u_data/dout[27] after 1 rounds of buffering (no solution meets design rules)
[WARNING RSZ-2005] cannot find a viable buffering solution on pin u_protected_memory.u_data/dout[26] after 1 rounds of buffering (no solution meets design rules)
[WARNING RSZ-2005] cannot find a viable buffering solution on pin u_protected_memory.u_data/dout[25] after 1 rounds of buffering (no solution meets design rules)
[WARNING RSZ-2005] cannot find a viable buffering solution on pin u_protected_memory.u_data/dout[24] after 1 rounds of buffering (no solution meets design rules)
[WARNING RSZ-2005] cannot find a viable buffering solution on pin u_protected_memory.u_data/dout[23] after 1 rounds of buffering (no solution meets design rules)
[WARNING RSZ-2005] cannot find a viable buffering solution on pin u_protected_memory.u_data/dout[22] after 1 rounds of buffering (no solution meets design rules)
[WARNING RSZ-2005] cannot find a viable buffering solution on pin u_protected_memory.u_data/dout[21] after 1 rounds of buffering (no solution meets design rules)
[WARNING RSZ-2005] cannot find a viable buffering solution on pin u_protected_memory.u_data/dout[20] after 1 rounds of buffering (no solution meets design rules)
[WARNING RSZ-2005] cannot find a viable buffering solution on pin u_protected_memory.u_data/dout[1] after 1 rounds of buffering (no solution meets design rules)
[WARNING RSZ-2005] cannot find a viable buffering solution on pin u_protected_memory.u_data/dout[19] after 1 rounds of buffering (no solution meets design rules)
[WARNING RSZ-2005] cannot find a viable buffering solution on pin u_protected_memory.u_data/dout[18] after 1 rounds of buffering (no solution meets design rules)
[WARNING RSZ-2005] cannot find a viable buffering solution on pin u_protected_memory.u_data/dout[17] after 1 rounds of buffering (no solution meets design rules)
[WARNING RSZ-2005] cannot find a viable buffering solution on pin u_protected_memory.u_data/dout[16] after 1 rounds of buffering (no solution meets design rules)
[WARNING RSZ-2005] cannot find a viable buffering solution on pin u_protected_memory.u_data/dout[15] after 1 rounds of buffering (no solution meets design rules)
[WARNING RSZ-2005] cannot find a viable buffering solution on pin u_protected_memory.u_data/dout[14] after 1 rounds of buffering (no solution meets design rules)
[WARNING RSZ-2005] cannot find a viable buffering solution on pin u_protected_memory.u_data/dout[13] after 1 rounds of buffering (no solution meets design rules)
[WARNING RSZ-2005] cannot find a viable buffering solution on pin u_protected_memory.u_data/dout[12] after 1 rounds of buffering (no solution meets design rules)
[WARNING RSZ-2005] cannot find a viable buffering solution on pin u_protected_memory.u_data/dout[11] after 1 rounds of buffering (no solution meets design rules)
[WARNING RSZ-2005] cannot find a viable buffering solution on pin u_protected_memory.u_data/dout[10] after 1 rounds of buffering (no solution meets design rules)
[WARNING RSZ-2005] cannot find a viable buffering solution on pin u_protected_memory.u_data/dout[0] after 1 rounds of buffering (no solution meets design rules)
      648 |     +0.0% |      26 |       38 |        79
[WARNING RSZ-2009] Skipping buffering because no valid buffering solution satisfying the design rules can be found for net connected to pin input90/X.
[WARNING RSZ-2005] cannot find a viable buffering solution on pin input90/X after 1 rounds of buffering (no solution meets design rules)
      720 |     -0.0% |     106 |      106 |         7
    final |     -0.0% |     113 |      113 |         0
-------------------------------------------------------
[INFO GPL-0106] Timing-driven: worst slack 1.5155717e-09
[INFO GPL-0107] Timing-driven: repair_design delta area: 1449.803 um^2 (+22.69%)
[INFO GPL-0108] Timing-driven: repair_design, gpl delta gcells: 229 (+34.13%)
[INFO GPL-0109] Timing-driven: repair_design, gcells created: 342, deleted: 113
[INFO GPL-0110] Timing-driven: new target density: 0.35317403
[INFO GPL-0038] Routability snapshot saved at iter = 2
        1 |   0.5845 |  7.382701e+04 |          |           |      
Iteration | Overflow |     HPWL (um) |  HPWL(%) |   Penalty | Group
---------------------------------------------------------------
       10 |   0.3959 |  7.271542e+04 |   +7.85% |  6.29e-15 |      
       20 |   0.3894 |  6.891737e+04 |   -5.22% |  1.03e-14 |      
       30 |   0.3710 |  6.855851e+04 |   -0.52% |  1.67e-14 |      
       40 |   0.3548 |  6.831615e+04 |   -0.35% |  2.72e-14 |      
       50 |   0.3560 |  6.812278e+04 |   -0.28% |  4.43e-14 |      
       60 |   0.3681 |  6.834065e+04 |   +0.32% |  7.22e-14 |      
       70 |   0.3772 |  6.873142e+04 |   +0.57% |  1.18e-13 |      
       80 |   0.3531 |  6.864594e+04 |   -0.12% |  1.91e-13 |      
       90 |   0.3599 |  6.842393e+04 |   -0.32% |  3.12e-13 |      
      100 |   0.3651 |  6.869813e+04 |   +0.40% |  5.08e-13 |      
      110 |   0.3574 |  6.859198e+04 |   -0.15% |  8.28e-13 |      
      120 |   0.3638 |  6.855644e+04 |   -0.05% |  1.35e-12 |      
      130 |   0.3624 |  6.863095e+04 |   +0.11% |  2.20e-12 |      
      140 |   0.3657 |  6.861336e+04 |   -0.03% |  3.58e-12 |      
      150 |   0.3677 |  6.870043e+04 |   +0.13% |  5.83e-12 |      
      160 |   0.3662 |  6.866769e+04 |   -0.05% |  9.49e-12 |      
      170 |   0.3666 |  6.871612e+04 |   +0.07% |  1.55e-11 |      
      180 |   0.3616 |  6.880723e+04 |   +0.13% |  2.52e-11 |      
      190 |   0.3618 |  6.904204e+04 |   +0.34% |  4.10e-11 |      
      200 |   0.3616 |  6.977808e+04 |   +1.07% |  6.68e-11 |      
      210 |   0.3419 |  7.163916e+04 |   +2.67% |  1.02e-10 |      
      220 |   0.3203 |  7.456207e+04 |   +4.08% |  1.51e-10 |      
[INFO GPL-0040] Routability iteration: 1
[INFO GPL-0041] Total routing overflow: 5.8362
[INFO GPL-0042] Number of overflowed tiles: 26 (0.16%)
[INFO GPL-0043] Average top 0.5% routing congestion: 1.0207
[INFO GPL-0044] Average top 1.0% routing congestion: 0.9650
[INFO GPL-0045] Average top 2.0% routing congestion: 0.9182
[INFO GPL-0046] Average top 5.0% routing congestion: 0.8716
[INFO GPL-0047] Routability iteration weighted routing congestion: 0.9928
[INFO GPL-0050] Weighted routing congestion is lower than target routing congestion(1.0100), end routability optimization.
[INFO GPL-0090] Routability finished. Target routing congestion achieved succesfully.
Iteration | Overflow |     HPWL (um) |  HPWL(%) |   Penalty | Group
---------------------------------------------------------------
      230 |   0.2638 |  7.959400e+04 |   +6.75% |  2.22e-10 |      
      240 |   0.2564 |  9.071029e+04 |  +13.97% |  3.27e-10 |      
      250 |   0.2734 |  9.710977e+04 |   +7.05% |  4.81e-10 |      
      260 |   0.3498 |  8.374938e+04 |  -13.76% |  7.08e-10 |      
      270 |   0.3102 |  8.872557e+04 |   +5.94% |  1.04e-09 |      
      280 |   0.2936 |  8.789915e+04 |   -0.93% |  1.53e-09 |      
      290 |   0.2802 |  8.505373e+04 |   -3.24% |  2.26e-09 |      
      300 |   0.2579 |  8.390224e+04 |   -1.35% |  3.33e-09 |      
      310 |   0.2894 |  7.711619e+04 |   -8.09% |  4.90e-09 |      
      320 |   0.2736 |  7.603761e+04 |   -1.40% |  7.22e-09 |      
      330 |   0.2635 |  7.512015e+04 |   -1.21% |  1.06e-08 |      
      340 |   0.2605 |  7.436328e+04 |   -1.01% |  1.57e-08 |      
      350 |   0.2326 |  7.340789e+04 |   -1.28% |  2.31e-08 |      
      360 |   0.2149 |  7.220081e+04 |   -1.64% |  3.40e-08 |      
      370 |   0.1976 |  7.206022e+04 |   -0.19% |  5.00e-08 |      
[INFO GPL-0100] Timing-driven iteration 2/2, virtual: false.
[INFO GPL-0101]    Iter: 372, overflow: 0.189, keep resizer changes at: 1, HPWL: 71729593
Iteration |   Area    | Resized | Buffers | Nets repaired | Remaining
---------------------------------------------------------------------
        0 |     +0.0% |       0 |       0 |             0 |      1064
    final |     +0.4% |      42 |     104 |           118 |         0
---------------------------------------------------------------------
[INFO RSZ-0034] Found 118 slew violations.
[INFO RSZ-0039] Resized 42 instances.
[INFO RSZ-0038] Inserted 104 buffers in 118 nets.
   Iter   |    Area   | Removed | Inserted |   Pins
          |           | Buffers | Buffers  | Remaining
-------------------------------------------------------
        0 |     +0.0% |       0 |        0 |       727
       72 |     +0.0% |       2 |        8 |       655
      144 |     +0.1% |       3 |       22 |       583
      216 |     +0.1% |       5 |       33 |       511
      288 |     +0.1% |      10 |       43 |       439
      360 |     +0.1% |      34 |       72 |       367
      432 |     +0.1% |      34 |       73 |       295
      504 |     +0.1% |      35 |       75 |       223
[WARNING RSZ-2005] cannot find a viable buffering solution on pin u_protected_memory.u_ecc/dout[7] after 1 rounds of buffering (no solution meets design rules)
[WARNING RSZ-2005] cannot find a viable buffering solution on pin u_protected_memory.u_ecc/dout[6] after 1 rounds of buffering (no solution meets design rules)
[WARNING RSZ-2005] cannot find a viable buffering solution on pin u_protected_memory.u_ecc/dout[5] after 1 rounds of buffering (no solution meets design rules)
[WARNING RSZ-2005] cannot find a viable buffering solution on pin u_protected_memory.u_ecc/dout[4] after 1 rounds of buffering (no solution meets design rules)
[WARNING RSZ-2005] cannot find a viable buffering solution on pin u_protected_memory.u_ecc/dout[3] after 1 rounds of buffering (no solution meets design rules)
[WARNING RSZ-2005] cannot find a viable buffering solution on pin u_protected_memory.u_ecc/dout[2] after 1 rounds of buffering (no solution meets design rules)
[WARNING RSZ-2005] cannot find a viable buffering solution on pin u_protected_memory.u_ecc/dout[1] after 1 rounds of buffering (no solution meets design rules)
[WARNING RSZ-2005] cannot find a viable buffering solution on pin u_protected_memory.u_ecc/dout[0] after 1 rounds of buffering (no solution meets design rules)
[WARNING RSZ-2005] cannot find a viable buffering solution on pin u_protected_memory.u_data/dout[9] after 1 rounds of buffering (no solution meets design rules)
[WARNING RSZ-2005] cannot find a viable buffering solution on pin u_protected_memory.u_data/dout[8] after 1 rounds of buffering (no solution meets design rules)
[WARNING RSZ-2005] cannot find a viable buffering solution on pin u_protected_memory.u_data/dout[7] after 1 rounds of buffering (no solution meets design rules)
[WARNING RSZ-2005] cannot find a viable buffering solution on pin u_protected_memory.u_data/dout[6] after 1 rounds of buffering (no solution meets design rules)
[WARNING RSZ-2005] cannot find a viable buffering solution on pin u_protected_memory.u_data/dout[63] after 1 rounds of buffering (no solution meets design rules)
[WARNING RSZ-2005] cannot find a viable buffering solution on pin u_protected_memory.u_data/dout[62] after 1 rounds of buffering (no solution meets design rules)
[WARNING RSZ-2005] cannot find a viable buffering solution on pin u_protected_memory.u_data/dout[61] after 1 rounds of buffering (no solution meets design rules)
[WARNING RSZ-2005] cannot find a viable buffering solution on pin u_protected_memory.u_data/dout[60] after 1 rounds of buffering (no solution meets design rules)
[WARNING RSZ-2005] cannot find a viable buffering solution on pin u_protected_memory.u_data/dout[5] after 1 rounds of buffering (no solution meets design rules)
[WARNING RSZ-2005] cannot find a viable buffering solution on pin u_protected_memory.u_data/dout[59] after 1 rounds of buffering (no solution meets design rules)
[WARNING RSZ-2005] cannot find a viable buffering solution on pin u_protected_memory.u_data/dout[58] after 1 rounds of buffering (no solution meets design rules)
[WARNING RSZ-2005] cannot find a viable buffering solution on pin u_protected_memory.u_data/dout[57] after 1 rounds of buffering (no solution meets design rules)
[WARNING RSZ-2005] cannot find a viable buffering solution on pin u_protected_memory.u_data/dout[56] after 1 rounds of buffering (no solution meets design rules)
[WARNING RSZ-2005] cannot find a viable buffering solution on pin u_protected_memory.u_data/dout[55] after 1 rounds of buffering (no solution meets design rules)
[WARNING RSZ-2005] cannot find a viable buffering solution on pin u_protected_memory.u_data/dout[54] after 1 rounds of buffering (no solution meets design rules)
[WARNING RSZ-2005] cannot find a viable buffering solution on pin u_protected_memory.u_data/dout[53] after 1 rounds of buffering (no solution meets design rules)
[WARNING RSZ-2005] cannot find a viable buffering solution on pin u_protected_memory.u_data/dout[52] after 1 rounds of buffering (no solution meets design rules)
[WARNING RSZ-2005] cannot find a viable buffering solution on pin u_protected_memory.u_data/dout[51] after 1 rounds of buffering (no solution meets design rules)
[WARNING RSZ-2005] cannot find a viable buffering solution on pin u_protected_memory.u_data/dout[50] after 1 rounds of buffering (no solution meets design rules)
[WARNING RSZ-2005] cannot find a viable buffering solution on pin u_protected_memory.u_data/dout[4] after 1 rounds of buffering (no solution meets design rules)
[WARNING RSZ-2005] cannot find a viable buffering solution on pin u_protected_memory.u_data/dout[49] after 1 rounds of buffering (no solution meets design rules)
[WARNING RSZ-2005] cannot find a viable buffering solution on pin u_protected_memory.u_data/dout[48] after 1 rounds of buffering (no solution meets design rules)
[WARNING RSZ-2005] cannot find a viable buffering solution on pin u_protected_memory.u_data/dout[47] after 1 rounds of buffering (no solution meets design rules)
[WARNING RSZ-2005] cannot find a viable buffering solution on pin u_protected_memory.u_data/dout[46] after 1 rounds of buffering (no solution meets design rules)
[WARNING RSZ-2005] cannot find a viable buffering solution on pin u_protected_memory.u_data/dout[45] after 1 rounds of buffering (no solution meets design rules)
[WARNING RSZ-2005] cannot find a viable buffering solution on pin u_protected_memory.u_data/dout[44] after 1 rounds of buffering (no solution meets design rules)
[WARNING RSZ-2005] cannot find a viable buffering solution on pin u_protected_memory.u_data/dout[43] after 1 rounds of buffering (no solution meets design rules)
[WARNING RSZ-2005] cannot find a viable buffering solution on pin u_protected_memory.u_data/dout[42] after 1 rounds of buffering (no solution meets design rules)
[WARNING RSZ-2005] cannot find a viable buffering solution on pin u_protected_memory.u_data/dout[41] after 1 rounds of buffering (no solution meets design rules)
[WARNING RSZ-2005] cannot find a viable buffering solution on pin u_protected_memory.u_data/dout[40] after 1 rounds of buffering (no solution meets design rules)
[WARNING RSZ-2005] cannot find a viable buffering solution on pin u_protected_memory.u_data/dout[3] after 1 rounds of buffering (no solution meets design rules)
[WARNING RSZ-2005] cannot find a viable buffering solution on pin u_protected_memory.u_data/dout[39] after 1 rounds of buffering (no solution meets design rules)
[WARNING RSZ-2005] cannot find a viable buffering solution on pin u_protected_memory.u_data/dout[38] after 1 rounds of buffering (no solution meets design rules)
[WARNING RSZ-2005] cannot find a viable buffering solution on pin u_protected_memory.u_data/dout[37] after 1 rounds of buffering (no solution meets design rules)
[WARNING RSZ-2005] cannot find a viable buffering solution on pin u_protected_memory.u_data/dout[36] after 1 rounds of buffering (no solution meets design rules)
[WARNING RSZ-2005] cannot find a viable buffering solution on pin u_protected_memory.u_data/dout[35] after 1 rounds of buffering (no solution meets design rules)
[WARNING RSZ-2005] cannot find a viable buffering solution on pin u_protected_memory.u_data/dout[34] after 1 rounds of buffering (no solution meets design rules)
[WARNING RSZ-2005] cannot find a viable buffering solution on pin u_protected_memory.u_data/dout[33] after 1 rounds of buffering (no solution meets design rules)
[WARNING RSZ-2005] cannot find a viable buffering solution on pin u_protected_memory.u_data/dout[32] after 1 rounds of buffering (no solution meets design rules)
[WARNING RSZ-2005] cannot find a viable buffering solution on pin u_protected_memory.u_data/dout[31] after 1 rounds of buffering (no solution meets design rules)
[WARNING RSZ-2005] cannot find a viable buffering solution on pin u_protected_memory.u_data/dout[30] after 1 rounds of buffering (no solution meets design rules)
[WARNING RSZ-2005] cannot find a viable buffering solution on pin u_protected_memory.u_data/dout[2] after 1 rounds of buffering (no solution meets design rules)
[WARNING RSZ-2005] cannot find a viable buffering solution on pin u_protected_memory.u_data/dout[29] after 1 rounds of buffering (no solution meets design rules)
[WARNING RSZ-2005] cannot find a viable buffering solution on pin u_protected_memory.u_data/dout[28] after 1 rounds of buffering (no solution meets design rules)
      576 |     +0.1% |      35 |       75 |       151
[WARNING RSZ-2005] cannot find a viable buffering solution on pin u_protected_memory.u_data/dout[27] after 1 rounds of buffering (no solution meets design rules)
[WARNING RSZ-2005] cannot find a viable buffering solution on pin u_protected_memory.u_data/dout[26] after 1 rounds of buffering (no solution meets design rules)
[WARNING RSZ-2005] cannot find a viable buffering solution on pin u_protected_memory.u_data/dout[25] after 1 rounds of buffering (no solution meets design rules)
[WARNING RSZ-2005] cannot find a viable buffering solution on pin u_protected_memory.u_data/dout[24] after 1 rounds of buffering (no solution meets design rules)
[WARNING RSZ-2005] cannot find a viable buffering solution on pin u_protected_memory.u_data/dout[23] after 1 rounds of buffering (no solution meets design rules)
[WARNING RSZ-2005] cannot find a viable buffering solution on pin u_protected_memory.u_data/dout[22] after 1 rounds of buffering (no solution meets design rules)
[WARNING RSZ-2005] cannot find a viable buffering solution on pin u_protected_memory.u_data/dout[21] after 1 rounds of buffering (no solution meets design rules)
[WARNING RSZ-2005] cannot find a viable buffering solution on pin u_protected_memory.u_data/dout[20] after 1 rounds of buffering (no solution meets design rules)
[WARNING RSZ-2005] cannot find a viable buffering solution on pin u_protected_memory.u_data/dout[1] after 1 rounds of buffering (no solution meets design rules)
[WARNING RSZ-2005] cannot find a viable buffering solution on pin u_protected_memory.u_data/dout[19] after 1 rounds of buffering (no solution meets design rules)
[WARNING RSZ-2005] cannot find a viable buffering solution on pin u_protected_memory.u_data/dout[18] after 1 rounds of buffering (no solution meets design rules)
[WARNING RSZ-2005] cannot find a viable buffering solution on pin u_protected_memory.u_data/dout[17] after 1 rounds of buffering (no solution meets design rules)
[WARNING RSZ-2005] cannot find a viable buffering solution on pin u_protected_memory.u_data/dout[16] after 1 rounds of buffering (no solution meets design rules)
[WARNING RSZ-2005] cannot find a viable buffering solution on pin u_protected_memory.u_data/dout[15] after 1 rounds of buffering (no solution meets design rules)
[WARNING RSZ-2005] cannot find a viable buffering solution on pin u_protected_memory.u_data/dout[14] after 1 rounds of buffering (no solution meets design rules)
[WARNING RSZ-2005] cannot find a viable buffering solution on pin u_protected_memory.u_data/dout[13] after 1 rounds of buffering (no solution meets design rules)
[WARNING RSZ-2005] cannot find a viable buffering solution on pin u_protected_memory.u_data/dout[12] after 1 rounds of buffering (no solution meets design rules)
[WARNING RSZ-2005] cannot find a viable buffering solution on pin u_protected_memory.u_data/dout[11] after 1 rounds of buffering (no solution meets design rules)
[WARNING RSZ-2005] cannot find a viable buffering solution on pin u_protected_memory.u_data/dout[10] after 1 rounds of buffering (no solution meets design rules)
[WARNING RSZ-2005] cannot find a viable buffering solution on pin u_protected_memory.u_data/dout[0] after 1 rounds of buffering (no solution meets design rules)
      648 |     +0.1% |      37 |       75 |        79
[WARNING RSZ-2009] Skipping buffering because no valid buffering solution satisfying the design rules can be found for net connected to pin input90/X.
[WARNING RSZ-2005] cannot find a viable buffering solution on pin input90/X after 1 rounds of buffering (no solution meets design rules)
      720 |     +0.1% |     105 |      144 |         7
    final |     +0.1% |     112 |      151 |         0
-------------------------------------------------------
[INFO GPL-0106] Timing-driven: worst slack 9.252772e-10
[INFO GPL-0107] Timing-driven: repair_design delta area: 1260.526 um^2 (+16.08%)
[INFO GPL-0108] Timing-driven: repair_design, gpl delta gcells: 143 (+15.89%)
[INFO GPL-0109] Timing-driven: repair_design, gcells created: 255, deleted: 112
[INFO GPL-0110] Timing-driven: new target density: 0.35593364
Iteration | Overflow |     HPWL (um) |  HPWL(%) |   Penalty | Group
---------------------------------------------------------------
      380 |   0.1551 |  7.335329e+04 |   +1.79% |  7.37e-08 |      
      390 |   0.1318 |  7.242511e+04 |   -1.27% |  1.09e-07 |      
      400 |   0.1079 |  7.160111e+04 |   -1.14% |  1.60e-07 |      
      404 |   0.0981 |  7.166899e+04 |          |  1.94e-07 |      
---------------------------------------------------------------
[INFO GPL-1001] Global placement finished at iteration 404
[INFO GPL-1017] Routability mode iteration count: 234
[INFO GPL-1005] Routability final weighted congestion: 0.9303
[INFO GPL-1002] Placed Cell Area             9099.4482
[INFO GPL-1003] Available Free Area         456771.8304
[INFO GPL-1004] Minimum Feasible Density        0.0200 (cell_area / free_area)
[INFO GPL-1006]   Suggested Target Densities:
[INFO GPL-1007]     - For 90% usage of free space: 0.0221
[INFO GPL-1008]     - For 80% usage of free space: 0.0249
[INFO GPL-1009]     - For 50% usage of free space: 0.0398
[INFO GPL-1011] Original area (um^2): 6389.12
[INFO GPL-1012] Total routability artificial inflation: 0.00 (+0.00%)
[INFO GPL-1013] Total timing-driven delta area: 2710.33 (+42.42%)
[INFO GPL-1014] Final placement area: 9099.45 (+42.42%)
estimate_parasitics -placement
Report metrics stage 3, global place...

==========================================================================
global place report_design_area
--------------------------------------------------------------------------
Design area 277115 um^2 38% utilization.
write_db /work/campaigns/iscas_sustainability_extension/memory_compiler/gate3_attempt06_replacement_sram_backend_qualification/raw/openroad/work/results/sky130hd/attempt06_e0/base/3_3_place_gp.odb
Elapsed time: 0:07.14[h:]min:sec. CPU time: user 11.68 sys 0.86 (175%). Peak memory: 296776KB.
Log                       Ext     Elapsed/s Peak Memory/MB sha1sum result [0:20)
3_3_place_gp              .odb            7            289 78b097e54c55bd1cbeb4
/OpenROAD-flow-scripts/flow/scripts/flow.sh 3_4_place_resized resize
Running resize.tcl, stage 3_4_place_resized
read_liberty /OpenROAD-flow-scripts/flow/platforms/sky130hd/lib/sky130_fd_sc_hd__tt_025C_1v80.lib
read_liberty /work/campaigns/iscas_sustainability_extension/memory_compiler/gate3_attempt06_replacement_sram_backend_qualification/source_checkout/sram22_256x64m4w8/sram22_256x64m4w8_tt_025C_1v80.lib
read_liberty /work/campaigns/iscas_sustainability_extension/memory_compiler/gate3_attempt06_replacement_sram_backend_qualification/source_checkout/sram22_256x8m8w1/sram22_256x8m8w1_tt_025C_1v80.lib
read_db /work/campaigns/iscas_sustainability_extension/memory_compiler/gate3_attempt06_replacement_sram_backend_qualification/raw/openroad/work/results/sky130hd/attempt06_e0/base/3_3_place_gp.odb
read_sdc /work/campaigns/iscas_sustainability_extension/memory_compiler/gate3_attempt06_replacement_sram_backend_qualification/raw/openroad/work/results/sky130hd/attempt06_e0/base/2_floorplan.sdc
source /OpenROAD-flow-scripts/flow/platforms/sky130hd/setRC.tcl
source /work/campaigns/iscas_sustainability_extension/memory_compiler/gate3_attempt06_replacement_sram_backend_qualification/openroad/pre_resize_sram22.tcl
estimate_parasitics -placement
Perform buffer insertion and gate resizing...
repair_design -verbose -match_cell_footprint
Iteration |   Area    | Resized | Buffers | Nets repaired | Remaining
---------------------------------------------------------------------
        0 |     +0.0% |       0 |       0 |             0 |      1207
       10 |     +0.0% |       0 |       0 |             0 |      1197
       20 |     +0.0% |       0 |       0 |             0 |      1187
       30 |     +0.0% |       0 |       0 |             0 |      1177
       40 |     +0.0% |       0 |       0 |             0 |      1167
       50 |     +0.0% |       0 |       0 |             0 |      1157
       60 |     +0.0% |       0 |       0 |             0 |      1147
       70 |     +0.0% |       0 |       0 |             0 |      1137
       80 |     +0.0% |       0 |       0 |             0 |      1127
       90 |     +0.0% |       0 |       0 |             0 |      1117
      100 |     +0.0% |       0 |       0 |             0 |      1107
      110 |     +0.0% |       0 |       0 |             0 |      1097
      120 |     +0.0% |       0 |       0 |             0 |      1087
      130 |     +0.0% |       0 |       0 |             0 |      1077
      140 |     +0.0% |       0 |       0 |             0 |      1067
      150 |     +0.0% |       0 |       0 |             0 |      1057
      160 |     +0.0% |       0 |       0 |             0 |      1047
      170 |     +0.0% |       0 |       0 |             0 |      1037
      180 |     +0.0% |       0 |       0 |             0 |      1027
      190 |     +0.0% |       0 |       0 |             0 |      1017
      200 |     +0.0% |       0 |       0 |             0 |      1007
      210 |     +0.0% |       0 |       0 |             0 |       997
      220 |     +0.0% |       0 |       0 |             0 |       987
      230 |     +0.0% |       0 |       0 |             0 |       977
      240 |     +0.0% |       0 |       0 |             0 |       967
      250 |     +0.0% |       0 |       0 |             0 |       957
      260 |     +0.0% |       0 |       0 |             0 |       947
      270 |     +0.0% |       0 |       0 |             0 |       937
      280 |     +0.0% |       0 |       0 |             0 |       927
      290 |     +0.0% |       0 |       0 |             0 |       917
      300 |     +0.0% |       0 |       0 |             0 |       907
      310 |     +0.0% |       0 |       0 |             0 |       897
      320 |     +0.0% |       0 |       0 |             0 |       887
      330 |     +0.0% |       0 |       0 |             0 |       877
      340 |     +0.0% |       0 |       0 |             0 |       867
      350 |     +0.0% |       0 |       0 |             0 |       857
      360 |     +0.0% |       0 |       0 |             0 |       847
      370 |     +0.0% |       0 |       0 |             0 |       837
      380 |     +0.0% |       0 |       0 |             0 |       827
      390 |     +0.0% |       0 |       0 |             0 |       817
      400 |     +0.0% |       0 |       0 |             0 |       807
      410 |     +0.0% |       0 |       0 |             0 |       797
      420 |     +0.0% |       0 |       0 |             0 |       787
      430 |     +0.0% |       0 |       0 |             0 |       777
      440 |     +0.0% |       0 |       0 |             0 |       767
      450 |     +0.0% |       0 |       0 |             0 |       757
      460 |     +0.0% |       0 |       0 |             0 |       747
      470 |     +0.0% |       0 |       0 |             0 |       737
      480 |     +0.0% |       0 |       0 |             0 |       727
      490 |     +0.0% |       0 |       0 |             0 |       717
      500 |     +0.0% |       0 |       0 |             0 |       707
      510 |     +0.0% |       0 |       0 |             0 |       697
      520 |     +0.0% |       0 |       0 |             0 |       687
      530 |     +0.0% |       0 |       0 |             0 |       677
      540 |     +0.0% |       0 |       0 |             0 |       667
      550 |     +0.0% |       0 |       0 |             0 |       657
      560 |     +0.0% |       0 |       0 |             0 |       647
      570 |     +0.0% |       0 |       0 |             0 |       637
      580 |     +0.0% |       0 |       0 |             0 |       627
      590 |     +0.0% |       0 |       0 |             0 |       617
      600 |     +0.0% |       0 |       0 |             0 |       607
      610 |     +0.0% |       0 |       2 |             2 |       597
      620 |     +0.0% |       0 |       2 |             2 |       587
      630 |     +0.0% |       0 |       2 |             2 |       577
      640 |     +0.0% |       0 |       2 |             2 |       567
      650 |     +0.0% |       0 |       2 |             2 |       557
      660 |     +0.0% |       0 |       2 |             2 |       547
      670 |     +0.0% |       0 |       2 |             2 |       537
      680 |     +0.0% |       0 |       2 |             2 |       527
      690 |     +0.0% |       0 |       2 |             2 |       517
      700 |     +0.0% |       0 |       2 |             2 |       507
      710 |     +0.0% |       0 |       2 |             2 |       497
      720 |     +0.0% |       0 |       2 |             2 |       487
      730 |     +0.0% |       0 |       2 |             2 |       477
      740 |     +0.0% |       0 |       2 |             2 |       467
      750 |     +0.0% |       0 |       2 |             2 |       457
      760 |     +0.0% |       0 |       2 |             2 |       447
      770 |     +0.0% |       0 |       2 |             2 |       437
      780 |     +0.0% |       0 |       2 |             2 |       427
      790 |     +0.0% |       0 |       2 |             2 |       417
      800 |     +0.0% |       0 |       2 |             2 |       407
      810 |     +0.0% |       0 |       2 |             2 |       397
      820 |     +0.0% |       0 |       2 |             2 |       387
      830 |     +0.0% |       0 |       2 |             2 |       377
      840 |     +0.0% |       0 |       2 |             2 |       367
      850 |     +0.0% |       0 |       2 |             2 |       357
      860 |     +0.0% |       0 |       2 |             2 |       347
      870 |     +0.0% |       0 |       2 |             2 |       337
      880 |     +0.0% |       0 |       2 |             2 |       327
      890 |     +0.0% |       0 |       2 |             2 |       317
      900 |     +0.0% |       0 |       2 |             2 |       307
      910 |     +0.0% |       0 |       2 |             2 |       297
      920 |     +0.0% |       0 |       2 |             2 |       287
      930 |     +0.0% |       0 |       2 |             2 |       277
      940 |     +0.0% |       0 |       2 |             2 |       267
      950 |     +0.0% |       0 |       2 |             2 |       257
      960 |     +0.0% |       0 |       2 |             9 |       247
      970 |     +0.1% |       0 |      12 |            19 |       237
      980 |     +0.1% |       0 |      22 |            29 |       227
      990 |     +0.1% |       0 |      33 |            39 |       217
     1000 |     +0.1% |       0 |      43 |            49 |       207
     1010 |     +0.2% |       0 |      53 |            59 |       197
     1020 |     +0.2% |       0 |      64 |            69 |       187
     1030 |     +0.2% |       0 |      70 |            74 |       177
     1040 |     +0.2% |       0 |      70 |            74 |       167
     1050 |     +0.2% |       0 |      70 |            74 |       157
     1060 |     +0.2% |       0 |      70 |            74 |       147
     1070 |     +0.2% |       0 |      70 |            74 |       137
     1080 |     +0.2% |       0 |      70 |            74 |       127
     1090 |     +0.2% |       0 |      70 |            74 |       117
     1100 |     +0.2% |       0 |      70 |            74 |       107
     1110 |     +0.2% |       0 |      70 |            74 |        97
     1120 |     +0.2% |       0 |      70 |            74 |        87
     1130 |     +0.2% |       0 |      70 |            74 |        77
     1140 |     +0.2% |       0 |      70 |            74 |        67
     1150 |     +0.2% |       0 |      70 |            74 |        57
     1160 |     +0.2% |       0 |      70 |            74 |        47
     1170 |     +0.2% |       0 |      70 |            74 |        37
     1180 |     +0.2% |       0 |      70 |            74 |        27
     1190 |     +0.2% |       0 |      70 |            74 |        17
     1200 |     +0.2% |       0 |      70 |            74 |         7
    final |     +0.2% |       0 |      70 |            74 |         0
---------------------------------------------------------------------
[INFO RSZ-0034] Found 74 slew violations.
[INFO RSZ-0038] Inserted 70 buffers in 74 nets.
[INFO RSZ-0504] Runtime: 0.31s
Floating nets: 
Report metrics stage 3, resizer...

==========================================================================
resizer report_design_area
--------------------------------------------------------------------------
Design area 277742 um^2 38% utilization.
Instance count before 7424, after 7494
Pin count before 2977, after 3117
write_db /work/campaigns/iscas_sustainability_extension/memory_compiler/gate3_attempt06_replacement_sram_backend_qualification/raw/openroad/work/results/sky130hd/attempt06_e0/base/3_4_place_resized.odb
Elapsed time: 0:06.35[h:]min:sec. CPU time: user 1.66 sys 0.66 (36%). Peak memory: 153256KB.
Log                       Ext     Elapsed/s Peak Memory/MB sha1sum result [0:20)
3_4_place_resized         .odb            6            149 c1ec85c90f4d1947ce64
/OpenROAD-flow-scripts/flow/scripts/flow.sh 3_5_place_dp detail_place
Running detail_place.tcl, stage 3_5_place_dp
read_liberty /OpenROAD-flow-scripts/flow/platforms/sky130hd/lib/sky130_fd_sc_hd__tt_025C_1v80.lib
read_liberty /work/campaigns/iscas_sustainability_extension/memory_compiler/gate3_attempt06_replacement_sram_backend_qualification/source_checkout/sram22_256x64m4w8/sram22_256x64m4w8_tt_025C_1v80.lib
read_liberty /work/campaigns/iscas_sustainability_extension/memory_compiler/gate3_attempt06_replacement_sram_backend_qualification/source_checkout/sram22_256x8m8w1/sram22_256x8m8w1_tt_025C_1v80.lib
read_db /work/campaigns/iscas_sustainability_extension/memory_compiler/gate3_attempt06_replacement_sram_backend_qualification/raw/openroad/work/results/sky130hd/attempt06_e0/base/3_4_place_resized.odb
read_sdc /work/campaigns/iscas_sustainability_extension/memory_compiler/gate3_attempt06_replacement_sram_backend_qualification/raw/openroad/work/results/sky130hd/attempt06_e0/base/2_floorplan.sdc
source /OpenROAD-flow-scripts/flow/platforms/sky130hd/setRC.tcl
detailed_placement
[INFO DPL-0006] Core area: 737937.74 um^2
[INFO DPL-0007] Movable instances area: 9429.04 um^2
[INFO DPL-0008] Fixed instances area within core: 268307.74 um^2
[INFO DPL-0009] Utilization: 37.6%
[INFO DPL-0005] Diamond search max displacement: +/- 500 sites horizontally, +/- 100 rows vertically.
[INFO DPL-1102] Legalizing using negotiation legalizer.
[INFO DPL-1103] Negotiation base search window: +/-20 sites horizontally, +/-5 rows vertically 
	Automatic search window extension enabled.
	Search window extendable up to the max displacement cap of +/-500 sites, +/-100 rows near walls.
[INFO DPL-1104] NegotiationLegalizer DRC penalty: 5.
[INFO DPL-0392] Negotiation cell height distribution (3 unique row-count(s)):
[INFO DPL-0393]   height 1 row(s): 7492 cells
[INFO DPL-0393]   height 83 row(s): 1 cells
[INFO DPL-0393]   height 108 row(s): 1 cells
          |      Total |  Illegal |  Illegal
Iteration | Violations |    Cells |    Sites
---------------------------------------------
        0 |          0 |         0 |         0
Negotiation phase 1 converged at iteration 0.
[INFO DPL-0500] Runtime: 0.08s
Placement Analysis
---------------------------------
total displacement       3021.2 u
average displacement        0.4 u
max displacement           16.5 u
original HPWL           71854.9 u
legalized HPWL          72915.1 u
delta HPWL                    1 %

improve_placement -max_displacement "5 1"
Detailed placement improvement.
[INFO DPL-0401] Setting random seed to 1.
[INFO DPL-0402] Setting maximum displacement 5 1 to 13600 2720 units.
[INFO DPL-0320] Collected 6714 fixed cells.
[INFO DPL-0318] Collected 1113 single height cells.
[INFO DPL-0321] Collected 0 wide cells.
[INFO DPL-0322] Image (10120, 10880) - (1289840, 587520)
[INFO DPL-0310] Assigned 1113 cells into segments.  Movement in X-direction is 0.000000, movement in Y-direction is 0.000000.
[INFO DPL-0313] Found 0 cells in wrong regions.
[INFO DPL-0315] Found 0 row alignment problems.
[INFO DPL-0314] Found 0 site alignment problems.
[INFO DPL-0311] Found 0 overlaps between adjacent cells.
[INFO DPL-0312] Found 0 edge spacing violations and 0 padding violations.
[INFO DPL-0303] Running algorithm for independent set matching.
[INFO DPL-0300] Set matching objective is wirelength.
[INFO DPL-0301] Pass   1 of matching; objective is 5.767742e+07.
[INFO DPL-0302] End of matching; objective is 5.757854e+07, improvement is 0.17 percent.
[INFO DPL-0303] Running algorithm for global swaps.
[INFO DPL-0306] Pass   1 of global swaps; hpwl is 5.564462e+07.
[INFO DPL-0306] Pass   2 of global swaps; hpwl is 5.527808e+07.
[INFO DPL-0307] End of global swaps; objective is 5.527808e+07, improvement is 4.00 percent.
[INFO DPL-0303] Running algorithm for vertical swaps.
[INFO DPL-0308] Pass   1 of vertical swaps; hpwl is 5.497037e+07.
[INFO DPL-0309] End of vertical swaps; objective is 5.497037e+07, improvement is 0.56 percent.
[INFO DPL-0303] Running algorithm for reordering.
[INFO DPL-0304] Pass   1 of reordering; objective is 5.490987e+07.
[INFO DPL-0305] End of reordering; objective is 5.490987e+07, improvement is 0.11 percent.
[INFO DPL-0303] Running algorithm for random improvement.
[INFO DPL-0324] Random improver is using random generator.
[INFO DPL-0325] Random improver is using hpwl objective.
[INFO DPL-0326] Random improver cost string is (a).
[INFO DPL-0332] End of pass, Generator random called 22260 times.
[INFO DPL-0335] Generator random, Cumulative attempts 22260, swaps 1537, moves  8860 since last reset.
[INFO DPL-0333] End of pass, Objective hpwl, Initial cost 5.490987e+07, Scratch cost 5.404434e+07, Incremental cost 5.404434e+07, Mismatch? N
[INFO DPL-0338] End of pass, Total cost is 5.404434e+07.
[INFO DPL-0327] Pass   1 of random improver; improvement in cost is 1.58 percent.
[INFO DPL-0332] End of pass, Generator random called 22260 times.
[INFO DPL-0335] Generator random, Cumulative attempts 44520, swaps 3079, moves 17565 since last reset.
[INFO DPL-0333] End of pass, Objective hpwl, Initial cost 5.404434e+07, Scratch cost 5.374077e+07, Incremental cost 5.374077e+07, Mismatch? N
[INFO DPL-0338] End of pass, Total cost is 5.374077e+07.
[INFO DPL-0327] Pass   2 of random improver; improvement in cost is 0.56 percent.
[INFO DPL-0328] End of random improver; improvement is 2.129131 percent.
[INFO DPL-0380] Cell flipping.
[INFO DPL-0382] Changed 0 cell orientations for row compatibility.
[INFO DPL-0383] Performed 407 cell flips.
[INFO DPL-0384] End of flipping; objective is 5.287719e+07, improvement is 1.61 percent.
[INFO DPL-0313] Found 0 cells in wrong regions.
[INFO DPL-0315] Found 0 row alignment problems.
[INFO DPL-0314] Found 0 site alignment problems.
[INFO DPL-0311] Found 0 overlaps between adjacent cells.
[INFO DPL-0312] Found 0 edge spacing violations and 0 padding violations.
Detailed Improvement Results
------------------------------------------
Original HPWL            72915.1 u (   27244.8,    45670.3)
Final HPWL               69422.8 u (   24981.0,    44441.7)
Delta HPWL                  -4.8 % (      -8.3,       -2.7)

optimize_mirroring
[INFO DPL-0020] Mirrored 63 instances
[INFO DPL-0021] HPWL before           69422.8 u
[INFO DPL-0022] HPWL after            69376.9 u
[INFO DPL-0023] HPWL delta               -0.1 %
[INFO FLW-0012] Placement violations .
estimate_parasitics -placement
Report metrics stage 3, detailed place...

==========================================================================
detailed place report_design_area
--------------------------------------------------------------------------
Design area 277742 um^2 38% utilization.
write_db /work/campaigns/iscas_sustainability_extension/memory_compiler/gate3_attempt06_replacement_sram_backend_qualification/raw/openroad/work/results/sky130hd/attempt06_e0/base/3_5_place_dp.odb
write_sdc -no_timestamp /work/campaigns/iscas_sustainability_extension/memory_compiler/gate3_attempt06_replacement_sram_backend_qualification/raw/openroad/work/results/sky130hd/attempt06_e0/base/3_place.sdc
Elapsed time: 0:06.31[h:]min:sec. CPU time: user 1.84 sys 0.53 (37%). Peak memory: 173704KB.
Log                       Ext     Elapsed/s Peak Memory/MB sha1sum result [0:20)
3_5_place_dp              .odb            6            169 c1ba51b1356b232ac795
cp /work/campaigns/iscas_sustainability_extension/memory_compiler/gate3_attempt06_replacement_sram_backend_qualification/raw/openroad/work/results/sky130hd/attempt06_e0/base/3_5_place_dp.odb /work/campaigns/iscas_sustainability_extension/memory_compiler/gate3_attempt06_replacement_sram_backend_qualification/raw/openroad/work/results/sky130hd/attempt06_e0/base/3_place.odb
/OpenROAD-flow-scripts/flow/scripts/flow.sh 4_1_cts cts
Running cts.tcl, stage 4_1_cts
read_liberty /OpenROAD-flow-scripts/flow/platforms/sky130hd/lib/sky130_fd_sc_hd__tt_025C_1v80.lib
read_liberty /work/campaigns/iscas_sustainability_extension/memory_compiler/gate3_attempt06_replacement_sram_backend_qualification/source_checkout/sram22_256x64m4w8/sram22_256x64m4w8_tt_025C_1v80.lib
read_liberty /work/campaigns/iscas_sustainability_extension/memory_compiler/gate3_attempt06_replacement_sram_backend_qualification/source_checkout/sram22_256x8m8w1/sram22_256x8m8w1_tt_025C_1v80.lib
read_db /work/campaigns/iscas_sustainability_extension/memory_compiler/gate3_attempt06_replacement_sram_backend_qualification/raw/openroad/work/results/sky130hd/attempt06_e0/base/3_place.odb
read_sdc /work/campaigns/iscas_sustainability_extension/memory_compiler/gate3_attempt06_replacement_sram_backend_qualification/raw/openroad/work/results/sky130hd/attempt06_e0/base/3_place.sdc
source /OpenROAD-flow-scripts/flow/platforms/sky130hd/setRC.tcl
clock_tree_synthesis -sink_clustering_enable -repair_clock_nets
[INFO CTS-0050] Root buffer is sky130_fd_sc_hd__clkbuf_16.
[INFO CTS-0051] Sink buffer is sky130_fd_sc_hd__clkbuf_16.
[INFO CTS-0052] The following clock buffers will be used for CTS:
                    sky130_fd_sc_hd__clkbuf_16
[INFO CTS-0049] Characterization buffer is sky130_fd_sc_hd__clkbuf_16.
[INFO CTS-0007] Net "clk" found for clock "core_clk".
[INFO CTS-0010]  Clock net "clk" has 2 sinks.
[INFO CTS-0008] TritonCTS found 1 clock nets.
[INFO CTS-0097] Characterization used 1 buffer(s) types.
[INFO CTS-0201] 2 blockages from hard placement blockages and placed macros will be used.
[INFO CTS-0027] Generating H-Tree topology for net clk.
[INFO CTS-0028]  Total number of sinks: 2.
[INFO CTS-0090]  Sinks will be clustered based on buffer max cap.
[INFO CTS-0030]  Number of static layers: 0.
[INFO CTS-0020]  Wire segment unit: 13600  dbu (13 um).
[INFO CTS-0023]  Original sink region: [(133980, 302770), (269980, 362020)].
[INFO CTS-0024]  Normalized sink region: [(9.85147, 22.2625), (19.8515, 26.6191)].
[INFO CTS-0025]     Width:  10.0000.
[INFO CTS-0026]     Height: 4.3566.
 Level 1
    Direction: Horizontal
    Sinks per sub-region: 1
    Sub-region size: 5.0000 X 4.3566
[INFO CTS-0034]     Segment length (rounded): 2.
[INFO CTS-0038]  Stop criterion found. Sink region hpwl is smaller than max wirelength (1911.535 um) and max number of sinks is 15.
[INFO CTS-0035]  Number of sinks covered: 2.
[INFO CTS-0018]     Created 3 clock buffers.
[INFO CTS-0012]     Minimum number of buffers in the clock path: 2.
[INFO CTS-0013]     Maximum number of buffers in the clock path: 2.
[INFO CTS-0015]     Created 3 clock nets.
[INFO CTS-0016]     Fanout distribution for the current clock = 1:2..
[INFO CTS-0017]     Max level of the clock tree: 1.
[INFO CTS-0098] Clock net "clk"
[INFO CTS-0099]  Sinks 3
[INFO CTS-0100]  Leaf buffers 0
[INFO CTS-0101]  Average sink wire length 293.06 um
[INFO CTS-0102]  Path depth 2 - 2
[INFO CTS-0207]  Dummy loads inserted 1
[INFO CTS-0500] Runtime: 1.70s
estimate_parasitics -placement
detailed_placement
[INFO DPL-0006] Core area: 737937.74 um^2
[INFO DPL-0007] Movable instances area: 9534.14 um^2
[INFO DPL-0008] Fixed instances area within core: 268307.74 um^2
[INFO DPL-0009] Utilization: 37.7%
[INFO DPL-0005] Diamond search max displacement: +/- 500 sites horizontally, +/- 100 rows vertically.
[INFO DPL-1102] Legalizing using negotiation legalizer.
[INFO DPL-1103] Negotiation base search window: +/-20 sites horizontally, +/-5 rows vertically 
	Automatic search window extension enabled.
	Search window extendable up to the max displacement cap of +/-500 sites, +/-100 rows near walls.
[INFO DPL-1104] NegotiationLegalizer DRC penalty: 5.
[INFO DPL-0392] Negotiation cell height distribution (3 unique row-count(s)):
[INFO DPL-0393]   height 1 row(s): 7496 cells
[INFO DPL-0393]   height 83 row(s): 1 cells
[INFO DPL-0393]   height 108 row(s): 1 cells
          |      Total |  Illegal |  Illegal
Iteration | Violations |    Cells |    Sites
---------------------------------------------
        0 |          0 |         0 |         0
Negotiation phase 1 converged at iteration 0.
[INFO DPL-0500] Runtime: 0.05s
Placement Analysis
---------------------------------
total displacement       1211.7 u
average displacement        0.2 u
max displacement            9.2 u
original HPWL           69460.5 u
legalized HPWL          70386.7 u
delta HPWL                    1 %

estimate_parasitics -placement
repair_timing -setup_margin 0 -hold_margin 0 -repair_tns 100 -skip_gate_cloning -match_cell_footprint -verbose
[INFO RSZ-0100] Repair move sequence: UnbufferMove SizeUpMove SwapPinsMove BufferMove SplitLoadMove 
[INFO RSZ-0098] No setup violations found
[INFO RSZ-0505] Runtime: 0.20s
[INFO RSZ-0046] Found 4 endpoints with hold violations.
Iteration | Resized | Buffers | Cloned Gates |   Area   |   WNS   |   TNS   | Endpoint
--------------------------------------------------------------------------------------
        0 |       0 |       0 |            0 |    +0.0% |  -4.448 |  -8.835 | u_protected_memory.u_data/rstb
    final |       2 |      14 |            0 |    +0.1% |   0.029 |   0.000 | u_protected_memory.u_data/din[63]
--------------------------------------------------------------------------------------
[INFO RSZ-0132] Resized 2 instances.
[INFO RSZ-0032] Inserted 14 hold buffers.
[INFO RSZ-0506] Runtime: 0.04s
detailed_placement
[INFO DPL-0006] Core area: 737937.74 um^2
[INFO DPL-0007] Movable instances area: 9709.31 um^2
[INFO DPL-0008] Fixed instances area within core: 268307.74 um^2
[INFO DPL-0009] Utilization: 37.7%
[INFO DPL-0005] Diamond search max displacement: +/- 500 sites horizontally, +/- 100 rows vertically.
[INFO DPL-1102] Legalizing using negotiation legalizer.
[INFO DPL-1103] Negotiation base search window: +/-20 sites horizontally, +/-5 rows vertically 
	Automatic search window extension enabled.
	Search window extendable up to the max displacement cap of +/-500 sites, +/-100 rows near walls.
[INFO DPL-1104] NegotiationLegalizer DRC penalty: 5.
[INFO DPL-0392] Negotiation cell height distribution (3 unique row-count(s)):
[INFO DPL-0393]   height 1 row(s): 7510 cells
[INFO DPL-0393]   height 83 row(s): 1 cells
[INFO DPL-0393]   height 108 row(s): 1 cells
          |      Total |  Illegal |  Illegal
Iteration | Violations |    Cells |    Sites
---------------------------------------------
        0 |          0 |         0 |         0
Negotiation phase 1 converged at iteration 0.
[INFO DPL-0500] Runtime: 0.05s
Placement Analysis
---------------------------------
total displacement         52.4 u
average displacement        0.0 u
max displacement            9.3 u
original HPWL           70405.4 u
legalized HPWL          70423.4 u
delta HPWL                    0 %

Report metrics stage 4, cts final...

==========================================================================
cts final report_design_area
--------------------------------------------------------------------------
Design area 278022 um^2 38% utilization.
write_db /work/campaigns/iscas_sustainability_extension/memory_compiler/gate3_attempt06_replacement_sram_backend_qualification/raw/openroad/work/results/sky130hd/attempt06_e0/base/4_1_cts.odb
write_sdc -no_timestamp /work/campaigns/iscas_sustainability_extension/memory_compiler/gate3_attempt06_replacement_sram_backend_qualification/raw/openroad/work/results/sky130hd/attempt06_e0/base/4_cts.sdc
Elapsed time: 0:07.92[h:]min:sec. CPU time: user 3.26 sys 0.80 (51%). Peak memory: 189060KB.
Log                       Ext     Elapsed/s Peak Memory/MB sha1sum result [0:20)
4_1_cts                   .odb            7            184 24f524573b02eeb13af6
cp /work/campaigns/iscas_sustainability_extension/memory_compiler/gate3_attempt06_replacement_sram_backend_qualification/raw/openroad/work/results/sky130hd/attempt06_e0/base/4_1_cts.odb /work/campaigns/iscas_sustainability_extension/memory_compiler/gate3_attempt06_replacement_sram_backend_qualification/raw/openroad/work/results/sky130hd/attempt06_e0/base/4_cts.odb
/OpenROAD-flow-scripts/flow/scripts/flow.sh 5_1_grt global_route
Running global_route.tcl, stage 5_1_grt
read_liberty /OpenROAD-flow-scripts/flow/platforms/sky130hd/lib/sky130_fd_sc_hd__tt_025C_1v80.lib
read_liberty /work/campaigns/iscas_sustainability_extension/memory_compiler/gate3_attempt06_replacement_sram_backend_qualification/source_checkout/sram22_256x64m4w8/sram22_256x64m4w8_tt_025C_1v80.lib
read_liberty /work/campaigns/iscas_sustainability_extension/memory_compiler/gate3_attempt06_replacement_sram_backend_qualification/source_checkout/sram22_256x8m8w1/sram22_256x8m8w1_tt_025C_1v80.lib
read_db /work/campaigns/iscas_sustainability_extension/memory_compiler/gate3_attempt06_replacement_sram_backend_qualification/raw/openroad/work/results/sky130hd/attempt06_e0/base/4_cts.odb
read_sdc /work/campaigns/iscas_sustainability_extension/memory_compiler/gate3_attempt06_replacement_sram_backend_qualification/raw/openroad/work/results/sky130hd/attempt06_e0/base/4_cts.sdc
source /OpenROAD-flow-scripts/flow/platforms/sky130hd/setRC.tcl
pin_access
[INFO DRT-0149] Reading tech and libs.
[WARNING DRT-0349] LEF58_ENCLOSURE with no CUTCLASS is not supported. Skipping for layer mcon
[WARNING DRT-0349] LEF58_ENCLOSURE with no CUTCLASS is not supported. Skipping for layer mcon
[WARNING DRT-0349] LEF58_ENCLOSURE with no CUTCLASS is not supported. Skipping for layer via
[WARNING DRT-0349] LEF58_ENCLOSURE with no CUTCLASS is not supported. Skipping for layer via
[WARNING DRT-0349] LEF58_ENCLOSURE with no CUTCLASS is not supported. Skipping for layer via2
[WARNING DRT-0349] LEF58_ENCLOSURE with no CUTCLASS is not supported. Skipping for layer via2
[WARNING DRT-0349] LEF58_ENCLOSURE with no CUTCLASS is not supported. Skipping for layer via3
[WARNING DRT-0349] LEF58_ENCLOSURE with no CUTCLASS is not supported. Skipping for layer via3
[WARNING DRT-0349] LEF58_ENCLOSURE with no CUTCLASS is not supported. Skipping for layer via4
[WARNING DRT-0349] LEF58_ENCLOSURE with no CUTCLASS is not supported. Skipping for layer via4

Units:                1000
Number of layers:     13
Number of macros:     443
Number of vias:       159
Number of viarulegen: 25

[INFO DRT-0150] Reading design.

Design:                   e0_sram22_top
Die area:                 ( 0 0 ) ( 1300000 600000 )
Number of track patterns: 12
Number of DEF vias:       0
Number of components:     7512
Number of terminals:      144
Number of snets:          2
Number of nets:           1278

[WARNING DRT-0419] No routing tracks pass through the center of Term u_protected_memory.u_data/dout[0]
[WARNING DRT-0419] No routing tracks pass through the center of Term u_protected_memory.u_data/dout[1]
[WARNING DRT-0419] No routing tracks pass through the center of Term u_protected_memory.u_data/dout[2]
[WARNING DRT-0419] No routing tracks pass through the center of Term u_protected_memory.u_data/dout[3]
[WARNING DRT-0419] No routing tracks pass through the center of Term u_protected_memory.u_data/dout[4]
[WARNING DRT-0419] No routing tracks pass through the center of Term u_protected_memory.u_data/dout[5]
[WARNING DRT-0419] No routing tracks pass through the center of Term u_protected_memory.u_data/dout[6]
[WARNING DRT-0418] Term u_protected_memory.u_data/dout[7] has no pins on routing grid
[WARNING DRT-0418] Term u_protected_memory.u_data/dout[8] has no pins on routing grid
[WARNING DRT-0418] Term u_protected_memory.u_data/dout[9] has no pins on routing grid
[WARNING DRT-0418] Term u_protected_memory.u_data/dout[10] has no pins on routing grid
[WARNING DRT-0418] Term u_protected_memory.u_data/dout[11] has no pins on routing grid
[WARNING DRT-0418] Term u_protected_memory.u_data/dout[12] has no pins on routing grid
[WARNING DRT-0418] Term u_protected_memory.u_data/dout[13] has no pins on routing grid
[WARNING DRT-0418] Term u_protected_memory.u_data/dout[14] has no pins on routing grid
[WARNING DRT-0418] Term u_protected_memory.u_data/dout[15] has no pins on routing grid
[WARNING DRT-0419] No routing tracks pass through the center of Term u_protected_memory.u_data/dout[16]
[WARNING DRT-0419] No routing tracks pass through the center of Term u_protected_memory.u_data/dout[17]
[WARNING DRT-0419] No routing tracks pass through the center of Term u_protected_memory.u_data/dout[18]
[WARNING DRT-0419] No routing tracks pass through the center of Term u_protected_memory.u_data/dout[19]
[WARNING DRT-0419] No routing tracks pass through the center of Term u_protected_memory.u_data/dout[20]
[WARNING DRT-0419] No routing tracks pass through the center of Term u_protected_memory.u_data/dout[21]
[WARNING DRT-0419] No routing tracks pass through the center of Term u_protected_memory.u_data/dout[22]
[WARNING DRT-0419] No routing tracks pass through the center of Term u_protected_memory.u_data/dout[23]
[WARNING DRT-0418] Term u_protected_memory.u_data/dout[24] has no pins on routing grid
[WARNING DRT-0418] Term u_protected_memory.u_data/dout[25] has no pins on routing grid
[WARNING DRT-0418] Term u_protected_memory.u_data/dout[26] has no pins on routing grid
[WARNING DRT-0418] Term u_protected_memory.u_data/dout[27] has no pins on routing grid
[WARNING DRT-0418] Term u_protected_memory.u_data/dout[28] has no pins on routing grid
[WARNING DRT-0418] Term u_protected_memory.u_data/dout[29] has no pins on routing grid
[WARNING DRT-0418] Term u_protected_memory.u_data/dout[30] has no pins on routing grid
[WARNING DRT-0418] Term u_protected_memory.u_data/dout[31] has no pins on routing grid
[WARNING DRT-0418] Term u_protected_memory.u_data/dout[32] has no pins on routing grid
[WARNING DRT-0419] No routing tracks pass through the center of Term u_protected_memory.u_data/dout[33]
[WARNING DRT-0419] No routing tracks pass through the center of Term u_protected_memory.u_data/dout[34]
[WARNING DRT-0419] No routing tracks pass through the center of Term u_protected_memory.u_data/dout[35]
[WARNING DRT-0419] No routing tracks pass through the center of Term u_protected_memory.u_data/dout[36]
[WARNING DRT-0419] No routing tracks pass through the center of Term u_protected_memory.u_data/dout[37]
[WARNING DRT-0419] No routing tracks pass through the center of Term u_protected_memory.u_data/dout[38]
[WARNING DRT-0419] No routing tracks pass through the center of Term u_protected_memory.u_data/dout[39]
[WARNING DRT-0419] No routing tracks pass through the center of Term u_protected_memory.u_data/dout[40]
[WARNING DRT-0418] Term u_protected_memory.u_data/dout[41] has no pins on routing grid
[WARNING DRT-0418] Term u_protected_memory.u_data/dout[42] has no pins on routing grid
[WARNING DRT-0418] Term u_protected_memory.u_data/dout[43] has no pins on routing grid
[WARNING DRT-0418] Term u_protected_memory.u_data/dout[44] has no pins on routing grid
[WARNING DRT-0418] Term u_protected_memory.u_data/dout[45] has no pins on routing grid
[WARNING DRT-0418] Term u_protected_memory.u_data/dout[46] has no pins on routing grid
[WARNING DRT-0418] Term u_protected_memory.u_data/dout[47] has no pins on routing grid
[WARNING DRT-0418] Term u_protected_memory.u_data/dout[48] has no pins on routing grid
[WARNING DRT-0418] Term u_protected_memory.u_data/dout[49] has no pins on routing grid
[WARNING DRT-0419] No routing tracks pass through the center of Term u_protected_memory.u_data/dout[50]
[WARNING DRT-0419] No routing tracks pass through the center of Term u_protected_memory.u_data/dout[51]
[WARNING DRT-0419] No routing tracks pass through the center of Term u_protected_memory.u_data/dout[52]
[WARNING DRT-0419] No routing tracks pass through the center of Term u_protected_memory.u_data/dout[53]
[WARNING DRT-0419] No routing tracks pass through the center of Term u_protected_memory.u_data/dout[54]
[WARNING DRT-0419] No routing tracks pass through the center of Term u_protected_memory.u_data/dout[55]
[WARNING DRT-0419] No routing tracks pass through the center of Term u_protected_memory.u_data/dout[56]
[WARNING DRT-0419] No routing tracks pass through the center of Term u_protected_memory.u_data/dout[57]
[WARNING DRT-0418] Term u_protected_memory.u_data/dout[58] has no pins on routing grid
[WARNING DRT-0418] Term u_protected_memory.u_data/dout[59] has no pins on routing grid
[WARNING DRT-0418] Term u_protected_memory.u_data/dout[60] has no pins on routing grid
[WARNING DRT-0418] Term u_protected_memory.u_data/dout[61] has no pins on routing grid
[WARNING DRT-0418] Term u_protected_memory.u_data/dout[62] has no pins on routing grid
[WARNING DRT-0418] Term u_protected_memory.u_data/dout[63] has no pins on routing grid
[WARNING DRT-0419] No routing tracks pass through the center of Term u_protected_memory.u_data/din[0]
[WARNING DRT-0419] No routing tracks pass through the center of Term u_protected_memory.u_data/din[1]
[WARNING DRT-0419] No routing tracks pass through the center of Term u_protected_memory.u_data/din[2]
[WARNING DRT-0418] Term u_protected_memory.u_data/din[3] has no pins on routing grid
[WARNING DRT-0418] Term u_protected_memory.u_data/din[4] has no pins on routing grid
[WARNING DRT-0418] Term u_protected_memory.u_data/din[5] has no pins on routing grid
[WARNING DRT-0418] Term u_protected_memory.u_data/din[6] has no pins on routing grid
[WARNING DRT-0418] Term u_protected_memory.u_data/din[7] has no pins on routing grid
[WARNING DRT-0418] Term u_protected_memory.u_data/din[8] has no pins on routing grid
[WARNING DRT-0418] Term u_protected_memory.u_data/din[9] has no pins on routing grid
[WARNING DRT-0418] Term u_protected_memory.u_data/din[10] has no pins on routing grid
[WARNING DRT-0418] Term u_protected_memory.u_data/din[11] has no pins on routing grid
[WARNING DRT-0419] No routing tracks pass through the center of Term u_protected_memory.u_data/din[12]
[WARNING DRT-0419] No routing tracks pass through the center of Term u_protected_memory.u_data/din[13]
[WARNING DRT-0419] No routing tracks pass through the center of Term u_protected_memory.u_data/din[14]
[WARNING DRT-0419] No routing tracks pass through the center of Term u_protected_memory.u_data/din[15]
[WARNING DRT-0419] No routing tracks pass through the center of Term u_protected_memory.u_data/din[16]
[WARNING DRT-0419] No routing tracks pass through the center of Term u_protected_memory.u_data/din[17]
[WARNING DRT-0419] No routing tracks pass through the center of Term u_protected_memory.u_data/din[18]
[WARNING DRT-0419] No routing tracks pass through the center of Term u_protected_memory.u_data/din[19]
[WARNING DRT-0418] Term u_protected_memory.u_data/din[20] has no pins on routing grid
[WARNING DRT-0418] Term u_protected_memory.u_data/din[21] has no pins on routing grid
[WARNING DRT-0418] Term u_protected_memory.u_data/din[22] has no pins on routing grid
[WARNING DRT-0418] Term u_protected_memory.u_data/din[23] has no pins on routing grid
[WARNING DRT-0418] Term u_protected_memory.u_data/din[24] has no pins on routing grid
[WARNING DRT-0418] Term u_protected_memory.u_data/din[25] has no pins on routing grid
[WARNING DRT-0418] Term u_protected_memory.u_data/din[26] has no pins on routing grid
[WARNING DRT-0418] Term u_protected_memory.u_data/din[27] has no pins on routing grid
[WARNING DRT-0418] Term u_protected_memory.u_data/din[28] has no pins on routing grid
[WARNING DRT-0419] No routing tracks pass through the center of Term u_protected_memory.u_data/din[29]
[WARNING DRT-0419] No routing tracks pass through the center of Term u_protected_memory.u_data/din[30]
[WARNING DRT-0419] No routing tracks pass through the center of Term u_protected_memory.u_data/din[31]
[WARNING DRT-0419] No routing tracks pass through the center of Term u_protected_memory.u_data/din[32]
[WARNING DRT-0419] No routing tracks pass through the center of Term u_protected_memory.u_data/din[33]
[WARNING DRT-0419] No routing tracks pass through the center of Term u_protected_memory.u_data/din[34]
[WARNING DRT-0419] No routing tracks pass through the center of Term u_protected_memory.u_data/din[35]
[WARNING DRT-0419] No routing tracks pass through the center of Term u_protected_memory.u_data/din[36]
[WARNING DRT-0418] Term u_protected_memory.u_data/din[37] has no pins on routing grid
[WARNING DRT-0418] Term u_protected_memory.u_data/din[38] has no pins on routing grid
[WARNING DRT-0418] Term u_protected_memory.u_data/din[39] has no pins on routing grid
[WARNING DRT-0418] Term u_protected_memory.u_data/din[40] has no pins on routing grid
[WARNING DRT-0418] Term u_protected_memory.u_data/din[41] has no pins on routing grid
[WARNING DRT-0418] Term u_protected_memory.u_data/din[42] has no pins on routing grid
[WARNING DRT-0418] Term u_protected_memory.u_data/din[43] has no pins on routing grid
[WARNING DRT-0418] Term u_protected_memory.u_data/din[44] has no pins on routing grid
[WARNING DRT-0418] Term u_protected_memory.u_data/din[45] has no pins on routing grid
[WARNING DRT-0419] No routing tracks pass through the center of Term u_protected_memory.u_data/din[46]
[WARNING DRT-0419] No routing tracks pass through the center of Term u_protected_memory.u_data/din[47]
[WARNING DRT-0419] No routing tracks pass through the center of Term u_protected_memory.u_data/din[48]
[WARNING DRT-0419] No routing tracks pass through the center of Term u_protected_memory.u_data/din[49]
[WARNING DRT-0419] No routing tracks pass through the center of Term u_protected_memory.u_data/din[50]
[WARNING DRT-0419] No routing tracks pass through the center of Term u_protected_memory.u_data/din[51]
[WARNING DRT-0419] No routing tracks pass through the center of Term u_protected_memory.u_data/din[52]
[WARNING DRT-0419] No routing tracks pass through the center of Term u_protected_memory.u_data/din[53]
[WARNING DRT-0418] Term u_protected_memory.u_data/din[54] has no pins on routing grid
[WARNING DRT-0418] Term u_protected_memory.u_data/din[55] has no pins on routing grid
[WARNING DRT-0418] Term u_protected_memory.u_data/din[56] has no pins on routing grid
[WARNING DRT-0418] Term u_protected_memory.u_data/din[57] has no pins on routing grid
[WARNING DRT-0418] Term u_protected_memory.u_data/din[58] has no pins on routing grid
[WARNING DRT-0418] Term u_protected_memory.u_data/din[59] has no pins on routing grid
[WARNING DRT-0418] Term u_protected_memory.u_data/din[60] has no pins on routing grid
[WARNING DRT-0418] Term u_protected_memory.u_data/din[61] has no pins on routing grid
[WARNING DRT-0418] Term u_protected_memory.u_data/din[62] has no pins on routing grid
[WARNING DRT-0419] No routing tracks pass through the center of Term u_protected_memory.u_data/din[63]
[WARNING DRT-0419] No routing tracks pass through the center of Term u_protected_memory.u_data/wmask[0]
[WARNING DRT-0418] Term u_protected_memory.u_data/wmask[1] has no pins on routing grid
[WARNING DRT-0419] No routing tracks pass through the center of Term u_protected_memory.u_data/wmask[2]
[WARNING DRT-0418] Term u_protected_memory.u_data/wmask[3] has no pins on routing grid
[WARNING DRT-0418] Term u_protected_memory.u_data/wmask[5] has no pins on routing grid
[WARNING DRT-0419] No routing tracks pass through the center of Term u_protected_memory.u_data/wmask[6]
[WARNING DRT-0418] Term u_protected_memory.u_data/wmask[7] has no pins on routing grid
[INFO DRT-0167] List of default vias:
  Layer via
    default via: M1M2_PR
  Layer via2
    default via: M2M3_PR
  Layer via3
    default via: M3M4_PR
  Layer via4
    default via: M4M5_PR
[INFO DRT-0162] Library cell analysis.
[INFO DRT-0163] Instance analysis.
[INFO DRT-0164] Number of unique instances = 93.
[INFO DRT-0168] Init region query.
[INFO DRT-0024]   Complete FR_MASTERSLICE.
[INFO DRT-0024]   Complete Fr_VIA.
[INFO DRT-0024]   Complete li1.
[INFO DRT-0024]   Complete mcon.
[INFO DRT-0024]   Complete met1.
[INFO DRT-0024]   Complete via.
[INFO DRT-0024]   Complete met2.
[INFO DRT-0024]   Complete via2.
[INFO DRT-0024]   Complete met3.
[INFO DRT-0024]   Complete via3.
[INFO DRT-0024]   Complete met4.
[INFO DRT-0024]   Complete via4.
[INFO DRT-0024]   Complete met5.
[INFO DRT-0033] FR_MASTERSLICE shape region query size = 0.
[INFO DRT-0033] FR_VIA shape region query size = 0.
[INFO DRT-0033] li1 shape region query size = 54564.
[INFO DRT-0033] mcon shape region query size = 28676.
[INFO DRT-0033] met1 shape region query size = 22502.
[INFO DRT-0033] via shape region query size = 32220.
[INFO DRT-0033] met2 shape region query size = 26565.
[INFO DRT-0033] via2 shape region query size = 51468.
[INFO DRT-0033] met3 shape region query size = 33061.
[INFO DRT-0033] via3 shape region query size = 50765.
[INFO DRT-0033] met4 shape region query size = 13086.
[INFO DRT-0033] via4 shape region query size = 1974.
[INFO DRT-0033] met5 shape region query size = 2058.
[INFO DRT-0165] Start pin access.
[INFO DRT-0078]   Complete 871 pins.
[INFO DRT-0081]   Complete 91 unique inst patterns.
[INFO DRT-0084]   Complete 857 groups.
#scanned instances     = 7512
#unique  instances     = 93
#stdCellGenAp          = 2648
#stdCellValidPlanarAp  = 30
#stdCellValidViaAp     = 1943
#stdCellPinNoAp        = 0
#stdCellPinCnt         = 2952
#instTermValidViaApCnt = 0
#macroGenAp            = 426
#macroValidPlanarAp    = 328
#macroValidViaAp       = 0
#macroNoAp             = 0
[INFO DRT-0166] Complete pin access.
[INFO DRT-0267] cpu time = 00:00:53, elapsed time = 00:00:13, memory = 161.00 (MB), peak = 160.72 (MB)
Took 14 seconds: pin_access
global_route -congestion_report_file /work/campaigns/iscas_sustainability_extension/memory_compiler/gate3_attempt06_replacement_sram_backend_qualification/raw/openroad/work/reports/sky130hd/attempt06_e0/base/congestion.rpt -congestion_iterations 30 -congestion_report_iter_step 5 -verbose
[INFO GRT-0020] Min routing layer: met1
[INFO GRT-0021] Max routing layer: met5
[INFO GRT-0022] Global adjustment: 0%
[INFO GRT-0023] Grid origin: (0, 0)
[INFO GRT-0088] Layer li1     Track-Pitch = 0.4600  line-2-Via Pitch: 0.3400
[INFO GRT-0088] Layer met1    Track-Pitch = 0.3400  line-2-Via Pitch: 0.3400
[INFO GRT-0088] Layer met2    Track-Pitch = 0.4600  line-2-Via Pitch: 0.3500
[INFO GRT-0088] Layer met3    Track-Pitch = 0.6800  line-2-Via Pitch: 0.6150
[INFO GRT-0088] Layer met4    Track-Pitch = 0.9200  line-2-Via Pitch: 1.0400
[INFO GRT-0088] Layer met5    Track-Pitch = 3.4000  line-2-Via Pitch: 3.1100
[INFO GRT-0003] Macros: 2
[INFO GRT-0004] Blockages: 950
[INFO GRT-0019] Found 4 clock nets.
[INFO GRT-0001] Minimum degree: 2
[INFO GRT-0002] Maximum degree: 33

[INFO GRT-0053] Routing resources analysis:
          Routing      Original      Derated      Resource
Layer     Direction    Resources     Resources    Reduction (%)
---------------------------------------------------------------
li1        Vertical            0             0          0.00%
met1       Horizontal     166777        129627          22.28%
met2       Vertical       135411        104079          23.14%
met3       Horizontal     151186        118275          21.77%
met4       Vertical       102859         74915          27.17%
met5       Horizontal      23637         16644          29.58%
---------------------------------------------------------------

[INFO GRT-0101] Running extra iterations to remove congestion.
[INFO GRT-0102] Start extra iteration 1/30
[INFO GRT-0102] Start extra iteration 2/30
[INFO GRT-0102] Start extra iteration 3/30
[INFO GRT-0197] Via related to pin nodes: 6020
[INFO GRT-0198] Via related Steiner nodes: 119
[INFO GRT-0199] Via filling finished.
[INFO GRT-0111] Final number of vias: 8153
[INFO GRT-0112] Final usage 3D: 34970

[INFO GRT-0096] Final congestion report:
Layer         Resource        Demand        Usage (%)    Max H / Max V / Total Congestion
---------------------------------------------------------------------------------------
li1                  0             0            0.00%             0 /  0 /  0
met1            129627          2856            2.20%             0 /  0 /  0
met2            104079          5367            5.16%             0 /  0 /  0
met3            118275          1211            1.02%             0 /  0 /  0
met4             74915          1077            1.44%             0 /  0 /  0
met5             16644             0            0.00%             0 /  0 /  0
---------------------------------------------------------------------------------------
Total           443540         10511            2.37%             0 /  0 /  0

[INFO GRT-0018] Total wirelength: 91149 um
[INFO GRT-0014] Routed nets: 1278
[INFO GRT-0303] Global routing runtime = 00:00:00
estimate_parasitics -global_routing
global_route -start_incremental
global_route -end_incremental -congestion_report_file /work/campaigns/iscas_sustainability_extension/memory_compiler/gate3_attempt06_replacement_sram_backend_qualification/raw/openroad/work/reports/sky130hd/attempt06_e0/base/congestion_post_recover_power.rpt
Repair antennas...
[INFO GRT-0012] Found 22 antenna violations.
[INFO GRT-0302] Inserted 22 jumpers for 22 nets.
[INFO GRT-0012] Found 0 antenna violations.
[INFO ANT-0002] Found 0 net violations.
[INFO ANT-0001] Found 0 pin violations.
Estimate parasitics...
estimate_parasitics -global_routing
Report metrics stage 5, global route...

==========================================================================
global route report_design_area
--------------------------------------------------------------------------
Design area 278022 um^2 38% utilization.
[INFO FLW-0007] clock core_clk period 10.000000
[INFO FLW-0008] Clock core_clk period 9.529
[INFO FLW-0009] Clock core_clk slack -0.030
write_sdc -no_timestamp /work/campaigns/iscas_sustainability_extension/memory_compiler/gate3_attempt06_replacement_sram_backend_qualification/raw/openroad/work/results/sky130hd/attempt06_e0/base/updated_clks.sdc
[INFO FLW-0011] Path endpoint path count 161
write_db /work/campaigns/iscas_sustainability_extension/memory_compiler/gate3_attempt06_replacement_sram_backend_qualification/raw/openroad/work/results/sky130hd/attempt06_e0/base/5_1_grt.odb
write_sdc -no_timestamp /work/campaigns/iscas_sustainability_extension/memory_compiler/gate3_attempt06_replacement_sram_backend_qualification/raw/openroad/work/results/sky130hd/attempt06_e0/base/5_1_grt.sdc
Elapsed time: 0:21.85[h:]min:sec. CPU time: user 60.05 sys 0.85 (278%). Peak memory: 337848KB.
Log                       Ext     Elapsed/s Peak Memory/MB sha1sum result [0:20)
5_1_grt                   .odb           21            329 50998bd65598ffea67c9
5_1_grt                   .sdc                             3cad56baab78945476a2
/OpenROAD-flow-scripts/flow/scripts/flow.sh 5_2_route detail_route
Running detail_route.tcl, stage 5_2_route
read_liberty /OpenROAD-flow-scripts/flow/platforms/sky130hd/lib/sky130_fd_sc_hd__tt_025C_1v80.lib
read_liberty /work/campaigns/iscas_sustainability_extension/memory_compiler/gate3_attempt06_replacement_sram_backend_qualification/source_checkout/sram22_256x64m4w8/sram22_256x64m4w8_tt_025C_1v80.lib
read_liberty /work/campaigns/iscas_sustainability_extension/memory_compiler/gate3_attempt06_replacement_sram_backend_qualification/source_checkout/sram22_256x8m8w1/sram22_256x8m8w1_tt_025C_1v80.lib
read_db /work/campaigns/iscas_sustainability_extension/memory_compiler/gate3_attempt06_replacement_sram_backend_qualification/raw/openroad/work/results/sky130hd/attempt06_e0/base/5_1_grt.odb
read_sdc /work/campaigns/iscas_sustainability_extension/memory_compiler/gate3_attempt06_replacement_sram_backend_qualification/raw/openroad/work/results/sky130hd/attempt06_e0/base/5_1_grt.sdc
source /OpenROAD-flow-scripts/flow/platforms/sky130hd/setRC.tcl
detailed_route -output_drc /work/campaigns/iscas_sustainability_extension/memory_compiler/gate3_attempt06_replacement_sram_backend_qualification/raw/openroad/work/reports/sky130hd/attempt06_e0/base/5_route_drc.rpt -output_maze /work/campaigns/iscas_sustainability_extension/memory_compiler/gate3_attempt06_replacement_sram_backend_qualification/raw/openroad/work/results/sky130hd/attempt06_e0/base/maze.log -droute_end_iter 64 -verbose 1 -drc_report_iter_step 5
[INFO DRT-0149] Reading tech and libs.
[WARNING DRT-0349] LEF58_ENCLOSURE with no CUTCLASS is not supported. Skipping for layer mcon
[WARNING DRT-0349] LEF58_ENCLOSURE with no CUTCLASS is not supported. Skipping for layer mcon
[WARNING DRT-0349] LEF58_ENCLOSURE with no CUTCLASS is not supported. Skipping for layer via
[WARNING DRT-0349] LEF58_ENCLOSURE with no CUTCLASS is not supported. Skipping for layer via
[WARNING DRT-0349] LEF58_ENCLOSURE with no CUTCLASS is not supported. Skipping for layer via2
[WARNING DRT-0349] LEF58_ENCLOSURE with no CUTCLASS is not supported. Skipping for layer via2
[WARNING DRT-0349] LEF58_ENCLOSURE with no CUTCLASS is not supported. Skipping for layer via3
[WARNING DRT-0349] LEF58_ENCLOSURE with no CUTCLASS is not supported. Skipping for layer via3
[WARNING DRT-0349] LEF58_ENCLOSURE with no CUTCLASS is not supported. Skipping for layer via4
[WARNING DRT-0349] LEF58_ENCLOSURE with no CUTCLASS is not supported. Skipping for layer via4

Units:                1000
Number of layers:     13
Number of macros:     443
Number of vias:       159
Number of viarulegen: 25

[INFO DRT-0150] Reading design.

Design:                   e0_sram22_top
Die area:                 ( 0 0 ) ( 1300000 600000 )
Number of track patterns: 12
Number of DEF vias:       0
Number of components:     7512
Number of terminals:      144
Number of snets:          2
Number of nets:           1278

[WARNING DRT-0419] No routing tracks pass through the center of Term u_protected_memory.u_data/dout[0]
[WARNING DRT-0419] No routing tracks pass through the center of Term u_protected_memory.u_data/dout[1]
[WARNING DRT-0419] No routing tracks pass through the center of Term u_protected_memory.u_data/dout[2]
[WARNING DRT-0419] No routing tracks pass through the center of Term u_protected_memory.u_data/dout[3]
[WARNING DRT-0419] No routing tracks pass through the center of Term u_protected_memory.u_data/dout[4]
[WARNING DRT-0419] No routing tracks pass through the center of Term u_protected_memory.u_data/dout[5]
[WARNING DRT-0419] No routing tracks pass through the center of Term u_protected_memory.u_data/dout[6]
[WARNING DRT-0418] Term u_protected_memory.u_data/dout[7] has no pins on routing grid
[WARNING DRT-0418] Term u_protected_memory.u_data/dout[8] has no pins on routing grid
[WARNING DRT-0418] Term u_protected_memory.u_data/dout[9] has no pins on routing grid
[WARNING DRT-0418] Term u_protected_memory.u_data/dout[10] has no pins on routing grid
[WARNING DRT-0418] Term u_protected_memory.u_data/dout[11] has no pins on routing grid
[WARNING DRT-0418] Term u_protected_memory.u_data/dout[12] has no pins on routing grid
[WARNING DRT-0418] Term u_protected_memory.u_data/dout[13] has no pins on routing grid
[WARNING DRT-0418] Term u_protected_memory.u_data/dout[14] has no pins on routing grid
[WARNING DRT-0418] Term u_protected_memory.u_data/dout[15] has no pins on routing grid
[WARNING DRT-0419] No routing tracks pass through the center of Term u_protected_memory.u_data/dout[16]
[WARNING DRT-0419] No routing tracks pass through the center of Term u_protected_memory.u_data/dout[17]
[WARNING DRT-0419] No routing tracks pass through the center of Term u_protected_memory.u_data/dout[18]
[WARNING DRT-0419] No routing tracks pass through the center of Term u_protected_memory.u_data/dout[19]
[WARNING DRT-0419] No routing tracks pass through the center of Term u_protected_memory.u_data/dout[20]
[WARNING DRT-0419] No routing tracks pass through the center of Term u_protected_memory.u_data/dout[21]
[WARNING DRT-0419] No routing tracks pass through the center of Term u_protected_memory.u_data/dout[22]
[WARNING DRT-0419] No routing tracks pass through the center of Term u_protected_memory.u_data/dout[23]
[WARNING DRT-0418] Term u_protected_memory.u_data/dout[24] has no pins on routing grid
[WARNING DRT-0418] Term u_protected_memory.u_data/dout[25] has no pins on routing grid
[WARNING DRT-0418] Term u_protected_memory.u_data/dout[26] has no pins on routing grid
[WARNING DRT-0418] Term u_protected_memory.u_data/dout[27] has no pins on routing grid
[WARNING DRT-0418] Term u_protected_memory.u_data/dout[28] has no pins on routing grid
[WARNING DRT-0418] Term u_protected_memory.u_data/dout[29] has no pins on routing grid
[WARNING DRT-0418] Term u_protected_memory.u_data/dout[30] has no pins on routing grid
[WARNING DRT-0418] Term u_protected_memory.u_data/dout[31] has no pins on routing grid
[WARNING DRT-0418] Term u_protected_memory.u_data/dout[32] has no pins on routing grid
[WARNING DRT-0419] No routing tracks pass through the center of Term u_protected_memory.u_data/dout[33]
[WARNING DRT-0419] No routing tracks pass through the center of Term u_protected_memory.u_data/dout[34]
[WARNING DRT-0419] No routing tracks pass through the center of Term u_protected_memory.u_data/dout[35]
[WARNING DRT-0419] No routing tracks pass through the center of Term u_protected_memory.u_data/dout[36]
[WARNING DRT-0419] No routing tracks pass through the center of Term u_protected_memory.u_data/dout[37]
[WARNING DRT-0419] No routing tracks pass through the center of Term u_protected_memory.u_data/dout[38]
[WARNING DRT-0419] No routing tracks pass through the center of Term u_protected_memory.u_data/dout[39]
[WARNING DRT-0419] No routing tracks pass through the center of Term u_protected_memory.u_data/dout[40]
[WARNING DRT-0418] Term u_protected_memory.u_data/dout[41] has no pins on routing grid
[WARNING DRT-0418] Term u_protected_memory.u_data/dout[42] has no pins on routing grid
[WARNING DRT-0418] Term u_protected_memory.u_data/dout[43] has no pins on routing grid
[WARNING DRT-0418] Term u_protected_memory.u_data/dout[44] has no pins on routing grid
[WARNING DRT-0418] Term u_protected_memory.u_data/dout[45] has no pins on routing grid
[WARNING DRT-0418] Term u_protected_memory.u_data/dout[46] has no pins on routing grid
[WARNING DRT-0418] Term u_protected_memory.u_data/dout[47] has no pins on routing grid
[WARNING DRT-0418] Term u_protected_memory.u_data/dout[48] has no pins on routing grid
[WARNING DRT-0418] Term u_protected_memory.u_data/dout[49] has no pins on routing grid
[WARNING DRT-0419] No routing tracks pass through the center of Term u_protected_memory.u_data/dout[50]
[WARNING DRT-0419] No routing tracks pass through the center of Term u_protected_memory.u_data/dout[51]
[WARNING DRT-0419] No routing tracks pass through the center of Term u_protected_memory.u_data/dout[52]
[WARNING DRT-0419] No routing tracks pass through the center of Term u_protected_memory.u_data/dout[53]
[WARNING DRT-0419] No routing tracks pass through the center of Term u_protected_memory.u_data/dout[54]
[WARNING DRT-0419] No routing tracks pass through the center of Term u_protected_memory.u_data/dout[55]
[WARNING DRT-0419] No routing tracks pass through the center of Term u_protected_memory.u_data/dout[56]
[WARNING DRT-0419] No routing tracks pass through the center of Term u_protected_memory.u_data/dout[57]
[WARNING DRT-0418] Term u_protected_memory.u_data/dout[58] has no pins on routing grid
[WARNING DRT-0418] Term u_protected_memory.u_data/dout[59] has no pins on routing grid
[WARNING DRT-0418] Term u_protected_memory.u_data/dout[60] has no pins on routing grid
[WARNING DRT-0418] Term u_protected_memory.u_data/dout[61] has no pins on routing grid
[WARNING DRT-0418] Term u_protected_memory.u_data/dout[62] has no pins on routing grid
[WARNING DRT-0418] Term u_protected_memory.u_data/dout[63] has no pins on routing grid
[WARNING DRT-0419] No routing tracks pass through the center of Term u_protected_memory.u_data/din[0]
[WARNING DRT-0419] No routing tracks pass through the center of Term u_protected_memory.u_data/din[1]
[WARNING DRT-0419] No routing tracks pass through the center of Term u_protected_memory.u_data/din[2]
[WARNING DRT-0418] Term u_protected_memory.u_data/din[3] has no pins on routing grid
[WARNING DRT-0418] Term u_protected_memory.u_data/din[4] has no pins on routing grid
[WARNING DRT-0418] Term u_protected_memory.u_data/din[5] has no pins on routing grid
[WARNING DRT-0418] Term u_protected_memory.u_data/din[6] has no pins on routing grid
[WARNING DRT-0418] Term u_protected_memory.u_data/din[7] has no pins on routing grid
[WARNING DRT-0418] Term u_protected_memory.u_data/din[8] has no pins on routing grid
[WARNING DRT-0418] Term u_protected_memory.u_data/din[9] has no pins on routing grid
[WARNING DRT-0418] Term u_protected_memory.u_data/din[10] has no pins on routing grid
[WARNING DRT-0418] Term u_protected_memory.u_data/din[11] has no pins on routing grid
[WARNING DRT-0419] No routing tracks pass through the center of Term u_protected_memory.u_data/din[12]
[WARNING DRT-0419] No routing tracks pass through the center of Term u_protected_memory.u_data/din[13]
[WARNING DRT-0419] No routing tracks pass through the center of Term u_protected_memory.u_data/din[14]
[WARNING DRT-0419] No routing tracks pass through the center of Term u_protected_memory.u_data/din[15]
[WARNING DRT-0419] No routing tracks pass through the center of Term u_protected_memory.u_data/din[16]
[WARNING DRT-0419] No routing tracks pass through the center of Term u_protected_memory.u_data/din[17]
[WARNING DRT-0419] No routing tracks pass through the center of Term u_protected_memory.u_data/din[18]
[WARNING DRT-0419] No routing tracks pass through the center of Term u_protected_memory.u_data/din[19]
[WARNING DRT-0418] Term u_protected_memory.u_data/din[20] has no pins on routing grid
[WARNING DRT-0418] Term u_protected_memory.u_data/din[21] has no pins on routing grid
[WARNING DRT-0418] Term u_protected_memory.u_data/din[22] has no pins on routing grid
[WARNING DRT-0418] Term u_protected_memory.u_data/din[23] has no pins on routing grid
[WARNING DRT-0418] Term u_protected_memory.u_data/din[24] has no pins on routing grid
[WARNING DRT-0418] Term u_protected_memory.u_data/din[25] has no pins on routing grid
[WARNING DRT-0418] Term u_protected_memory.u_data/din[26] has no pins on routing grid
[WARNING DRT-0418] Term u_protected_memory.u_data/din[27] has no pins on routing grid
[WARNING DRT-0418] Term u_protected_memory.u_data/din[28] has no pins on routing grid
[WARNING DRT-0419] No routing tracks pass through the center of Term u_protected_memory.u_data/din[29]
[WARNING DRT-0419] No routing tracks pass through the center of Term u_protected_memory.u_data/din[30]
[WARNING DRT-0419] No routing tracks pass through the center of Term u_protected_memory.u_data/din[31]
[WARNING DRT-0419] No routing tracks pass through the center of Term u_protected_memory.u_data/din[32]
[WARNING DRT-0419] No routing tracks pass through the center of Term u_protected_memory.u_data/din[33]
[WARNING DRT-0419] No routing tracks pass through the center of Term u_protected_memory.u_data/din[34]
[WARNING DRT-0419] No routing tracks pass through the center of Term u_protected_memory.u_data/din[35]
[WARNING DRT-0419] No routing tracks pass through the center of Term u_protected_memory.u_data/din[36]
[WARNING DRT-0418] Term u_protected_memory.u_data/din[37] has no pins on routing grid
[WARNING DRT-0418] Term u_protected_memory.u_data/din[38] has no pins on routing grid
[WARNING DRT-0418] Term u_protected_memory.u_data/din[39] has no pins on routing grid
[WARNING DRT-0418] Term u_protected_memory.u_data/din[40] has no pins on routing grid
[WARNING DRT-0418] Term u_protected_memory.u_data/din[41] has no pins on routing grid
[WARNING DRT-0418] Term u_protected_memory.u_data/din[42] has no pins on routing grid
[WARNING DRT-0418] Term u_protected_memory.u_data/din[43] has no pins on routing grid
[WARNING DRT-0418] Term u_protected_memory.u_data/din[44] has no pins on routing grid
[WARNING DRT-0418] Term u_protected_memory.u_data/din[45] has no pins on routing grid
[WARNING DRT-0419] No routing tracks pass through the center of Term u_protected_memory.u_data/din[46]
[WARNING DRT-0419] No routing tracks pass through the center of Term u_protected_memory.u_data/din[47]
[WARNING DRT-0419] No routing tracks pass through the center of Term u_protected_memory.u_data/din[48]
[WARNING DRT-0419] No routing tracks pass through the center of Term u_protected_memory.u_data/din[49]
[WARNING DRT-0419] No routing tracks pass through the center of Term u_protected_memory.u_data/din[50]
[WARNING DRT-0419] No routing tracks pass through the center of Term u_protected_memory.u_data/din[51]
[WARNING DRT-0419] No routing tracks pass through the center of Term u_protected_memory.u_data/din[52]
[WARNING DRT-0419] No routing tracks pass through the center of Term u_protected_memory.u_data/din[53]
[WARNING DRT-0418] Term u_protected_memory.u_data/din[54] has no pins on routing grid
[WARNING DRT-0418] Term u_protected_memory.u_data/din[55] has no pins on routing grid
[WARNING DRT-0418] Term u_protected_memory.u_data/din[56] has no pins on routing grid
[WARNING DRT-0418] Term u_protected_memory.u_data/din[57] has no pins on routing grid
[WARNING DRT-0418] Term u_protected_memory.u_data/din[58] has no pins on routing grid
[WARNING DRT-0418] Term u_protected_memory.u_data/din[59] has no pins on routing grid
[WARNING DRT-0418] Term u_protected_memory.u_data/din[60] has no pins on routing grid
[WARNING DRT-0418] Term u_protected_memory.u_data/din[61] has no pins on routing grid
[WARNING DRT-0418] Term u_protected_memory.u_data/din[62] has no pins on routing grid
[WARNING DRT-0419] No routing tracks pass through the center of Term u_protected_memory.u_data/din[63]
[WARNING DRT-0419] No routing tracks pass through the center of Term u_protected_memory.u_data/wmask[0]
[WARNING DRT-0418] Term u_protected_memory.u_data/wmask[1] has no pins on routing grid
[WARNING DRT-0419] No routing tracks pass through the center of Term u_protected_memory.u_data/wmask[2]
[WARNING DRT-0418] Term u_protected_memory.u_data/wmask[3] has no pins on routing grid
[WARNING DRT-0418] Term u_protected_memory.u_data/wmask[5] has no pins on routing grid
[WARNING DRT-0419] No routing tracks pass through the center of Term u_protected_memory.u_data/wmask[6]
[WARNING DRT-0418] Term u_protected_memory.u_data/wmask[7] has no pins on routing grid
[INFO DRT-0167] List of default vias:
  Layer via
    default via: M1M2_PR
  Layer via2
    default via: M2M3_PR
  Layer via3
    default via: M3M4_PR
  Layer via4
    default via: M4M5_PR
[INFO DRT-0162] Library cell analysis.
[INFO DRT-0163] Instance analysis.
[INFO DRT-0164] Number of unique instances = 93.
[INFO DRT-0168] Init region query.
[INFO DRT-0024]   Complete FR_MASTERSLICE.
[INFO DRT-0024]   Complete Fr_VIA.
[INFO DRT-0024]   Complete li1.
[INFO DRT-0024]   Complete mcon.
[INFO DRT-0024]   Complete met1.
[INFO DRT-0024]   Complete via.
[INFO DRT-0024]   Complete met2.
[INFO DRT-0024]   Complete via2.
[INFO DRT-0024]   Complete met3.
[INFO DRT-0024]   Complete via3.
[INFO DRT-0024]   Complete met4.
[INFO DRT-0024]   Complete via4.
[INFO DRT-0024]   Complete met5.
[INFO DRT-0033] FR_MASTERSLICE shape region query size = 0.
[INFO DRT-0033] FR_VIA shape region query size = 0.
[INFO DRT-0033] li1 shape region query size = 54564.
[INFO DRT-0033] mcon shape region query size = 28676.
[INFO DRT-0033] met1 shape region query size = 22502.
[INFO DRT-0033] via shape region query size = 32220.
[INFO DRT-0033] met2 shape region query size = 26565.
[INFO DRT-0033] via2 shape region query size = 51468.
[INFO DRT-0033] met3 shape region query size = 33061.
[INFO DRT-0033] via3 shape region query size = 50765.
[INFO DRT-0033] met4 shape region query size = 13086.
[INFO DRT-0033] via4 shape region query size = 1974.
[INFO DRT-0033] met5 shape region query size = 2058.
[INFO DRT-0165] Start pin access.
[INFO DRT-0078]   Complete 871 pins.
[INFO DRT-0081]   Complete 91 unique inst patterns.
[INFO DRT-0084]   Complete 857 groups.
#scanned instances     = 7512
#unique  instances     = 93
#stdCellGenAp          = 2648
#stdCellValidPlanarAp  = 30
#stdCellValidViaAp     = 1943
#stdCellPinNoAp        = 0
#stdCellPinCnt         = 2952
#instTermValidViaApCnt = 0
#macroGenAp            = 426
#macroValidPlanarAp    = 328
#macroValidViaAp       = 0
#macroNoAp             = 0
[INFO DRT-0166] Complete pin access.
[INFO DRT-0267] cpu time = 00:00:52, elapsed time = 00:00:13, memory = 277.14 (MB), peak = 276.50 (MB)

[INFO DRT-0157] Number of guides:     8867

[INFO DRT-0169] Post process guides.
[INFO DRT-0176] GCELLGRID X 0 DO 188 STEP 6900 ;
[INFO DRT-0177] GCELLGRID Y 0 DO 86 STEP 6900 ;
[INFO DRT-0028]   Complete FR_MASTERSLICE.
[INFO DRT-0028]   Complete Fr_VIA.
[INFO DRT-0028]   Complete li1.
[INFO DRT-0028]   Complete mcon.
[INFO DRT-0028]   Complete met1.
[INFO DRT-0028]   Complete via.
[INFO DRT-0028]   Complete met2.
[INFO DRT-0028]   Complete via2.
[INFO DRT-0028]   Complete met3.
[INFO DRT-0028]   Complete via3.
[INFO DRT-0028]   Complete met4.
[INFO DRT-0028]   Complete via4.
[INFO DRT-0028]   Complete met5.
[INFO DRT-0178] Init guide query.
[INFO DRT-0035]   Complete FR_MASTERSLICE (guide).
[INFO DRT-0035]   Complete Fr_VIA (guide).
[INFO DRT-0035]   Complete li1 (guide).
[INFO DRT-0035]   Complete mcon (guide).
[INFO DRT-0035]   Complete met1 (guide).
[INFO DRT-0035]   Complete via (guide).
[INFO DRT-0035]   Complete met2 (guide).
[INFO DRT-0035]   Complete via2 (guide).
[INFO DRT-0035]   Complete met3 (guide).
[INFO DRT-0035]   Complete via3 (guide).
[INFO DRT-0035]   Complete met4 (guide).
[INFO DRT-0035]   Complete via4 (guide).
[INFO DRT-0035]   Complete met5 (guide).
[INFO DRT-0036] FR_MASTERSLICE guide region query size = 0.
[INFO DRT-0036] FR_VIA guide region query size = 0.
[INFO DRT-0036] li1 guide region query size = 2654.
[INFO DRT-0036] mcon guide region query size = 0.
[INFO DRT-0036] met1 guide region query size = 2566.
[INFO DRT-0036] via guide region query size = 0.
[INFO DRT-0036] met2 guide region query size = 1509.
[INFO DRT-0036] via2 guide region query size = 0.
[INFO DRT-0036] met3 guide region query size = 417.
[INFO DRT-0036] via3 guide region query size = 0.
[INFO DRT-0036] met4 guide region query size = 214.
[INFO DRT-0036] via4 guide region query size = 0.
[INFO DRT-0036] met5 guide region query size = 14.
[INFO DRT-0179] Init gr pin query.
[INFO DRT-0267] cpu time = 00:00:00, elapsed time = 00:00:00, memory = 279.67 (MB), peak = 279.12 (MB)
[INFO DRT-0245] skipped writing guide updates to database.
[INFO DRT-0181] Start track assignment.
[INFO DRT-0184] Done with 4377 vertical wires in 4 frboxes and 2997 horizontal wires in 2 frboxes.
[INFO DRT-0186] Done with 657 vertical wires in 4 frboxes and 895 horizontal wires in 2 frboxes.
[INFO DRT-0182] Complete track assignment.
[INFO DRT-0267] cpu time = 00:00:02, elapsed time = 00:00:00, memory = 352.85 (MB), peak = 355.28 (MB)
[INFO DRT-0187] Start routing data preparation.
[INFO DRT-0267] cpu time = 00:00:00, elapsed time = 00:00:00, memory = 352.85 (MB), peak = 355.28 (MB)
[INFO DRT-0194] Start detail routing.
[INFO DRT-0195] Start 0th optimization iteration.
    Completing 10% with 0 violations.
    elapsed time = 00:00:00, memory = 360.20 (MB).
    Completing 20% with 0 violations.
    elapsed time = 00:00:01, memory = 380.38 (MB).
    Completing 30% with 211 violations.
    elapsed time = 00:00:10, memory = 366.51 (MB).
    Completing 40% with 211 violations.
    elapsed time = 00:00:11, memory = 407.89 (MB).
    Completing 50% with 211 violations.
    elapsed time = 00:00:11, memory = 407.89 (MB).
    Completing 60% with 381 violations.
    elapsed time = 00:00:20, memory = 393.54 (MB).
    Completing 70% with 381 violations.
    elapsed time = 00:00:21, memory = 407.82 (MB).
    Completing 80% with 474 violations.
    elapsed time = 00:00:21, memory = 407.82 (MB).
    Completing 90% with 474 violations.
    elapsed time = 00:00:22, memory = 424.61 (MB).
    Completing 100% with 552 violations.
    elapsed time = 00:00:23, memory = 424.61 (MB).
[INFO DRT-0199]   Number of violations = 596.
Viol/Layer        met1   met2   met3   met4   met5
Metal Spacing       96     24     13      3      1
Recheck             31      7      6      0      0
Short              347     58     10      0      0
[INFO DRT-0267] cpu time = 00:00:39, elapsed time = 00:00:24, memory = 760.73 (MB), peak = 760.22 (MB)
Total wire length = 73794 um.
Total wire length on LAYER li1 = 0 um.
Total wire length on LAYER met1 = 20472 um.
Total wire length on LAYER met2 = 38425 um.
Total wire length on LAYER met3 = 8023 um.
Total wire length on LAYER met4 = 6671 um.
Total wire length on LAYER met5 = 201 um.
Total number of vias = 7023.
Up-via summary (total 7023):

-----------------------
 FR_MASTERSLICE       0
            li1    2964
           met1    3279
           met2     435
           met3     319
           met4      26
-----------------------
               7023


[INFO DRT-0195] Start 1st optimization iteration.
    Completing 10% with 596 violations.
    elapsed time = 00:00:00, memory = 760.73 (MB).
    Completing 20% with 596 violations.
    elapsed time = 00:00:00, memory = 760.73 (MB).
    Completing 30% with 577 violations.
    elapsed time = 00:00:03, memory = 760.73 (MB).
    Completing 40% with 577 violations.
    elapsed time = 00:00:03, memory = 793.36 (MB).
    Completing 50% with 577 violations.
    elapsed time = 00:00:24, memory = 769.25 (MB).
    Completing 60% with 567 violations.
    elapsed time = 00:00:25, memory = 770.73 (MB).
    Completing 70% with 567 violations.
    elapsed time = 00:00:25, memory = 770.73 (MB).
    Completing 80% with 545 violations.
    elapsed time = 00:00:25, memory = 770.73 (MB).
    Completing 90% with 545 violations.
    elapsed time = 00:00:26, memory = 776.30 (MB).
    Completing 100% with 476 violations.
    elapsed time = 00:00:27, memory = 776.30 (MB).
[INFO DRT-0199]   Number of violations = 476.
Viol/Layer        mcon   met1   met2   met3
Cut Spacing          8      0      0      0
Metal Spacing        0     98     21      5
Short                0    296     44      4
[INFO DRT-0267] cpu time = 00:00:42, elapsed time = 00:00:28, memory = 779.30 (MB), peak = 801.35 (MB)
Total wire length = 73468 um.
Total wire length on LAYER li1 = 0 um.
Total wire length on LAYER met1 = 20331 um.
Total wire length on LAYER met2 = 38494 um.
Total wire length on LAYER met3 = 7981 um.
Total wire length on LAYER met4 = 6480 um.
Total wire length on LAYER met5 = 180 um.
Total number of vias = 6942.
Up-via summary (total 6942):

-----------------------
 FR_MASTERSLICE       0
            li1    2964
           met1    3226
           met2     433
           met3     295
           met4      24
-----------------------
               6942


[INFO DRT-0195] Start 2nd optimization iteration.
    Completing 10% with 476 violations.
    elapsed time = 00:00:00, memory = 780.42 (MB).
    Completing 20% with 476 violations.
    elapsed time = 00:00:00, memory = 784.38 (MB).
    Completing 30% with 454 violations.
    elapsed time = 00:00:01, memory = 784.38 (MB).
    Completing 40% with 454 violations.
    elapsed time = 00:00:02, memory = 786.27 (MB).
    Completing 50% with 454 violations.
    elapsed time = 00:00:09, memory = 794.78 (MB).
    Completing 60% with 420 violations.
    elapsed time = 00:00:09, memory = 794.78 (MB).
    Completing 70% with 420 violations.
    elapsed time = 00:00:09, memory = 794.78 (MB).
    Completing 80% with 416 violations.
    elapsed time = 00:00:10, memory = 794.78 (MB).
    Completing 90% with 416 violations.
    elapsed time = 00:00:11, memory = 794.78 (MB).
    Completing 100% with 323 violations.
    elapsed time = 00:00:17, memory = 794.78 (MB).
[INFO DRT-0199]   Number of violations = 323.
Viol/Layer        mcon   met1   met2   met3
Cut Spacing          2      0      0      0
Metal Spacing        0     61     19      1
Short                0    223     16      1
[INFO DRT-0267] cpu time = 00:00:27, elapsed time = 00:00:17, memory = 794.78 (MB), peak = 801.35 (MB)
Total wire length = 73518 um.
Total wire length on LAYER li1 = 0 um.
Total wire length on LAYER met1 = 20373 um.
Total wire length on LAYER met2 = 38431 um.
Total wire length on LAYER met3 = 7996 um.
Total wire length on LAYER met4 = 6551 um.
Total wire length on LAYER met5 = 166 um.
Total number of vias = 6952.
Up-via summary (total 6952):

-----------------------
 FR_MASTERSLICE       0
            li1    2963
           met1    3235
           met2     436
           met3     296
           met4      22
-----------------------
               6952


[INFO DRT-0195] Start 3rd optimization iteration.
    Completing 10% with 323 violations.
    elapsed time = 00:00:00, memory = 794.78 (MB).
    Completing 20% with 323 violations.
    elapsed time = 00:00:00, memory = 819.35 (MB).
    Completing 30% with 178 violations.
    elapsed time = 00:00:04, memory = 794.78 (MB).
    Completing 40% with 178 violations.
    elapsed time = 00:00:04, memory = 794.78 (MB).
    Completing 50% with 178 violations.
    elapsed time = 00:00:04, memory = 794.78 (MB).
    Completing 60% with 84 violations.
    elapsed time = 00:00:17, memory = 794.78 (MB).
    Completing 70% with 84 violations.
    elapsed time = 00:00:17, memory = 794.78 (MB).
    Completing 80% with 40 violations.
    elapsed time = 00:00:18, memory = 794.78 (MB).
    Completing 90% with 40 violations.
    elapsed time = 00:00:18, memory = 794.78 (MB).
    Completing 100% with 10 violations.
    elapsed time = 00:00:19, memory = 796.67 (MB).
[INFO DRT-0199]   Number of violations = 10.
Viol/Layer        met1   met2   met3
Metal Spacing        1      0      2
Short                0      6      1
[INFO DRT-0267] cpu time = 00:00:26, elapsed time = 00:00:19, memory = 796.67 (MB), peak = 820.68 (MB)
Total wire length = 73522 um.
Total wire length on LAYER li1 = 0 um.
Total wire length on LAYER met1 = 19863 um.
Total wire length on LAYER met2 = 38564 um.
Total wire length on LAYER met3 = 8523 um.
Total wire length on LAYER met4 = 6418 um.
Total wire length on LAYER met5 = 152 um.
Total number of vias = 7093.
Up-via summary (total 7093):

-----------------------
 FR_MASTERSLICE       0
            li1    2962
           met1    3267
           met2     551
           met3     293
           met4      20
-----------------------
               7093


[INFO DRT-0195] Start 4th guides tiles iteration.
    Completing 20% with 10 violations.
    elapsed time = 00:00:00, memory = 796.67 (MB).
    Completing 40% with 10 violations.
    elapsed time = 00:00:00, memory = 796.67 (MB).
    Completing 60% with 10 violations.
    elapsed time = 00:00:11, memory = 796.67 (MB).
    Completing 80% with 6 violations.
    elapsed time = 00:00:11, memory = 796.67 (MB).
    Completing 100% with 0 violations.
    elapsed time = 00:00:11, memory = 796.67 (MB).
[INFO DRT-0199]   Number of violations = 0.
[INFO DRT-0267] cpu time = 00:00:12, elapsed time = 00:00:11, memory = 796.67 (MB), peak = 820.68 (MB)
Total wire length = 73524 um.
Total wire length on LAYER li1 = 0 um.
Total wire length on LAYER met1 = 20010 um.
Total wire length on LAYER met2 = 38554 um.
Total wire length on LAYER met3 = 8380 um.
Total wire length on LAYER met4 = 6425 um.
Total wire length on LAYER met5 = 152 um.
Total number of vias = 7099.
Up-via summary (total 7099):

-----------------------
 FR_MASTERSLICE       0
            li1    2962
           met1    3267
           met2     555
           met3     295
           met4      20
-----------------------
               7099


[INFO DRT-0198] Complete detail routing.
Total wire length = 73524 um.
Total wire length on LAYER li1 = 0 um.
Total wire length on LAYER met1 = 20010 um.
Total wire length on LAYER met2 = 38554 um.
Total wire length on LAYER met3 = 8380 um.
Total wire length on LAYER met4 = 6425 um.
Total wire length on LAYER met5 = 152 um.
Total number of vias = 7099.
Up-via summary (total 7099):

-----------------------
 FR_MASTERSLICE       0
            li1    2962
           met1    3267
           met2     555
           met3     295
           met4      20
-----------------------
               7099


[INFO DRT-0267] cpu time = 00:02:27, elapsed time = 00:01:41, memory = 796.67 (MB), peak = 820.68 (MB)

[INFO DRT-0180] Post processing.
[INFO DRT-0501] Runtime: 116.78s
Took 117 seconds: detailed_route -output_drc /work/campaigns/iscas_sustainability_extension/memory_compiler/gate3_attempt06_replacement_sram_backend_qualification/raw/openroad/work/reports/sky130hd/attempt06_e0/base/5_route_drc.rpt -output_maze /work/campaigns/iscas_sustainability_extension/memory_compiler/gate3_attempt06_replacement_sram_backend_qualification/raw/openroad/work/results/sky130hd/attempt06_e0/base/maze.log -droute_end_iter 64 -verbose 1 -drc_report_iter_step 5
[INFO GRT-0012] Found 5 antenna violations.
[INFO DPL-0006] Core area: 737937.74 um^2
[INFO DPL-0007] Movable instances area: 5.00 um^2
[INFO DPL-0008] Fixed instances area within core: 278024.56 um^2
[INFO DPL-0009] Utilization: 37.7%
[INFO DPL-0005] Diamond search max displacement: +/- 500 sites horizontally, +/- 100 rows vertically.
[INFO DPL-1102] Legalizing using negotiation legalizer.
[INFO DPL-1103] Negotiation base search window: +/-20 sites horizontally, +/-5 rows vertically 
	Automatic search window extension enabled.
	Search window extendable up to the max displacement cap of +/-500 sites, +/-100 rows near walls.
[INFO DPL-1104] NegotiationLegalizer DRC penalty: 5.
[INFO DPL-0392] Negotiation cell height distribution (3 unique row-count(s)):
[INFO DPL-0393]   height 1 row(s): 7515 cells
[INFO DPL-0393]   height 83 row(s): 1 cells
[INFO DPL-0393]   height 108 row(s): 1 cells
[INFO DPL-0500] Runtime: 0.03s
[INFO GRT-0015] Inserted 5 diodes.
[INFO DRT-0024]   Complete FR_MASTERSLICE.
[INFO DRT-0024]   Complete Fr_VIA.
[INFO DRT-0024]   Complete li1.
[INFO DRT-0024]   Complete mcon.
[INFO DRT-0024]   Complete met1.
[INFO DRT-0024]   Complete via.
[INFO DRT-0024]   Complete met2.
[INFO DRT-0024]   Complete via2.
[INFO DRT-0024]   Complete met3.
[INFO DRT-0024]   Complete via3.
[INFO DRT-0024]   Complete met4.
[INFO DRT-0024]   Complete via4.
[INFO DRT-0024]   Complete met5.
[INFO DRT-0165] Start pin access.
[INFO DRT-0078]   Complete 881 pins.
[INFO DRT-0081]   Complete 93 unique inst patterns.
[INFO DRT-0084]   Complete 860 groups.
#scanned instances     = 7517
#unique  instances     = 95
#stdCellGenAp          = 2672
#stdCellValidPlanarAp  = 30
#stdCellValidViaAp     = 1967
#stdCellPinNoAp        = 0
#stdCellPinCnt         = 2952
#instTermValidViaApCnt = 0
#macroGenAp            = 426
#macroValidPlanarAp    = 328
#macroValidViaAp       = 0
#macroNoAp             = 0
[INFO DRT-0166] Complete pin access.
[INFO DRT-0267] cpu time = 00:00:53, elapsed time = 00:00:13, memory = 704.05 (MB), peak = 820.68 (MB)

[INFO DRT-0157] Number of guides:     8852

[INFO DRT-0169] Post process guides.
[INFO DRT-0176] GCELLGRID X 0 DO 188 STEP 6900 ;
[INFO DRT-0177] GCELLGRID Y 0 DO 86 STEP 6900 ;
[INFO DRT-0028]   Complete FR_MASTERSLICE.
[INFO DRT-0028]   Complete Fr_VIA.
[INFO DRT-0028]   Complete li1.
[INFO DRT-0028]   Complete mcon.
[INFO DRT-0028]   Complete met1.
[INFO DRT-0028]   Complete via.
[INFO DRT-0028]   Complete met2.
[INFO DRT-0028]   Complete via2.
[INFO DRT-0028]   Complete met3.
[INFO DRT-0028]   Complete via3.
[INFO DRT-0028]   Complete met4.
[INFO DRT-0028]   Complete via4.
[INFO DRT-0028]   Complete met5.
[INFO DRT-0178] Init guide query.
[INFO DRT-0035]   Complete FR_MASTERSLICE (guide).
[INFO DRT-0035]   Complete Fr_VIA (guide).
[INFO DRT-0035]   Complete li1 (guide).
[INFO DRT-0035]   Complete mcon (guide).
[INFO DRT-0035]   Complete met1 (guide).
[INFO DRT-0035]   Complete via (guide).
[INFO DRT-0035]   Complete met2 (guide).
[INFO DRT-0035]   Complete via2 (guide).
[INFO DRT-0035]   Complete met3 (guide).
[INFO DRT-0035]   Complete via3 (guide).
[INFO DRT-0035]   Complete met4 (guide).
[INFO DRT-0035]   Complete via4 (guide).
[INFO DRT-0035]   Complete met5 (guide).
[INFO DRT-0036] FR_MASTERSLICE guide region query size = 0.
[INFO DRT-0036] FR_VIA guide region query size = 0.
[INFO DRT-0036] li1 guide region query size = 2657.
[INFO DRT-0036] mcon guide region query size = 0.
[INFO DRT-0036] met1 guide region query size = 2569.
[INFO DRT-0036] via guide region query size = 0.
[INFO DRT-0036] met2 guide region query size = 1510.
[INFO DRT-0036] via2 guide region query size = 0.
[INFO DRT-0036] met3 guide region query size = 408.
[INFO DRT-0036] via3 guide region query size = 0.
[INFO DRT-0036] met4 guide region query size = 205.
[INFO DRT-0036] via4 guide region query size = 0.
[INFO DRT-0036] met5 guide region query size = 11.
[INFO DRT-0179] Init gr pin query.
[INFO DRT-0267] cpu time = 00:00:00, elapsed time = 00:00:00, memory = 704.05 (MB), peak = 820.68 (MB)
[INFO DRT-0245] skipped writing guide updates to database.
[INFO DRT-0181] Start track assignment.
[INFO DRT-0184] Done with 4372 vertical wires in 4 frboxes and 2988 horizontal wires in 2 frboxes.
[INFO DRT-0186] Done with 659 vertical wires in 4 frboxes and 895 horizontal wires in 2 frboxes.
[INFO DRT-0182] Complete track assignment.
[INFO DRT-0267] cpu time = 00:00:02, elapsed time = 00:00:00, memory = 704.05 (MB), peak = 820.68 (MB)
[INFO DRT-0187] Start routing data preparation.
[INFO DRT-0267] cpu time = 00:00:00, elapsed time = 00:00:00, memory = 704.05 (MB), peak = 820.68 (MB)
[INFO DRT-0194] Start detail routing.
[INFO DRT-0195] Start 0th optimization iteration.
    Completing 10% with 0 violations.
    elapsed time = 00:00:00, memory = 704.05 (MB).
    Completing 20% with 0 violations.
    elapsed time = 00:00:00, memory = 704.05 (MB).
    Completing 30% with 15 violations.
    elapsed time = 00:00:00, memory = 704.05 (MB).
    Completing 40% with 15 violations.
    elapsed time = 00:00:01, memory = 704.05 (MB).
    Completing 50% with 15 violations.
    elapsed time = 00:00:01, memory = 704.05 (MB).
    Completing 60% with 15 violations.
    elapsed time = 00:00:01, memory = 704.05 (MB).
    Completing 70% with 15 violations.
    elapsed time = 00:00:02, memory = 704.05 (MB).
    Completing 80% with 22 violations.
    elapsed time = 00:00:02, memory = 704.05 (MB).
    Completing 90% with 22 violations.
    elapsed time = 00:00:02, memory = 704.05 (MB).
    Completing 100% with 27 violations.
    elapsed time = 00:00:02, memory = 704.05 (MB).
[INFO DRT-0199]   Number of violations = 30.
Viol/Layer        met1   met2
Metal Spacing        3      0
Recheck              0      3
Short               13     11
[INFO DRT-0267] cpu time = 00:00:09, elapsed time = 00:00:03, memory = 830.50 (MB), peak = 830.37 (MB)
Total wire length = 73540 um.
Total wire length on LAYER li1 = 0 um.
Total wire length on LAYER met1 = 20201 um.
Total wire length on LAYER met2 = 38826 um.
Total wire length on LAYER met3 = 8206 um.
Total wire length on LAYER met4 = 6153 um.
Total wire length on LAYER met5 = 152 um.
Total number of vias = 7104.
Up-via summary (total 7104):

-----------------------
 FR_MASTERSLICE       0
            li1    2968
           met1    3280
           met2     546
           met3     290
           met4      20
-----------------------
               7104


[INFO DRT-0195] Start 1st optimization iteration.
    Completing 10% with 30 violations.
    elapsed time = 00:00:00, memory = 830.50 (MB).
    Completing 20% with 30 violations.
    elapsed time = 00:00:00, memory = 833.96 (MB).
    Completing 30% with 29 violations.
    elapsed time = 00:00:00, memory = 833.96 (MB).
    Completing 40% with 29 violations.
    elapsed time = 00:00:01, memory = 866.29 (MB).
    Completing 50% with 29 violations.
    elapsed time = 00:00:01, memory = 833.96 (MB).
    Completing 60% with 29 violations.
    elapsed time = 00:00:02, memory = 833.96 (MB).
    Completing 70% with 29 violations.
    elapsed time = 00:00:02, memory = 833.96 (MB).
    Completing 80% with 25 violations.
    elapsed time = 00:00:02, memory = 833.96 (MB).
    Completing 90% with 25 violations.
    elapsed time = 00:00:02, memory = 833.96 (MB).
    Completing 100% with 13 violations.
    elapsed time = 00:00:02, memory = 833.96 (MB).
[INFO DRT-0199]   Number of violations = 13.
Viol/Layer        met1   met2
Short               11      2
[INFO DRT-0267] cpu time = 00:00:08, elapsed time = 00:00:03, memory = 704.64 (MB), peak = 866.12 (MB)
Total wire length = 73535 um.
Total wire length on LAYER li1 = 0 um.
Total wire length on LAYER met1 = 20203 um.
Total wire length on LAYER met2 = 38820 um.
Total wire length on LAYER met3 = 8206 um.
Total wire length on LAYER met4 = 6153 um.
Total wire length on LAYER met5 = 152 um.
Total number of vias = 7104.
Up-via summary (total 7104):

-----------------------
 FR_MASTERSLICE       0
            li1    2968
           met1    3280
           met2     546
           met3     290
           met4      20
-----------------------
               7104


[INFO DRT-0195] Start 2nd optimization iteration.
    Completing 10% with 13 violations.
    elapsed time = 00:00:00, memory = 704.64 (MB).
    Completing 20% with 13 violations.
    elapsed time = 00:00:00, memory = 704.64 (MB).
    Completing 30% with 13 violations.
    elapsed time = 00:00:00, memory = 704.64 (MB).
    Completing 40% with 13 violations.
    elapsed time = 00:00:00, memory = 704.64 (MB).
    Completing 50% with 13 violations.
    elapsed time = 00:00:00, memory = 704.64 (MB).
    Completing 60% with 13 violations.
    elapsed time = 00:00:00, memory = 704.64 (MB).
    Completing 70% with 13 violations.
    elapsed time = 00:00:00, memory = 704.64 (MB).
    Completing 80% with 13 violations.
    elapsed time = 00:00:00, memory = 704.64 (MB).
    Completing 90% with 13 violations.
    elapsed time = 00:00:00, memory = 704.64 (MB).
    Completing 100% with 12 violations.
    elapsed time = 00:00:00, memory = 704.64 (MB).
[INFO DRT-0199]   Number of violations = 12.
Viol/Layer        met1   met2
Short               11      1
[INFO DRT-0267] cpu time = 00:00:01, elapsed time = 00:00:00, memory = 833.96 (MB), peak = 866.12 (MB)
Total wire length = 73535 um.
Total wire length on LAYER li1 = 0 um.
Total wire length on LAYER met1 = 20203 um.
Total wire length on LAYER met2 = 38820 um.
Total wire length on LAYER met3 = 8206 um.
Total wire length on LAYER met4 = 6153 um.
Total wire length on LAYER met5 = 152 um.
Total number of vias = 7104.
Up-via summary (total 7104):

-----------------------
 FR_MASTERSLICE       0
            li1    2968
           met1    3280
           met2     546
           met3     290
           met4      20
-----------------------
               7104


[INFO DRT-0195] Start 3rd guides tiles iteration.
    Completing 20% with 12 violations.
    elapsed time = 00:00:00, memory = 833.96 (MB).
    Completing 40% with 12 violations.
    elapsed time = 00:00:00, memory = 833.96 (MB).
    Completing 60% with 12 violations.
    elapsed time = 00:00:00, memory = 833.96 (MB).
    Completing 80% with 0 violations.
    elapsed time = 00:00:00, memory = 833.96 (MB).
    Completing 100% with 0 violations.
    elapsed time = 00:00:00, memory = 833.96 (MB).
[INFO DRT-0199]   Number of violations = 0.
[INFO DRT-0267] cpu time = 00:00:00, elapsed time = 00:00:00, memory = 707.66 (MB), peak = 866.12 (MB)
Total wire length = 73538 um.
Total wire length on LAYER li1 = 0 um.
Total wire length on LAYER met1 = 20192 um.
Total wire length on LAYER met2 = 38820 um.
Total wire length on LAYER met3 = 8219 um.
Total wire length on LAYER met4 = 6153 um.
Total wire length on LAYER met5 = 152 um.
Total number of vias = 7113.
Up-via summary (total 7113):

-----------------------
 FR_MASTERSLICE       0
            li1    2968
           met1    3287
           met2     548
           met3     290
           met4      20
-----------------------
               7113


[INFO DRT-0198] Complete detail routing.
Total wire length = 73538 um.
Total wire length on LAYER li1 = 0 um.
Total wire length on LAYER met1 = 20192 um.
Total wire length on LAYER met2 = 38820 um.
Total wire length on LAYER met3 = 8219 um.
Total wire length on LAYER met4 = 6153 um.
Total wire length on LAYER met5 = 152 um.
Total number of vias = 7113.
Up-via summary (total 7113):

-----------------------
 FR_MASTERSLICE       0
            li1    2968
           met1    3287
           met2     548
           met3     290
           met4      20
-----------------------
               7113


[INFO DRT-0267] cpu time = 00:00:19, elapsed time = 00:00:07, memory = 707.66 (MB), peak = 866.12 (MB)

[INFO DRT-0180] Post processing.
[INFO DRT-0501] Runtime: 22.36s
[INFO ANT-0002] Found 0 net violations.
[INFO ANT-0001] Found 0 pin violations.
[INFO ANT-0002] Found 0 net violations.
[INFO ANT-0001] Found 0 pin violations.
Design area 278035 um^2 38% utilization.
write_db /work/campaigns/iscas_sustainability_extension/memory_compiler/gate3_attempt06_replacement_sram_backend_qualification/raw/openroad/work/results/sky130hd/attempt06_e0/base/5_2_route.odb
Elapsed time: 2:23.59[h:]min:sec. CPU time: user 283.10 sys 2.50 (198%). Peak memory: 886904KB.
Log                       Ext     Elapsed/s Peak Memory/MB sha1sum result [0:20)
5_2_route                 .odb          143            866 e9594bda3e341a86b3b4
/OpenROAD-flow-scripts/flow/scripts/flow.sh 5_3_fillcell fillcell
Running fillcell.tcl, stage 5_3_fillcell
read_liberty /OpenROAD-flow-scripts/flow/platforms/sky130hd/lib/sky130_fd_sc_hd__tt_025C_1v80.lib
read_liberty /work/campaigns/iscas_sustainability_extension/memory_compiler/gate3_attempt06_replacement_sram_backend_qualification/source_checkout/sram22_256x64m4w8/sram22_256x64m4w8_tt_025C_1v80.lib
read_liberty /work/campaigns/iscas_sustainability_extension/memory_compiler/gate3_attempt06_replacement_sram_backend_qualification/source_checkout/sram22_256x8m8w1/sram22_256x8m8w1_tt_025C_1v80.lib
read_db /work/campaigns/iscas_sustainability_extension/memory_compiler/gate3_attempt06_replacement_sram_backend_qualification/raw/openroad/work/results/sky130hd/attempt06_e0/base/5_2_route.odb
read_sdc /work/campaigns/iscas_sustainability_extension/memory_compiler/gate3_attempt06_replacement_sram_backend_qualification/raw/openroad/work/results/sky130hd/attempt06_e0/base/5_1_grt.sdc
source /OpenROAD-flow-scripts/flow/platforms/sky130hd/setRC.tcl
filler_placement "sky130_fd_sc_hd__fill_1 sky130_fd_sc_hd__fill_2 sky130_fd_sc_hd__fill_4 sky130_fd_sc_hd__fill_8"
[INFO DPL-0001] Placed 56328 filler instances.
Design area 278035 um^2 38% utilization.
write_db /work/campaigns/iscas_sustainability_extension/memory_compiler/gate3_attempt06_replacement_sram_backend_qualification/raw/openroad/work/results/sky130hd/attempt06_e0/base/5_3_fillcell.odb
Elapsed time: 0:05.04[h:]min:sec. CPU time: user 1.43 sys 0.58 (39%). Peak memory: 216076KB.
Log                       Ext     Elapsed/s Peak Memory/MB sha1sum result [0:20)
5_3_fillcell              .odb            5            211 9be0c9598cd0a2e6525d
cp /work/campaigns/iscas_sustainability_extension/memory_compiler/gate3_attempt06_replacement_sram_backend_qualification/raw/openroad/work/results/sky130hd/attempt06_e0/base/5_3_fillcell.odb /work/campaigns/iscas_sustainability_extension/memory_compiler/gate3_attempt06_replacement_sram_backend_qualification/raw/openroad/work/results/sky130hd/attempt06_e0/base/5_route.odb
cp /work/campaigns/iscas_sustainability_extension/memory_compiler/gate3_attempt06_replacement_sram_backend_qualification/raw/openroad/work/results/sky130hd/attempt06_e0/base/5_1_grt.sdc /work/campaigns/iscas_sustainability_extension/memory_compiler/gate3_attempt06_replacement_sram_backend_qualification/raw/openroad/work/results/sky130hd/attempt06_e0/base/5_route.sdc
/OpenROAD-flow-scripts/flow/scripts/flow.sh 6_1_fill density_fill
Running density_fill.tcl, stage 6_1_fill
read_liberty /OpenROAD-flow-scripts/flow/platforms/sky130hd/lib/sky130_fd_sc_hd__tt_025C_1v80.lib
read_liberty /work/campaigns/iscas_sustainability_extension/memory_compiler/gate3_attempt06_replacement_sram_backend_qualification/source_checkout/sram22_256x64m4w8/sram22_256x64m4w8_tt_025C_1v80.lib
read_liberty /work/campaigns/iscas_sustainability_extension/memory_compiler/gate3_attempt06_replacement_sram_backend_qualification/source_checkout/sram22_256x8m8w1/sram22_256x8m8w1_tt_025C_1v80.lib
read_db /work/campaigns/iscas_sustainability_extension/memory_compiler/gate3_attempt06_replacement_sram_backend_qualification/raw/openroad/work/results/sky130hd/attempt06_e0/base/5_route.odb
read_sdc /work/campaigns/iscas_sustainability_extension/memory_compiler/gate3_attempt06_replacement_sram_backend_qualification/raw/openroad/work/results/sky130hd/attempt06_e0/base/5_route.sdc
source /OpenROAD-flow-scripts/flow/platforms/sky130hd/setRC.tcl
exec cp /work/campaigns/iscas_sustainability_extension/memory_compiler/gate3_attempt06_replacement_sram_backend_qualification/raw/openroad/work/results/sky130hd/attempt06_e0/base/5_route.odb /work/campaigns/iscas_sustainability_extension/memory_compiler/gate3_attempt06_replacement_sram_backend_qualification/raw/openroad/work/results/sky130hd/attempt06_e0/base/6_1_fill.odb
Elapsed time: 0:03.20[h:]min:sec. CPU time: user 0.97 sys 0.56 (47%). Peak memory: 170792KB.
Log                       Ext     Elapsed/s Peak Memory/MB sha1sum result [0:20)
6_1_fill                  .odb            3            166 9be0c9598cd0a2e6525d
cp /work/campaigns/iscas_sustainability_extension/memory_compiler/gate3_attempt06_replacement_sram_backend_qualification/raw/openroad/work/results/sky130hd/attempt06_e0/base/5_route.sdc /work/campaigns/iscas_sustainability_extension/memory_compiler/gate3_attempt06_replacement_sram_backend_qualification/raw/openroad/work/results/sky130hd/attempt06_e0/base/6_1_fill.sdc
/OpenROAD-flow-scripts/flow/scripts/flow.sh 6_report final_report
Running final_report.tcl, stage 6_report
read_liberty /OpenROAD-flow-scripts/flow/platforms/sky130hd/lib/sky130_fd_sc_hd__tt_025C_1v80.lib
read_liberty /work/campaigns/iscas_sustainability_extension/memory_compiler/gate3_attempt06_replacement_sram_backend_qualification/source_checkout/sram22_256x64m4w8/sram22_256x64m4w8_tt_025C_1v80.lib
read_liberty /work/campaigns/iscas_sustainability_extension/memory_compiler/gate3_attempt06_replacement_sram_backend_qualification/source_checkout/sram22_256x8m8w1/sram22_256x8m8w1_tt_025C_1v80.lib
read_db /work/campaigns/iscas_sustainability_extension/memory_compiler/gate3_attempt06_replacement_sram_backend_qualification/raw/openroad/work/results/sky130hd/attempt06_e0/base/6_1_fill.odb
read_sdc /work/campaigns/iscas_sustainability_extension/memory_compiler/gate3_attempt06_replacement_sram_backend_qualification/raw/openroad/work/results/sky130hd/attempt06_e0/base/6_1_fill.sdc
source /OpenROAD-flow-scripts/flow/platforms/sky130hd/setRC.tcl
write_db /work/campaigns/iscas_sustainability_extension/memory_compiler/gate3_attempt06_replacement_sram_backend_qualification/raw/openroad/work/results/sky130hd/attempt06_e0/base/6_final.odb
write_sdc -no_timestamp /work/campaigns/iscas_sustainability_extension/memory_compiler/gate3_attempt06_replacement_sram_backend_qualification/raw/openroad/work/results/sky130hd/attempt06_e0/base/6_final.sdc
Deleted 0 routing obstructions
Warning: master sky130_ef_sc_hd__decap_12 has signal pins but no liberty cell
[INFO RCX-0431] Defined process_corner X with ext_model_index 0
[INFO RCX-0029] Defined extraction corner X
[WARNING RCX-0514] The ext_model_file option is deprecated. Use set_extraction_rules_file command instead.
[INFO RCX-0435] Reading extraction model file /OpenROAD-flow-scripts/flow/platforms/sky130hd/rcx_patterns.rules ...
[INFO RCX-0436] RC segment generation e0_sram22_top (max_merge_res 50.0) ...
[INFO RCX-0040] Final 3663 rc segments
[INFO RCX-0439] Coupling Cap extraction e0_sram22_top ...
[INFO RCX-0440] Coupling threshhold is 0.1000 fF, coupling capacitance less than 0.1000 fF will be grounded.
[INFO RCX-0442] 84% of 25223 wires extracted
[INFO RCX-0442] 89% of 25223 wires extracted
[INFO RCX-0442] 100% of 25223 wires extracted
[INFO RCX-0045] Extract 1278 nets, 4941 rsegs, 4941 caps, 7999 ccs
[INFO RCX-0443] 1278 nets finished
[INFO PSM-0040] All shapes on net VDD are connected.
########## IR report #################
Net              : VDD
Corner           : default
Total power      : 1.95e-03 W
Supply voltage   : 1.80e+00 V
Worstcase voltage: 1.80e+00 V
Average voltage  : 1.80e+00 V
Average IR drop  : 4.27e-07 V
Worstcase IR drop: 1.50e-04 V
Percentage drop  : 0.01 %
######################################
[INFO PSM-0040] All shapes on net VSS are connected.
########## IR report #################
Net              : VSS
Corner           : default
Total power      : 1.95e-03 W
Supply voltage   : 0.00e+00 V
Worstcase voltage: 2.51e-04 V
Average voltage  : 4.13e-07 V
Average IR drop  : 4.13e-07 V
Worstcase IR drop: 2.51e-04 V
Percentage drop  : 0.01 %
######################################
Cell type report:                       Count       Area
  Macro                                     2  260331.57
  Fill cell                             56328  454653.55
  Tap cell                               6379    7981.40
  Antenna cell                              5      12.51
  Clock buffer                              3      75.07
  Timing Repair Buffer                    597    4468.04
  Clock inverter                            1      30.03
  Multi-Input combinational cell          530    5136.18
  Total                                 63845  732688.34
Report metrics stage 6, finish...

==========================================================================
finish report_design_area
--------------------------------------------------------------------------
Design area 278035 um^2 38% utilization.
[WARNING GUI-0076] QStandardPaths: XDG_RUNTIME_DIR not set, defaulting to '/tmp/runtime-root'
Elapsed time: 0:23.49[h:]min:sec. CPU time: user 12.94 sys 1.69 (62%). Peak memory: 385532KB.
Log                       Ext     Elapsed/s Peak Memory/MB sha1sum result [0:20)
6_report                                 23            376                  N/A
cp /OpenROAD-flow-scripts/flow/platforms/sky130hd/lef/sky130_fd_sc_hd.tlef /work/campaigns/iscas_sustainability_extension/memory_compiler/gate3_attempt06_replacement_sram_backend_qualification/raw/openroad/work/objects/sky130hd/attempt06_e0/base/klayout_tech.lef
/usr/bin/python3 /OpenROAD-flow-scripts/flow/util/generate_klayout_tech.py \
	--template /OpenROAD-flow-scripts/flow/platforms/sky130hd/sky130hd.lyt \
	--output /work/campaigns/iscas_sustainability_extension/memory_compiler/gate3_attempt06_replacement_sram_backend_qualification/raw/openroad/work/objects/sky130hd/attempt06_e0/base/klayout.lyt \
	--lef-files /work/campaigns/iscas_sustainability_extension/memory_compiler/gate3_attempt06_replacement_sram_backend_qualification/raw/openroad/work/objects/sky130hd/attempt06_e0/base/klayout_tech.lef /OpenROAD-flow-scripts/flow/platforms/sky130hd/lef/sky130_fd_sc_hd_merged.lef /work/campaigns/iscas_sustainability_extension/memory_compiler/gate3_attempt06_replacement_sram_backend_qualification/source_checkout/sram22_256x64m4w8/sram22_256x64m4w8.lef /work/campaigns/iscas_sustainability_extension/memory_compiler/gate3_attempt06_replacement_sram_backend_qualification/source_checkout/sram22_256x8m8w1/sram22_256x8m8w1.lef   \
	--map-files 
/usr/bin/python3 /OpenROAD-flow-scripts/flow/scripts/run_command.py --log /work/campaigns/iscas_sustainability_extension/memory_compiler/gate3_attempt06_replacement_sram_backend_qualification/raw/openroad/work/logs/sky130hd/attempt06_e0/base/6_1_merge.log --tee -- \
        /OpenROAD-flow-scripts/flow/scripts/klayout.sh -zz -rd design_name=e0_sram22_top \
        -rd in_def=/work/campaigns/iscas_sustainability_extension/memory_compiler/gate3_attempt06_replacement_sram_backend_qualification/raw/openroad/work/results/sky130hd/attempt06_e0/base/6_final.def \
        -rd in_files="/OpenROAD-flow-scripts/flow/platforms/sky130hd/gds/sky130_fd_sc_hd.gds /work/campaigns/iscas_sustainability_extension/memory_compiler/gate3_attempt06_replacement_sram_backend_qualification/raw/derived_gds/sram22_256x64m4w8.gds /work/campaigns/iscas_sustainability_extension/memory_compiler/gate3_attempt06_replacement_sram_backend_qualification/raw/derived_gds/sram22_256x8m8w1.gds " \
        -rd seal_file="" \
        -rd out_file=/work/campaigns/iscas_sustainability_extension/memory_compiler/gate3_attempt06_replacement_sram_backend_qualification/raw/openroad/work/results/sky130hd/attempt06_e0/base/6_1_merged.gds \
        -rd tech_file=/work/campaigns/iscas_sustainability_extension/memory_compiler/gate3_attempt06_replacement_sram_backend_qualification/raw/openroad/work/objects/sky130hd/attempt06_e0/base/klayout.lyt \
        -rd layer_map= \
        -r /OpenROAD-flow-scripts/flow/util/def2stream.py
KLayout 0.30.7
[INFO] Reporting cells prior to loading DEF ...
	/OpenROAD-flow-scripts/flow/platforms/sky130hd/gds/sky130_fd_sc_hd.gds
	/work/campaigns/iscas_sustainability_extension/memory_compiler/gate3_attempt06_replacement_sram_backend_qualification/raw/derived_gds/sram22_256x64m4w8.gds
	/work/campaigns/iscas_sustainability_extension/memory_compiler/gate3_attempt06_replacement_sram_backend_qualification/raw/derived_gds/sram22_256x8m8w1.gds
[INFO] All LEF cells have matching GDS/OAS cells
[INFO] No orphan cells in the final layout
Elapsed time: 0:11.25[h:]min:sec. CPU time: user 5.70 sys 1.66 (65%). Peak memory: 652724KB.
cp /work/campaigns/iscas_sustainability_extension/memory_compiler/gate3_attempt06_replacement_sram_backend_qualification/raw/openroad/work/results/sky130hd/attempt06_e0/base/6_1_merged.gds /work/campaigns/iscas_sustainability_extension/memory_compiler/gate3_attempt06_replacement_sram_backend_qualification/raw/openroad/work/results/sky130hd/attempt06_e0/base/6_final.gds
/work/campaigns/iscas_sustainability_extension/memory_compiler/gate3_attempt06_replacement_sram_backend_qualification/raw/openroad/work/logs/sky130hd/attempt06_e0/base
Log                       Ext     Elapsed/s Peak Memory/MB sha1sum result [0:20)
1_1_yosys_canonicalize    .rtlil          0             59 eace4aac84df40865f7e
1_2_yosys                 .v              5             63 bd4f27e4618cec010fcc
1_2_yosys                 .sdc                             9ba0d7ff1fe6fa95e46b
1_synth                   .odb            1            125 3f9a982ae1d0384de8ed
1_synth                   .sdc                             449fc72f0abfd7eed5f3
2_1_floorplan             .odb            2            143 8d80054b775489b96609
2_1_floorplan             .sdc                             449fc72f0abfd7eed5f3
2_2_floorplan_macro       .odb            4            124 19ab0e147e6c6536c513
2_3_floorplan_tapcell     .odb            1            125 7f197bc3d4ebb4ce0f96
2_4_floorplan_pdn         .odb            3            150 4b2a219ecebd66b089a7
3_1_place_gp_skip_io      .odb            4            136 65986e9fbc101c5f1274
3_2_place_iop             .odb            2            133 b0f4affc74ede4bf6e54
3_3_place_gp              .odb            7            289 78b097e54c55bd1cbeb4
3_4_place_resized         .odb            6            149 c1ec85c90f4d1947ce64
3_5_place_dp              .odb            6            169 c1ba51b1356b232ac795
4_1_cts                   .odb            7            184 24f524573b02eeb13af6
5_1_grt                   .odb           21            329 50998bd65598ffea67c9
5_1_grt                   .sdc                             3cad56baab78945476a2
5_2_route                 .odb          143            866 e9594bda3e341a86b3b4
5_3_fillcell              .odb            5            211 9be0c9598cd0a2e6525d
6_1_fill                  .odb            3            166 9be0c9598cd0a2e6525d
6_1_fill                  .sdc                             3cad56baab78945476a2
6_1_merge                                11            637                  N/A
6_report                                 23            376                  N/A
Total                                   254            866                     
