mkdir -p /work/campaigns/iscas_sustainability_extension/memory_compiler/gate3_attempt06_replacement_sram_backend_qualification/raw/openroad/work/results/sky130hd/attempt06_u0/base/
echo 10.0 > /work/campaigns/iscas_sustainability_extension/memory_compiler/gate3_attempt06_replacement_sram_backend_qualification/raw/openroad/work/results/sky130hd/attempt06_u0/base/clock_period.txt
/OpenROAD-flow-scripts/flow/scripts/synth.sh /OpenROAD-flow-scripts/flow/scripts/synth_canonicalize.tcl /work/campaigns/iscas_sustainability_extension/memory_compiler/gate3_attempt06_replacement_sram_backend_qualification/raw/openroad/work/logs/sky130hd/attempt06_u0/base/1_1_yosys_canonicalize.log
Using ABC speed script.
Extracting clock period from SDC file: /work/campaigns/iscas_sustainability_extension/memory_compiler/gate3_attempt06_replacement_sram_backend_qualification/raw/openroad/work/results/sky130hd/attempt06_u0/base/clock_period.txt
Setting clock period to 10.0
1. Executing Liberty frontend: /OpenROAD-flow-scripts/flow/platforms/sky130hd/lib/sky130_fd_sc_hd__tt_025C_1v80.lib
2. Executing Liberty frontend: /work/campaigns/iscas_sustainability_extension/memory_compiler/gate3_attempt06_replacement_sram_backend_qualification/source_checkout/sram22_256x64m4w8/sram22_256x64m4w8_tt_025C_1v80.lib
3. Executing Liberty frontend: /OpenROAD-flow-scripts/flow/platforms/sky130hd/lib/sky130_fd_sc_hd__tt_025C_1v80.lib
4. Executing Liberty frontend: /work/campaigns/iscas_sustainability_extension/memory_compiler/gate3_attempt06_replacement_sram_backend_qualification/source_checkout/sram22_256x64m4w8/sram22_256x64m4w8_tt_025C_1v80.lib
5. Executing Verilog-2005 frontend: /work/campaigns/iscas_sustainability_extension/memory_compiler/gate3_attempt06_replacement_sram_backend_qualification/source_checkout/sram22_256x64m4w8/sram22_256x64m4w8.v
6. Executing Verilog-2005 frontend: /work/campaigns/iscas_sustainability_extension/memory_compiler/gate3_attempt06_replacement_sram_backend_qualification/rtl/unprotected_sram_256x64_sram22.sv
7. Executing Verilog-2005 frontend: /OpenROAD-flow-scripts/flow/platforms/sky130hd/cells_clkgate_hd.v
8. Executing HIERARCHY pass (managing design hierarchy).
9. Executing AST frontend in derive mode using pre-parsed AST for module `\u0_sram22_top'.
9.1. Analyzing design hierarchy..
9.2. Analyzing design hierarchy..
Warning: Selection "sram22_256x64m4w8" did not match any module.
10. Executing HIERARCHY pass (managing design hierarchy).
10.1. Analyzing design hierarchy..
10.2. Analyzing design hierarchy..
11. Executing OPT_CLEAN pass (remove unused cells and wires).
12. Executing RTLIL backend.
Warnings: 1 unique messages, 1 total
End of script. Logfile hash: 651b29c7e2, time: 0.67s, user: 0.26s, system: 0.15s, MEM: 56.41 MB peak
Yosys 0.68+post (git sha1 UNKNOWN, Release, GNU /usr/local/bin/wrapped-cc/g++ 11.4.0)
Time spent: 79% 6x read_liberty (0 sec), 9% 2x write_rtlil (0 sec), ...
Elapsed time: 0:00.69[h:]min:sec. CPU time: user 0.29 sys 0.18 (66%). Peak memory: 60516KB.
Log                       Ext     Elapsed/s Peak Memory/MB sha1sum result [0:20)
1_1_yosys_canonicalize    .rtlil          0             59 76e9ba66a3c725d490cb
/OpenROAD-flow-scripts/flow/scripts/synth.sh /OpenROAD-flow-scripts/flow/scripts/synth.tcl /work/campaigns/iscas_sustainability_extension/memory_compiler/gate3_attempt06_replacement_sram_backend_qualification/raw/openroad/work/logs/sky130hd/attempt06_u0/base/1_2_yosys.log
Using ABC speed script.
Extracting clock period from SDC file: /work/campaigns/iscas_sustainability_extension/memory_compiler/gate3_attempt06_replacement_sram_backend_qualification/raw/openroad/work/results/sky130hd/attempt06_u0/base/clock_period.txt
Setting clock period to 10.0
1. Executing RTLIL frontend.
Warning: Selection "sram22_256x64m4w8" did not match any module.
2. Executing HIERARCHY pass (managing design hierarchy).
2.1. Analyzing design hierarchy..
2.2. Analyzing design hierarchy..
3. Executing SYNTH pass.
3.1. Executing HIERARCHY pass (managing design hierarchy).
3.1.1. Analyzing design hierarchy..
3.1.2. Analyzing design hierarchy..
3.2. Executing PROC pass (convert processes to netlists).
3.2.1. Executing PROC_CLEAN pass (remove empty switches from decision trees).
3.2.2. Executing PROC_RMDEAD pass (remove dead branches from decision trees).
3.2.3. Executing PROC_PRUNE pass (remove redundant assignments in processes).
3.2.4. Executing PROC_INIT pass (extract init attributes).
3.2.5. Executing PROC_ARST pass (detect async resets in processes).
3.2.6. Executing PROC_ROM pass (convert switches to ROMs).
3.2.7. Executing PROC_MUX pass (convert decision trees to multiplexers).
3.2.8. Executing PROC_DLATCH pass (convert process syncs to latches).
3.2.9. Executing PROC_DFF pass (convert process syncs to FFs).
3.2.10. Executing PROC_MEMWR pass (convert process memory writes to cells).
3.2.11. Executing PROC_CLEAN pass (remove empty switches from decision trees).
3.2.12. Executing OPT_EXPR pass (perform const folding).
3.3. Executing CHECK pass (checking for obvious problems).
3.4. Executing FLATTEN pass (flatten design).
3.5. Executing OPT_EXPR pass (perform const folding).
3.6. Executing OPT_CLEAN pass (remove unused cells and wires).
3.7. Executing CHECK pass (checking for obvious problems).
3.8. Executing OPT pass (performing simple optimizations).
3.8.1. Executing OPT_EXPR pass (perform const folding).
3.8.2. Executing OPT_MERGE pass (detect identical cells).
3.8.3. Executing OPT_MUXTREE pass (detect dead branches in mux trees).
3.8.4. Executing OPT_REDUCE pass (consolidate $*mux and $reduce_* inputs).
3.8.5. Executing OPT_MERGE pass (detect identical cells).
3.8.6. Executing OPT_DFF pass (perform DFF optimizations).
3.8.7. Executing OPT_CLEAN pass (remove unused cells and wires).
3.8.8. Executing OPT_EXPR pass (perform const folding).
3.8.9. Finished fast OPT passes. (There is nothing left to do.)
3.9. Executing FSM pass (extract and optimize FSM).
3.9.1. Executing FSM_DETECT pass (finding FSMs in design).
3.9.2. Executing FSM_EXTRACT pass (extracting FSM from design).
3.9.3. Executing FSM_OPT pass (simple optimizations of FSMs).
3.9.4. Executing OPT_CLEAN pass (remove unused cells and wires).
3.9.5. Executing FSM_OPT pass (simple optimizations of FSMs).
3.9.6. Executing FSM_RECODE pass (re-assigning FSM state encoding).
3.9.7. Executing FSM_INFO pass (dumping all available information on FSM cells).
3.9.8. Executing FSM_MAP pass (mapping FSMs to basic logic).
3.10. Executing OPT pass (performing simple optimizations).
3.10.1. Executing OPT_EXPR pass (perform const folding).
3.10.2. Executing OPT_MERGE pass (detect identical cells).
3.10.3. Executing OPT_MUXTREE pass (detect dead branches in mux trees).
3.10.4. Executing OPT_REDUCE pass (consolidate $*mux and $reduce_* inputs).
3.10.5. Executing OPT_MERGE pass (detect identical cells).
3.10.6. Executing OPT_DFF pass (perform DFF optimizations).
3.10.7. Executing OPT_CLEAN pass (remove unused cells and wires).
3.10.8. Executing OPT_EXPR pass (perform const folding).
3.10.9. Finished fast OPT passes. (There is nothing left to do.)
3.11. Executing WREDUCE pass (reducing word size of cells).
3.12. Executing PEEPOPT pass (run peephole optimizers).
3.13. Executing OPT_CLEAN pass (remove unused cells and wires).
3.14. Executing ALUMACC pass (create $alu and $macc cells).
3.15. Executing SHARE pass (SAT-based resource sharing).
3.16. Executing OPT pass (performing simple optimizations).
3.16.1. Executing OPT_EXPR pass (perform const folding).
3.16.2. Executing OPT_MERGE pass (detect identical cells).
3.16.3. Executing OPT_MUXTREE pass (detect dead branches in mux trees).
3.16.4. Executing OPT_REDUCE pass (consolidate $*mux and $reduce_* inputs).
3.16.5. Executing OPT_MERGE pass (detect identical cells).
3.16.6. Executing OPT_DFF pass (perform DFF optimizations).
3.16.7. Executing OPT_CLEAN pass (remove unused cells and wires).
3.16.8. Executing OPT_EXPR pass (perform const folding).
3.16.9. Finished fast OPT passes. (There is nothing left to do.)
3.17. Executing MEMORY pass.
3.17.1. Executing OPT_MEM pass (optimize memories).
3.17.2. Executing OPT_MEM_PRIORITY pass (removing unnecessary memory write priority relations).
3.17.3. Executing OPT_MEM_FEEDBACK pass (finding memory read-to-write feedback paths).
3.17.4. Executing MEMORY_BMUX2ROM pass (converting muxes to ROMs).
3.17.5. Executing MEMORY_DFF pass (merging $dff cells to $memrd).
3.17.6. Executing OPT_CLEAN pass (remove unused cells and wires).
3.17.7. Executing MEMORY_SHARE pass (consolidating $memrd/$memwr cells).
3.17.8. Executing OPT_MEM_WIDEN pass (optimize memories where all ports are wide).
3.17.9. Executing OPT_CLEAN pass (remove unused cells and wires).
3.17.10. Executing MEMORY_COLLECT pass (generating $mem cells).
3.18. Executing OPT_CLEAN pass (remove unused cells and wires).
4. Executing SYNTH pass.
4.1. Executing OPT pass (performing simple optimizations).
4.1.1. Executing OPT_EXPR pass (perform const folding).
4.1.2. Executing OPT_MERGE pass (detect identical cells).
4.1.3. Executing OPT_DFF pass (perform DFF optimizations).
4.1.4. Executing OPT_CLEAN pass (remove unused cells and wires).
4.1.5. Finished fast OPT passes.
4.2. Executing MEMORY_MAP pass (converting memories to logic and flip-flops).
4.3. Executing OPT pass (performing simple optimizations).
4.3.1. Executing OPT_EXPR pass (perform const folding).
4.3.2. Executing OPT_MERGE pass (detect identical cells).
4.3.3. Executing OPT_MUXTREE pass (detect dead branches in mux trees).
4.3.4. Executing OPT_REDUCE pass (consolidate $*mux and $reduce_* inputs).
4.3.5. Executing OPT_MERGE pass (detect identical cells).
4.3.6. Executing OPT_SHARE pass.
4.3.7. Executing OPT_DFF pass (perform DFF optimizations).
4.3.8. Executing OPT_CLEAN pass (remove unused cells and wires).
4.3.9. Executing OPT_EXPR pass (perform const folding).
4.3.10. Finished fast OPT passes. (There is nothing left to do.)
4.4. Executing TECHMAP pass (map to technology primitives).
4.4.1. Executing Verilog-2005 frontend: /OpenROAD-flow-scripts/tools/install/yosys/bin/../share/yosys/techmap.v
4.4.2. Executing Verilog-2005 frontend: /OpenROAD-flow-scripts/flow/platforms/common/lcu_kogge_stone.v
4.4.3. Continuing TECHMAP pass.
4.5. Executing OPT pass (performing simple optimizations).
4.5.1. Executing OPT_EXPR pass (perform const folding).
4.5.2. Executing OPT_MERGE pass (detect identical cells).
4.5.3. Executing OPT_DFF pass (perform DFF optimizations).
4.5.4. Executing OPT_CLEAN pass (remove unused cells and wires).
4.5.5. Finished fast OPT passes.
4.6. Executing HIERARCHY pass (managing design hierarchy).
4.6.1. Analyzing design hierarchy..
4.6.2. Analyzing design hierarchy..
4.7. Printing statistics.
4.8. Executing CHECK pass (checking for obvious problems).
5. Executing OPT pass (performing simple optimizations).
5.1. Executing OPT_EXPR pass (perform const folding).
5.2. Executing OPT_MERGE pass (detect identical cells).
5.3. Executing OPT_MUXTREE pass (detect dead branches in mux trees).
5.4. Executing OPT_REDUCE pass (consolidate $*mux and $reduce_* inputs).
5.5. Executing OPT_MERGE pass (detect identical cells).
5.6. Executing OPT_DFF pass (perform DFF optimizations).
5.7. Executing OPT_CLEAN pass (remove unused cells and wires).
5.8. Executing OPT_EXPR pass (perform const folding).
5.9. Finished fast OPT passes. (There is nothing left to do.)
6. Executing EXTRACT_FA pass (find and extract full/half adders).
7. Executing TECHMAP pass (map to technology primitives).
7.1. Executing Verilog-2005 frontend: /OpenROAD-flow-scripts/flow/platforms/sky130hd/cells_adders_hd.v
7.2. Continuing TECHMAP pass.
8. Executing TECHMAP pass (map to technology primitives).
8.1. Executing Verilog-2005 frontend: /OpenROAD-flow-scripts/tools/install/yosys/bin/../share/yosys/techmap.v
8.2. Continuing TECHMAP pass.
9. Executing OPT pass (performing simple optimizations).
9.1. Executing OPT_EXPR pass (perform const folding).
9.2. Executing OPT_MERGE pass (detect identical cells).
9.3. Executing OPT_DFF pass (perform DFF optimizations).
9.4. Executing OPT_CLEAN pass (remove unused cells and wires).
9.5. Finished fast OPT passes.
10. Executing DFFLEGALIZE pass (convert FFs to types supported by the target).
11. Executing TECHMAP pass (map to technology primitives).
11.1. Executing Verilog-2005 frontend: /OpenROAD-flow-scripts/flow/platforms/sky130hd/cells_latch_hd.v
11.2. Continuing TECHMAP pass.
12. Executing DFFLIBMAP pass (mapping DFF cells to sequential cells from liberty file).
12.1. Executing DFFLEGALIZE pass (convert FFs to types supported by the target).
13. Executing OPT pass (performing simple optimizations).
13.1. Executing OPT_EXPR pass (perform const folding).
13.2. Executing OPT_MERGE pass (detect identical cells).
13.3. Executing OPT_MUXTREE pass (detect dead branches in mux trees).
13.4. Executing OPT_REDUCE pass (consolidate $*mux and $reduce_* inputs).
13.5. Executing OPT_MERGE pass (detect identical cells).
13.6. Executing OPT_DFF pass (perform DFF optimizations).
13.7. Executing OPT_CLEAN pass (remove unused cells and wires).
13.8. Executing OPT_EXPR pass (perform const folding).
13.9. Finished fast OPT passes. (There is nothing left to do.)
14. Executing SETUNDEF pass (replace undef values with defined constants).
abc -script /OpenROAD-flow-scripts/flow/scripts/abc_speed.script -liberty /OpenROAD-flow-scripts/flow/platforms/sky130hd/lib/sky130_fd_sc_hd__tt_025C_1v80.lib -liberty /work/campaigns/iscas_sustainability_extension/memory_compiler/gate3_attempt06_replacement_sram_backend_qualification/source_checkout/sram22_256x64m4w8/sram22_256x64m4w8_tt_025C_1v80.lib -dont_use sky130_fd_sc_hd__probe_p_8 -dont_use sky130_fd_sc_hd__probec_p_8 -dont_use sky130_fd_sc_hd__lpflow_bleeder_1 -dont_use sky130_fd_sc_hd__lpflow_clkbufkapwr_1 -dont_use sky130_fd_sc_hd__lpflow_clkbufkapwr_16 -dont_use sky130_fd_sc_hd__lpflow_clkbufkapwr_2 -dont_use sky130_fd_sc_hd__lpflow_clkbufkapwr_4 -dont_use sky130_fd_sc_hd__lpflow_clkbufkapwr_8 -dont_use sky130_fd_sc_hd__lpflow_clkinvkapwr_1 -dont_use sky130_fd_sc_hd__lpflow_clkinvkapwr_16 -dont_use sky130_fd_sc_hd__lpflow_clkinvkapwr_2 -dont_use sky130_fd_sc_hd__lpflow_clkinvkapwr_4 -dont_use sky130_fd_sc_hd__lpflow_clkinvkapwr_8 -dont_use sky130_fd_sc_hd__lpflow_decapkapwr_12 -dont_use sky130_fd_sc_hd__lpflow_decapkapwr_3 -dont_use sky130_fd_sc_hd__lpflow_decapkapwr_4 -dont_use sky130_fd_sc_hd__lpflow_decapkapwr_6 -dont_use sky130_fd_sc_hd__lpflow_decapkapwr_8 -dont_use sky130_fd_sc_hd__lpflow_inputiso0n_1 -dont_use sky130_fd_sc_hd__lpflow_inputiso0p_1 -dont_use sky130_fd_sc_hd__lpflow_inputiso1n_1 -dont_use sky130_fd_sc_hd__lpflow_inputiso1p_1 -dont_use sky130_fd_sc_hd__lpflow_inputisolatch_1 -dont_use sky130_fd_sc_hd__lpflow_isobufsrc_1 -dont_use sky130_fd_sc_hd__lpflow_isobufsrc_16 -dont_use sky130_fd_sc_hd__lpflow_isobufsrc_2 -dont_use sky130_fd_sc_hd__lpflow_isobufsrc_4 -dont_use sky130_fd_sc_hd__lpflow_isobufsrc_8 -dont_use sky130_fd_sc_hd__lpflow_isobufsrckapwr_16 -dont_use sky130_fd_sc_hd__lpflow_lsbuf_lh_hl_isowell_tap_1 -dont_use sky130_fd_sc_hd__lpflow_lsbuf_lh_hl_isowell_tap_2 -dont_use sky130_fd_sc_hd__lpflow_lsbuf_lh_hl_isowell_tap_4 -dont_use sky130_fd_sc_hd__lpflow_lsbuf_lh_isowell_4 -dont_use sky130_fd_sc_hd__lpflow_lsbuf_lh_isowell_tap_1 -dont_use sky130_fd_sc_hd__lpflow_lsbuf_lh_isowell_tap_2 -dont_use sky130_fd_sc_hd__lpflow_lsbuf_lh_isowell_tap_4 -constr /work/campaigns/iscas_sustainability_extension/memory_compiler/gate3_attempt06_replacement_sram_backend_qualification/raw/openroad/work/objects/sky130hd/attempt06_u0/base/abc.constr -D 10.0
15. Executing ABC pass (technology mapping using ABC).
15.1. Extracting gate netlist of module `\u0_sram22_top' to `<abc-temp-dir>/input.blif'..
15.1.1. Executed ABC.
16. Executing SPLITNETS pass (splitting up multi-bit signals).
17. Executing OPT_CLEAN pass (remove unused cells and wires).
18. Executing HILOMAP pass (mapping to constant drivers).
19. Executing INSBUF pass (insert buffer cells for connected wires).
20. Executing CHECK pass (checking for obvious problems).
21. Printing statistics.
22. Executing CHECK pass (checking for obvious problems).
23. Executing Verilog backend.
23.1. Executing BMUXMAP pass.
23.2. Executing DEMUXMAP pass.
Warnings: 1 unique messages, 1 total
End of script. Logfile hash: 02a91d09d0, time: 2.17s, user: 0.64s, system: 0.80s, MEM: 59.85 MB peak
Yosys 0.68+post (git sha1 UNKNOWN, Release, GNU /usr/local/bin/wrapped-cc/g++ 11.4.0)
Time spent: 24% 1x abc (0 sec), 21% 2x synth (0 sec), ...
Elapsed time: 0:02.20[h:]min:sec. CPU time: user 1.04 sys 0.94 (90%). Peak memory: 62848KB.
Log                       Ext     Elapsed/s Peak Memory/MB sha1sum result [0:20)
1_2_yosys                 .v              2             61 2f08738914278f12aa51
cp /work/campaigns/iscas_sustainability_extension/memory_compiler/gate3_attempt06_replacement_sram_backend_qualification/openroad/u0/constraint.sdc /work/campaigns/iscas_sustainability_extension/memory_compiler/gate3_attempt06_replacement_sram_backend_qualification/raw/openroad/work/results/sky130hd/attempt06_u0/base/1_2_yosys.sdc
touch -r /work/campaigns/iscas_sustainability_extension/memory_compiler/gate3_attempt06_replacement_sram_backend_qualification/openroad/u0/constraint.sdc /work/campaigns/iscas_sustainability_extension/memory_compiler/gate3_attempt06_replacement_sram_backend_qualification/raw/openroad/work/results/sky130hd/attempt06_u0/base/1_2_yosys.sdc
OpenROAD 26Q3-1080-gab6fd26351 
Features included (+) or not (-): +GPU +GUI +Python
This program is licensed under the BSD-3 license. See the LICENSE file for details.
Components of this program may be licensed under more restrictive licenses which must be honored.
[INFO ORD-0030] Using 4 thread(s).
mkdir -p /work/campaigns/iscas_sustainability_extension/memory_compiler/gate3_attempt06_replacement_sram_backend_qualification/raw/openroad/work/objects/sky130hd/attempt06_u0/base
/OpenROAD-flow-scripts/flow/scripts/flow.sh 1_synth synth_odb
Running synth_odb.tcl, stage 1_synth
read_liberty /OpenROAD-flow-scripts/flow/platforms/sky130hd/lib/sky130_fd_sc_hd__tt_025C_1v80.lib
read_liberty /work/campaigns/iscas_sustainability_extension/memory_compiler/gate3_attempt06_replacement_sram_backend_qualification/source_checkout/sram22_256x64m4w8/sram22_256x64m4w8_tt_025C_1v80.lib
[INFO ODB-0227] LEF file: /OpenROAD-flow-scripts/flow/platforms/sky130hd/lef/sky130_fd_sc_hd.tlef, created 13 layers, 25 vias
[INFO ODB-0227] LEF file: /OpenROAD-flow-scripts/flow/platforms/sky130hd/lef/sky130_fd_sc_hd_merged.lef, created 441 library cells
[INFO ODB-0227] LEF file: /work/campaigns/iscas_sustainability_extension/memory_compiler/gate3_attempt06_replacement_sram_backend_qualification/source_checkout/sram22_256x64m4w8/sram22_256x64m4w8.lef, created 1 library cells
link_design u0_sram22_top
read_sdc /work/campaigns/iscas_sustainability_extension/memory_compiler/gate3_attempt06_replacement_sram_backend_qualification/raw/openroad/work/results/sky130hd/attempt06_u0/base/1_2_yosys.sdc
source /OpenROAD-flow-scripts/flow/platforms/sky130hd/setRC.tcl
eliminate_dead_logic
Removed 0 unused instances and 0 unused nets.
Design area 201267 um^2 100% utilization.
write_db /work/campaigns/iscas_sustainability_extension/memory_compiler/gate3_attempt06_replacement_sram_backend_qualification/raw/openroad/work/results/sky130hd/attempt06_u0/base/1_synth.odb
write_sdc -no_timestamp /work/campaigns/iscas_sustainability_extension/memory_compiler/gate3_attempt06_replacement_sram_backend_qualification/raw/openroad/work/results/sky130hd/attempt06_u0/base/1_synth.sdc
Elapsed time: 0:01.22[h:]min:sec. CPU time: user 0.83 sys 0.13 (78%). Peak memory: 126216KB.
Log                       Ext     Elapsed/s Peak Memory/MB sha1sum result [0:20)
1_synth                   .odb            1            123 b485825eb6796475a5ee
1_synth                   .sdc                             5aae29ba6406241efbd1
/OpenROAD-flow-scripts/flow/scripts/flow.sh 2_1_floorplan floorplan
Running floorplan.tcl, stage 2_1_floorplan
read_liberty /OpenROAD-flow-scripts/flow/platforms/sky130hd/lib/sky130_fd_sc_hd__tt_025C_1v80.lib
read_liberty /work/campaigns/iscas_sustainability_extension/memory_compiler/gate3_attempt06_replacement_sram_backend_qualification/source_checkout/sram22_256x64m4w8/sram22_256x64m4w8_tt_025C_1v80.lib
read_db /work/campaigns/iscas_sustainability_extension/memory_compiler/gate3_attempt06_replacement_sram_backend_qualification/raw/openroad/work/results/sky130hd/attempt06_u0/base/1_synth.odb
read_sdc /work/campaigns/iscas_sustainability_extension/memory_compiler/gate3_attempt06_replacement_sram_backend_qualification/raw/openroad/work/results/sky130hd/attempt06_u0/base/1_synth.sdc
source /OpenROAD-flow-scripts/flow/platforms/sky130hd/setRC.tcl
Master sky130_ef_sc_hd__decap_12 is loaded but not used in the design

==========================================================================
Floorplan check_setup
--------------------------------------------------------------------------
number instances in verilog is 1
[WARNING IFP-0028] Core area lower left (10.000, 10.000) snapped to (10.120, 10.880).
[INFO IFP-0001] Added 176 rows of 1912 site unithd.
[INFO IFP-0100] Die BBox:  (  0.000  0.000 ) ( 900.000 500.000 ) um
[INFO IFP-0101] Core BBox: ( 10.120 10.880 ) ( 889.640 489.600 ) um
[INFO IFP-0102] Core area:                       421043.814 um^2
[INFO IFP-0103] Total instances area:            201266.597 um^2
[INFO IFP-0104] Effective utilization:                0.478
[INFO IFP-0105] Number of instances:                      1
source /OpenROAD-flow-scripts/flow/platforms/sky130hd/make_tracks.tcl
source /OpenROAD-flow-scripts/flow/platforms/sky130hd/fastroute.tcl
Repair tie lo fanout...
Repair tie hi fanout...
repair_timing -setup_margin 0 -hold_margin 0 -repair_tns 100 -skip_gate_cloning -match_cell_footprint -setup -skip_last_gasp -sequence unbuffer,sizeup,swap,vt_swap -verbose
[WARNING EST-0027] no estimated parasitics. Using wire load models.
[INFO RSZ-0100] Repair move sequence: UnbufferMove SizeUpMove SwapPinsMove 
[INFO RSZ-0098] No setup violations found
[INFO RSZ-0505] Runtime: 0.14s
Default units for flow
 time 1ns
 capacitance 1pF
 resistance 1kohm
 voltage 1v
 current 1mA
 power 1nW
 distance 1um
   Layer   | Unit Resistance | Unit Capacitance 
           |       (kohm/um) |          (pF/um)
------------------------------------------------
       li1 |        7.18e-02 |         1.50e-04
      met1 |        1.21e-03 |         1.72e-04
      met2 |        1.22e-03 |         1.36e-04
      met3 |        1.66e-04 |         2.15e-04
      met4 |        1.68e-04 |         1.48e-04
      met5 |        1.84e-05 |         1.54e-04
------------------------------------------------

   Layer   | Via Resistance 
           |         (kohm) 
----------------------------
      mcon |       9.25e-03 
       via |       4.50e-03 
      via2 |       3.37e-03 
      via3 |       3.77e-04 
      via4 |       5.80e-06 
----------------------------
Report metrics stage 2, floorplan final...

==========================================================================
floorplan final report_design_area
--------------------------------------------------------------------------
Design area 201267 um^2 48% utilization.
write_db /work/campaigns/iscas_sustainability_extension/memory_compiler/gate3_attempt06_replacement_sram_backend_qualification/raw/openroad/work/results/sky130hd/attempt06_u0/base/2_1_floorplan.odb
write_sdc -no_timestamp /work/campaigns/iscas_sustainability_extension/memory_compiler/gate3_attempt06_replacement_sram_backend_qualification/raw/openroad/work/results/sky130hd/attempt06_u0/base/2_1_floorplan.sdc
Elapsed time: 0:02.24[h:]min:sec. CPU time: user 0.74 sys 0.38 (50%). Peak memory: 144724KB.
Log                       Ext     Elapsed/s Peak Memory/MB sha1sum result [0:20)
2_1_floorplan             .odb            2            141 14b9b2bf7d8fd3171265
2_1_floorplan             .sdc                             5aae29ba6406241efbd1
/OpenROAD-flow-scripts/flow/scripts/flow.sh 2_2_floorplan_macro macro_place
Running macro_place.tcl, stage 2_2_floorplan_macro
read_liberty /OpenROAD-flow-scripts/flow/platforms/sky130hd/lib/sky130_fd_sc_hd__tt_025C_1v80.lib
read_liberty /work/campaigns/iscas_sustainability_extension/memory_compiler/gate3_attempt06_replacement_sram_backend_qualification/source_checkout/sram22_256x64m4w8/sram22_256x64m4w8_tt_025C_1v80.lib
read_db /work/campaigns/iscas_sustainability_extension/memory_compiler/gate3_attempt06_replacement_sram_backend_qualification/raw/openroad/work/results/sky130hd/attempt06_u0/base/2_1_floorplan.odb
read_sdc /work/campaigns/iscas_sustainability_extension/memory_compiler/gate3_attempt06_replacement_sram_backend_qualification/raw/openroad/work/results/sky130hd/attempt06_u0/base/2_1_floorplan.sdc
source /OpenROAD-flow-scripts/flow/platforms/sky130hd/setRC.tcl
rtl_macro_placer -max_num_level 2 -halo_width 10 -halo_height 10 -min_ar 0.33 -area_weight 0.1 -wirelength_weight 100.0 -outline_weight 100.0 -boundary_weight 50.0 -notch_weight 50.0 -report_directory /work/campaigns/iscas_sustainability_extension/memory_compiler/gate3_attempt06_replacement_sram_backend_qualification/raw/openroad/work/objects/sky130hd/attempt06_u0/base/rtlmp -fence_lx 0.0 -fence_ly 0.0 -fence_ux 0.0 -fence_uy 0.0 -target_util 0.35
[WARNING MPL-0074] -halo_width/-halo_height are deprecated, use the set_macro_base_halo command instead.
Die Area: (0.00, 0.00) (900.00, 500.00),  Floorplan Area: (10.12, 10.88) (889.64, 489.60)
	Number of std cell instances: 0
	Area of std cell instances: 0.00
	Number of macros: 1
	Macros to be placed: 1
	Area of macros: 201266.60
	Base halo (L, B, R, T): (10.00, 10.00, 10.00, 10.00)
	Area of macros with halos: 208348.91
	Area of std cell instances + Area of macros: 201266.60
	Floorplan area: 421043.81
	Design Utilization: 0.48
	Floorplan Utilization: 0.00
	Manufacturing Grid: 5

[WARNING MPL-0025] Design has no standard cells!
[WARNING MPL-0002] Could not align all pins of the macro u_data to the track-grid. 136 out of 147 pins were aligned.
[INFO MPL-0500] Runtime: 0.62s
Design area 201267 um^2 48% utilization.
write_db /work/campaigns/iscas_sustainability_extension/memory_compiler/gate3_attempt06_replacement_sram_backend_qualification/raw/openroad/work/results/sky130hd/attempt06_u0/base/2_2_floorplan_macro.odb
Elapsed time: 0:01.87[h:]min:sec. CPU time: user 2.95 sys 0.16 (166%). Peak memory: 125520KB.
Log                       Ext     Elapsed/s Peak Memory/MB sha1sum result [0:20)
2_2_floorplan_macro       .odb            1            122 d94cbb9bc7913fd132b0
/OpenROAD-flow-scripts/flow/scripts/flow.sh 2_3_floorplan_tapcell tapcell
Running tapcell.tcl, stage 2_3_floorplan_tapcell
read_liberty /OpenROAD-flow-scripts/flow/platforms/sky130hd/lib/sky130_fd_sc_hd__tt_025C_1v80.lib
read_liberty /work/campaigns/iscas_sustainability_extension/memory_compiler/gate3_attempt06_replacement_sram_backend_qualification/source_checkout/sram22_256x64m4w8/sram22_256x64m4w8_tt_025C_1v80.lib
read_db /work/campaigns/iscas_sustainability_extension/memory_compiler/gate3_attempt06_replacement_sram_backend_qualification/raw/openroad/work/results/sky130hd/attempt06_u0/base/2_2_floorplan_macro.odb
read_sdc /work/campaigns/iscas_sustainability_extension/memory_compiler/gate3_attempt06_replacement_sram_backend_qualification/raw/openroad/work/results/sky130hd/attempt06_u0/base/2_1_floorplan.sdc
source /OpenROAD-flow-scripts/flow/platforms/sky130hd/setRC.tcl
[INFO ODB-0303] The initial 176 rows (336512 sites) were cut with 1 shapes for a total of 176 rows (172467 sites).
[INFO TAP-0005] Inserted 2944 tapcells.
Design area 204950 um^2 49% utilization.
write_db /work/campaigns/iscas_sustainability_extension/memory_compiler/gate3_attempt06_replacement_sram_backend_qualification/raw/openroad/work/results/sky130hd/attempt06_u0/base/2_3_floorplan_tapcell.odb
Elapsed time: 0:01.29[h:]min:sec. CPU time: user 0.74 sys 0.16 (69%). Peak memory: 125556KB.
Log                       Ext     Elapsed/s Peak Memory/MB sha1sum result [0:20)
2_3_floorplan_tapcell     .odb            1            122 3a649e76005188dde097
/OpenROAD-flow-scripts/flow/scripts/flow.sh 2_4_floorplan_pdn pdn
Running pdn.tcl, stage 2_4_floorplan_pdn
read_liberty /OpenROAD-flow-scripts/flow/platforms/sky130hd/lib/sky130_fd_sc_hd__tt_025C_1v80.lib
read_liberty /work/campaigns/iscas_sustainability_extension/memory_compiler/gate3_attempt06_replacement_sram_backend_qualification/source_checkout/sram22_256x64m4w8/sram22_256x64m4w8_tt_025C_1v80.lib
read_db /work/campaigns/iscas_sustainability_extension/memory_compiler/gate3_attempt06_replacement_sram_backend_qualification/raw/openroad/work/results/sky130hd/attempt06_u0/base/2_3_floorplan_tapcell.odb
read_sdc /work/campaigns/iscas_sustainability_extension/memory_compiler/gate3_attempt06_replacement_sram_backend_qualification/raw/openroad/work/results/sky130hd/attempt06_u0/base/2_1_floorplan.sdc
source /OpenROAD-flow-scripts/flow/platforms/sky130hd/setRC.tcl
[WARNING PDN-1051] No instances found for grid (CORE_macro_grid_2).
[INFO PDN-0001] Inserting grid: grid
[INFO PDN-0001] Inserting grid: CORE_macro_grid_1 - u_data
[WARNING PDN-0195] Removing 25 via(s) between met2 and met4 at (443.7000 um, 77.3000 um) for VDD
[WARNING PDN-0195] Removing 640 via(s) between met2 and met4 at (443.6650 um, 233.6050 um) for VDD
[WARNING PDN-0195] Removing 114 via(s) between met2 and met4 at (470.8000 um, 151.5000 um) for VDD
[WARNING PDN-0110] No via inserted between met2 and met4 at (497.8400, 127.7400) - (497.9400, 128.0600) on VDD
[WARNING PDN-0110] No via inserted between met2 and met4 at (538.5500, 118.9000) - (538.7400, 119.2200) on VSS
[WARNING PDN-0110] No via inserted between met2 and met4 at (553.3800, 58.3800) - (553.7200, 58.7000) on VDD
[WARNING PDN-0110] No via inserted between met2 and met4 at (553.3800, 96.4600) - (553.7200, 96.7800) on VDD
[WARNING PDN-0195] Removing 2 via(s) between met2 and met4 at (579.4000 um, 157.8200 um) for VDD
[WARNING PDN-0195] Removing 2 via(s) between met2 and met4 at (579.4000 um, 161.9000 um) for VDD
[WARNING PDN-0110] No via inserted between met2 and met4 at (580.5400, 160.3800) - (580.8600, 162.0700) on VDD
[WARNING PDN-0110] No via inserted between met2 and met4 at (662.1800, 209.3400) - (662.2800, 209.6600) on VDD
[WARNING PDN-0110] No via inserted between met2 and met4 at (675.7800, 170.5800) - (675.8500, 170.9000) on VSS
[WARNING PDN-0110] No via inserted between met2 and met4 at (675.7800, 171.9400) - (675.8500, 172.2600) on VSS
[WARNING PDN-0110] No via inserted between met2 and met4 at (675.7800, 174.6600) - (675.8500, 174.9800) on VSS
[WARNING PDN-0110] No via inserted between met2 and met4 at (675.7800, 176.0200) - (675.8500, 176.3400) on VSS
[WARNING PDN-0110] No via inserted between met2 and met4 at (675.7800, 177.3800) - (675.8500, 177.7000) on VSS
[WARNING PDN-0110] No via inserted between met2 and met4 at (675.7800, 178.7400) - (675.8500, 179.0600) on VSS
[WARNING PDN-0110] No via inserted between met2 and met4 at (689.3800, 201.1800) - (689.4200, 201.5000) on VDD
[INFO PDN-0500] Runtime: 0.52s
Design area 204950 um^2 49% utilization.
write_db /work/campaigns/iscas_sustainability_extension/memory_compiler/gate3_attempt06_replacement_sram_backend_qualification/raw/openroad/work/results/sky130hd/attempt06_u0/base/2_4_floorplan_pdn.odb
Elapsed time: 0:02.09[h:]min:sec. CPU time: user 1.40 sys 0.18 (75%). Peak memory: 138216KB.
Log                       Ext     Elapsed/s Peak Memory/MB sha1sum result [0:20)
2_4_floorplan_pdn         .odb            2            134 0ae80ded5c33b13d4138
cp /work/campaigns/iscas_sustainability_extension/memory_compiler/gate3_attempt06_replacement_sram_backend_qualification/raw/openroad/work/results/sky130hd/attempt06_u0/base/2_4_floorplan_pdn.odb /work/campaigns/iscas_sustainability_extension/memory_compiler/gate3_attempt06_replacement_sram_backend_qualification/raw/openroad/work/results/sky130hd/attempt06_u0/base/2_floorplan.odb
cp /work/campaigns/iscas_sustainability_extension/memory_compiler/gate3_attempt06_replacement_sram_backend_qualification/raw/openroad/work/results/sky130hd/attempt06_u0/base/2_1_floorplan.sdc /work/campaigns/iscas_sustainability_extension/memory_compiler/gate3_attempt06_replacement_sram_backend_qualification/raw/openroad/work/results/sky130hd/attempt06_u0/base/2_floorplan.sdc
/OpenROAD-flow-scripts/flow/scripts/flow.sh 3_1_place_gp_skip_io global_place_skip_io
Running global_place_skip_io.tcl, stage 3_1_place_gp_skip_io
read_liberty /OpenROAD-flow-scripts/flow/platforms/sky130hd/lib/sky130_fd_sc_hd__tt_025C_1v80.lib
read_liberty /work/campaigns/iscas_sustainability_extension/memory_compiler/gate3_attempt06_replacement_sram_backend_qualification/source_checkout/sram22_256x64m4w8/sram22_256x64m4w8_tt_025C_1v80.lib
read_db /work/campaigns/iscas_sustainability_extension/memory_compiler/gate3_attempt06_replacement_sram_backend_qualification/raw/openroad/work/results/sky130hd/attempt06_u0/base/2_floorplan.odb
read_sdc /work/campaigns/iscas_sustainability_extension/memory_compiler/gate3_attempt06_replacement_sram_backend_qualification/raw/openroad/work/results/sky130hd/attempt06_u0/base/2_floorplan.sdc
source /OpenROAD-flow-scripts/flow/platforms/sky130hd/setRC.tcl
global_placement -skip_io -density 0.35 -pad_left 0 -pad_right 0 -random_seed 1
[INFO GPL-0001] ---- Initialize GPL Main Data Structures
[INFO GPL-0002] DBU: 1000
[INFO GPL-0003] SiteSize: (  0.460  2.720 ) um
[INFO GPL-0004] CoreBBox: ( 10.120 10.880 ) ( 889.640 489.600 ) um
[INFO GPL-0016] Core area:                  421043.814 um^2
[INFO GPL-0036] Movable instances area:          0.000 um^2
[INFO GPL-0037] Total instances area:       208391.114 um^2
[INFO GPL-0035] Pin density area adjust:         0.000 um^2
[INFO GPL-0032] ---- Initialize Region: Top-level
[INFO GPL-0006] Number of instances:              3179
[INFO GPL-0007] Movable instances:                   0
[INFO GPL-0008] Fixed instances:                  2945
[INFO GPL-0009] Dummy instances:                   234
[INFO GPL-0010] Number of nets:                    148
[INFO GPL-0011] Number of pins:                    148
[INFO GPL-0012] Die BBox:       (  0.000  0.000 ) ( 900.000 500.000 ) um
[INFO GPL-0013] Placement BBox: ( 10.120 10.880 ) ( 889.640 489.600 ) um
[INFO GPL-0014] Region name: top-level.
[INFO GPL-0015] Region area:                421043.814 um^2
[INFO GPL-0017] Fixed instances area:       214414.390 um^2
[INFO GPL-0018] Movable instances area:          0.000 um^2
[INFO GPL-0019] Utilization:                     0.000 %
[INFO GPL-0020] Standard cells area:             0.000 um^2
[INFO GPL-0021] Large instances area:            0.000 um^2
[WARNING GPL-0123] No placeable instances in the top-level region. Removing it.
[INFO GPL-0005] ---- Execute Conjugate Gradient Initial Placement.
[INFO GPL-0051] Source of initial instance position counters:
	Odb location = 0	Core center = 0	Region center = 0
[WARNING GPL-0136] No placeable instances - skipping placement.
Design area 204950 um^2 49% utilization.
write_db /work/campaigns/iscas_sustainability_extension/memory_compiler/gate3_attempt06_replacement_sram_backend_qualification/raw/openroad/work/results/sky130hd/attempt06_u0/base/3_1_place_gp_skip_io.odb
Elapsed time: 0:01.60[h:]min:sec. CPU time: user 0.79 sys 0.20 (61%). Peak memory: 128108KB.
Log                       Ext     Elapsed/s Peak Memory/MB sha1sum result [0:20)
3_1_place_gp_skip_io      .odb            1            125 0ae80ded5c33b13d4138
/OpenROAD-flow-scripts/flow/scripts/flow.sh 3_2_place_iop io_placement
Running io_placement.tcl, stage 3_2_place_iop
read_liberty /OpenROAD-flow-scripts/flow/platforms/sky130hd/lib/sky130_fd_sc_hd__tt_025C_1v80.lib
read_liberty /work/campaigns/iscas_sustainability_extension/memory_compiler/gate3_attempt06_replacement_sram_backend_qualification/source_checkout/sram22_256x64m4w8/sram22_256x64m4w8_tt_025C_1v80.lib
read_db /work/campaigns/iscas_sustainability_extension/memory_compiler/gate3_attempt06_replacement_sram_backend_qualification/raw/openroad/work/results/sky130hd/attempt06_u0/base/3_1_place_gp_skip_io.odb
read_sdc /work/campaigns/iscas_sustainability_extension/memory_compiler/gate3_attempt06_replacement_sram_backend_qualification/raw/openroad/work/results/sky130hd/attempt06_u0/base/2_floorplan.sdc
source /OpenROAD-flow-scripts/flow/platforms/sky130hd/setRC.tcl
place_pins -hor_layers met3 -ver_layers met2
Found 1 macro blocks.
Using 2 tracks default min distance between IO pins.
[INFO PPL-0001] Number of available slots 2680
[INFO PPL-0002] Number of I/O             148
[INFO PPL-0003] Number of I/O w/sink      148
[INFO PPL-0004] Number of I/O w/o sink    0
[INFO PPL-0005] Slots per section         200
[INFO PPL-0008] Successfully assigned pins to sections.
[INFO PPL-0012] I/O nets HPWL: 3194.16 um.
Design area 204950 um^2 49% utilization.
write_db /work/campaigns/iscas_sustainability_extension/memory_compiler/gate3_attempt06_replacement_sram_backend_qualification/raw/openroad/work/results/sky130hd/attempt06_u0/base/3_2_place_iop.odb
Elapsed time: 0:01.61[h:]min:sec. CPU time: user 0.81 sys 0.18 (61%). Peak memory: 129548KB.
Log                       Ext     Elapsed/s Peak Memory/MB sha1sum result [0:20)
3_2_place_iop             .odb            1            126 ef04df7f9f9425f09552
/OpenROAD-flow-scripts/flow/scripts/flow.sh 3_3_place_gp global_place
Running global_place.tcl, stage 3_3_place_gp
read_liberty /OpenROAD-flow-scripts/flow/platforms/sky130hd/lib/sky130_fd_sc_hd__tt_025C_1v80.lib
read_liberty /work/campaigns/iscas_sustainability_extension/memory_compiler/gate3_attempt06_replacement_sram_backend_qualification/source_checkout/sram22_256x64m4w8/sram22_256x64m4w8_tt_025C_1v80.lib
read_db /work/campaigns/iscas_sustainability_extension/memory_compiler/gate3_attempt06_replacement_sram_backend_qualification/raw/openroad/work/results/sky130hd/attempt06_u0/base/3_2_place_iop.odb
read_sdc /work/campaigns/iscas_sustainability_extension/memory_compiler/gate3_attempt06_replacement_sram_backend_qualification/raw/openroad/work/results/sky130hd/attempt06_u0/base/2_floorplan.sdc
source /OpenROAD-flow-scripts/flow/platforms/sky130hd/setRC.tcl
[INFO RSZ-0026] Removed 0 buffers.
Perform port buffering...
[INFO RSZ-0027] Inserted 83 sky130_fd_sc_hd__clkdlybuf4s50_1 input buffers.
[INFO RSZ-0028] Inserted 64 sky130_fd_sc_hd__clkdlybuf4s50_1 output buffers.
global_placement -density 0.35 -pad_left 0 -pad_right 0 -routability_driven -random_seed 1 -timing_driven -force_center_initial_place -min_phi_coef 0.95 -max_phi_coef 1.05
[INFO GPL-0001] ---- Initialize GPL Main Data Structures
[INFO GPL-0002] DBU: 1000
[INFO GPL-0003] SiteSize: (  0.460  2.720 ) um
[INFO GPL-0004] CoreBBox: ( 10.120 10.880 ) ( 889.640 489.600 ) um
[INFO GPL-0016] Core area:                  421043.814 um^2
[INFO GPL-0036] Movable instances area:       1471.411 um^2
[INFO GPL-0037] Total instances area:       209862.525 um^2
[INFO GPL-0035] Pin density area adjust:         0.000 um^2
[INFO GPL-0032] ---- Initialize Region: Top-level
[INFO GPL-0006] Number of instances:              3326
[INFO GPL-0007] Movable instances:                 147
[INFO GPL-0008] Fixed instances:                  2945
[INFO GPL-0009] Dummy instances:                   234
[INFO GPL-0010] Number of nets:                    295
[INFO GPL-0011] Number of pins:                    590
[INFO GPL-0012] Die BBox:       (  0.000  0.000 ) ( 900.000 500.000 ) um
[INFO GPL-0013] Placement BBox: ( 10.120 10.880 ) ( 889.640 489.600 ) um
[INFO GPL-0014] Region name: top-level.
[INFO GPL-0015] Region area:                421043.814 um^2
[INFO GPL-0017] Fixed instances area:       214414.390 um^2
[INFO GPL-0018] Movable instances area:       1471.411 um^2
[INFO GPL-0019] Utilization:                     0.712 %
[INFO GPL-0020] Standard cells area:          1471.411 um^2
[INFO GPL-0021] Large instances area:            0.000 um^2
[INFO GPL-0005] ---- Execute Conjugate Gradient Initial Placement.
[INFO GPL-0051] Source of initial instance position counters:
	Odb location = 0	Core center = 147	Region center = 0
[InitialPlace]  Iter: 1 conjugate gradient residual: 0.00000011 HPWL: 149386210
[InitialPlace]  Iter: 2 conjugate gradient residual: 0.00000002 HPWL: 149375920
[InitialPlace]  Iter: 3 conjugate gradient residual: 0.00000008 HPWL: 149375920
[InitialPlace]  Iter: 4 conjugate gradient residual: 0.00000002 HPWL: 149375920
[InitialPlace]  Iter: 5 conjugate gradient residual: 0.00000002 HPWL: 149375920
[INFO GPL-0033] ---- Initialize Nesterov Region: Top-level
[INFO GPL-0023] Placement target density:       0.3500
[INFO GPL-0024] Movable insts average area:     10.010 um^2
[INFO GPL-0025] Ideal bin area:                 28.599 um^2
[INFO GPL-0026] Ideal bin count:                 14722
[INFO GPL-0027] Total bin area:             421043.814 um^2
[INFO GPL-0028] Bin count (X, Y):          64 ,     64
[INFO GPL-0029] Bin size (W * H):      13.742 *  7.480 um
[INFO GPL-0030] Number of bins:                   4096
[INFO GPL-0084] ---- Execute Nesterov Global Placement.
[INFO GPL-0031] HPWL: Half-Perimeter Wirelength
Iteration | Overflow |     HPWL (um) |  HPWL(%) |   Penalty | Group
---------------------------------------------------------------
        0 |   0.9999 |  3.599376e+03 |   +0.00% |  2.91e-16 |      
       10 |   0.9999 |  3.599376e+03 |   +0.00% |  4.73e-16 |      
       20 |   0.9999 |  3.599376e+03 |   +0.00% |  7.71e-16 |      
       30 |   0.9999 |  3.599376e+03 |   +0.00% |  1.26e-15 |      
       40 |   0.9999 |  3.599376e+03 |   +0.00% |  2.05e-15 |      
       50 |   0.9999 |  3.599376e+03 |   +0.00% |  3.33e-15 |      
       60 |   0.9999 |  3.599376e+03 |   +0.00% |  5.43e-15 |      
       70 |   0.9999 |  3.599376e+03 |   +0.00% |  8.84e-15 |      
       80 |   0.9999 |  3.599376e+03 |   +0.00% |  1.44e-14 |      
       90 |   0.9999 |  3.599376e+03 |   +0.00% |  2.35e-14 |      
      100 |   0.9999 |  3.599376e+03 |   +0.00% |  3.82e-14 |      
      110 |   0.9999 |  3.600704e+03 |   +0.04% |  6.22e-14 |      
      120 |   0.9999 |  3.606248e+03 |   +0.15% |  1.01e-13 |      
      130 |   0.9999 |  3.615638e+03 |   +0.26% |  1.65e-13 |      
      140 |   0.9999 |  3.630818e+03 |   +0.42% |  2.69e-13 |      
      150 |   0.9999 |  3.655142e+03 |   +0.67% |  4.38e-13 |      
      160 |   0.9999 |  3.690286e+03 |   +0.96% |  7.14e-13 |      
      170 |   0.9999 |  3.733004e+03 |   +1.16% |  1.16e-12 |      
      180 |   0.9999 |  3.789278e+03 |   +1.51% |  1.89e-12 |      
      190 |   0.9999 |  3.853996e+03 |   +1.71% |  3.08e-12 |      
      200 |   0.9999 |  3.915884e+03 |   +1.61% |  5.02e-12 |      
      210 |   0.9999 |  4.012800e+03 |   +2.47% |  8.18e-12 |      
      220 |   0.9999 |  4.317338e+03 |   +7.59% |  1.33e-11 |      
      230 |   0.9999 |  5.129290e+03 |  +18.81% |  2.17e-11 |      
      240 |   0.9999 |  5.782474e+03 |  +12.73% |  3.54e-11 |      
      250 |   0.9999 |  6.418568e+03 |  +11.00% |  5.76e-11 |      
      260 |   0.9999 |  6.058652e+03 |   -5.61% |  9.38e-11 |      
      270 |   0.9999 |  5.864920e+03 |   -3.20% |  1.53e-10 |      
      280 |   0.9999 |  5.061218e+03 |  -13.70% |  2.49e-10 |      
      290 |   0.9999 |  4.362480e+03 |  -13.81% |  4.05e-10 |      
      300 |   0.9999 |  4.219010e+03 |   -3.29% |  6.60e-10 |      
      310 |   0.9999 |  4.239856e+03 |   +0.49% |  1.08e-09 |      
      320 |   0.9999 |  4.409480e+03 |   +4.00% |  1.75e-09 |      
      330 |   0.9999 |  5.118522e+03 |  +16.08% |  2.85e-09 |      
      340 |   0.9999 |  6.251950e+03 |  +22.14% |  4.65e-09 |      
      350 |   0.9999 |  8.787954e+03 |  +40.56% |  7.57e-09 |      
      360 |   0.9999 |  1.288928e+04 |  +46.67% |  1.23e-08 |      
      370 |   0.9999 |  1.854180e+04 |  +43.85% |  2.01e-08 |      
      380 |   0.9999 |  2.607782e+04 |  +40.64% |  3.27e-08 |      
      390 |   0.9826 |  3.650179e+04 |  +39.97% |  5.31e-08 |      
      400 |   0.9083 |  5.013852e+04 |  +37.36% |  8.64e-08 |      
      410 |   0.7737 |  6.553949e+04 |  +30.72% |  1.41e-07 |      
      420 |   0.6310 |  8.129893e+04 |  +24.05% |  2.29e-07 |      
[INFO GPL-0100] Timing-driven iteration 1/2, virtual: false.
[INFO GPL-0101]    Iter: 421, overflow: 0.631, keep resizer changes at: 1, HPWL: 81298934
Iteration |   Area    | Resized | Buffers | Nets repaired | Remaining
---------------------------------------------------------------------
        0 |     +0.0% |       0 |       0 |             0 |       295
    final |     +0.3% |       1 |      77 |           141 |         0
---------------------------------------------------------------------
[INFO RSZ-0034] Found 141 slew violations.
[INFO RSZ-0039] Resized 1 instances.
[INFO RSZ-0038] Inserted 77 buffers in 141 nets.
   Iter   |    Area   | Removed | Inserted |   Pins
          |           | Buffers | Buffers  | Remaining
-------------------------------------------------------
        0 |     +0.0% |       0 |        0 |       211
       21 |     +0.0% |       0 |        0 |       190
       42 |     +0.0% |       0 |        0 |       169
       63 |     +0.0% |       0 |        0 |       148
[WARNING RSZ-2005] cannot find a viable buffering solution on pin u_data/dout[9] after 1 rounds of buffering (no solution meets design rules)
[WARNING RSZ-2005] cannot find a viable buffering solution on pin u_data/dout[8] after 1 rounds of buffering (no solution meets design rules)
[WARNING RSZ-2005] cannot find a viable buffering solution on pin u_data/dout[7] after 1 rounds of buffering (no solution meets design rules)
[WARNING RSZ-2005] cannot find a viable buffering solution on pin u_data/dout[6] after 1 rounds of buffering (no solution meets design rules)
[WARNING RSZ-2005] cannot find a viable buffering solution on pin u_data/dout[63] after 1 rounds of buffering (no solution meets design rules)
[WARNING RSZ-2005] cannot find a viable buffering solution on pin u_data/dout[62] after 1 rounds of buffering (no solution meets design rules)
[WARNING RSZ-2005] cannot find a viable buffering solution on pin u_data/dout[61] after 1 rounds of buffering (no solution meets design rules)
[WARNING RSZ-2005] cannot find a viable buffering solution on pin u_data/dout[60] after 1 rounds of buffering (no solution meets design rules)
[WARNING RSZ-2005] cannot find a viable buffering solution on pin u_data/dout[5] after 1 rounds of buffering (no solution meets design rules)
[WARNING RSZ-2005] cannot find a viable buffering solution on pin u_data/dout[59] after 1 rounds of buffering (no solution meets design rules)
[WARNING RSZ-2005] cannot find a viable buffering solution on pin u_data/dout[58] after 1 rounds of buffering (no solution meets design rules)
[WARNING RSZ-2005] cannot find a viable buffering solution on pin u_data/dout[57] after 1 rounds of buffering (no solution meets design rules)
[WARNING RSZ-2005] cannot find a viable buffering solution on pin u_data/dout[56] after 1 rounds of buffering (no solution meets design rules)
[WARNING RSZ-2005] cannot find a viable buffering solution on pin u_data/dout[55] after 1 rounds of buffering (no solution meets design rules)
[WARNING RSZ-2005] cannot find a viable buffering solution on pin u_data/dout[54] after 1 rounds of buffering (no solution meets design rules)
[WARNING RSZ-2005] cannot find a viable buffering solution on pin u_data/dout[53] after 1 rounds of buffering (no solution meets design rules)
[WARNING RSZ-2005] cannot find a viable buffering solution on pin u_data/dout[52] after 1 rounds of buffering (no solution meets design rules)
[WARNING RSZ-2005] cannot find a viable buffering solution on pin u_data/dout[51] after 1 rounds of buffering (no solution meets design rules)
[WARNING RSZ-2005] cannot find a viable buffering solution on pin u_data/dout[50] after 1 rounds of buffering (no solution meets design rules)
[WARNING RSZ-2005] cannot find a viable buffering solution on pin u_data/dout[4] after 1 rounds of buffering (no solution meets design rules)
       84 |     +0.0% |       0 |        0 |       127
[WARNING RSZ-2005] cannot find a viable buffering solution on pin u_data/dout[49] after 1 rounds of buffering (no solution meets design rules)
[WARNING RSZ-2005] cannot find a viable buffering solution on pin u_data/dout[48] after 1 rounds of buffering (no solution meets design rules)
[WARNING RSZ-2005] cannot find a viable buffering solution on pin u_data/dout[47] after 1 rounds of buffering (no solution meets design rules)
[WARNING RSZ-2005] cannot find a viable buffering solution on pin u_data/dout[46] after 1 rounds of buffering (no solution meets design rules)
[WARNING RSZ-2005] cannot find a viable buffering solution on pin u_data/dout[45] after 1 rounds of buffering (no solution meets design rules)
[WARNING RSZ-2005] cannot find a viable buffering solution on pin u_data/dout[44] after 1 rounds of buffering (no solution meets design rules)
[WARNING RSZ-2005] cannot find a viable buffering solution on pin u_data/dout[43] after 1 rounds of buffering (no solution meets design rules)
[WARNING RSZ-2005] cannot find a viable buffering solution on pin u_data/dout[42] after 1 rounds of buffering (no solution meets design rules)
[WARNING RSZ-2005] cannot find a viable buffering solution on pin u_data/dout[41] after 1 rounds of buffering (no solution meets design rules)
[WARNING RSZ-2005] cannot find a viable buffering solution on pin u_data/dout[40] after 1 rounds of buffering (no solution meets design rules)
[WARNING RSZ-2005] cannot find a viable buffering solution on pin u_data/dout[3] after 1 rounds of buffering (no solution meets design rules)
[WARNING RSZ-2005] cannot find a viable buffering solution on pin u_data/dout[39] after 1 rounds of buffering (no solution meets design rules)
[WARNING RSZ-2005] cannot find a viable buffering solution on pin u_data/dout[38] after 1 rounds of buffering (no solution meets design rules)
[WARNING RSZ-2005] cannot find a viable buffering solution on pin u_data/dout[37] after 1 rounds of buffering (no solution meets design rules)
[WARNING RSZ-2005] cannot find a viable buffering solution on pin u_data/dout[36] after 1 rounds of buffering (no solution meets design rules)
[WARNING RSZ-2005] cannot find a viable buffering solution on pin u_data/dout[35] after 1 rounds of buffering (no solution meets design rules)
[WARNING RSZ-2005] cannot find a viable buffering solution on pin u_data/dout[34] after 1 rounds of buffering (no solution meets design rules)
[WARNING RSZ-2005] cannot find a viable buffering solution on pin u_data/dout[33] after 1 rounds of buffering (no solution meets design rules)
[WARNING RSZ-2005] cannot find a viable buffering solution on pin u_data/dout[32] after 1 rounds of buffering (no solution meets design rules)
[WARNING RSZ-2005] cannot find a viable buffering solution on pin u_data/dout[31] after 1 rounds of buffering (no solution meets design rules)
[WARNING RSZ-2005] cannot find a viable buffering solution on pin u_data/dout[30] after 1 rounds of buffering (no solution meets design rules)
      105 |     +0.0% |       0 |        0 |       106
[WARNING RSZ-2005] cannot find a viable buffering solution on pin u_data/dout[2] after 1 rounds of buffering (no solution meets design rules)
[WARNING RSZ-2005] cannot find a viable buffering solution on pin u_data/dout[29] after 1 rounds of buffering (no solution meets design rules)
[WARNING RSZ-2005] cannot find a viable buffering solution on pin u_data/dout[28] after 1 rounds of buffering (no solution meets design rules)
[WARNING RSZ-2005] cannot find a viable buffering solution on pin u_data/dout[27] after 1 rounds of buffering (no solution meets design rules)
[WARNING RSZ-2005] cannot find a viable buffering solution on pin u_data/dout[26] after 1 rounds of buffering (no solution meets design rules)
[WARNING RSZ-2005] cannot find a viable buffering solution on pin u_data/dout[25] after 1 rounds of buffering (no solution meets design rules)
[WARNING RSZ-2005] cannot find a viable buffering solution on pin u_data/dout[24] after 1 rounds of buffering (no solution meets design rules)
[WARNING RSZ-2005] cannot find a viable buffering solution on pin u_data/dout[23] after 1 rounds of buffering (no solution meets design rules)
[WARNING RSZ-2005] cannot find a viable buffering solution on pin u_data/dout[22] after 1 rounds of buffering (no solution meets design rules)
[WARNING RSZ-2005] cannot find a viable buffering solution on pin u_data/dout[21] after 1 rounds of buffering (no solution meets design rules)
[WARNING RSZ-2005] cannot find a viable buffering solution on pin u_data/dout[20] after 1 rounds of buffering (no solution meets design rules)
[WARNING RSZ-2005] cannot find a viable buffering solution on pin u_data/dout[1] after 1 rounds of buffering (no solution meets design rules)
[WARNING RSZ-2005] cannot find a viable buffering solution on pin u_data/dout[19] after 1 rounds of buffering (no solution meets design rules)
[WARNING RSZ-2005] cannot find a viable buffering solution on pin u_data/dout[18] after 1 rounds of buffering (no solution meets design rules)
[WARNING RSZ-2005] cannot find a viable buffering solution on pin u_data/dout[17] after 1 rounds of buffering (no solution meets design rules)
[WARNING RSZ-2005] cannot find a viable buffering solution on pin u_data/dout[16] after 1 rounds of buffering (no solution meets design rules)
[WARNING RSZ-2005] cannot find a viable buffering solution on pin u_data/dout[15] after 1 rounds of buffering (no solution meets design rules)
[WARNING RSZ-2005] cannot find a viable buffering solution on pin u_data/dout[14] after 1 rounds of buffering (no solution meets design rules)
[WARNING RSZ-2005] cannot find a viable buffering solution on pin u_data/dout[13] after 1 rounds of buffering (no solution meets design rules)
[WARNING RSZ-2005] cannot find a viable buffering solution on pin u_data/dout[12] after 1 rounds of buffering (no solution meets design rules)
[WARNING RSZ-2005] cannot find a viable buffering solution on pin u_data/dout[11] after 1 rounds of buffering (no solution meets design rules)
      126 |     +0.0% |       0 |        0 |        85
[WARNING RSZ-2005] cannot find a viable buffering solution on pin u_data/dout[10] after 1 rounds of buffering (no solution meets design rules)
[WARNING RSZ-2005] cannot find a viable buffering solution on pin u_data/dout[0] after 1 rounds of buffering (no solution meets design rules)
[WARNING RSZ-2009] Skipping buffering because no valid buffering solution satisfying the design rules can be found for net connected to pin input74/X.
[WARNING RSZ-2005] cannot find a viable buffering solution on pin input74/X after 1 rounds of buffering (no solution meets design rules)
      147 |     -0.0% |      16 |       16 |        64
      168 |     -0.0% |      33 |       31 |        43
      189 |     -0.0% |      54 |       52 |        22
      210 |     -0.0% |      75 |       73 |         1
    final |     -0.0% |      76 |       74 |         0
-------------------------------------------------------
[INFO GPL-0106] Timing-driven: worst slack 4.4871022e-09
[INFO GPL-0107] Timing-driven: repair_design delta area: 605.581 um^2 (+41.16%)
[INFO GPL-0108] Timing-driven: repair_design, gpl delta gcells: 75 (+51.02%)
[INFO GPL-0109] Timing-driven: repair_design, gcells created: 151, deleted: 76
[INFO GPL-0110] Timing-driven: new target density: 0.35293072
[INFO GPL-0038] Routability snapshot saved at iter = 424
      423 |   0.5744 |  8.768258e+04 |          |           |      
Iteration | Overflow |     HPWL (um) |  HPWL(%) |   Penalty | Group
---------------------------------------------------------------
      430 |   0.4700 |  1.024268e+05 |  +25.99% |  3.71e-07 |      
      440 |   0.3227 |  1.135996e+05 |  +10.91% |  5.92e-07 |      
[INFO GPL-0040] Routability iteration: 1
[INFO GPL-0041] Total routing overflow: 69.1305
[INFO GPL-0042] Number of overflowed tiles: 297 (3.17%)
[INFO GPL-0043] Average top 0.5% routing congestion: 1.6372
[INFO GPL-0044] Average top 1.0% routing congestion: 1.4946
[INFO GPL-0045] Average top 2.0% routing congestion: 1.3400
[INFO GPL-0046] Average top 5.0% routing congestion: 1.1296
[INFO GPL-0047] Routability iteration weighted routing congestion: 1.5659
[INFO GPL-0048] Routing congestion (1.5659) lower than previous minimum (1e+30). Updating minimum.
[INFO GPL-0086] Inflated area:                  92.063 um^2 (+4.43%)
[INFO GPL-0052] Placement target density:       0.3529
[INFO GPL-0076] Removing fillers, count: Before: 7078, After: 7069 (-0.13%)
[INFO GPL-0077] Filler area (um^2)     : Before: 70848.884, After: 70757.862 (-0.13%)
[INFO GPL-0078] Removed fillers count: 9, area removed: 90.086 um^2. Remaining area to be compensated by modifying density: 1.976 um^2
[INFO GPL-0058] White space area:           206629.424 um^2 (+0.00%)
[INFO GPL-0059] Movable instances area:      72925.872 um^2 (+0.00%)
[INFO GPL-0060] Total filler area:           70757.862 um^2 (-0.13%)
[INFO GPL-0061] Total non-inflated area:     72926.917 um^2 (+0.00%)
[INFO GPL-0062] Total inflated area:         73018.980 um^2 (+0.00%)
[INFO GPL-0063] New Target Density:             0.3529
[INFO GPL-0087] Routability end iteration: increase inflation and revert back to snapshot.
Iteration | Overflow |     HPWL (um) |  HPWL(%) |   Penalty | Group
---------------------------------------------------------------
      450 |   0.4944 |  9.988659e+04 |  -12.07% |  3.24e-07 |      
      460 |   0.3371 |  1.111455e+05 |  +11.27% |  4.76e-07 |      
[INFO GPL-0040] Routability iteration: 2
[INFO GPL-0041] Total routing overflow: 67.4181
[INFO GPL-0042] Number of overflowed tiles: 293 (3.13%)
[INFO GPL-0043] Average top 0.5% routing congestion: 1.6562
[INFO GPL-0044] Average top 1.0% routing congestion: 1.4964
[INFO GPL-0045] Average top 2.0% routing congestion: 1.3329
[INFO GPL-0046] Average top 5.0% routing congestion: 1.1261
[INFO GPL-0047] Routability iteration weighted routing congestion: 1.5763
[INFO GPL-0049] Routing congestion (1.5763) higher than minimum (1.5659). Consecutive non-improvement count: 1.
[INFO GPL-0086] Inflated area:                  50.368 um^2 (+2.32%)
[INFO GPL-0052] Placement target density:       0.3529
[INFO GPL-0076] Removing fillers, count: Before: 7069, After: 7064 (-0.07%)
[INFO GPL-0077] Filler area (um^2)     : Before: 70757.862, After: 70707.814 (-0.07%)
[INFO GPL-0078] Removed fillers count: 5, area removed: 50.048 um^2. Remaining area to be compensated by modifying density: 0.320 um^2
[INFO GPL-0058] White space area:           206629.424 um^2 (+0.00%)
[INFO GPL-0059] Movable instances area:      72925.872 um^2 (+0.00%)
[INFO GPL-0060] Total filler area:           70707.814 um^2 (-0.07%)
[INFO GPL-0061] Total non-inflated area:     72927.237 um^2 (+0.00%)
[INFO GPL-0062] Total inflated area:         72977.605 um^2 (+0.00%)
[INFO GPL-0063] New Target Density:             0.3529
[INFO GPL-0087] Routability end iteration: increase inflation and revert back to snapshot.
Iteration | Overflow |     HPWL (um) |  HPWL(%) |   Penalty | Group
---------------------------------------------------------------
      470 |   0.4955 |  1.002249e+05 |   -9.83% |  3.24e-07 |      
      480 |   0.3374 |  1.120169e+05 |  +11.77% |  4.76e-07 |      
[INFO GPL-0040] Routability iteration: 3
[INFO GPL-0041] Total routing overflow: 66.2149
[INFO GPL-0042] Number of overflowed tiles: 296 (3.16%)
[INFO GPL-0043] Average top 0.5% routing congestion: 1.6436
[INFO GPL-0044] Average top 1.0% routing congestion: 1.4873
[INFO GPL-0045] Average top 2.0% routing congestion: 1.3268
[INFO GPL-0046] Average top 5.0% routing congestion: 1.1245
[INFO GPL-0047] Routability iteration weighted routing congestion: 1.5655
[INFO GPL-0049] Routing congestion (1.5655) higher than minimum (1.5659). Consecutive non-improvement count: 2.
[INFO GPL-0086] Inflated area:                  37.591 um^2 (+1.69%)
[INFO GPL-0052] Placement target density:       0.3529
[INFO GPL-0076] Removing fillers, count: Before: 7064, After: 7061 (-0.04%)
[INFO GPL-0077] Filler area (um^2)     : Before: 70707.814, After: 70677.786 (-0.04%)
[INFO GPL-0078] Removed fillers count: 3, area removed: 30.029 um^2. Remaining area to be compensated by modifying density: 7.563 um^2
[INFO GPL-0058] White space area:           206629.424 um^2 (+0.00%)
[INFO GPL-0059] Movable instances area:      72925.872 um^2 (+0.00%)
[INFO GPL-0060] Total filler area:           70677.786 um^2 (-0.04%)
[INFO GPL-0061] Total non-inflated area:     72934.800 um^2 (+0.01%)
[INFO GPL-0062] Total inflated area:         72972.391 um^2 (+0.01%)
[INFO GPL-0063] New Target Density:             0.3529
[INFO GPL-0087] Routability end iteration: increase inflation and revert back to snapshot.
Iteration | Overflow |     HPWL (um) |  HPWL(%) |   Penalty | Group
---------------------------------------------------------------
      490 |   0.4933 |  1.003229e+05 |  -10.44% |  3.24e-07 |      
      500 |   0.3380 |  1.121239e+05 |  +11.76% |  4.76e-07 |      
[INFO GPL-0040] Routability iteration: 4
[INFO GPL-0041] Total routing overflow: 65.9783
[INFO GPL-0042] Number of overflowed tiles: 289 (3.09%)
[INFO GPL-0043] Average top 0.5% routing congestion: 1.6318
[INFO GPL-0044] Average top 1.0% routing congestion: 1.4842
[INFO GPL-0045] Average top 2.0% routing congestion: 1.3273
[INFO GPL-0046] Average top 5.0% routing congestion: 1.1240
[INFO GPL-0047] Routability iteration weighted routing congestion: 1.5580
[INFO GPL-0048] Routing congestion (1.5580) lower than previous minimum (1.566). Updating minimum.
[INFO GPL-0086] Inflated area:                  26.117 um^2 (+1.16%)
[INFO GPL-0052] Placement target density:       0.3529
[INFO GPL-0076] Removing fillers, count: Before: 7061, After: 7059 (-0.03%)
[INFO GPL-0077] Filler area (um^2)     : Before: 70677.786, After: 70657.766 (-0.03%)
[INFO GPL-0078] Removed fillers count: 2, area removed: 20.019 um^2. Remaining area to be compensated by modifying density: 6.098 um^2
[INFO GPL-0058] White space area:           206629.424 um^2 (+0.00%)
[INFO GPL-0059] Movable instances area:      72925.872 um^2 (+0.00%)
[INFO GPL-0060] Total filler area:           70657.766 um^2 (-0.03%)
[INFO GPL-0061] Total non-inflated area:     72940.897 um^2 (+0.01%)
[INFO GPL-0062] Total inflated area:         72967.014 um^2 (+0.01%)
[INFO GPL-0063] New Target Density:             0.3529
[INFO GPL-0087] Routability end iteration: increase inflation and revert back to snapshot.
Iteration | Overflow |     HPWL (um) |  HPWL(%) |   Penalty | Group
---------------------------------------------------------------
      510 |   0.4941 |  1.003789e+05 |  -10.48% |  3.24e-07 |      
      520 |   0.3374 |  1.121140e+05 |  +11.69% |  4.76e-07 |      
[INFO GPL-0040] Routability iteration: 5
[INFO GPL-0041] Total routing overflow: 64.1568
[INFO GPL-0042] Number of overflowed tiles: 298 (3.18%)
[INFO GPL-0043] Average top 0.5% routing congestion: 1.6047
[INFO GPL-0044] Average top 1.0% routing congestion: 1.4673
[INFO GPL-0045] Average top 2.0% routing congestion: 1.3177
[INFO GPL-0046] Average top 5.0% routing congestion: 1.1209
[INFO GPL-0047] Routability iteration weighted routing congestion: 1.5360
[INFO GPL-0048] Routing congestion (1.5360) lower than previous minimum (1.558). Updating minimum.
[INFO GPL-0086] Inflated area:                  13.230 um^2 (+0.58%)
[INFO GPL-0052] Placement target density:       0.3529
[INFO GPL-0076] Removing fillers, count: Before: 7059, After: 7058 (-0.01%)
[INFO GPL-0077] Filler area (um^2)     : Before: 70657.766, After: 70647.757 (-0.01%)
[INFO GPL-0078] Removed fillers count: 1, area removed: 10.010 um^2. Remaining area to be compensated by modifying density: 3.221 um^2
[INFO GPL-0058] White space area:           206629.424 um^2 (+0.00%)
[INFO GPL-0059] Movable instances area:      72925.872 um^2 (+0.00%)
[INFO GPL-0060] Total filler area:           70647.757 um^2 (-0.01%)
[INFO GPL-0061] Total non-inflated area:     72944.118 um^2 (+0.00%)
[INFO GPL-0062] Total inflated area:         72957.348 um^2 (+0.00%)
[INFO GPL-0063] New Target Density:             0.3529
[INFO GPL-0087] Routability end iteration: increase inflation and revert back to snapshot.
Iteration | Overflow |     HPWL (um) |  HPWL(%) |   Penalty | Group
---------------------------------------------------------------
      530 |   0.4932 |  1.004533e+05 |  -10.40% |  3.24e-07 |      
      540 |   0.3389 |  1.122639e+05 |  +11.76% |  4.76e-07 |      
[INFO GPL-0040] Routability iteration: 6
[INFO GPL-0041] Total routing overflow: 64.8438
[INFO GPL-0042] Number of overflowed tiles: 292 (3.12%)
[INFO GPL-0043] Average top 0.5% routing congestion: 1.6198
[INFO GPL-0044] Average top 1.0% routing congestion: 1.4747
[INFO GPL-0045] Average top 2.0% routing congestion: 1.3222
[INFO GPL-0046] Average top 5.0% routing congestion: 1.1215
[INFO GPL-0047] Routability iteration weighted routing congestion: 1.5473
[INFO GPL-0049] Routing congestion (1.5473) higher than minimum (1.5360). Consecutive non-improvement count: 1.
[INFO GPL-0086] Inflated area:                   8.970 um^2 (+0.39%)
[INFO GPL-0052] Placement target density:       0.3529
[INFO GPL-0076] Removing fillers, count: Before: 7058, After: 7058 (+0.00%)
[INFO GPL-0077] Filler area (um^2)     : Before: 70647.757, After: 70647.757 (+0.00%)
[INFO GPL-0078] Removed fillers count: 0, area removed: 0.000 um^2. Remaining area to be compensated by modifying density: 8.970 um^2
[INFO GPL-0058] White space area:           206629.424 um^2 (+0.00%)
[INFO GPL-0059] Movable instances area:      72925.872 um^2 (+0.00%)
[INFO GPL-0060] Total filler area:           70647.757 um^2 (+0.00%)
[INFO GPL-0061] Total non-inflated area:     72953.087 um^2 (+0.01%)
[INFO GPL-0062] Total inflated area:         72962.057 um^2 (+0.01%)
[INFO GPL-0063] New Target Density:             0.3529
[INFO GPL-0087] Routability end iteration: increase inflation and revert back to snapshot.
Iteration | Overflow |     HPWL (um) |  HPWL(%) |   Penalty | Group
---------------------------------------------------------------
      550 |   0.4912 |  1.004835e+05 |  -10.49% |  3.24e-07 |      
      560 |   0.3402 |  1.122690e+05 |  +11.73% |  4.76e-07 |      
[INFO GPL-0040] Routability iteration: 7
[INFO GPL-0041] Total routing overflow: 65.1539
[INFO GPL-0042] Number of overflowed tiles: 288 (3.08%)
[INFO GPL-0043] Average top 0.5% routing congestion: 1.6260
[INFO GPL-0044] Average top 1.0% routing congestion: 1.4793
[INFO GPL-0045] Average top 2.0% routing congestion: 1.3243
[INFO GPL-0046] Average top 5.0% routing congestion: 1.1216
[INFO GPL-0047] Routability iteration weighted routing congestion: 1.5527
[INFO GPL-0049] Routing congestion (1.5527) higher than minimum (1.5360). Consecutive non-improvement count: 2.
[INFO GPL-0086] Inflated area:                  32.843 um^2 (+1.42%)
[INFO GPL-0052] Placement target density:       0.3529
[INFO GPL-0076] Removing fillers, count: Before: 7058, After: 7055 (-0.04%)
[INFO GPL-0077] Filler area (um^2)     : Before: 70647.757, After: 70617.728 (-0.04%)
[INFO GPL-0078] Removed fillers count: 3, area removed: 30.029 um^2. Remaining area to be compensated by modifying density: 2.814 um^2
[INFO GPL-0058] White space area:           206629.424 um^2 (+0.00%)
[INFO GPL-0059] Movable instances area:      72925.872 um^2 (+0.00%)
[INFO GPL-0060] Total filler area:           70617.728 um^2 (-0.04%)
[INFO GPL-0061] Total non-inflated area:     72955.902 um^2 (+0.00%)
[INFO GPL-0062] Total inflated area:         72988.745 um^2 (+0.00%)
[INFO GPL-0063] New Target Density:             0.3529
[INFO GPL-0087] Routability end iteration: increase inflation and revert back to snapshot.
Iteration | Overflow |     HPWL (um) |  HPWL(%) |   Penalty | Group
---------------------------------------------------------------
      570 |   0.4856 |  1.007615e+05 |  -10.25% |  3.24e-07 |      
      580 |   0.3435 |  1.120667e+05 |  +11.22% |  4.76e-07 |      
[INFO GPL-0040] Routability iteration: 8
[INFO GPL-0041] Total routing overflow: 65.3469
[INFO GPL-0042] Number of overflowed tiles: 290 (3.10%)
[INFO GPL-0043] Average top 0.5% routing congestion: 1.6386
[INFO GPL-0044] Average top 1.0% routing congestion: 1.4860
[INFO GPL-0045] Average top 2.0% routing congestion: 1.3266
[INFO GPL-0046] Average top 5.0% routing congestion: 1.1210
[INFO GPL-0047] Routability iteration weighted routing congestion: 1.5623
[INFO GPL-0049] Routing congestion (1.5623) higher than minimum (1.5360). Consecutive non-improvement count: 3.
[INFO GPL-0086] Inflated area:                  22.908 um^2 (+0.98%)
[INFO GPL-0052] Placement target density:       0.3529
[INFO GPL-0076] Removing fillers, count: Before: 7055, After: 7053 (-0.03%)
[INFO GPL-0077] Filler area (um^2)     : Before: 70617.728, After: 70597.709 (-0.03%)
[INFO GPL-0078] Removed fillers count: 2, area removed: 20.019 um^2. Remaining area to be compensated by modifying density: 2.888 um^2
[INFO GPL-0054] No improvement in routing congestion for 3 consecutive iterations (limit is 3).
[INFO GPL-0055] Reverting inflation values and target density from the iteration with minimum observed routing congestion.
[INFO GPL-0056] Minimum observed routing congestion: 1.5360
[INFO GPL-0057] Target density at minimum routing congestion: 0.3529
[INFO GPL-0080] Restoring 6 previously removed fillers.
[INFO GPL-0081] Number of fillers before restoration 7053 and after 7059 . Relative change: +0.09%%
[INFO GPL-0082] Total filler area before restoration 70597.71 and after 70657.77 (um^2). Relative change: +0.09%%
[INFO GPL-0089] Routability finished. Reverting to minimal observed routing congestion, could not reach target.
Iteration | Overflow |     HPWL (um) |  HPWL(%) |   Penalty | Group
---------------------------------------------------------------
      590 |   0.4857 |  1.000067e+05 |  -10.76% |  3.24e-07 |      
      600 |   0.3330 |  1.112318e+05 |  +11.22% |  4.76e-07 |      
      610 |   0.2415 |  1.140355e+05 |   +2.52% |  7.02e-07 |      
      620 |   0.2453 |  1.140101e+05 |   -0.02% |  1.03e-06 |      
[INFO GPL-0100] Timing-driven iteration 2/2, virtual: false.
[INFO GPL-0101]    Iter: 630, overflow: 0.189, keep resizer changes at: 1, HPWL: 118664783
Iteration |   Area    | Resized | Buffers | Nets repaired | Remaining
---------------------------------------------------------------------
        0 |     +0.0% |       0 |       0 |             0 |       370
    final |     +0.3% |       0 |      25 |            89 |         0
---------------------------------------------------------------------
[INFO RSZ-0034] Found 89 slew violations.
[INFO RSZ-0038] Inserted 25 buffers in 89 nets.
   Iter   |    Area   | Removed | Inserted |   Pins
          |           | Buffers | Buffers  | Remaining
-------------------------------------------------------
        0 |     +0.0% |       0 |        0 |       211
       21 |     +0.0% |       0 |        0 |       190
       42 |     +0.0% |       0 |        3 |       169
       63 |     +0.0% |       0 |        6 |       148
[WARNING RSZ-2005] cannot find a viable buffering solution on pin u_data/dout[9] after 1 rounds of buffering (no solution meets design rules)
[WARNING RSZ-2005] cannot find a viable buffering solution on pin u_data/dout[8] after 1 rounds of buffering (no solution meets design rules)
[WARNING RSZ-2005] cannot find a viable buffering solution on pin u_data/dout[7] after 1 rounds of buffering (no solution meets design rules)
[WARNING RSZ-2005] cannot find a viable buffering solution on pin u_data/dout[6] after 1 rounds of buffering (no solution meets design rules)
[WARNING RSZ-2005] cannot find a viable buffering solution on pin u_data/dout[63] after 1 rounds of buffering (no solution meets design rules)
[WARNING RSZ-2005] cannot find a viable buffering solution on pin u_data/dout[62] after 1 rounds of buffering (no solution meets design rules)
[WARNING RSZ-2005] cannot find a viable buffering solution on pin u_data/dout[61] after 1 rounds of buffering (no solution meets design rules)
[WARNING RSZ-2005] cannot find a viable buffering solution on pin u_data/dout[60] after 1 rounds of buffering (no solution meets design rules)
[WARNING RSZ-2005] cannot find a viable buffering solution on pin u_data/dout[5] after 1 rounds of buffering (no solution meets design rules)
[WARNING RSZ-2005] cannot find a viable buffering solution on pin u_data/dout[59] after 1 rounds of buffering (no solution meets design rules)
[WARNING RSZ-2005] cannot find a viable buffering solution on pin u_data/dout[58] after 1 rounds of buffering (no solution meets design rules)
[WARNING RSZ-2005] cannot find a viable buffering solution on pin u_data/dout[57] after 1 rounds of buffering (no solution meets design rules)
[WARNING RSZ-2005] cannot find a viable buffering solution on pin u_data/dout[56] after 1 rounds of buffering (no solution meets design rules)
[WARNING RSZ-2005] cannot find a viable buffering solution on pin u_data/dout[55] after 1 rounds of buffering (no solution meets design rules)
[WARNING RSZ-2005] cannot find a viable buffering solution on pin u_data/dout[54] after 1 rounds of buffering (no solution meets design rules)
[WARNING RSZ-2005] cannot find a viable buffering solution on pin u_data/dout[53] after 1 rounds of buffering (no solution meets design rules)
[WARNING RSZ-2005] cannot find a viable buffering solution on pin u_data/dout[52] after 1 rounds of buffering (no solution meets design rules)
[WARNING RSZ-2005] cannot find a viable buffering solution on pin u_data/dout[51] after 1 rounds of buffering (no solution meets design rules)
[WARNING RSZ-2005] cannot find a viable buffering solution on pin u_data/dout[50] after 1 rounds of buffering (no solution meets design rules)
[WARNING RSZ-2005] cannot find a viable buffering solution on pin u_data/dout[4] after 1 rounds of buffering (no solution meets design rules)
       84 |     +0.0% |       0 |        6 |       127
[WARNING RSZ-2005] cannot find a viable buffering solution on pin u_data/dout[49] after 1 rounds of buffering (no solution meets design rules)
[WARNING RSZ-2005] cannot find a viable buffering solution on pin u_data/dout[48] after 1 rounds of buffering (no solution meets design rules)
[WARNING RSZ-2005] cannot find a viable buffering solution on pin u_data/dout[47] after 1 rounds of buffering (no solution meets design rules)
[WARNING RSZ-2005] cannot find a viable buffering solution on pin u_data/dout[46] after 1 rounds of buffering (no solution meets design rules)
[WARNING RSZ-2005] cannot find a viable buffering solution on pin u_data/dout[45] after 1 rounds of buffering (no solution meets design rules)
[WARNING RSZ-2005] cannot find a viable buffering solution on pin u_data/dout[44] after 1 rounds of buffering (no solution meets design rules)
[WARNING RSZ-2005] cannot find a viable buffering solution on pin u_data/dout[43] after 1 rounds of buffering (no solution meets design rules)
[WARNING RSZ-2005] cannot find a viable buffering solution on pin u_data/dout[42] after 1 rounds of buffering (no solution meets design rules)
[WARNING RSZ-2005] cannot find a viable buffering solution on pin u_data/dout[41] after 1 rounds of buffering (no solution meets design rules)
[WARNING RSZ-2005] cannot find a viable buffering solution on pin u_data/dout[40] after 1 rounds of buffering (no solution meets design rules)
[WARNING RSZ-2005] cannot find a viable buffering solution on pin u_data/dout[3] after 1 rounds of buffering (no solution meets design rules)
[WARNING RSZ-2005] cannot find a viable buffering solution on pin u_data/dout[39] after 1 rounds of buffering (no solution meets design rules)
[WARNING RSZ-2005] cannot find a viable buffering solution on pin u_data/dout[38] after 1 rounds of buffering (no solution meets design rules)
[WARNING RSZ-2005] cannot find a viable buffering solution on pin u_data/dout[37] after 1 rounds of buffering (no solution meets design rules)
[WARNING RSZ-2005] cannot find a viable buffering solution on pin u_data/dout[36] after 1 rounds of buffering (no solution meets design rules)
[WARNING RSZ-2005] cannot find a viable buffering solution on pin u_data/dout[35] after 1 rounds of buffering (no solution meets design rules)
[WARNING RSZ-2005] cannot find a viable buffering solution on pin u_data/dout[34] after 1 rounds of buffering (no solution meets design rules)
[WARNING RSZ-2005] cannot find a viable buffering solution on pin u_data/dout[33] after 1 rounds of buffering (no solution meets design rules)
[WARNING RSZ-2005] cannot find a viable buffering solution on pin u_data/dout[32] after 1 rounds of buffering (no solution meets design rules)
[WARNING RSZ-2005] cannot find a viable buffering solution on pin u_data/dout[31] after 1 rounds of buffering (no solution meets design rules)
[WARNING RSZ-2005] cannot find a viable buffering solution on pin u_data/dout[30] after 1 rounds of buffering (no solution meets design rules)
      105 |     +0.0% |       0 |        6 |       106
[WARNING RSZ-2005] cannot find a viable buffering solution on pin u_data/dout[2] after 1 rounds of buffering (no solution meets design rules)
[WARNING RSZ-2005] cannot find a viable buffering solution on pin u_data/dout[29] after 1 rounds of buffering (no solution meets design rules)
[WARNING RSZ-2005] cannot find a viable buffering solution on pin u_data/dout[28] after 1 rounds of buffering (no solution meets design rules)
[WARNING RSZ-2005] cannot find a viable buffering solution on pin u_data/dout[27] after 1 rounds of buffering (no solution meets design rules)
[WARNING RSZ-2005] cannot find a viable buffering solution on pin u_data/dout[26] after 1 rounds of buffering (no solution meets design rules)
[WARNING RSZ-2005] cannot find a viable buffering solution on pin u_data/dout[25] after 1 rounds of buffering (no solution meets design rules)
[WARNING RSZ-2005] cannot find a viable buffering solution on pin u_data/dout[24] after 1 rounds of buffering (no solution meets design rules)
[WARNING RSZ-2005] cannot find a viable buffering solution on pin u_data/dout[23] after 1 rounds of buffering (no solution meets design rules)
[WARNING RSZ-2005] cannot find a viable buffering solution on pin u_data/dout[22] after 1 rounds of buffering (no solution meets design rules)
[WARNING RSZ-2005] cannot find a viable buffering solution on pin u_data/dout[21] after 1 rounds of buffering (no solution meets design rules)
[WARNING RSZ-2005] cannot find a viable buffering solution on pin u_data/dout[20] after 1 rounds of buffering (no solution meets design rules)
[WARNING RSZ-2005] cannot find a viable buffering solution on pin u_data/dout[1] after 1 rounds of buffering (no solution meets design rules)
[WARNING RSZ-2005] cannot find a viable buffering solution on pin u_data/dout[19] after 1 rounds of buffering (no solution meets design rules)
[WARNING RSZ-2005] cannot find a viable buffering solution on pin u_data/dout[18] after 1 rounds of buffering (no solution meets design rules)
[WARNING RSZ-2005] cannot find a viable buffering solution on pin u_data/dout[17] after 1 rounds of buffering (no solution meets design rules)
[WARNING RSZ-2005] cannot find a viable buffering solution on pin u_data/dout[16] after 1 rounds of buffering (no solution meets design rules)
[WARNING RSZ-2005] cannot find a viable buffering solution on pin u_data/dout[15] after 1 rounds of buffering (no solution meets design rules)
[WARNING RSZ-2005] cannot find a viable buffering solution on pin u_data/dout[14] after 1 rounds of buffering (no solution meets design rules)
[WARNING RSZ-2005] cannot find a viable buffering solution on pin u_data/dout[13] after 1 rounds of buffering (no solution meets design rules)
[WARNING RSZ-2005] cannot find a viable buffering solution on pin u_data/dout[12] after 1 rounds of buffering (no solution meets design rules)
[WARNING RSZ-2005] cannot find a viable buffering solution on pin u_data/dout[11] after 1 rounds of buffering (no solution meets design rules)
      126 |     +0.0% |       0 |        6 |        85
[WARNING RSZ-2005] cannot find a viable buffering solution on pin u_data/dout[10] after 1 rounds of buffering (no solution meets design rules)
[WARNING RSZ-2005] cannot find a viable buffering solution on pin u_data/dout[0] after 1 rounds of buffering (no solution meets design rules)
[WARNING RSZ-2009] Skipping buffering because no valid buffering solution satisfying the design rules can be found for net connected to pin input74/X.
[WARNING RSZ-2005] cannot find a viable buffering solution on pin input74/X after 1 rounds of buffering (no solution meets design rules)
      147 |     +0.0% |      18 |       22 |        64
      168 |     +0.0% |      36 |       39 |        43
      189 |     -0.1% |      73 |       60 |        22
      210 |     -0.0% |      97 |       81 |         1
    final |     -0.0% |      98 |       82 |         0
-------------------------------------------------------
[INFO GPL-0106] Timing-driven: worst slack 4.3241295e-09
[INFO GPL-0107] Timing-driven: repair_design delta area: 487.385 um^2 (+20.84%)
[INFO GPL-0108] Timing-driven: repair_design, gpl delta gcells: 9 (+4.05%)
[INFO GPL-0109] Timing-driven: repair_design, gcells created: 107, deleted: 98
[INFO GPL-0110] Timing-driven: new target density: 0.35562855
Iteration | Overflow |     HPWL (um) |  HPWL(%) |   Penalty | Group
---------------------------------------------------------------
      630 |   0.2755 |  1.188265e+05 |   +4.22% |  1.52e-06 |      
      640 |   0.1483 |  1.282727e+05 |   +7.95% |  2.24e-06 |      
      650 |   0.1138 |  1.339467e+05 |   +4.42% |  3.30e-06 |      
      655 |   0.0955 |  1.363545e+05 |          |  4.16e-06 |      
---------------------------------------------------------------
[INFO GPL-1001] Global placement finished at iteration 655
[INFO GPL-1017] Routability mode iteration count: 173
[INFO GPL-1005] Routability final weighted congestion: 1.8103
[INFO GPL-1002] Placed Cell Area             2770.5156
[INFO GPL-1003] Available Free Area         206629.4240
[INFO GPL-1004] Minimum Feasible Density        0.0100 (cell_area / free_area)
[INFO GPL-1006]   Suggested Target Densities:
[INFO GPL-1007]     - For 90% usage of free space: 0.0149
[INFO GPL-1008]     - For 80% usage of free space: 0.0168
[INFO GPL-1009]     - For 50% usage of free space: 0.0268
[INFO GPL-1011] Original area (um^2): 1471.41
[INFO GPL-1012] Total routability artificial inflation: 206.14 (+14.01%)
[INFO GPL-1013] Total timing-driven delta area: 1092.97 (+74.28%)
[INFO GPL-1014] Final placement area: 2770.52 (+88.29%)
estimate_parasitics -placement
Report metrics stage 3, global place...

==========================================================================
global place report_design_area
--------------------------------------------------------------------------
Design area 207565 um^2 49% utilization.
write_db /work/campaigns/iscas_sustainability_extension/memory_compiler/gate3_attempt06_replacement_sram_backend_qualification/raw/openroad/work/results/sky130hd/attempt06_u0/base/3_3_place_gp.odb
Elapsed time: 0:05.19[h:]min:sec. CPU time: user 8.55 sys 0.59 (176%). Peak memory: 271732KB.
Log                       Ext     Elapsed/s Peak Memory/MB sha1sum result [0:20)
3_3_place_gp              .odb            5            265 1651aa0c52c0976d11f7
/OpenROAD-flow-scripts/flow/scripts/flow.sh 3_4_place_resized resize
Running resize.tcl, stage 3_4_place_resized
read_liberty /OpenROAD-flow-scripts/flow/platforms/sky130hd/lib/sky130_fd_sc_hd__tt_025C_1v80.lib
read_liberty /work/campaigns/iscas_sustainability_extension/memory_compiler/gate3_attempt06_replacement_sram_backend_qualification/source_checkout/sram22_256x64m4w8/sram22_256x64m4w8_tt_025C_1v80.lib
read_db /work/campaigns/iscas_sustainability_extension/memory_compiler/gate3_attempt06_replacement_sram_backend_qualification/raw/openroad/work/results/sky130hd/attempt06_u0/base/3_3_place_gp.odb
read_sdc /work/campaigns/iscas_sustainability_extension/memory_compiler/gate3_attempt06_replacement_sram_backend_qualification/raw/openroad/work/results/sky130hd/attempt06_u0/base/2_floorplan.sdc
source /OpenROAD-flow-scripts/flow/platforms/sky130hd/setRC.tcl
estimate_parasitics -placement
Perform buffer insertion and gate resizing...
repair_design -verbose -match_cell_footprint
Iteration |   Area    | Resized | Buffers | Nets repaired | Remaining
---------------------------------------------------------------------
        0 |     +0.0% |       0 |       0 |             0 |       379
[ERROR RSZ-0090] Max transition time from SDC is 0.351ns. Best achievable transition time is 0.467ns with a load of 0.45pF
Error: resize.tcl, 25 RSZ-0090
Elapsed time: 0:01.33[h:]min:sec. CPU time: user 0.83 sys 0.26 (82%). Peak memory: 146704KB.
make[1]: *** [Makefile:499: do-3_4_place_resized] Error 1
make: *** [Makefile:499: /work/campaigns/iscas_sustainability_extension/memory_compiler/gate3_attempt06_replacement_sram_backend_qualification/raw/openroad/work/results/sky130hd/attempt06_u0/base/3_4_place_resized.odb] Error 2
mkdir -p /work/campaigns/iscas_sustainability_extension/memory_compiler/gate3_attempt06_replacement_sram_backend_qualification/raw/openroad/work/results/sky130hd/attempt06_u0/base/
echo 10.0 > /work/campaigns/iscas_sustainability_extension/memory_compiler/gate3_attempt06_replacement_sram_backend_qualification/raw/openroad/work/results/sky130hd/attempt06_u0/base/clock_period.txt
/OpenROAD-flow-scripts/flow/scripts/synth.sh /OpenROAD-flow-scripts/flow/scripts/synth_canonicalize.tcl /work/campaigns/iscas_sustainability_extension/memory_compiler/gate3_attempt06_replacement_sram_backend_qualification/raw/openroad/work/logs/sky130hd/attempt06_u0/base/1_1_yosys_canonicalize.log
Using ABC speed script.
Extracting clock period from SDC file: /work/campaigns/iscas_sustainability_extension/memory_compiler/gate3_attempt06_replacement_sram_backend_qualification/raw/openroad/work/results/sky130hd/attempt06_u0/base/clock_period.txt
Setting clock period to 10.0
1. Executing Liberty frontend: /OpenROAD-flow-scripts/flow/platforms/sky130hd/lib/sky130_fd_sc_hd__tt_025C_1v80.lib
2. Executing Liberty frontend: /work/campaigns/iscas_sustainability_extension/memory_compiler/gate3_attempt06_replacement_sram_backend_qualification/source_checkout/sram22_256x64m4w8/sram22_256x64m4w8_tt_025C_1v80.lib
3. Executing Liberty frontend: /OpenROAD-flow-scripts/flow/platforms/sky130hd/lib/sky130_fd_sc_hd__tt_025C_1v80.lib
4. Executing Liberty frontend: /work/campaigns/iscas_sustainability_extension/memory_compiler/gate3_attempt06_replacement_sram_backend_qualification/source_checkout/sram22_256x64m4w8/sram22_256x64m4w8_tt_025C_1v80.lib
5. Executing Verilog-2005 frontend: /work/campaigns/iscas_sustainability_extension/memory_compiler/gate3_attempt06_replacement_sram_backend_qualification/source_checkout/sram22_256x64m4w8/sram22_256x64m4w8.v
6. Executing Verilog-2005 frontend: /work/campaigns/iscas_sustainability_extension/memory_compiler/gate3_attempt06_replacement_sram_backend_qualification/rtl/unprotected_sram_256x64_sram22.sv
7. Executing Verilog-2005 frontend: /OpenROAD-flow-scripts/flow/platforms/sky130hd/cells_clkgate_hd.v
8. Executing HIERARCHY pass (managing design hierarchy).
9. Executing AST frontend in derive mode using pre-parsed AST for module `\u0_sram22_top'.
9.1. Analyzing design hierarchy..
9.2. Analyzing design hierarchy..
Warning: Selection "sram22_256x64m4w8" did not match any module.
10. Executing HIERARCHY pass (managing design hierarchy).
10.1. Analyzing design hierarchy..
10.2. Analyzing design hierarchy..
11. Executing OPT_CLEAN pass (remove unused cells and wires).
12. Executing RTLIL backend.
Warnings: 1 unique messages, 1 total
End of script. Logfile hash: 651b29c7e2, time: 0.64s, user: 0.23s, system: 0.15s, MEM: 55.95 MB peak
Yosys 0.68+post (git sha1 UNKNOWN, Release, GNU /usr/local/bin/wrapped-cc/g++ 11.4.0)
Time spent: 77% 6x read_liberty (0 sec), 9% 2x write_rtlil (0 sec), ...
Elapsed time: 0:00.66[h:]min:sec. CPU time: user 0.28 sys 0.17 (67%). Peak memory: 60148KB.
Log                       Ext     Elapsed/s Peak Memory/MB sha1sum result [0:20)
1_1_yosys_canonicalize    .rtlil          0             58 76e9ba66a3c725d490cb
/OpenROAD-flow-scripts/flow/scripts/synth.sh /OpenROAD-flow-scripts/flow/scripts/synth.tcl /work/campaigns/iscas_sustainability_extension/memory_compiler/gate3_attempt06_replacement_sram_backend_qualification/raw/openroad/work/logs/sky130hd/attempt06_u0/base/1_2_yosys.log
Using ABC speed script.
Extracting clock period from SDC file: /work/campaigns/iscas_sustainability_extension/memory_compiler/gate3_attempt06_replacement_sram_backend_qualification/raw/openroad/work/results/sky130hd/attempt06_u0/base/clock_period.txt
Setting clock period to 10.0
1. Executing RTLIL frontend.
Warning: Selection "sram22_256x64m4w8" did not match any module.
2. Executing HIERARCHY pass (managing design hierarchy).
2.1. Analyzing design hierarchy..
2.2. Analyzing design hierarchy..
3. Executing SYNTH pass.
3.1. Executing HIERARCHY pass (managing design hierarchy).
3.1.1. Analyzing design hierarchy..
3.1.2. Analyzing design hierarchy..
3.2. Executing PROC pass (convert processes to netlists).
3.2.1. Executing PROC_CLEAN pass (remove empty switches from decision trees).
3.2.2. Executing PROC_RMDEAD pass (remove dead branches from decision trees).
3.2.3. Executing PROC_PRUNE pass (remove redundant assignments in processes).
3.2.4. Executing PROC_INIT pass (extract init attributes).
3.2.5. Executing PROC_ARST pass (detect async resets in processes).
3.2.6. Executing PROC_ROM pass (convert switches to ROMs).
3.2.7. Executing PROC_MUX pass (convert decision trees to multiplexers).
3.2.8. Executing PROC_DLATCH pass (convert process syncs to latches).
3.2.9. Executing PROC_DFF pass (convert process syncs to FFs).
3.2.10. Executing PROC_MEMWR pass (convert process memory writes to cells).
3.2.11. Executing PROC_CLEAN pass (remove empty switches from decision trees).
3.2.12. Executing OPT_EXPR pass (perform const folding).
3.3. Executing CHECK pass (checking for obvious problems).
3.4. Executing FLATTEN pass (flatten design).
3.5. Executing OPT_EXPR pass (perform const folding).
3.6. Executing OPT_CLEAN pass (remove unused cells and wires).
3.7. Executing CHECK pass (checking for obvious problems).
3.8. Executing OPT pass (performing simple optimizations).
3.8.1. Executing OPT_EXPR pass (perform const folding).
3.8.2. Executing OPT_MERGE pass (detect identical cells).
3.8.3. Executing OPT_MUXTREE pass (detect dead branches in mux trees).
3.8.4. Executing OPT_REDUCE pass (consolidate $*mux and $reduce_* inputs).
3.8.5. Executing OPT_MERGE pass (detect identical cells).
3.8.6. Executing OPT_DFF pass (perform DFF optimizations).
3.8.7. Executing OPT_CLEAN pass (remove unused cells and wires).
3.8.8. Executing OPT_EXPR pass (perform const folding).
3.8.9. Finished fast OPT passes. (There is nothing left to do.)
3.9. Executing FSM pass (extract and optimize FSM).
3.9.1. Executing FSM_DETECT pass (finding FSMs in design).
3.9.2. Executing FSM_EXTRACT pass (extracting FSM from design).
3.9.3. Executing FSM_OPT pass (simple optimizations of FSMs).
3.9.4. Executing OPT_CLEAN pass (remove unused cells and wires).
3.9.5. Executing FSM_OPT pass (simple optimizations of FSMs).
3.9.6. Executing FSM_RECODE pass (re-assigning FSM state encoding).
3.9.7. Executing FSM_INFO pass (dumping all available information on FSM cells).
3.9.8. Executing FSM_MAP pass (mapping FSMs to basic logic).
3.10. Executing OPT pass (performing simple optimizations).
3.10.1. Executing OPT_EXPR pass (perform const folding).
3.10.2. Executing OPT_MERGE pass (detect identical cells).
3.10.3. Executing OPT_MUXTREE pass (detect dead branches in mux trees).
3.10.4. Executing OPT_REDUCE pass (consolidate $*mux and $reduce_* inputs).
3.10.5. Executing OPT_MERGE pass (detect identical cells).
3.10.6. Executing OPT_DFF pass (perform DFF optimizations).
3.10.7. Executing OPT_CLEAN pass (remove unused cells and wires).
3.10.8. Executing OPT_EXPR pass (perform const folding).
3.10.9. Finished fast OPT passes. (There is nothing left to do.)
3.11. Executing WREDUCE pass (reducing word size of cells).
3.12. Executing PEEPOPT pass (run peephole optimizers).
3.13. Executing OPT_CLEAN pass (remove unused cells and wires).
3.14. Executing ALUMACC pass (create $alu and $macc cells).
3.15. Executing SHARE pass (SAT-based resource sharing).
3.16. Executing OPT pass (performing simple optimizations).
3.16.1. Executing OPT_EXPR pass (perform const folding).
3.16.2. Executing OPT_MERGE pass (detect identical cells).
3.16.3. Executing OPT_MUXTREE pass (detect dead branches in mux trees).
3.16.4. Executing OPT_REDUCE pass (consolidate $*mux and $reduce_* inputs).
3.16.5. Executing OPT_MERGE pass (detect identical cells).
3.16.6. Executing OPT_DFF pass (perform DFF optimizations).
3.16.7. Executing OPT_CLEAN pass (remove unused cells and wires).
3.16.8. Executing OPT_EXPR pass (perform const folding).
3.16.9. Finished fast OPT passes. (There is nothing left to do.)
3.17. Executing MEMORY pass.
3.17.1. Executing OPT_MEM pass (optimize memories).
3.17.2. Executing OPT_MEM_PRIORITY pass (removing unnecessary memory write priority relations).
3.17.3. Executing OPT_MEM_FEEDBACK pass (finding memory read-to-write feedback paths).
3.17.4. Executing MEMORY_BMUX2ROM pass (converting muxes to ROMs).
3.17.5. Executing MEMORY_DFF pass (merging $dff cells to $memrd).
3.17.6. Executing OPT_CLEAN pass (remove unused cells and wires).
3.17.7. Executing MEMORY_SHARE pass (consolidating $memrd/$memwr cells).
3.17.8. Executing OPT_MEM_WIDEN pass (optimize memories where all ports are wide).
3.17.9. Executing OPT_CLEAN pass (remove unused cells and wires).
3.17.10. Executing MEMORY_COLLECT pass (generating $mem cells).
3.18. Executing OPT_CLEAN pass (remove unused cells and wires).
4. Executing SYNTH pass.
4.1. Executing OPT pass (performing simple optimizations).
4.1.1. Executing OPT_EXPR pass (perform const folding).
4.1.2. Executing OPT_MERGE pass (detect identical cells).
4.1.3. Executing OPT_DFF pass (perform DFF optimizations).
4.1.4. Executing OPT_CLEAN pass (remove unused cells and wires).
4.1.5. Finished fast OPT passes.
4.2. Executing MEMORY_MAP pass (converting memories to logic and flip-flops).
4.3. Executing OPT pass (performing simple optimizations).
4.3.1. Executing OPT_EXPR pass (perform const folding).
4.3.2. Executing OPT_MERGE pass (detect identical cells).
4.3.3. Executing OPT_MUXTREE pass (detect dead branches in mux trees).
4.3.4. Executing OPT_REDUCE pass (consolidate $*mux and $reduce_* inputs).
4.3.5. Executing OPT_MERGE pass (detect identical cells).
4.3.6. Executing OPT_SHARE pass.
4.3.7. Executing OPT_DFF pass (perform DFF optimizations).
4.3.8. Executing OPT_CLEAN pass (remove unused cells and wires).
4.3.9. Executing OPT_EXPR pass (perform const folding).
4.3.10. Finished fast OPT passes. (There is nothing left to do.)
4.4. Executing TECHMAP pass (map to technology primitives).
4.4.1. Executing Verilog-2005 frontend: /OpenROAD-flow-scripts/tools/install/yosys/bin/../share/yosys/techmap.v
4.4.2. Executing Verilog-2005 frontend: /OpenROAD-flow-scripts/flow/platforms/common/lcu_kogge_stone.v
4.4.3. Continuing TECHMAP pass.
4.5. Executing OPT pass (performing simple optimizations).
4.5.1. Executing OPT_EXPR pass (perform const folding).
4.5.2. Executing OPT_MERGE pass (detect identical cells).
4.5.3. Executing OPT_DFF pass (perform DFF optimizations).
4.5.4. Executing OPT_CLEAN pass (remove unused cells and wires).
4.5.5. Finished fast OPT passes.
4.6. Executing HIERARCHY pass (managing design hierarchy).
4.6.1. Analyzing design hierarchy..
4.6.2. Analyzing design hierarchy..
4.7. Printing statistics.
4.8. Executing CHECK pass (checking for obvious problems).
5. Executing OPT pass (performing simple optimizations).
5.1. Executing OPT_EXPR pass (perform const folding).
5.2. Executing OPT_MERGE pass (detect identical cells).
5.3. Executing OPT_MUXTREE pass (detect dead branches in mux trees).
5.4. Executing OPT_REDUCE pass (consolidate $*mux and $reduce_* inputs).
5.5. Executing OPT_MERGE pass (detect identical cells).
5.6. Executing OPT_DFF pass (perform DFF optimizations).
5.7. Executing OPT_CLEAN pass (remove unused cells and wires).
5.8. Executing OPT_EXPR pass (perform const folding).
5.9. Finished fast OPT passes. (There is nothing left to do.)
6. Executing EXTRACT_FA pass (find and extract full/half adders).
7. Executing TECHMAP pass (map to technology primitives).
7.1. Executing Verilog-2005 frontend: /OpenROAD-flow-scripts/flow/platforms/sky130hd/cells_adders_hd.v
7.2. Continuing TECHMAP pass.
8. Executing TECHMAP pass (map to technology primitives).
8.1. Executing Verilog-2005 frontend: /OpenROAD-flow-scripts/tools/install/yosys/bin/../share/yosys/techmap.v
8.2. Continuing TECHMAP pass.
9. Executing OPT pass (performing simple optimizations).
9.1. Executing OPT_EXPR pass (perform const folding).
9.2. Executing OPT_MERGE pass (detect identical cells).
9.3. Executing OPT_DFF pass (perform DFF optimizations).
9.4. Executing OPT_CLEAN pass (remove unused cells and wires).
9.5. Finished fast OPT passes.
10. Executing DFFLEGALIZE pass (convert FFs to types supported by the target).
11. Executing TECHMAP pass (map to technology primitives).
11.1. Executing Verilog-2005 frontend: /OpenROAD-flow-scripts/flow/platforms/sky130hd/cells_latch_hd.v
11.2. Continuing TECHMAP pass.
12. Executing DFFLIBMAP pass (mapping DFF cells to sequential cells from liberty file).
12.1. Executing DFFLEGALIZE pass (convert FFs to types supported by the target).
13. Executing OPT pass (performing simple optimizations).
13.1. Executing OPT_EXPR pass (perform const folding).
13.2. Executing OPT_MERGE pass (detect identical cells).
13.3. Executing OPT_MUXTREE pass (detect dead branches in mux trees).
13.4. Executing OPT_REDUCE pass (consolidate $*mux and $reduce_* inputs).
13.5. Executing OPT_MERGE pass (detect identical cells).
13.6. Executing OPT_DFF pass (perform DFF optimizations).
13.7. Executing OPT_CLEAN pass (remove unused cells and wires).
13.8. Executing OPT_EXPR pass (perform const folding).
13.9. Finished fast OPT passes. (There is nothing left to do.)
14. Executing SETUNDEF pass (replace undef values with defined constants).
abc -script /OpenROAD-flow-scripts/flow/scripts/abc_speed.script -liberty /OpenROAD-flow-scripts/flow/platforms/sky130hd/lib/sky130_fd_sc_hd__tt_025C_1v80.lib -liberty /work/campaigns/iscas_sustainability_extension/memory_compiler/gate3_attempt06_replacement_sram_backend_qualification/source_checkout/sram22_256x64m4w8/sram22_256x64m4w8_tt_025C_1v80.lib -dont_use sky130_fd_sc_hd__probe_p_8 -dont_use sky130_fd_sc_hd__probec_p_8 -dont_use sky130_fd_sc_hd__lpflow_bleeder_1 -dont_use sky130_fd_sc_hd__lpflow_clkbufkapwr_1 -dont_use sky130_fd_sc_hd__lpflow_clkbufkapwr_16 -dont_use sky130_fd_sc_hd__lpflow_clkbufkapwr_2 -dont_use sky130_fd_sc_hd__lpflow_clkbufkapwr_4 -dont_use sky130_fd_sc_hd__lpflow_clkbufkapwr_8 -dont_use sky130_fd_sc_hd__lpflow_clkinvkapwr_1 -dont_use sky130_fd_sc_hd__lpflow_clkinvkapwr_16 -dont_use sky130_fd_sc_hd__lpflow_clkinvkapwr_2 -dont_use sky130_fd_sc_hd__lpflow_clkinvkapwr_4 -dont_use sky130_fd_sc_hd__lpflow_clkinvkapwr_8 -dont_use sky130_fd_sc_hd__lpflow_decapkapwr_12 -dont_use sky130_fd_sc_hd__lpflow_decapkapwr_3 -dont_use sky130_fd_sc_hd__lpflow_decapkapwr_4 -dont_use sky130_fd_sc_hd__lpflow_decapkapwr_6 -dont_use sky130_fd_sc_hd__lpflow_decapkapwr_8 -dont_use sky130_fd_sc_hd__lpflow_inputiso0n_1 -dont_use sky130_fd_sc_hd__lpflow_inputiso0p_1 -dont_use sky130_fd_sc_hd__lpflow_inputiso1n_1 -dont_use sky130_fd_sc_hd__lpflow_inputiso1p_1 -dont_use sky130_fd_sc_hd__lpflow_inputisolatch_1 -dont_use sky130_fd_sc_hd__lpflow_isobufsrc_1 -dont_use sky130_fd_sc_hd__lpflow_isobufsrc_16 -dont_use sky130_fd_sc_hd__lpflow_isobufsrc_2 -dont_use sky130_fd_sc_hd__lpflow_isobufsrc_4 -dont_use sky130_fd_sc_hd__lpflow_isobufsrc_8 -dont_use sky130_fd_sc_hd__lpflow_isobufsrckapwr_16 -dont_use sky130_fd_sc_hd__lpflow_lsbuf_lh_hl_isowell_tap_1 -dont_use sky130_fd_sc_hd__lpflow_lsbuf_lh_hl_isowell_tap_2 -dont_use sky130_fd_sc_hd__lpflow_lsbuf_lh_hl_isowell_tap_4 -dont_use sky130_fd_sc_hd__lpflow_lsbuf_lh_isowell_4 -dont_use sky130_fd_sc_hd__lpflow_lsbuf_lh_isowell_tap_1 -dont_use sky130_fd_sc_hd__lpflow_lsbuf_lh_isowell_tap_2 -dont_use sky130_fd_sc_hd__lpflow_lsbuf_lh_isowell_tap_4 -constr /work/campaigns/iscas_sustainability_extension/memory_compiler/gate3_attempt06_replacement_sram_backend_qualification/raw/openroad/work/objects/sky130hd/attempt06_u0/base/abc.constr -D 10.0
15. Executing ABC pass (technology mapping using ABC).
15.1. Extracting gate netlist of module `\u0_sram22_top' to `<abc-temp-dir>/input.blif'..
15.1.1. Executed ABC.
16. Executing SPLITNETS pass (splitting up multi-bit signals).
17. Executing OPT_CLEAN pass (remove unused cells and wires).
18. Executing HILOMAP pass (mapping to constant drivers).
19. Executing INSBUF pass (insert buffer cells for connected wires).
20. Executing CHECK pass (checking for obvious problems).
21. Printing statistics.
22. Executing CHECK pass (checking for obvious problems).
23. Executing Verilog backend.
23.1. Executing BMUXMAP pass.
23.2. Executing DEMUXMAP pass.
Warnings: 1 unique messages, 1 total
End of script. Logfile hash: 02a91d09d0, time: 2.15s, user: 0.57s, system: 0.85s, MEM: 59.39 MB peak
Yosys 0.68+post (git sha1 UNKNOWN, Release, GNU /usr/local/bin/wrapped-cc/g++ 11.4.0)
Time spent: 25% 1x abc (0 sec), 20% 2x synth (0 sec), ...
Elapsed time: 0:02.17[h:]min:sec. CPU time: user 0.98 sys 0.98 (90%). Peak memory: 62416KB.
Log                       Ext     Elapsed/s Peak Memory/MB sha1sum result [0:20)
1_2_yosys                 .v              2             60 2f08738914278f12aa51
1_2_yosys                 .sdc                             fe3579599c76eea9f84b
cp /work/campaigns/iscas_sustainability_extension/memory_compiler/gate3_attempt06_replacement_sram_backend_qualification/openroad/u0/constraint.sdc /work/campaigns/iscas_sustainability_extension/memory_compiler/gate3_attempt06_replacement_sram_backend_qualification/raw/openroad/work/results/sky130hd/attempt06_u0/base/1_2_yosys.sdc
touch -r /work/campaigns/iscas_sustainability_extension/memory_compiler/gate3_attempt06_replacement_sram_backend_qualification/openroad/u0/constraint.sdc /work/campaigns/iscas_sustainability_extension/memory_compiler/gate3_attempt06_replacement_sram_backend_qualification/raw/openroad/work/results/sky130hd/attempt06_u0/base/1_2_yosys.sdc
/OpenROAD-flow-scripts/flow/scripts/flow.sh 1_synth synth_odb
Running synth_odb.tcl, stage 1_synth
read_liberty /OpenROAD-flow-scripts/flow/platforms/sky130hd/lib/sky130_fd_sc_hd__tt_025C_1v80.lib
read_liberty /work/campaigns/iscas_sustainability_extension/memory_compiler/gate3_attempt06_replacement_sram_backend_qualification/source_checkout/sram22_256x64m4w8/sram22_256x64m4w8_tt_025C_1v80.lib
[INFO ODB-0227] LEF file: /OpenROAD-flow-scripts/flow/platforms/sky130hd/lef/sky130_fd_sc_hd.tlef, created 13 layers, 25 vias
[INFO ODB-0227] LEF file: /OpenROAD-flow-scripts/flow/platforms/sky130hd/lef/sky130_fd_sc_hd_merged.lef, created 441 library cells
[INFO ODB-0227] LEF file: /work/campaigns/iscas_sustainability_extension/memory_compiler/gate3_attempt06_replacement_sram_backend_qualification/source_checkout/sram22_256x64m4w8/sram22_256x64m4w8.lef, created 1 library cells
link_design u0_sram22_top
read_sdc /work/campaigns/iscas_sustainability_extension/memory_compiler/gate3_attempt06_replacement_sram_backend_qualification/raw/openroad/work/results/sky130hd/attempt06_u0/base/1_2_yosys.sdc
source /OpenROAD-flow-scripts/flow/platforms/sky130hd/setRC.tcl
eliminate_dead_logic
Removed 0 unused instances and 0 unused nets.
Design area 201267 um^2 100% utilization.
write_db /work/campaigns/iscas_sustainability_extension/memory_compiler/gate3_attempt06_replacement_sram_backend_qualification/raw/openroad/work/results/sky130hd/attempt06_u0/base/1_synth.odb
write_sdc -no_timestamp /work/campaigns/iscas_sustainability_extension/memory_compiler/gate3_attempt06_replacement_sram_backend_qualification/raw/openroad/work/results/sky130hd/attempt06_u0/base/1_synth.sdc
Elapsed time: 0:01.26[h:]min:sec. CPU time: user 0.81 sys 0.18 (78%). Peak memory: 126672KB.
Log                       Ext     Elapsed/s Peak Memory/MB sha1sum result [0:20)
1_synth                   .odb            1            123 b485825eb6796475a5ee
1_synth                   .sdc                             b6f9383ea778b3f433b7
/OpenROAD-flow-scripts/flow/scripts/flow.sh 2_1_floorplan floorplan
Running floorplan.tcl, stage 2_1_floorplan
read_liberty /OpenROAD-flow-scripts/flow/platforms/sky130hd/lib/sky130_fd_sc_hd__tt_025C_1v80.lib
read_liberty /work/campaigns/iscas_sustainability_extension/memory_compiler/gate3_attempt06_replacement_sram_backend_qualification/source_checkout/sram22_256x64m4w8/sram22_256x64m4w8_tt_025C_1v80.lib
read_db /work/campaigns/iscas_sustainability_extension/memory_compiler/gate3_attempt06_replacement_sram_backend_qualification/raw/openroad/work/results/sky130hd/attempt06_u0/base/1_synth.odb
read_sdc /work/campaigns/iscas_sustainability_extension/memory_compiler/gate3_attempt06_replacement_sram_backend_qualification/raw/openroad/work/results/sky130hd/attempt06_u0/base/1_synth.sdc
source /OpenROAD-flow-scripts/flow/platforms/sky130hd/setRC.tcl
Master sky130_ef_sc_hd__decap_12 is loaded but not used in the design

==========================================================================
Floorplan check_setup
--------------------------------------------------------------------------
number instances in verilog is 1
[WARNING IFP-0028] Core area lower left (10.000, 10.000) snapped to (10.120, 10.880).
[INFO IFP-0001] Added 176 rows of 1912 site unithd.
[INFO IFP-0100] Die BBox:  (  0.000  0.000 ) ( 900.000 500.000 ) um
[INFO IFP-0101] Core BBox: ( 10.120 10.880 ) ( 889.640 489.600 ) um
[INFO IFP-0102] Core area:                       421043.814 um^2
[INFO IFP-0103] Total instances area:            201266.597 um^2
[INFO IFP-0104] Effective utilization:                0.478
[INFO IFP-0105] Number of instances:                      1
source /OpenROAD-flow-scripts/flow/platforms/sky130hd/make_tracks.tcl
source /OpenROAD-flow-scripts/flow/platforms/sky130hd/fastroute.tcl
Repair tie lo fanout...
Repair tie hi fanout...
repair_timing -setup_margin 0 -hold_margin 0 -repair_tns 100 -skip_gate_cloning -match_cell_footprint -setup -skip_last_gasp -sequence unbuffer,sizeup,swap,vt_swap -verbose
[WARNING EST-0027] no estimated parasitics. Using wire load models.
[INFO RSZ-0100] Repair move sequence: UnbufferMove SizeUpMove SwapPinsMove 
[INFO RSZ-0098] No setup violations found
[INFO RSZ-0505] Runtime: 0.16s
Default units for flow
 time 1ns
 capacitance 1pF
 resistance 1kohm
 voltage 1v
 current 1mA
 power 1nW
 distance 1um
   Layer   | Unit Resistance | Unit Capacitance 
           |       (kohm/um) |          (pF/um)
------------------------------------------------
       li1 |        7.18e-02 |         1.50e-04
      met1 |        1.21e-03 |         1.72e-04
      met2 |        1.22e-03 |         1.36e-04
      met3 |        1.66e-04 |         2.15e-04
      met4 |        1.68e-04 |         1.48e-04
      met5 |        1.84e-05 |         1.54e-04
------------------------------------------------

   Layer   | Via Resistance 
           |         (kohm) 
----------------------------
      mcon |       9.25e-03 
       via |       4.50e-03 
      via2 |       3.37e-03 
      via3 |       3.77e-04 
      via4 |       5.80e-06 
----------------------------
Report metrics stage 2, floorplan final...

==========================================================================
floorplan final report_design_area
--------------------------------------------------------------------------
Design area 201267 um^2 48% utilization.
write_db /work/campaigns/iscas_sustainability_extension/memory_compiler/gate3_attempt06_replacement_sram_backend_qualification/raw/openroad/work/results/sky130hd/attempt06_u0/base/2_1_floorplan.odb
write_sdc -no_timestamp /work/campaigns/iscas_sustainability_extension/memory_compiler/gate3_attempt06_replacement_sram_backend_qualification/raw/openroad/work/results/sky130hd/attempt06_u0/base/2_1_floorplan.sdc
Elapsed time: 0:01.93[h:]min:sec. CPU time: user 0.83 sys 0.36 (61%). Peak memory: 144984KB.
Log                       Ext     Elapsed/s Peak Memory/MB sha1sum result [0:20)
2_1_floorplan             .odb            1            141 14b9b2bf7d8fd3171265
2_1_floorplan             .sdc                             b6f9383ea778b3f433b7
/OpenROAD-flow-scripts/flow/scripts/flow.sh 2_2_floorplan_macro macro_place
Running macro_place.tcl, stage 2_2_floorplan_macro
read_liberty /OpenROAD-flow-scripts/flow/platforms/sky130hd/lib/sky130_fd_sc_hd__tt_025C_1v80.lib
read_liberty /work/campaigns/iscas_sustainability_extension/memory_compiler/gate3_attempt06_replacement_sram_backend_qualification/source_checkout/sram22_256x64m4w8/sram22_256x64m4w8_tt_025C_1v80.lib
read_db /work/campaigns/iscas_sustainability_extension/memory_compiler/gate3_attempt06_replacement_sram_backend_qualification/raw/openroad/work/results/sky130hd/attempt06_u0/base/2_1_floorplan.odb
read_sdc /work/campaigns/iscas_sustainability_extension/memory_compiler/gate3_attempt06_replacement_sram_backend_qualification/raw/openroad/work/results/sky130hd/attempt06_u0/base/2_1_floorplan.sdc
source /OpenROAD-flow-scripts/flow/platforms/sky130hd/setRC.tcl
rtl_macro_placer -max_num_level 2 -halo_width 10 -halo_height 10 -min_ar 0.33 -area_weight 0.1 -wirelength_weight 100.0 -outline_weight 100.0 -boundary_weight 50.0 -notch_weight 50.0 -report_directory /work/campaigns/iscas_sustainability_extension/memory_compiler/gate3_attempt06_replacement_sram_backend_qualification/raw/openroad/work/objects/sky130hd/attempt06_u0/base/rtlmp -fence_lx 0.0 -fence_ly 0.0 -fence_ux 0.0 -fence_uy 0.0 -target_util 0.35
[WARNING MPL-0074] -halo_width/-halo_height are deprecated, use the set_macro_base_halo command instead.
Die Area: (0.00, 0.00) (900.00, 500.00),  Floorplan Area: (10.12, 10.88) (889.64, 489.60)
	Number of std cell instances: 0
	Area of std cell instances: 0.00
	Number of macros: 1
	Macros to be placed: 1
	Area of macros: 201266.60
	Base halo (L, B, R, T): (10.00, 10.00, 10.00, 10.00)
	Area of macros with halos: 208348.91
	Area of std cell instances + Area of macros: 201266.60
	Floorplan area: 421043.81
	Design Utilization: 0.48
	Floorplan Utilization: 0.00
	Manufacturing Grid: 5

[WARNING MPL-0025] Design has no standard cells!
[WARNING MPL-0002] Could not align all pins of the macro u_data to the track-grid. 136 out of 147 pins were aligned.
[INFO MPL-0500] Runtime: 0.65s
Design area 201267 um^2 48% utilization.
write_db /work/campaigns/iscas_sustainability_extension/memory_compiler/gate3_attempt06_replacement_sram_backend_qualification/raw/openroad/work/results/sky130hd/attempt06_u0/base/2_2_floorplan_macro.odb
Elapsed time: 0:01.95[h:]min:sec. CPU time: user 2.94 sys 0.23 (163%). Peak memory: 125536KB.
Log                       Ext     Elapsed/s Peak Memory/MB sha1sum result [0:20)
2_2_floorplan_macro       .odb            1            122 d94cbb9bc7913fd132b0
/OpenROAD-flow-scripts/flow/scripts/flow.sh 2_3_floorplan_tapcell tapcell
Running tapcell.tcl, stage 2_3_floorplan_tapcell
read_liberty /OpenROAD-flow-scripts/flow/platforms/sky130hd/lib/sky130_fd_sc_hd__tt_025C_1v80.lib
read_liberty /work/campaigns/iscas_sustainability_extension/memory_compiler/gate3_attempt06_replacement_sram_backend_qualification/source_checkout/sram22_256x64m4w8/sram22_256x64m4w8_tt_025C_1v80.lib
read_db /work/campaigns/iscas_sustainability_extension/memory_compiler/gate3_attempt06_replacement_sram_backend_qualification/raw/openroad/work/results/sky130hd/attempt06_u0/base/2_2_floorplan_macro.odb
read_sdc /work/campaigns/iscas_sustainability_extension/memory_compiler/gate3_attempt06_replacement_sram_backend_qualification/raw/openroad/work/results/sky130hd/attempt06_u0/base/2_1_floorplan.sdc
source /OpenROAD-flow-scripts/flow/platforms/sky130hd/setRC.tcl
[INFO ODB-0303] The initial 176 rows (336512 sites) were cut with 1 shapes for a total of 176 rows (172467 sites).
[INFO TAP-0005] Inserted 2944 tapcells.
Design area 204950 um^2 49% utilization.
write_db /work/campaigns/iscas_sustainability_extension/memory_compiler/gate3_attempt06_replacement_sram_backend_qualification/raw/openroad/work/results/sky130hd/attempt06_u0/base/2_3_floorplan_tapcell.odb
Elapsed time: 0:01.32[h:]min:sec. CPU time: user 0.77 sys 0.17 (71%). Peak memory: 125632KB.
Log                       Ext     Elapsed/s Peak Memory/MB sha1sum result [0:20)
2_3_floorplan_tapcell     .odb            1            122 3a649e76005188dde097
/OpenROAD-flow-scripts/flow/scripts/flow.sh 2_4_floorplan_pdn pdn
Running pdn.tcl, stage 2_4_floorplan_pdn
read_liberty /OpenROAD-flow-scripts/flow/platforms/sky130hd/lib/sky130_fd_sc_hd__tt_025C_1v80.lib
read_liberty /work/campaigns/iscas_sustainability_extension/memory_compiler/gate3_attempt06_replacement_sram_backend_qualification/source_checkout/sram22_256x64m4w8/sram22_256x64m4w8_tt_025C_1v80.lib
read_db /work/campaigns/iscas_sustainability_extension/memory_compiler/gate3_attempt06_replacement_sram_backend_qualification/raw/openroad/work/results/sky130hd/attempt06_u0/base/2_3_floorplan_tapcell.odb
read_sdc /work/campaigns/iscas_sustainability_extension/memory_compiler/gate3_attempt06_replacement_sram_backend_qualification/raw/openroad/work/results/sky130hd/attempt06_u0/base/2_1_floorplan.sdc
source /OpenROAD-flow-scripts/flow/platforms/sky130hd/setRC.tcl
[WARNING PDN-1051] No instances found for grid (CORE_macro_grid_2).
[INFO PDN-0001] Inserting grid: grid
[INFO PDN-0001] Inserting grid: CORE_macro_grid_1 - u_data
[WARNING PDN-0195] Removing 25 via(s) between met2 and met4 at (443.7000 um, 77.3000 um) for VDD
[WARNING PDN-0195] Removing 640 via(s) between met2 and met4 at (443.6650 um, 233.6050 um) for VDD
[WARNING PDN-0195] Removing 114 via(s) between met2 and met4 at (470.8000 um, 151.5000 um) for VDD
[WARNING PDN-0110] No via inserted between met2 and met4 at (497.8400, 127.7400) - (497.9400, 128.0600) on VDD
[WARNING PDN-0110] No via inserted between met2 and met4 at (538.5500, 118.9000) - (538.7400, 119.2200) on VSS
[WARNING PDN-0110] No via inserted between met2 and met4 at (553.3800, 58.3800) - (553.7200, 58.7000) on VDD
[WARNING PDN-0110] No via inserted between met2 and met4 at (553.3800, 96.4600) - (553.7200, 96.7800) on VDD
[WARNING PDN-0195] Removing 2 via(s) between met2 and met4 at (579.4000 um, 157.8200 um) for VDD
[WARNING PDN-0195] Removing 2 via(s) between met2 and met4 at (579.4000 um, 161.9000 um) for VDD
[WARNING PDN-0110] No via inserted between met2 and met4 at (580.5400, 160.3800) - (580.8600, 162.0700) on VDD
[WARNING PDN-0110] No via inserted between met2 and met4 at (662.1800, 209.3400) - (662.2800, 209.6600) on VDD
[WARNING PDN-0110] No via inserted between met2 and met4 at (675.7800, 170.5800) - (675.8500, 170.9000) on VSS
[WARNING PDN-0110] No via inserted between met2 and met4 at (675.7800, 171.9400) - (675.8500, 172.2600) on VSS
[WARNING PDN-0110] No via inserted between met2 and met4 at (675.7800, 174.6600) - (675.8500, 174.9800) on VSS
[WARNING PDN-0110] No via inserted between met2 and met4 at (675.7800, 176.0200) - (675.8500, 176.3400) on VSS
[WARNING PDN-0110] No via inserted between met2 and met4 at (675.7800, 177.3800) - (675.8500, 177.7000) on VSS
[WARNING PDN-0110] No via inserted between met2 and met4 at (675.7800, 178.7400) - (675.8500, 179.0600) on VSS
[WARNING PDN-0110] No via inserted between met2 and met4 at (689.3800, 201.1800) - (689.4200, 201.5000) on VDD
[INFO PDN-0500] Runtime: 0.56s
Design area 204950 um^2 49% utilization.
write_db /work/campaigns/iscas_sustainability_extension/memory_compiler/gate3_attempt06_replacement_sram_backend_qualification/raw/openroad/work/results/sky130hd/attempt06_u0/base/2_4_floorplan_pdn.odb
Elapsed time: 0:02.15[h:]min:sec. CPU time: user 1.34 sys 0.28 (75%). Peak memory: 138296KB.
Log                       Ext     Elapsed/s Peak Memory/MB sha1sum result [0:20)
2_4_floorplan_pdn         .odb            2            135 0ae80ded5c33b13d4138
cp /work/campaigns/iscas_sustainability_extension/memory_compiler/gate3_attempt06_replacement_sram_backend_qualification/raw/openroad/work/results/sky130hd/attempt06_u0/base/2_4_floorplan_pdn.odb /work/campaigns/iscas_sustainability_extension/memory_compiler/gate3_attempt06_replacement_sram_backend_qualification/raw/openroad/work/results/sky130hd/attempt06_u0/base/2_floorplan.odb
cp /work/campaigns/iscas_sustainability_extension/memory_compiler/gate3_attempt06_replacement_sram_backend_qualification/raw/openroad/work/results/sky130hd/attempt06_u0/base/2_1_floorplan.sdc /work/campaigns/iscas_sustainability_extension/memory_compiler/gate3_attempt06_replacement_sram_backend_qualification/raw/openroad/work/results/sky130hd/attempt06_u0/base/2_floorplan.sdc
/OpenROAD-flow-scripts/flow/scripts/flow.sh 3_1_place_gp_skip_io global_place_skip_io
Running global_place_skip_io.tcl, stage 3_1_place_gp_skip_io
read_liberty /OpenROAD-flow-scripts/flow/platforms/sky130hd/lib/sky130_fd_sc_hd__tt_025C_1v80.lib
read_liberty /work/campaigns/iscas_sustainability_extension/memory_compiler/gate3_attempt06_replacement_sram_backend_qualification/source_checkout/sram22_256x64m4w8/sram22_256x64m4w8_tt_025C_1v80.lib
read_db /work/campaigns/iscas_sustainability_extension/memory_compiler/gate3_attempt06_replacement_sram_backend_qualification/raw/openroad/work/results/sky130hd/attempt06_u0/base/2_floorplan.odb
read_sdc /work/campaigns/iscas_sustainability_extension/memory_compiler/gate3_attempt06_replacement_sram_backend_qualification/raw/openroad/work/results/sky130hd/attempt06_u0/base/2_floorplan.sdc
source /OpenROAD-flow-scripts/flow/platforms/sky130hd/setRC.tcl
global_placement -skip_io -density 0.35 -pad_left 0 -pad_right 0 -random_seed 1
[INFO GPL-0001] ---- Initialize GPL Main Data Structures
[INFO GPL-0002] DBU: 1000
[INFO GPL-0003] SiteSize: (  0.460  2.720 ) um
[INFO GPL-0004] CoreBBox: ( 10.120 10.880 ) ( 889.640 489.600 ) um
[INFO GPL-0016] Core area:                  421043.814 um^2
[INFO GPL-0036] Movable instances area:          0.000 um^2
[INFO GPL-0037] Total instances area:       208391.114 um^2
[INFO GPL-0035] Pin density area adjust:         0.000 um^2
[INFO GPL-0032] ---- Initialize Region: Top-level
[INFO GPL-0006] Number of instances:              3179
[INFO GPL-0007] Movable instances:                   0
[INFO GPL-0008] Fixed instances:                  2945
[INFO GPL-0009] Dummy instances:                   234
[INFO GPL-0010] Number of nets:                    148
[INFO GPL-0011] Number of pins:                    148
[INFO GPL-0012] Die BBox:       (  0.000  0.000 ) ( 900.000 500.000 ) um
[INFO GPL-0013] Placement BBox: ( 10.120 10.880 ) ( 889.640 489.600 ) um
[INFO GPL-0014] Region name: top-level.
[INFO GPL-0015] Region area:                421043.814 um^2
[INFO GPL-0017] Fixed instances area:       214414.390 um^2
[INFO GPL-0018] Movable instances area:          0.000 um^2
[INFO GPL-0019] Utilization:                     0.000 %
[INFO GPL-0020] Standard cells area:             0.000 um^2
[INFO GPL-0021] Large instances area:            0.000 um^2
[WARNING GPL-0123] No placeable instances in the top-level region. Removing it.
[INFO GPL-0005] ---- Execute Conjugate Gradient Initial Placement.
[INFO GPL-0051] Source of initial instance position counters:
	Odb location = 0	Core center = 0	Region center = 0
[WARNING GPL-0136] No placeable instances - skipping placement.
Design area 204950 um^2 49% utilization.
write_db /work/campaigns/iscas_sustainability_extension/memory_compiler/gate3_attempt06_replacement_sram_backend_qualification/raw/openroad/work/results/sky130hd/attempt06_u0/base/3_1_place_gp_skip_io.odb
Elapsed time: 0:01.58[h:]min:sec. CPU time: user 0.85 sys 0.15 (63%). Peak memory: 127768KB.
Log                       Ext     Elapsed/s Peak Memory/MB sha1sum result [0:20)
3_1_place_gp_skip_io      .odb            1            124 0ae80ded5c33b13d4138
/OpenROAD-flow-scripts/flow/scripts/flow.sh 3_2_place_iop io_placement
Running io_placement.tcl, stage 3_2_place_iop
read_liberty /OpenROAD-flow-scripts/flow/platforms/sky130hd/lib/sky130_fd_sc_hd__tt_025C_1v80.lib
read_liberty /work/campaigns/iscas_sustainability_extension/memory_compiler/gate3_attempt06_replacement_sram_backend_qualification/source_checkout/sram22_256x64m4w8/sram22_256x64m4w8_tt_025C_1v80.lib
read_db /work/campaigns/iscas_sustainability_extension/memory_compiler/gate3_attempt06_replacement_sram_backend_qualification/raw/openroad/work/results/sky130hd/attempt06_u0/base/3_1_place_gp_skip_io.odb
read_sdc /work/campaigns/iscas_sustainability_extension/memory_compiler/gate3_attempt06_replacement_sram_backend_qualification/raw/openroad/work/results/sky130hd/attempt06_u0/base/2_floorplan.sdc
source /OpenROAD-flow-scripts/flow/platforms/sky130hd/setRC.tcl
place_pins -hor_layers met3 -ver_layers met2
Found 1 macro blocks.
Using 2 tracks default min distance between IO pins.
[INFO PPL-0001] Number of available slots 2680
[INFO PPL-0002] Number of I/O             148
[INFO PPL-0003] Number of I/O w/sink      148
[INFO PPL-0004] Number of I/O w/o sink    0
[INFO PPL-0005] Slots per section         200
[INFO PPL-0008] Successfully assigned pins to sections.
[INFO PPL-0012] I/O nets HPWL: 3194.16 um.
Design area 204950 um^2 49% utilization.
write_db /work/campaigns/iscas_sustainability_extension/memory_compiler/gate3_attempt06_replacement_sram_backend_qualification/raw/openroad/work/results/sky130hd/attempt06_u0/base/3_2_place_iop.odb
Elapsed time: 0:01.61[h:]min:sec. CPU time: user 0.82 sys 0.19 (62%). Peak memory: 130000KB.
Log                       Ext     Elapsed/s Peak Memory/MB sha1sum result [0:20)
3_2_place_iop             .odb            1            126 ef04df7f9f9425f09552
/OpenROAD-flow-scripts/flow/scripts/flow.sh 3_3_place_gp global_place
Running global_place.tcl, stage 3_3_place_gp
read_liberty /OpenROAD-flow-scripts/flow/platforms/sky130hd/lib/sky130_fd_sc_hd__tt_025C_1v80.lib
read_liberty /work/campaigns/iscas_sustainability_extension/memory_compiler/gate3_attempt06_replacement_sram_backend_qualification/source_checkout/sram22_256x64m4w8/sram22_256x64m4w8_tt_025C_1v80.lib
read_db /work/campaigns/iscas_sustainability_extension/memory_compiler/gate3_attempt06_replacement_sram_backend_qualification/raw/openroad/work/results/sky130hd/attempt06_u0/base/3_2_place_iop.odb
read_sdc /work/campaigns/iscas_sustainability_extension/memory_compiler/gate3_attempt06_replacement_sram_backend_qualification/raw/openroad/work/results/sky130hd/attempt06_u0/base/2_floorplan.sdc
source /OpenROAD-flow-scripts/flow/platforms/sky130hd/setRC.tcl
[INFO RSZ-0026] Removed 0 buffers.
Perform port buffering...
[INFO RSZ-0027] Inserted 83 sky130_fd_sc_hd__clkdlybuf4s50_1 input buffers.
[INFO RSZ-0028] Inserted 64 sky130_fd_sc_hd__clkdlybuf4s50_1 output buffers.
global_placement -density 0.35 -pad_left 0 -pad_right 0 -routability_driven -random_seed 1 -timing_driven -force_center_initial_place -min_phi_coef 0.95 -max_phi_coef 1.05
[INFO GPL-0001] ---- Initialize GPL Main Data Structures
[INFO GPL-0002] DBU: 1000
[INFO GPL-0003] SiteSize: (  0.460  2.720 ) um
[INFO GPL-0004] CoreBBox: ( 10.120 10.880 ) ( 889.640 489.600 ) um
[INFO GPL-0016] Core area:                  421043.814 um^2
[INFO GPL-0036] Movable instances area:       1471.411 um^2
[INFO GPL-0037] Total instances area:       209862.525 um^2
[INFO GPL-0035] Pin density area adjust:         0.000 um^2
[INFO GPL-0032] ---- Initialize Region: Top-level
[INFO GPL-0006] Number of instances:              3326
[INFO GPL-0007] Movable instances:                 147
[INFO GPL-0008] Fixed instances:                  2945
[INFO GPL-0009] Dummy instances:                   234
[INFO GPL-0010] Number of nets:                    295
[INFO GPL-0011] Number of pins:                    590
[INFO GPL-0012] Die BBox:       (  0.000  0.000 ) ( 900.000 500.000 ) um
[INFO GPL-0013] Placement BBox: ( 10.120 10.880 ) ( 889.640 489.600 ) um
[INFO GPL-0014] Region name: top-level.
[INFO GPL-0015] Region area:                421043.814 um^2
[INFO GPL-0017] Fixed instances area:       214414.390 um^2
[INFO GPL-0018] Movable instances area:       1471.411 um^2
[INFO GPL-0019] Utilization:                     0.712 %
[INFO GPL-0020] Standard cells area:          1471.411 um^2
[INFO GPL-0021] Large instances area:            0.000 um^2
[INFO GPL-0005] ---- Execute Conjugate Gradient Initial Placement.
[INFO GPL-0051] Source of initial instance position counters:
	Odb location = 0	Core center = 147	Region center = 0
[InitialPlace]  Iter: 1 conjugate gradient residual: 0.00000011 HPWL: 149386210
[InitialPlace]  Iter: 2 conjugate gradient residual: 0.00000002 HPWL: 149375920
[InitialPlace]  Iter: 3 conjugate gradient residual: 0.00000008 HPWL: 149375920
[InitialPlace]  Iter: 4 conjugate gradient residual: 0.00000002 HPWL: 149375920
[InitialPlace]  Iter: 5 conjugate gradient residual: 0.00000002 HPWL: 149375920
[INFO GPL-0033] ---- Initialize Nesterov Region: Top-level
[INFO GPL-0023] Placement target density:       0.3500
[INFO GPL-0024] Movable insts average area:     10.010 um^2
[INFO GPL-0025] Ideal bin area:                 28.599 um^2
[INFO GPL-0026] Ideal bin count:                 14722
[INFO GPL-0027] Total bin area:             421043.814 um^2
[INFO GPL-0028] Bin count (X, Y):          64 ,     64
[INFO GPL-0029] Bin size (W * H):      13.742 *  7.480 um
[INFO GPL-0030] Number of bins:                   4096
[INFO GPL-0084] ---- Execute Nesterov Global Placement.
[INFO GPL-0031] HPWL: Half-Perimeter Wirelength
Iteration | Overflow |     HPWL (um) |  HPWL(%) |   Penalty | Group
---------------------------------------------------------------
        0 |   0.9999 |  3.599376e+03 |   +0.00% |  2.91e-16 |      
       10 |   0.9999 |  3.599376e+03 |   +0.00% |  4.73e-16 |      
       20 |   0.9999 |  3.599376e+03 |   +0.00% |  7.71e-16 |      
       30 |   0.9999 |  3.599376e+03 |   +0.00% |  1.26e-15 |      
       40 |   0.9999 |  3.599376e+03 |   +0.00% |  2.05e-15 |      
       50 |   0.9999 |  3.599376e+03 |   +0.00% |  3.33e-15 |      
       60 |   0.9999 |  3.599376e+03 |   +0.00% |  5.43e-15 |      
       70 |   0.9999 |  3.599376e+03 |   +0.00% |  8.84e-15 |      
       80 |   0.9999 |  3.599376e+03 |   +0.00% |  1.44e-14 |      
       90 |   0.9999 |  3.599376e+03 |   +0.00% |  2.35e-14 |      
      100 |   0.9999 |  3.599376e+03 |   +0.00% |  3.82e-14 |      
      110 |   0.9999 |  3.600704e+03 |   +0.04% |  6.22e-14 |      
      120 |   0.9999 |  3.606248e+03 |   +0.15% |  1.01e-13 |      
      130 |   0.9999 |  3.615638e+03 |   +0.26% |  1.65e-13 |      
      140 |   0.9999 |  3.630818e+03 |   +0.42% |  2.69e-13 |      
      150 |   0.9999 |  3.655142e+03 |   +0.67% |  4.38e-13 |      
      160 |   0.9999 |  3.690286e+03 |   +0.96% |  7.14e-13 |      
      170 |   0.9999 |  3.733004e+03 |   +1.16% |  1.16e-12 |      
      180 |   0.9999 |  3.789278e+03 |   +1.51% |  1.89e-12 |      
      190 |   0.9999 |  3.853996e+03 |   +1.71% |  3.08e-12 |      
      200 |   0.9999 |  3.915884e+03 |   +1.61% |  5.02e-12 |      
      210 |   0.9999 |  4.012800e+03 |   +2.47% |  8.18e-12 |      
      220 |   0.9999 |  4.317338e+03 |   +7.59% |  1.33e-11 |      
      230 |   0.9999 |  5.129290e+03 |  +18.81% |  2.17e-11 |      
      240 |   0.9999 |  5.782474e+03 |  +12.73% |  3.54e-11 |      
      250 |   0.9999 |  6.418568e+03 |  +11.00% |  5.76e-11 |      
      260 |   0.9999 |  6.058652e+03 |   -5.61% |  9.38e-11 |      
      270 |   0.9999 |  5.864920e+03 |   -3.20% |  1.53e-10 |      
      280 |   0.9999 |  5.061218e+03 |  -13.70% |  2.49e-10 |      
      290 |   0.9999 |  4.362480e+03 |  -13.81% |  4.05e-10 |      
      300 |   0.9999 |  4.219010e+03 |   -3.29% |  6.60e-10 |      
      310 |   0.9999 |  4.239856e+03 |   +0.49% |  1.08e-09 |      
      320 |   0.9999 |  4.409480e+03 |   +4.00% |  1.75e-09 |      
      330 |   0.9999 |  5.118522e+03 |  +16.08% |  2.85e-09 |      
      340 |   0.9999 |  6.251950e+03 |  +22.14% |  4.65e-09 |      
      350 |   0.9999 |  8.787954e+03 |  +40.56% |  7.57e-09 |      
      360 |   0.9999 |  1.288928e+04 |  +46.67% |  1.23e-08 |      
      370 |   0.9999 |  1.854180e+04 |  +43.85% |  2.01e-08 |      
      380 |   0.9999 |  2.607782e+04 |  +40.64% |  3.27e-08 |      
      390 |   0.9826 |  3.650179e+04 |  +39.97% |  5.31e-08 |      
      400 |   0.9083 |  5.013852e+04 |  +37.36% |  8.64e-08 |      
      410 |   0.7737 |  6.553949e+04 |  +30.72% |  1.41e-07 |      
      420 |   0.6310 |  8.129893e+04 |  +24.05% |  2.29e-07 |      
[INFO GPL-0100] Timing-driven iteration 1/2, virtual: false.
[INFO GPL-0101]    Iter: 421, overflow: 0.631, keep resizer changes at: 1, HPWL: 81298934
Iteration |   Area    | Resized | Buffers | Nets repaired | Remaining
---------------------------------------------------------------------
        0 |     +0.0% |       0 |       0 |             0 |       295
[WARNING RSZ-0170] Cannot repair slew on net net147 driven by u_data/dout[9]: driver resistance x repeater pin capacitance (1.37e-11) already meets or exceeds the slew budget (3.93e-10). Net left unrepaired on this segment.
[WARNING RSZ-0170] Cannot repair slew on net net146 driven by u_data/dout[8]: driver resistance x repeater pin capacitance (1.37e-11) already meets or exceeds the slew budget (3.93e-10). Net left unrepaired on this segment.
[WARNING RSZ-0170] Cannot repair slew on net net145 driven by u_data/dout[7]: driver resistance x repeater pin capacitance (1.37e-11) already meets or exceeds the slew budget (3.93e-10). Net left unrepaired on this segment.
[WARNING RSZ-0170] Cannot repair slew on net net144 driven by u_data/dout[6]: driver resistance x repeater pin capacitance (1.37e-11) already meets or exceeds the slew budget (3.93e-10). Net left unrepaired on this segment.
[WARNING RSZ-0170] Cannot repair slew on net net103 driven by u_data/dout[27]: driver resistance x repeater pin capacitance (1.37e-11) already meets or exceeds the slew budget (3.93e-10). Net left unrepaired on this segment.
[WARNING RSZ-0170] Cannot repair slew on net net101 driven by u_data/dout[25]: driver resistance x repeater pin capacitance (1.37e-11) already meets or exceeds the slew budget (3.93e-10). Net left unrepaired on this segment.
[WARNING RSZ-0170] Cannot repair slew on net net100 driven by u_data/dout[24]: driver resistance x repeater pin capacitance (1.37e-11) already meets or exceeds the slew budget (3.93e-10). Net left unrepaired on this segment.
[WARNING RSZ-0170] Cannot repair slew on net net99 driven by u_data/dout[23]: driver resistance x repeater pin capacitance (1.37e-11) already meets or exceeds the slew budget (3.93e-10). Net left unrepaired on this segment.
[WARNING RSZ-0170] Cannot repair slew on net net98 driven by u_data/dout[22]: driver resistance x repeater pin capacitance (1.37e-11) already meets or exceeds the slew budget (3.93e-10). Net left unrepaired on this segment.
[WARNING RSZ-0170] Cannot repair slew on net net97 driven by u_data/dout[21]: driver resistance x repeater pin capacitance (1.37e-11) already meets or exceeds the slew budget (3.93e-10). Net left unrepaired on this segment.
[WARNING RSZ-0170] Cannot repair slew on net net96 driven by u_data/dout[20]: driver resistance x repeater pin capacitance (1.37e-11) already meets or exceeds the slew budget (3.93e-10). Net left unrepaired on this segment.
[WARNING RSZ-0170] Cannot repair slew on net net94 driven by u_data/dout[19]: driver resistance x repeater pin capacitance (1.37e-11) already meets or exceeds the slew budget (3.93e-10). Net left unrepaired on this segment.
[WARNING RSZ-0170] Cannot repair slew on net net93 driven by u_data/dout[18]: driver resistance x repeater pin capacitance (1.37e-11) already meets or exceeds the slew budget (3.93e-10). Net left unrepaired on this segment.
[WARNING RSZ-0170] Cannot repair slew on net net92 driven by u_data/dout[17]: driver resistance x repeater pin capacitance (1.37e-11) already meets or exceeds the slew budget (3.93e-10). Net left unrepaired on this segment.
[WARNING RSZ-0170] Cannot repair slew on net net91 driven by u_data/dout[16]: driver resistance x repeater pin capacitance (1.37e-11) already meets or exceeds the slew budget (3.93e-10). Net left unrepaired on this segment.
[WARNING RSZ-0170] Cannot repair slew on net net90 driven by u_data/dout[15]: driver resistance x repeater pin capacitance (1.37e-11) already meets or exceeds the slew budget (3.93e-10). Net left unrepaired on this segment.
[WARNING RSZ-0170] Cannot repair slew on net net89 driven by u_data/dout[14]: driver resistance x repeater pin capacitance (1.37e-11) already meets or exceeds the slew budget (3.93e-10). Net left unrepaired on this segment.
[WARNING RSZ-0170] Cannot repair slew on net net88 driven by u_data/dout[13]: driver resistance x repeater pin capacitance (1.37e-11) already meets or exceeds the slew budget (3.93e-10). Net left unrepaired on this segment.
[WARNING RSZ-0170] Cannot repair slew on net net87 driven by u_data/dout[12]: driver resistance x repeater pin capacitance (1.37e-11) already meets or exceeds the slew budget (3.93e-10). Net left unrepaired on this segment.
[WARNING RSZ-0170] Cannot repair slew on net net86 driven by u_data/dout[11]: driver resistance x repeater pin capacitance (1.37e-11) already meets or exceeds the slew budget (3.93e-10). Net left unrepaired on this segment.
[WARNING RSZ-0170] Cannot repair slew on net net85 driven by u_data/dout[10]: driver resistance x repeater pin capacitance (1.37e-11) already meets or exceeds the slew budget (3.93e-10). Net left unrepaired on this segment.
    final |     +0.3% |      71 |     119 |           141 |         0
---------------------------------------------------------------------
[INFO RSZ-0034] Found 177 slew violations.
[INFO RSZ-0039] Resized 71 instances.
[INFO RSZ-0038] Inserted 119 buffers in 141 nets.
   Iter   |    Area   | Removed | Inserted |   Pins
          |           | Buffers | Buffers  | Remaining
-------------------------------------------------------
        0 |     +0.0% |       0 |        0 |       211
       21 |     +0.0% |       0 |        8 |       190
       42 |     +0.0% |       0 |       11 |       169
       63 |     +0.1% |       0 |       19 |       148
[WARNING RSZ-2005] cannot find a viable buffering solution on pin u_data/dout[9] after 1 rounds of buffering (no solution meets design rules)
[WARNING RSZ-2005] cannot find a viable buffering solution on pin u_data/dout[8] after 1 rounds of buffering (no solution meets design rules)
[WARNING RSZ-2005] cannot find a viable buffering solution on pin u_data/dout[7] after 1 rounds of buffering (no solution meets design rules)
[WARNING RSZ-2005] cannot find a viable buffering solution on pin u_data/dout[6] after 1 rounds of buffering (no solution meets design rules)
[WARNING RSZ-2005] cannot find a viable buffering solution on pin u_data/dout[63] after 1 rounds of buffering (no solution meets design rules)
[WARNING RSZ-2005] cannot find a viable buffering solution on pin u_data/dout[62] after 1 rounds of buffering (no solution meets design rules)
[WARNING RSZ-2005] cannot find a viable buffering solution on pin u_data/dout[61] after 1 rounds of buffering (no solution meets design rules)
[WARNING RSZ-2005] cannot find a viable buffering solution on pin u_data/dout[60] after 1 rounds of buffering (no solution meets design rules)
[WARNING RSZ-2005] cannot find a viable buffering solution on pin u_data/dout[5] after 1 rounds of buffering (no solution meets design rules)
[WARNING RSZ-2005] cannot find a viable buffering solution on pin u_data/dout[59] after 1 rounds of buffering (no solution meets design rules)
[WARNING RSZ-2005] cannot find a viable buffering solution on pin u_data/dout[58] after 1 rounds of buffering (no solution meets design rules)
[WARNING RSZ-2005] cannot find a viable buffering solution on pin u_data/dout[57] after 1 rounds of buffering (no solution meets design rules)
[WARNING RSZ-2005] cannot find a viable buffering solution on pin u_data/dout[56] after 1 rounds of buffering (no solution meets design rules)
[WARNING RSZ-2005] cannot find a viable buffering solution on pin u_data/dout[55] after 1 rounds of buffering (no solution meets design rules)
[WARNING RSZ-2005] cannot find a viable buffering solution on pin u_data/dout[54] after 1 rounds of buffering (no solution meets design rules)
[WARNING RSZ-2005] cannot find a viable buffering solution on pin u_data/dout[53] after 1 rounds of buffering (no solution meets design rules)
[WARNING RSZ-2005] cannot find a viable buffering solution on pin u_data/dout[52] after 1 rounds of buffering (no solution meets design rules)
[WARNING RSZ-2005] cannot find a viable buffering solution on pin u_data/dout[51] after 1 rounds of buffering (no solution meets design rules)
[WARNING RSZ-2005] cannot find a viable buffering solution on pin u_data/dout[50] after 1 rounds of buffering (no solution meets design rules)
[WARNING RSZ-2005] cannot find a viable buffering solution on pin u_data/dout[4] after 1 rounds of buffering (no solution meets design rules)
       84 |     +0.1% |       0 |       19 |       127
[WARNING RSZ-2005] cannot find a viable buffering solution on pin u_data/dout[49] after 1 rounds of buffering (no solution meets design rules)
[WARNING RSZ-2005] cannot find a viable buffering solution on pin u_data/dout[48] after 1 rounds of buffering (no solution meets design rules)
[WARNING RSZ-2005] cannot find a viable buffering solution on pin u_data/dout[47] after 1 rounds of buffering (no solution meets design rules)
[WARNING RSZ-2005] cannot find a viable buffering solution on pin u_data/dout[46] after 1 rounds of buffering (no solution meets design rules)
[WARNING RSZ-2005] cannot find a viable buffering solution on pin u_data/dout[45] after 1 rounds of buffering (no solution meets design rules)
[WARNING RSZ-2005] cannot find a viable buffering solution on pin u_data/dout[44] after 1 rounds of buffering (no solution meets design rules)
[WARNING RSZ-2005] cannot find a viable buffering solution on pin u_data/dout[43] after 1 rounds of buffering (no solution meets design rules)
[WARNING RSZ-2005] cannot find a viable buffering solution on pin u_data/dout[42] after 1 rounds of buffering (no solution meets design rules)
[WARNING RSZ-2005] cannot find a viable buffering solution on pin u_data/dout[41] after 1 rounds of buffering (no solution meets design rules)
[WARNING RSZ-2005] cannot find a viable buffering solution on pin u_data/dout[40] after 1 rounds of buffering (no solution meets design rules)
[WARNING RSZ-2005] cannot find a viable buffering solution on pin u_data/dout[3] after 1 rounds of buffering (no solution meets design rules)
[WARNING RSZ-2005] cannot find a viable buffering solution on pin u_data/dout[39] after 1 rounds of buffering (no solution meets design rules)
[WARNING RSZ-2005] cannot find a viable buffering solution on pin u_data/dout[38] after 1 rounds of buffering (no solution meets design rules)
[WARNING RSZ-2005] cannot find a viable buffering solution on pin u_data/dout[37] after 1 rounds of buffering (no solution meets design rules)
[WARNING RSZ-2005] cannot find a viable buffering solution on pin u_data/dout[36] after 1 rounds of buffering (no solution meets design rules)
[WARNING RSZ-2005] cannot find a viable buffering solution on pin u_data/dout[35] after 1 rounds of buffering (no solution meets design rules)
[WARNING RSZ-2005] cannot find a viable buffering solution on pin u_data/dout[34] after 1 rounds of buffering (no solution meets design rules)
[WARNING RSZ-2005] cannot find a viable buffering solution on pin u_data/dout[33] after 1 rounds of buffering (no solution meets design rules)
[WARNING RSZ-2005] cannot find a viable buffering solution on pin u_data/dout[32] after 1 rounds of buffering (no solution meets design rules)
[WARNING RSZ-2005] cannot find a viable buffering solution on pin u_data/dout[31] after 1 rounds of buffering (no solution meets design rules)
[WARNING RSZ-2005] cannot find a viable buffering solution on pin u_data/dout[30] after 1 rounds of buffering (no solution meets design rules)
      105 |     +0.1% |       0 |       19 |       106
[WARNING RSZ-2005] cannot find a viable buffering solution on pin u_data/dout[2] after 1 rounds of buffering (no solution meets design rules)
[WARNING RSZ-2005] cannot find a viable buffering solution on pin u_data/dout[29] after 1 rounds of buffering (no solution meets design rules)
[WARNING RSZ-2005] cannot find a viable buffering solution on pin u_data/dout[28] after 1 rounds of buffering (no solution meets design rules)
[WARNING RSZ-2005] cannot find a viable buffering solution on pin u_data/dout[27] after 1 rounds of buffering (no solution meets design rules)
[WARNING RSZ-2005] cannot find a viable buffering solution on pin u_data/dout[26] after 1 rounds of buffering (no solution meets design rules)
[WARNING RSZ-2005] cannot find a viable buffering solution on pin u_data/dout[25] after 1 rounds of buffering (no solution meets design rules)
[WARNING RSZ-2005] cannot find a viable buffering solution on pin u_data/dout[24] after 1 rounds of buffering (no solution meets design rules)
[WARNING RSZ-2005] cannot find a viable buffering solution on pin u_data/dout[23] after 1 rounds of buffering (no solution meets design rules)
[WARNING RSZ-2005] cannot find a viable buffering solution on pin u_data/dout[22] after 1 rounds of buffering (no solution meets design rules)
[WARNING RSZ-2005] cannot find a viable buffering solution on pin u_data/dout[21] after 1 rounds of buffering (no solution meets design rules)
[WARNING RSZ-2005] cannot find a viable buffering solution on pin u_data/dout[20] after 1 rounds of buffering (no solution meets design rules)
[WARNING RSZ-2005] cannot find a viable buffering solution on pin u_data/dout[1] after 1 rounds of buffering (no solution meets design rules)
[WARNING RSZ-2005] cannot find a viable buffering solution on pin u_data/dout[19] after 1 rounds of buffering (no solution meets design rules)
[WARNING RSZ-2005] cannot find a viable buffering solution on pin u_data/dout[18] after 1 rounds of buffering (no solution meets design rules)
[WARNING RSZ-2005] cannot find a viable buffering solution on pin u_data/dout[17] after 1 rounds of buffering (no solution meets design rules)
[WARNING RSZ-2005] cannot find a viable buffering solution on pin u_data/dout[16] after 1 rounds of buffering (no solution meets design rules)
[WARNING RSZ-2005] cannot find a viable buffering solution on pin u_data/dout[15] after 1 rounds of buffering (no solution meets design rules)
[WARNING RSZ-2005] cannot find a viable buffering solution on pin u_data/dout[14] after 1 rounds of buffering (no solution meets design rules)
[WARNING RSZ-2005] cannot find a viable buffering solution on pin u_data/dout[13] after 1 rounds of buffering (no solution meets design rules)
[WARNING RSZ-2005] cannot find a viable buffering solution on pin u_data/dout[12] after 1 rounds of buffering (no solution meets design rules)
[WARNING RSZ-2005] cannot find a viable buffering solution on pin u_data/dout[11] after 1 rounds of buffering (no solution meets design rules)
      126 |     +0.1% |       0 |       19 |        85
[WARNING RSZ-2005] cannot find a viable buffering solution on pin u_data/dout[10] after 1 rounds of buffering (no solution meets design rules)
[WARNING RSZ-2005] cannot find a viable buffering solution on pin u_data/dout[0] after 1 rounds of buffering (no solution meets design rules)
[WARNING RSZ-2009] Skipping buffering because no valid buffering solution satisfying the design rules can be found for net connected to pin input74/X.
[WARNING RSZ-2005] cannot find a viable buffering solution on pin input74/X after 1 rounds of buffering (no solution meets design rules)
      147 |     +0.1% |      16 |       35 |        64
      168 |     +0.1% |      33 |       50 |        43
      189 |     +0.0% |      54 |       71 |        22
      210 |     -0.0% |      75 |       92 |         1
    final |     -0.0% |      76 |       93 |         0
-------------------------------------------------------
[INFO GPL-0106] Timing-driven: worst slack 5.131448e-09
[INFO GPL-0107] Timing-driven: repair_design delta area: 568.045 um^2 (+38.61%)
[INFO GPL-0108] Timing-driven: repair_design, gpl delta gcells: 136 (+92.52%)
[INFO GPL-0109] Timing-driven: repair_design, gcells created: 212, deleted: 76
[INFO GPL-0110] Timing-driven: new target density: 0.35274908
[INFO GPL-0038] Routability snapshot saved at iter = 424
      423 |   0.5996 |  8.844263e+04 |          |           |      
Iteration | Overflow |     HPWL (um) |  HPWL(%) |   Penalty | Group
---------------------------------------------------------------
      430 |   0.4471 |  1.052912e+05 |  +29.51% |  3.71e-07 |      
      440 |   0.3174 |  1.200272e+05 |  +14.00% |  5.92e-07 |      
[INFO GPL-0040] Routability iteration: 1
[INFO GPL-0041] Total routing overflow: 80.7859
[INFO GPL-0042] Number of overflowed tiles: 314 (3.35%)
[INFO GPL-0043] Average top 0.5% routing congestion: 1.7307
[INFO GPL-0044] Average top 1.0% routing congestion: 1.5752
[INFO GPL-0045] Average top 2.0% routing congestion: 1.3955
[INFO GPL-0046] Average top 5.0% routing congestion: 1.1578
[INFO GPL-0047] Routability iteration weighted routing congestion: 1.6530
[INFO GPL-0048] Routing congestion (1.6530) lower than previous minimum (1e+30). Updating minimum.
[INFO GPL-0086] Inflated area:                 156.975 um^2 (+7.70%)
[INFO GPL-0052] Placement target density:       0.3527
[INFO GPL-0076] Removing fillers, count: Before: 7078, After: 7063 (-0.21%)
[INFO GPL-0077] Filler area (um^2)     : Before: 70848.884, After: 70697.805 (-0.21%)
[INFO GPL-0078] Removed fillers count: 15, area removed: 150.144 um^2. Remaining area to be compensated by modifying density: 6.831 um^2
[INFO GPL-0058] White space area:           206629.424 um^2 (+0.00%)
[INFO GPL-0059] Movable instances area:      72888.336 um^2 (+0.00%)
[INFO GPL-0060] Total filler area:           70697.805 um^2 (-0.21%)
[INFO GPL-0061] Total non-inflated area:     72894.236 um^2 (+0.01%)
[INFO GPL-0062] Total inflated area:         73051.211 um^2 (+0.01%)
[INFO GPL-0063] New Target Density:             0.3527
[INFO GPL-0087] Routability end iteration: increase inflation and revert back to snapshot.
Iteration | Overflow |     HPWL (um) |  HPWL(%) |   Penalty | Group
---------------------------------------------------------------
      450 |   0.4176 |  1.103315e+05 |   -8.08% |  3.78e-07 |      
[INFO GPL-0040] Routability iteration: 2
[INFO GPL-0041] Total routing overflow: 79.7972
[INFO GPL-0042] Number of overflowed tiles: 307 (3.28%)
[INFO GPL-0043] Average top 0.5% routing congestion: 1.6924
[INFO GPL-0044] Average top 1.0% routing congestion: 1.5605
[INFO GPL-0045] Average top 2.0% routing congestion: 1.3920
[INFO GPL-0046] Average top 5.0% routing congestion: 1.1554
[INFO GPL-0047] Routability iteration weighted routing congestion: 1.6265
[INFO GPL-0048] Routing congestion (1.6265) lower than previous minimum (1.653). Updating minimum.
[INFO GPL-0086] Inflated area:                  75.236 um^2 (+3.43%)
[INFO GPL-0052] Placement target density:       0.3527
[INFO GPL-0076] Removing fillers, count: Before: 7063, After: 7056 (-0.10%)
[INFO GPL-0077] Filler area (um^2)     : Before: 70697.805, After: 70627.738 (-0.10%)
[INFO GPL-0078] Removed fillers count: 7, area removed: 70.067 um^2. Remaining area to be compensated by modifying density: 5.169 um^2
[INFO GPL-0058] White space area:           206629.424 um^2 (+0.00%)
[INFO GPL-0059] Movable instances area:      72888.336 um^2 (+0.00%)
[INFO GPL-0060] Total filler area:           70627.738 um^2 (-0.10%)
[INFO GPL-0061] Total non-inflated area:     72899.405 um^2 (+0.01%)
[INFO GPL-0062] Total inflated area:         72974.641 um^2 (+0.01%)
[INFO GPL-0063] New Target Density:             0.3527
[INFO GPL-0087] Routability end iteration: increase inflation and revert back to snapshot.
Iteration | Overflow |     HPWL (um) |  HPWL(%) |   Penalty | Group
---------------------------------------------------------------
      460 |   0.5643 |  9.408241e+04 |  -14.73% |  2.88e-07 |      
      470 |   0.3641 |  1.162676e+05 |  +23.58% |  4.24e-07 |      
[INFO GPL-0040] Routability iteration: 3
[INFO GPL-0041] Total routing overflow: 77.7347
[INFO GPL-0042] Number of overflowed tiles: 299 (3.19%)
[INFO GPL-0043] Average top 0.5% routing congestion: 1.6498
[INFO GPL-0044] Average top 1.0% routing congestion: 1.5372
[INFO GPL-0045] Average top 2.0% routing congestion: 1.3799
[INFO GPL-0046] Average top 5.0% routing congestion: 1.1518
[INFO GPL-0047] Routability iteration weighted routing congestion: 1.5935
[INFO GPL-0048] Routing congestion (1.5935) lower than previous minimum (1.626). Updating minimum.
[INFO GPL-0086] Inflated area:                  64.462 um^2 (+2.84%)
[INFO GPL-0052] Placement target density:       0.3527
[INFO GPL-0076] Removing fillers, count: Before: 7056, After: 7050 (-0.09%)
[INFO GPL-0077] Filler area (um^2)     : Before: 70627.738, After: 70567.680 (-0.09%)
[INFO GPL-0078] Removed fillers count: 6, area removed: 60.058 um^2. Remaining area to be compensated by modifying density: 4.404 um^2
[INFO GPL-0058] White space area:           206629.424 um^2 (+0.00%)
[INFO GPL-0059] Movable instances area:      72888.336 um^2 (+0.00%)
[INFO GPL-0060] Total filler area:           70567.680 um^2 (-0.09%)
[INFO GPL-0061] Total non-inflated area:     72903.809 um^2 (+0.01%)
[INFO GPL-0062] Total inflated area:         72968.270 um^2 (+0.01%)
[INFO GPL-0063] New Target Density:             0.3527
[INFO GPL-0087] Routability end iteration: increase inflation and revert back to snapshot.
Iteration | Overflow |     HPWL (um) |  HPWL(%) |   Penalty | Group
---------------------------------------------------------------
      480 |   0.4922 |  1.059221e+05 |   -8.90% |  3.36e-07 |      
      490 |   0.2767 |  1.229994e+05 |  +16.12% |  4.95e-07 |      
[INFO GPL-0040] Routability iteration: 4
[INFO GPL-0041] Total routing overflow: 78.0727
[INFO GPL-0042] Number of overflowed tiles: 302 (3.23%)
[INFO GPL-0043] Average top 0.5% routing congestion: 1.6556
[INFO GPL-0044] Average top 1.0% routing congestion: 1.5411
[INFO GPL-0045] Average top 2.0% routing congestion: 1.3820
[INFO GPL-0046] Average top 5.0% routing congestion: 1.1524
[INFO GPL-0047] Routability iteration weighted routing congestion: 1.5984
[INFO GPL-0049] Routing congestion (1.5984) higher than minimum (1.5935). Consecutive non-improvement count: 1.
[INFO GPL-0086] Inflated area:                  25.191 um^2 (+1.08%)
[INFO GPL-0052] Placement target density:       0.3527
[INFO GPL-0076] Removing fillers, count: Before: 7050, After: 7048 (-0.03%)
[INFO GPL-0077] Filler area (um^2)     : Before: 70567.680, After: 70547.661 (-0.03%)
[INFO GPL-0078] Removed fillers count: 2, area removed: 20.019 um^2. Remaining area to be compensated by modifying density: 5.172 um^2
[INFO GPL-0058] White space area:           206629.424 um^2 (+0.00%)
[INFO GPL-0059] Movable instances area:      72888.336 um^2 (+0.00%)
[INFO GPL-0060] Total filler area:           70547.661 um^2 (-0.03%)
[INFO GPL-0061] Total non-inflated area:     72908.981 um^2 (+0.01%)
[INFO GPL-0062] Total inflated area:         72934.172 um^2 (+0.01%)
[INFO GPL-0063] New Target Density:             0.3527
[INFO GPL-0087] Routability end iteration: increase inflation and revert back to snapshot.
Iteration | Overflow |     HPWL (um) |  HPWL(%) |   Penalty | Group
---------------------------------------------------------------
      500 |   0.4036 |  1.146202e+05 |   -6.81% |  3.92e-07 |      
[INFO GPL-0040] Routability iteration: 5
[INFO GPL-0041] Total routing overflow: 78.2169
[INFO GPL-0042] Number of overflowed tiles: 303 (3.24%)
[INFO GPL-0043] Average top 0.5% routing congestion: 1.6554
[INFO GPL-0044] Average top 1.0% routing congestion: 1.5412
[INFO GPL-0045] Average top 2.0% routing congestion: 1.3820
[INFO GPL-0046] Average top 5.0% routing congestion: 1.1525
[INFO GPL-0047] Routability iteration weighted routing congestion: 1.5983
[INFO GPL-0049] Routing congestion (1.5983) higher than minimum (1.5935). Consecutive non-improvement count: 2.
[INFO GPL-0086] Inflated area:                  49.579 um^2 (+2.10%)
[INFO GPL-0052] Placement target density:       0.3527
[INFO GPL-0076] Removing fillers, count: Before: 7048, After: 7044 (-0.06%)
[INFO GPL-0077] Filler area (um^2)     : Before: 70547.661, After: 70507.622 (-0.06%)
[INFO GPL-0078] Removed fillers count: 4, area removed: 40.038 um^2. Remaining area to be compensated by modifying density: 9.540 um^2
[INFO GPL-0058] White space area:           206629.424 um^2 (+0.00%)
[INFO GPL-0059] Movable instances area:      72888.336 um^2 (+0.00%)
[INFO GPL-0060] Total filler area:           70507.622 um^2 (-0.06%)
[INFO GPL-0061] Total non-inflated area:     72918.521 um^2 (+0.01%)
[INFO GPL-0062] Total inflated area:         72968.100 um^2 (+0.01%)
[INFO GPL-0063] New Target Density:             0.3527
[INFO GPL-0087] Routability end iteration: increase inflation and revert back to snapshot.
Iteration | Overflow |     HPWL (um) |  HPWL(%) |   Penalty | Group
---------------------------------------------------------------
      510 |   0.5333 |  1.008042e+05 |  -12.05% |  3.12e-07 |      
      520 |   0.3257 |  1.219439e+05 |  +20.97% |  4.58e-07 |      
[INFO GPL-0040] Routability iteration: 6
[INFO GPL-0041] Total routing overflow: 77.2043
[INFO GPL-0042] Number of overflowed tiles: 300 (3.21%)
[INFO GPL-0043] Average top 0.5% routing congestion: 1.6294
[INFO GPL-0044] Average top 1.0% routing congestion: 1.5222
[INFO GPL-0045] Average top 2.0% routing congestion: 1.3752
[INFO GPL-0046] Average top 5.0% routing congestion: 1.1500
[INFO GPL-0047] Routability iteration weighted routing congestion: 1.5758
[INFO GPL-0048] Routing congestion (1.5758) lower than previous minimum (1.593). Updating minimum.
[INFO GPL-0086] Inflated area:                  36.305 um^2 (+1.51%)
[INFO GPL-0052] Placement target density:       0.3527
[INFO GPL-0076] Removing fillers, count: Before: 7044, After: 7041 (-0.04%)
[INFO GPL-0077] Filler area (um^2)     : Before: 70507.622, After: 70477.594 (-0.04%)
[INFO GPL-0078] Removed fillers count: 3, area removed: 30.029 um^2. Remaining area to be compensated by modifying density: 6.276 um^2
[INFO GPL-0058] White space area:           206629.424 um^2 (+0.00%)
[INFO GPL-0059] Movable instances area:      72888.336 um^2 (+0.00%)
[INFO GPL-0060] Total filler area:           70477.594 um^2 (-0.04%)
[INFO GPL-0061] Total non-inflated area:     72924.798 um^2 (+0.01%)
[INFO GPL-0062] Total inflated area:         72961.103 um^2 (+0.01%)
[INFO GPL-0063] New Target Density:             0.3527
[INFO GPL-0087] Routability end iteration: increase inflation and revert back to snapshot.
Iteration | Overflow |     HPWL (um) |  HPWL(%) |   Penalty | Group
---------------------------------------------------------------
      530 |   0.4220 |  1.132648e+05 |   -7.12% |  3.78e-07 |      
[INFO GPL-0040] Routability iteration: 7
[INFO GPL-0041] Total routing overflow: 78.8381
[INFO GPL-0042] Number of overflowed tiles: 304 (3.25%)
[INFO GPL-0043] Average top 0.5% routing congestion: 1.6601
[INFO GPL-0044] Average top 1.0% routing congestion: 1.5362
[INFO GPL-0045] Average top 2.0% routing congestion: 1.3823
[INFO GPL-0046] Average top 5.0% routing congestion: 1.1540
[INFO GPL-0047] Routability iteration weighted routing congestion: 1.5982
[INFO GPL-0049] Routing congestion (1.5982) higher than minimum (1.5758). Consecutive non-improvement count: 1.
[INFO GPL-0086] Inflated area:                  46.024 um^2 (+1.88%)
[INFO GPL-0052] Placement target density:       0.3527
[INFO GPL-0076] Removing fillers, count: Before: 7041, After: 7037 (-0.06%)
[INFO GPL-0077] Filler area (um^2)     : Before: 70477.594, After: 70437.555 (-0.06%)
[INFO GPL-0078] Removed fillers count: 4, area removed: 40.038 um^2. Remaining area to be compensated by modifying density: 5.986 um^2
[INFO GPL-0058] White space area:           206629.424 um^2 (+0.00%)
[INFO GPL-0059] Movable instances area:      72888.336 um^2 (+0.00%)
[INFO GPL-0060] Total filler area:           70437.555 um^2 (-0.06%)
[INFO GPL-0061] Total non-inflated area:     72930.783 um^2 (+0.01%)
[INFO GPL-0062] Total inflated area:         72976.808 um^2 (+0.01%)
[INFO GPL-0063] New Target Density:             0.3527
[INFO GPL-0087] Routability end iteration: increase inflation and revert back to snapshot.
Iteration | Overflow |     HPWL (um) |  HPWL(%) |   Penalty | Group
---------------------------------------------------------------
      540 |   0.5413 |  9.784461e+04 |  -13.61% |  3.00e-07 |      
      550 |   0.3540 |  1.204496e+05 |  +23.10% |  4.41e-07 |      
[INFO GPL-0040] Routability iteration: 8
[INFO GPL-0041] Total routing overflow: 77.2311
[INFO GPL-0042] Number of overflowed tiles: 306 (3.27%)
[INFO GPL-0043] Average top 0.5% routing congestion: 1.6216
[INFO GPL-0044] Average top 1.0% routing congestion: 1.5144
[INFO GPL-0045] Average top 2.0% routing congestion: 1.3717
[INFO GPL-0046] Average top 5.0% routing congestion: 1.1514
[INFO GPL-0047] Routability iteration weighted routing congestion: 1.5680
[INFO GPL-0048] Routing congestion (1.5680) lower than previous minimum (1.576). Updating minimum.
[INFO GPL-0086] Inflated area:                  21.777 um^2 (+0.87%)
[INFO GPL-0052] Placement target density:       0.3527
[INFO GPL-0076] Removing fillers, count: Before: 7037, After: 7035 (-0.03%)
[INFO GPL-0077] Filler area (um^2)     : Before: 70437.555, After: 70417.536 (-0.03%)
[INFO GPL-0078] Removed fillers count: 2, area removed: 20.019 um^2. Remaining area to be compensated by modifying density: 1.758 um^2
[INFO GPL-0058] White space area:           206629.424 um^2 (+0.00%)
[INFO GPL-0059] Movable instances area:      72888.336 um^2 (+0.00%)
[INFO GPL-0060] Total filler area:           70417.536 um^2 (-0.03%)
[INFO GPL-0061] Total non-inflated area:     72932.541 um^2 (+0.00%)
[INFO GPL-0062] Total inflated area:         72954.318 um^2 (+0.00%)
[INFO GPL-0063] New Target Density:             0.3527
[INFO GPL-0087] Routability end iteration: increase inflation and revert back to snapshot.
Iteration | Overflow |     HPWL (um) |  HPWL(%) |   Penalty | Group
---------------------------------------------------------------
      560 |   0.4392 |  1.113581e+05 |   -7.55% |  3.63e-07 |      
[INFO GPL-0040] Routability iteration: 9
[INFO GPL-0041] Total routing overflow: 77.5961
[INFO GPL-0042] Number of overflowed tiles: 312 (3.33%)
[INFO GPL-0043] Average top 0.5% routing congestion: 1.6202
[INFO GPL-0044] Average top 1.0% routing congestion: 1.5126
[INFO GPL-0045] Average top 2.0% routing congestion: 1.3728
[INFO GPL-0046] Average top 5.0% routing congestion: 1.1526
[INFO GPL-0047] Routability iteration weighted routing congestion: 1.5664
[INFO GPL-0048] Routing congestion (1.5664) lower than previous minimum (1.568). Updating minimum.
[INFO GPL-0086] Inflated area:                  38.583 um^2 (+1.53%)
[INFO GPL-0052] Placement target density:       0.3527
[INFO GPL-0076] Removing fillers, count: Before: 7035, After: 7032 (-0.04%)
[INFO GPL-0077] Filler area (um^2)     : Before: 70417.536, After: 70387.507 (-0.04%)
[INFO GPL-0078] Removed fillers count: 3, area removed: 30.029 um^2. Remaining area to be compensated by modifying density: 8.554 um^2
[INFO GPL-0058] White space area:           206629.424 um^2 (+0.00%)
[INFO GPL-0059] Movable instances area:      72888.336 um^2 (+0.00%)
[INFO GPL-0060] Total filler area:           70387.507 um^2 (-0.04%)
[INFO GPL-0061] Total non-inflated area:     72941.095 um^2 (+0.01%)
[INFO GPL-0062] Total inflated area:         72979.678 um^2 (+0.01%)
[INFO GPL-0063] New Target Density:             0.3527
[INFO GPL-0087] Routability end iteration: increase inflation and revert back to snapshot.
Iteration | Overflow |     HPWL (um) |  HPWL(%) |   Penalty | Group
---------------------------------------------------------------
      570 |   0.5367 |  9.810493e+04 |  -11.90% |  3.00e-07 |      
      580 |   0.3538 |  1.210385e+05 |  +23.38% |  4.41e-07 |      
[INFO GPL-0040] Routability iteration: 10
[INFO GPL-0041] Total routing overflow: 77.9030
[INFO GPL-0042] Number of overflowed tiles: 312 (3.33%)
[INFO GPL-0043] Average top 0.5% routing congestion: 1.6313
[INFO GPL-0044] Average top 1.0% routing congestion: 1.5193
[INFO GPL-0045] Average top 2.0% routing congestion: 1.3742
[INFO GPL-0046] Average top 5.0% routing congestion: 1.1535
[INFO GPL-0047] Routability iteration weighted routing congestion: 1.5753
[INFO GPL-0049] Routing congestion (1.5753) higher than minimum (1.5664). Consecutive non-improvement count: 1.
[INFO GPL-0086] Inflated area:                  44.725 um^2 (+1.75%)
[INFO GPL-0052] Placement target density:       0.3527
[INFO GPL-0076] Removing fillers, count: Before: 7032, After: 7028 (-0.06%)
[INFO GPL-0077] Filler area (um^2)     : Before: 70387.507, After: 70347.469 (-0.06%)
[INFO GPL-0078] Removed fillers count: 4, area removed: 40.038 um^2. Remaining area to be compensated by modifying density: 4.687 um^2
[INFO GPL-0058] White space area:           206629.424 um^2 (+0.00%)
[INFO GPL-0059] Movable instances area:      72888.336 um^2 (+0.00%)
[INFO GPL-0060] Total filler area:           70347.469 um^2 (-0.06%)
[INFO GPL-0061] Total non-inflated area:     72945.782 um^2 (+0.01%)
[INFO GPL-0062] Total inflated area:         72990.507 um^2 (+0.01%)
[INFO GPL-0063] New Target Density:             0.3527
[INFO GPL-0087] Routability end iteration: increase inflation and revert back to snapshot.
Iteration | Overflow |     HPWL (um) |  HPWL(%) |   Penalty | Group
---------------------------------------------------------------
      590 |   0.4454 |  1.115233e+05 |   -7.86% |  3.63e-07 |      
[INFO GPL-0040] Routability iteration: 11
[INFO GPL-0041] Total routing overflow: 78.6623
[INFO GPL-0042] Number of overflowed tiles: 309 (3.30%)
[INFO GPL-0043] Average top 0.5% routing congestion: 1.6609
[INFO GPL-0044] Average top 1.0% routing congestion: 1.5333
[INFO GPL-0045] Average top 2.0% routing congestion: 1.3779
[INFO GPL-0046] Average top 5.0% routing congestion: 1.1548
[INFO GPL-0047] Routability iteration weighted routing congestion: 1.5971
[INFO GPL-0049] Routing congestion (1.5971) higher than minimum (1.5664). Consecutive non-improvement count: 2.
[INFO GPL-0086] Inflated area:                  25.003 um^2 (+0.96%)
[INFO GPL-0052] Placement target density:       0.3527
[INFO GPL-0076] Removing fillers, count: Before: 7028, After: 7026 (-0.03%)
[INFO GPL-0077] Filler area (um^2)     : Before: 70347.469, After: 70327.450 (-0.03%)
[INFO GPL-0078] Removed fillers count: 2, area removed: 20.019 um^2. Remaining area to be compensated by modifying density: 4.983 um^2
[INFO GPL-0058] White space area:           206629.424 um^2 (+0.00%)
[INFO GPL-0059] Movable instances area:      72888.336 um^2 (+0.00%)
[INFO GPL-0060] Total filler area:           70327.450 um^2 (-0.03%)
[INFO GPL-0061] Total non-inflated area:     72950.765 um^2 (+0.01%)
[INFO GPL-0062] Total inflated area:         72975.768 um^2 (+0.01%)
[INFO GPL-0063] New Target Density:             0.3527
[INFO GPL-0087] Routability end iteration: increase inflation and revert back to snapshot.
Iteration | Overflow |     HPWL (um) |  HPWL(%) |   Penalty | Group
---------------------------------------------------------------
      600 |   0.5229 |  9.829851e+04 |  -11.86% |  3.00e-07 |      
      610 |   0.3485 |  1.205991e+05 |  +22.69% |  4.41e-07 |      
[INFO GPL-0040] Routability iteration: 12
[INFO GPL-0041] Total routing overflow: 78.0185
[INFO GPL-0042] Number of overflowed tiles: 311 (3.32%)
[INFO GPL-0043] Average top 0.5% routing congestion: 1.6390
[INFO GPL-0044] Average top 1.0% routing congestion: 1.5234
[INFO GPL-0045] Average top 2.0% routing congestion: 1.3723
[INFO GPL-0046] Average top 5.0% routing congestion: 1.1539
[INFO GPL-0047] Routability iteration weighted routing congestion: 1.5812
[INFO GPL-0049] Routing congestion (1.5812) higher than minimum (1.5664). Consecutive non-improvement count: 3.
[INFO GPL-0086] Inflated area:                  32.783 um^2 (+1.25%)
[INFO GPL-0052] Placement target density:       0.3527
[INFO GPL-0076] Removing fillers, count: Before: 7026, After: 7023 (-0.04%)
[INFO GPL-0077] Filler area (um^2)     : Before: 70327.450, After: 70297.421 (-0.04%)
[INFO GPL-0078] Removed fillers count: 3, area removed: 30.029 um^2. Remaining area to be compensated by modifying density: 2.754 um^2
[INFO GPL-0054] No improvement in routing congestion for 3 consecutive iterations (limit is 3).
[INFO GPL-0055] Reverting inflation values and target density from the iteration with minimum observed routing congestion.
[INFO GPL-0056] Minimum observed routing congestion: 1.5664
[INFO GPL-0057] Target density at minimum routing congestion: 0.3527
[INFO GPL-0080] Restoring 12 previously removed fillers.
[INFO GPL-0081] Number of fillers before restoration 7023 and after 7035 . Relative change: +0.17%%
[INFO GPL-0082] Total filler area before restoration 70297.42 and after 70417.54 (um^2). Relative change: +0.17%%
[INFO GPL-0089] Routability finished. Reverting to minimal observed routing congestion, could not reach target.
Iteration | Overflow |     HPWL (um) |  HPWL(%) |   Penalty | Group
---------------------------------------------------------------
      620 |   0.4241 |  1.102967e+05 |   -8.54% |  3.63e-07 |      
      630 |   0.2572 |  1.227400e+05 |  +11.28% |  5.35e-07 |      
[INFO GPL-0100] Timing-driven iteration 2/2, virtual: false.
[INFO GPL-0101]    Iter: 635, overflow: 0.183, keep resizer changes at: 1, HPWL: 122340464
Iteration |   Area    | Resized | Buffers | Nets repaired | Remaining
---------------------------------------------------------------------
        0 |     +0.0% |       0 |       0 |             0 |       431
[WARNING RSZ-0170] Cannot repair slew on net net147 driven by u_data/dout[9]: driver resistance x repeater pin capacitance (1.37e-11) already meets or exceeds the slew budget (3.93e-10). Net left unrepaired on this segment.
[WARNING RSZ-0170] Cannot repair slew on net net146 driven by u_data/dout[8]: driver resistance x repeater pin capacitance (1.37e-11) already meets or exceeds the slew budget (3.93e-10). Net left unrepaired on this segment.
[WARNING RSZ-0170] Cannot repair slew on net net145 driven by u_data/dout[7]: driver resistance x repeater pin capacitance (1.37e-11) already meets or exceeds the slew budget (3.93e-10). Net left unrepaired on this segment.
[WARNING RSZ-0170] Cannot repair slew on net net144 driven by u_data/dout[6]: driver resistance x repeater pin capacitance (1.37e-11) already meets or exceeds the slew budget (3.93e-10). Net left unrepaired on this segment.
[WARNING RSZ-0170] Cannot repair slew on net net128 driven by u_data/dout[4]: driver resistance x repeater pin capacitance (1.37e-11) already meets or exceeds the slew budget (3.93e-10). Net left unrepaired on this segment.
[WARNING RSZ-0170] Cannot repair slew on net net125 driven by u_data/dout[47]: driver resistance x repeater pin capacitance (1.37e-11) already meets or exceeds the slew budget (3.93e-10). Net left unrepaired on this segment.
[WARNING RSZ-0170] Cannot repair slew on net net124 driven by u_data/dout[46]: driver resistance x repeater pin capacitance (1.37e-11) already meets or exceeds the slew budget (3.93e-10). Net left unrepaired on this segment.
[WARNING RSZ-0170] Cannot repair slew on net net120 driven by u_data/dout[42]: driver resistance x repeater pin capacitance (1.37e-11) already meets or exceeds the slew budget (3.93e-10). Net left unrepaired on this segment.
[WARNING RSZ-0170] Cannot repair slew on net net119 driven by u_data/dout[41]: driver resistance x repeater pin capacitance (1.37e-11) already meets or exceeds the slew budget (3.93e-10). Net left unrepaired on this segment.
[WARNING RSZ-0170] Cannot repair slew on net net118 driven by u_data/dout[40]: driver resistance x repeater pin capacitance (1.37e-11) already meets or exceeds the slew budget (3.93e-10). Net left unrepaired on this segment.
[WARNING RSZ-0170] Cannot repair slew on net net116 driven by u_data/dout[39]: driver resistance x repeater pin capacitance (1.37e-11) already meets or exceeds the slew budget (3.93e-10). Net left unrepaired on this segment.
[WARNING RSZ-0170] Cannot repair slew on net net115 driven by u_data/dout[38]: driver resistance x repeater pin capacitance (1.37e-11) already meets or exceeds the slew budget (3.93e-10). Net left unrepaired on this segment.
[WARNING RSZ-0170] Cannot repair slew on net net114 driven by u_data/dout[37]: driver resistance x repeater pin capacitance (1.37e-11) already meets or exceeds the slew budget (3.93e-10). Net left unrepaired on this segment.
[WARNING RSZ-0170] Cannot repair slew on net net113 driven by u_data/dout[36]: driver resistance x repeater pin capacitance (1.37e-11) already meets or exceeds the slew budget (3.93e-10). Net left unrepaired on this segment.
[WARNING RSZ-0170] Cannot repair slew on net net112 driven by u_data/dout[35]: driver resistance x repeater pin capacitance (1.37e-11) already meets or exceeds the slew budget (3.93e-10). Net left unrepaired on this segment.
[WARNING RSZ-0170] Cannot repair slew on net net111 driven by u_data/dout[34]: driver resistance x repeater pin capacitance (1.37e-11) already meets or exceeds the slew budget (3.93e-10). Net left unrepaired on this segment.
[WARNING RSZ-0170] Cannot repair slew on net net110 driven by u_data/dout[33]: driver resistance x repeater pin capacitance (1.37e-11) already meets or exceeds the slew budget (3.93e-10). Net left unrepaired on this segment.
[WARNING RSZ-0170] Cannot repair slew on net net109 driven by u_data/dout[32]: driver resistance x repeater pin capacitance (1.37e-11) already meets or exceeds the slew budget (3.93e-10). Net left unrepaired on this segment.
[WARNING RSZ-0170] Cannot repair slew on net net108 driven by u_data/dout[31]: driver resistance x repeater pin capacitance (1.37e-11) already meets or exceeds the slew budget (3.93e-10). Net left unrepaired on this segment.
[WARNING RSZ-0170] Cannot repair slew on net net107 driven by u_data/dout[30]: driver resistance x repeater pin capacitance (1.37e-11) already meets or exceeds the slew budget (3.93e-10). Net left unrepaired on this segment.
[WARNING RSZ-0170] Cannot repair slew on net net105 driven by u_data/dout[29]: driver resistance x repeater pin capacitance (1.37e-11) already meets or exceeds the slew budget (3.93e-10). Net left unrepaired on this segment.
[WARNING RSZ-0170] Cannot repair slew on net net104 driven by u_data/dout[28]: driver resistance x repeater pin capacitance (1.37e-11) already meets or exceeds the slew budget (3.93e-10). Net left unrepaired on this segment.
[WARNING RSZ-0170] Cannot repair slew on net net103 driven by u_data/dout[27]: driver resistance x repeater pin capacitance (1.37e-11) already meets or exceeds the slew budget (3.93e-10). Net left unrepaired on this segment.
[WARNING RSZ-0170] Cannot repair slew on net net102 driven by u_data/dout[26]: driver resistance x repeater pin capacitance (1.37e-11) already meets or exceeds the slew budget (3.93e-10). Net left unrepaired on this segment.
[WARNING RSZ-0170] Cannot repair slew on net net101 driven by u_data/dout[25]: driver resistance x repeater pin capacitance (1.37e-11) already meets or exceeds the slew budget (3.93e-10). Net left unrepaired on this segment.
[WARNING RSZ-0170] Cannot repair slew on net net100 driven by u_data/dout[24]: driver resistance x repeater pin capacitance (1.37e-11) already meets or exceeds the slew budget (3.93e-10). Net left unrepaired on this segment.
[WARNING RSZ-0170] Cannot repair slew on net net99 driven by u_data/dout[23]: driver resistance x repeater pin capacitance (1.37e-11) already meets or exceeds the slew budget (3.93e-10). Net left unrepaired on this segment.
[WARNING RSZ-0170] Cannot repair slew on net net98 driven by u_data/dout[22]: driver resistance x repeater pin capacitance (1.37e-11) already meets or exceeds the slew budget (3.93e-10). Net left unrepaired on this segment.
[WARNING RSZ-0170] Cannot repair slew on net net97 driven by u_data/dout[21]: driver resistance x repeater pin capacitance (1.37e-11) already meets or exceeds the slew budget (3.93e-10). Net left unrepaired on this segment.
[WARNING RSZ-0170] Cannot repair slew on net net96 driven by u_data/dout[20]: driver resistance x repeater pin capacitance (1.37e-11) already meets or exceeds the slew budget (3.93e-10). Net left unrepaired on this segment.
[WARNING RSZ-0170] Cannot repair slew on net net94 driven by u_data/dout[19]: driver resistance x repeater pin capacitance (1.37e-11) already meets or exceeds the slew budget (3.93e-10). Net left unrepaired on this segment.
[WARNING RSZ-0170] Cannot repair slew on net net93 driven by u_data/dout[18]: driver resistance x repeater pin capacitance (1.37e-11) already meets or exceeds the slew budget (3.93e-10). Net left unrepaired on this segment.
[WARNING RSZ-0170] Cannot repair slew on net net92 driven by u_data/dout[17]: driver resistance x repeater pin capacitance (1.37e-11) already meets or exceeds the slew budget (3.93e-10). Net left unrepaired on this segment.
[WARNING RSZ-0170] Cannot repair slew on net net91 driven by u_data/dout[16]: driver resistance x repeater pin capacitance (1.37e-11) already meets or exceeds the slew budget (3.93e-10). Net left unrepaired on this segment.
[WARNING RSZ-0170] Cannot repair slew on net net90 driven by u_data/dout[15]: driver resistance x repeater pin capacitance (1.37e-11) already meets or exceeds the slew budget (3.93e-10). Net left unrepaired on this segment.
[WARNING RSZ-0170] Cannot repair slew on net net89 driven by u_data/dout[14]: driver resistance x repeater pin capacitance (1.37e-11) already meets or exceeds the slew budget (3.93e-10). Net left unrepaired on this segment.
[WARNING RSZ-0170] Cannot repair slew on net net88 driven by u_data/dout[13]: driver resistance x repeater pin capacitance (1.37e-11) already meets or exceeds the slew budget (3.93e-10). Net left unrepaired on this segment.
[WARNING RSZ-0170] Cannot repair slew on net net87 driven by u_data/dout[12]: driver resistance x repeater pin capacitance (1.37e-11) already meets or exceeds the slew budget (3.93e-10). Net left unrepaired on this segment.
[WARNING RSZ-0170] Cannot repair slew on net net86 driven by u_data/dout[11]: driver resistance x repeater pin capacitance (1.37e-11) already meets or exceeds the slew budget (3.93e-10). Net left unrepaired on this segment.
[WARNING RSZ-0170] Cannot repair slew on net net85 driven by u_data/dout[10]: driver resistance x repeater pin capacitance (1.37e-11) already meets or exceeds the slew budget (3.93e-10). Net left unrepaired on this segment.
    final |     +0.5% |       6 |     117 |            88 |         0
---------------------------------------------------------------------
[INFO RSZ-0034] Found 94 slew violations.
[INFO RSZ-0039] Resized 6 instances.
[INFO RSZ-0038] Inserted 117 buffers in 88 nets.
   Iter   |    Area   | Removed | Inserted |   Pins
          |           | Buffers | Buffers  | Remaining
-------------------------------------------------------
        0 |     +0.0% |       0 |        0 |       211
       21 |     +0.0% |       0 |        2 |       190
       42 |     +0.0% |       0 |        9 |       169
       63 |     +0.0% |       0 |       10 |       148
[WARNING RSZ-2005] cannot find a viable buffering solution on pin u_data/dout[9] after 1 rounds of buffering (no solution meets design rules)
[WARNING RSZ-2005] cannot find a viable buffering solution on pin u_data/dout[8] after 1 rounds of buffering (no solution meets design rules)
[WARNING RSZ-2005] cannot find a viable buffering solution on pin u_data/dout[7] after 1 rounds of buffering (no solution meets design rules)
[WARNING RSZ-2005] cannot find a viable buffering solution on pin u_data/dout[6] after 1 rounds of buffering (no solution meets design rules)
[WARNING RSZ-2005] cannot find a viable buffering solution on pin u_data/dout[63] after 1 rounds of buffering (no solution meets design rules)
[WARNING RSZ-2005] cannot find a viable buffering solution on pin u_data/dout[62] after 1 rounds of buffering (no solution meets design rules)
[WARNING RSZ-2005] cannot find a viable buffering solution on pin u_data/dout[61] after 1 rounds of buffering (no solution meets design rules)
[WARNING RSZ-2005] cannot find a viable buffering solution on pin u_data/dout[60] after 1 rounds of buffering (no solution meets design rules)
[WARNING RSZ-2005] cannot find a viable buffering solution on pin u_data/dout[5] after 1 rounds of buffering (no solution meets design rules)
[WARNING RSZ-2005] cannot find a viable buffering solution on pin u_data/dout[59] after 1 rounds of buffering (no solution meets design rules)
[WARNING RSZ-2005] cannot find a viable buffering solution on pin u_data/dout[58] after 1 rounds of buffering (no solution meets design rules)
[WARNING RSZ-2005] cannot find a viable buffering solution on pin u_data/dout[57] after 1 rounds of buffering (no solution meets design rules)
[WARNING RSZ-2005] cannot find a viable buffering solution on pin u_data/dout[56] after 1 rounds of buffering (no solution meets design rules)
[WARNING RSZ-2005] cannot find a viable buffering solution on pin u_data/dout[55] after 1 rounds of buffering (no solution meets design rules)
[WARNING RSZ-2005] cannot find a viable buffering solution on pin u_data/dout[54] after 1 rounds of buffering (no solution meets design rules)
[WARNING RSZ-2005] cannot find a viable buffering solution on pin u_data/dout[53] after 1 rounds of buffering (no solution meets design rules)
[WARNING RSZ-2005] cannot find a viable buffering solution on pin u_data/dout[52] after 1 rounds of buffering (no solution meets design rules)
[WARNING RSZ-2005] cannot find a viable buffering solution on pin u_data/dout[51] after 1 rounds of buffering (no solution meets design rules)
[WARNING RSZ-2005] cannot find a viable buffering solution on pin u_data/dout[50] after 1 rounds of buffering (no solution meets design rules)
[WARNING RSZ-2005] cannot find a viable buffering solution on pin u_data/dout[4] after 1 rounds of buffering (no solution meets design rules)
       84 |     +0.0% |       0 |       10 |       127
[WARNING RSZ-2005] cannot find a viable buffering solution on pin u_data/dout[49] after 1 rounds of buffering (no solution meets design rules)
[WARNING RSZ-2005] cannot find a viable buffering solution on pin u_data/dout[48] after 1 rounds of buffering (no solution meets design rules)
[WARNING RSZ-2005] cannot find a viable buffering solution on pin u_data/dout[47] after 1 rounds of buffering (no solution meets design rules)
[WARNING RSZ-2005] cannot find a viable buffering solution on pin u_data/dout[46] after 1 rounds of buffering (no solution meets design rules)
[WARNING RSZ-2005] cannot find a viable buffering solution on pin u_data/dout[45] after 1 rounds of buffering (no solution meets design rules)
[WARNING RSZ-2005] cannot find a viable buffering solution on pin u_data/dout[44] after 1 rounds of buffering (no solution meets design rules)
[WARNING RSZ-2005] cannot find a viable buffering solution on pin u_data/dout[43] after 1 rounds of buffering (no solution meets design rules)
[WARNING RSZ-2005] cannot find a viable buffering solution on pin u_data/dout[42] after 1 rounds of buffering (no solution meets design rules)
[WARNING RSZ-2005] cannot find a viable buffering solution on pin u_data/dout[41] after 1 rounds of buffering (no solution meets design rules)
[WARNING RSZ-2005] cannot find a viable buffering solution on pin u_data/dout[40] after 1 rounds of buffering (no solution meets design rules)
[WARNING RSZ-2005] cannot find a viable buffering solution on pin u_data/dout[3] after 1 rounds of buffering (no solution meets design rules)
[WARNING RSZ-2005] cannot find a viable buffering solution on pin u_data/dout[39] after 1 rounds of buffering (no solution meets design rules)
[WARNING RSZ-2005] cannot find a viable buffering solution on pin u_data/dout[38] after 1 rounds of buffering (no solution meets design rules)
[WARNING RSZ-2005] cannot find a viable buffering solution on pin u_data/dout[37] after 1 rounds of buffering (no solution meets design rules)
[WARNING RSZ-2005] cannot find a viable buffering solution on pin u_data/dout[36] after 1 rounds of buffering (no solution meets design rules)
[WARNING RSZ-2005] cannot find a viable buffering solution on pin u_data/dout[35] after 1 rounds of buffering (no solution meets design rules)
[WARNING RSZ-2005] cannot find a viable buffering solution on pin u_data/dout[34] after 1 rounds of buffering (no solution meets design rules)
[WARNING RSZ-2005] cannot find a viable buffering solution on pin u_data/dout[33] after 1 rounds of buffering (no solution meets design rules)
[WARNING RSZ-2005] cannot find a viable buffering solution on pin u_data/dout[32] after 1 rounds of buffering (no solution meets design rules)
[WARNING RSZ-2005] cannot find a viable buffering solution on pin u_data/dout[31] after 1 rounds of buffering (no solution meets design rules)
[WARNING RSZ-2005] cannot find a viable buffering solution on pin u_data/dout[30] after 1 rounds of buffering (no solution meets design rules)
      105 |     +0.0% |       0 |       10 |       106
[WARNING RSZ-2005] cannot find a viable buffering solution on pin u_data/dout[2] after 1 rounds of buffering (no solution meets design rules)
[WARNING RSZ-2005] cannot find a viable buffering solution on pin u_data/dout[29] after 1 rounds of buffering (no solution meets design rules)
[WARNING RSZ-2005] cannot find a viable buffering solution on pin u_data/dout[28] after 1 rounds of buffering (no solution meets design rules)
[WARNING RSZ-2005] cannot find a viable buffering solution on pin u_data/dout[27] after 1 rounds of buffering (no solution meets design rules)
[WARNING RSZ-2005] cannot find a viable buffering solution on pin u_data/dout[26] after 1 rounds of buffering (no solution meets design rules)
[WARNING RSZ-2005] cannot find a viable buffering solution on pin u_data/dout[25] after 1 rounds of buffering (no solution meets design rules)
[WARNING RSZ-2005] cannot find a viable buffering solution on pin u_data/dout[24] after 1 rounds of buffering (no solution meets design rules)
[WARNING RSZ-2005] cannot find a viable buffering solution on pin u_data/dout[23] after 1 rounds of buffering (no solution meets design rules)
[WARNING RSZ-2005] cannot find a viable buffering solution on pin u_data/dout[22] after 1 rounds of buffering (no solution meets design rules)
[WARNING RSZ-2005] cannot find a viable buffering solution on pin u_data/dout[21] after 1 rounds of buffering (no solution meets design rules)
[WARNING RSZ-2005] cannot find a viable buffering solution on pin u_data/dout[20] after 1 rounds of buffering (no solution meets design rules)
[WARNING RSZ-2005] cannot find a viable buffering solution on pin u_data/dout[1] after 1 rounds of buffering (no solution meets design rules)
[WARNING RSZ-2005] cannot find a viable buffering solution on pin u_data/dout[19] after 1 rounds of buffering (no solution meets design rules)
[WARNING RSZ-2005] cannot find a viable buffering solution on pin u_data/dout[18] after 1 rounds of buffering (no solution meets design rules)
[WARNING RSZ-2005] cannot find a viable buffering solution on pin u_data/dout[17] after 1 rounds of buffering (no solution meets design rules)
[WARNING RSZ-2005] cannot find a viable buffering solution on pin u_data/dout[16] after 1 rounds of buffering (no solution meets design rules)
[WARNING RSZ-2005] cannot find a viable buffering solution on pin u_data/dout[15] after 1 rounds of buffering (no solution meets design rules)
[WARNING RSZ-2005] cannot find a viable buffering solution on pin u_data/dout[14] after 1 rounds of buffering (no solution meets design rules)
[WARNING RSZ-2005] cannot find a viable buffering solution on pin u_data/dout[13] after 1 rounds of buffering (no solution meets design rules)
[WARNING RSZ-2005] cannot find a viable buffering solution on pin u_data/dout[12] after 1 rounds of buffering (no solution meets design rules)
[WARNING RSZ-2005] cannot find a viable buffering solution on pin u_data/dout[11] after 1 rounds of buffering (no solution meets design rules)
      126 |     +0.0% |       0 |       10 |        85
[WARNING RSZ-2005] cannot find a viable buffering solution on pin u_data/dout[10] after 1 rounds of buffering (no solution meets design rules)
[WARNING RSZ-2005] cannot find a viable buffering solution on pin u_data/dout[0] after 1 rounds of buffering (no solution meets design rules)
[WARNING RSZ-2009] Skipping buffering because no valid buffering solution satisfying the design rules can be found for net connected to pin input74/X.
[WARNING RSZ-2005] cannot find a viable buffering solution on pin input74/X after 1 rounds of buffering (no solution meets design rules)
      147 |     +0.0% |      18 |       26 |        64
      168 |     +0.0% |      34 |       41 |        43
      189 |     -0.1% |      69 |       62 |        22
      210 |     -0.1% |      96 |       83 |         1
    final |     -0.1% |      97 |       84 |         0
-------------------------------------------------------
[INFO GPL-0106] Timing-driven: worst slack 4.306007e-09
[INFO GPL-0107] Timing-driven: repair_design delta area: 496.242 um^2 (+18.92%)
[INFO GPL-0108] Timing-driven: repair_design, gpl delta gcells: 104 (+36.75%)
[INFO GPL-0109] Timing-driven: repair_design, gcells created: 201, deleted: 97
[INFO GPL-0110] Timing-driven: new target density: 0.35588878
Iteration | Overflow |     HPWL (um) |  HPWL(%) |   Penalty | Group
---------------------------------------------------------------
      640 |   0.1708 |  1.241352e+05 |   +1.14% |  7.87e-07 |      
      650 |   0.1532 |  1.247451e+05 |   +0.49% |  1.16e-06 |      
      660 |   0.1456 |  1.295759e+05 |   +3.87% |  1.71e-06 |      
      668 |   0.0982 |  1.341427e+05 |          |  2.42e-06 |      
---------------------------------------------------------------
[INFO GPL-1001] Global placement finished at iteration 668
[INFO GPL-1017] Routability mode iteration count: 192
[INFO GPL-1005] Routability final weighted congestion: 2.0177
[INFO GPL-1002] Placed Cell Area             3011.2470
[INFO GPL-1003] Available Free Area         206629.4240
[INFO GPL-1004] Minimum Feasible Density        0.0100 (cell_area / free_area)
[INFO GPL-1006]   Suggested Target Densities:
[INFO GPL-1007]     - For 90% usage of free space: 0.0162
[INFO GPL-1008]     - For 80% usage of free space: 0.0182
[INFO GPL-1009]     - For 50% usage of free space: 0.0291
[INFO GPL-1011] Original area (um^2): 1471.41
[INFO GPL-1012] Total routability artificial inflation: 475.55 (+32.32%)
[INFO GPL-1013] Total timing-driven delta area: 1064.29 (+72.33%)
[INFO GPL-1014] Final placement area: 3011.25 (+104.65%)
estimate_parasitics -placement
Report metrics stage 3, global place...

==========================================================================
global place report_design_area
--------------------------------------------------------------------------
Design area 207714 um^2 49% utilization.
write_db /work/campaigns/iscas_sustainability_extension/memory_compiler/gate3_attempt06_replacement_sram_backend_qualification/raw/openroad/work/results/sky130hd/attempt06_u0/base/3_3_place_gp.odb
Elapsed time: 0:05.11[h:]min:sec. CPU time: user 8.75 sys 0.68 (184%). Peak memory: 272956KB.
Log                       Ext     Elapsed/s Peak Memory/MB sha1sum result [0:20)
3_3_place_gp              .odb            5            266 05cc64cc7d03772d5be4
/OpenROAD-flow-scripts/flow/scripts/flow.sh 3_4_place_resized resize
Running resize.tcl, stage 3_4_place_resized
read_liberty /OpenROAD-flow-scripts/flow/platforms/sky130hd/lib/sky130_fd_sc_hd__tt_025C_1v80.lib
read_liberty /work/campaigns/iscas_sustainability_extension/memory_compiler/gate3_attempt06_replacement_sram_backend_qualification/source_checkout/sram22_256x64m4w8/sram22_256x64m4w8_tt_025C_1v80.lib
read_db /work/campaigns/iscas_sustainability_extension/memory_compiler/gate3_attempt06_replacement_sram_backend_qualification/raw/openroad/work/results/sky130hd/attempt06_u0/base/3_3_place_gp.odb
read_sdc /work/campaigns/iscas_sustainability_extension/memory_compiler/gate3_attempt06_replacement_sram_backend_qualification/raw/openroad/work/results/sky130hd/attempt06_u0/base/2_floorplan.sdc
source /OpenROAD-flow-scripts/flow/platforms/sky130hd/setRC.tcl
estimate_parasitics -placement
Perform buffer insertion and gate resizing...
repair_design -verbose -match_cell_footprint
Iteration |   Area    | Resized | Buffers | Nets repaired | Remaining
---------------------------------------------------------------------
        0 |     +0.0% |       0 |       0 |             0 |       535
       10 |     +0.0% |       0 |       0 |             0 |       525
       20 |     +0.0% |       0 |       0 |             0 |       515
       30 |     +0.0% |       0 |       0 |             0 |       505
       40 |     +0.0% |       0 |       0 |             0 |       495
       50 |     +0.0% |       0 |       0 |             0 |       485
       60 |     +0.0% |       0 |       0 |             0 |       475
       70 |     +0.0% |       0 |       0 |             0 |       465
       80 |     +0.0% |       0 |       0 |             0 |       455
       90 |     +0.0% |       0 |       0 |             0 |       445
      100 |     +0.0% |       0 |       0 |             0 |       435
      110 |     +0.0% |       0 |       0 |             0 |       425
      120 |     +0.0% |       0 |       0 |             0 |       415
[ERROR RSZ-0090] Max transition time from SDC is 0.351ns. Best achievable transition time is 0.467ns with a load of 0.45pF
Error: resize.tcl, 25 RSZ-0090
Elapsed time: 0:01.30[h:]min:sec. CPU time: user 0.77 sys 0.33 (84%). Peak memory: 147168KB.
make[1]: *** [Makefile:499: do-3_4_place_resized] Error 1
make: *** [Makefile:499: /work/campaigns/iscas_sustainability_extension/memory_compiler/gate3_attempt06_replacement_sram_backend_qualification/raw/openroad/work/results/sky130hd/attempt06_u0/base/3_4_place_resized.odb] Error 2
cp /work/campaigns/iscas_sustainability_extension/memory_compiler/gate3_attempt06_replacement_sram_backend_qualification/openroad/u0/constraint.sdc /work/campaigns/iscas_sustainability_extension/memory_compiler/gate3_attempt06_replacement_sram_backend_qualification/raw/openroad/work/results/sky130hd/attempt06_u0/base/1_2_yosys.sdc
touch -r /work/campaigns/iscas_sustainability_extension/memory_compiler/gate3_attempt06_replacement_sram_backend_qualification/openroad/u0/constraint.sdc /work/campaigns/iscas_sustainability_extension/memory_compiler/gate3_attempt06_replacement_sram_backend_qualification/raw/openroad/work/results/sky130hd/attempt06_u0/base/1_2_yosys.sdc
/OpenROAD-flow-scripts/flow/scripts/flow.sh 3_4_place_resized resize
Running resize.tcl, stage 3_4_place_resized
read_liberty /OpenROAD-flow-scripts/flow/platforms/sky130hd/lib/sky130_fd_sc_hd__tt_025C_1v80.lib
read_liberty /work/campaigns/iscas_sustainability_extension/memory_compiler/gate3_attempt06_replacement_sram_backend_qualification/source_checkout/sram22_256x64m4w8/sram22_256x64m4w8_tt_025C_1v80.lib
read_db /work/campaigns/iscas_sustainability_extension/memory_compiler/gate3_attempt06_replacement_sram_backend_qualification/raw/openroad/work/results/sky130hd/attempt06_u0/base/3_3_place_gp.odb
read_sdc /work/campaigns/iscas_sustainability_extension/memory_compiler/gate3_attempt06_replacement_sram_backend_qualification/raw/openroad/work/results/sky130hd/attempt06_u0/base/2_floorplan.sdc
source /OpenROAD-flow-scripts/flow/platforms/sky130hd/setRC.tcl
estimate_parasitics -placement
Perform buffer insertion and gate resizing...
repair_design -verbose -slew_margin -35 -match_cell_footprint
[WARNING RSZ-0067] -slew_margin must be  between 0 and 100 percent.
Iteration |   Area    | Resized | Buffers | Nets repaired | Remaining
---------------------------------------------------------------------
        0 |     +0.0% |       0 |       0 |             0 |       535
       10 |     +0.0% |       0 |       0 |             0 |       525
       20 |     +0.0% |       0 |       0 |             0 |       515
       30 |     +0.0% |       0 |       0 |             0 |       505
       40 |     +0.0% |       0 |       0 |             0 |       495
       50 |     +0.0% |       0 |       0 |             0 |       485
       60 |     +0.0% |       0 |       0 |             0 |       475
       70 |     +0.0% |       0 |       0 |             0 |       465
       80 |     +0.0% |       0 |       0 |             0 |       455
       90 |     +0.0% |       0 |       0 |             0 |       445
      100 |     +0.0% |       0 |       0 |             0 |       435
      110 |     +0.0% |       0 |       0 |             0 |       425
      120 |     +0.0% |       0 |       0 |             0 |       415
[ERROR RSZ-0090] Max transition time from SDC is 0.351ns. Best achievable transition time is 0.467ns with a load of 0.45pF
Error: resize.tcl, 25 RSZ-0090
Elapsed time: 0:01.44[h:]min:sec. CPU time: user 0.86 sys 0.37 (85%). Peak memory: 147248KB.
make[1]: *** [Makefile:499: do-3_4_place_resized] Error 1
make: *** [Makefile:499: /work/campaigns/iscas_sustainability_extension/memory_compiler/gate3_attempt06_replacement_sram_backend_qualification/raw/openroad/work/results/sky130hd/attempt06_u0/base/3_4_place_resized.odb] Error 2
mkdir -p /work/campaigns/iscas_sustainability_extension/memory_compiler/gate3_attempt06_replacement_sram_backend_qualification/raw/openroad/work/results/sky130hd/attempt06_u0/base/
echo 10.0 > /work/campaigns/iscas_sustainability_extension/memory_compiler/gate3_attempt06_replacement_sram_backend_qualification/raw/openroad/work/results/sky130hd/attempt06_u0/base/clock_period.txt
/OpenROAD-flow-scripts/flow/scripts/synth.sh /OpenROAD-flow-scripts/flow/scripts/synth_canonicalize.tcl /work/campaigns/iscas_sustainability_extension/memory_compiler/gate3_attempt06_replacement_sram_backend_qualification/raw/openroad/work/logs/sky130hd/attempt06_u0/base/1_1_yosys_canonicalize.log
Using ABC speed script.
Extracting clock period from SDC file: /work/campaigns/iscas_sustainability_extension/memory_compiler/gate3_attempt06_replacement_sram_backend_qualification/raw/openroad/work/results/sky130hd/attempt06_u0/base/clock_period.txt
Setting clock period to 10.0
1. Executing Liberty frontend: /OpenROAD-flow-scripts/flow/platforms/sky130hd/lib/sky130_fd_sc_hd__tt_025C_1v80.lib
2. Executing Liberty frontend: /work/campaigns/iscas_sustainability_extension/memory_compiler/gate3_attempt06_replacement_sram_backend_qualification/source_checkout/sram22_256x64m4w8/sram22_256x64m4w8_tt_025C_1v80.lib
3. Executing Liberty frontend: /OpenROAD-flow-scripts/flow/platforms/sky130hd/lib/sky130_fd_sc_hd__tt_025C_1v80.lib
4. Executing Liberty frontend: /work/campaigns/iscas_sustainability_extension/memory_compiler/gate3_attempt06_replacement_sram_backend_qualification/source_checkout/sram22_256x64m4w8/sram22_256x64m4w8_tt_025C_1v80.lib
5. Executing Verilog-2005 frontend: /work/campaigns/iscas_sustainability_extension/memory_compiler/gate3_attempt06_replacement_sram_backend_qualification/source_checkout/sram22_256x64m4w8/sram22_256x64m4w8.v
6. Executing Verilog-2005 frontend: /work/campaigns/iscas_sustainability_extension/memory_compiler/gate3_attempt06_replacement_sram_backend_qualification/rtl/unprotected_sram_256x64_sram22.sv
7. Executing Verilog-2005 frontend: /OpenROAD-flow-scripts/flow/platforms/sky130hd/cells_clkgate_hd.v
8. Executing HIERARCHY pass (managing design hierarchy).
9. Executing AST frontend in derive mode using pre-parsed AST for module `\u0_sram22_top'.
9.1. Analyzing design hierarchy..
9.2. Analyzing design hierarchy..
Warning: Selection "sram22_256x64m4w8" did not match any module.
10. Executing HIERARCHY pass (managing design hierarchy).
10.1. Analyzing design hierarchy..
10.2. Analyzing design hierarchy..
11. Executing OPT_CLEAN pass (remove unused cells and wires).
12. Executing RTLIL backend.
Warnings: 1 unique messages, 1 total
End of script. Logfile hash: 651b29c7e2, time: 0.59s, user: 0.25s, system: 0.10s, MEM: 56.46 MB peak
Yosys 0.68+post (git sha1 UNKNOWN, Release, GNU /usr/local/bin/wrapped-cc/g++ 11.4.0)
Time spent: 75% 6x read_liberty (0 sec), 11% 2x write_rtlil (0 sec), ...
Elapsed time: 0:00.61[h:]min:sec. CPU time: user 0.28 sys 0.12 (64%). Peak memory: 60512KB.
Log                       Ext     Elapsed/s Peak Memory/MB sha1sum result [0:20)
1_1_yosys_canonicalize    .rtlil          0             59 76e9ba66a3c725d490cb
/OpenROAD-flow-scripts/flow/scripts/synth.sh /OpenROAD-flow-scripts/flow/scripts/synth.tcl /work/campaigns/iscas_sustainability_extension/memory_compiler/gate3_attempt06_replacement_sram_backend_qualification/raw/openroad/work/logs/sky130hd/attempt06_u0/base/1_2_yosys.log
Using ABC speed script.
Extracting clock period from SDC file: /work/campaigns/iscas_sustainability_extension/memory_compiler/gate3_attempt06_replacement_sram_backend_qualification/raw/openroad/work/results/sky130hd/attempt06_u0/base/clock_period.txt
Setting clock period to 10.0
1. Executing RTLIL frontend.
Warning: Selection "sram22_256x64m4w8" did not match any module.
2. Executing HIERARCHY pass (managing design hierarchy).
2.1. Analyzing design hierarchy..
2.2. Analyzing design hierarchy..
3. Executing SYNTH pass.
3.1. Executing HIERARCHY pass (managing design hierarchy).
3.1.1. Analyzing design hierarchy..
3.1.2. Analyzing design hierarchy..
3.2. Executing PROC pass (convert processes to netlists).
3.2.1. Executing PROC_CLEAN pass (remove empty switches from decision trees).
3.2.2. Executing PROC_RMDEAD pass (remove dead branches from decision trees).
3.2.3. Executing PROC_PRUNE pass (remove redundant assignments in processes).
3.2.4. Executing PROC_INIT pass (extract init attributes).
3.2.5. Executing PROC_ARST pass (detect async resets in processes).
3.2.6. Executing PROC_ROM pass (convert switches to ROMs).
3.2.7. Executing PROC_MUX pass (convert decision trees to multiplexers).
3.2.8. Executing PROC_DLATCH pass (convert process syncs to latches).
3.2.9. Executing PROC_DFF pass (convert process syncs to FFs).
3.2.10. Executing PROC_MEMWR pass (convert process memory writes to cells).
3.2.11. Executing PROC_CLEAN pass (remove empty switches from decision trees).
3.2.12. Executing OPT_EXPR pass (perform const folding).
3.3. Executing CHECK pass (checking for obvious problems).
3.4. Executing FLATTEN pass (flatten design).
3.5. Executing OPT_EXPR pass (perform const folding).
3.6. Executing OPT_CLEAN pass (remove unused cells and wires).
3.7. Executing CHECK pass (checking for obvious problems).
3.8. Executing OPT pass (performing simple optimizations).
3.8.1. Executing OPT_EXPR pass (perform const folding).
3.8.2. Executing OPT_MERGE pass (detect identical cells).
3.8.3. Executing OPT_MUXTREE pass (detect dead branches in mux trees).
3.8.4. Executing OPT_REDUCE pass (consolidate $*mux and $reduce_* inputs).
3.8.5. Executing OPT_MERGE pass (detect identical cells).
3.8.6. Executing OPT_DFF pass (perform DFF optimizations).
3.8.7. Executing OPT_CLEAN pass (remove unused cells and wires).
3.8.8. Executing OPT_EXPR pass (perform const folding).
3.8.9. Finished fast OPT passes. (There is nothing left to do.)
3.9. Executing FSM pass (extract and optimize FSM).
3.9.1. Executing FSM_DETECT pass (finding FSMs in design).
3.9.2. Executing FSM_EXTRACT pass (extracting FSM from design).
3.9.3. Executing FSM_OPT pass (simple optimizations of FSMs).
3.9.4. Executing OPT_CLEAN pass (remove unused cells and wires).
3.9.5. Executing FSM_OPT pass (simple optimizations of FSMs).
3.9.6. Executing FSM_RECODE pass (re-assigning FSM state encoding).
3.9.7. Executing FSM_INFO pass (dumping all available information on FSM cells).
3.9.8. Executing FSM_MAP pass (mapping FSMs to basic logic).
3.10. Executing OPT pass (performing simple optimizations).
3.10.1. Executing OPT_EXPR pass (perform const folding).
3.10.2. Executing OPT_MERGE pass (detect identical cells).
3.10.3. Executing OPT_MUXTREE pass (detect dead branches in mux trees).
3.10.4. Executing OPT_REDUCE pass (consolidate $*mux and $reduce_* inputs).
3.10.5. Executing OPT_MERGE pass (detect identical cells).
3.10.6. Executing OPT_DFF pass (perform DFF optimizations).
3.10.7. Executing OPT_CLEAN pass (remove unused cells and wires).
3.10.8. Executing OPT_EXPR pass (perform const folding).
3.10.9. Finished fast OPT passes. (There is nothing left to do.)
3.11. Executing WREDUCE pass (reducing word size of cells).
3.12. Executing PEEPOPT pass (run peephole optimizers).
3.13. Executing OPT_CLEAN pass (remove unused cells and wires).
3.14. Executing ALUMACC pass (create $alu and $macc cells).
3.15. Executing SHARE pass (SAT-based resource sharing).
3.16. Executing OPT pass (performing simple optimizations).
3.16.1. Executing OPT_EXPR pass (perform const folding).
3.16.2. Executing OPT_MERGE pass (detect identical cells).
3.16.3. Executing OPT_MUXTREE pass (detect dead branches in mux trees).
3.16.4. Executing OPT_REDUCE pass (consolidate $*mux and $reduce_* inputs).
3.16.5. Executing OPT_MERGE pass (detect identical cells).
3.16.6. Executing OPT_DFF pass (perform DFF optimizations).
3.16.7. Executing OPT_CLEAN pass (remove unused cells and wires).
3.16.8. Executing OPT_EXPR pass (perform const folding).
3.16.9. Finished fast OPT passes. (There is nothing left to do.)
3.17. Executing MEMORY pass.
3.17.1. Executing OPT_MEM pass (optimize memories).
3.17.2. Executing OPT_MEM_PRIORITY pass (removing unnecessary memory write priority relations).
3.17.3. Executing OPT_MEM_FEEDBACK pass (finding memory read-to-write feedback paths).
3.17.4. Executing MEMORY_BMUX2ROM pass (converting muxes to ROMs).
3.17.5. Executing MEMORY_DFF pass (merging $dff cells to $memrd).
3.17.6. Executing OPT_CLEAN pass (remove unused cells and wires).
3.17.7. Executing MEMORY_SHARE pass (consolidating $memrd/$memwr cells).
3.17.8. Executing OPT_MEM_WIDEN pass (optimize memories where all ports are wide).
3.17.9. Executing OPT_CLEAN pass (remove unused cells and wires).
3.17.10. Executing MEMORY_COLLECT pass (generating $mem cells).
3.18. Executing OPT_CLEAN pass (remove unused cells and wires).
4. Executing SYNTH pass.
4.1. Executing OPT pass (performing simple optimizations).
4.1.1. Executing OPT_EXPR pass (perform const folding).
4.1.2. Executing OPT_MERGE pass (detect identical cells).
4.1.3. Executing OPT_DFF pass (perform DFF optimizations).
4.1.4. Executing OPT_CLEAN pass (remove unused cells and wires).
4.1.5. Finished fast OPT passes.
4.2. Executing MEMORY_MAP pass (converting memories to logic and flip-flops).
4.3. Executing OPT pass (performing simple optimizations).
4.3.1. Executing OPT_EXPR pass (perform const folding).
4.3.2. Executing OPT_MERGE pass (detect identical cells).
4.3.3. Executing OPT_MUXTREE pass (detect dead branches in mux trees).
4.3.4. Executing OPT_REDUCE pass (consolidate $*mux and $reduce_* inputs).
4.3.5. Executing OPT_MERGE pass (detect identical cells).
4.3.6. Executing OPT_SHARE pass.
4.3.7. Executing OPT_DFF pass (perform DFF optimizations).
4.3.8. Executing OPT_CLEAN pass (remove unused cells and wires).
4.3.9. Executing OPT_EXPR pass (perform const folding).
4.3.10. Finished fast OPT passes. (There is nothing left to do.)
4.4. Executing TECHMAP pass (map to technology primitives).
4.4.1. Executing Verilog-2005 frontend: /OpenROAD-flow-scripts/tools/install/yosys/bin/../share/yosys/techmap.v
4.4.2. Executing Verilog-2005 frontend: /OpenROAD-flow-scripts/flow/platforms/common/lcu_kogge_stone.v
4.4.3. Continuing TECHMAP pass.
4.5. Executing OPT pass (performing simple optimizations).
4.5.1. Executing OPT_EXPR pass (perform const folding).
4.5.2. Executing OPT_MERGE pass (detect identical cells).
4.5.3. Executing OPT_DFF pass (perform DFF optimizations).
4.5.4. Executing OPT_CLEAN pass (remove unused cells and wires).
4.5.5. Finished fast OPT passes.
4.6. Executing HIERARCHY pass (managing design hierarchy).
4.6.1. Analyzing design hierarchy..
4.6.2. Analyzing design hierarchy..
4.7. Printing statistics.
4.8. Executing CHECK pass (checking for obvious problems).
5. Executing OPT pass (performing simple optimizations).
5.1. Executing OPT_EXPR pass (perform const folding).
5.2. Executing OPT_MERGE pass (detect identical cells).
5.3. Executing OPT_MUXTREE pass (detect dead branches in mux trees).
5.4. Executing OPT_REDUCE pass (consolidate $*mux and $reduce_* inputs).
5.5. Executing OPT_MERGE pass (detect identical cells).
5.6. Executing OPT_DFF pass (perform DFF optimizations).
5.7. Executing OPT_CLEAN pass (remove unused cells and wires).
5.8. Executing OPT_EXPR pass (perform const folding).
5.9. Finished fast OPT passes. (There is nothing left to do.)
6. Executing EXTRACT_FA pass (find and extract full/half adders).
7. Executing TECHMAP pass (map to technology primitives).
7.1. Executing Verilog-2005 frontend: /OpenROAD-flow-scripts/flow/platforms/sky130hd/cells_adders_hd.v
7.2. Continuing TECHMAP pass.
8. Executing TECHMAP pass (map to technology primitives).
8.1. Executing Verilog-2005 frontend: /OpenROAD-flow-scripts/tools/install/yosys/bin/../share/yosys/techmap.v
8.2. Continuing TECHMAP pass.
9. Executing OPT pass (performing simple optimizations).
9.1. Executing OPT_EXPR pass (perform const folding).
9.2. Executing OPT_MERGE pass (detect identical cells).
9.3. Executing OPT_DFF pass (perform DFF optimizations).
9.4. Executing OPT_CLEAN pass (remove unused cells and wires).
9.5. Finished fast OPT passes.
10. Executing DFFLEGALIZE pass (convert FFs to types supported by the target).
11. Executing TECHMAP pass (map to technology primitives).
11.1. Executing Verilog-2005 frontend: /OpenROAD-flow-scripts/flow/platforms/sky130hd/cells_latch_hd.v
11.2. Continuing TECHMAP pass.
12. Executing DFFLIBMAP pass (mapping DFF cells to sequential cells from liberty file).
12.1. Executing DFFLEGALIZE pass (convert FFs to types supported by the target).
13. Executing OPT pass (performing simple optimizations).
13.1. Executing OPT_EXPR pass (perform const folding).
13.2. Executing OPT_MERGE pass (detect identical cells).
13.3. Executing OPT_MUXTREE pass (detect dead branches in mux trees).
13.4. Executing OPT_REDUCE pass (consolidate $*mux and $reduce_* inputs).
13.5. Executing OPT_MERGE pass (detect identical cells).
13.6. Executing OPT_DFF pass (perform DFF optimizations).
13.7. Executing OPT_CLEAN pass (remove unused cells and wires).
13.8. Executing OPT_EXPR pass (perform const folding).
13.9. Finished fast OPT passes. (There is nothing left to do.)
14. Executing SETUNDEF pass (replace undef values with defined constants).
abc -script /OpenROAD-flow-scripts/flow/scripts/abc_speed.script -liberty /OpenROAD-flow-scripts/flow/platforms/sky130hd/lib/sky130_fd_sc_hd__tt_025C_1v80.lib -liberty /work/campaigns/iscas_sustainability_extension/memory_compiler/gate3_attempt06_replacement_sram_backend_qualification/source_checkout/sram22_256x64m4w8/sram22_256x64m4w8_tt_025C_1v80.lib -dont_use sky130_fd_sc_hd__probe_p_8 -dont_use sky130_fd_sc_hd__probec_p_8 -dont_use sky130_fd_sc_hd__lpflow_bleeder_1 -dont_use sky130_fd_sc_hd__lpflow_clkbufkapwr_1 -dont_use sky130_fd_sc_hd__lpflow_clkbufkapwr_16 -dont_use sky130_fd_sc_hd__lpflow_clkbufkapwr_2 -dont_use sky130_fd_sc_hd__lpflow_clkbufkapwr_4 -dont_use sky130_fd_sc_hd__lpflow_clkbufkapwr_8 -dont_use sky130_fd_sc_hd__lpflow_clkinvkapwr_1 -dont_use sky130_fd_sc_hd__lpflow_clkinvkapwr_16 -dont_use sky130_fd_sc_hd__lpflow_clkinvkapwr_2 -dont_use sky130_fd_sc_hd__lpflow_clkinvkapwr_4 -dont_use sky130_fd_sc_hd__lpflow_clkinvkapwr_8 -dont_use sky130_fd_sc_hd__lpflow_decapkapwr_12 -dont_use sky130_fd_sc_hd__lpflow_decapkapwr_3 -dont_use sky130_fd_sc_hd__lpflow_decapkapwr_4 -dont_use sky130_fd_sc_hd__lpflow_decapkapwr_6 -dont_use sky130_fd_sc_hd__lpflow_decapkapwr_8 -dont_use sky130_fd_sc_hd__lpflow_inputiso0n_1 -dont_use sky130_fd_sc_hd__lpflow_inputiso0p_1 -dont_use sky130_fd_sc_hd__lpflow_inputiso1n_1 -dont_use sky130_fd_sc_hd__lpflow_inputiso1p_1 -dont_use sky130_fd_sc_hd__lpflow_inputisolatch_1 -dont_use sky130_fd_sc_hd__lpflow_isobufsrc_1 -dont_use sky130_fd_sc_hd__lpflow_isobufsrc_16 -dont_use sky130_fd_sc_hd__lpflow_isobufsrc_2 -dont_use sky130_fd_sc_hd__lpflow_isobufsrc_4 -dont_use sky130_fd_sc_hd__lpflow_isobufsrc_8 -dont_use sky130_fd_sc_hd__lpflow_isobufsrckapwr_16 -dont_use sky130_fd_sc_hd__lpflow_lsbuf_lh_hl_isowell_tap_1 -dont_use sky130_fd_sc_hd__lpflow_lsbuf_lh_hl_isowell_tap_2 -dont_use sky130_fd_sc_hd__lpflow_lsbuf_lh_hl_isowell_tap_4 -dont_use sky130_fd_sc_hd__lpflow_lsbuf_lh_isowell_4 -dont_use sky130_fd_sc_hd__lpflow_lsbuf_lh_isowell_tap_1 -dont_use sky130_fd_sc_hd__lpflow_lsbuf_lh_isowell_tap_2 -dont_use sky130_fd_sc_hd__lpflow_lsbuf_lh_isowell_tap_4 -constr /work/campaigns/iscas_sustainability_extension/memory_compiler/gate3_attempt06_replacement_sram_backend_qualification/raw/openroad/work/objects/sky130hd/attempt06_u0/base/abc.constr -D 10.0
15. Executing ABC pass (technology mapping using ABC).
15.1. Extracting gate netlist of module `\u0_sram22_top' to `<abc-temp-dir>/input.blif'..
15.1.1. Executed ABC.
16. Executing SPLITNETS pass (splitting up multi-bit signals).
17. Executing OPT_CLEAN pass (remove unused cells and wires).
18. Executing HILOMAP pass (mapping to constant drivers).
19. Executing INSBUF pass (insert buffer cells for connected wires).
20. Executing CHECK pass (checking for obvious problems).
21. Printing statistics.
22. Executing CHECK pass (checking for obvious problems).
23. Executing Verilog backend.
23.1. Executing BMUXMAP pass.
23.2. Executing DEMUXMAP pass.
Warnings: 1 unique messages, 1 total
End of script. Logfile hash: 02a91d09d0, time: 2.10s, user: 0.60s, system: 0.79s, MEM: 59.33 MB peak
Yosys 0.68+post (git sha1 UNKNOWN, Release, GNU /usr/local/bin/wrapped-cc/g++ 11.4.0)
Time spent: 24% 1x abc (0 sec), 20% 2x synth (0 sec), ...
Elapsed time: 0:02.12[h:]min:sec. CPU time: user 1.00 sys 0.91 (89%). Peak memory: 62480KB.
Log                       Ext     Elapsed/s Peak Memory/MB sha1sum result [0:20)
1_2_yosys                 .v              2             61 2f08738914278f12aa51
1_2_yosys                 .sdc                             5f5ec331be1d6d6db74f
cp /work/campaigns/iscas_sustainability_extension/memory_compiler/gate3_attempt06_replacement_sram_backend_qualification/openroad/u0/constraint.sdc /work/campaigns/iscas_sustainability_extension/memory_compiler/gate3_attempt06_replacement_sram_backend_qualification/raw/openroad/work/results/sky130hd/attempt06_u0/base/1_2_yosys.sdc
touch -r /work/campaigns/iscas_sustainability_extension/memory_compiler/gate3_attempt06_replacement_sram_backend_qualification/openroad/u0/constraint.sdc /work/campaigns/iscas_sustainability_extension/memory_compiler/gate3_attempt06_replacement_sram_backend_qualification/raw/openroad/work/results/sky130hd/attempt06_u0/base/1_2_yosys.sdc
/OpenROAD-flow-scripts/flow/scripts/flow.sh 1_synth synth_odb
Running synth_odb.tcl, stage 1_synth
read_liberty /OpenROAD-flow-scripts/flow/platforms/sky130hd/lib/sky130_fd_sc_hd__tt_025C_1v80.lib
read_liberty /work/campaigns/iscas_sustainability_extension/memory_compiler/gate3_attempt06_replacement_sram_backend_qualification/source_checkout/sram22_256x64m4w8/sram22_256x64m4w8_tt_025C_1v80.lib
[INFO ODB-0227] LEF file: /OpenROAD-flow-scripts/flow/platforms/sky130hd/lef/sky130_fd_sc_hd.tlef, created 13 layers, 25 vias
[INFO ODB-0227] LEF file: /OpenROAD-flow-scripts/flow/platforms/sky130hd/lef/sky130_fd_sc_hd_merged.lef, created 441 library cells
[INFO ODB-0227] LEF file: /work/campaigns/iscas_sustainability_extension/memory_compiler/gate3_attempt06_replacement_sram_backend_qualification/source_checkout/sram22_256x64m4w8/sram22_256x64m4w8.lef, created 1 library cells
link_design u0_sram22_top
read_sdc /work/campaigns/iscas_sustainability_extension/memory_compiler/gate3_attempt06_replacement_sram_backend_qualification/raw/openroad/work/results/sky130hd/attempt06_u0/base/1_2_yosys.sdc
[ERROR STA-0100] unsupported object type Pin.
Error: 1_2_yosys.sdc, 11 STA-0100
Elapsed time: 0:01.03[h:]min:sec. CPU time: user 0.80 sys 0.20 (96%). Peak memory: 125856KB.
make[1]: *** [Makefile:441: do-1_synth] Error 1
make: *** [Makefile:441: /work/campaigns/iscas_sustainability_extension/memory_compiler/gate3_attempt06_replacement_sram_backend_qualification/raw/openroad/work/results/sky130hd/attempt06_u0/base/1_synth.odb] Error 2
mkdir -p /work/campaigns/iscas_sustainability_extension/memory_compiler/gate3_attempt06_replacement_sram_backend_qualification/raw/openroad/work/results/sky130hd/attempt06_u0/base/
echo 10.0 > /work/campaigns/iscas_sustainability_extension/memory_compiler/gate3_attempt06_replacement_sram_backend_qualification/raw/openroad/work/results/sky130hd/attempt06_u0/base/clock_period.txt
/OpenROAD-flow-scripts/flow/scripts/synth.sh /OpenROAD-flow-scripts/flow/scripts/synth_canonicalize.tcl /work/campaigns/iscas_sustainability_extension/memory_compiler/gate3_attempt06_replacement_sram_backend_qualification/raw/openroad/work/logs/sky130hd/attempt06_u0/base/1_1_yosys_canonicalize.log
Using ABC speed script.
Extracting clock period from SDC file: /work/campaigns/iscas_sustainability_extension/memory_compiler/gate3_attempt06_replacement_sram_backend_qualification/raw/openroad/work/results/sky130hd/attempt06_u0/base/clock_period.txt
Setting clock period to 10.0
1. Executing Liberty frontend: /OpenROAD-flow-scripts/flow/platforms/sky130hd/lib/sky130_fd_sc_hd__tt_025C_1v80.lib
2. Executing Liberty frontend: /work/campaigns/iscas_sustainability_extension/memory_compiler/gate3_attempt06_replacement_sram_backend_qualification/source_checkout/sram22_256x64m4w8/sram22_256x64m4w8_tt_025C_1v80.lib
3. Executing Liberty frontend: /OpenROAD-flow-scripts/flow/platforms/sky130hd/lib/sky130_fd_sc_hd__tt_025C_1v80.lib
4. Executing Liberty frontend: /work/campaigns/iscas_sustainability_extension/memory_compiler/gate3_attempt06_replacement_sram_backend_qualification/source_checkout/sram22_256x64m4w8/sram22_256x64m4w8_tt_025C_1v80.lib
5. Executing Verilog-2005 frontend: /work/campaigns/iscas_sustainability_extension/memory_compiler/gate3_attempt06_replacement_sram_backend_qualification/source_checkout/sram22_256x64m4w8/sram22_256x64m4w8.v
6. Executing Verilog-2005 frontend: /work/campaigns/iscas_sustainability_extension/memory_compiler/gate3_attempt06_replacement_sram_backend_qualification/rtl/unprotected_sram_256x64_sram22.sv
7. Executing Verilog-2005 frontend: /OpenROAD-flow-scripts/flow/platforms/sky130hd/cells_clkgate_hd.v
8. Executing HIERARCHY pass (managing design hierarchy).
9. Executing AST frontend in derive mode using pre-parsed AST for module `\u0_sram22_top'.
9.1. Analyzing design hierarchy..
9.2. Analyzing design hierarchy..
Warning: Selection "sram22_256x64m4w8" did not match any module.
10. Executing HIERARCHY pass (managing design hierarchy).
10.1. Analyzing design hierarchy..
10.2. Analyzing design hierarchy..
11. Executing OPT_CLEAN pass (remove unused cells and wires).
12. Executing RTLIL backend.
Warnings: 1 unique messages, 1 total
End of script. Logfile hash: 651b29c7e2, time: 0.64s, user: 0.25s, system: 0.15s, MEM: 56.44 MB peak
Yosys 0.68+post (git sha1 UNKNOWN, Release, GNU /usr/local/bin/wrapped-cc/g++ 11.4.0)
Time spent: 79% 6x read_liberty (0 sec), 9% 2x write_rtlil (0 sec), ...
Elapsed time: 0:00.66[h:]min:sec. CPU time: user 0.28 sys 0.17 (67%). Peak memory: 60420KB.
Log                       Ext     Elapsed/s Peak Memory/MB sha1sum result [0:20)
1_1_yosys_canonicalize    .rtlil          0             59 76e9ba66a3c725d490cb
/OpenROAD-flow-scripts/flow/scripts/synth.sh /OpenROAD-flow-scripts/flow/scripts/synth.tcl /work/campaigns/iscas_sustainability_extension/memory_compiler/gate3_attempt06_replacement_sram_backend_qualification/raw/openroad/work/logs/sky130hd/attempt06_u0/base/1_2_yosys.log
Using ABC speed script.
Extracting clock period from SDC file: /work/campaigns/iscas_sustainability_extension/memory_compiler/gate3_attempt06_replacement_sram_backend_qualification/raw/openroad/work/results/sky130hd/attempt06_u0/base/clock_period.txt
Setting clock period to 10.0
1. Executing RTLIL frontend.
Warning: Selection "sram22_256x64m4w8" did not match any module.
2. Executing HIERARCHY pass (managing design hierarchy).
2.1. Analyzing design hierarchy..
2.2. Analyzing design hierarchy..
3. Executing SYNTH pass.
3.1. Executing HIERARCHY pass (managing design hierarchy).
3.1.1. Analyzing design hierarchy..
3.1.2. Analyzing design hierarchy..
3.2. Executing PROC pass (convert processes to netlists).
3.2.1. Executing PROC_CLEAN pass (remove empty switches from decision trees).
3.2.2. Executing PROC_RMDEAD pass (remove dead branches from decision trees).
3.2.3. Executing PROC_PRUNE pass (remove redundant assignments in processes).
3.2.4. Executing PROC_INIT pass (extract init attributes).
3.2.5. Executing PROC_ARST pass (detect async resets in processes).
3.2.6. Executing PROC_ROM pass (convert switches to ROMs).
3.2.7. Executing PROC_MUX pass (convert decision trees to multiplexers).
3.2.8. Executing PROC_DLATCH pass (convert process syncs to latches).
3.2.9. Executing PROC_DFF pass (convert process syncs to FFs).
3.2.10. Executing PROC_MEMWR pass (convert process memory writes to cells).
3.2.11. Executing PROC_CLEAN pass (remove empty switches from decision trees).
3.2.12. Executing OPT_EXPR pass (perform const folding).
3.3. Executing CHECK pass (checking for obvious problems).
3.4. Executing FLATTEN pass (flatten design).
3.5. Executing OPT_EXPR pass (perform const folding).
3.6. Executing OPT_CLEAN pass (remove unused cells and wires).
3.7. Executing CHECK pass (checking for obvious problems).
3.8. Executing OPT pass (performing simple optimizations).
3.8.1. Executing OPT_EXPR pass (perform const folding).
3.8.2. Executing OPT_MERGE pass (detect identical cells).
3.8.3. Executing OPT_MUXTREE pass (detect dead branches in mux trees).
3.8.4. Executing OPT_REDUCE pass (consolidate $*mux and $reduce_* inputs).
3.8.5. Executing OPT_MERGE pass (detect identical cells).
3.8.6. Executing OPT_DFF pass (perform DFF optimizations).
3.8.7. Executing OPT_CLEAN pass (remove unused cells and wires).
3.8.8. Executing OPT_EXPR pass (perform const folding).
3.8.9. Finished fast OPT passes. (There is nothing left to do.)
3.9. Executing FSM pass (extract and optimize FSM).
3.9.1. Executing FSM_DETECT pass (finding FSMs in design).
3.9.2. Executing FSM_EXTRACT pass (extracting FSM from design).
3.9.3. Executing FSM_OPT pass (simple optimizations of FSMs).
3.9.4. Executing OPT_CLEAN pass (remove unused cells and wires).
3.9.5. Executing FSM_OPT pass (simple optimizations of FSMs).
3.9.6. Executing FSM_RECODE pass (re-assigning FSM state encoding).
3.9.7. Executing FSM_INFO pass (dumping all available information on FSM cells).
3.9.8. Executing FSM_MAP pass (mapping FSMs to basic logic).
3.10. Executing OPT pass (performing simple optimizations).
3.10.1. Executing OPT_EXPR pass (perform const folding).
3.10.2. Executing OPT_MERGE pass (detect identical cells).
3.10.3. Executing OPT_MUXTREE pass (detect dead branches in mux trees).
3.10.4. Executing OPT_REDUCE pass (consolidate $*mux and $reduce_* inputs).
3.10.5. Executing OPT_MERGE pass (detect identical cells).
3.10.6. Executing OPT_DFF pass (perform DFF optimizations).
3.10.7. Executing OPT_CLEAN pass (remove unused cells and wires).
3.10.8. Executing OPT_EXPR pass (perform const folding).
3.10.9. Finished fast OPT passes. (There is nothing left to do.)
3.11. Executing WREDUCE pass (reducing word size of cells).
3.12. Executing PEEPOPT pass (run peephole optimizers).
3.13. Executing OPT_CLEAN pass (remove unused cells and wires).
3.14. Executing ALUMACC pass (create $alu and $macc cells).
3.15. Executing SHARE pass (SAT-based resource sharing).
3.16. Executing OPT pass (performing simple optimizations).
3.16.1. Executing OPT_EXPR pass (perform const folding).
3.16.2. Executing OPT_MERGE pass (detect identical cells).
3.16.3. Executing OPT_MUXTREE pass (detect dead branches in mux trees).
3.16.4. Executing OPT_REDUCE pass (consolidate $*mux and $reduce_* inputs).
3.16.5. Executing OPT_MERGE pass (detect identical cells).
3.16.6. Executing OPT_DFF pass (perform DFF optimizations).
3.16.7. Executing OPT_CLEAN pass (remove unused cells and wires).
3.16.8. Executing OPT_EXPR pass (perform const folding).
3.16.9. Finished fast OPT passes. (There is nothing left to do.)
3.17. Executing MEMORY pass.
3.17.1. Executing OPT_MEM pass (optimize memories).
3.17.2. Executing OPT_MEM_PRIORITY pass (removing unnecessary memory write priority relations).
3.17.3. Executing OPT_MEM_FEEDBACK pass (finding memory read-to-write feedback paths).
3.17.4. Executing MEMORY_BMUX2ROM pass (converting muxes to ROMs).
3.17.5. Executing MEMORY_DFF pass (merging $dff cells to $memrd).
3.17.6. Executing OPT_CLEAN pass (remove unused cells and wires).
3.17.7. Executing MEMORY_SHARE pass (consolidating $memrd/$memwr cells).
3.17.8. Executing OPT_MEM_WIDEN pass (optimize memories where all ports are wide).
3.17.9. Executing OPT_CLEAN pass (remove unused cells and wires).
3.17.10. Executing MEMORY_COLLECT pass (generating $mem cells).
3.18. Executing OPT_CLEAN pass (remove unused cells and wires).
4. Executing SYNTH pass.
4.1. Executing OPT pass (performing simple optimizations).
4.1.1. Executing OPT_EXPR pass (perform const folding).
4.1.2. Executing OPT_MERGE pass (detect identical cells).
4.1.3. Executing OPT_DFF pass (perform DFF optimizations).
4.1.4. Executing OPT_CLEAN pass (remove unused cells and wires).
4.1.5. Finished fast OPT passes.
4.2. Executing MEMORY_MAP pass (converting memories to logic and flip-flops).
4.3. Executing OPT pass (performing simple optimizations).
4.3.1. Executing OPT_EXPR pass (perform const folding).
4.3.2. Executing OPT_MERGE pass (detect identical cells).
4.3.3. Executing OPT_MUXTREE pass (detect dead branches in mux trees).
4.3.4. Executing OPT_REDUCE pass (consolidate $*mux and $reduce_* inputs).
4.3.5. Executing OPT_MERGE pass (detect identical cells).
4.3.6. Executing OPT_SHARE pass.
4.3.7. Executing OPT_DFF pass (perform DFF optimizations).
4.3.8. Executing OPT_CLEAN pass (remove unused cells and wires).
4.3.9. Executing OPT_EXPR pass (perform const folding).
4.3.10. Finished fast OPT passes. (There is nothing left to do.)
4.4. Executing TECHMAP pass (map to technology primitives).
4.4.1. Executing Verilog-2005 frontend: /OpenROAD-flow-scripts/tools/install/yosys/bin/../share/yosys/techmap.v
4.4.2. Executing Verilog-2005 frontend: /OpenROAD-flow-scripts/flow/platforms/common/lcu_kogge_stone.v
4.4.3. Continuing TECHMAP pass.
4.5. Executing OPT pass (performing simple optimizations).
4.5.1. Executing OPT_EXPR pass (perform const folding).
4.5.2. Executing OPT_MERGE pass (detect identical cells).
4.5.3. Executing OPT_DFF pass (perform DFF optimizations).
4.5.4. Executing OPT_CLEAN pass (remove unused cells and wires).
4.5.5. Finished fast OPT passes.
4.6. Executing HIERARCHY pass (managing design hierarchy).
4.6.1. Analyzing design hierarchy..
4.6.2. Analyzing design hierarchy..
4.7. Printing statistics.
4.8. Executing CHECK pass (checking for obvious problems).
5. Executing OPT pass (performing simple optimizations).
5.1. Executing OPT_EXPR pass (perform const folding).
5.2. Executing OPT_MERGE pass (detect identical cells).
5.3. Executing OPT_MUXTREE pass (detect dead branches in mux trees).
5.4. Executing OPT_REDUCE pass (consolidate $*mux and $reduce_* inputs).
5.5. Executing OPT_MERGE pass (detect identical cells).
5.6. Executing OPT_DFF pass (perform DFF optimizations).
5.7. Executing OPT_CLEAN pass (remove unused cells and wires).
5.8. Executing OPT_EXPR pass (perform const folding).
5.9. Finished fast OPT passes. (There is nothing left to do.)
6. Executing EXTRACT_FA pass (find and extract full/half adders).
7. Executing TECHMAP pass (map to technology primitives).
7.1. Executing Verilog-2005 frontend: /OpenROAD-flow-scripts/flow/platforms/sky130hd/cells_adders_hd.v
7.2. Continuing TECHMAP pass.
8. Executing TECHMAP pass (map to technology primitives).
8.1. Executing Verilog-2005 frontend: /OpenROAD-flow-scripts/tools/install/yosys/bin/../share/yosys/techmap.v
8.2. Continuing TECHMAP pass.
9. Executing OPT pass (performing simple optimizations).
9.1. Executing OPT_EXPR pass (perform const folding).
9.2. Executing OPT_MERGE pass (detect identical cells).
9.3. Executing OPT_DFF pass (perform DFF optimizations).
9.4. Executing OPT_CLEAN pass (remove unused cells and wires).
9.5. Finished fast OPT passes.
10. Executing DFFLEGALIZE pass (convert FFs to types supported by the target).
11. Executing TECHMAP pass (map to technology primitives).
11.1. Executing Verilog-2005 frontend: /OpenROAD-flow-scripts/flow/platforms/sky130hd/cells_latch_hd.v
11.2. Continuing TECHMAP pass.
12. Executing DFFLIBMAP pass (mapping DFF cells to sequential cells from liberty file).
12.1. Executing DFFLEGALIZE pass (convert FFs to types supported by the target).
13. Executing OPT pass (performing simple optimizations).
13.1. Executing OPT_EXPR pass (perform const folding).
13.2. Executing OPT_MERGE pass (detect identical cells).
13.3. Executing OPT_MUXTREE pass (detect dead branches in mux trees).
13.4. Executing OPT_REDUCE pass (consolidate $*mux and $reduce_* inputs).
13.5. Executing OPT_MERGE pass (detect identical cells).
13.6. Executing OPT_DFF pass (perform DFF optimizations).
13.7. Executing OPT_CLEAN pass (remove unused cells and wires).
13.8. Executing OPT_EXPR pass (perform const folding).
13.9. Finished fast OPT passes. (There is nothing left to do.)
14. Executing SETUNDEF pass (replace undef values with defined constants).
abc -script /OpenROAD-flow-scripts/flow/scripts/abc_speed.script -liberty /OpenROAD-flow-scripts/flow/platforms/sky130hd/lib/sky130_fd_sc_hd__tt_025C_1v80.lib -liberty /work/campaigns/iscas_sustainability_extension/memory_compiler/gate3_attempt06_replacement_sram_backend_qualification/source_checkout/sram22_256x64m4w8/sram22_256x64m4w8_tt_025C_1v80.lib -dont_use sky130_fd_sc_hd__probe_p_8 -dont_use sky130_fd_sc_hd__probec_p_8 -dont_use sky130_fd_sc_hd__lpflow_bleeder_1 -dont_use sky130_fd_sc_hd__lpflow_clkbufkapwr_1 -dont_use sky130_fd_sc_hd__lpflow_clkbufkapwr_16 -dont_use sky130_fd_sc_hd__lpflow_clkbufkapwr_2 -dont_use sky130_fd_sc_hd__lpflow_clkbufkapwr_4 -dont_use sky130_fd_sc_hd__lpflow_clkbufkapwr_8 -dont_use sky130_fd_sc_hd__lpflow_clkinvkapwr_1 -dont_use sky130_fd_sc_hd__lpflow_clkinvkapwr_16 -dont_use sky130_fd_sc_hd__lpflow_clkinvkapwr_2 -dont_use sky130_fd_sc_hd__lpflow_clkinvkapwr_4 -dont_use sky130_fd_sc_hd__lpflow_clkinvkapwr_8 -dont_use sky130_fd_sc_hd__lpflow_decapkapwr_12 -dont_use sky130_fd_sc_hd__lpflow_decapkapwr_3 -dont_use sky130_fd_sc_hd__lpflow_decapkapwr_4 -dont_use sky130_fd_sc_hd__lpflow_decapkapwr_6 -dont_use sky130_fd_sc_hd__lpflow_decapkapwr_8 -dont_use sky130_fd_sc_hd__lpflow_inputiso0n_1 -dont_use sky130_fd_sc_hd__lpflow_inputiso0p_1 -dont_use sky130_fd_sc_hd__lpflow_inputiso1n_1 -dont_use sky130_fd_sc_hd__lpflow_inputiso1p_1 -dont_use sky130_fd_sc_hd__lpflow_inputisolatch_1 -dont_use sky130_fd_sc_hd__lpflow_isobufsrc_1 -dont_use sky130_fd_sc_hd__lpflow_isobufsrc_16 -dont_use sky130_fd_sc_hd__lpflow_isobufsrc_2 -dont_use sky130_fd_sc_hd__lpflow_isobufsrc_4 -dont_use sky130_fd_sc_hd__lpflow_isobufsrc_8 -dont_use sky130_fd_sc_hd__lpflow_isobufsrckapwr_16 -dont_use sky130_fd_sc_hd__lpflow_lsbuf_lh_hl_isowell_tap_1 -dont_use sky130_fd_sc_hd__lpflow_lsbuf_lh_hl_isowell_tap_2 -dont_use sky130_fd_sc_hd__lpflow_lsbuf_lh_hl_isowell_tap_4 -dont_use sky130_fd_sc_hd__lpflow_lsbuf_lh_isowell_4 -dont_use sky130_fd_sc_hd__lpflow_lsbuf_lh_isowell_tap_1 -dont_use sky130_fd_sc_hd__lpflow_lsbuf_lh_isowell_tap_2 -dont_use sky130_fd_sc_hd__lpflow_lsbuf_lh_isowell_tap_4 -constr /work/campaigns/iscas_sustainability_extension/memory_compiler/gate3_attempt06_replacement_sram_backend_qualification/raw/openroad/work/objects/sky130hd/attempt06_u0/base/abc.constr -D 10.0
15. Executing ABC pass (technology mapping using ABC).
15.1. Extracting gate netlist of module `\u0_sram22_top' to `<abc-temp-dir>/input.blif'..
15.1.1. Executed ABC.
16. Executing SPLITNETS pass (splitting up multi-bit signals).
17. Executing OPT_CLEAN pass (remove unused cells and wires).
18. Executing HILOMAP pass (mapping to constant drivers).
19. Executing INSBUF pass (insert buffer cells for connected wires).
20. Executing CHECK pass (checking for obvious problems).
21. Printing statistics.
22. Executing CHECK pass (checking for obvious problems).
23. Executing Verilog backend.
23.1. Executing BMUXMAP pass.
23.2. Executing DEMUXMAP pass.
Warnings: 1 unique messages, 1 total
End of script. Logfile hash: 02a91d09d0, time: 2.05s, user: 0.59s, system: 0.80s, MEM: 58.71 MB peak
Yosys 0.68+post (git sha1 UNKNOWN, Release, GNU /usr/local/bin/wrapped-cc/g++ 11.4.0)
Time spent: 23% 1x abc (0 sec), 23% 2x synth (0 sec), ...
Elapsed time: 0:02.07[h:]min:sec. CPU time: user 0.94 sys 0.93 (90%). Peak memory: 62088KB.
Log                       Ext     Elapsed/s Peak Memory/MB sha1sum result [0:20)
1_2_yosys                 .v              2             60 2f08738914278f12aa51
1_2_yosys                 .sdc                             29645f24c6803dcf1988
cp /work/campaigns/iscas_sustainability_extension/memory_compiler/gate3_attempt06_replacement_sram_backend_qualification/openroad/u0/constraint.sdc /work/campaigns/iscas_sustainability_extension/memory_compiler/gate3_attempt06_replacement_sram_backend_qualification/raw/openroad/work/results/sky130hd/attempt06_u0/base/1_2_yosys.sdc
touch -r /work/campaigns/iscas_sustainability_extension/memory_compiler/gate3_attempt06_replacement_sram_backend_qualification/openroad/u0/constraint.sdc /work/campaigns/iscas_sustainability_extension/memory_compiler/gate3_attempt06_replacement_sram_backend_qualification/raw/openroad/work/results/sky130hd/attempt06_u0/base/1_2_yosys.sdc
/OpenROAD-flow-scripts/flow/scripts/flow.sh 1_synth synth_odb
Running synth_odb.tcl, stage 1_synth
read_liberty /OpenROAD-flow-scripts/flow/platforms/sky130hd/lib/sky130_fd_sc_hd__tt_025C_1v80.lib
read_liberty /work/campaigns/iscas_sustainability_extension/memory_compiler/gate3_attempt06_replacement_sram_backend_qualification/source_checkout/sram22_256x64m4w8/sram22_256x64m4w8_tt_025C_1v80.lib
[INFO ODB-0227] LEF file: /OpenROAD-flow-scripts/flow/platforms/sky130hd/lef/sky130_fd_sc_hd.tlef, created 13 layers, 25 vias
[INFO ODB-0227] LEF file: /OpenROAD-flow-scripts/flow/platforms/sky130hd/lef/sky130_fd_sc_hd_merged.lef, created 441 library cells
[INFO ODB-0227] LEF file: /work/campaigns/iscas_sustainability_extension/memory_compiler/gate3_attempt06_replacement_sram_backend_qualification/source_checkout/sram22_256x64m4w8/sram22_256x64m4w8.lef, created 1 library cells
link_design u0_sram22_top
read_sdc /work/campaigns/iscas_sustainability_extension/memory_compiler/gate3_attempt06_replacement_sram_backend_qualification/raw/openroad/work/results/sky130hd/attempt06_u0/base/1_2_yosys.sdc
source /OpenROAD-flow-scripts/flow/platforms/sky130hd/setRC.tcl
eliminate_dead_logic
Removed 0 unused instances and 0 unused nets.
Design area 201267 um^2 100% utilization.
write_db /work/campaigns/iscas_sustainability_extension/memory_compiler/gate3_attempt06_replacement_sram_backend_qualification/raw/openroad/work/results/sky130hd/attempt06_u0/base/1_synth.odb
write_sdc -no_timestamp /work/campaigns/iscas_sustainability_extension/memory_compiler/gate3_attempt06_replacement_sram_backend_qualification/raw/openroad/work/results/sky130hd/attempt06_u0/base/1_synth.sdc
Elapsed time: 0:01.30[h:]min:sec. CPU time: user 0.81 sys 0.22 (79%). Peak memory: 126944KB.
Log                       Ext     Elapsed/s Peak Memory/MB sha1sum result [0:20)
1_synth                   .odb            1            123 b485825eb6796475a5ee
1_synth                   .sdc                             b6f9383ea778b3f433b7
/OpenROAD-flow-scripts/flow/scripts/flow.sh 2_1_floorplan floorplan
Running floorplan.tcl, stage 2_1_floorplan
read_liberty /OpenROAD-flow-scripts/flow/platforms/sky130hd/lib/sky130_fd_sc_hd__tt_025C_1v80.lib
read_liberty /work/campaigns/iscas_sustainability_extension/memory_compiler/gate3_attempt06_replacement_sram_backend_qualification/source_checkout/sram22_256x64m4w8/sram22_256x64m4w8_tt_025C_1v80.lib
read_db /work/campaigns/iscas_sustainability_extension/memory_compiler/gate3_attempt06_replacement_sram_backend_qualification/raw/openroad/work/results/sky130hd/attempt06_u0/base/1_synth.odb
read_sdc /work/campaigns/iscas_sustainability_extension/memory_compiler/gate3_attempt06_replacement_sram_backend_qualification/raw/openroad/work/results/sky130hd/attempt06_u0/base/1_synth.sdc
source /OpenROAD-flow-scripts/flow/platforms/sky130hd/setRC.tcl
Master sky130_ef_sc_hd__decap_12 is loaded but not used in the design

==========================================================================
Floorplan check_setup
--------------------------------------------------------------------------
number instances in verilog is 1
[WARNING IFP-0028] Core area lower left (10.000, 10.000) snapped to (10.120, 10.880).
[INFO IFP-0001] Added 176 rows of 1912 site unithd.
[INFO IFP-0100] Die BBox:  (  0.000  0.000 ) ( 900.000 500.000 ) um
[INFO IFP-0101] Core BBox: ( 10.120 10.880 ) ( 889.640 489.600 ) um
[INFO IFP-0102] Core area:                       421043.814 um^2
[INFO IFP-0103] Total instances area:            201266.597 um^2
[INFO IFP-0104] Effective utilization:                0.478
[INFO IFP-0105] Number of instances:                      1
source /OpenROAD-flow-scripts/flow/platforms/sky130hd/make_tracks.tcl
source /OpenROAD-flow-scripts/flow/platforms/sky130hd/fastroute.tcl
Repair tie lo fanout...
Repair tie hi fanout...
repair_timing -setup_margin 0 -hold_margin 0 -repair_tns 100 -skip_gate_cloning -match_cell_footprint -setup -skip_last_gasp -sequence unbuffer,sizeup,swap,vt_swap -verbose
[WARNING EST-0027] no estimated parasitics. Using wire load models.
[INFO RSZ-0100] Repair move sequence: UnbufferMove SizeUpMove SwapPinsMove 
[INFO RSZ-0098] No setup violations found
[INFO RSZ-0505] Runtime: 0.14s
Default units for flow
 time 1ns
 capacitance 1pF
 resistance 1kohm
 voltage 1v
 current 1mA
 power 1nW
 distance 1um
   Layer   | Unit Resistance | Unit Capacitance 
           |       (kohm/um) |          (pF/um)
------------------------------------------------
       li1 |        7.18e-02 |         1.50e-04
      met1 |        1.21e-03 |         1.72e-04
      met2 |        1.22e-03 |         1.36e-04
      met3 |        1.66e-04 |         2.15e-04
      met4 |        1.68e-04 |         1.48e-04
      met5 |        1.84e-05 |         1.54e-04
------------------------------------------------

   Layer   | Via Resistance 
           |         (kohm) 
----------------------------
      mcon |       9.25e-03 
       via |       4.50e-03 
      via2 |       3.37e-03 
      via3 |       3.77e-04 
      via4 |       5.80e-06 
----------------------------
Report metrics stage 2, floorplan final...

==========================================================================
floorplan final report_design_area
--------------------------------------------------------------------------
Design area 201267 um^2 48% utilization.
write_db /work/campaigns/iscas_sustainability_extension/memory_compiler/gate3_attempt06_replacement_sram_backend_qualification/raw/openroad/work/results/sky130hd/attempt06_u0/base/2_1_floorplan.odb
write_sdc -no_timestamp /work/campaigns/iscas_sustainability_extension/memory_compiler/gate3_attempt06_replacement_sram_backend_qualification/raw/openroad/work/results/sky130hd/attempt06_u0/base/2_1_floorplan.sdc
Elapsed time: 0:01.88[h:]min:sec. CPU time: user 0.81 sys 0.35 (61%). Peak memory: 144208KB.
Log                       Ext     Elapsed/s Peak Memory/MB sha1sum result [0:20)
2_1_floorplan             .odb            1            140 14b9b2bf7d8fd3171265
2_1_floorplan             .sdc                             b6f9383ea778b3f433b7
/OpenROAD-flow-scripts/flow/scripts/flow.sh 2_2_floorplan_macro macro_place
Running macro_place.tcl, stage 2_2_floorplan_macro
read_liberty /OpenROAD-flow-scripts/flow/platforms/sky130hd/lib/sky130_fd_sc_hd__tt_025C_1v80.lib
read_liberty /work/campaigns/iscas_sustainability_extension/memory_compiler/gate3_attempt06_replacement_sram_backend_qualification/source_checkout/sram22_256x64m4w8/sram22_256x64m4w8_tt_025C_1v80.lib
read_db /work/campaigns/iscas_sustainability_extension/memory_compiler/gate3_attempt06_replacement_sram_backend_qualification/raw/openroad/work/results/sky130hd/attempt06_u0/base/2_1_floorplan.odb
read_sdc /work/campaigns/iscas_sustainability_extension/memory_compiler/gate3_attempt06_replacement_sram_backend_qualification/raw/openroad/work/results/sky130hd/attempt06_u0/base/2_1_floorplan.sdc
source /OpenROAD-flow-scripts/flow/platforms/sky130hd/setRC.tcl
rtl_macro_placer -max_num_level 2 -halo_width 10 -halo_height 10 -min_ar 0.33 -area_weight 0.1 -wirelength_weight 100.0 -outline_weight 100.0 -boundary_weight 50.0 -notch_weight 50.0 -report_directory /work/campaigns/iscas_sustainability_extension/memory_compiler/gate3_attempt06_replacement_sram_backend_qualification/raw/openroad/work/objects/sky130hd/attempt06_u0/base/rtlmp -fence_lx 0.0 -fence_ly 0.0 -fence_ux 0.0 -fence_uy 0.0 -target_util 0.35
[WARNING MPL-0074] -halo_width/-halo_height are deprecated, use the set_macro_base_halo command instead.
Die Area: (0.00, 0.00) (900.00, 500.00),  Floorplan Area: (10.12, 10.88) (889.64, 489.60)
	Number of std cell instances: 0
	Area of std cell instances: 0.00
	Number of macros: 1
	Macros to be placed: 1
	Area of macros: 201266.60
	Base halo (L, B, R, T): (10.00, 10.00, 10.00, 10.00)
	Area of macros with halos: 208348.91
	Area of std cell instances + Area of macros: 201266.60
	Floorplan area: 421043.81
	Design Utilization: 0.48
	Floorplan Utilization: 0.00
	Manufacturing Grid: 5

[WARNING MPL-0025] Design has no standard cells!
[WARNING MPL-0002] Could not align all pins of the macro u_data to the track-grid. 136 out of 147 pins were aligned.
[INFO MPL-0500] Runtime: 0.63s
Design area 201267 um^2 48% utilization.
write_db /work/campaigns/iscas_sustainability_extension/memory_compiler/gate3_attempt06_replacement_sram_backend_qualification/raw/openroad/work/results/sky130hd/attempt06_u0/base/2_2_floorplan_macro.odb
Elapsed time: 0:01.88[h:]min:sec. CPU time: user 2.89 sys 0.17 (163%). Peak memory: 125036KB.
Log                       Ext     Elapsed/s Peak Memory/MB sha1sum result [0:20)
2_2_floorplan_macro       .odb            1            122 d94cbb9bc7913fd132b0
/OpenROAD-flow-scripts/flow/scripts/flow.sh 2_3_floorplan_tapcell tapcell
Running tapcell.tcl, stage 2_3_floorplan_tapcell
read_liberty /OpenROAD-flow-scripts/flow/platforms/sky130hd/lib/sky130_fd_sc_hd__tt_025C_1v80.lib
read_liberty /work/campaigns/iscas_sustainability_extension/memory_compiler/gate3_attempt06_replacement_sram_backend_qualification/source_checkout/sram22_256x64m4w8/sram22_256x64m4w8_tt_025C_1v80.lib
read_db /work/campaigns/iscas_sustainability_extension/memory_compiler/gate3_attempt06_replacement_sram_backend_qualification/raw/openroad/work/results/sky130hd/attempt06_u0/base/2_2_floorplan_macro.odb
read_sdc /work/campaigns/iscas_sustainability_extension/memory_compiler/gate3_attempt06_replacement_sram_backend_qualification/raw/openroad/work/results/sky130hd/attempt06_u0/base/2_1_floorplan.sdc
source /OpenROAD-flow-scripts/flow/platforms/sky130hd/setRC.tcl
[INFO ODB-0303] The initial 176 rows (336512 sites) were cut with 1 shapes for a total of 176 rows (172467 sites).
[INFO TAP-0005] Inserted 2944 tapcells.
Design area 204950 um^2 49% utilization.
write_db /work/campaigns/iscas_sustainability_extension/memory_compiler/gate3_attempt06_replacement_sram_backend_qualification/raw/openroad/work/results/sky130hd/attempt06_u0/base/2_3_floorplan_tapcell.odb
Elapsed time: 0:01.33[h:]min:sec. CPU time: user 0.74 sys 0.17 (68%). Peak memory: 125412KB.
Log                       Ext     Elapsed/s Peak Memory/MB sha1sum result [0:20)
2_3_floorplan_tapcell     .odb            1            122 3a649e76005188dde097
/OpenROAD-flow-scripts/flow/scripts/flow.sh 2_4_floorplan_pdn pdn
Running pdn.tcl, stage 2_4_floorplan_pdn
read_liberty /OpenROAD-flow-scripts/flow/platforms/sky130hd/lib/sky130_fd_sc_hd__tt_025C_1v80.lib
read_liberty /work/campaigns/iscas_sustainability_extension/memory_compiler/gate3_attempt06_replacement_sram_backend_qualification/source_checkout/sram22_256x64m4w8/sram22_256x64m4w8_tt_025C_1v80.lib
read_db /work/campaigns/iscas_sustainability_extension/memory_compiler/gate3_attempt06_replacement_sram_backend_qualification/raw/openroad/work/results/sky130hd/attempt06_u0/base/2_3_floorplan_tapcell.odb
read_sdc /work/campaigns/iscas_sustainability_extension/memory_compiler/gate3_attempt06_replacement_sram_backend_qualification/raw/openroad/work/results/sky130hd/attempt06_u0/base/2_1_floorplan.sdc
source /OpenROAD-flow-scripts/flow/platforms/sky130hd/setRC.tcl
[WARNING PDN-1051] No instances found for grid (CORE_macro_grid_2).
[INFO PDN-0001] Inserting grid: grid
[INFO PDN-0001] Inserting grid: CORE_macro_grid_1 - u_data
[WARNING PDN-0195] Removing 25 via(s) between met2 and met4 at (443.7000 um, 77.3000 um) for VDD
[WARNING PDN-0195] Removing 640 via(s) between met2 and met4 at (443.6650 um, 233.6050 um) for VDD
[WARNING PDN-0195] Removing 114 via(s) between met2 and met4 at (470.8000 um, 151.5000 um) for VDD
[WARNING PDN-0110] No via inserted between met2 and met4 at (497.8400, 127.7400) - (497.9400, 128.0600) on VDD
[WARNING PDN-0110] No via inserted between met2 and met4 at (538.5500, 118.9000) - (538.7400, 119.2200) on VSS
[WARNING PDN-0110] No via inserted between met2 and met4 at (553.3800, 58.3800) - (553.7200, 58.7000) on VDD
[WARNING PDN-0110] No via inserted between met2 and met4 at (553.3800, 96.4600) - (553.7200, 96.7800) on VDD
[WARNING PDN-0195] Removing 2 via(s) between met2 and met4 at (579.4000 um, 157.8200 um) for VDD
[WARNING PDN-0195] Removing 2 via(s) between met2 and met4 at (579.4000 um, 161.9000 um) for VDD
[WARNING PDN-0110] No via inserted between met2 and met4 at (580.5400, 160.3800) - (580.8600, 162.0700) on VDD
[WARNING PDN-0110] No via inserted between met2 and met4 at (662.1800, 209.3400) - (662.2800, 209.6600) on VDD
[WARNING PDN-0110] No via inserted between met2 and met4 at (675.7800, 170.5800) - (675.8500, 170.9000) on VSS
[WARNING PDN-0110] No via inserted between met2 and met4 at (675.7800, 171.9400) - (675.8500, 172.2600) on VSS
[WARNING PDN-0110] No via inserted between met2 and met4 at (675.7800, 174.6600) - (675.8500, 174.9800) on VSS
[WARNING PDN-0110] No via inserted between met2 and met4 at (675.7800, 176.0200) - (675.8500, 176.3400) on VSS
[WARNING PDN-0110] No via inserted between met2 and met4 at (675.7800, 177.3800) - (675.8500, 177.7000) on VSS
[WARNING PDN-0110] No via inserted between met2 and met4 at (675.7800, 178.7400) - (675.8500, 179.0600) on VSS
[WARNING PDN-0110] No via inserted between met2 and met4 at (689.3800, 201.1800) - (689.4200, 201.5000) on VDD
[INFO PDN-0500] Runtime: 0.60s
Design area 204950 um^2 49% utilization.
write_db /work/campaigns/iscas_sustainability_extension/memory_compiler/gate3_attempt06_replacement_sram_backend_qualification/raw/openroad/work/results/sky130hd/attempt06_u0/base/2_4_floorplan_pdn.odb
Elapsed time: 0:02.30[h:]min:sec. CPU time: user 1.52 sys 0.19 (74%). Peak memory: 138928KB.
Log                       Ext     Elapsed/s Peak Memory/MB sha1sum result [0:20)
2_4_floorplan_pdn         .odb            2            135 0ae80ded5c33b13d4138
cp /work/campaigns/iscas_sustainability_extension/memory_compiler/gate3_attempt06_replacement_sram_backend_qualification/raw/openroad/work/results/sky130hd/attempt06_u0/base/2_4_floorplan_pdn.odb /work/campaigns/iscas_sustainability_extension/memory_compiler/gate3_attempt06_replacement_sram_backend_qualification/raw/openroad/work/results/sky130hd/attempt06_u0/base/2_floorplan.odb
cp /work/campaigns/iscas_sustainability_extension/memory_compiler/gate3_attempt06_replacement_sram_backend_qualification/raw/openroad/work/results/sky130hd/attempt06_u0/base/2_1_floorplan.sdc /work/campaigns/iscas_sustainability_extension/memory_compiler/gate3_attempt06_replacement_sram_backend_qualification/raw/openroad/work/results/sky130hd/attempt06_u0/base/2_floorplan.sdc
/OpenROAD-flow-scripts/flow/scripts/flow.sh 3_1_place_gp_skip_io global_place_skip_io
Running global_place_skip_io.tcl, stage 3_1_place_gp_skip_io
read_liberty /OpenROAD-flow-scripts/flow/platforms/sky130hd/lib/sky130_fd_sc_hd__tt_025C_1v80.lib
read_liberty /work/campaigns/iscas_sustainability_extension/memory_compiler/gate3_attempt06_replacement_sram_backend_qualification/source_checkout/sram22_256x64m4w8/sram22_256x64m4w8_tt_025C_1v80.lib
read_db /work/campaigns/iscas_sustainability_extension/memory_compiler/gate3_attempt06_replacement_sram_backend_qualification/raw/openroad/work/results/sky130hd/attempt06_u0/base/2_floorplan.odb
read_sdc /work/campaigns/iscas_sustainability_extension/memory_compiler/gate3_attempt06_replacement_sram_backend_qualification/raw/openroad/work/results/sky130hd/attempt06_u0/base/2_floorplan.sdc
source /OpenROAD-flow-scripts/flow/platforms/sky130hd/setRC.tcl
global_placement -skip_io -density 0.35 -pad_left 0 -pad_right 0 -random_seed 1
[INFO GPL-0001] ---- Initialize GPL Main Data Structures
[INFO GPL-0002] DBU: 1000
[INFO GPL-0003] SiteSize: (  0.460  2.720 ) um
[INFO GPL-0004] CoreBBox: ( 10.120 10.880 ) ( 889.640 489.600 ) um
[INFO GPL-0016] Core area:                  421043.814 um^2
[INFO GPL-0036] Movable instances area:          0.000 um^2
[INFO GPL-0037] Total instances area:       208391.114 um^2
[INFO GPL-0035] Pin density area adjust:         0.000 um^2
[INFO GPL-0032] ---- Initialize Region: Top-level
[INFO GPL-0006] Number of instances:              3179
[INFO GPL-0007] Movable instances:                   0
[INFO GPL-0008] Fixed instances:                  2945
[INFO GPL-0009] Dummy instances:                   234
[INFO GPL-0010] Number of nets:                    148
[INFO GPL-0011] Number of pins:                    148
[INFO GPL-0012] Die BBox:       (  0.000  0.000 ) ( 900.000 500.000 ) um
[INFO GPL-0013] Placement BBox: ( 10.120 10.880 ) ( 889.640 489.600 ) um
[INFO GPL-0014] Region name: top-level.
[INFO GPL-0015] Region area:                421043.814 um^2
[INFO GPL-0017] Fixed instances area:       214414.390 um^2
[INFO GPL-0018] Movable instances area:          0.000 um^2
[INFO GPL-0019] Utilization:                     0.000 %
[INFO GPL-0020] Standard cells area:             0.000 um^2
[INFO GPL-0021] Large instances area:            0.000 um^2
[WARNING GPL-0123] No placeable instances in the top-level region. Removing it.
[INFO GPL-0005] ---- Execute Conjugate Gradient Initial Placement.
[INFO GPL-0051] Source of initial instance position counters:
	Odb location = 0	Core center = 0	Region center = 0
[WARNING GPL-0136] No placeable instances - skipping placement.
Design area 204950 um^2 49% utilization.
write_db /work/campaigns/iscas_sustainability_extension/memory_compiler/gate3_attempt06_replacement_sram_backend_qualification/raw/openroad/work/results/sky130hd/attempt06_u0/base/3_1_place_gp_skip_io.odb
Elapsed time: 0:01.59[h:]min:sec. CPU time: user 0.80 sys 0.20 (63%). Peak memory: 128748KB.
Log                       Ext     Elapsed/s Peak Memory/MB sha1sum result [0:20)
3_1_place_gp_skip_io      .odb            1            125 0ae80ded5c33b13d4138
/OpenROAD-flow-scripts/flow/scripts/flow.sh 3_2_place_iop io_placement
Running io_placement.tcl, stage 3_2_place_iop
read_liberty /OpenROAD-flow-scripts/flow/platforms/sky130hd/lib/sky130_fd_sc_hd__tt_025C_1v80.lib
read_liberty /work/campaigns/iscas_sustainability_extension/memory_compiler/gate3_attempt06_replacement_sram_backend_qualification/source_checkout/sram22_256x64m4w8/sram22_256x64m4w8_tt_025C_1v80.lib
read_db /work/campaigns/iscas_sustainability_extension/memory_compiler/gate3_attempt06_replacement_sram_backend_qualification/raw/openroad/work/results/sky130hd/attempt06_u0/base/3_1_place_gp_skip_io.odb
read_sdc /work/campaigns/iscas_sustainability_extension/memory_compiler/gate3_attempt06_replacement_sram_backend_qualification/raw/openroad/work/results/sky130hd/attempt06_u0/base/2_floorplan.sdc
source /OpenROAD-flow-scripts/flow/platforms/sky130hd/setRC.tcl
place_pins -hor_layers met3 -ver_layers met2
Found 1 macro blocks.
Using 2 tracks default min distance between IO pins.
[INFO PPL-0001] Number of available slots 2680
[INFO PPL-0002] Number of I/O             148
[INFO PPL-0003] Number of I/O w/sink      148
[INFO PPL-0004] Number of I/O w/o sink    0
[INFO PPL-0005] Slots per section         200
[INFO PPL-0008] Successfully assigned pins to sections.
[INFO PPL-0012] I/O nets HPWL: 3194.16 um.
Design area 204950 um^2 49% utilization.
write_db /work/campaigns/iscas_sustainability_extension/memory_compiler/gate3_attempt06_replacement_sram_backend_qualification/raw/openroad/work/results/sky130hd/attempt06_u0/base/3_2_place_iop.odb
Elapsed time: 0:01.56[h:]min:sec. CPU time: user 0.83 sys 0.16 (63%). Peak memory: 129464KB.
Log                       Ext     Elapsed/s Peak Memory/MB sha1sum result [0:20)
3_2_place_iop             .odb            1            126 ef04df7f9f9425f09552
/OpenROAD-flow-scripts/flow/scripts/flow.sh 3_3_place_gp global_place
Running global_place.tcl, stage 3_3_place_gp
read_liberty /OpenROAD-flow-scripts/flow/platforms/sky130hd/lib/sky130_fd_sc_hd__tt_025C_1v80.lib
read_liberty /work/campaigns/iscas_sustainability_extension/memory_compiler/gate3_attempt06_replacement_sram_backend_qualification/source_checkout/sram22_256x64m4w8/sram22_256x64m4w8_tt_025C_1v80.lib
read_db /work/campaigns/iscas_sustainability_extension/memory_compiler/gate3_attempt06_replacement_sram_backend_qualification/raw/openroad/work/results/sky130hd/attempt06_u0/base/3_2_place_iop.odb
read_sdc /work/campaigns/iscas_sustainability_extension/memory_compiler/gate3_attempt06_replacement_sram_backend_qualification/raw/openroad/work/results/sky130hd/attempt06_u0/base/2_floorplan.sdc
source /OpenROAD-flow-scripts/flow/platforms/sky130hd/setRC.tcl
[INFO RSZ-0026] Removed 0 buffers.
Perform port buffering...
[INFO RSZ-0027] Inserted 83 sky130_fd_sc_hd__clkdlybuf4s50_1 input buffers.
[INFO RSZ-0028] Inserted 64 sky130_fd_sc_hd__clkdlybuf4s50_1 output buffers.
global_placement -density 0.35 -pad_left 0 -pad_right 0 -routability_driven -random_seed 1 -timing_driven -force_center_initial_place -min_phi_coef 0.95 -max_phi_coef 1.05
[INFO GPL-0001] ---- Initialize GPL Main Data Structures
[INFO GPL-0002] DBU: 1000
[INFO GPL-0003] SiteSize: (  0.460  2.720 ) um
[INFO GPL-0004] CoreBBox: ( 10.120 10.880 ) ( 889.640 489.600 ) um
[INFO GPL-0016] Core area:                  421043.814 um^2
[INFO GPL-0036] Movable instances area:       1471.411 um^2
[INFO GPL-0037] Total instances area:       209862.525 um^2
[INFO GPL-0035] Pin density area adjust:         0.000 um^2
[INFO GPL-0032] ---- Initialize Region: Top-level
[INFO GPL-0006] Number of instances:              3326
[INFO GPL-0007] Movable instances:                 147
[INFO GPL-0008] Fixed instances:                  2945
[INFO GPL-0009] Dummy instances:                   234
[INFO GPL-0010] Number of nets:                    295
[INFO GPL-0011] Number of pins:                    590
[INFO GPL-0012] Die BBox:       (  0.000  0.000 ) ( 900.000 500.000 ) um
[INFO GPL-0013] Placement BBox: ( 10.120 10.880 ) ( 889.640 489.600 ) um
[INFO GPL-0014] Region name: top-level.
[INFO GPL-0015] Region area:                421043.814 um^2
[INFO GPL-0017] Fixed instances area:       214414.390 um^2
[INFO GPL-0018] Movable instances area:       1471.411 um^2
[INFO GPL-0019] Utilization:                     0.712 %
[INFO GPL-0020] Standard cells area:          1471.411 um^2
[INFO GPL-0021] Large instances area:            0.000 um^2
[INFO GPL-0005] ---- Execute Conjugate Gradient Initial Placement.
[INFO GPL-0051] Source of initial instance position counters:
	Odb location = 0	Core center = 147	Region center = 0
[InitialPlace]  Iter: 1 conjugate gradient residual: 0.00000011 HPWL: 149386210
[InitialPlace]  Iter: 2 conjugate gradient residual: 0.00000002 HPWL: 149375920
[InitialPlace]  Iter: 3 conjugate gradient residual: 0.00000008 HPWL: 149375920
[InitialPlace]  Iter: 4 conjugate gradient residual: 0.00000002 HPWL: 149375920
[InitialPlace]  Iter: 5 conjugate gradient residual: 0.00000002 HPWL: 149375920
[INFO GPL-0033] ---- Initialize Nesterov Region: Top-level
[INFO GPL-0023] Placement target density:       0.3500
[INFO GPL-0024] Movable insts average area:     10.010 um^2
[INFO GPL-0025] Ideal bin area:                 28.599 um^2
[INFO GPL-0026] Ideal bin count:                 14722
[INFO GPL-0027] Total bin area:             421043.814 um^2
[INFO GPL-0028] Bin count (X, Y):          64 ,     64
[INFO GPL-0029] Bin size (W * H):      13.742 *  7.480 um
[INFO GPL-0030] Number of bins:                   4096
[INFO GPL-0084] ---- Execute Nesterov Global Placement.
[INFO GPL-0031] HPWL: Half-Perimeter Wirelength
Iteration | Overflow |     HPWL (um) |  HPWL(%) |   Penalty | Group
---------------------------------------------------------------
        0 |   0.9999 |  3.599376e+03 |   +0.00% |  2.91e-16 |      
       10 |   0.9999 |  3.599376e+03 |   +0.00% |  4.73e-16 |      
       20 |   0.9999 |  3.599376e+03 |   +0.00% |  7.71e-16 |      
       30 |   0.9999 |  3.599376e+03 |   +0.00% |  1.26e-15 |      
       40 |   0.9999 |  3.599376e+03 |   +0.00% |  2.05e-15 |      
       50 |   0.9999 |  3.599376e+03 |   +0.00% |  3.33e-15 |      
       60 |   0.9999 |  3.599376e+03 |   +0.00% |  5.43e-15 |      
       70 |   0.9999 |  3.599376e+03 |   +0.00% |  8.84e-15 |      
       80 |   0.9999 |  3.599376e+03 |   +0.00% |  1.44e-14 |      
       90 |   0.9999 |  3.599376e+03 |   +0.00% |  2.35e-14 |      
      100 |   0.9999 |  3.599376e+03 |   +0.00% |  3.82e-14 |      
      110 |   0.9999 |  3.600704e+03 |   +0.04% |  6.22e-14 |      
      120 |   0.9999 |  3.606248e+03 |   +0.15% |  1.01e-13 |      
      130 |   0.9999 |  3.615638e+03 |   +0.26% |  1.65e-13 |      
      140 |   0.9999 |  3.630818e+03 |   +0.42% |  2.69e-13 |      
      150 |   0.9999 |  3.655142e+03 |   +0.67% |  4.38e-13 |      
      160 |   0.9999 |  3.690286e+03 |   +0.96% |  7.14e-13 |      
      170 |   0.9999 |  3.733004e+03 |   +1.16% |  1.16e-12 |      
      180 |   0.9999 |  3.789278e+03 |   +1.51% |  1.89e-12 |      
      190 |   0.9999 |  3.853996e+03 |   +1.71% |  3.08e-12 |      
      200 |   0.9999 |  3.915884e+03 |   +1.61% |  5.02e-12 |      
      210 |   0.9999 |  4.012800e+03 |   +2.47% |  8.18e-12 |      
      220 |   0.9999 |  4.317338e+03 |   +7.59% |  1.33e-11 |      
      230 |   0.9999 |  5.129290e+03 |  +18.81% |  2.17e-11 |      
      240 |   0.9999 |  5.782474e+03 |  +12.73% |  3.54e-11 |      
      250 |   0.9999 |  6.418568e+03 |  +11.00% |  5.76e-11 |      
      260 |   0.9999 |  6.058652e+03 |   -5.61% |  9.38e-11 |      
      270 |   0.9999 |  5.864920e+03 |   -3.20% |  1.53e-10 |      
      280 |   0.9999 |  5.061218e+03 |  -13.70% |  2.49e-10 |      
      290 |   0.9999 |  4.362480e+03 |  -13.81% |  4.05e-10 |      
      300 |   0.9999 |  4.219010e+03 |   -3.29% |  6.60e-10 |      
      310 |   0.9999 |  4.239856e+03 |   +0.49% |  1.08e-09 |      
      320 |   0.9999 |  4.409480e+03 |   +4.00% |  1.75e-09 |      
      330 |   0.9999 |  5.118522e+03 |  +16.08% |  2.85e-09 |      
      340 |   0.9999 |  6.251950e+03 |  +22.14% |  4.65e-09 |      
      350 |   0.9999 |  8.787954e+03 |  +40.56% |  7.57e-09 |      
      360 |   0.9999 |  1.288928e+04 |  +46.67% |  1.23e-08 |      
      370 |   0.9999 |  1.854180e+04 |  +43.85% |  2.01e-08 |      
      380 |   0.9999 |  2.607782e+04 |  +40.64% |  3.27e-08 |      
      390 |   0.9826 |  3.650179e+04 |  +39.97% |  5.31e-08 |      
      400 |   0.9083 |  5.013852e+04 |  +37.36% |  8.64e-08 |      
      410 |   0.7737 |  6.553949e+04 |  +30.72% |  1.41e-07 |      
      420 |   0.6310 |  8.129893e+04 |  +24.05% |  2.29e-07 |      
[INFO GPL-0100] Timing-driven iteration 1/2, virtual: false.
[INFO GPL-0101]    Iter: 421, overflow: 0.631, keep resizer changes at: 1, HPWL: 81298934
Iteration |   Area    | Resized | Buffers | Nets repaired | Remaining
---------------------------------------------------------------------
        0 |     +0.0% |       0 |       0 |             0 |       295
[WARNING RSZ-0170] Cannot repair slew on net net147 driven by u_data/dout[9]: driver resistance x repeater pin capacitance (1.37e-11) already meets or exceeds the slew budget (3.93e-10). Net left unrepaired on this segment.
[WARNING RSZ-0170] Cannot repair slew on net net146 driven by u_data/dout[8]: driver resistance x repeater pin capacitance (1.37e-11) already meets or exceeds the slew budget (3.93e-10). Net left unrepaired on this segment.
[WARNING RSZ-0170] Cannot repair slew on net net145 driven by u_data/dout[7]: driver resistance x repeater pin capacitance (1.37e-11) already meets or exceeds the slew budget (3.93e-10). Net left unrepaired on this segment.
[WARNING RSZ-0170] Cannot repair slew on net net144 driven by u_data/dout[6]: driver resistance x repeater pin capacitance (1.37e-11) already meets or exceeds the slew budget (3.93e-10). Net left unrepaired on this segment.
[WARNING RSZ-0170] Cannot repair slew on net net103 driven by u_data/dout[27]: driver resistance x repeater pin capacitance (1.37e-11) already meets or exceeds the slew budget (3.93e-10). Net left unrepaired on this segment.
[WARNING RSZ-0170] Cannot repair slew on net net101 driven by u_data/dout[25]: driver resistance x repeater pin capacitance (1.37e-11) already meets or exceeds the slew budget (3.93e-10). Net left unrepaired on this segment.
[WARNING RSZ-0170] Cannot repair slew on net net100 driven by u_data/dout[24]: driver resistance x repeater pin capacitance (1.37e-11) already meets or exceeds the slew budget (3.93e-10). Net left unrepaired on this segment.
[WARNING RSZ-0170] Cannot repair slew on net net99 driven by u_data/dout[23]: driver resistance x repeater pin capacitance (1.37e-11) already meets or exceeds the slew budget (3.93e-10). Net left unrepaired on this segment.
[WARNING RSZ-0170] Cannot repair slew on net net98 driven by u_data/dout[22]: driver resistance x repeater pin capacitance (1.37e-11) already meets or exceeds the slew budget (3.93e-10). Net left unrepaired on this segment.
[WARNING RSZ-0170] Cannot repair slew on net net97 driven by u_data/dout[21]: driver resistance x repeater pin capacitance (1.37e-11) already meets or exceeds the slew budget (3.93e-10). Net left unrepaired on this segment.
[WARNING RSZ-0170] Cannot repair slew on net net96 driven by u_data/dout[20]: driver resistance x repeater pin capacitance (1.37e-11) already meets or exceeds the slew budget (3.93e-10). Net left unrepaired on this segment.
[WARNING RSZ-0170] Cannot repair slew on net net94 driven by u_data/dout[19]: driver resistance x repeater pin capacitance (1.37e-11) already meets or exceeds the slew budget (3.93e-10). Net left unrepaired on this segment.
[WARNING RSZ-0170] Cannot repair slew on net net93 driven by u_data/dout[18]: driver resistance x repeater pin capacitance (1.37e-11) already meets or exceeds the slew budget (3.93e-10). Net left unrepaired on this segment.
[WARNING RSZ-0170] Cannot repair slew on net net92 driven by u_data/dout[17]: driver resistance x repeater pin capacitance (1.37e-11) already meets or exceeds the slew budget (3.93e-10). Net left unrepaired on this segment.
[WARNING RSZ-0170] Cannot repair slew on net net91 driven by u_data/dout[16]: driver resistance x repeater pin capacitance (1.37e-11) already meets or exceeds the slew budget (3.93e-10). Net left unrepaired on this segment.
[WARNING RSZ-0170] Cannot repair slew on net net90 driven by u_data/dout[15]: driver resistance x repeater pin capacitance (1.37e-11) already meets or exceeds the slew budget (3.93e-10). Net left unrepaired on this segment.
[WARNING RSZ-0170] Cannot repair slew on net net89 driven by u_data/dout[14]: driver resistance x repeater pin capacitance (1.37e-11) already meets or exceeds the slew budget (3.93e-10). Net left unrepaired on this segment.
[WARNING RSZ-0170] Cannot repair slew on net net88 driven by u_data/dout[13]: driver resistance x repeater pin capacitance (1.37e-11) already meets or exceeds the slew budget (3.93e-10). Net left unrepaired on this segment.
[WARNING RSZ-0170] Cannot repair slew on net net87 driven by u_data/dout[12]: driver resistance x repeater pin capacitance (1.37e-11) already meets or exceeds the slew budget (3.93e-10). Net left unrepaired on this segment.
[WARNING RSZ-0170] Cannot repair slew on net net86 driven by u_data/dout[11]: driver resistance x repeater pin capacitance (1.37e-11) already meets or exceeds the slew budget (3.93e-10). Net left unrepaired on this segment.
[WARNING RSZ-0170] Cannot repair slew on net net85 driven by u_data/dout[10]: driver resistance x repeater pin capacitance (1.37e-11) already meets or exceeds the slew budget (3.93e-10). Net left unrepaired on this segment.
    final |     +0.3% |      71 |     119 |           141 |         0
---------------------------------------------------------------------
[INFO RSZ-0034] Found 177 slew violations.
[INFO RSZ-0039] Resized 71 instances.
[INFO RSZ-0038] Inserted 119 buffers in 141 nets.
   Iter   |    Area   | Removed | Inserted |   Pins
          |           | Buffers | Buffers  | Remaining
-------------------------------------------------------
        0 |     +0.0% |       0 |        0 |       211
       21 |     +0.0% |       0 |        8 |       190
       42 |     +0.0% |       0 |       11 |       169
       63 |     +0.1% |       0 |       19 |       148
[WARNING RSZ-2005] cannot find a viable buffering solution on pin u_data/dout[9] after 1 rounds of buffering (no solution meets design rules)
[WARNING RSZ-2005] cannot find a viable buffering solution on pin u_data/dout[8] after 1 rounds of buffering (no solution meets design rules)
[WARNING RSZ-2005] cannot find a viable buffering solution on pin u_data/dout[7] after 1 rounds of buffering (no solution meets design rules)
[WARNING RSZ-2005] cannot find a viable buffering solution on pin u_data/dout[6] after 1 rounds of buffering (no solution meets design rules)
[WARNING RSZ-2005] cannot find a viable buffering solution on pin u_data/dout[63] after 1 rounds of buffering (no solution meets design rules)
[WARNING RSZ-2005] cannot find a viable buffering solution on pin u_data/dout[62] after 1 rounds of buffering (no solution meets design rules)
[WARNING RSZ-2005] cannot find a viable buffering solution on pin u_data/dout[61] after 1 rounds of buffering (no solution meets design rules)
[WARNING RSZ-2005] cannot find a viable buffering solution on pin u_data/dout[60] after 1 rounds of buffering (no solution meets design rules)
[WARNING RSZ-2005] cannot find a viable buffering solution on pin u_data/dout[5] after 1 rounds of buffering (no solution meets design rules)
[WARNING RSZ-2005] cannot find a viable buffering solution on pin u_data/dout[59] after 1 rounds of buffering (no solution meets design rules)
[WARNING RSZ-2005] cannot find a viable buffering solution on pin u_data/dout[58] after 1 rounds of buffering (no solution meets design rules)
[WARNING RSZ-2005] cannot find a viable buffering solution on pin u_data/dout[57] after 1 rounds of buffering (no solution meets design rules)
[WARNING RSZ-2005] cannot find a viable buffering solution on pin u_data/dout[56] after 1 rounds of buffering (no solution meets design rules)
[WARNING RSZ-2005] cannot find a viable buffering solution on pin u_data/dout[55] after 1 rounds of buffering (no solution meets design rules)
[WARNING RSZ-2005] cannot find a viable buffering solution on pin u_data/dout[54] after 1 rounds of buffering (no solution meets design rules)
[WARNING RSZ-2005] cannot find a viable buffering solution on pin u_data/dout[53] after 1 rounds of buffering (no solution meets design rules)
[WARNING RSZ-2005] cannot find a viable buffering solution on pin u_data/dout[52] after 1 rounds of buffering (no solution meets design rules)
[WARNING RSZ-2005] cannot find a viable buffering solution on pin u_data/dout[51] after 1 rounds of buffering (no solution meets design rules)
[WARNING RSZ-2005] cannot find a viable buffering solution on pin u_data/dout[50] after 1 rounds of buffering (no solution meets design rules)
[WARNING RSZ-2005] cannot find a viable buffering solution on pin u_data/dout[4] after 1 rounds of buffering (no solution meets design rules)
       84 |     +0.1% |       0 |       19 |       127
[WARNING RSZ-2005] cannot find a viable buffering solution on pin u_data/dout[49] after 1 rounds of buffering (no solution meets design rules)
[WARNING RSZ-2005] cannot find a viable buffering solution on pin u_data/dout[48] after 1 rounds of buffering (no solution meets design rules)
[WARNING RSZ-2005] cannot find a viable buffering solution on pin u_data/dout[47] after 1 rounds of buffering (no solution meets design rules)
[WARNING RSZ-2005] cannot find a viable buffering solution on pin u_data/dout[46] after 1 rounds of buffering (no solution meets design rules)
[WARNING RSZ-2005] cannot find a viable buffering solution on pin u_data/dout[45] after 1 rounds of buffering (no solution meets design rules)
[WARNING RSZ-2005] cannot find a viable buffering solution on pin u_data/dout[44] after 1 rounds of buffering (no solution meets design rules)
[WARNING RSZ-2005] cannot find a viable buffering solution on pin u_data/dout[43] after 1 rounds of buffering (no solution meets design rules)
[WARNING RSZ-2005] cannot find a viable buffering solution on pin u_data/dout[42] after 1 rounds of buffering (no solution meets design rules)
[WARNING RSZ-2005] cannot find a viable buffering solution on pin u_data/dout[41] after 1 rounds of buffering (no solution meets design rules)
[WARNING RSZ-2005] cannot find a viable buffering solution on pin u_data/dout[40] after 1 rounds of buffering (no solution meets design rules)
[WARNING RSZ-2005] cannot find a viable buffering solution on pin u_data/dout[3] after 1 rounds of buffering (no solution meets design rules)
[WARNING RSZ-2005] cannot find a viable buffering solution on pin u_data/dout[39] after 1 rounds of buffering (no solution meets design rules)
[WARNING RSZ-2005] cannot find a viable buffering solution on pin u_data/dout[38] after 1 rounds of buffering (no solution meets design rules)
[WARNING RSZ-2005] cannot find a viable buffering solution on pin u_data/dout[37] after 1 rounds of buffering (no solution meets design rules)
[WARNING RSZ-2005] cannot find a viable buffering solution on pin u_data/dout[36] after 1 rounds of buffering (no solution meets design rules)
[WARNING RSZ-2005] cannot find a viable buffering solution on pin u_data/dout[35] after 1 rounds of buffering (no solution meets design rules)
[WARNING RSZ-2005] cannot find a viable buffering solution on pin u_data/dout[34] after 1 rounds of buffering (no solution meets design rules)
[WARNING RSZ-2005] cannot find a viable buffering solution on pin u_data/dout[33] after 1 rounds of buffering (no solution meets design rules)
[WARNING RSZ-2005] cannot find a viable buffering solution on pin u_data/dout[32] after 1 rounds of buffering (no solution meets design rules)
[WARNING RSZ-2005] cannot find a viable buffering solution on pin u_data/dout[31] after 1 rounds of buffering (no solution meets design rules)
[WARNING RSZ-2005] cannot find a viable buffering solution on pin u_data/dout[30] after 1 rounds of buffering (no solution meets design rules)
      105 |     +0.1% |       0 |       19 |       106
[WARNING RSZ-2005] cannot find a viable buffering solution on pin u_data/dout[2] after 1 rounds of buffering (no solution meets design rules)
[WARNING RSZ-2005] cannot find a viable buffering solution on pin u_data/dout[29] after 1 rounds of buffering (no solution meets design rules)
[WARNING RSZ-2005] cannot find a viable buffering solution on pin u_data/dout[28] after 1 rounds of buffering (no solution meets design rules)
[WARNING RSZ-2005] cannot find a viable buffering solution on pin u_data/dout[27] after 1 rounds of buffering (no solution meets design rules)
[WARNING RSZ-2005] cannot find a viable buffering solution on pin u_data/dout[26] after 1 rounds of buffering (no solution meets design rules)
[WARNING RSZ-2005] cannot find a viable buffering solution on pin u_data/dout[25] after 1 rounds of buffering (no solution meets design rules)
[WARNING RSZ-2005] cannot find a viable buffering solution on pin u_data/dout[24] after 1 rounds of buffering (no solution meets design rules)
[WARNING RSZ-2005] cannot find a viable buffering solution on pin u_data/dout[23] after 1 rounds of buffering (no solution meets design rules)
[WARNING RSZ-2005] cannot find a viable buffering solution on pin u_data/dout[22] after 1 rounds of buffering (no solution meets design rules)
[WARNING RSZ-2005] cannot find a viable buffering solution on pin u_data/dout[21] after 1 rounds of buffering (no solution meets design rules)
[WARNING RSZ-2005] cannot find a viable buffering solution on pin u_data/dout[20] after 1 rounds of buffering (no solution meets design rules)
[WARNING RSZ-2005] cannot find a viable buffering solution on pin u_data/dout[1] after 1 rounds of buffering (no solution meets design rules)
[WARNING RSZ-2005] cannot find a viable buffering solution on pin u_data/dout[19] after 1 rounds of buffering (no solution meets design rules)
[WARNING RSZ-2005] cannot find a viable buffering solution on pin u_data/dout[18] after 1 rounds of buffering (no solution meets design rules)
[WARNING RSZ-2005] cannot find a viable buffering solution on pin u_data/dout[17] after 1 rounds of buffering (no solution meets design rules)
[WARNING RSZ-2005] cannot find a viable buffering solution on pin u_data/dout[16] after 1 rounds of buffering (no solution meets design rules)
[WARNING RSZ-2005] cannot find a viable buffering solution on pin u_data/dout[15] after 1 rounds of buffering (no solution meets design rules)
[WARNING RSZ-2005] cannot find a viable buffering solution on pin u_data/dout[14] after 1 rounds of buffering (no solution meets design rules)
[WARNING RSZ-2005] cannot find a viable buffering solution on pin u_data/dout[13] after 1 rounds of buffering (no solution meets design rules)
[WARNING RSZ-2005] cannot find a viable buffering solution on pin u_data/dout[12] after 1 rounds of buffering (no solution meets design rules)
[WARNING RSZ-2005] cannot find a viable buffering solution on pin u_data/dout[11] after 1 rounds of buffering (no solution meets design rules)
      126 |     +0.1% |       0 |       19 |        85
[WARNING RSZ-2005] cannot find a viable buffering solution on pin u_data/dout[10] after 1 rounds of buffering (no solution meets design rules)
[WARNING RSZ-2005] cannot find a viable buffering solution on pin u_data/dout[0] after 1 rounds of buffering (no solution meets design rules)
[WARNING RSZ-2009] Skipping buffering because no valid buffering solution satisfying the design rules can be found for net connected to pin input74/X.
[WARNING RSZ-2005] cannot find a viable buffering solution on pin input74/X after 1 rounds of buffering (no solution meets design rules)
      147 |     +0.1% |      16 |       35 |        64
      168 |     +0.1% |      33 |       50 |        43
      189 |     +0.0% |      54 |       71 |        22
      210 |     -0.0% |      75 |       92 |         1
    final |     -0.0% |      76 |       93 |         0
-------------------------------------------------------
[INFO GPL-0106] Timing-driven: worst slack 5.131448e-09
[INFO GPL-0107] Timing-driven: repair_design delta area: 568.045 um^2 (+38.61%)
[INFO GPL-0108] Timing-driven: repair_design, gpl delta gcells: 136 (+92.52%)
[INFO GPL-0109] Timing-driven: repair_design, gcells created: 212, deleted: 76
[INFO GPL-0110] Timing-driven: new target density: 0.35274908
[INFO GPL-0038] Routability snapshot saved at iter = 424
      423 |   0.5996 |  8.844263e+04 |          |           |      
Iteration | Overflow |     HPWL (um) |  HPWL(%) |   Penalty | Group
---------------------------------------------------------------
      430 |   0.4471 |  1.052912e+05 |  +29.51% |  3.71e-07 |      
      440 |   0.3174 |  1.200272e+05 |  +14.00% |  5.92e-07 |      
[INFO GPL-0040] Routability iteration: 1
[INFO GPL-0041] Total routing overflow: 80.7859
[INFO GPL-0042] Number of overflowed tiles: 314 (3.35%)
[INFO GPL-0043] Average top 0.5% routing congestion: 1.7307
[INFO GPL-0044] Average top 1.0% routing congestion: 1.5752
[INFO GPL-0045] Average top 2.0% routing congestion: 1.3955
[INFO GPL-0046] Average top 5.0% routing congestion: 1.1578
[INFO GPL-0047] Routability iteration weighted routing congestion: 1.6530
[INFO GPL-0048] Routing congestion (1.6530) lower than previous minimum (1e+30). Updating minimum.
[INFO GPL-0086] Inflated area:                 156.975 um^2 (+7.70%)
[INFO GPL-0052] Placement target density:       0.3527
[INFO GPL-0076] Removing fillers, count: Before: 7078, After: 7063 (-0.21%)
[INFO GPL-0077] Filler area (um^2)     : Before: 70848.884, After: 70697.805 (-0.21%)
[INFO GPL-0078] Removed fillers count: 15, area removed: 150.144 um^2. Remaining area to be compensated by modifying density: 6.831 um^2
[INFO GPL-0058] White space area:           206629.424 um^2 (+0.00%)
[INFO GPL-0059] Movable instances area:      72888.336 um^2 (+0.00%)
[INFO GPL-0060] Total filler area:           70697.805 um^2 (-0.21%)
[INFO GPL-0061] Total non-inflated area:     72894.236 um^2 (+0.01%)
[INFO GPL-0062] Total inflated area:         73051.211 um^2 (+0.01%)
[INFO GPL-0063] New Target Density:             0.3527
[INFO GPL-0087] Routability end iteration: increase inflation and revert back to snapshot.
Iteration | Overflow |     HPWL (um) |  HPWL(%) |   Penalty | Group
---------------------------------------------------------------
      450 |   0.4176 |  1.103315e+05 |   -8.08% |  3.78e-07 |      
[INFO GPL-0040] Routability iteration: 2
[INFO GPL-0041] Total routing overflow: 79.7972
[INFO GPL-0042] Number of overflowed tiles: 307 (3.28%)
[INFO GPL-0043] Average top 0.5% routing congestion: 1.6924
[INFO GPL-0044] Average top 1.0% routing congestion: 1.5605
[INFO GPL-0045] Average top 2.0% routing congestion: 1.3920
[INFO GPL-0046] Average top 5.0% routing congestion: 1.1554
[INFO GPL-0047] Routability iteration weighted routing congestion: 1.6265
[INFO GPL-0048] Routing congestion (1.6265) lower than previous minimum (1.653). Updating minimum.
[INFO GPL-0086] Inflated area:                  75.236 um^2 (+3.43%)
[INFO GPL-0052] Placement target density:       0.3527
[INFO GPL-0076] Removing fillers, count: Before: 7063, After: 7056 (-0.10%)
[INFO GPL-0077] Filler area (um^2)     : Before: 70697.805, After: 70627.738 (-0.10%)
[INFO GPL-0078] Removed fillers count: 7, area removed: 70.067 um^2. Remaining area to be compensated by modifying density: 5.169 um^2
[INFO GPL-0058] White space area:           206629.424 um^2 (+0.00%)
[INFO GPL-0059] Movable instances area:      72888.336 um^2 (+0.00%)
[INFO GPL-0060] Total filler area:           70627.738 um^2 (-0.10%)
[INFO GPL-0061] Total non-inflated area:     72899.405 um^2 (+0.01%)
[INFO GPL-0062] Total inflated area:         72974.641 um^2 (+0.01%)
[INFO GPL-0063] New Target Density:             0.3527
[INFO GPL-0087] Routability end iteration: increase inflation and revert back to snapshot.
Iteration | Overflow |     HPWL (um) |  HPWL(%) |   Penalty | Group
---------------------------------------------------------------
      460 |   0.5643 |  9.408241e+04 |  -14.73% |  2.88e-07 |      
      470 |   0.3641 |  1.162676e+05 |  +23.58% |  4.24e-07 |      
[INFO GPL-0040] Routability iteration: 3
[INFO GPL-0041] Total routing overflow: 77.7347
[INFO GPL-0042] Number of overflowed tiles: 299 (3.19%)
[INFO GPL-0043] Average top 0.5% routing congestion: 1.6498
[INFO GPL-0044] Average top 1.0% routing congestion: 1.5372
[INFO GPL-0045] Average top 2.0% routing congestion: 1.3799
[INFO GPL-0046] Average top 5.0% routing congestion: 1.1518
[INFO GPL-0047] Routability iteration weighted routing congestion: 1.5935
[INFO GPL-0048] Routing congestion (1.5935) lower than previous minimum (1.626). Updating minimum.
[INFO GPL-0086] Inflated area:                  64.462 um^2 (+2.84%)
[INFO GPL-0052] Placement target density:       0.3527
[INFO GPL-0076] Removing fillers, count: Before: 7056, After: 7050 (-0.09%)
[INFO GPL-0077] Filler area (um^2)     : Before: 70627.738, After: 70567.680 (-0.09%)
[INFO GPL-0078] Removed fillers count: 6, area removed: 60.058 um^2. Remaining area to be compensated by modifying density: 4.404 um^2
[INFO GPL-0058] White space area:           206629.424 um^2 (+0.00%)
[INFO GPL-0059] Movable instances area:      72888.336 um^2 (+0.00%)
[INFO GPL-0060] Total filler area:           70567.680 um^2 (-0.09%)
[INFO GPL-0061] Total non-inflated area:     72903.809 um^2 (+0.01%)
[INFO GPL-0062] Total inflated area:         72968.270 um^2 (+0.01%)
[INFO GPL-0063] New Target Density:             0.3527
[INFO GPL-0087] Routability end iteration: increase inflation and revert back to snapshot.
Iteration | Overflow |     HPWL (um) |  HPWL(%) |   Penalty | Group
---------------------------------------------------------------
      480 |   0.4922 |  1.059221e+05 |   -8.90% |  3.36e-07 |      
      490 |   0.2767 |  1.229994e+05 |  +16.12% |  4.95e-07 |      
[INFO GPL-0040] Routability iteration: 4
[INFO GPL-0041] Total routing overflow: 78.0727
[INFO GPL-0042] Number of overflowed tiles: 302 (3.23%)
[INFO GPL-0043] Average top 0.5% routing congestion: 1.6556
[INFO GPL-0044] Average top 1.0% routing congestion: 1.5411
[INFO GPL-0045] Average top 2.0% routing congestion: 1.3820
[INFO GPL-0046] Average top 5.0% routing congestion: 1.1524
[INFO GPL-0047] Routability iteration weighted routing congestion: 1.5984
[INFO GPL-0049] Routing congestion (1.5984) higher than minimum (1.5935). Consecutive non-improvement count: 1.
[INFO GPL-0086] Inflated area:                  25.191 um^2 (+1.08%)
[INFO GPL-0052] Placement target density:       0.3527
[INFO GPL-0076] Removing fillers, count: Before: 7050, After: 7048 (-0.03%)
[INFO GPL-0077] Filler area (um^2)     : Before: 70567.680, After: 70547.661 (-0.03%)
[INFO GPL-0078] Removed fillers count: 2, area removed: 20.019 um^2. Remaining area to be compensated by modifying density: 5.172 um^2
[INFO GPL-0058] White space area:           206629.424 um^2 (+0.00%)
[INFO GPL-0059] Movable instances area:      72888.336 um^2 (+0.00%)
[INFO GPL-0060] Total filler area:           70547.661 um^2 (-0.03%)
[INFO GPL-0061] Total non-inflated area:     72908.981 um^2 (+0.01%)
[INFO GPL-0062] Total inflated area:         72934.172 um^2 (+0.01%)
[INFO GPL-0063] New Target Density:             0.3527
[INFO GPL-0087] Routability end iteration: increase inflation and revert back to snapshot.
Iteration | Overflow |     HPWL (um) |  HPWL(%) |   Penalty | Group
---------------------------------------------------------------
      500 |   0.4036 |  1.146202e+05 |   -6.81% |  3.92e-07 |      
[INFO GPL-0040] Routability iteration: 5
[INFO GPL-0041] Total routing overflow: 78.2169
[INFO GPL-0042] Number of overflowed tiles: 303 (3.24%)
[INFO GPL-0043] Average top 0.5% routing congestion: 1.6554
[INFO GPL-0044] Average top 1.0% routing congestion: 1.5412
[INFO GPL-0045] Average top 2.0% routing congestion: 1.3820
[INFO GPL-0046] Average top 5.0% routing congestion: 1.1525
[INFO GPL-0047] Routability iteration weighted routing congestion: 1.5983
[INFO GPL-0049] Routing congestion (1.5983) higher than minimum (1.5935). Consecutive non-improvement count: 2.
[INFO GPL-0086] Inflated area:                  49.579 um^2 (+2.10%)
[INFO GPL-0052] Placement target density:       0.3527
[INFO GPL-0076] Removing fillers, count: Before: 7048, After: 7044 (-0.06%)
[INFO GPL-0077] Filler area (um^2)     : Before: 70547.661, After: 70507.622 (-0.06%)
[INFO GPL-0078] Removed fillers count: 4, area removed: 40.038 um^2. Remaining area to be compensated by modifying density: 9.540 um^2
[INFO GPL-0058] White space area:           206629.424 um^2 (+0.00%)
[INFO GPL-0059] Movable instances area:      72888.336 um^2 (+0.00%)
[INFO GPL-0060] Total filler area:           70507.622 um^2 (-0.06%)
[INFO GPL-0061] Total non-inflated area:     72918.521 um^2 (+0.01%)
[INFO GPL-0062] Total inflated area:         72968.100 um^2 (+0.01%)
[INFO GPL-0063] New Target Density:             0.3527
[INFO GPL-0087] Routability end iteration: increase inflation and revert back to snapshot.
Iteration | Overflow |     HPWL (um) |  HPWL(%) |   Penalty | Group
---------------------------------------------------------------
      510 |   0.5333 |  1.008042e+05 |  -12.05% |  3.12e-07 |      
      520 |   0.3257 |  1.219439e+05 |  +20.97% |  4.58e-07 |      
[INFO GPL-0040] Routability iteration: 6
[INFO GPL-0041] Total routing overflow: 77.2043
[INFO GPL-0042] Number of overflowed tiles: 300 (3.21%)
[INFO GPL-0043] Average top 0.5% routing congestion: 1.6294
[INFO GPL-0044] Average top 1.0% routing congestion: 1.5222
[INFO GPL-0045] Average top 2.0% routing congestion: 1.3752
[INFO GPL-0046] Average top 5.0% routing congestion: 1.1500
[INFO GPL-0047] Routability iteration weighted routing congestion: 1.5758
[INFO GPL-0048] Routing congestion (1.5758) lower than previous minimum (1.593). Updating minimum.
[INFO GPL-0086] Inflated area:                  36.305 um^2 (+1.51%)
[INFO GPL-0052] Placement target density:       0.3527
[INFO GPL-0076] Removing fillers, count: Before: 7044, After: 7041 (-0.04%)
[INFO GPL-0077] Filler area (um^2)     : Before: 70507.622, After: 70477.594 (-0.04%)
[INFO GPL-0078] Removed fillers count: 3, area removed: 30.029 um^2. Remaining area to be compensated by modifying density: 6.276 um^2
[INFO GPL-0058] White space area:           206629.424 um^2 (+0.00%)
[INFO GPL-0059] Movable instances area:      72888.336 um^2 (+0.00%)
[INFO GPL-0060] Total filler area:           70477.594 um^2 (-0.04%)
[INFO GPL-0061] Total non-inflated area:     72924.798 um^2 (+0.01%)
[INFO GPL-0062] Total inflated area:         72961.103 um^2 (+0.01%)
[INFO GPL-0063] New Target Density:             0.3527
[INFO GPL-0087] Routability end iteration: increase inflation and revert back to snapshot.
Iteration | Overflow |     HPWL (um) |  HPWL(%) |   Penalty | Group
---------------------------------------------------------------
      530 |   0.4220 |  1.132648e+05 |   -7.12% |  3.78e-07 |      
[INFO GPL-0040] Routability iteration: 7
[INFO GPL-0041] Total routing overflow: 78.8381
[INFO GPL-0042] Number of overflowed tiles: 304 (3.25%)
[INFO GPL-0043] Average top 0.5% routing congestion: 1.6601
[INFO GPL-0044] Average top 1.0% routing congestion: 1.5362
[INFO GPL-0045] Average top 2.0% routing congestion: 1.3823
[INFO GPL-0046] Average top 5.0% routing congestion: 1.1540
[INFO GPL-0047] Routability iteration weighted routing congestion: 1.5982
[INFO GPL-0049] Routing congestion (1.5982) higher than minimum (1.5758). Consecutive non-improvement count: 1.
[INFO GPL-0086] Inflated area:                  46.024 um^2 (+1.88%)
[INFO GPL-0052] Placement target density:       0.3527
[INFO GPL-0076] Removing fillers, count: Before: 7041, After: 7037 (-0.06%)
[INFO GPL-0077] Filler area (um^2)     : Before: 70477.594, After: 70437.555 (-0.06%)
[INFO GPL-0078] Removed fillers count: 4, area removed: 40.038 um^2. Remaining area to be compensated by modifying density: 5.986 um^2
[INFO GPL-0058] White space area:           206629.424 um^2 (+0.00%)
[INFO GPL-0059] Movable instances area:      72888.336 um^2 (+0.00%)
[INFO GPL-0060] Total filler area:           70437.555 um^2 (-0.06%)
[INFO GPL-0061] Total non-inflated area:     72930.783 um^2 (+0.01%)
[INFO GPL-0062] Total inflated area:         72976.808 um^2 (+0.01%)
[INFO GPL-0063] New Target Density:             0.3527
[INFO GPL-0087] Routability end iteration: increase inflation and revert back to snapshot.
Iteration | Overflow |     HPWL (um) |  HPWL(%) |   Penalty | Group
---------------------------------------------------------------
      540 |   0.5413 |  9.784461e+04 |  -13.61% |  3.00e-07 |      
      550 |   0.3540 |  1.204496e+05 |  +23.10% |  4.41e-07 |      
[INFO GPL-0040] Routability iteration: 8
[INFO GPL-0041] Total routing overflow: 77.2311
[INFO GPL-0042] Number of overflowed tiles: 306 (3.27%)
[INFO GPL-0043] Average top 0.5% routing congestion: 1.6216
[INFO GPL-0044] Average top 1.0% routing congestion: 1.5144
[INFO GPL-0045] Average top 2.0% routing congestion: 1.3717
[INFO GPL-0046] Average top 5.0% routing congestion: 1.1514
[INFO GPL-0047] Routability iteration weighted routing congestion: 1.5680
[INFO GPL-0048] Routing congestion (1.5680) lower than previous minimum (1.576). Updating minimum.
[INFO GPL-0086] Inflated area:                  21.777 um^2 (+0.87%)
[INFO GPL-0052] Placement target density:       0.3527
[INFO GPL-0076] Removing fillers, count: Before: 7037, After: 7035 (-0.03%)
[INFO GPL-0077] Filler area (um^2)     : Before: 70437.555, After: 70417.536 (-0.03%)
[INFO GPL-0078] Removed fillers count: 2, area removed: 20.019 um^2. Remaining area to be compensated by modifying density: 1.758 um^2
[INFO GPL-0058] White space area:           206629.424 um^2 (+0.00%)
[INFO GPL-0059] Movable instances area:      72888.336 um^2 (+0.00%)
[INFO GPL-0060] Total filler area:           70417.536 um^2 (-0.03%)
[INFO GPL-0061] Total non-inflated area:     72932.541 um^2 (+0.00%)
[INFO GPL-0062] Total inflated area:         72954.318 um^2 (+0.00%)
[INFO GPL-0063] New Target Density:             0.3527
[INFO GPL-0087] Routability end iteration: increase inflation and revert back to snapshot.
Iteration | Overflow |     HPWL (um) |  HPWL(%) |   Penalty | Group
---------------------------------------------------------------
      560 |   0.4392 |  1.113581e+05 |   -7.55% |  3.63e-07 |      
[INFO GPL-0040] Routability iteration: 9
[INFO GPL-0041] Total routing overflow: 77.5961
[INFO GPL-0042] Number of overflowed tiles: 312 (3.33%)
[INFO GPL-0043] Average top 0.5% routing congestion: 1.6202
[INFO GPL-0044] Average top 1.0% routing congestion: 1.5126
[INFO GPL-0045] Average top 2.0% routing congestion: 1.3728
[INFO GPL-0046] Average top 5.0% routing congestion: 1.1526
[INFO GPL-0047] Routability iteration weighted routing congestion: 1.5664
[INFO GPL-0048] Routing congestion (1.5664) lower than previous minimum (1.568). Updating minimum.
[INFO GPL-0086] Inflated area:                  38.583 um^2 (+1.53%)
[INFO GPL-0052] Placement target density:       0.3527
[INFO GPL-0076] Removing fillers, count: Before: 7035, After: 7032 (-0.04%)
[INFO GPL-0077] Filler area (um^2)     : Before: 70417.536, After: 70387.507 (-0.04%)
[INFO GPL-0078] Removed fillers count: 3, area removed: 30.029 um^2. Remaining area to be compensated by modifying density: 8.554 um^2
[INFO GPL-0058] White space area:           206629.424 um^2 (+0.00%)
[INFO GPL-0059] Movable instances area:      72888.336 um^2 (+0.00%)
[INFO GPL-0060] Total filler area:           70387.507 um^2 (-0.04%)
[INFO GPL-0061] Total non-inflated area:     72941.095 um^2 (+0.01%)
[INFO GPL-0062] Total inflated area:         72979.678 um^2 (+0.01%)
[INFO GPL-0063] New Target Density:             0.3527
[INFO GPL-0087] Routability end iteration: increase inflation and revert back to snapshot.
Iteration | Overflow |     HPWL (um) |  HPWL(%) |   Penalty | Group
---------------------------------------------------------------
      570 |   0.5367 |  9.810493e+04 |  -11.90% |  3.00e-07 |      
      580 |   0.3538 |  1.210385e+05 |  +23.38% |  4.41e-07 |      
[INFO GPL-0040] Routability iteration: 10
[INFO GPL-0041] Total routing overflow: 77.9030
[INFO GPL-0042] Number of overflowed tiles: 312 (3.33%)
[INFO GPL-0043] Average top 0.5% routing congestion: 1.6313
[INFO GPL-0044] Average top 1.0% routing congestion: 1.5193
[INFO GPL-0045] Average top 2.0% routing congestion: 1.3742
[INFO GPL-0046] Average top 5.0% routing congestion: 1.1535
[INFO GPL-0047] Routability iteration weighted routing congestion: 1.5753
[INFO GPL-0049] Routing congestion (1.5753) higher than minimum (1.5664). Consecutive non-improvement count: 1.
[INFO GPL-0086] Inflated area:                  44.725 um^2 (+1.75%)
[INFO GPL-0052] Placement target density:       0.3527
[INFO GPL-0076] Removing fillers, count: Before: 7032, After: 7028 (-0.06%)
[INFO GPL-0077] Filler area (um^2)     : Before: 70387.507, After: 70347.469 (-0.06%)
[INFO GPL-0078] Removed fillers count: 4, area removed: 40.038 um^2. Remaining area to be compensated by modifying density: 4.687 um^2
[INFO GPL-0058] White space area:           206629.424 um^2 (+0.00%)
[INFO GPL-0059] Movable instances area:      72888.336 um^2 (+0.00%)
[INFO GPL-0060] Total filler area:           70347.469 um^2 (-0.06%)
[INFO GPL-0061] Total non-inflated area:     72945.782 um^2 (+0.01%)
[INFO GPL-0062] Total inflated area:         72990.507 um^2 (+0.01%)
[INFO GPL-0063] New Target Density:             0.3527
[INFO GPL-0087] Routability end iteration: increase inflation and revert back to snapshot.
Iteration | Overflow |     HPWL (um) |  HPWL(%) |   Penalty | Group
---------------------------------------------------------------
      590 |   0.4454 |  1.115233e+05 |   -7.86% |  3.63e-07 |      
[INFO GPL-0040] Routability iteration: 11
[INFO GPL-0041] Total routing overflow: 78.6623
[INFO GPL-0042] Number of overflowed tiles: 309 (3.30%)
[INFO GPL-0043] Average top 0.5% routing congestion: 1.6609
[INFO GPL-0044] Average top 1.0% routing congestion: 1.5333
[INFO GPL-0045] Average top 2.0% routing congestion: 1.3779
[INFO GPL-0046] Average top 5.0% routing congestion: 1.1548
[INFO GPL-0047] Routability iteration weighted routing congestion: 1.5971
[INFO GPL-0049] Routing congestion (1.5971) higher than minimum (1.5664). Consecutive non-improvement count: 2.
[INFO GPL-0086] Inflated area:                  25.003 um^2 (+0.96%)
[INFO GPL-0052] Placement target density:       0.3527
[INFO GPL-0076] Removing fillers, count: Before: 7028, After: 7026 (-0.03%)
[INFO GPL-0077] Filler area (um^2)     : Before: 70347.469, After: 70327.450 (-0.03%)
[INFO GPL-0078] Removed fillers count: 2, area removed: 20.019 um^2. Remaining area to be compensated by modifying density: 4.983 um^2
[INFO GPL-0058] White space area:           206629.424 um^2 (+0.00%)
[INFO GPL-0059] Movable instances area:      72888.336 um^2 (+0.00%)
[INFO GPL-0060] Total filler area:           70327.450 um^2 (-0.03%)
[INFO GPL-0061] Total non-inflated area:     72950.765 um^2 (+0.01%)
[INFO GPL-0062] Total inflated area:         72975.768 um^2 (+0.01%)
[INFO GPL-0063] New Target Density:             0.3527
[INFO GPL-0087] Routability end iteration: increase inflation and revert back to snapshot.
Iteration | Overflow |     HPWL (um) |  HPWL(%) |   Penalty | Group
---------------------------------------------------------------
      600 |   0.5229 |  9.829851e+04 |  -11.86% |  3.00e-07 |      
      610 |   0.3485 |  1.205991e+05 |  +22.69% |  4.41e-07 |      
[INFO GPL-0040] Routability iteration: 12
[INFO GPL-0041] Total routing overflow: 78.0185
[INFO GPL-0042] Number of overflowed tiles: 311 (3.32%)
[INFO GPL-0043] Average top 0.5% routing congestion: 1.6390
[INFO GPL-0044] Average top 1.0% routing congestion: 1.5234
[INFO GPL-0045] Average top 2.0% routing congestion: 1.3723
[INFO GPL-0046] Average top 5.0% routing congestion: 1.1539
[INFO GPL-0047] Routability iteration weighted routing congestion: 1.5812
[INFO GPL-0049] Routing congestion (1.5812) higher than minimum (1.5664). Consecutive non-improvement count: 3.
[INFO GPL-0086] Inflated area:                  32.783 um^2 (+1.25%)
[INFO GPL-0052] Placement target density:       0.3527
[INFO GPL-0076] Removing fillers, count: Before: 7026, After: 7023 (-0.04%)
[INFO GPL-0077] Filler area (um^2)     : Before: 70327.450, After: 70297.421 (-0.04%)
[INFO GPL-0078] Removed fillers count: 3, area removed: 30.029 um^2. Remaining area to be compensated by modifying density: 2.754 um^2
[INFO GPL-0054] No improvement in routing congestion for 3 consecutive iterations (limit is 3).
[INFO GPL-0055] Reverting inflation values and target density from the iteration with minimum observed routing congestion.
[INFO GPL-0056] Minimum observed routing congestion: 1.5664
[INFO GPL-0057] Target density at minimum routing congestion: 0.3527
[INFO GPL-0080] Restoring 12 previously removed fillers.
[INFO GPL-0081] Number of fillers before restoration 7023 and after 7035 . Relative change: +0.17%%
[INFO GPL-0082] Total filler area before restoration 70297.42 and after 70417.54 (um^2). Relative change: +0.17%%
[INFO GPL-0089] Routability finished. Reverting to minimal observed routing congestion, could not reach target.
Iteration | Overflow |     HPWL (um) |  HPWL(%) |   Penalty | Group
---------------------------------------------------------------
      620 |   0.4241 |  1.102967e+05 |   -8.54% |  3.63e-07 |      
      630 |   0.2572 |  1.227400e+05 |  +11.28% |  5.35e-07 |      
[INFO GPL-0100] Timing-driven iteration 2/2, virtual: false.
[INFO GPL-0101]    Iter: 635, overflow: 0.183, keep resizer changes at: 1, HPWL: 122340464
Iteration |   Area    | Resized | Buffers | Nets repaired | Remaining
---------------------------------------------------------------------
        0 |     +0.0% |       0 |       0 |             0 |       431
[WARNING RSZ-0170] Cannot repair slew on net net147 driven by u_data/dout[9]: driver resistance x repeater pin capacitance (1.37e-11) already meets or exceeds the slew budget (3.93e-10). Net left unrepaired on this segment.
[WARNING RSZ-0170] Cannot repair slew on net net146 driven by u_data/dout[8]: driver resistance x repeater pin capacitance (1.37e-11) already meets or exceeds the slew budget (3.93e-10). Net left unrepaired on this segment.
[WARNING RSZ-0170] Cannot repair slew on net net145 driven by u_data/dout[7]: driver resistance x repeater pin capacitance (1.37e-11) already meets or exceeds the slew budget (3.93e-10). Net left unrepaired on this segment.
[WARNING RSZ-0170] Cannot repair slew on net net144 driven by u_data/dout[6]: driver resistance x repeater pin capacitance (1.37e-11) already meets or exceeds the slew budget (3.93e-10). Net left unrepaired on this segment.
[WARNING RSZ-0170] Cannot repair slew on net net128 driven by u_data/dout[4]: driver resistance x repeater pin capacitance (1.37e-11) already meets or exceeds the slew budget (3.93e-10). Net left unrepaired on this segment.
[WARNING RSZ-0170] Cannot repair slew on net net125 driven by u_data/dout[47]: driver resistance x repeater pin capacitance (1.37e-11) already meets or exceeds the slew budget (3.93e-10). Net left unrepaired on this segment.
[WARNING RSZ-0170] Cannot repair slew on net net124 driven by u_data/dout[46]: driver resistance x repeater pin capacitance (1.37e-11) already meets or exceeds the slew budget (3.93e-10). Net left unrepaired on this segment.
[WARNING RSZ-0170] Cannot repair slew on net net120 driven by u_data/dout[42]: driver resistance x repeater pin capacitance (1.37e-11) already meets or exceeds the slew budget (3.93e-10). Net left unrepaired on this segment.
[WARNING RSZ-0170] Cannot repair slew on net net119 driven by u_data/dout[41]: driver resistance x repeater pin capacitance (1.37e-11) already meets or exceeds the slew budget (3.93e-10). Net left unrepaired on this segment.
[WARNING RSZ-0170] Cannot repair slew on net net118 driven by u_data/dout[40]: driver resistance x repeater pin capacitance (1.37e-11) already meets or exceeds the slew budget (3.93e-10). Net left unrepaired on this segment.
[WARNING RSZ-0170] Cannot repair slew on net net116 driven by u_data/dout[39]: driver resistance x repeater pin capacitance (1.37e-11) already meets or exceeds the slew budget (3.93e-10). Net left unrepaired on this segment.
[WARNING RSZ-0170] Cannot repair slew on net net115 driven by u_data/dout[38]: driver resistance x repeater pin capacitance (1.37e-11) already meets or exceeds the slew budget (3.93e-10). Net left unrepaired on this segment.
[WARNING RSZ-0170] Cannot repair slew on net net114 driven by u_data/dout[37]: driver resistance x repeater pin capacitance (1.37e-11) already meets or exceeds the slew budget (3.93e-10). Net left unrepaired on this segment.
[WARNING RSZ-0170] Cannot repair slew on net net113 driven by u_data/dout[36]: driver resistance x repeater pin capacitance (1.37e-11) already meets or exceeds the slew budget (3.93e-10). Net left unrepaired on this segment.
[WARNING RSZ-0170] Cannot repair slew on net net112 driven by u_data/dout[35]: driver resistance x repeater pin capacitance (1.37e-11) already meets or exceeds the slew budget (3.93e-10). Net left unrepaired on this segment.
[WARNING RSZ-0170] Cannot repair slew on net net111 driven by u_data/dout[34]: driver resistance x repeater pin capacitance (1.37e-11) already meets or exceeds the slew budget (3.93e-10). Net left unrepaired on this segment.
[WARNING RSZ-0170] Cannot repair slew on net net110 driven by u_data/dout[33]: driver resistance x repeater pin capacitance (1.37e-11) already meets or exceeds the slew budget (3.93e-10). Net left unrepaired on this segment.
[WARNING RSZ-0170] Cannot repair slew on net net109 driven by u_data/dout[32]: driver resistance x repeater pin capacitance (1.37e-11) already meets or exceeds the slew budget (3.93e-10). Net left unrepaired on this segment.
[WARNING RSZ-0170] Cannot repair slew on net net108 driven by u_data/dout[31]: driver resistance x repeater pin capacitance (1.37e-11) already meets or exceeds the slew budget (3.93e-10). Net left unrepaired on this segment.
[WARNING RSZ-0170] Cannot repair slew on net net107 driven by u_data/dout[30]: driver resistance x repeater pin capacitance (1.37e-11) already meets or exceeds the slew budget (3.93e-10). Net left unrepaired on this segment.
[WARNING RSZ-0170] Cannot repair slew on net net105 driven by u_data/dout[29]: driver resistance x repeater pin capacitance (1.37e-11) already meets or exceeds the slew budget (3.93e-10). Net left unrepaired on this segment.
[WARNING RSZ-0170] Cannot repair slew on net net104 driven by u_data/dout[28]: driver resistance x repeater pin capacitance (1.37e-11) already meets or exceeds the slew budget (3.93e-10). Net left unrepaired on this segment.
[WARNING RSZ-0170] Cannot repair slew on net net103 driven by u_data/dout[27]: driver resistance x repeater pin capacitance (1.37e-11) already meets or exceeds the slew budget (3.93e-10). Net left unrepaired on this segment.
[WARNING RSZ-0170] Cannot repair slew on net net102 driven by u_data/dout[26]: driver resistance x repeater pin capacitance (1.37e-11) already meets or exceeds the slew budget (3.93e-10). Net left unrepaired on this segment.
[WARNING RSZ-0170] Cannot repair slew on net net101 driven by u_data/dout[25]: driver resistance x repeater pin capacitance (1.37e-11) already meets or exceeds the slew budget (3.93e-10). Net left unrepaired on this segment.
[WARNING RSZ-0170] Cannot repair slew on net net100 driven by u_data/dout[24]: driver resistance x repeater pin capacitance (1.37e-11) already meets or exceeds the slew budget (3.93e-10). Net left unrepaired on this segment.
[WARNING RSZ-0170] Cannot repair slew on net net99 driven by u_data/dout[23]: driver resistance x repeater pin capacitance (1.37e-11) already meets or exceeds the slew budget (3.93e-10). Net left unrepaired on this segment.
[WARNING RSZ-0170] Cannot repair slew on net net98 driven by u_data/dout[22]: driver resistance x repeater pin capacitance (1.37e-11) already meets or exceeds the slew budget (3.93e-10). Net left unrepaired on this segment.
[WARNING RSZ-0170] Cannot repair slew on net net97 driven by u_data/dout[21]: driver resistance x repeater pin capacitance (1.37e-11) already meets or exceeds the slew budget (3.93e-10). Net left unrepaired on this segment.
[WARNING RSZ-0170] Cannot repair slew on net net96 driven by u_data/dout[20]: driver resistance x repeater pin capacitance (1.37e-11) already meets or exceeds the slew budget (3.93e-10). Net left unrepaired on this segment.
[WARNING RSZ-0170] Cannot repair slew on net net94 driven by u_data/dout[19]: driver resistance x repeater pin capacitance (1.37e-11) already meets or exceeds the slew budget (3.93e-10). Net left unrepaired on this segment.
[WARNING RSZ-0170] Cannot repair slew on net net93 driven by u_data/dout[18]: driver resistance x repeater pin capacitance (1.37e-11) already meets or exceeds the slew budget (3.93e-10). Net left unrepaired on this segment.
[WARNING RSZ-0170] Cannot repair slew on net net92 driven by u_data/dout[17]: driver resistance x repeater pin capacitance (1.37e-11) already meets or exceeds the slew budget (3.93e-10). Net left unrepaired on this segment.
[WARNING RSZ-0170] Cannot repair slew on net net91 driven by u_data/dout[16]: driver resistance x repeater pin capacitance (1.37e-11) already meets or exceeds the slew budget (3.93e-10). Net left unrepaired on this segment.
[WARNING RSZ-0170] Cannot repair slew on net net90 driven by u_data/dout[15]: driver resistance x repeater pin capacitance (1.37e-11) already meets or exceeds the slew budget (3.93e-10). Net left unrepaired on this segment.
[WARNING RSZ-0170] Cannot repair slew on net net89 driven by u_data/dout[14]: driver resistance x repeater pin capacitance (1.37e-11) already meets or exceeds the slew budget (3.93e-10). Net left unrepaired on this segment.
[WARNING RSZ-0170] Cannot repair slew on net net88 driven by u_data/dout[13]: driver resistance x repeater pin capacitance (1.37e-11) already meets or exceeds the slew budget (3.93e-10). Net left unrepaired on this segment.
[WARNING RSZ-0170] Cannot repair slew on net net87 driven by u_data/dout[12]: driver resistance x repeater pin capacitance (1.37e-11) already meets or exceeds the slew budget (3.93e-10). Net left unrepaired on this segment.
[WARNING RSZ-0170] Cannot repair slew on net net86 driven by u_data/dout[11]: driver resistance x repeater pin capacitance (1.37e-11) already meets or exceeds the slew budget (3.93e-10). Net left unrepaired on this segment.
[WARNING RSZ-0170] Cannot repair slew on net net85 driven by u_data/dout[10]: driver resistance x repeater pin capacitance (1.37e-11) already meets or exceeds the slew budget (3.93e-10). Net left unrepaired on this segment.
    final |     +0.5% |       6 |     117 |            88 |         0
---------------------------------------------------------------------
[INFO RSZ-0034] Found 94 slew violations.
[INFO RSZ-0039] Resized 6 instances.
[INFO RSZ-0038] Inserted 117 buffers in 88 nets.
   Iter   |    Area   | Removed | Inserted |   Pins
          |           | Buffers | Buffers  | Remaining
-------------------------------------------------------
        0 |     +0.0% |       0 |        0 |       211
       21 |     +0.0% |       0 |        2 |       190
       42 |     +0.0% |       0 |        9 |       169
       63 |     +0.0% |       0 |       10 |       148
[WARNING RSZ-2005] cannot find a viable buffering solution on pin u_data/dout[9] after 1 rounds of buffering (no solution meets design rules)
[WARNING RSZ-2005] cannot find a viable buffering solution on pin u_data/dout[8] after 1 rounds of buffering (no solution meets design rules)
[WARNING RSZ-2005] cannot find a viable buffering solution on pin u_data/dout[7] after 1 rounds of buffering (no solution meets design rules)
[WARNING RSZ-2005] cannot find a viable buffering solution on pin u_data/dout[6] after 1 rounds of buffering (no solution meets design rules)
[WARNING RSZ-2005] cannot find a viable buffering solution on pin u_data/dout[63] after 1 rounds of buffering (no solution meets design rules)
[WARNING RSZ-2005] cannot find a viable buffering solution on pin u_data/dout[62] after 1 rounds of buffering (no solution meets design rules)
[WARNING RSZ-2005] cannot find a viable buffering solution on pin u_data/dout[61] after 1 rounds of buffering (no solution meets design rules)
[WARNING RSZ-2005] cannot find a viable buffering solution on pin u_data/dout[60] after 1 rounds of buffering (no solution meets design rules)
[WARNING RSZ-2005] cannot find a viable buffering solution on pin u_data/dout[5] after 1 rounds of buffering (no solution meets design rules)
[WARNING RSZ-2005] cannot find a viable buffering solution on pin u_data/dout[59] after 1 rounds of buffering (no solution meets design rules)
[WARNING RSZ-2005] cannot find a viable buffering solution on pin u_data/dout[58] after 1 rounds of buffering (no solution meets design rules)
[WARNING RSZ-2005] cannot find a viable buffering solution on pin u_data/dout[57] after 1 rounds of buffering (no solution meets design rules)
[WARNING RSZ-2005] cannot find a viable buffering solution on pin u_data/dout[56] after 1 rounds of buffering (no solution meets design rules)
[WARNING RSZ-2005] cannot find a viable buffering solution on pin u_data/dout[55] after 1 rounds of buffering (no solution meets design rules)
[WARNING RSZ-2005] cannot find a viable buffering solution on pin u_data/dout[54] after 1 rounds of buffering (no solution meets design rules)
[WARNING RSZ-2005] cannot find a viable buffering solution on pin u_data/dout[53] after 1 rounds of buffering (no solution meets design rules)
[WARNING RSZ-2005] cannot find a viable buffering solution on pin u_data/dout[52] after 1 rounds of buffering (no solution meets design rules)
[WARNING RSZ-2005] cannot find a viable buffering solution on pin u_data/dout[51] after 1 rounds of buffering (no solution meets design rules)
[WARNING RSZ-2005] cannot find a viable buffering solution on pin u_data/dout[50] after 1 rounds of buffering (no solution meets design rules)
[WARNING RSZ-2005] cannot find a viable buffering solution on pin u_data/dout[4] after 1 rounds of buffering (no solution meets design rules)
       84 |     +0.0% |       0 |       10 |       127
[WARNING RSZ-2005] cannot find a viable buffering solution on pin u_data/dout[49] after 1 rounds of buffering (no solution meets design rules)
[WARNING RSZ-2005] cannot find a viable buffering solution on pin u_data/dout[48] after 1 rounds of buffering (no solution meets design rules)
[WARNING RSZ-2005] cannot find a viable buffering solution on pin u_data/dout[47] after 1 rounds of buffering (no solution meets design rules)
[WARNING RSZ-2005] cannot find a viable buffering solution on pin u_data/dout[46] after 1 rounds of buffering (no solution meets design rules)
[WARNING RSZ-2005] cannot find a viable buffering solution on pin u_data/dout[45] after 1 rounds of buffering (no solution meets design rules)
[WARNING RSZ-2005] cannot find a viable buffering solution on pin u_data/dout[44] after 1 rounds of buffering (no solution meets design rules)
[WARNING RSZ-2005] cannot find a viable buffering solution on pin u_data/dout[43] after 1 rounds of buffering (no solution meets design rules)
[WARNING RSZ-2005] cannot find a viable buffering solution on pin u_data/dout[42] after 1 rounds of buffering (no solution meets design rules)
[WARNING RSZ-2005] cannot find a viable buffering solution on pin u_data/dout[41] after 1 rounds of buffering (no solution meets design rules)
[WARNING RSZ-2005] cannot find a viable buffering solution on pin u_data/dout[40] after 1 rounds of buffering (no solution meets design rules)
[WARNING RSZ-2005] cannot find a viable buffering solution on pin u_data/dout[3] after 1 rounds of buffering (no solution meets design rules)
[WARNING RSZ-2005] cannot find a viable buffering solution on pin u_data/dout[39] after 1 rounds of buffering (no solution meets design rules)
[WARNING RSZ-2005] cannot find a viable buffering solution on pin u_data/dout[38] after 1 rounds of buffering (no solution meets design rules)
[WARNING RSZ-2005] cannot find a viable buffering solution on pin u_data/dout[37] after 1 rounds of buffering (no solution meets design rules)
[WARNING RSZ-2005] cannot find a viable buffering solution on pin u_data/dout[36] after 1 rounds of buffering (no solution meets design rules)
[WARNING RSZ-2005] cannot find a viable buffering solution on pin u_data/dout[35] after 1 rounds of buffering (no solution meets design rules)
[WARNING RSZ-2005] cannot find a viable buffering solution on pin u_data/dout[34] after 1 rounds of buffering (no solution meets design rules)
[WARNING RSZ-2005] cannot find a viable buffering solution on pin u_data/dout[33] after 1 rounds of buffering (no solution meets design rules)
[WARNING RSZ-2005] cannot find a viable buffering solution on pin u_data/dout[32] after 1 rounds of buffering (no solution meets design rules)
[WARNING RSZ-2005] cannot find a viable buffering solution on pin u_data/dout[31] after 1 rounds of buffering (no solution meets design rules)
[WARNING RSZ-2005] cannot find a viable buffering solution on pin u_data/dout[30] after 1 rounds of buffering (no solution meets design rules)
      105 |     +0.0% |       0 |       10 |       106
[WARNING RSZ-2005] cannot find a viable buffering solution on pin u_data/dout[2] after 1 rounds of buffering (no solution meets design rules)
[WARNING RSZ-2005] cannot find a viable buffering solution on pin u_data/dout[29] after 1 rounds of buffering (no solution meets design rules)
[WARNING RSZ-2005] cannot find a viable buffering solution on pin u_data/dout[28] after 1 rounds of buffering (no solution meets design rules)
[WARNING RSZ-2005] cannot find a viable buffering solution on pin u_data/dout[27] after 1 rounds of buffering (no solution meets design rules)
[WARNING RSZ-2005] cannot find a viable buffering solution on pin u_data/dout[26] after 1 rounds of buffering (no solution meets design rules)
[WARNING RSZ-2005] cannot find a viable buffering solution on pin u_data/dout[25] after 1 rounds of buffering (no solution meets design rules)
[WARNING RSZ-2005] cannot find a viable buffering solution on pin u_data/dout[24] after 1 rounds of buffering (no solution meets design rules)
[WARNING RSZ-2005] cannot find a viable buffering solution on pin u_data/dout[23] after 1 rounds of buffering (no solution meets design rules)
[WARNING RSZ-2005] cannot find a viable buffering solution on pin u_data/dout[22] after 1 rounds of buffering (no solution meets design rules)
[WARNING RSZ-2005] cannot find a viable buffering solution on pin u_data/dout[21] after 1 rounds of buffering (no solution meets design rules)
[WARNING RSZ-2005] cannot find a viable buffering solution on pin u_data/dout[20] after 1 rounds of buffering (no solution meets design rules)
[WARNING RSZ-2005] cannot find a viable buffering solution on pin u_data/dout[1] after 1 rounds of buffering (no solution meets design rules)
[WARNING RSZ-2005] cannot find a viable buffering solution on pin u_data/dout[19] after 1 rounds of buffering (no solution meets design rules)
[WARNING RSZ-2005] cannot find a viable buffering solution on pin u_data/dout[18] after 1 rounds of buffering (no solution meets design rules)
[WARNING RSZ-2005] cannot find a viable buffering solution on pin u_data/dout[17] after 1 rounds of buffering (no solution meets design rules)
[WARNING RSZ-2005] cannot find a viable buffering solution on pin u_data/dout[16] after 1 rounds of buffering (no solution meets design rules)
[WARNING RSZ-2005] cannot find a viable buffering solution on pin u_data/dout[15] after 1 rounds of buffering (no solution meets design rules)
[WARNING RSZ-2005] cannot find a viable buffering solution on pin u_data/dout[14] after 1 rounds of buffering (no solution meets design rules)
[WARNING RSZ-2005] cannot find a viable buffering solution on pin u_data/dout[13] after 1 rounds of buffering (no solution meets design rules)
[WARNING RSZ-2005] cannot find a viable buffering solution on pin u_data/dout[12] after 1 rounds of buffering (no solution meets design rules)
[WARNING RSZ-2005] cannot find a viable buffering solution on pin u_data/dout[11] after 1 rounds of buffering (no solution meets design rules)
      126 |     +0.0% |       0 |       10 |        85
[WARNING RSZ-2005] cannot find a viable buffering solution on pin u_data/dout[10] after 1 rounds of buffering (no solution meets design rules)
[WARNING RSZ-2005] cannot find a viable buffering solution on pin u_data/dout[0] after 1 rounds of buffering (no solution meets design rules)
[WARNING RSZ-2009] Skipping buffering because no valid buffering solution satisfying the design rules can be found for net connected to pin input74/X.
[WARNING RSZ-2005] cannot find a viable buffering solution on pin input74/X after 1 rounds of buffering (no solution meets design rules)
      147 |     +0.0% |      18 |       26 |        64
      168 |     +0.0% |      34 |       41 |        43
      189 |     -0.1% |      69 |       62 |        22
      210 |     -0.1% |      96 |       83 |         1
    final |     -0.1% |      97 |       84 |         0
-------------------------------------------------------
[INFO GPL-0106] Timing-driven: worst slack 4.306007e-09
[INFO GPL-0107] Timing-driven: repair_design delta area: 496.242 um^2 (+18.92%)
[INFO GPL-0108] Timing-driven: repair_design, gpl delta gcells: 104 (+36.75%)
[INFO GPL-0109] Timing-driven: repair_design, gcells created: 201, deleted: 97
[INFO GPL-0110] Timing-driven: new target density: 0.35588878
Iteration | Overflow |     HPWL (um) |  HPWL(%) |   Penalty | Group
---------------------------------------------------------------
      640 |   0.1708 |  1.241352e+05 |   +1.14% |  7.87e-07 |      
      650 |   0.1532 |  1.247451e+05 |   +0.49% |  1.16e-06 |      
      660 |   0.1456 |  1.295759e+05 |   +3.87% |  1.71e-06 |      
      668 |   0.0982 |  1.341427e+05 |          |  2.42e-06 |      
---------------------------------------------------------------
[INFO GPL-1001] Global placement finished at iteration 668
[INFO GPL-1017] Routability mode iteration count: 192
[INFO GPL-1005] Routability final weighted congestion: 2.0177
[INFO GPL-1002] Placed Cell Area             3011.2470
[INFO GPL-1003] Available Free Area         206629.4240
[INFO GPL-1004] Minimum Feasible Density        0.0100 (cell_area / free_area)
[INFO GPL-1006]   Suggested Target Densities:
[INFO GPL-1007]     - For 90% usage of free space: 0.0162
[INFO GPL-1008]     - For 80% usage of free space: 0.0182
[INFO GPL-1009]     - For 50% usage of free space: 0.0291
[INFO GPL-1011] Original area (um^2): 1471.41
[INFO GPL-1012] Total routability artificial inflation: 475.55 (+32.32%)
[INFO GPL-1013] Total timing-driven delta area: 1064.29 (+72.33%)
[INFO GPL-1014] Final placement area: 3011.25 (+104.65%)
estimate_parasitics -placement
Report metrics stage 3, global place...

==========================================================================
global place report_design_area
--------------------------------------------------------------------------
Design area 207714 um^2 49% utilization.
write_db /work/campaigns/iscas_sustainability_extension/memory_compiler/gate3_attempt06_replacement_sram_backend_qualification/raw/openroad/work/results/sky130hd/attempt06_u0/base/3_3_place_gp.odb
Elapsed time: 0:05.07[h:]min:sec. CPU time: user 9.61 sys 0.64 (201%). Peak memory: 272708KB.
Log                       Ext     Elapsed/s Peak Memory/MB sha1sum result [0:20)
3_3_place_gp              .odb            5            266 05cc64cc7d03772d5be4
/OpenROAD-flow-scripts/flow/scripts/flow.sh 3_4_place_resized resize
Running resize.tcl, stage 3_4_place_resized
read_liberty /OpenROAD-flow-scripts/flow/platforms/sky130hd/lib/sky130_fd_sc_hd__tt_025C_1v80.lib
read_liberty /work/campaigns/iscas_sustainability_extension/memory_compiler/gate3_attempt06_replacement_sram_backend_qualification/source_checkout/sram22_256x64m4w8/sram22_256x64m4w8_tt_025C_1v80.lib
read_db /work/campaigns/iscas_sustainability_extension/memory_compiler/gate3_attempt06_replacement_sram_backend_qualification/raw/openroad/work/results/sky130hd/attempt06_u0/base/3_3_place_gp.odb
read_sdc /work/campaigns/iscas_sustainability_extension/memory_compiler/gate3_attempt06_replacement_sram_backend_qualification/raw/openroad/work/results/sky130hd/attempt06_u0/base/2_floorplan.sdc
source /OpenROAD-flow-scripts/flow/platforms/sky130hd/setRC.tcl
source /work/campaigns/iscas_sustainability_extension/memory_compiler/gate3_attempt06_replacement_sram_backend_qualification/openroad/pre_resize_sram22.tcl
estimate_parasitics -placement
Perform buffer insertion and gate resizing...
repair_design -verbose -match_cell_footprint
Iteration |   Area    | Resized | Buffers | Nets repaired | Remaining
---------------------------------------------------------------------
        0 |     +0.0% |       0 |       0 |             0 |       535
       10 |     +0.0% |       0 |       0 |             0 |       525
       20 |     +0.0% |       0 |       0 |             0 |       515
       30 |     +0.0% |       0 |       0 |             0 |       505
       40 |     +0.0% |       0 |       0 |             0 |       495
       50 |     +0.0% |       0 |       0 |             0 |       485
       60 |     +0.0% |       0 |       0 |             0 |       475
       70 |     +0.0% |       0 |       0 |             0 |       465
       80 |     +0.0% |       0 |       0 |             0 |       455
       90 |     +0.0% |       0 |       0 |             0 |       445
      100 |     +0.0% |       0 |       0 |             0 |       435
      110 |     +0.0% |       0 |       0 |             0 |       425
      120 |     +0.0% |       0 |       0 |             0 |       415
[ERROR RSZ-0090] Max transition time from SDC is 0.351ns. Best achievable transition time is 0.467ns with a load of 0.45pF
Error: resize.tcl, 25 RSZ-0090
Elapsed time: 0:01.35[h:]min:sec. CPU time: user 0.85 sys 0.29 (84%). Peak memory: 146940KB.
make[1]: *** [Makefile:499: do-3_4_place_resized] Error 1
make: *** [Makefile:499: /work/campaigns/iscas_sustainability_extension/memory_compiler/gate3_attempt06_replacement_sram_backend_qualification/raw/openroad/work/results/sky130hd/attempt06_u0/base/3_4_place_resized.odb] Error 2
cp /work/campaigns/iscas_sustainability_extension/memory_compiler/gate3_attempt06_replacement_sram_backend_qualification/openroad/u0/constraint.sdc /work/campaigns/iscas_sustainability_extension/memory_compiler/gate3_attempt06_replacement_sram_backend_qualification/raw/openroad/work/results/sky130hd/attempt06_u0/base/1_2_yosys.sdc
touch -r /work/campaigns/iscas_sustainability_extension/memory_compiler/gate3_attempt06_replacement_sram_backend_qualification/openroad/u0/constraint.sdc /work/campaigns/iscas_sustainability_extension/memory_compiler/gate3_attempt06_replacement_sram_backend_qualification/raw/openroad/work/results/sky130hd/attempt06_u0/base/1_2_yosys.sdc
/OpenROAD-flow-scripts/flow/scripts/flow.sh 3_4_place_resized resize
Running resize.tcl, stage 3_4_place_resized
read_liberty /OpenROAD-flow-scripts/flow/platforms/sky130hd/lib/sky130_fd_sc_hd__tt_025C_1v80.lib
read_liberty /work/campaigns/iscas_sustainability_extension/memory_compiler/gate3_attempt06_replacement_sram_backend_qualification/source_checkout/sram22_256x64m4w8/sram22_256x64m4w8_tt_025C_1v80.lib
read_db /work/campaigns/iscas_sustainability_extension/memory_compiler/gate3_attempt06_replacement_sram_backend_qualification/raw/openroad/work/results/sky130hd/attempt06_u0/base/3_3_place_gp.odb
read_sdc /work/campaigns/iscas_sustainability_extension/memory_compiler/gate3_attempt06_replacement_sram_backend_qualification/raw/openroad/work/results/sky130hd/attempt06_u0/base/2_floorplan.sdc
source /OpenROAD-flow-scripts/flow/platforms/sky130hd/setRC.tcl
source /work/campaigns/iscas_sustainability_extension/memory_compiler/gate3_attempt06_replacement_sram_backend_qualification/openroad/pre_resize_sram22.tcl
estimate_parasitics -placement
Perform buffer insertion and gate resizing...
repair_design -verbose -match_cell_footprint
Iteration |   Area    | Resized | Buffers | Nets repaired | Remaining
---------------------------------------------------------------------
        0 |     +0.0% |       0 |       0 |             0 |       535
       10 |     +0.0% |       0 |       0 |             0 |       525
       20 |     +0.0% |       0 |       0 |             0 |       515
       30 |     +0.0% |       0 |       0 |             0 |       505
       40 |     +0.0% |       0 |       0 |             0 |       495
       50 |     +0.0% |       0 |       0 |             0 |       485
       60 |     +0.0% |       0 |       0 |             0 |       475
       70 |     +0.0% |       0 |       0 |             0 |       465
       80 |     +0.0% |       0 |       0 |             0 |       455
       90 |     +0.0% |       0 |       0 |             0 |       445
      100 |     +0.0% |       0 |       0 |             0 |       435
      110 |     +0.0% |       0 |       0 |             0 |       425
      120 |     +0.0% |       0 |       0 |             0 |       415
[ERROR RSZ-0090] Max transition time from SDC is 0.351ns. Best achievable transition time is 0.467ns with a load of 0.45pF
Error: resize.tcl, 25 RSZ-0090
Elapsed time: 0:01.43[h:]min:sec. CPU time: user 0.80 sys 0.42 (85%). Peak memory: 147140KB.
make[1]: *** [Makefile:499: do-3_4_place_resized] Error 1
make: *** [Makefile:499: /work/campaigns/iscas_sustainability_extension/memory_compiler/gate3_attempt06_replacement_sram_backend_qualification/raw/openroad/work/results/sky130hd/attempt06_u0/base/3_4_place_resized.odb] Error 2
cp /work/campaigns/iscas_sustainability_extension/memory_compiler/gate3_attempt06_replacement_sram_backend_qualification/openroad/u0/constraint.sdc /work/campaigns/iscas_sustainability_extension/memory_compiler/gate3_attempt06_replacement_sram_backend_qualification/raw/openroad/work/results/sky130hd/attempt06_u0/base/1_2_yosys.sdc
touch -r /work/campaigns/iscas_sustainability_extension/memory_compiler/gate3_attempt06_replacement_sram_backend_qualification/openroad/u0/constraint.sdc /work/campaigns/iscas_sustainability_extension/memory_compiler/gate3_attempt06_replacement_sram_backend_qualification/raw/openroad/work/results/sky130hd/attempt06_u0/base/1_2_yosys.sdc
/OpenROAD-flow-scripts/flow/scripts/flow.sh 3_5_place_dp detail_place
Running detail_place.tcl, stage 3_5_place_dp
read_liberty /OpenROAD-flow-scripts/flow/platforms/sky130hd/lib/sky130_fd_sc_hd__tt_025C_1v80.lib
read_liberty /work/campaigns/iscas_sustainability_extension/memory_compiler/gate3_attempt06_replacement_sram_backend_qualification/source_checkout/sram22_256x64m4w8/sram22_256x64m4w8_tt_025C_1v80.lib
read_db /work/campaigns/iscas_sustainability_extension/memory_compiler/gate3_attempt06_replacement_sram_backend_qualification/raw/openroad/work/results/sky130hd/attempt06_u0/base/3_4_place_resized.odb
read_sdc /work/campaigns/iscas_sustainability_extension/memory_compiler/gate3_attempt06_replacement_sram_backend_qualification/raw/openroad/work/results/sky130hd/attempt06_u0/base/2_floorplan.sdc
source /OpenROAD-flow-scripts/flow/platforms/sky130hd/setRC.tcl
detailed_placement
[INFO DPL-0006] Core area: 421043.81 um^2
[INFO DPL-0007] Movable instances area: 2763.90 um^2
[INFO DPL-0008] Fixed instances area within core: 204950.13 um^2
[INFO DPL-0009] Utilization: 49.3%
[INFO DPL-0005] Diamond search max displacement: +/- 500 sites horizontally, +/- 100 rows vertically.
[INFO DPL-1102] Legalizing using negotiation legalizer.
[INFO DPL-1103] Negotiation base search window: +/-20 sites horizontally, +/-5 rows vertically 
	Automatic search window extension enabled.
	Search window extendable up to the max displacement cap of +/-500 sites, +/-100 rows near walls.
[INFO DPL-1104] NegotiationLegalizer DRC penalty: 5.
[INFO DPL-0392] Negotiation cell height distribution (2 unique row-count(s)):
[INFO DPL-0393]   height 1 row(s): 3331 cells
[INFO DPL-0393]   height 108 row(s): 1 cells
          |      Total |  Illegal |  Illegal
Iteration | Violations |    Cells |    Sites
---------------------------------------------
        0 |          0 |         0 |         0
Negotiation phase 1 converged at iteration 0.
[INFO DPL-0500] Runtime: 0.08s
Placement Analysis
---------------------------------
total displacement       1421.3 u
average displacement        0.4 u
max displacement          129.6 u
original HPWL          134180.0 u
legalized HPWL         133480.5 u
delta HPWL                   -1 %

improve_placement -max_displacement "5 1"
Detailed placement improvement.
[INFO DPL-0401] Setting random seed to 1.
[INFO DPL-0402] Setting maximum displacement 5 1 to 13600 2720 units.
[INFO DPL-0320] Collected 3201 fixed cells.
[INFO DPL-0318] Collected 387 single height cells.
[INFO DPL-0321] Collected 0 wide cells.
[INFO DPL-0322] Image (10120, 10880) - (889640, 489600)
[INFO DPL-0310] Assigned 387 cells into segments.  Movement in X-direction is 0.000000, movement in Y-direction is 0.000000.
[INFO DPL-0313] Found 0 cells in wrong regions.
[INFO DPL-0315] Found 0 row alignment problems.
[INFO DPL-0314] Found 0 site alignment problems.
[INFO DPL-0311] Found 0 overlaps between adjacent cells.
[INFO DPL-0312] Found 0 edge spacing violations and 0 padding violations.
[INFO DPL-0303] Running algorithm for independent set matching.
[INFO DPL-0300] Set matching objective is wirelength.
[INFO DPL-0301] Pass   1 of matching; objective is 7.087311e+07.
[INFO DPL-0302] End of matching; objective is 7.041755e+07, improvement is 0.64 percent.
[INFO DPL-0303] Running algorithm for global swaps.
[INFO DPL-0306] Pass   1 of global swaps; hpwl is 6.914724e+07.
[INFO DPL-0306] Pass   2 of global swaps; hpwl is 6.882002e+07.
[INFO DPL-0307] End of global swaps; objective is 6.882002e+07, improvement is 2.27 percent.
[INFO DPL-0303] Running algorithm for vertical swaps.
[INFO DPL-0308] Pass   1 of vertical swaps; hpwl is 6.873691e+07.
[INFO DPL-0309] End of vertical swaps; objective is 6.873691e+07, improvement is 0.12 percent.
[INFO DPL-0303] Running algorithm for reordering.
[INFO DPL-0304] Pass   1 of reordering; objective is 6.863643e+07.
[INFO DPL-0305] End of reordering; objective is 6.863643e+07, improvement is 0.15 percent.
[INFO DPL-0303] Running algorithm for random improvement.
[INFO DPL-0324] Random improver is using random generator.
[INFO DPL-0325] Random improver is using hpwl objective.
[INFO DPL-0326] Random improver cost string is (a).
[INFO DPL-0332] End of pass, Generator random called 7740 times.
[INFO DPL-0335] Generator random, Cumulative attempts 7740, swaps 324, moves  3373 since last reset.
[INFO DPL-0333] End of pass, Objective hpwl, Initial cost 6.863643e+07, Scratch cost 6.793415e+07, Incremental cost 6.793415e+07, Mismatch? N
[INFO DPL-0338] End of pass, Total cost is 6.793415e+07.
[INFO DPL-0327] Pass   1 of random improver; improvement in cost is 1.02 percent.
[INFO DPL-0332] End of pass, Generator random called 7740 times.
[INFO DPL-0335] Generator random, Cumulative attempts 15480, swaps 643, moves  6604 since last reset.
[INFO DPL-0333] End of pass, Objective hpwl, Initial cost 6.793415e+07, Scratch cost 6.771244e+07, Incremental cost 6.771244e+07, Mismatch? N
[INFO DPL-0338] End of pass, Total cost is 6.771244e+07.
[INFO DPL-0327] Pass   2 of random improver; improvement in cost is 0.33 percent.
[INFO DPL-0328] End of random improver; improvement is 1.346212 percent.
[INFO DPL-0380] Cell flipping.
[INFO DPL-0382] Changed 0 cell orientations for row compatibility.
[INFO DPL-0383] Performed 151 cell flips.
[INFO DPL-0384] End of flipping; objective is 6.746791e+07, improvement is 0.36 percent.
[INFO DPL-0313] Found 0 cells in wrong regions.
[INFO DPL-0315] Found 0 row alignment problems.
[INFO DPL-0314] Found 0 site alignment problems.
[INFO DPL-0311] Found 0 overlaps between adjacent cells.
[INFO DPL-0312] Found 0 edge spacing violations and 0 padding violations.
Detailed Improvement Results
------------------------------------------
Original HPWL           133480.5 u (  116094.5,    17386.0)
Final HPWL              129878.0 u (  113057.3,    16820.6)
Delta HPWL                  -2.7 % (      -2.6,       -3.3)

optimize_mirroring
[INFO DPL-0020] Mirrored 17 instances
[INFO DPL-0021] HPWL before          129878.0 u
[INFO DPL-0022] HPWL after           129870.6 u
[INFO DPL-0023] HPWL delta               -0.0 %
[INFO FLW-0012] Placement violations .
estimate_parasitics -placement
Report metrics stage 3, detailed place...

==========================================================================
detailed place report_design_area
--------------------------------------------------------------------------
Design area 207714 um^2 49% utilization.
write_db /work/campaigns/iscas_sustainability_extension/memory_compiler/gate3_attempt06_replacement_sram_backend_qualification/raw/openroad/work/results/sky130hd/attempt06_u0/base/3_5_place_dp.odb
write_sdc -no_timestamp /work/campaigns/iscas_sustainability_extension/memory_compiler/gate3_attempt06_replacement_sram_backend_qualification/raw/openroad/work/results/sky130hd/attempt06_u0/base/3_place.sdc
Elapsed time: 0:05.40[h:]min:sec. CPU time: user 1.17 sys 0.48 (30%). Peak memory: 153180KB.
Log                       Ext     Elapsed/s Peak Memory/MB sha1sum result [0:20)
3_5_place_dp              .odb            5            149 db1aca0e2f4e35052c1f
cp /work/campaigns/iscas_sustainability_extension/memory_compiler/gate3_attempt06_replacement_sram_backend_qualification/raw/openroad/work/results/sky130hd/attempt06_u0/base/3_5_place_dp.odb /work/campaigns/iscas_sustainability_extension/memory_compiler/gate3_attempt06_replacement_sram_backend_qualification/raw/openroad/work/results/sky130hd/attempt06_u0/base/3_place.odb
/OpenROAD-flow-scripts/flow/scripts/flow.sh 4_1_cts cts
Running cts.tcl, stage 4_1_cts
read_liberty /OpenROAD-flow-scripts/flow/platforms/sky130hd/lib/sky130_fd_sc_hd__tt_025C_1v80.lib
read_liberty /work/campaigns/iscas_sustainability_extension/memory_compiler/gate3_attempt06_replacement_sram_backend_qualification/source_checkout/sram22_256x64m4w8/sram22_256x64m4w8_tt_025C_1v80.lib
read_db /work/campaigns/iscas_sustainability_extension/memory_compiler/gate3_attempt06_replacement_sram_backend_qualification/raw/openroad/work/results/sky130hd/attempt06_u0/base/3_place.odb
read_sdc /work/campaigns/iscas_sustainability_extension/memory_compiler/gate3_attempt06_replacement_sram_backend_qualification/raw/openroad/work/results/sky130hd/attempt06_u0/base/3_place.sdc
source /OpenROAD-flow-scripts/flow/platforms/sky130hd/setRC.tcl
clock_tree_synthesis -sink_clustering_enable -repair_clock_nets
[INFO CTS-0050] Root buffer is sky130_fd_sc_hd__clkbuf_16.
[INFO CTS-0051] Sink buffer is sky130_fd_sc_hd__clkbuf_16.
[INFO CTS-0052] The following clock buffers will be used for CTS:
                    sky130_fd_sc_hd__clkbuf_16
[INFO CTS-0049] Characterization buffer is sky130_fd_sc_hd__clkbuf_16.
[INFO CTS-0007] Net "clk" found for clock "core_clk".
[WARNING CTS-0041] Net "clk" has 1 sinks. Skipping...
[WARNING CTS-0083] No clock nets have been found.
[INFO CTS-0008] TritonCTS found 0 clock nets.
[WARNING CTS-0082] No valid clock nets in the design.
[INFO CTS-0500] Runtime: 1.48s
estimate_parasitics -placement
detailed_placement
[INFO DPL-0006] Core area: 421043.81 um^2
[INFO DPL-0007] Movable instances area: 2763.90 um^2
[INFO DPL-0008] Fixed instances area within core: 204950.13 um^2
[INFO DPL-0009] Utilization: 49.3%
[INFO DPL-0005] Diamond search max displacement: +/- 500 sites horizontally, +/- 100 rows vertically.
[INFO DPL-1102] Legalizing using negotiation legalizer.
[INFO DPL-1103] Negotiation base search window: +/-20 sites horizontally, +/-5 rows vertically 
	Automatic search window extension enabled.
	Search window extendable up to the max displacement cap of +/-500 sites, +/-100 rows near walls.
[INFO DPL-1104] NegotiationLegalizer DRC penalty: 5.
[INFO DPL-0392] Negotiation cell height distribution (2 unique row-count(s)):
[INFO DPL-0393]   height 1 row(s): 3331 cells
[INFO DPL-0393]   height 108 row(s): 1 cells
[INFO DPL-0500] Runtime: 0.02s
Placement Analysis
---------------------------------
total displacement        316.9 u
average displacement        0.1 u
max displacement            7.4 u
original HPWL          129870.6 u
legalized HPWL         130105.5 u
delta HPWL                    0 %

estimate_parasitics -placement
repair_timing -setup_margin 0 -hold_margin 0 -repair_tns 100 -skip_gate_cloning -match_cell_footprint -verbose
[INFO RSZ-0100] Repair move sequence: UnbufferMove SizeUpMove SwapPinsMove BufferMove SplitLoadMove 
[INFO RSZ-0098] No setup violations found
[INFO RSZ-0505] Runtime: 0.15s
[INFO RSZ-0046] Found 1 endpoints with hold violations.
Iteration | Resized | Buffers | Cloned Gates |   Area   |   WNS   |   TNS   | Endpoint
--------------------------------------------------------------------------------------
        0 |       0 |       0 |            0 |    +0.0% |  -3.990 |  -3.990 | u_data/rstb
    final |       1 |       7 |            0 |    +0.0% |   0.004 |   0.000 | u_data/rstb
--------------------------------------------------------------------------------------
[INFO RSZ-0132] Resized 1 instances.
[INFO RSZ-0032] Inserted 7 hold buffers.
[INFO RSZ-0506] Runtime: 0.02s
detailed_placement
[INFO DPL-0006] Core area: 421043.81 um^2
[INFO DPL-0007] Movable instances area: 2851.48 um^2
[INFO DPL-0008] Fixed instances area within core: 204950.13 um^2
[INFO DPL-0009] Utilization: 49.4%
[INFO DPL-0005] Diamond search max displacement: +/- 500 sites horizontally, +/- 100 rows vertically.
[INFO DPL-1102] Legalizing using negotiation legalizer.
[INFO DPL-1103] Negotiation base search window: +/-20 sites horizontally, +/-5 rows vertically 
	Automatic search window extension enabled.
	Search window extendable up to the max displacement cap of +/-500 sites, +/-100 rows near walls.
[INFO DPL-1104] NegotiationLegalizer DRC penalty: 5.
[INFO DPL-0392] Negotiation cell height distribution (2 unique row-count(s)):
[INFO DPL-0393]   height 1 row(s): 3338 cells
[INFO DPL-0393]   height 108 row(s): 1 cells
          |      Total |  Illegal |  Illegal
Iteration | Violations |    Cells |    Sites
---------------------------------------------
        0 |          0 |         0 |         0
Negotiation phase 1 converged at iteration 0.
[INFO DPL-0500] Runtime: 0.02s
Placement Analysis
---------------------------------
total displacement         43.6 u
average displacement        0.0 u
max displacement           23.8 u
original HPWL          130099.8 u
legalized HPWL         130106.4 u
delta HPWL                    0 %

Report metrics stage 4, cts final...

==========================================================================
cts final report_design_area
--------------------------------------------------------------------------
Design area 207802 um^2 49% utilization.
write_db /work/campaigns/iscas_sustainability_extension/memory_compiler/gate3_attempt06_replacement_sram_backend_qualification/raw/openroad/work/results/sky130hd/attempt06_u0/base/4_1_cts.odb
write_sdc -no_timestamp /work/campaigns/iscas_sustainability_extension/memory_compiler/gate3_attempt06_replacement_sram_backend_qualification/raw/openroad/work/results/sky130hd/attempt06_u0/base/4_cts.sdc
Elapsed time: 0:06.70[h:]min:sec. CPU time: user 2.40 sys 0.68 (46%). Peak memory: 170980KB.
Log                       Ext     Elapsed/s Peak Memory/MB sha1sum result [0:20)
4_1_cts                   .odb            6            166 44ce320270d2a4448093
cp /work/campaigns/iscas_sustainability_extension/memory_compiler/gate3_attempt06_replacement_sram_backend_qualification/raw/openroad/work/results/sky130hd/attempt06_u0/base/4_1_cts.odb /work/campaigns/iscas_sustainability_extension/memory_compiler/gate3_attempt06_replacement_sram_backend_qualification/raw/openroad/work/results/sky130hd/attempt06_u0/base/4_cts.odb
/OpenROAD-flow-scripts/flow/scripts/flow.sh 5_1_grt global_route
Running global_route.tcl, stage 5_1_grt
read_liberty /OpenROAD-flow-scripts/flow/platforms/sky130hd/lib/sky130_fd_sc_hd__tt_025C_1v80.lib
read_liberty /work/campaigns/iscas_sustainability_extension/memory_compiler/gate3_attempt06_replacement_sram_backend_qualification/source_checkout/sram22_256x64m4w8/sram22_256x64m4w8_tt_025C_1v80.lib
read_db /work/campaigns/iscas_sustainability_extension/memory_compiler/gate3_attempt06_replacement_sram_backend_qualification/raw/openroad/work/results/sky130hd/attempt06_u0/base/4_cts.odb
read_sdc /work/campaigns/iscas_sustainability_extension/memory_compiler/gate3_attempt06_replacement_sram_backend_qualification/raw/openroad/work/results/sky130hd/attempt06_u0/base/4_cts.sdc
source /OpenROAD-flow-scripts/flow/platforms/sky130hd/setRC.tcl
pin_access
[INFO DRT-0149] Reading tech and libs.
[WARNING DRT-0349] LEF58_ENCLOSURE with no CUTCLASS is not supported. Skipping for layer mcon
[WARNING DRT-0349] LEF58_ENCLOSURE with no CUTCLASS is not supported. Skipping for layer mcon
[WARNING DRT-0349] LEF58_ENCLOSURE with no CUTCLASS is not supported. Skipping for layer via
[WARNING DRT-0349] LEF58_ENCLOSURE with no CUTCLASS is not supported. Skipping for layer via
[WARNING DRT-0349] LEF58_ENCLOSURE with no CUTCLASS is not supported. Skipping for layer via2
[WARNING DRT-0349] LEF58_ENCLOSURE with no CUTCLASS is not supported. Skipping for layer via2
[WARNING DRT-0349] LEF58_ENCLOSURE with no CUTCLASS is not supported. Skipping for layer via3
[WARNING DRT-0349] LEF58_ENCLOSURE with no CUTCLASS is not supported. Skipping for layer via3
[WARNING DRT-0349] LEF58_ENCLOSURE with no CUTCLASS is not supported. Skipping for layer via4
[WARNING DRT-0349] LEF58_ENCLOSURE with no CUTCLASS is not supported. Skipping for layer via4

Units:                1000
Number of layers:     13
Number of macros:     442
Number of vias:       109
Number of viarulegen: 25

[INFO DRT-0150] Reading design.

Design:                   u0_sram22_top
Die area:                 ( 0 0 ) ( 900000 500000 )
Number of track patterns: 12
Number of DEF vias:       0
Number of components:     3339
Number of terminals:      150
Number of snets:          2
Number of nets:           542

[INFO DRT-0167] List of default vias:
  Layer via
    default via: M1M2_PR
  Layer via2
    default via: M2M3_PR
  Layer via3
    default via: M3M4_PR
  Layer via4
    default via: M4M5_PR
[INFO DRT-0162] Library cell analysis.
[INFO DRT-0163] Instance analysis.
[INFO DRT-0164] Number of unique instances = 17.
[INFO DRT-0168] Init region query.
[INFO DRT-0024]   Complete FR_MASTERSLICE.
[INFO DRT-0024]   Complete Fr_VIA.
[INFO DRT-0024]   Complete li1.
[INFO DRT-0024]   Complete mcon.
[INFO DRT-0024]   Complete met1.
[INFO DRT-0024]   Complete via.
[INFO DRT-0024]   Complete met2.
[INFO DRT-0024]   Complete via2.
[INFO DRT-0024]   Complete met3.
[INFO DRT-0024]   Complete via3.
[INFO DRT-0024]   Complete met4.
[INFO DRT-0024]   Complete via4.
[INFO DRT-0024]   Complete met5.
[INFO DRT-0033] FR_MASTERSLICE shape region query size = 0.
[INFO DRT-0033] FR_VIA shape region query size = 0.
[INFO DRT-0033] li1 shape region query size = 19775.
[INFO DRT-0033] mcon shape region query size = 10446.
[INFO DRT-0033] met1 shape region query size = 9941.
[INFO DRT-0033] via shape region query size = 14479.
[INFO DRT-0033] met2 shape region query size = 13331.
[INFO DRT-0033] via2 shape region query size = 27837.
[INFO DRT-0033] met3 shape region query size = 17798.
[INFO DRT-0033] via3 shape region query size = 27840.
[INFO DRT-0033] met4 shape region query size = 7117.
[INFO DRT-0033] via4 shape region query size = 1120.
[INFO DRT-0033] met5 shape region query size = 1190.
[INFO DRT-0165] Start pin access.
[INFO DRT-0078]   Complete 238 pins.
[INFO DRT-0081]   Complete 16 unique inst patterns.
[INFO DRT-0084]   Complete 322 groups.
#scanned instances     = 3339
#unique  instances     = 17
#stdCellGenAp          = 300
#stdCellValidPlanarAp  = 0
#stdCellValidViaAp     = 198
#stdCellPinNoAp        = 0
#stdCellPinCnt         = 788
#instTermValidViaApCnt = 0
#macroGenAp            = 253
#macroValidPlanarAp    = 172
#macroValidViaAp       = 0
#macroNoAp             = 0
[INFO DRT-0166] Complete pin access.
[INFO DRT-0267] cpu time = 00:00:05, elapsed time = 00:00:01, memory = 142.04 (MB), peak = 141.64 (MB)
global_route -congestion_report_file /work/campaigns/iscas_sustainability_extension/memory_compiler/gate3_attempt06_replacement_sram_backend_qualification/raw/openroad/work/reports/sky130hd/attempt06_u0/base/congestion.rpt -congestion_iterations 30 -congestion_report_iter_step 5 -verbose
[INFO GRT-0020] Min routing layer: met1
[INFO GRT-0021] Max routing layer: met5
[INFO GRT-0022] Global adjustment: 0%
[INFO GRT-0023] Grid origin: (0, 0)
[INFO GRT-0088] Layer li1     Track-Pitch = 0.4600  line-2-Via Pitch: 0.3400
[INFO GRT-0088] Layer met1    Track-Pitch = 0.3400  line-2-Via Pitch: 0.3400
[INFO GRT-0088] Layer met2    Track-Pitch = 0.4600  line-2-Via Pitch: 0.3500
[INFO GRT-0088] Layer met3    Track-Pitch = 0.6800  line-2-Via Pitch: 0.6150
[INFO GRT-0088] Layer met4    Track-Pitch = 0.9200  line-2-Via Pitch: 1.0400
[INFO GRT-0088] Layer met5    Track-Pitch = 3.4000  line-2-Via Pitch: 3.1100
[INFO GRT-0003] Macros: 1
[INFO GRT-0004] Blockages: 2
[INFO GRT-0019] Found 1 clock nets.
[INFO GRT-0001] Minimum degree: 2
[INFO GRT-0002] Maximum degree: 2

[INFO GRT-0053] Routing resources analysis:
          Routing      Original      Derated      Resource
Layer     Direction    Resources     Resources    Reduction (%)
---------------------------------------------------------------
li1        Vertical            0             0          0.00%
met1       Horizontal      79910         62267          22.08%
met2       Vertical        64687         49839          22.95%
met3       Horizontal      87638         68598          21.73%
met4       Vertical        59638         43137          27.67%
met5       Horizontal      13502          9548          29.28%
---------------------------------------------------------------

[INFO GRT-0101] Running extra iterations to remove congestion.
[INFO GRT-0102] Start extra iteration 1/30
[INFO GRT-0102] Start extra iteration 2/30
[INFO GRT-0102] Start extra iteration 3/30
[INFO GRT-0102] Start extra iteration 4/30
[INFO GRT-0102] Start extra iteration 5/30
[INFO GRT-0102] Start extra iteration 6/30
[INFO GRT-0197] Via related to pin nodes: 2221
[INFO GRT-0198] Via related Steiner nodes: 0
[INFO GRT-0199] Via filling finished.
[INFO GRT-0111] Final number of vias: 3904
[INFO GRT-0112] Final usage 3D: 39804

[INFO GRT-0096] Final congestion report:
Layer         Resource        Demand        Usage (%)    Max H / Max V / Total Congestion
---------------------------------------------------------------------------------------
li1                  0             0            0.00%             0 /  0 /  0
met1             62267          6166            9.90%             0 /  0 /  0
met2             49839          4380            8.79%             0 /  0 /  0
met3             68598          8985           13.10%             0 /  0 /  0
met4             43137          6510           15.09%             0 /  0 /  0
met5              9548          2051           21.48%             0 /  0 /  0
---------------------------------------------------------------------------------------
Total           233389         28092           12.04%             0 /  0 /  0

[INFO GRT-0018] Total wirelength: 205137 um
[INFO GRT-0014] Routed nets: 542
[INFO GRT-0303] Global routing runtime = 00:00:01
estimate_parasitics -global_routing
Perform buffer insertion and gate resizing...
repair_design -verbose
Iteration |   Area    | Resized | Buffers | Nets repaired | Remaining
---------------------------------------------------------------------
        0 |     +0.0% |       0 |       0 |             0 |       542
[ERROR RSZ-0090] Max transition time from SDC is 0.351ns. Best achievable transition time is 0.453ns with a load of 0.45pF
Error: global_route.tcl, 156 RSZ-0090
Elapsed time: 0:05.05[h:]min:sec. CPU time: user 8.35 sys 0.51 (175%). Peak memory: 286688KB.
make[1]: *** [Makefile:581: do-5_1_grt] Error 1
make: *** [Makefile:581: /work/campaigns/iscas_sustainability_extension/memory_compiler/gate3_attempt06_replacement_sram_backend_qualification/raw/openroad/work/results/sky130hd/attempt06_u0/base/5_1_grt.odb] Error 2
cp /work/campaigns/iscas_sustainability_extension/memory_compiler/gate3_attempt06_replacement_sram_backend_qualification/openroad/u0/constraint.sdc /work/campaigns/iscas_sustainability_extension/memory_compiler/gate3_attempt06_replacement_sram_backend_qualification/raw/openroad/work/results/sky130hd/attempt06_u0/base/1_2_yosys.sdc
touch -r /work/campaigns/iscas_sustainability_extension/memory_compiler/gate3_attempt06_replacement_sram_backend_qualification/openroad/u0/constraint.sdc /work/campaigns/iscas_sustainability_extension/memory_compiler/gate3_attempt06_replacement_sram_backend_qualification/raw/openroad/work/results/sky130hd/attempt06_u0/base/1_2_yosys.sdc
/OpenROAD-flow-scripts/flow/scripts/flow.sh 3_5_place_dp detail_place
Running detail_place.tcl, stage 3_5_place_dp
read_liberty /OpenROAD-flow-scripts/flow/platforms/sky130hd/lib/sky130_fd_sc_hd__tt_025C_1v80.lib
read_liberty /work/campaigns/iscas_sustainability_extension/memory_compiler/gate3_attempt06_replacement_sram_backend_qualification/source_checkout/sram22_256x64m4w8/sram22_256x64m4w8_tt_025C_1v80.lib
read_db /work/campaigns/iscas_sustainability_extension/memory_compiler/gate3_attempt06_replacement_sram_backend_qualification/raw/openroad/work/results/sky130hd/attempt06_u0/base/3_4_place_resized.odb
read_sdc /work/campaigns/iscas_sustainability_extension/memory_compiler/gate3_attempt06_replacement_sram_backend_qualification/raw/openroad/work/results/sky130hd/attempt06_u0/base/2_floorplan.sdc
source /OpenROAD-flow-scripts/flow/platforms/sky130hd/setRC.tcl
detailed_placement
[INFO DPL-0006] Core area: 421043.81 um^2
[INFO DPL-0007] Movable instances area: 2763.90 um^2
[INFO DPL-0008] Fixed instances area within core: 204950.13 um^2
[INFO DPL-0009] Utilization: 49.3%
[INFO DPL-0005] Diamond search max displacement: +/- 500 sites horizontally, +/- 100 rows vertically.
[INFO DPL-1102] Legalizing using negotiation legalizer.
[INFO DPL-1103] Negotiation base search window: +/-20 sites horizontally, +/-5 rows vertically 
	Automatic search window extension enabled.
	Search window extendable up to the max displacement cap of +/-500 sites, +/-100 rows near walls.
[INFO DPL-1104] NegotiationLegalizer DRC penalty: 5.
[INFO DPL-0392] Negotiation cell height distribution (2 unique row-count(s)):
[INFO DPL-0393]   height 1 row(s): 3331 cells
[INFO DPL-0393]   height 108 row(s): 1 cells
          |      Total |  Illegal |  Illegal
Iteration | Violations |    Cells |    Sites
---------------------------------------------
        0 |          0 |         0 |         0
Negotiation phase 1 converged at iteration 0.
[INFO DPL-0500] Runtime: 0.05s
Placement Analysis
---------------------------------
total displacement       1421.3 u
average displacement        0.4 u
max displacement          129.6 u
original HPWL          134180.0 u
legalized HPWL         133480.5 u
delta HPWL                   -1 %

improve_placement -max_displacement "5 1"
Detailed placement improvement.
[INFO DPL-0401] Setting random seed to 1.
[INFO DPL-0402] Setting maximum displacement 5 1 to 13600 2720 units.
[INFO DPL-0320] Collected 3201 fixed cells.
[INFO DPL-0318] Collected 387 single height cells.
[INFO DPL-0321] Collected 0 wide cells.
[INFO DPL-0322] Image (10120, 10880) - (889640, 489600)
[INFO DPL-0310] Assigned 387 cells into segments.  Movement in X-direction is 0.000000, movement in Y-direction is 0.000000.
[INFO DPL-0313] Found 0 cells in wrong regions.
[INFO DPL-0315] Found 0 row alignment problems.
[INFO DPL-0314] Found 0 site alignment problems.
[INFO DPL-0311] Found 0 overlaps between adjacent cells.
[INFO DPL-0312] Found 0 edge spacing violations and 0 padding violations.
[INFO DPL-0303] Running algorithm for independent set matching.
[INFO DPL-0300] Set matching objective is wirelength.
[INFO DPL-0301] Pass   1 of matching; objective is 7.087311e+07.
[INFO DPL-0302] End of matching; objective is 7.041755e+07, improvement is 0.64 percent.
[INFO DPL-0303] Running algorithm for global swaps.
[INFO DPL-0306] Pass   1 of global swaps; hpwl is 6.914724e+07.
[INFO DPL-0306] Pass   2 of global swaps; hpwl is 6.882002e+07.
[INFO DPL-0307] End of global swaps; objective is 6.882002e+07, improvement is 2.27 percent.
[INFO DPL-0303] Running algorithm for vertical swaps.
[INFO DPL-0308] Pass   1 of vertical swaps; hpwl is 6.873691e+07.
[INFO DPL-0309] End of vertical swaps; objective is 6.873691e+07, improvement is 0.12 percent.
[INFO DPL-0303] Running algorithm for reordering.
[INFO DPL-0304] Pass   1 of reordering; objective is 6.863643e+07.
[INFO DPL-0305] End of reordering; objective is 6.863643e+07, improvement is 0.15 percent.
[INFO DPL-0303] Running algorithm for random improvement.
[INFO DPL-0324] Random improver is using random generator.
[INFO DPL-0325] Random improver is using hpwl objective.
[INFO DPL-0326] Random improver cost string is (a).
[INFO DPL-0332] End of pass, Generator random called 7740 times.
[INFO DPL-0335] Generator random, Cumulative attempts 7740, swaps 324, moves  3373 since last reset.
[INFO DPL-0333] End of pass, Objective hpwl, Initial cost 6.863643e+07, Scratch cost 6.793415e+07, Incremental cost 6.793415e+07, Mismatch? N
[INFO DPL-0338] End of pass, Total cost is 6.793415e+07.
[INFO DPL-0327] Pass   1 of random improver; improvement in cost is 1.02 percent.
[INFO DPL-0332] End of pass, Generator random called 7740 times.
[INFO DPL-0335] Generator random, Cumulative attempts 15480, swaps 643, moves  6604 since last reset.
[INFO DPL-0333] End of pass, Objective hpwl, Initial cost 6.793415e+07, Scratch cost 6.771244e+07, Incremental cost 6.771244e+07, Mismatch? N
[INFO DPL-0338] End of pass, Total cost is 6.771244e+07.
[INFO DPL-0327] Pass   2 of random improver; improvement in cost is 0.33 percent.
[INFO DPL-0328] End of random improver; improvement is 1.346212 percent.
[INFO DPL-0380] Cell flipping.
[INFO DPL-0382] Changed 0 cell orientations for row compatibility.
[INFO DPL-0383] Performed 151 cell flips.
[INFO DPL-0384] End of flipping; objective is 6.746791e+07, improvement is 0.36 percent.
[INFO DPL-0313] Found 0 cells in wrong regions.
[INFO DPL-0315] Found 0 row alignment problems.
[INFO DPL-0314] Found 0 site alignment problems.
[INFO DPL-0311] Found 0 overlaps between adjacent cells.
[INFO DPL-0312] Found 0 edge spacing violations and 0 padding violations.
Detailed Improvement Results
------------------------------------------
Original HPWL           133480.5 u (  116094.5,    17386.0)
Final HPWL              129878.0 u (  113057.3,    16820.6)
Delta HPWL                  -2.7 % (      -2.6,       -3.3)

optimize_mirroring
[INFO DPL-0020] Mirrored 17 instances
[INFO DPL-0021] HPWL before          129878.0 u
[INFO DPL-0022] HPWL after           129870.6 u
[INFO DPL-0023] HPWL delta               -0.0 %
[INFO FLW-0012] Placement violations .
estimate_parasitics -placement
Report metrics stage 3, detailed place...

==========================================================================
detailed place report_design_area
--------------------------------------------------------------------------
Design area 207714 um^2 49% utilization.
write_db /work/campaigns/iscas_sustainability_extension/memory_compiler/gate3_attempt06_replacement_sram_backend_qualification/raw/openroad/work/results/sky130hd/attempt06_u0/base/3_5_place_dp.odb
write_sdc -no_timestamp /work/campaigns/iscas_sustainability_extension/memory_compiler/gate3_attempt06_replacement_sram_backend_qualification/raw/openroad/work/results/sky130hd/attempt06_u0/base/3_place.sdc
Elapsed time: 0:04.92[h:]min:sec. CPU time: user 1.14 sys 0.45 (32%). Peak memory: 153856KB.
Log                       Ext     Elapsed/s Peak Memory/MB sha1sum result [0:20)
3_5_place_dp              .odb            4            150 db1aca0e2f4e35052c1f
cp /work/campaigns/iscas_sustainability_extension/memory_compiler/gate3_attempt06_replacement_sram_backend_qualification/raw/openroad/work/results/sky130hd/attempt06_u0/base/3_5_place_dp.odb /work/campaigns/iscas_sustainability_extension/memory_compiler/gate3_attempt06_replacement_sram_backend_qualification/raw/openroad/work/results/sky130hd/attempt06_u0/base/3_place.odb
/OpenROAD-flow-scripts/flow/scripts/flow.sh 4_1_cts cts
Running cts.tcl, stage 4_1_cts
read_liberty /OpenROAD-flow-scripts/flow/platforms/sky130hd/lib/sky130_fd_sc_hd__tt_025C_1v80.lib
read_liberty /work/campaigns/iscas_sustainability_extension/memory_compiler/gate3_attempt06_replacement_sram_backend_qualification/source_checkout/sram22_256x64m4w8/sram22_256x64m4w8_tt_025C_1v80.lib
read_db /work/campaigns/iscas_sustainability_extension/memory_compiler/gate3_attempt06_replacement_sram_backend_qualification/raw/openroad/work/results/sky130hd/attempt06_u0/base/3_place.odb
read_sdc /work/campaigns/iscas_sustainability_extension/memory_compiler/gate3_attempt06_replacement_sram_backend_qualification/raw/openroad/work/results/sky130hd/attempt06_u0/base/3_place.sdc
source /OpenROAD-flow-scripts/flow/platforms/sky130hd/setRC.tcl
clock_tree_synthesis -sink_clustering_enable -repair_clock_nets
[INFO CTS-0050] Root buffer is sky130_fd_sc_hd__clkbuf_16.
[INFO CTS-0051] Sink buffer is sky130_fd_sc_hd__clkbuf_16.
[INFO CTS-0052] The following clock buffers will be used for CTS:
                    sky130_fd_sc_hd__clkbuf_16
[INFO CTS-0049] Characterization buffer is sky130_fd_sc_hd__clkbuf_16.
[INFO CTS-0007] Net "clk" found for clock "core_clk".
[WARNING CTS-0041] Net "clk" has 1 sinks. Skipping...
[WARNING CTS-0083] No clock nets have been found.
[INFO CTS-0008] TritonCTS found 0 clock nets.
[WARNING CTS-0082] No valid clock nets in the design.
[INFO CTS-0500] Runtime: 1.46s
estimate_parasitics -placement
detailed_placement
[INFO DPL-0006] Core area: 421043.81 um^2
[INFO DPL-0007] Movable instances area: 2763.90 um^2
[INFO DPL-0008] Fixed instances area within core: 204950.13 um^2
[INFO DPL-0009] Utilization: 49.3%
[INFO DPL-0005] Diamond search max displacement: +/- 500 sites horizontally, +/- 100 rows vertically.
[INFO DPL-1102] Legalizing using negotiation legalizer.
[INFO DPL-1103] Negotiation base search window: +/-20 sites horizontally, +/-5 rows vertically 
	Automatic search window extension enabled.
	Search window extendable up to the max displacement cap of +/-500 sites, +/-100 rows near walls.
[INFO DPL-1104] NegotiationLegalizer DRC penalty: 5.
[INFO DPL-0392] Negotiation cell height distribution (2 unique row-count(s)):
[INFO DPL-0393]   height 1 row(s): 3331 cells
[INFO DPL-0393]   height 108 row(s): 1 cells
[INFO DPL-0500] Runtime: 0.03s
Placement Analysis
---------------------------------
total displacement        316.9 u
average displacement        0.1 u
max displacement            7.4 u
original HPWL          129870.6 u
legalized HPWL         130105.5 u
delta HPWL                    0 %

estimate_parasitics -placement
repair_timing -setup_margin 0 -hold_margin 0 -repair_tns 100 -skip_gate_cloning -match_cell_footprint -verbose
[INFO RSZ-0100] Repair move sequence: UnbufferMove SizeUpMove SwapPinsMove BufferMove SplitLoadMove 
[INFO RSZ-0098] No setup violations found
[INFO RSZ-0505] Runtime: 0.12s
[INFO RSZ-0046] Found 1 endpoints with hold violations.
Iteration | Resized | Buffers | Cloned Gates |   Area   |   WNS   |   TNS   | Endpoint
--------------------------------------------------------------------------------------
        0 |       0 |       0 |            0 |    +0.0% |  -3.990 |  -3.990 | u_data/rstb
    final |       1 |       7 |            0 |    +0.0% |   0.004 |   0.000 | u_data/rstb
--------------------------------------------------------------------------------------
[INFO RSZ-0132] Resized 1 instances.
[INFO RSZ-0032] Inserted 7 hold buffers.
[INFO RSZ-0506] Runtime: 0.02s
detailed_placement
[INFO DPL-0006] Core area: 421043.81 um^2
[INFO DPL-0007] Movable instances area: 2851.48 um^2
[INFO DPL-0008] Fixed instances area within core: 204950.13 um^2
[INFO DPL-0009] Utilization: 49.4%
[INFO DPL-0005] Diamond search max displacement: +/- 500 sites horizontally, +/- 100 rows vertically.
[INFO DPL-1102] Legalizing using negotiation legalizer.
[INFO DPL-1103] Negotiation base search window: +/-20 sites horizontally, +/-5 rows vertically 
	Automatic search window extension enabled.
	Search window extendable up to the max displacement cap of +/-500 sites, +/-100 rows near walls.
[INFO DPL-1104] NegotiationLegalizer DRC penalty: 5.
[INFO DPL-0392] Negotiation cell height distribution (2 unique row-count(s)):
[INFO DPL-0393]   height 1 row(s): 3338 cells
[INFO DPL-0393]   height 108 row(s): 1 cells
          |      Total |  Illegal |  Illegal
Iteration | Violations |    Cells |    Sites
---------------------------------------------
        0 |          0 |         0 |         0
Negotiation phase 1 converged at iteration 0.
[INFO DPL-0500] Runtime: 0.02s
Placement Analysis
---------------------------------
total displacement         43.6 u
average displacement        0.0 u
max displacement           23.8 u
original HPWL          130099.8 u
legalized HPWL         130106.4 u
delta HPWL                    0 %

Report metrics stage 4, cts final...

==========================================================================
cts final report_design_area
--------------------------------------------------------------------------
Design area 207802 um^2 49% utilization.
write_db /work/campaigns/iscas_sustainability_extension/memory_compiler/gate3_attempt06_replacement_sram_backend_qualification/raw/openroad/work/results/sky130hd/attempt06_u0/base/4_1_cts.odb
write_sdc -no_timestamp /work/campaigns/iscas_sustainability_extension/memory_compiler/gate3_attempt06_replacement_sram_backend_qualification/raw/openroad/work/results/sky130hd/attempt06_u0/base/4_cts.sdc
Elapsed time: 0:06.27[h:]min:sec. CPU time: user 2.51 sys 0.52 (48%). Peak memory: 168348KB.
Log                       Ext     Elapsed/s Peak Memory/MB sha1sum result [0:20)
4_1_cts                   .odb            6            164 44ce320270d2a4448093
cp /work/campaigns/iscas_sustainability_extension/memory_compiler/gate3_attempt06_replacement_sram_backend_qualification/raw/openroad/work/results/sky130hd/attempt06_u0/base/4_1_cts.odb /work/campaigns/iscas_sustainability_extension/memory_compiler/gate3_attempt06_replacement_sram_backend_qualification/raw/openroad/work/results/sky130hd/attempt06_u0/base/4_cts.odb
/OpenROAD-flow-scripts/flow/scripts/flow.sh 5_1_grt global_route
Running global_route.tcl, stage 5_1_grt
read_liberty /OpenROAD-flow-scripts/flow/platforms/sky130hd/lib/sky130_fd_sc_hd__tt_025C_1v80.lib
read_liberty /work/campaigns/iscas_sustainability_extension/memory_compiler/gate3_attempt06_replacement_sram_backend_qualification/source_checkout/sram22_256x64m4w8/sram22_256x64m4w8_tt_025C_1v80.lib
read_db /work/campaigns/iscas_sustainability_extension/memory_compiler/gate3_attempt06_replacement_sram_backend_qualification/raw/openroad/work/results/sky130hd/attempt06_u0/base/4_cts.odb
read_sdc /work/campaigns/iscas_sustainability_extension/memory_compiler/gate3_attempt06_replacement_sram_backend_qualification/raw/openroad/work/results/sky130hd/attempt06_u0/base/4_cts.sdc
source /OpenROAD-flow-scripts/flow/platforms/sky130hd/setRC.tcl
pin_access
[INFO DRT-0149] Reading tech and libs.
[WARNING DRT-0349] LEF58_ENCLOSURE with no CUTCLASS is not supported. Skipping for layer mcon
[WARNING DRT-0349] LEF58_ENCLOSURE with no CUTCLASS is not supported. Skipping for layer mcon
[WARNING DRT-0349] LEF58_ENCLOSURE with no CUTCLASS is not supported. Skipping for layer via
[WARNING DRT-0349] LEF58_ENCLOSURE with no CUTCLASS is not supported. Skipping for layer via
[WARNING DRT-0349] LEF58_ENCLOSURE with no CUTCLASS is not supported. Skipping for layer via2
[WARNING DRT-0349] LEF58_ENCLOSURE with no CUTCLASS is not supported. Skipping for layer via2
[WARNING DRT-0349] LEF58_ENCLOSURE with no CUTCLASS is not supported. Skipping for layer via3
[WARNING DRT-0349] LEF58_ENCLOSURE with no CUTCLASS is not supported. Skipping for layer via3
[WARNING DRT-0349] LEF58_ENCLOSURE with no CUTCLASS is not supported. Skipping for layer via4
[WARNING DRT-0349] LEF58_ENCLOSURE with no CUTCLASS is not supported. Skipping for layer via4

Units:                1000
Number of layers:     13
Number of macros:     442
Number of vias:       109
Number of viarulegen: 25

[INFO DRT-0150] Reading design.

Design:                   u0_sram22_top
Die area:                 ( 0 0 ) ( 900000 500000 )
Number of track patterns: 12
Number of DEF vias:       0
Number of components:     3339
Number of terminals:      150
Number of snets:          2
Number of nets:           542

[INFO DRT-0167] List of default vias:
  Layer via
    default via: M1M2_PR
  Layer via2
    default via: M2M3_PR
  Layer via3
    default via: M3M4_PR
  Layer via4
    default via: M4M5_PR
[INFO DRT-0162] Library cell analysis.
[INFO DRT-0163] Instance analysis.
[INFO DRT-0164] Number of unique instances = 17.
[INFO DRT-0168] Init region query.
[INFO DRT-0024]   Complete FR_MASTERSLICE.
[INFO DRT-0024]   Complete Fr_VIA.
[INFO DRT-0024]   Complete li1.
[INFO DRT-0024]   Complete mcon.
[INFO DRT-0024]   Complete met1.
[INFO DRT-0024]   Complete via.
[INFO DRT-0024]   Complete met2.
[INFO DRT-0024]   Complete via2.
[INFO DRT-0024]   Complete met3.
[INFO DRT-0024]   Complete via3.
[INFO DRT-0024]   Complete met4.
[INFO DRT-0024]   Complete via4.
[INFO DRT-0024]   Complete met5.
[INFO DRT-0033] FR_MASTERSLICE shape region query size = 0.
[INFO DRT-0033] FR_VIA shape region query size = 0.
[INFO DRT-0033] li1 shape region query size = 19775.
[INFO DRT-0033] mcon shape region query size = 10446.
[INFO DRT-0033] met1 shape region query size = 9941.
[INFO DRT-0033] via shape region query size = 14479.
[INFO DRT-0033] met2 shape region query size = 13331.
[INFO DRT-0033] via2 shape region query size = 27837.
[INFO DRT-0033] met3 shape region query size = 17798.
[INFO DRT-0033] via3 shape region query size = 27840.
[INFO DRT-0033] met4 shape region query size = 7117.
[INFO DRT-0033] via4 shape region query size = 1120.
[INFO DRT-0033] met5 shape region query size = 1190.
[INFO DRT-0165] Start pin access.
[INFO DRT-0078]   Complete 238 pins.
[INFO DRT-0081]   Complete 16 unique inst patterns.
[INFO DRT-0084]   Complete 322 groups.
#scanned instances     = 3339
#unique  instances     = 17
#stdCellGenAp          = 300
#stdCellValidPlanarAp  = 0
#stdCellValidViaAp     = 198
#stdCellPinNoAp        = 0
#stdCellPinCnt         = 788
#instTermValidViaApCnt = 0
#macroGenAp            = 253
#macroValidPlanarAp    = 172
#macroValidViaAp       = 0
#macroNoAp             = 0
[INFO DRT-0166] Complete pin access.
[INFO DRT-0267] cpu time = 00:00:05, elapsed time = 00:00:01, memory = 142.08 (MB), peak = 141.73 (MB)
global_route -congestion_report_file /work/campaigns/iscas_sustainability_extension/memory_compiler/gate3_attempt06_replacement_sram_backend_qualification/raw/openroad/work/reports/sky130hd/attempt06_u0/base/congestion.rpt -congestion_iterations 30 -congestion_report_iter_step 5 -verbose
[INFO GRT-0020] Min routing layer: met1
[INFO GRT-0021] Max routing layer: met5
[INFO GRT-0022] Global adjustment: 0%
[INFO GRT-0023] Grid origin: (0, 0)
[INFO GRT-0088] Layer li1     Track-Pitch = 0.4600  line-2-Via Pitch: 0.3400
[INFO GRT-0088] Layer met1    Track-Pitch = 0.3400  line-2-Via Pitch: 0.3400
[INFO GRT-0088] Layer met2    Track-Pitch = 0.4600  line-2-Via Pitch: 0.3500
[INFO GRT-0088] Layer met3    Track-Pitch = 0.6800  line-2-Via Pitch: 0.6150
[INFO GRT-0088] Layer met4    Track-Pitch = 0.9200  line-2-Via Pitch: 1.0400
[INFO GRT-0088] Layer met5    Track-Pitch = 3.4000  line-2-Via Pitch: 3.1100
[INFO GRT-0003] Macros: 1
[INFO GRT-0004] Blockages: 2
[INFO GRT-0019] Found 1 clock nets.
[INFO GRT-0001] Minimum degree: 2
[INFO GRT-0002] Maximum degree: 2

[INFO GRT-0053] Routing resources analysis:
          Routing      Original      Derated      Resource
Layer     Direction    Resources     Resources    Reduction (%)
---------------------------------------------------------------
li1        Vertical            0             0          0.00%
met1       Horizontal      79910         62267          22.08%
met2       Vertical        64687         49839          22.95%
met3       Horizontal      87638         68598          21.73%
met4       Vertical        59638         43137          27.67%
met5       Horizontal      13502          9548          29.28%
---------------------------------------------------------------

[INFO GRT-0101] Running extra iterations to remove congestion.
[INFO GRT-0102] Start extra iteration 1/30
[INFO GRT-0102] Start extra iteration 2/30
[INFO GRT-0102] Start extra iteration 3/30
[INFO GRT-0102] Start extra iteration 4/30
[INFO GRT-0102] Start extra iteration 5/30
[INFO GRT-0102] Start extra iteration 6/30
[INFO GRT-0197] Via related to pin nodes: 2221
[INFO GRT-0198] Via related Steiner nodes: 0
[INFO GRT-0199] Via filling finished.
[INFO GRT-0111] Final number of vias: 3904
[INFO GRT-0112] Final usage 3D: 39804

[INFO GRT-0096] Final congestion report:
Layer         Resource        Demand        Usage (%)    Max H / Max V / Total Congestion
---------------------------------------------------------------------------------------
li1                  0             0            0.00%             0 /  0 /  0
met1             62267          6166            9.90%             0 /  0 /  0
met2             49839          4380            8.79%             0 /  0 /  0
met3             68598          8985           13.10%             0 /  0 /  0
met4             43137          6510           15.09%             0 /  0 /  0
met5              9548          2051           21.48%             0 /  0 /  0
---------------------------------------------------------------------------------------
Total           233389         28092           12.04%             0 /  0 /  0

[INFO GRT-0018] Total wirelength: 205137 um
[INFO GRT-0014] Routed nets: 542
[INFO GRT-0303] Global routing runtime = 00:00:01
estimate_parasitics -global_routing
global_route -start_incremental
global_route -end_incremental -congestion_report_file /work/campaigns/iscas_sustainability_extension/memory_compiler/gate3_attempt06_replacement_sram_backend_qualification/raw/openroad/work/reports/sky130hd/attempt06_u0/base/congestion_post_recover_power.rpt
Repair antennas...
[INFO GRT-0012] Found 165 antenna violations.
[INFO GRT-0302] Inserted 113 jumpers for 92 nets.
[INFO GRT-0012] Found 96 antenna violations.
[WARNING GRT-0243] Unable to repair antennas on net with diodes.
[INFO DPL-0006] Core area: 421043.81 um^2
[INFO DPL-0007] Movable instances area: 3055.43 um^2
[INFO DPL-0008] Fixed instances area within core: 206004.89 um^2
[INFO DPL-0009] Utilization: 49.7%
[INFO DPL-0005] Diamond search max displacement: +/- 500 sites horizontally, +/- 100 rows vertically.
[INFO DPL-1102] Legalizing using negotiation legalizer.
[INFO DPL-1103] Negotiation base search window: +/-20 sites horizontally, +/-5 rows vertically 
	Automatic search window extension enabled.
	Search window extendable up to the max displacement cap of +/-500 sites, +/-100 rows near walls.
[INFO DPL-1104] NegotiationLegalizer DRC penalty: 5.
[INFO DPL-0392] Negotiation cell height distribution (2 unique row-count(s)):
[INFO DPL-0393]   height 1 row(s): 3841 cells
[INFO DPL-0393]   height 108 row(s): 1 cells
          |      Total |  Illegal |  Illegal
Iteration | Violations |    Cells |    Sites
---------------------------------------------
        0 |         17 |         5 |         9
        1 |          0 |         0 |         0
Negotiation phase 1 converged at iteration 1.
[INFO DPL-0500] Runtime: 0.05s
[INFO GRT-0015] Inserted 503 diodes.
[INFO GRT-0012] Found 52 antenna violations.
[INFO GRT-0302] Inserted 12 jumpers for 12 nets.
[INFO GRT-0012] Found 44 antenna violations.
[WARNING GRT-0243] Unable to repair antennas on net with diodes.
[INFO DPL-0006] Core area: 421043.81 um^2
[INFO DPL-0007] Movable instances area: 4240.32 um^2
[INFO DPL-0008] Fixed instances area within core: 205730.88 um^2
[INFO DPL-0009] Utilization: 49.9%
[INFO DPL-0005] Diamond search max displacement: +/- 500 sites horizontally, +/- 100 rows vertically.
[INFO DPL-1102] Legalizing using negotiation legalizer.
[INFO DPL-1103] Negotiation base search window: +/-20 sites horizontally, +/-5 rows vertically 
	Automatic search window extension enabled.
	Search window extendable up to the max displacement cap of +/-500 sites, +/-100 rows near walls.
[INFO DPL-1104] NegotiationLegalizer DRC penalty: 5.
[INFO DPL-0392] Negotiation cell height distribution (2 unique row-count(s)):
[INFO DPL-0393]   height 1 row(s): 4205 cells
[INFO DPL-0393]   height 108 row(s): 1 cells
          |      Total |  Illegal |  Illegal
Iteration | Violations |    Cells |    Sites
---------------------------------------------
        0 |        184 |        52 |       102
        1 |         84 |        26 |        49
        2 |         36 |        12 |        24
        3 |          0 |         0 |         0
Negotiation phase 1 converged at iteration 3.
[INFO DPL-0500] Runtime: 0.05s
[INFO GRT-0015] Inserted 364 diodes.
[INFO GRT-0012] Found 29 antenna violations.
[INFO GRT-0302] Inserted 8 jumpers for 6 nets.
[INFO GRT-0012] Found 24 antenna violations.
[INFO DPL-0006] Core area: 421043.81 um^2
[INFO DPL-0007] Movable instances area: 5203.74 um^2
[INFO DPL-0008] Fixed instances area within core: 205305.47 um^2
[INFO DPL-0009] Utilization: 50.0%
[INFO DPL-0005] Diamond search max displacement: +/- 500 sites horizontally, +/- 100 rows vertically.
[INFO DPL-1102] Legalizing using negotiation legalizer.
[INFO DPL-1103] Negotiation base search window: +/-20 sites horizontally, +/-5 rows vertically 
	Automatic search window extension enabled.
	Search window extendable up to the max displacement cap of +/-500 sites, +/-100 rows near walls.
[INFO DPL-1104] NegotiationLegalizer DRC penalty: 5.
[INFO DPL-0392] Negotiation cell height distribution (2 unique row-count(s)):
[INFO DPL-0393]   height 1 row(s): 4420 cells
[INFO DPL-0393]   height 108 row(s): 1 cells
          |      Total |  Illegal |  Illegal
Iteration | Violations |    Cells |    Sites
---------------------------------------------
        0 |        311 |        79 |       144
        1 |        209 |        55 |       101
        2 |        156 |        34 |        59
        3 |         51 |        19 |        32
        4 |         22 |         8 |        14
        5 |         22 |         8 |        14
        6 |         18 |         8 |        10
        7 |         20 |         8 |        12
        8 |         16 |         6 |        10
        9 |         19 |         7 |        12
       10 |         14 |         6 |         8
       20 |         13 |         5 |         8
       29 |          0 |         0 |         0
Negotiation phase 1 converged at iteration 29.
[INFO DPL-0500] Runtime: 0.11s
[INFO GRT-0015] Inserted 215 diodes.
[INFO GRT-0012] Found 16 antenna violations.
[INFO GRT-0302] Inserted 1 jumpers for 1 nets.
[INFO GRT-0012] Found 15 antenna violations.
[INFO DPL-0006] Core area: 421043.81 um^2
[INFO DPL-0007] Movable instances area: 5721.74 um^2
[INFO DPL-0008] Fixed instances area within core: 205137.81 um^2
[INFO DPL-0009] Utilization: 50.1%
[INFO DPL-0005] Diamond search max displacement: +/- 500 sites horizontally, +/- 100 rows vertically.
[INFO DPL-1102] Legalizing using negotiation legalizer.
[INFO DPL-1103] Negotiation base search window: +/-20 sites horizontally, +/-5 rows vertically 
	Automatic search window extension enabled.
	Search window extendable up to the max displacement cap of +/-500 sites, +/-100 rows near walls.
[INFO DPL-1104] NegotiationLegalizer DRC penalty: 5.
[INFO DPL-0392] Negotiation cell height distribution (2 unique row-count(s)):
[INFO DPL-0393]   height 1 row(s): 4560 cells
[INFO DPL-0393]   height 108 row(s): 1 cells
          |      Total |  Illegal |  Illegal
Iteration | Violations |    Cells |    Sites
---------------------------------------------
        0 |        243 |        73 |       131
        1 |        110 |        38 |        66
        2 |         85 |        27 |        46
        3 |         97 |        31 |        54
        4 |         86 |        28 |        46
        5 |         93 |        31 |        50
        6 |         92 |        30 |        50
        7 |         83 |        29 |        48
        8 |         71 |        27 |        44
        9 |         75 |        27 |        48
       10 |         66 |        25 |        35
       20 |         43 |        19 |        24
       30 |         38 |        16 |        22
       40 |         39 |        15 |        24
       50 |         34 |        13 |        21
       60 |         18 |         8 |        10
       70 |         22 |         8 |        14
       80 |          6 |         2 |         4
       83 |          0 |         0 |         0
Negotiation phase 1 converged at iteration 83.
[INFO DPL-0500] Runtime: 0.31s
[INFO GRT-0015] Inserted 140 diodes.
[INFO GRT-0012] Found 8 antenna violations.
[INFO GRT-0302] Inserted 1 jumpers for 1 nets.
[INFO GRT-0012] Found 7 antenna violations.
[INFO DPL-0006] Core area: 421043.81 um^2
[INFO DPL-0007] Movable instances area: 6009.51 um^2
[INFO DPL-0008] Fixed instances area within core: 204972.65 um^2
[INFO DPL-0009] Utilization: 50.1%
[INFO DPL-0005] Diamond search max displacement: +/- 500 sites horizontally, +/- 100 rows vertically.
[INFO DPL-1102] Legalizing using negotiation legalizer.
[INFO DPL-1103] Negotiation base search window: +/-20 sites horizontally, +/-5 rows vertically 
	Automatic search window extension enabled.
	Search window extendable up to the max displacement cap of +/-500 sites, +/-100 rows near walls.
[INFO DPL-1104] NegotiationLegalizer DRC penalty: 5.
[INFO DPL-0392] Negotiation cell height distribution (2 unique row-count(s)):
[INFO DPL-0393]   height 1 row(s): 4609 cells
[INFO DPL-0393]   height 108 row(s): 1 cells
          |      Total |  Illegal |  Illegal
Iteration | Violations |    Cells |    Sites
---------------------------------------------
        0 |        230 |        60 |       110
        1 |        160 |        48 |        85
        2 |        160 |        46 |        90
        3 |        146 |        44 |        84
        4 |        133 |        41 |        83
        5 |        116 |        39 |        74
        6 |        122 |        45 |        77
        7 |        115 |        44 |        71
        8 |        109 |        42 |        67
        9 |        102 |        42 |        60
       10 |        113 |        44 |        69
       20 |         75 |        29 |        46
       30 |         53 |        21 |        32
       40 |         34 |        12 |        22
       50 |         18 |         6 |        12
       60 |         18 |         6 |        12
       70 |          6 |         2 |         4
       80 |          4 |         2 |         2
       87 |          4 |         2 |         2
[WARNING DPL-0700] Negotiation phase 1: violations stuck at 4 for 3 consecutive iterations.
Using old diamond search for 2 remaining illegal cells.
diamond recovery: recovered 1/2 stuck cells.
Negotiation phase 2: isolation point active, 1000 iterations.
      400 |          0 |         0 |         0
Negotiation phase 2 converged at iteration 0.
[INFO DPL-0500] Runtime: 0.29s
[INFO GRT-0015] Inserted 49 diodes.
[INFO ANT-0002] Found 8 net violations.
[INFO ANT-0001] Found 8 pin violations.
Estimate parasitics...
estimate_parasitics -global_routing
Report metrics stage 5, global route...

==========================================================================
global route report_design_area
--------------------------------------------------------------------------
Design area 210982 um^2 50% utilization.
[INFO FLW-0007] clock core_clk period 10.000000
[INFO FLW-0008] Clock core_clk period 6.801
[INFO FLW-0009] Clock core_clk slack 2.841
write_sdc -no_timestamp /work/campaigns/iscas_sustainability_extension/memory_compiler/gate3_attempt06_replacement_sram_backend_qualification/raw/openroad/work/results/sky130hd/attempt06_u0/base/updated_clks.sdc
[INFO FLW-0011] Path endpoint path count 1418
write_db /work/campaigns/iscas_sustainability_extension/memory_compiler/gate3_attempt06_replacement_sram_backend_qualification/raw/openroad/work/results/sky130hd/attempt06_u0/base/5_1_grt.odb
write_sdc -no_timestamp /work/campaigns/iscas_sustainability_extension/memory_compiler/gate3_attempt06_replacement_sram_backend_qualification/raw/openroad/work/results/sky130hd/attempt06_u0/base/5_1_grt.sdc
Elapsed time: 0:15.16[h:]min:sec. CPU time: user 21.69 sys 1.01 (149%). Peak memory: 303176KB.
Log                       Ext     Elapsed/s Peak Memory/MB sha1sum result [0:20)
5_1_grt                   .odb           15            296 b0f3303ab8e5e5c7a292
5_1_grt                   .sdc                             a42be0ef2c48d0e04fec
/OpenROAD-flow-scripts/flow/scripts/flow.sh 5_2_route detail_route
Running detail_route.tcl, stage 5_2_route
read_liberty /OpenROAD-flow-scripts/flow/platforms/sky130hd/lib/sky130_fd_sc_hd__tt_025C_1v80.lib
read_liberty /work/campaigns/iscas_sustainability_extension/memory_compiler/gate3_attempt06_replacement_sram_backend_qualification/source_checkout/sram22_256x64m4w8/sram22_256x64m4w8_tt_025C_1v80.lib
read_db /work/campaigns/iscas_sustainability_extension/memory_compiler/gate3_attempt06_replacement_sram_backend_qualification/raw/openroad/work/results/sky130hd/attempt06_u0/base/5_1_grt.odb
read_sdc /work/campaigns/iscas_sustainability_extension/memory_compiler/gate3_attempt06_replacement_sram_backend_qualification/raw/openroad/work/results/sky130hd/attempt06_u0/base/5_1_grt.sdc
source /OpenROAD-flow-scripts/flow/platforms/sky130hd/setRC.tcl
detailed_route -output_drc /work/campaigns/iscas_sustainability_extension/memory_compiler/gate3_attempt06_replacement_sram_backend_qualification/raw/openroad/work/reports/sky130hd/attempt06_u0/base/5_route_drc.rpt -output_maze /work/campaigns/iscas_sustainability_extension/memory_compiler/gate3_attempt06_replacement_sram_backend_qualification/raw/openroad/work/results/sky130hd/attempt06_u0/base/maze.log -droute_end_iter 64 -verbose 1 -drc_report_iter_step 5
[INFO DRT-0149] Reading tech and libs.
[WARNING DRT-0349] LEF58_ENCLOSURE with no CUTCLASS is not supported. Skipping for layer mcon
[WARNING DRT-0349] LEF58_ENCLOSURE with no CUTCLASS is not supported. Skipping for layer mcon
[WARNING DRT-0349] LEF58_ENCLOSURE with no CUTCLASS is not supported. Skipping for layer via
[WARNING DRT-0349] LEF58_ENCLOSURE with no CUTCLASS is not supported. Skipping for layer via
[WARNING DRT-0349] LEF58_ENCLOSURE with no CUTCLASS is not supported. Skipping for layer via2
[WARNING DRT-0349] LEF58_ENCLOSURE with no CUTCLASS is not supported. Skipping for layer via2
[WARNING DRT-0349] LEF58_ENCLOSURE with no CUTCLASS is not supported. Skipping for layer via3
[WARNING DRT-0349] LEF58_ENCLOSURE with no CUTCLASS is not supported. Skipping for layer via3
[WARNING DRT-0349] LEF58_ENCLOSURE with no CUTCLASS is not supported. Skipping for layer via4
[WARNING DRT-0349] LEF58_ENCLOSURE with no CUTCLASS is not supported. Skipping for layer via4

Units:                1000
Number of layers:     13
Number of macros:     442
Number of vias:       109
Number of viarulegen: 25

[INFO DRT-0150] Reading design.

Design:                   u0_sram22_top
Die area:                 ( 0 0 ) ( 900000 500000 )
Number of track patterns: 12
Number of DEF vias:       0
Number of components:     4610
Number of terminals:      150
Number of snets:          2
Number of nets:           542

[INFO DRT-0167] List of default vias:
  Layer via
    default via: M1M2_PR
  Layer via2
    default via: M2M3_PR
  Layer via3
    default via: M3M4_PR
  Layer via4
    default via: M4M5_PR
[INFO DRT-0162] Library cell analysis.
[INFO DRT-0163] Instance analysis.
[INFO DRT-0164] Number of unique instances = 19.
[INFO DRT-0168] Init region query.
[INFO DRT-0024]   Complete FR_MASTERSLICE.
[INFO DRT-0024]   Complete Fr_VIA.
[INFO DRT-0024]   Complete li1.
[INFO DRT-0024]   Complete mcon.
[INFO DRT-0024]   Complete met1.
[INFO DRT-0024]   Complete via.
[INFO DRT-0024]   Complete met2.
[INFO DRT-0024]   Complete via2.
[INFO DRT-0024]   Complete met3.
[INFO DRT-0024]   Complete via3.
[INFO DRT-0024]   Complete met4.
[INFO DRT-0024]   Complete via4.
[INFO DRT-0024]   Complete met5.
[INFO DRT-0033] FR_MASTERSLICE shape region query size = 0.
[INFO DRT-0033] FR_VIA shape region query size = 0.
[INFO DRT-0033] li1 shape region query size = 23588.
[INFO DRT-0033] mcon shape region query size = 15530.
[INFO DRT-0033] met1 shape region query size = 12483.
[INFO DRT-0033] via shape region query size = 14479.
[INFO DRT-0033] met2 shape region query size = 13331.
[INFO DRT-0033] via2 shape region query size = 27837.
[INFO DRT-0033] met3 shape region query size = 17798.
[INFO DRT-0033] via3 shape region query size = 27840.
[INFO DRT-0033] met4 shape region query size = 7117.
[INFO DRT-0033] via4 shape region query size = 1120.
[INFO DRT-0033] met5 shape region query size = 1190.
[INFO DRT-0165] Start pin access.
[INFO DRT-0078]   Complete 248 pins.
[INFO DRT-0081]   Complete 18 unique inst patterns.
[INFO DRT-0084]   Complete 590 groups.
#scanned instances     = 4610
#unique  instances     = 19
#stdCellGenAp          = 324
#stdCellValidPlanarAp  = 0
#stdCellValidViaAp     = 222
#stdCellPinNoAp        = 0
#stdCellPinCnt         = 788
#instTermValidViaApCnt = 0
#macroGenAp            = 253
#macroValidPlanarAp    = 172
#macroValidViaAp       = 0
#macroNoAp             = 0
[INFO DRT-0166] Complete pin access.
[INFO DRT-0267] cpu time = 00:00:05, elapsed time = 00:00:01, memory = 250.84 (MB), peak = 250.29 (MB)

[INFO DRT-0157] Number of guides:     6102

[INFO DRT-0169] Post process guides.
[INFO DRT-0176] GCELLGRID X 0 DO 130 STEP 6900 ;
[INFO DRT-0177] GCELLGRID Y 0 DO 72 STEP 6900 ;
[INFO DRT-0028]   Complete FR_MASTERSLICE.
[INFO DRT-0028]   Complete Fr_VIA.
[INFO DRT-0028]   Complete li1.
[INFO DRT-0028]   Complete mcon.
[INFO DRT-0028]   Complete met1.
[INFO DRT-0028]   Complete via.
[INFO DRT-0028]   Complete met2.
[INFO DRT-0028]   Complete via2.
[INFO DRT-0028]   Complete met3.
[INFO DRT-0028]   Complete via3.
[INFO DRT-0028]   Complete met4.
[INFO DRT-0028]   Complete via4.
[INFO DRT-0028]   Complete met5.
[INFO DRT-0178] Init guide query.
[INFO DRT-0035]   Complete FR_MASTERSLICE (guide).
[INFO DRT-0035]   Complete Fr_VIA (guide).
[INFO DRT-0035]   Complete li1 (guide).
[INFO DRT-0035]   Complete mcon (guide).
[INFO DRT-0035]   Complete met1 (guide).
[INFO DRT-0035]   Complete via (guide).
[INFO DRT-0035]   Complete met2 (guide).
[INFO DRT-0035]   Complete via2 (guide).
[INFO DRT-0035]   Complete met3 (guide).
[INFO DRT-0035]   Complete via3 (guide).
[INFO DRT-0035]   Complete met4 (guide).
[INFO DRT-0035]   Complete via4 (guide).
[INFO DRT-0035]   Complete met5 (guide).
[INFO DRT-0036] FR_MASTERSLICE guide region query size = 0.
[INFO DRT-0036] FR_VIA guide region query size = 0.
[INFO DRT-0036] li1 guide region query size = 1068.
[INFO DRT-0036] mcon guide region query size = 0.
[INFO DRT-0036] met1 guide region query size = 1153.
[INFO DRT-0036] via guide region query size = 0.
[INFO DRT-0036] met2 guide region query size = 909.
[INFO DRT-0036] via2 guide region query size = 0.
[INFO DRT-0036] met3 guide region query size = 705.
[INFO DRT-0036] via3 guide region query size = 0.
[INFO DRT-0036] met4 guide region query size = 520.
[INFO DRT-0036] via4 guide region query size = 0.
[INFO DRT-0036] met5 guide region query size = 84.
[INFO DRT-0179] Init gr pin query.
[INFO DRT-0267] cpu time = 00:00:00, elapsed time = 00:00:00, memory = 252.65 (MB), peak = 252.22 (MB)
[INFO DRT-0245] skipped writing guide updates to database.
[INFO DRT-0181] Start track assignment.
[INFO DRT-0184] Done with 2497 vertical wires in 3 frboxes and 1942 horizontal wires in 2 frboxes.
[INFO DRT-0186] Done with 337 vertical wires in 3 frboxes and 607 horizontal wires in 2 frboxes.
[INFO DRT-0182] Complete track assignment.
[INFO DRT-0267] cpu time = 00:00:01, elapsed time = 00:00:00, memory = 303.84 (MB), peak = 303.36 (MB)
[INFO DRT-0187] Start routing data preparation.
[INFO DRT-0267] cpu time = 00:00:00, elapsed time = 00:00:00, memory = 303.84 (MB), peak = 303.36 (MB)
[INFO DRT-0194] Start detail routing.
[INFO DRT-0195] Start 0th optimization iteration.
    Completing 10% with 0 violations.
    elapsed time = 00:00:00, memory = 316.99 (MB).
    Completing 20% with 0 violations.
    elapsed time = 00:00:02, memory = 337.59 (MB).
    Completing 30% with 810 violations.
    elapsed time = 00:00:04, memory = 349.35 (MB).
    Completing 40% with 810 violations.
    elapsed time = 00:00:04, memory = 349.85 (MB).
    Completing 50% with 810 violations.
    elapsed time = 00:00:05, memory = 356.31 (MB).
    Completing 60% with 1182 violations.
    elapsed time = 00:00:06, memory = 359.55 (MB).
    Completing 70% with 1182 violations.
    elapsed time = 00:00:08, memory = 359.60 (MB).
    Completing 80% with 1895 violations.
    elapsed time = 00:00:09, memory = 369.65 (MB).
    Completing 90% with 1895 violations.
    elapsed time = 00:00:09, memory = 370.19 (MB).
    Completing 100% with 2154 violations.
    elapsed time = 00:00:11, memory = 375.51 (MB).
[INFO DRT-0199]   Number of violations = 2338.
Viol/Layer         li1   met1    via   met2   via2   met3   met4   via4   met5
Cut Spacing          0      0      0      0      9      0      0      0      0
Metal Spacing        0    141      0    110      0    619     11      0      8
Recheck              7     51      0     24      0     52     22      0     28
Short                0    391      7     88      7    733      2      1     27
[INFO DRT-0267] cpu time = 00:00:39, elapsed time = 00:00:12, memory = 711.09 (MB), peak = 710.49 (MB)
Total wire length = 190658 um.
Total wire length on LAYER li1 = 0 um.
Total wire length on LAYER met1 = 41791 um.
Total wire length on LAYER met2 = 28514 um.
Total wire length on LAYER met3 = 65695 um.
Total wire length on LAYER met4 = 42832 um.
Total wire length on LAYER met5 = 11824 um.
Total number of vias = 5560.
Up-via summary (total 5560):

-----------------------
 FR_MASTERSLICE       0
            li1    2197
           met1    1609
           met2     679
           met3     931
           met4     144
-----------------------
               5560


[INFO DRT-0195] Start 1st optimization iteration.
    Completing 10% with 2338 violations.
    elapsed time = 00:00:00, memory = 711.70 (MB).
    Completing 20% with 2338 violations.
    elapsed time = 00:00:02, memory = 711.75 (MB).
    Completing 30% with 1999 violations.
    elapsed time = 00:00:03, memory = 711.75 (MB).
    Completing 40% with 1999 violations.
    elapsed time = 00:00:03, memory = 711.75 (MB).
    Completing 50% with 1999 violations.
    elapsed time = 00:00:04, memory = 723.88 (MB).
    Completing 60% with 1950 violations.
    elapsed time = 00:00:05, memory = 712.53 (MB).
    Completing 70% with 1950 violations.
    elapsed time = 00:00:07, memory = 712.53 (MB).
    Completing 80% with 1799 violations.
    elapsed time = 00:00:08, memory = 714.42 (MB).
    Completing 90% with 1799 violations.
    elapsed time = 00:00:08, memory = 714.42 (MB).
    Completing 100% with 1784 violations.
    elapsed time = 00:00:10, memory = 714.42 (MB).
[INFO DRT-0199]   Number of violations = 1784.
Viol/Layer        met1   met2   met3   met4
Metal Spacing      131    132    617      3
Short              191     25    681      4
[INFO DRT-0267] cpu time = 00:00:38, elapsed time = 00:00:10, memory = 717.42 (MB), peak = 726.71 (MB)
Total wire length = 191154 um.
Total wire length on LAYER li1 = 0 um.
Total wire length on LAYER met1 = 41769 um.
Total wire length on LAYER met2 = 28587 um.
Total wire length on LAYER met3 = 66152 um.
Total wire length on LAYER met4 = 42771 um.
Total wire length on LAYER met5 = 11873 um.
Total number of vias = 5653.
Up-via summary (total 5653):

-----------------------
 FR_MASTERSLICE       0
            li1    2190
           met1    1625
           met2     686
           met3    1016
           met4     136
-----------------------
               5653


[INFO DRT-0195] Start 2nd optimization iteration.
    Completing 10% with 1784 violations.
    elapsed time = 00:00:00, memory = 717.42 (MB).
    Completing 20% with 1784 violations.
    elapsed time = 00:00:00, memory = 717.42 (MB).
    Completing 30% with 1747 violations.
    elapsed time = 00:00:01, memory = 717.42 (MB).
    Completing 40% with 1747 violations.
    elapsed time = 00:00:02, memory = 717.42 (MB).
    Completing 50% with 1747 violations.
    elapsed time = 00:00:03, memory = 717.42 (MB).
    Completing 60% with 1666 violations.
    elapsed time = 00:00:03, memory = 717.42 (MB).
    Completing 70% with 1666 violations.
    elapsed time = 00:00:04, memory = 717.42 (MB).
    Completing 80% with 1651 violations.
    elapsed time = 00:00:04, memory = 717.42 (MB).
    Completing 90% with 1651 violations.
    elapsed time = 00:00:05, memory = 717.42 (MB).
    Completing 100% with 1523 violations.
    elapsed time = 00:00:07, memory = 717.42 (MB).
[INFO DRT-0199]   Number of violations = 1523.
Viol/Layer        met1   met2   met3   met4
Metal Spacing      107    111    578      0
Short              102      0    622      3
[INFO DRT-0267] cpu time = 00:00:25, elapsed time = 00:00:07, memory = 717.42 (MB), peak = 731.13 (MB)
Total wire length = 191047 um.
Total wire length on LAYER li1 = 0 um.
Total wire length on LAYER met1 = 41691 um.
Total wire length on LAYER met2 = 28563 um.
Total wire length on LAYER met3 = 66034 um.
Total wire length on LAYER met4 = 42800 um.
Total wire length on LAYER met5 = 11957 um.
Total number of vias = 5622.
Up-via summary (total 5622):

-----------------------
 FR_MASTERSLICE       0
            li1    2181
           met1    1623
           met2     676
           met3    1002
           met4     140
-----------------------
               5622


[INFO DRT-0195] Start 3rd optimization iteration.
    Completing 10% with 1523 violations.
    elapsed time = 00:00:00, memory = 717.42 (MB).
    Completing 20% with 1523 violations.
    elapsed time = 00:00:13, memory = 723.29 (MB).
    Completing 30% with 1289 violations.
    elapsed time = 00:00:17, memory = 723.29 (MB).
    Completing 40% with 1289 violations.
    elapsed time = 00:00:17, memory = 723.29 (MB).
    Completing 50% with 1289 violations.
    elapsed time = 00:00:23, memory = 723.29 (MB).
    Completing 60% with 1244 violations.
    elapsed time = 00:00:31, memory = 723.30 (MB).
    Completing 70% with 1244 violations.
    elapsed time = 00:00:37, memory = 724.40 (MB).
    Completing 80% with 927 violations.
    elapsed time = 00:00:39, memory = 724.40 (MB).
    Completing 90% with 927 violations.
    elapsed time = 00:00:39, memory = 724.40 (MB).
    Completing 100% with 886 violations.
    elapsed time = 00:00:45, memory = 724.40 (MB).
[INFO DRT-0199]   Number of violations = 886.
Viol/Layer        met1   met2   via2   met3   met4   met5
Cut Spacing          0      0      1      0      0      0
Metal Spacing        6      4      0    435      1      1
Short                0      9      0    429      0      0
[INFO DRT-0267] cpu time = 00:02:27, elapsed time = 00:00:46, memory = 724.40 (MB), peak = 731.13 (MB)
Total wire length = 195085 um.
Total wire length on LAYER li1 = 0 um.
Total wire length on LAYER met1 = 42915 um.
Total wire length on LAYER met2 = 28949 um.
Total wire length on LAYER met3 = 62758 um.
Total wire length on LAYER met4 = 46716 um.
Total wire length on LAYER met5 = 13746 um.
Total number of vias = 6857.
Up-via summary (total 6857):

-----------------------
 FR_MASTERSLICE       0
            li1    2185
           met1    1849
           met2     836
           met3    1703
           met4     284
-----------------------
               6857


[INFO DRT-0195] Start 4th optimization iteration.
    Completing 10% with 886 violations.
    elapsed time = 00:00:00, memory = 724.40 (MB).
    Completing 20% with 886 violations.
    elapsed time = 00:00:02, memory = 724.40 (MB).
    Completing 30% with 770 violations.
    elapsed time = 00:00:09, memory = 724.40 (MB).
    Completing 40% with 770 violations.
    elapsed time = 00:00:09, memory = 724.40 (MB).
    Completing 50% with 770 violations.
    elapsed time = 00:00:13, memory = 724.40 (MB).
    Completing 60% with 746 violations.
    elapsed time = 00:00:25, memory = 724.40 (MB).
    Completing 70% with 746 violations.
    elapsed time = 00:00:28, memory = 724.40 (MB).
    Completing 80% with 709 violations.
    elapsed time = 00:00:33, memory = 724.40 (MB).
    Completing 90% with 709 violations.
    elapsed time = 00:00:33, memory = 724.40 (MB).
    Completing 100% with 696 violations.
    elapsed time = 00:00:41, memory = 724.40 (MB).
[INFO DRT-0199]   Number of violations = 696.
Viol/Layer        met3   met5
Metal Spacing      327      1
Short              368      0
[INFO DRT-0267] cpu time = 00:01:48, elapsed time = 00:00:41, memory = 724.40 (MB), peak = 731.13 (MB)
Total wire length = 195975 um.
Total wire length on LAYER li1 = 0 um.
Total wire length on LAYER met1 = 43247 um.
Total wire length on LAYER met2 = 29099 um.
Total wire length on LAYER met3 = 61544 um.
Total wire length on LAYER met4 = 47478 um.
Total wire length on LAYER met5 = 14606 um.
Total number of vias = 7144.
Up-via summary (total 7144):

-----------------------
 FR_MASTERSLICE       0
            li1    2185
           met1    1875
           met2     875
           met3    1889
           met4     320
-----------------------
               7144


[INFO DRT-0195] Start 5th optimization iteration.
    Completing 10% with 696 violations.
    elapsed time = 00:00:00, memory = 724.40 (MB).
    Completing 20% with 696 violations.
    elapsed time = 00:00:01, memory = 724.40 (MB).
    Completing 30% with 691 violations.
    elapsed time = 00:00:08, memory = 724.40 (MB).
    Completing 40% with 691 violations.
    elapsed time = 00:00:08, memory = 724.40 (MB).
    Completing 50% with 691 violations.
    elapsed time = 00:00:12, memory = 724.40 (MB).
    Completing 60% with 664 violations.
    elapsed time = 00:00:21, memory = 724.40 (MB).
    Completing 70% with 664 violations.
    elapsed time = 00:00:21, memory = 724.40 (MB).
    Completing 80% with 651 violations.
    elapsed time = 00:00:26, memory = 724.40 (MB).
    Completing 90% with 651 violations.
    elapsed time = 00:00:26, memory = 724.40 (MB).
    Completing 100% with 632 violations.
    elapsed time = 00:00:32, memory = 724.40 (MB).
[INFO DRT-0199]   Number of violations = 632.
Viol/Layer        met3
Metal Spacing      293
Short              339
[INFO DRT-0267] cpu time = 00:01:19, elapsed time = 00:00:32, memory = 724.52 (MB), peak = 731.13 (MB)
Total wire length = 196325 um.
Total wire length on LAYER li1 = 0 um.
Total wire length on LAYER met1 = 43284 um.
Total wire length on LAYER met2 = 29127 um.
Total wire length on LAYER met3 = 61424 um.
Total wire length on LAYER met4 = 47761 um.
Total wire length on LAYER met5 = 14727 um.
Total number of vias = 7112.
Up-via summary (total 7112):

-----------------------
 FR_MASTERSLICE       0
            li1    2185
           met1    1879
           met2     879
           met3    1853
           met4     316
-----------------------
               7112


[INFO DRT-0195] Start 6th optimization iteration.
    Completing 10% with 632 violations.
    elapsed time = 00:00:00, memory = 724.52 (MB).
    Completing 20% with 632 violations.
    elapsed time = 00:00:00, memory = 724.52 (MB).
    Completing 30% with 625 violations.
    elapsed time = 00:00:07, memory = 724.52 (MB).
    Completing 40% with 625 violations.
    elapsed time = 00:00:07, memory = 724.52 (MB).
    Completing 50% with 625 violations.
    elapsed time = 00:00:09, memory = 724.52 (MB).
    Completing 60% with 623 violations.
    elapsed time = 00:00:13, memory = 724.52 (MB).
    Completing 70% with 623 violations.
    elapsed time = 00:00:14, memory = 724.52 (MB).
    Completing 80% with 617 violations.
    elapsed time = 00:00:19, memory = 724.52 (MB).
    Completing 90% with 617 violations.
    elapsed time = 00:00:19, memory = 724.52 (MB).
    Completing 100% with 613 violations.
    elapsed time = 00:00:25, memory = 724.52 (MB).
[INFO DRT-0199]   Number of violations = 613.
Viol/Layer        met3
Metal Spacing      292
Short              321
[INFO DRT-0267] cpu time = 00:01:04, elapsed time = 00:00:25, memory = 724.52 (MB), peak = 731.13 (MB)
Total wire length = 196372 um.
Total wire length on LAYER li1 = 0 um.
Total wire length on LAYER met1 = 43297 um.
Total wire length on LAYER met2 = 29157 um.
Total wire length on LAYER met3 = 61268 um.
Total wire length on LAYER met4 = 47806 um.
Total wire length on LAYER met5 = 14842 um.
Total number of vias = 7166.
Up-via summary (total 7166):

-----------------------
 FR_MASTERSLICE       0
            li1    2185
           met1    1881
           met2     889
           met3    1891
           met4     320
-----------------------
               7166


[INFO DRT-0195] Start 7th optimization iteration.
    Completing 10% with 613 violations.
    elapsed time = 00:00:00, memory = 724.52 (MB).
    Completing 20% with 613 violations.
    elapsed time = 00:00:00, memory = 724.52 (MB).
    Completing 30% with 610 violations.
    elapsed time = 00:00:06, memory = 724.52 (MB).
    Completing 40% with 610 violations.
    elapsed time = 00:00:06, memory = 724.52 (MB).
    Completing 50% with 610 violations.
    elapsed time = 00:00:12, memory = 724.52 (MB).
    Completing 60% with 610 violations.
    elapsed time = 00:00:12, memory = 724.52 (MB).
    Completing 70% with 610 violations.
    elapsed time = 00:00:13, memory = 724.52 (MB).
    Completing 80% with 607 violations.
    elapsed time = 00:00:17, memory = 724.52 (MB).
    Completing 90% with 607 violations.
    elapsed time = 00:00:19, memory = 724.52 (MB).
    Completing 100% with 602 violations.
    elapsed time = 00:00:22, memory = 724.52 (MB).
[INFO DRT-0199]   Number of violations = 602.
Viol/Layer        met3
Metal Spacing      278
Short              324
[INFO DRT-0267] cpu time = 00:00:56, elapsed time = 00:00:22, memory = 724.52 (MB), peak = 731.13 (MB)
Total wire length = 196439 um.
Total wire length on LAYER li1 = 0 um.
Total wire length on LAYER met1 = 43297 um.
Total wire length on LAYER met2 = 29162 um.
Total wire length on LAYER met3 = 61221 um.
Total wire length on LAYER met4 = 47856 um.
Total wire length on LAYER met5 = 14901 um.
Total number of vias = 7186.
Up-via summary (total 7186):

-----------------------
 FR_MASTERSLICE       0
            li1    2185
           met1    1881
           met2     891
           met3    1909
           met4     320
-----------------------
               7186


[INFO DRT-0195] Start 8th optimization iteration.
    Completing 10% with 602 violations.
    elapsed time = 00:00:00, memory = 724.52 (MB).
    Completing 20% with 602 violations.
    elapsed time = 00:00:00, memory = 724.52 (MB).
    Completing 30% with 597 violations.
    elapsed time = 00:00:07, memory = 724.52 (MB).
    Completing 40% with 597 violations.
    elapsed time = 00:00:07, memory = 724.52 (MB).
    Completing 50% with 597 violations.
    elapsed time = 00:00:08, memory = 724.52 (MB).
    Completing 60% with 587 violations.
    elapsed time = 00:00:14, memory = 724.52 (MB).
    Completing 70% with 587 violations.
    elapsed time = 00:00:14, memory = 724.52 (MB).
    Completing 80% with 585 violations.
    elapsed time = 00:00:31, memory = 724.52 (MB).
    Completing 90% with 585 violations.
    elapsed time = 00:00:31, memory = 724.52 (MB).
    Completing 100% with 567 violations.
    elapsed time = 00:00:53, memory = 724.52 (MB).
[INFO DRT-0199]   Number of violations = 567.
Viol/Layer        met3
Metal Spacing      266
Short              301
[INFO DRT-0267] cpu time = 00:01:42, elapsed time = 00:00:53, memory = 724.52 (MB), peak = 731.13 (MB)
Total wire length = 195965 um.
Total wire length on LAYER li1 = 0 um.
Total wire length on LAYER met1 = 43297 um.
Total wire length on LAYER met2 = 29118 um.
Total wire length on LAYER met3 = 60970 um.
Total wire length on LAYER met4 = 47527 um.
Total wire length on LAYER met5 = 15051 um.
Total number of vias = 7100.
Up-via summary (total 7100):

-----------------------
 FR_MASTERSLICE       0
            li1    2185
           met1    1881
           met2     875
           met3    1829
           met4     330
-----------------------
               7100


[INFO DRT-0195] Start 9th optimization iteration.
    Completing 10% with 567 violations.
    elapsed time = 00:00:00, memory = 724.52 (MB).
    Completing 20% with 567 violations.
    elapsed time = 00:00:00, memory = 724.70 (MB).
    Completing 30% with 563 violations.
    elapsed time = 00:00:10, memory = 724.70 (MB).
    Completing 40% with 563 violations.
    elapsed time = 00:00:10, memory = 724.70 (MB).
    Completing 50% with 563 violations.
    elapsed time = 00:00:10, memory = 724.70 (MB).
    Completing 60% with 563 violations.
    elapsed time = 00:00:34, memory = 727.59 (MB).
    Completing 70% with 563 violations.
    elapsed time = 00:00:34, memory = 727.59 (MB).
    Completing 80% with 557 violations.
    elapsed time = 00:01:01, memory = 727.73 (MB).
    Completing 90% with 557 violations.
    elapsed time = 00:01:01, memory = 727.73 (MB).
    Completing 100% with 549 violations.
    elapsed time = 00:01:46, memory = 731.54 (MB).
[INFO DRT-0199]   Number of violations = 549.
Viol/Layer        met3
Metal Spacing      260
Short              289
[INFO DRT-0267] cpu time = 00:02:21, elapsed time = 00:01:46, memory = 731.54 (MB), peak = 731.13 (MB)
Total wire length = 195979 um.
Total wire length on LAYER li1 = 0 um.
Total wire length on LAYER met1 = 43345 um.
Total wire length on LAYER met2 = 29174 um.
Total wire length on LAYER met3 = 60909 um.
Total wire length on LAYER met4 = 47489 um.
Total wire length on LAYER met5 = 15059 um.
Total number of vias = 7066.
Up-via summary (total 7066):

-----------------------
 FR_MASTERSLICE       0
            li1    2185
           met1    1883
           met2     875
           met3    1793
           met4     330
-----------------------
               7066


[INFO DRT-0195] Start 10th optimization iteration.
    Completing 10% with 549 violations.
    elapsed time = 00:00:00, memory = 731.54 (MB).
    Completing 20% with 549 violations.
    elapsed time = 00:00:00, memory = 731.54 (MB).
    Completing 30% with 491 violations.
    elapsed time = 00:00:34, memory = 733.38 (MB).
    Completing 40% with 491 violations.
    elapsed time = 00:00:34, memory = 733.38 (MB).
    Completing 50% with 491 violations.
    elapsed time = 00:01:06, memory = 734.62 (MB).
    Completing 60% with 491 violations.
    elapsed time = 00:01:06, memory = 734.62 (MB).
    Completing 70% with 491 violations.
    elapsed time = 00:01:06, memory = 734.62 (MB).
    Completing 80% with 394 violations.
    elapsed time = 00:02:23, memory = 735.55 (MB).
    Completing 90% with 394 violations.
    elapsed time = 00:02:23, memory = 735.55 (MB).
    Completing 100% with 378 violations.
    elapsed time = 00:03:19, memory = 746.06 (MB).
[INFO DRT-0199]   Number of violations = 378.
Viol/Layer        met3   met4
Metal Spacing      178      1
Short              199      0
[INFO DRT-0267] cpu time = 00:03:38, elapsed time = 00:03:20, memory = 746.06 (MB), peak = 754.78 (MB)
Total wire length = 198956 um.
Total wire length on LAYER li1 = 0 um.
Total wire length on LAYER met1 = 44897 um.
Total wire length on LAYER met2 = 29979 um.
Total wire length on LAYER met3 = 58534 um.
Total wire length on LAYER met4 = 49929 um.
Total wire length on LAYER met5 = 15615 um.
Total number of vias = 7170.
Up-via summary (total 7170):

-----------------------
 FR_MASTERSLICE       0
            li1    2185
           met1    2001
           met2     927
           met3    1721
           met4     336
-----------------------
               7170


[INFO DRT-0195] Start 11th optimization iteration.
    Completing 10% with 378 violations.
    elapsed time = 00:00:00, memory = 746.06 (MB).
    Completing 20% with 378 violations.
    elapsed time = 00:00:00, memory = 746.07 (MB).
    Completing 30% with 378 violations.
    elapsed time = 00:00:05, memory = 777.18 (MB).
    Completing 40% with 328 violations.
    elapsed time = 00:01:04, memory = 747.79 (MB).
    Completing 50% with 328 violations.
    elapsed time = 00:01:04, memory = 747.79 (MB).
    Completing 60% with 322 violations.
    elapsed time = 00:02:19, memory = 750.35 (MB).
    Completing 70% with 322 violations.
    elapsed time = 00:02:19, memory = 750.35 (MB).
    Completing 80% with 322 violations.
    elapsed time = 00:02:19, memory = 750.35 (MB).
    Completing 90% with 301 violations.
    elapsed time = 00:02:35, memory = 765.39 (MB).
    Completing 100% with 278 violations.
    elapsed time = 00:03:15, memory = 765.39 (MB).
[INFO DRT-0199]   Number of violations = 278.
Viol/Layer        met3
Metal Spacing      133
Short              145
[INFO DRT-0267] cpu time = 00:03:24, elapsed time = 00:03:16, memory = 765.39 (MB), peak = 776.72 (MB)
Total wire length = 199048 um.
Total wire length on LAYER li1 = 0 um.
Total wire length on LAYER met1 = 45276 um.
Total wire length on LAYER met2 = 30557 um.
Total wire length on LAYER met3 = 57614 um.
Total wire length on LAYER met4 = 49749 um.
Total wire length on LAYER met5 = 15850 um.
Total number of vias = 7190.
Up-via summary (total 7190):

-----------------------
 FR_MASTERSLICE       0
            li1    2185
           met1    2049
           met2     957
           met3    1663
           met4     336
-----------------------
               7190


[INFO DRT-0195] Start 12th optimization iteration.
    Completing 10% with 278 violations.
    elapsed time = 00:00:00, memory = 765.39 (MB).
    Completing 20% with 278 violations.
    elapsed time = 00:00:00, memory = 765.39 (MB).
    Completing 30% with 278 violations.
    elapsed time = 00:00:09, memory = 765.39 (MB).
    Completing 40% with 271 violations.
    elapsed time = 00:00:09, memory = 765.39 (MB).
    Completing 50% with 271 violations.
    elapsed time = 00:00:29, memory = 765.39 (MB).
    Completing 60% with 267 violations.
    elapsed time = 00:00:29, memory = 765.39 (MB).
    Completing 70% with 267 violations.
    elapsed time = 00:00:29, memory = 765.39 (MB).
    Completing 80% with 267 violations.
    elapsed time = 00:01:01, memory = 780.07 (MB).
    Completing 90% with 246 violations.
    elapsed time = 00:01:01, memory = 780.07 (MB).
    Completing 100% with 221 violations.
    elapsed time = 00:01:43, memory = 780.07 (MB).
[INFO DRT-0199]   Number of violations = 221.
Viol/Layer        met3   met4
Metal Spacing      101      0
Short              119      1
[INFO DRT-0267] cpu time = 00:01:46, elapsed time = 00:01:43, memory = 780.07 (MB), peak = 789.03 (MB)
Total wire length = 199476 um.
Total wire length on LAYER li1 = 0 um.
Total wire length on LAYER met1 = 45337 um.
Total wire length on LAYER met2 = 30702 um.
Total wire length on LAYER met3 = 57043 um.
Total wire length on LAYER met4 = 50284 um.
Total wire length on LAYER met5 = 16108 um.
Total number of vias = 7166.
Up-via summary (total 7166):

-----------------------
 FR_MASTERSLICE       0
            li1    2185
           met1    2063
           met2     967
           met3    1613
           met4     338
-----------------------
               7166


[INFO DRT-0195] Start 13th optimization iteration.
    Completing 10% with 221 violations.
    elapsed time = 00:00:00, memory = 780.07 (MB).
    Completing 20% with 221 violations.
    elapsed time = 00:00:00, memory = 780.07 (MB).
    Completing 30% with 221 violations.
    elapsed time = 00:00:35, memory = 784.07 (MB).
    Completing 40% with 221 violations.
    elapsed time = 00:00:35, memory = 784.07 (MB).
    Completing 50% with 221 violations.
    elapsed time = 00:00:35, memory = 784.07 (MB).
    Completing 60% with 221 violations.
    elapsed time = 00:01:30, memory = 784.07 (MB).
    Completing 70% with 221 violations.
    elapsed time = 00:01:30, memory = 784.07 (MB).
    Completing 80% with 207 violations.
    elapsed time = 00:03:51, memory = 784.07 (MB).
    Completing 90% with 207 violations.
    elapsed time = 00:03:51, memory = 784.07 (MB).
    Completing 100% with 203 violations.
    elapsed time = 00:06:37, memory = 784.07 (MB).
[INFO DRT-0199]   Number of violations = 203.
Viol/Layer        met2   met3   met4
Metal Spacing        1     86      0
Short                8    107      1
[INFO DRT-0267] cpu time = 00:06:43, elapsed time = 00:06:37, memory = 784.07 (MB), peak = 859.54 (MB)
Total wire length = 199629 um.
Total wire length on LAYER li1 = 0 um.
Total wire length on LAYER met1 = 45589 um.
Total wire length on LAYER met2 = 30936 um.
Total wire length on LAYER met3 = 56403 um.
Total wire length on LAYER met4 = 50530 um.
Total wire length on LAYER met5 = 16169 um.
Total number of vias = 7165.
Up-via summary (total 7165):

-----------------------
 FR_MASTERSLICE       0
            li1    2186
           met1    2073
           met2     967
           met3    1603
           met4     336
-----------------------
               7165


[INFO DRT-0195] Start 14th optimization iteration.
    Completing 10% with 203 violations.
    elapsed time = 00:00:00, memory = 784.07 (MB).
    Completing 20% with 203 violations.
    elapsed time = 00:00:00, memory = 784.07 (MB).
    Completing 30% with 192 violations.
    elapsed time = 00:00:32, memory = 784.07 (MB).
    Completing 40% with 192 violations.
    elapsed time = 00:00:32, memory = 784.07 (MB).
    Completing 50% with 192 violations.
    elapsed time = 00:00:32, memory = 784.07 (MB).
    Completing 60% with 192 violations.
    elapsed time = 00:01:34, memory = 784.07 (MB).
    Completing 70% with 192 violations.
    elapsed time = 00:01:34, memory = 784.07 (MB).
    Completing 80% with 186 violations.
    elapsed time = 00:02:00, memory = 784.07 (MB).
    Completing 90% with 186 violations.
    elapsed time = 00:02:00, memory = 784.07 (MB).
    Completing 100% with 176 violations.
    elapsed time = 00:02:10, memory = 784.07 (MB).
[INFO DRT-0199]   Number of violations = 176.
Viol/Layer        met2   met3
Metal Spacing        0     78
Short                3     95
[INFO DRT-0267] cpu time = 00:02:10, elapsed time = 00:02:10, memory = 784.07 (MB), peak = 859.54 (MB)
Total wire length = 198961 um.
Total wire length on LAYER li1 = 0 um.
Total wire length on LAYER met1 = 45758 um.
Total wire length on LAYER met2 = 31000 um.
Total wire length on LAYER met3 = 55394 um.
Total wire length on LAYER met4 = 49991 um.
Total wire length on LAYER met5 = 16817 um.
Total number of vias = 7117.
Up-via summary (total 7117):

-----------------------
 FR_MASTERSLICE       0
            li1    2186
           met1    2097
           met2     985
           met3    1509
           met4     340
-----------------------
               7117


[INFO DRT-0195] Start 15th optimization iteration.
    Completing 10% with 176 violations.
    elapsed time = 00:00:00, memory = 784.07 (MB).
    Completing 20% with 176 violations.
    elapsed time = 00:00:01, memory = 849.45 (MB).
    Completing 30% with 168 violations.
    elapsed time = 00:01:42, memory = 784.07 (MB).
    Completing 40% with 168 violations.
    elapsed time = 00:01:42, memory = 784.07 (MB).
    Completing 50% with 168 violations.
    elapsed time = 00:05:04, memory = 784.07 (MB).
    Completing 60% with 168 violations.
    elapsed time = 00:05:04, memory = 784.07 (MB).
    Completing 70% with 168 violations.
    elapsed time = 00:05:04, memory = 784.07 (MB).
    Completing 80% with 168 violations.
    elapsed time = 00:05:55, memory = 784.66 (MB).
    Completing 90% with 168 violations.
    elapsed time = 00:05:55, memory = 784.78 (MB).
    Completing 100% with 150 violations.
    elapsed time = 00:06:15, memory = 784.08 (MB).
[INFO DRT-0199]   Number of violations = 150.
Viol/Layer        met2   met3
Metal Spacing        0     70
Short                3     77
[INFO DRT-0267] cpu time = 00:06:17, elapsed time = 00:06:15, memory = 784.08 (MB), peak = 868.39 (MB)
Total wire length = 199156 um.
Total wire length on LAYER li1 = 0 um.
Total wire length on LAYER met1 = 45852 um.
Total wire length on LAYER met2 = 30961 um.
Total wire length on LAYER met3 = 55093 um.
Total wire length on LAYER met4 = 50331 um.
Total wire length on LAYER met5 = 16917 um.
Total number of vias = 7115.
Up-via summary (total 7115):

-----------------------
 FR_MASTERSLICE       0
            li1    2188
           met1    2105
           met2     989
           met3    1491
           met4     342
-----------------------
               7115


[INFO DRT-0195] Start 16th optimization iteration.
    Completing 10% with 150 violations.
    elapsed time = 00:00:00, memory = 784.08 (MB).
    Completing 20% with 150 violations.
    elapsed time = 00:00:02, memory = 877.84 (MB).
    Completing 30% with 144 violations.
    elapsed time = 00:01:26, memory = 784.08 (MB).
    Completing 40% with 144 violations.
    elapsed time = 00:01:26, memory = 784.08 (MB).
    Completing 50% with 144 violations.
    elapsed time = 00:04:56, memory = 793.89 (MB).
    Completing 60% with 144 violations.
    elapsed time = 00:04:56, memory = 793.89 (MB).
    Completing 70% with 144 violations.
    elapsed time = 00:04:56, memory = 793.89 (MB).
    Completing 80% with 144 violations.
    elapsed time = 00:05:59, memory = 793.89 (MB).
    Completing 90% with 144 violations.
    elapsed time = 00:05:59, memory = 793.89 (MB).
    Completing 100% with 144 violations.
    elapsed time = 00:06:45, memory = 793.89 (MB).
[INFO DRT-0199]   Number of violations = 144.
Viol/Layer        met2   met3
Metal Spacing        0     65
Short                8     71
[INFO DRT-0267] cpu time = 00:06:49, elapsed time = 00:06:45, memory = 793.89 (MB), peak = 925.48 (MB)
Total wire length = 199081 um.
Total wire length on LAYER li1 = 0 um.
Total wire length on LAYER met1 = 46206 um.
Total wire length on LAYER met2 = 30964 um.
Total wire length on LAYER met3 = 54449 um.
Total wire length on LAYER met4 = 50367 um.
Total wire length on LAYER met5 = 17094 um.
Total number of vias = 7148.
Up-via summary (total 7148):

-----------------------
 FR_MASTERSLICE       0
            li1    2190
           met1    2122
           met2     989
           met3    1503
           met4     344
-----------------------
               7148


[INFO DRT-0195] Start 17th optimization iteration.
    Completing 10% with 144 violations.
    elapsed time = 00:00:00, memory = 793.89 (MB).
    Completing 20% with 144 violations.
    elapsed time = 00:00:01, memory = 793.89 (MB).
    Completing 30% with 159 violations.
    elapsed time = 00:00:23, memory = 793.89 (MB).
    Completing 40% with 159 violations.
    elapsed time = 00:00:23, memory = 793.89 (MB).
    Completing 50% with 159 violations.
    elapsed time = 00:00:23, memory = 793.89 (MB).
    Completing 60% with 169 violations.
    elapsed time = 00:00:26, memory = 793.89 (MB).
    Completing 70% with 169 violations.
    elapsed time = 00:00:30, memory = 793.89 (MB).
make[1]: *** [Makefile:585: do-5_2_route] Terminated
make: *** [Makefile:585: /work/campaigns/iscas_sustainability_extension/memory_compiler/gate3_attempt06_replacement_sram_backend_qualification/raw/openroad/work/results/sky130hd/attempt06_u0/base/5_2_route.odb] Terminated
    Completing 80% with 187 violations.
    elapsed time = 00:00:47, memory = 793.89 (MB).
    Completing 90% with 187 violations.
    elapsed time = 00:00:47, memory = 793.89 (MB).
    Completing 100% with 243 violations.
    elapsed time = 00:00:50, memory = 793.89 (MB).
[INFO DRT-0199]   Number of violations = 243.
Viol/Layer        met2   met3   met4
Metal Spacing        0     85      2
Short                8    146      2
[INFO DRT-0267] cpu time = 00:01:50, elapsed time = 00:00:50, memory = 793.89 (MB), peak = 925.48 (MB)
Total wire length = 199593 um.
Total wire length on LAYER li1 = 0 um.
Total wire length on LAYER met1 = 46206 um.
Total wire length on LAYER met2 = 31054 um.
Total wire length on LAYER met3 = 54783 um.
Total wire length on LAYER met4 = 50615 um.
Total wire length on LAYER met5 = 16934 um.
Total number of vias = 7306.
Up-via summary (total 7306):

-----------------------
 FR_MASTERSLICE       0
            li1    2190
           met1    2122
           met2    1001
           met3    1619
           met4     374
-----------------------
               7306


[INFO DRT-0195] Start 18th optimization iteration.
    Completing 10% with 243 violations.
    elapsed time = 00:00:00, memory = 793.89 (MB).
    Completing 20% with 243 violations.
    elapsed time = 00:00:00, memory = 793.89 (MB).
