mkdir -p /work/campaigns/iscas_sustainability_extension/memory_compiler/gate3_attempt09_sram22_residual_interface_drv_and_provenance_closure/raw/openroad/work/results/sky130hd/attempt09_e0/seed11/
echo 10.0 > /work/campaigns/iscas_sustainability_extension/memory_compiler/gate3_attempt09_sram22_residual_interface_drv_and_provenance_closure/raw/openroad/work/results/sky130hd/attempt09_e0/seed11/clock_period.txt
/OpenROAD-flow-scripts/flow/scripts/synth.sh /OpenROAD-flow-scripts/flow/scripts/synth_canonicalize.tcl /work/campaigns/iscas_sustainability_extension/memory_compiler/gate3_attempt09_sram22_residual_interface_drv_and_provenance_closure/raw/openroad/work/logs/sky130hd/attempt09_e0/seed11/1_1_yosys_canonicalize.log
Using ABC speed script.
Extracting clock period from SDC file: /work/campaigns/iscas_sustainability_extension/memory_compiler/gate3_attempt09_sram22_residual_interface_drv_and_provenance_closure/raw/openroad/work/results/sky130hd/attempt09_e0/seed11/clock_period.txt
Setting clock period to 10.0
1. Executing Liberty frontend: /OpenROAD-flow-scripts/flow/platforms/sky130hd/lib/sky130_fd_sc_hd__tt_025C_1v80.lib
2. Executing Liberty frontend: /work/campaigns/iscas_sustainability_extension/memory_compiler/gate3_attempt09_sram22_residual_interface_drv_and_provenance_closure/source_checkout/sram22_256x64m4w8/sram22_256x64m4w8_tt_025C_1v80.lib
3. Executing Liberty frontend: /work/campaigns/iscas_sustainability_extension/memory_compiler/gate3_attempt09_sram22_residual_interface_drv_and_provenance_closure/source_checkout/sram22_256x8m8w1/sram22_256x8m8w1_tt_025C_1v80.lib
4. Executing Liberty frontend: /OpenROAD-flow-scripts/flow/platforms/sky130hd/lib/sky130_fd_sc_hd__tt_025C_1v80.lib
5. Executing Liberty frontend: /work/campaigns/iscas_sustainability_extension/memory_compiler/gate3_attempt09_sram22_residual_interface_drv_and_provenance_closure/source_checkout/sram22_256x64m4w8/sram22_256x64m4w8_tt_025C_1v80.lib
6. Executing Liberty frontend: /work/campaigns/iscas_sustainability_extension/memory_compiler/gate3_attempt09_sram22_residual_interface_drv_and_provenance_closure/source_checkout/sram22_256x8m8w1/sram22_256x8m8w1_tt_025C_1v80.lib
7. Executing Verilog-2005 frontend: /work/campaigns/iscas_sustainability_extension/memory_compiler/gate3_attempt09_sram22_residual_interface_drv_and_provenance_closure/rtl/hsiao_secded_72_64_v1_encoder.sv
8. Executing Verilog-2005 frontend: /work/campaigns/iscas_sustainability_extension/memory_compiler/gate3_attempt09_sram22_residual_interface_drv_and_provenance_closure/rtl/hsiao_secded_72_64_v1_syndrome.sv
9. Executing Verilog-2005 frontend: /work/campaigns/iscas_sustainability_extension/memory_compiler/gate3_attempt09_sram22_residual_interface_drv_and_provenance_closure/rtl/hsiao_secded_72_64_v2_algorithmic_decoder.sv
10. Executing Verilog-2005 frontend: /work/campaigns/iscas_sustainability_extension/memory_compiler/gate3_attempt09_sram22_residual_interface_drv_and_provenance_closure/source_checkout/sram22_256x64m4w8/sram22_256x64m4w8.v
11. Executing Verilog-2005 frontend: /work/campaigns/iscas_sustainability_extension/memory_compiler/gate3_attempt09_sram22_residual_interface_drv_and_provenance_closure/source_checkout/sram22_256x8m8w1/sram22_256x8m8w1.v
12. Executing Verilog-2005 frontend: /work/campaigns/iscas_sustainability_extension/memory_compiler/gate3_attempt09_sram22_residual_interface_drv_and_provenance_closure/rtl/ecc_sram_256x72_sram22.sv
13. Executing Verilog-2005 frontend: /OpenROAD-flow-scripts/flow/platforms/sky130hd/cells_clkgate_hd.v
14. Executing HIERARCHY pass (managing design hierarchy).
15. Executing AST frontend in derive mode using pre-parsed AST for module `\e0_sram22_top'.
15.1. Analyzing design hierarchy..
15.2. Executing AST frontend in derive mode using pre-parsed AST for module `\ecc_sram_256x72_sram22'.
15.3. Analyzing design hierarchy..
15.4. Executing AST frontend in derive mode using pre-parsed AST for module `\hsiao_secded_72_64_v2_algorithmic_decoder'.
15.5. Executing AST frontend in derive mode using pre-parsed AST for module `\hsiao_secded_72_64_v1_encoder'.
15.6. Analyzing design hierarchy..
15.7. Executing AST frontend in derive mode using pre-parsed AST for module `\hsiao_secded_72_64_v1_syndrome'.
15.8. Analyzing design hierarchy..
15.9. Analyzing design hierarchy..
Warning: Selection "sram22_256x64m4w8" did not match any module.
Warning: Selection "sram22_256x8m8w1" did not match any module.
16. Executing HIERARCHY pass (managing design hierarchy).
16.1. Analyzing design hierarchy..
16.2. Analyzing design hierarchy..
17. Executing OPT_CLEAN pass (remove unused cells and wires).
18. Executing RTLIL backend.
Warnings: 2 unique messages, 2 total
End of script. Logfile hash: 829e182718, time: 0.92s, user: 0.30s, system: 0.17s, MEM: 56.64 MB peak
Yosys 0.68+post (git sha1 UNKNOWN, Release, GNU /usr/local/bin/wrapped-cc/g++ 11.4.0)
Time spent: 68% 8x read_liberty (0 sec), 12% 2x write_rtlil (0 sec), ...
Elapsed time: 0:00.94[h:]min:sec. CPU time: user 0.34 sys 0.19 (55%). Peak memory: 60608KB.
Log                       Ext     Elapsed/s Peak Memory/MB sha1sum result [0:20)
1_1_yosys_canonicalize    .rtlil          0             59 0b4f2f27ab5367f95082
/OpenROAD-flow-scripts/flow/scripts/synth.sh /OpenROAD-flow-scripts/flow/scripts/synth.tcl /work/campaigns/iscas_sustainability_extension/memory_compiler/gate3_attempt09_sram22_residual_interface_drv_and_provenance_closure/raw/openroad/work/logs/sky130hd/attempt09_e0/seed11/1_2_yosys.log
Using ABC speed script.
Extracting clock period from SDC file: /work/campaigns/iscas_sustainability_extension/memory_compiler/gate3_attempt09_sram22_residual_interface_drv_and_provenance_closure/raw/openroad/work/results/sky130hd/attempt09_e0/seed11/clock_period.txt
Setting clock period to 10.0
1. Executing RTLIL frontend.
Warning: Selection "sram22_256x64m4w8" did not match any module.
Warning: Selection "sram22_256x8m8w1" did not match any module.
2. Executing HIERARCHY pass (managing design hierarchy).
2.1. Analyzing design hierarchy..
2.2. Analyzing design hierarchy..
3. Executing SYNTH pass.
3.1. Executing HIERARCHY pass (managing design hierarchy).
3.1.1. Analyzing design hierarchy..
3.1.2. Analyzing design hierarchy..
3.2. Executing PROC pass (convert processes to netlists).
3.2.1. Executing PROC_CLEAN pass (remove empty switches from decision trees).
3.2.2. Executing PROC_RMDEAD pass (remove dead branches from decision trees).
3.2.3. Executing PROC_PRUNE pass (remove redundant assignments in processes).
3.2.4. Executing PROC_INIT pass (extract init attributes).
3.2.5. Executing PROC_ARST pass (detect async resets in processes).
3.2.6. Executing PROC_ROM pass (convert switches to ROMs).
3.2.7. Executing PROC_MUX pass (convert decision trees to multiplexers).
3.2.8. Executing PROC_DLATCH pass (convert process syncs to latches).
3.2.9. Executing PROC_DFF pass (convert process syncs to FFs).
3.2.10. Executing PROC_MEMWR pass (convert process memory writes to cells).
3.2.11. Executing PROC_CLEAN pass (remove empty switches from decision trees).
3.2.12. Executing OPT_EXPR pass (perform const folding).
3.3. Executing CHECK pass (checking for obvious problems).
3.4. Executing FLATTEN pass (flatten design).
3.5. Executing OPT_EXPR pass (perform const folding).
3.6. Executing OPT_CLEAN pass (remove unused cells and wires).
3.7. Executing CHECK pass (checking for obvious problems).
3.8. Executing OPT pass (performing simple optimizations).
3.8.1. Executing OPT_EXPR pass (perform const folding).
3.8.2. Executing OPT_MERGE pass (detect identical cells).
3.8.3. Executing OPT_MUXTREE pass (detect dead branches in mux trees).
3.8.4. Executing OPT_REDUCE pass (consolidate $*mux and $reduce_* inputs).
3.8.5. Executing OPT_MERGE pass (detect identical cells).
3.8.6. Executing OPT_DFF pass (perform DFF optimizations).
3.8.7. Executing OPT_CLEAN pass (remove unused cells and wires).
3.8.8. Executing OPT_EXPR pass (perform const folding).
3.8.9. Rerunning OPT passes. (Maybe there is more to do..)
3.8.10. Executing OPT_MUXTREE pass (detect dead branches in mux trees).
3.8.11. Executing OPT_REDUCE pass (consolidate $*mux and $reduce_* inputs).
3.8.12. Executing OPT_MERGE pass (detect identical cells).
3.8.13. Executing OPT_DFF pass (perform DFF optimizations).
3.8.14. Executing OPT_CLEAN pass (remove unused cells and wires).
3.8.15. Executing OPT_EXPR pass (perform const folding).
3.8.16. Finished fast OPT passes. (There is nothing left to do.)
3.9. Executing FSM pass (extract and optimize FSM).
3.9.1. Executing FSM_DETECT pass (finding FSMs in design).
3.9.2. Executing FSM_EXTRACT pass (extracting FSM from design).
3.9.3. Executing FSM_OPT pass (simple optimizations of FSMs).
3.9.4. Executing OPT_CLEAN pass (remove unused cells and wires).
3.9.5. Executing FSM_OPT pass (simple optimizations of FSMs).
3.9.6. Executing FSM_RECODE pass (re-assigning FSM state encoding).
3.9.7. Executing FSM_INFO pass (dumping all available information on FSM cells).
3.9.8. Executing FSM_MAP pass (mapping FSMs to basic logic).
3.10. Executing OPT pass (performing simple optimizations).
3.10.1. Executing OPT_EXPR pass (perform const folding).
3.10.2. Executing OPT_MERGE pass (detect identical cells).
3.10.3. Executing OPT_MUXTREE pass (detect dead branches in mux trees).
3.10.4. Executing OPT_REDUCE pass (consolidate $*mux and $reduce_* inputs).
3.10.5. Executing OPT_MERGE pass (detect identical cells).
3.10.6. Executing OPT_DFF pass (perform DFF optimizations).
3.10.7. Executing OPT_CLEAN pass (remove unused cells and wires).
3.10.8. Executing OPT_EXPR pass (perform const folding).
3.10.9. Finished fast OPT passes. (There is nothing left to do.)
3.11. Executing WREDUCE pass (reducing word size of cells).
3.12. Executing PEEPOPT pass (run peephole optimizers).
3.13. Executing OPT_CLEAN pass (remove unused cells and wires).
3.14. Executing ALUMACC pass (create $alu and $macc cells).
3.15. Executing SHARE pass (SAT-based resource sharing).
3.16. Executing OPT pass (performing simple optimizations).
3.16.1. Executing OPT_EXPR pass (perform const folding).
3.16.2. Executing OPT_MERGE pass (detect identical cells).
3.16.3. Executing OPT_MUXTREE pass (detect dead branches in mux trees).
3.16.4. Executing OPT_REDUCE pass (consolidate $*mux and $reduce_* inputs).
3.16.5. Executing OPT_MERGE pass (detect identical cells).
3.16.6. Executing OPT_DFF pass (perform DFF optimizations).
3.16.7. Executing OPT_CLEAN pass (remove unused cells and wires).
3.16.8. Executing OPT_EXPR pass (perform const folding).
3.16.9. Finished fast OPT passes. (There is nothing left to do.)
3.17. Executing MEMORY pass.
3.17.1. Executing OPT_MEM pass (optimize memories).
3.17.2. Executing OPT_MEM_PRIORITY pass (removing unnecessary memory write priority relations).
3.17.3. Executing OPT_MEM_FEEDBACK pass (finding memory read-to-write feedback paths).
3.17.4. Executing MEMORY_BMUX2ROM pass (converting muxes to ROMs).
3.17.5. Executing MEMORY_DFF pass (merging $dff cells to $memrd).
3.17.6. Executing OPT_CLEAN pass (remove unused cells and wires).
3.17.7. Executing MEMORY_SHARE pass (consolidating $memrd/$memwr cells).
3.17.8. Executing OPT_MEM_WIDEN pass (optimize memories where all ports are wide).
3.17.9. Executing OPT_CLEAN pass (remove unused cells and wires).
3.17.10. Executing MEMORY_COLLECT pass (generating $mem cells).
3.18. Executing OPT_CLEAN pass (remove unused cells and wires).
4. Executing SYNTH pass.
4.1. Executing OPT pass (performing simple optimizations).
4.1.1. Executing OPT_EXPR pass (perform const folding).
4.1.2. Executing OPT_MERGE pass (detect identical cells).
4.1.3. Executing OPT_DFF pass (perform DFF optimizations).
4.1.4. Executing OPT_CLEAN pass (remove unused cells and wires).
4.1.5. Finished fast OPT passes.
4.2. Executing MEMORY_MAP pass (converting memories to logic and flip-flops).
4.3. Executing OPT pass (performing simple optimizations).
4.3.1. Executing OPT_EXPR pass (perform const folding).
4.3.2. Executing OPT_MERGE pass (detect identical cells).
4.3.3. Executing OPT_MUXTREE pass (detect dead branches in mux trees).
4.3.4. Executing OPT_REDUCE pass (consolidate $*mux and $reduce_* inputs).
4.3.5. Executing OPT_MERGE pass (detect identical cells).
4.3.6. Executing OPT_SHARE pass.
4.3.7. Executing OPT_DFF pass (perform DFF optimizations).
4.3.8. Executing OPT_CLEAN pass (remove unused cells and wires).
4.3.9. Executing OPT_EXPR pass (perform const folding).
4.3.10. Finished fast OPT passes. (There is nothing left to do.)
4.4. Executing TECHMAP pass (map to technology primitives).
4.4.1. Executing Verilog-2005 frontend: /OpenROAD-flow-scripts/tools/install/yosys/bin/../share/yosys/techmap.v
4.4.2. Executing Verilog-2005 frontend: /OpenROAD-flow-scripts/flow/platforms/common/lcu_kogge_stone.v
4.4.3. Continuing TECHMAP pass.
4.5. Executing OPT pass (performing simple optimizations).
4.5.1. Executing OPT_EXPR pass (perform const folding).
4.5.2. Executing OPT_MERGE pass (detect identical cells).
4.5.3. Executing OPT_DFF pass (perform DFF optimizations).
4.5.4. Executing OPT_CLEAN pass (remove unused cells and wires).
4.5.5. Finished fast OPT passes.
4.6. Executing HIERARCHY pass (managing design hierarchy).
4.6.1. Analyzing design hierarchy..
4.6.2. Analyzing design hierarchy..
4.7. Printing statistics.
4.8. Executing CHECK pass (checking for obvious problems).
5. Executing OPT pass (performing simple optimizations).
5.1. Executing OPT_EXPR pass (perform const folding).
5.2. Executing OPT_MERGE pass (detect identical cells).
5.3. Executing OPT_MUXTREE pass (detect dead branches in mux trees).
5.4. Executing OPT_REDUCE pass (consolidate $*mux and $reduce_* inputs).
5.5. Executing OPT_MERGE pass (detect identical cells).
5.6. Executing OPT_DFF pass (perform DFF optimizations).
5.7. Executing OPT_CLEAN pass (remove unused cells and wires).
5.8. Executing OPT_EXPR pass (perform const folding).
5.9. Rerunning OPT passes. (Maybe there is more to do..)
5.10. Executing OPT_MUXTREE pass (detect dead branches in mux trees).
5.11. Executing OPT_REDUCE pass (consolidate $*mux and $reduce_* inputs).
5.12. Executing OPT_MERGE pass (detect identical cells).
5.13. Executing OPT_DFF pass (perform DFF optimizations).
5.14. Executing OPT_CLEAN pass (remove unused cells and wires).
5.15. Executing OPT_EXPR pass (perform const folding).
5.16. Finished fast OPT passes. (There is nothing left to do.)
6. Executing EXTRACT_FA pass (find and extract full/half adders).
7. Executing TECHMAP pass (map to technology primitives).
7.1. Executing Verilog-2005 frontend: /OpenROAD-flow-scripts/flow/platforms/sky130hd/cells_adders_hd.v
7.2. Continuing TECHMAP pass.
8. Executing TECHMAP pass (map to technology primitives).
8.1. Executing Verilog-2005 frontend: /OpenROAD-flow-scripts/tools/install/yosys/bin/../share/yosys/techmap.v
8.2. Continuing TECHMAP pass.
9. Executing OPT pass (performing simple optimizations).
9.1. Executing OPT_EXPR pass (perform const folding).
9.2. Executing OPT_MERGE pass (detect identical cells).
9.3. Executing OPT_DFF pass (perform DFF optimizations).
9.4. Executing OPT_CLEAN pass (remove unused cells and wires).
9.5. Finished fast OPT passes.
10. Executing DFFLEGALIZE pass (convert FFs to types supported by the target).
11. Executing TECHMAP pass (map to technology primitives).
11.1. Executing Verilog-2005 frontend: /OpenROAD-flow-scripts/flow/platforms/sky130hd/cells_latch_hd.v
11.2. Continuing TECHMAP pass.
12. Executing DFFLIBMAP pass (mapping DFF cells to sequential cells from liberty file).
12.1. Executing DFFLEGALIZE pass (convert FFs to types supported by the target).
13. Executing OPT pass (performing simple optimizations).
13.1. Executing OPT_EXPR pass (perform const folding).
13.2. Executing OPT_MERGE pass (detect identical cells).
13.3. Executing OPT_MUXTREE pass (detect dead branches in mux trees).
13.4. Executing OPT_REDUCE pass (consolidate $*mux and $reduce_* inputs).
13.5. Executing OPT_MERGE pass (detect identical cells).
13.6. Executing OPT_DFF pass (perform DFF optimizations).
13.7. Executing OPT_CLEAN pass (remove unused cells and wires).
13.8. Executing OPT_EXPR pass (perform const folding).
13.9. Finished fast OPT passes. (There is nothing left to do.)
14. Executing SETUNDEF pass (replace undef values with defined constants).
abc -script /OpenROAD-flow-scripts/flow/scripts/abc_speed.script -liberty /OpenROAD-flow-scripts/flow/platforms/sky130hd/lib/sky130_fd_sc_hd__tt_025C_1v80.lib -liberty /work/campaigns/iscas_sustainability_extension/memory_compiler/gate3_attempt09_sram22_residual_interface_drv_and_provenance_closure/source_checkout/sram22_256x64m4w8/sram22_256x64m4w8_tt_025C_1v80.lib -liberty /work/campaigns/iscas_sustainability_extension/memory_compiler/gate3_attempt09_sram22_residual_interface_drv_and_provenance_closure/source_checkout/sram22_256x8m8w1/sram22_256x8m8w1_tt_025C_1v80.lib -dont_use sky130_fd_sc_hd__probe_p_8 -dont_use sky130_fd_sc_hd__probec_p_8 -dont_use sky130_fd_sc_hd__lpflow_bleeder_1 -dont_use sky130_fd_sc_hd__lpflow_clkbufkapwr_1 -dont_use sky130_fd_sc_hd__lpflow_clkbufkapwr_16 -dont_use sky130_fd_sc_hd__lpflow_clkbufkapwr_2 -dont_use sky130_fd_sc_hd__lpflow_clkbufkapwr_4 -dont_use sky130_fd_sc_hd__lpflow_clkbufkapwr_8 -dont_use sky130_fd_sc_hd__lpflow_clkinvkapwr_1 -dont_use sky130_fd_sc_hd__lpflow_clkinvkapwr_16 -dont_use sky130_fd_sc_hd__lpflow_clkinvkapwr_2 -dont_use sky130_fd_sc_hd__lpflow_clkinvkapwr_4 -dont_use sky130_fd_sc_hd__lpflow_clkinvkapwr_8 -dont_use sky130_fd_sc_hd__lpflow_decapkapwr_12 -dont_use sky130_fd_sc_hd__lpflow_decapkapwr_3 -dont_use sky130_fd_sc_hd__lpflow_decapkapwr_4 -dont_use sky130_fd_sc_hd__lpflow_decapkapwr_6 -dont_use sky130_fd_sc_hd__lpflow_decapkapwr_8 -dont_use sky130_fd_sc_hd__lpflow_inputiso0n_1 -dont_use sky130_fd_sc_hd__lpflow_inputiso0p_1 -dont_use sky130_fd_sc_hd__lpflow_inputiso1n_1 -dont_use sky130_fd_sc_hd__lpflow_inputiso1p_1 -dont_use sky130_fd_sc_hd__lpflow_inputisolatch_1 -dont_use sky130_fd_sc_hd__lpflow_isobufsrc_1 -dont_use sky130_fd_sc_hd__lpflow_isobufsrc_16 -dont_use sky130_fd_sc_hd__lpflow_isobufsrc_2 -dont_use sky130_fd_sc_hd__lpflow_isobufsrc_4 -dont_use sky130_fd_sc_hd__lpflow_isobufsrc_8 -dont_use sky130_fd_sc_hd__lpflow_isobufsrckapwr_16 -dont_use sky130_fd_sc_hd__lpflow_lsbuf_lh_hl_isowell_tap_1 -dont_use sky130_fd_sc_hd__lpflow_lsbuf_lh_hl_isowell_tap_2 -dont_use sky130_fd_sc_hd__lpflow_lsbuf_lh_hl_isowell_tap_4 -dont_use sky130_fd_sc_hd__lpflow_lsbuf_lh_isowell_4 -dont_use sky130_fd_sc_hd__lpflow_lsbuf_lh_isowell_tap_1 -dont_use sky130_fd_sc_hd__lpflow_lsbuf_lh_isowell_tap_2 -dont_use sky130_fd_sc_hd__lpflow_lsbuf_lh_isowell_tap_4 -constr /work/campaigns/iscas_sustainability_extension/memory_compiler/gate3_attempt09_sram22_residual_interface_drv_and_provenance_closure/raw/openroad/work/objects/sky130hd/attempt09_e0/seed11/abc.constr -D 10.0
15. Executing ABC pass (technology mapping using ABC).
15.1. Extracting gate netlist of module `\e0_sram22_top' to `<abc-temp-dir>/input.blif'..
15.1.1. Executed ABC.
15.1.2. Re-integrating ABC results.
16. Executing SPLITNETS pass (splitting up multi-bit signals).
17. Executing OPT_CLEAN pass (remove unused cells and wires).
18. Executing HILOMAP pass (mapping to constant drivers).
19. Executing INSBUF pass (insert buffer cells for connected wires).
20. Executing CHECK pass (checking for obvious problems).
21. Printing statistics.
22. Executing CHECK pass (checking for obvious problems).
23. Executing Verilog backend.
23.1. Executing BMUXMAP pass.
23.2. Executing DEMUXMAP pass.
Warnings: 2 unique messages, 2 total
End of script. Logfile hash: 09df390a73, time: 5.28s, user: 1.12s, system: 0.82s, MEM: 62.01 MB peak
Yosys 0.68+post (git sha1 UNKNOWN, Release, GNU /usr/local/bin/wrapped-cc/g++ 11.4.0)
Time spent: 60% 1x abc (2 sec), 8% 2x synth (0 sec), ...
Elapsed time: 0:05.30[h:]min:sec. CPU time: user 3.89 sys 0.99 (92%). Peak memory: 64764KB.
Log                       Ext     Elapsed/s Peak Memory/MB sha1sum result [0:20)
1_2_yosys                 .v              5             63 fd1b4d5b169df19a7cba
cp /work/campaigns/iscas_sustainability_extension/memory_compiler/gate3_attempt09_sram22_residual_interface_drv_and_provenance_closure/openroad/e0/constraint.sdc /work/campaigns/iscas_sustainability_extension/memory_compiler/gate3_attempt09_sram22_residual_interface_drv_and_provenance_closure/raw/openroad/work/results/sky130hd/attempt09_e0/seed11/1_2_yosys.sdc
touch -r /work/campaigns/iscas_sustainability_extension/memory_compiler/gate3_attempt09_sram22_residual_interface_drv_and_provenance_closure/openroad/e0/constraint.sdc /work/campaigns/iscas_sustainability_extension/memory_compiler/gate3_attempt09_sram22_residual_interface_drv_and_provenance_closure/raw/openroad/work/results/sky130hd/attempt09_e0/seed11/1_2_yosys.sdc
OpenROAD 26Q3-1080-gab6fd26351 
Features included (+) or not (-): +GPU +GUI +Python
This program is licensed under the BSD-3 license. See the LICENSE file for details.
Components of this program may be licensed under more restrictive licenses which must be honored.
[INFO ORD-0030] Using 4 thread(s).
mkdir -p /work/campaigns/iscas_sustainability_extension/memory_compiler/gate3_attempt09_sram22_residual_interface_drv_and_provenance_closure/raw/openroad/work/objects/sky130hd/attempt09_e0/seed11
/OpenROAD-flow-scripts/flow/scripts/flow.sh 1_synth synth_odb
Running synth_odb.tcl, stage 1_synth
read_liberty /OpenROAD-flow-scripts/flow/platforms/sky130hd/lib/sky130_fd_sc_hd__tt_025C_1v80.lib
read_liberty /work/campaigns/iscas_sustainability_extension/memory_compiler/gate3_attempt09_sram22_residual_interface_drv_and_provenance_closure/source_checkout/sram22_256x64m4w8/sram22_256x64m4w8_tt_025C_1v80.lib
read_liberty /work/campaigns/iscas_sustainability_extension/memory_compiler/gate3_attempt09_sram22_residual_interface_drv_and_provenance_closure/source_checkout/sram22_256x8m8w1/sram22_256x8m8w1_tt_025C_1v80.lib
[INFO ODB-0227] LEF file: /OpenROAD-flow-scripts/flow/platforms/sky130hd/lef/sky130_fd_sc_hd.tlef, created 13 layers, 25 vias
[INFO ODB-0227] LEF file: /OpenROAD-flow-scripts/flow/platforms/sky130hd/lef/sky130_fd_sc_hd_merged.lef, created 441 library cells
[INFO ODB-0227] LEF file: /work/campaigns/iscas_sustainability_extension/memory_compiler/gate3_attempt09_sram22_residual_interface_drv_and_provenance_closure/source_checkout/sram22_256x64m4w8/sram22_256x64m4w8.lef, created 1 library cells
[INFO ODB-0227] LEF file: /work/campaigns/iscas_sustainability_extension/memory_compiler/gate3_attempt09_sram22_residual_interface_drv_and_provenance_closure/source_checkout/sram22_256x8m8w1/sram22_256x8m8w1.lef, created 1 library cells
link_design e0_sram22_top
read_sdc /work/campaigns/iscas_sustainability_extension/memory_compiler/gate3_attempt09_sram22_residual_interface_drv_and_provenance_closure/raw/openroad/work/results/sky130hd/attempt09_e0/seed11/1_2_yosys.sdc
source /OpenROAD-flow-scripts/flow/platforms/sky130hd/setRC.tcl
eliminate_dead_logic
Removed 0 unused instances and 0 unused nets.
Design area 265042 um^2 100% utilization.
write_db /work/campaigns/iscas_sustainability_extension/memory_compiler/gate3_attempt09_sram22_residual_interface_drv_and_provenance_closure/raw/openroad/work/results/sky130hd/attempt09_e0/seed11/1_synth.odb
write_sdc -no_timestamp /work/campaigns/iscas_sustainability_extension/memory_compiler/gate3_attempt09_sram22_residual_interface_drv_and_provenance_closure/raw/openroad/work/results/sky130hd/attempt09_e0/seed11/1_synth.sdc
Elapsed time: 0:01.35[h:]min:sec. CPU time: user 0.85 sys 0.16 (74%). Peak memory: 127832KB.
Log                       Ext     Elapsed/s Peak Memory/MB sha1sum result [0:20)
1_synth                   .odb            1            124 951a4432527ca39dfdd7
1_synth                   .sdc                             449fc72f0abfd7eed5f3
/OpenROAD-flow-scripts/flow/scripts/flow.sh 2_1_floorplan floorplan
Running floorplan.tcl, stage 2_1_floorplan
read_liberty /OpenROAD-flow-scripts/flow/platforms/sky130hd/lib/sky130_fd_sc_hd__tt_025C_1v80.lib
read_liberty /work/campaigns/iscas_sustainability_extension/memory_compiler/gate3_attempt09_sram22_residual_interface_drv_and_provenance_closure/source_checkout/sram22_256x64m4w8/sram22_256x64m4w8_tt_025C_1v80.lib
read_liberty /work/campaigns/iscas_sustainability_extension/memory_compiler/gate3_attempt09_sram22_residual_interface_drv_and_provenance_closure/source_checkout/sram22_256x8m8w1/sram22_256x8m8w1_tt_025C_1v80.lib
read_db /work/campaigns/iscas_sustainability_extension/memory_compiler/gate3_attempt09_sram22_residual_interface_drv_and_provenance_closure/raw/openroad/work/results/sky130hd/attempt09_e0/seed11/1_synth.odb
read_sdc /work/campaigns/iscas_sustainability_extension/memory_compiler/gate3_attempt09_sram22_residual_interface_drv_and_provenance_closure/raw/openroad/work/results/sky130hd/attempt09_e0/seed11/1_synth.sdc
source /OpenROAD-flow-scripts/flow/platforms/sky130hd/setRC.tcl
Master sky130_ef_sc_hd__decap_12 is loaded but not used in the design

==========================================================================
Floorplan check_setup
--------------------------------------------------------------------------
number instances in verilog is 534
[WARNING IFP-0028] Core area lower left (10.000, 10.000) snapped to (10.120, 10.880).
[INFO IFP-0001] Added 231 rows of 2130 site unithd.
[INFO IFP-0100] Die BBox:  (  0.000  0.000 ) ( 1000.000 650.000 ) um
[INFO IFP-0101] Core BBox: ( 10.120 10.880 ) ( 989.920 639.200 ) um
[INFO IFP-0102] Core area:                       615627.936 um^2
[INFO IFP-0103] Total instances area:            265042.334 um^2
[INFO IFP-0104] Effective utilization:                0.431
[INFO IFP-0105] Number of instances:                    534
source /OpenROAD-flow-scripts/flow/platforms/sky130hd/make_tracks.tcl
source /OpenROAD-flow-scripts/flow/platforms/sky130hd/fastroute.tcl
Repair tie lo fanout...
Repair tie hi fanout...
[INFO RSZ-0042] Inserted 16 tie sky130_fd_sc_hd__conb_1 instances.
repair_timing -setup_margin 0 -hold_margin 0 -repair_tns 100 -match_cell_footprint -setup -skip_last_gasp -sequence unbuffer,sizeup,swap,vt_swap -verbose
[WARNING EST-0027] no estimated parasitics. Using wire load models.
[INFO RSZ-0100] Repair move sequence: UnbufferMove SizeUpMove SwapPinsMove 
[INFO RSZ-0098] No setup violations found
[INFO RSZ-0505] Runtime: 0.16s
Default units for flow
 time 1ns
 capacitance 1pF
 resistance 1kohm
 voltage 1v
 current 1mA
 power 1nW
 distance 1um
   Layer   | Unit Resistance | Unit Capacitance 
           |       (kohm/um) |          (pF/um)
------------------------------------------------
       li1 |        7.18e-02 |         1.50e-04
      met1 |        1.21e-03 |         1.72e-04
      met2 |        1.22e-03 |         1.36e-04
      met3 |        1.66e-04 |         2.15e-04
      met4 |        1.68e-04 |         1.48e-04
      met5 |        1.84e-05 |         1.54e-04
------------------------------------------------

   Layer   | Via Resistance 
           |         (kohm) 
----------------------------
      mcon |       9.25e-03 
       via |       4.50e-03 
      via2 |       3.37e-03 
      via3 |       3.77e-04 
      via4 |       5.80e-06 
----------------------------
Report metrics stage 2, floorplan final...

==========================================================================
floorplan final report_design_area
--------------------------------------------------------------------------
Design area 265099 um^2 43% utilization.
write_db /work/campaigns/iscas_sustainability_extension/memory_compiler/gate3_attempt09_sram22_residual_interface_drv_and_provenance_closure/raw/openroad/work/results/sky130hd/attempt09_e0/seed11/2_1_floorplan.odb
write_sdc -no_timestamp /work/campaigns/iscas_sustainability_extension/memory_compiler/gate3_attempt09_sram22_residual_interface_drv_and_provenance_closure/raw/openroad/work/results/sky130hd/attempt09_e0/seed11/2_1_floorplan.sdc
Elapsed time: 0:02.27[h:]min:sec. CPU time: user 0.87 sys 0.41 (56%). Peak memory: 147008KB.
Log                       Ext     Elapsed/s Peak Memory/MB sha1sum result [0:20)
2_1_floorplan             .odb            2            143 4ecf1648a0ba0c8654dc
2_1_floorplan             .sdc                             449fc72f0abfd7eed5f3
/OpenROAD-flow-scripts/flow/scripts/flow.sh 2_2_floorplan_macro macro_place
Running macro_place.tcl, stage 2_2_floorplan_macro
read_liberty /OpenROAD-flow-scripts/flow/platforms/sky130hd/lib/sky130_fd_sc_hd__tt_025C_1v80.lib
read_liberty /work/campaigns/iscas_sustainability_extension/memory_compiler/gate3_attempt09_sram22_residual_interface_drv_and_provenance_closure/source_checkout/sram22_256x64m4w8/sram22_256x64m4w8_tt_025C_1v80.lib
read_liberty /work/campaigns/iscas_sustainability_extension/memory_compiler/gate3_attempt09_sram22_residual_interface_drv_and_provenance_closure/source_checkout/sram22_256x8m8w1/sram22_256x8m8w1_tt_025C_1v80.lib
read_db /work/campaigns/iscas_sustainability_extension/memory_compiler/gate3_attempt09_sram22_residual_interface_drv_and_provenance_closure/raw/openroad/work/results/sky130hd/attempt09_e0/seed11/2_1_floorplan.odb
read_sdc /work/campaigns/iscas_sustainability_extension/memory_compiler/gate3_attempt09_sram22_residual_interface_drv_and_provenance_closure/raw/openroad/work/results/sky130hd/attempt09_e0/seed11/2_1_floorplan.sdc
source /OpenROAD-flow-scripts/flow/platforms/sky130hd/setRC.tcl
source /work/campaigns/iscas_sustainability_extension/memory_compiler/gate3_attempt09_sram22_residual_interface_drv_and_provenance_closure/openroad/e0/macro_placement.tcl
[INFO MPL-0035] Macro u_protected_memory.u_data placed. Bounding box (30.360um, 31.230um), (720.480um, 322.870um). Orientation MX
[INFO MPL-0035] Macro u_protected_memory.u_ecc placed. Bounding box (30.360um, 382.840um), (292.080um, 608.520um). Orientation R0
rtl_macro_placer -max_num_level 2 -halo_width 20 -halo_height 20 -min_ar 0.33 -area_weight 0.1 -wirelength_weight 100.0 -outline_weight 100.0 -boundary_weight 50.0 -notch_weight 50.0 -report_directory /work/campaigns/iscas_sustainability_extension/memory_compiler/gate3_attempt09_sram22_residual_interface_drv_and_provenance_closure/raw/openroad/work/objects/sky130hd/attempt09_e0/seed11/rtlmp -fence_lx 0.0 -fence_ly 0.0 -fence_ux 0.0 -fence_uy 0.0 -target_util 0.3
[WARNING MPL-0074] -halo_width/-halo_height are deprecated, use the set_macro_base_halo command instead.
[INFO MPL-0062] Found fixed macro u_protected_memory.u_data.
[INFO MPL-0062] Found fixed macro u_protected_memory.u_ecc.
[INFO MPL-0017] No unfixed macros.
[INFO MPL-0013] Skipping macro placement.
[INFO MPL-0500] Runtime: 0.00s
Design area 265099 um^2 43% utilization.
write_db /work/campaigns/iscas_sustainability_extension/memory_compiler/gate3_attempt09_sram22_residual_interface_drv_and_provenance_closure/raw/openroad/work/results/sky130hd/attempt09_e0/seed11/2_2_floorplan_macro.odb
Elapsed time: 0:01.40[h:]min:sec. CPU time: user 0.74 sys 0.15 (62%). Peak memory: 125320KB.
Log                       Ext     Elapsed/s Peak Memory/MB sha1sum result [0:20)
2_2_floorplan_macro       .odb            1            122 fec7164d497ac654f5d7
/OpenROAD-flow-scripts/flow/scripts/flow.sh 2_3_floorplan_tapcell tapcell
Running tapcell.tcl, stage 2_3_floorplan_tapcell
read_liberty /OpenROAD-flow-scripts/flow/platforms/sky130hd/lib/sky130_fd_sc_hd__tt_025C_1v80.lib
read_liberty /work/campaigns/iscas_sustainability_extension/memory_compiler/gate3_attempt09_sram22_residual_interface_drv_and_provenance_closure/source_checkout/sram22_256x64m4w8/sram22_256x64m4w8_tt_025C_1v80.lib
read_liberty /work/campaigns/iscas_sustainability_extension/memory_compiler/gate3_attempt09_sram22_residual_interface_drv_and_provenance_closure/source_checkout/sram22_256x8m8w1/sram22_256x8m8w1_tt_025C_1v80.lib
read_db /work/campaigns/iscas_sustainability_extension/memory_compiler/gate3_attempt09_sram22_residual_interface_drv_and_provenance_closure/raw/openroad/work/results/sky130hd/attempt09_e0/seed11/2_2_floorplan_macro.odb
read_sdc /work/campaigns/iscas_sustainability_extension/memory_compiler/gate3_attempt09_sram22_residual_interface_drv_and_provenance_closure/raw/openroad/work/results/sky130hd/attempt09_e0/seed11/2_1_floorplan.sdc
source /OpenROAD-flow-scripts/flow/platforms/sky130hd/setRC.tcl
[INFO ODB-0303] The initial 231 rows (492030 sites) were cut with 2 shapes for a total of 426 rows (276715 sites).
[INFO TAP-0005] Inserted 4738 tapcells.
Design area 271027 um^2 44% utilization.
write_db /work/campaigns/iscas_sustainability_extension/memory_compiler/gate3_attempt09_sram22_residual_interface_drv_and_provenance_closure/raw/openroad/work/results/sky130hd/attempt09_e0/seed11/2_3_floorplan_tapcell.odb
Elapsed time: 0:01.46[h:]min:sec. CPU time: user 0.70 sys 0.23 (63%). Peak memory: 126924KB.
Log                       Ext     Elapsed/s Peak Memory/MB sha1sum result [0:20)
2_3_floorplan_tapcell     .odb            1            123 5795ef29b77c8ae8c888
/OpenROAD-flow-scripts/flow/scripts/flow.sh 2_4_floorplan_pdn pdn
Running pdn.tcl, stage 2_4_floorplan_pdn
read_liberty /OpenROAD-flow-scripts/flow/platforms/sky130hd/lib/sky130_fd_sc_hd__tt_025C_1v80.lib
read_liberty /work/campaigns/iscas_sustainability_extension/memory_compiler/gate3_attempt09_sram22_residual_interface_drv_and_provenance_closure/source_checkout/sram22_256x64m4w8/sram22_256x64m4w8_tt_025C_1v80.lib
read_liberty /work/campaigns/iscas_sustainability_extension/memory_compiler/gate3_attempt09_sram22_residual_interface_drv_and_provenance_closure/source_checkout/sram22_256x8m8w1/sram22_256x8m8w1_tt_025C_1v80.lib
read_db /work/campaigns/iscas_sustainability_extension/memory_compiler/gate3_attempt09_sram22_residual_interface_drv_and_provenance_closure/raw/openroad/work/results/sky130hd/attempt09_e0/seed11/2_3_floorplan_tapcell.odb
read_sdc /work/campaigns/iscas_sustainability_extension/memory_compiler/gate3_attempt09_sram22_residual_interface_drv_and_provenance_closure/raw/openroad/work/results/sky130hd/attempt09_e0/seed11/2_1_floorplan.sdc
source /OpenROAD-flow-scripts/flow/platforms/sky130hd/setRC.tcl
[WARNING PDN-1051] No instances found for grid (CORE_macro_grid_2).
[INFO PDN-0001] Inserting grid: grid
[INFO PDN-0001] Inserting grid: CORE_macro_grid_1 - u_protected_memory.u_data
[INFO PDN-0001] Inserting grid: CORE_macro_grid_1 - u_protected_memory.u_ecc
[WARNING PDN-0110] No via inserted between met2 and met4 at (63.6000, 142.5500) - (63.8000, 142.8700) on VDD
[WARNING PDN-0110] No via inserted between met2 and met4 at (63.6000, 143.9100) - (63.8000, 144.2300) on VDD
[WARNING PDN-0110] No via inserted between met2 and met4 at (63.6000, 145.2700) - (63.8000, 145.5900) on VDD
[WARNING PDN-0110] No via inserted between met2 and met4 at (63.6000, 147.9900) - (63.8000, 148.3100) on VDD
[WARNING PDN-0110] No via inserted between met2 and met4 at (63.6000, 158.8700) - (63.8000, 159.1900) on VDD
[WARNING PDN-0110] No via inserted between met2 and met4 at (63.6000, 160.2300) - (63.8000, 160.5500) on VDD
[WARNING PDN-0195] Removing 2 via(s) between met2 and met4 at (90.8700 um, 156.3100 um) for VDD
[WARNING PDN-0110] No via inserted between met2 and met4 at (132.9600, 184.7000) - (133.0500, 185.7100) on VSS
[WARNING PDN-0110] No via inserted between met2 and met4 at (132.9600, 186.3400) - (133.0500, 187.0100) on VSS
[WARNING PDN-0195] Removing 114 via(s) between met2 and met4 at (241.4700 um, 192.5500 um) for VSS
[WARNING PDN-0195] Removing 176 via(s) between met2 and met4 at (282.1800 um, 240.4700 um) for VDD
[WARNING PDN-0195] Removing 2 via(s) between met2 and met4 at (90.8700 um, 428.3600 um) for VDD
[WARNING PDN-0195] Removing 2 via(s) between met2 and met4 at (90.8700 um, 448.7600 um) for VDD
[WARNING PDN-0195] Removing 2 via(s) between met2 and met4 at (90.8700 um, 452.8400 um) for VDD
[WARNING PDN-0195] Removing 2 via(s) between met2 and met4 at (90.8700 um, 467.8000 um) for VDD
[WARNING PDN-0195] Removing 2 via(s) between met2 and met4 at (90.8700 um, 470.5200 um) for VDD
[WARNING PDN-0195] Removing 2 via(s) between met2 and met4 at (90.8700 um, 485.4800 um) for VDD
[WARNING PDN-0195] Removing 2 via(s) between met2 and met4 at (90.8700 um, 520.8400 um) for VDD
[WARNING PDN-0195] Removing 2 via(s) between met2 and met4 at (105.7750 um, 569.1200 um) for VSS
[WARNING PDN-0110] No via inserted between met2 and met4 at (117.8800, 415.9600) - (118.2000, 416.2800) on VDD
[WARNING PDN-0110] No via inserted between met2 and met4 at (119.2400, 542.4400) - (119.4800, 542.7600) on VDD
[WARNING PDN-0110] No via inserted between met2 and met4 at (131.4500, 444.8100) - (131.6000, 480.2000) on VSS
[INFO PDN-0500] Runtime: 0.87s
Design area 271027 um^2 44% utilization.
write_db /work/campaigns/iscas_sustainability_extension/memory_compiler/gate3_attempt09_sram22_residual_interface_drv_and_provenance_closure/raw/openroad/work/results/sky130hd/attempt09_e0/seed11/2_4_floorplan_pdn.odb
Elapsed time: 0:02.79[h:]min:sec. CPU time: user 1.75 sys 0.27 (72%). Peak memory: 147244KB.
Log                       Ext     Elapsed/s Peak Memory/MB sha1sum result [0:20)
2_4_floorplan_pdn         .odb            2            143 b49f33d493c2578b8f4f
cp /work/campaigns/iscas_sustainability_extension/memory_compiler/gate3_attempt09_sram22_residual_interface_drv_and_provenance_closure/raw/openroad/work/results/sky130hd/attempt09_e0/seed11/2_4_floorplan_pdn.odb /work/campaigns/iscas_sustainability_extension/memory_compiler/gate3_attempt09_sram22_residual_interface_drv_and_provenance_closure/raw/openroad/work/results/sky130hd/attempt09_e0/seed11/2_floorplan.odb
cp /work/campaigns/iscas_sustainability_extension/memory_compiler/gate3_attempt09_sram22_residual_interface_drv_and_provenance_closure/raw/openroad/work/results/sky130hd/attempt09_e0/seed11/2_1_floorplan.sdc /work/campaigns/iscas_sustainability_extension/memory_compiler/gate3_attempt09_sram22_residual_interface_drv_and_provenance_closure/raw/openroad/work/results/sky130hd/attempt09_e0/seed11/2_floorplan.sdc
/OpenROAD-flow-scripts/flow/scripts/flow.sh 3_1_place_gp_skip_io global_place_skip_io
Running global_place_skip_io.tcl, stage 3_1_place_gp_skip_io
read_liberty /OpenROAD-flow-scripts/flow/platforms/sky130hd/lib/sky130_fd_sc_hd__tt_025C_1v80.lib
read_liberty /work/campaigns/iscas_sustainability_extension/memory_compiler/gate3_attempt09_sram22_residual_interface_drv_and_provenance_closure/source_checkout/sram22_256x64m4w8/sram22_256x64m4w8_tt_025C_1v80.lib
read_liberty /work/campaigns/iscas_sustainability_extension/memory_compiler/gate3_attempt09_sram22_residual_interface_drv_and_provenance_closure/source_checkout/sram22_256x8m8w1/sram22_256x8m8w1_tt_025C_1v80.lib
read_db /work/campaigns/iscas_sustainability_extension/memory_compiler/gate3_attempt09_sram22_residual_interface_drv_and_provenance_closure/raw/openroad/work/results/sky130hd/attempt09_e0/seed11/2_floorplan.odb
read_sdc /work/campaigns/iscas_sustainability_extension/memory_compiler/gate3_attempt09_sram22_residual_interface_drv_and_provenance_closure/raw/openroad/work/results/sky130hd/attempt09_e0/seed11/2_floorplan.sdc
source /OpenROAD-flow-scripts/flow/platforms/sky130hd/setRC.tcl
global_placement -skip_io -density 0.3 -pad_left 0 -pad_right 0 -random_seed 11
[INFO GPL-0001] ---- Initialize GPL Main Data Structures
[INFO GPL-0002] DBU: 1000
[INFO GPL-0003] SiteSize: (  0.460  2.720 ) um
[INFO GPL-0004] CoreBBox: ( 10.120 10.880 ) ( 989.920 639.200 ) um
[INFO GPL-0016] Core area:                  615627.936 um^2
[INFO GPL-0036] Movable instances area:       4767.072 um^2
[INFO GPL-0037] Total instances area:       273327.142 um^2
[INFO GPL-0035] Pin density area adjust:        33.528 um^2
[INFO GPL-0032] ---- Initialize Region: Top-level
[INFO GPL-0006] Number of instances:              5674
[INFO GPL-0007] Movable instances:                 547
[INFO GPL-0008] Fixed instances:                  4740
[INFO GPL-0009] Dummy instances:                   387
[INFO GPL-0010] Number of nets:                    695
[INFO GPL-0011] Number of pins:                   1969
[INFO GPL-0012] Die BBox:       (  0.000  0.000 ) ( 1000.000 650.000 ) um
[INFO GPL-0013] Placement BBox: ( 10.120 10.880 ) ( 989.920 639.200 ) um
[INFO GPL-0014] Region name: top-level.
[INFO GPL-0015] Region area:                615627.936 um^2
[INFO GPL-0017] Fixed instances area:       275330.314 um^2
[INFO GPL-0018] Movable instances area:       4800.600 um^2
[INFO GPL-0019] Utilization:                     1.411 %
[INFO GPL-0020] Standard cells area:          4800.600 um^2
[INFO GPL-0021] Large instances area:            0.000 um^2
[INFO GPL-0005] ---- Execute Conjugate Gradient Initial Placement.
[INFO GPL-0051] Source of initial instance position counters:
	Odb location = 0	Core center = 547	Region center = 0
[INFO GPL-0033] ---- Initialize Nesterov Region: Top-level
[INFO GPL-0023] Placement target density:       0.3000
[INFO GPL-0024] Movable insts average area:      8.776 um^2
[INFO GPL-0025] Ideal bin area:                 29.254 um^2
[INFO GPL-0026] Ideal bin count:                 21044
[INFO GPL-0027] Total bin area:             615627.936 um^2
[INFO GPL-0028] Bin count (X, Y):         128 ,    128
[INFO GPL-0029] Bin size (W * H):       7.655 *  4.909 um
[INFO GPL-0030] Number of bins:                  16384
[INFO GPL-0084] ---- Execute Nesterov Global Placement.
[INFO GPL-0031] HPWL: Half-Perimeter Wirelength
Iteration | Overflow |     HPWL (um) |  HPWL(%) |   Penalty | Group
---------------------------------------------------------------
        0 |   0.9533 |  2.467209e+04 |   +0.00% |  2.28e-15 |      
       10 |   0.8480 |  2.804517e+04 |  +13.67% |  3.71e-15 |      
       20 |   0.8511 |  2.786790e+04 |   -0.63% |  6.04e-15 |      
       30 |   0.8484 |  2.787948e+04 |   +0.04% |  9.84e-15 |      
       40 |   0.8477 |  2.788033e+04 |   +0.00% |  1.60e-14 |      
       50 |   0.8483 |  2.787679e+04 |   -0.01% |  2.61e-14 |      
       60 |   0.8487 |  2.787904e+04 |   +0.01% |  4.25e-14 |      
       70 |   0.8486 |  2.787949e+04 |   +0.00% |  6.93e-14 |      
       80 |   0.8481 |  2.788330e+04 |   +0.01% |  1.13e-13 |      
       90 |   0.8475 |  2.788889e+04 |   +0.02% |  1.84e-13 |      
      100 |   0.8465 |  2.790572e+04 |   +0.06% |  2.99e-13 |      
      110 |   0.8453 |  2.793597e+04 |   +0.11% |  4.88e-13 |      
      120 |   0.8423 |  2.800305e+04 |   +0.24% |  7.94e-13 |      
      130 |   0.8372 |  2.813211e+04 |   +0.46% |  1.29e-12 |      
      140 |   0.8306 |  2.836994e+04 |   +0.85% |  2.11e-12 |      
      150 |   0.8241 |  2.878666e+04 |   +1.47% |  3.43e-12 |      
      160 |   0.8155 |  2.948061e+04 |   +2.41% |  5.59e-12 |      
      170 |   0.8059 |  3.056563e+04 |   +3.68% |  9.11e-12 |      
      180 |   0.7863 |  3.199433e+04 |   +4.67% |  1.48e-11 |      
      190 |   0.7729 |  3.324062e+04 |   +3.90% |  2.42e-11 |      
      200 |   0.7646 |  3.380119e+04 |   +1.69% |  3.93e-11 |      
      210 |   0.7488 |  3.414242e+04 |   +1.01% |  6.41e-11 |      
      220 |   0.7076 |  3.477034e+04 |   +1.84% |  1.04e-10 |      
      230 |   0.6740 |  3.528190e+04 |   +1.47% |  1.70e-10 |      
      240 |   0.6768 |  3.433839e+04 |   -2.67% |  2.77e-10 |      
      250 |   0.6542 |  3.477869e+04 |   +1.28% |  4.51e-10 |      
      260 |   0.6026 |  3.506425e+04 |   +0.82% |  7.34e-10 |      
      270 |   0.5696 |  3.447854e+04 |   -1.67% |  1.20e-09 |      
      280 |   0.5403 |  3.395455e+04 |   -1.52% |  1.95e-09 |      
      290 |   0.5007 |  3.375351e+04 |   -0.59% |  3.17e-09 |      
      300 |   0.4584 |  3.350525e+04 |   -0.74% |  5.17e-09 |      
      310 |   0.4146 |  3.324101e+04 |   -0.79% |  8.42e-09 |      
      320 |   0.3695 |  3.331850e+04 |   +0.23% |  1.37e-08 |      
      330 |   0.3229 |  3.338547e+04 |   +0.20% |  2.12e-08 |      
      340 |   0.2833 |  3.358606e+04 |   +0.60% |  3.13e-08 |      
      350 |   0.2450 |  3.342464e+04 |   -0.48% |  4.61e-08 |      
      360 |   0.2088 |  3.369791e+04 |   +0.82% |  6.79e-08 |      
      370 |   0.1805 |  3.405656e+04 |   +1.06% |  1.00e-07 |      
      380 |   0.1515 |  3.431867e+04 |   +0.77% |  1.47e-07 |      
      390 |   0.1246 |  3.446813e+04 |   +0.44% |  2.17e-07 |      
      400 |   0.1087 |  3.463034e+04 |   +0.47% |  3.20e-07 |      
      410 |   0.0986 |  3.473083e+04 |   +0.29% |  4.71e-07 |      
      410 |   0.0986 |  3.473083e+04 |          |  4.90e-07 |      
---------------------------------------------------------------
[INFO GPL-1001] Global placement finished at iteration 410
[INFO GPL-1002] Placed Cell Area             4800.5996
[INFO GPL-1003] Available Free Area         340297.6224
[INFO GPL-1004] Minimum Feasible Density        0.0200 (cell_area / free_area)
[INFO GPL-1006]   Suggested Target Densities:
[INFO GPL-1007]     - For 90% usage of free space: 0.0157
[INFO GPL-1008]     - For 80% usage of free space: 0.0176
[INFO GPL-1009]     - For 50% usage of free space: 0.0282
[INFO GPL-1014] Final placement area: 4800.60 (+0.00%)
Design area 271027 um^2 44% utilization.
write_db /work/campaigns/iscas_sustainability_extension/memory_compiler/gate3_attempt09_sram22_residual_interface_drv_and_provenance_closure/raw/openroad/work/results/sky130hd/attempt09_e0/seed11/3_1_place_gp_skip_io.odb
Elapsed time: 0:03.99[h:]min:sec. CPU time: user 8.67 sys 0.25 (223%). Peak memory: 137948KB.
Log                       Ext     Elapsed/s Peak Memory/MB sha1sum result [0:20)
3_1_place_gp_skip_io      .odb            3            134 730ef1d7532e23e47555
/OpenROAD-flow-scripts/flow/scripts/flow.sh 3_2_place_iop io_placement
Running io_placement.tcl, stage 3_2_place_iop
read_liberty /OpenROAD-flow-scripts/flow/platforms/sky130hd/lib/sky130_fd_sc_hd__tt_025C_1v80.lib
read_liberty /work/campaigns/iscas_sustainability_extension/memory_compiler/gate3_attempt09_sram22_residual_interface_drv_and_provenance_closure/source_checkout/sram22_256x64m4w8/sram22_256x64m4w8_tt_025C_1v80.lib
read_liberty /work/campaigns/iscas_sustainability_extension/memory_compiler/gate3_attempt09_sram22_residual_interface_drv_and_provenance_closure/source_checkout/sram22_256x8m8w1/sram22_256x8m8w1_tt_025C_1v80.lib
read_db /work/campaigns/iscas_sustainability_extension/memory_compiler/gate3_attempt09_sram22_residual_interface_drv_and_provenance_closure/raw/openroad/work/results/sky130hd/attempt09_e0/seed11/3_1_place_gp_skip_io.odb
read_sdc /work/campaigns/iscas_sustainability_extension/memory_compiler/gate3_attempt09_sram22_residual_interface_drv_and_provenance_closure/raw/openroad/work/results/sky130hd/attempt09_e0/seed11/2_floorplan.sdc
source /OpenROAD-flow-scripts/flow/platforms/sky130hd/setRC.tcl
source /work/campaigns/iscas_sustainability_extension/memory_compiler/gate3_attempt09_sram22_residual_interface_drv_and_provenance_closure/openroad/pre_io_placement.tcl
place_pins -hor_layers met3 -ver_layers met2
Found 2 macro blocks.
Using 2 tracks default min distance between IO pins.
[INFO PPL-0067] Restrict pins [ addr[0] addr[1] addr[2] addr[3] addr[4] ... ] to region 0.00u-1000.00u at the TOP edge.
[INFO PPL-0001] Number of available slots 3118
[INFO PPL-0002] Number of I/O             142
[INFO PPL-0003] Number of I/O w/sink      142
[INFO PPL-0004] Number of I/O w/o sink    0
[INFO PPL-0005] Slots per section         200
[INFO PPL-0008] Successfully assigned pins to sections.
[INFO PPL-0012] I/O nets HPWL: 51615.08 um.
Design area 271027 um^2 44% utilization.
write_db /work/campaigns/iscas_sustainability_extension/memory_compiler/gate3_attempt09_sram22_residual_interface_drv_and_provenance_closure/raw/openroad/work/results/sky130hd/attempt09_e0/seed11/3_2_place_iop.odb
Elapsed time: 0:01.87[h:]min:sec. CPU time: user 0.80 sys 0.23 (55%). Peak memory: 134440KB.
Log                       Ext     Elapsed/s Peak Memory/MB sha1sum result [0:20)
3_2_place_iop             .odb            1            131 d130c4fe30d42aea8cc9
/OpenROAD-flow-scripts/flow/scripts/flow.sh 3_3_place_gp global_place
Running global_place.tcl, stage 3_3_place_gp
read_liberty /OpenROAD-flow-scripts/flow/platforms/sky130hd/lib/sky130_fd_sc_hd__tt_025C_1v80.lib
read_liberty /work/campaigns/iscas_sustainability_extension/memory_compiler/gate3_attempt09_sram22_residual_interface_drv_and_provenance_closure/source_checkout/sram22_256x64m4w8/sram22_256x64m4w8_tt_025C_1v80.lib
read_liberty /work/campaigns/iscas_sustainability_extension/memory_compiler/gate3_attempt09_sram22_residual_interface_drv_and_provenance_closure/source_checkout/sram22_256x8m8w1/sram22_256x8m8w1_tt_025C_1v80.lib
read_db /work/campaigns/iscas_sustainability_extension/memory_compiler/gate3_attempt09_sram22_residual_interface_drv_and_provenance_closure/raw/openroad/work/results/sky130hd/attempt09_e0/seed11/3_2_place_iop.odb
read_sdc /work/campaigns/iscas_sustainability_extension/memory_compiler/gate3_attempt09_sram22_residual_interface_drv_and_provenance_closure/raw/openroad/work/results/sky130hd/attempt09_e0/seed11/2_floorplan.sdc
source /OpenROAD-flow-scripts/flow/platforms/sky130hd/setRC.tcl
[INFO RSZ-0026] Removed 17 buffers.
Perform port buffering...
[INFO RSZ-0027] Inserted 75 sky130_fd_sc_hd__clkdlybuf4s50_1 input buffers.
[INFO RSZ-0028] Inserted 66 sky130_fd_sc_hd__clkdlybuf4s50_1 output buffers.
global_placement -density 0.3 -pad_left 0 -pad_right 0 -routability_driven -random_seed 11 -timing_driven -force_center_initial_place -min_phi_coef 0.95 -max_phi_coef 1.05
[INFO GPL-0001] ---- Initialize GPL Main Data Structures
[INFO GPL-0002] DBU: 1000
[INFO GPL-0003] SiteSize: (  0.460  2.720 ) um
[INFO GPL-0004] CoreBBox: ( 10.120 10.880 ) ( 989.920 639.200 ) um
[INFO GPL-0016] Core area:                  615627.936 um^2
[INFO GPL-0036] Movable instances area:       6067.069 um^2
[INFO GPL-0037] Total instances area:       274627.139 um^2
[INFO GPL-0035] Pin density area adjust:       322.050 um^2
[INFO GPL-0032] ---- Initialize Region: Top-level
[INFO GPL-0006] Number of instances:              5798
[INFO GPL-0007] Movable instances:                 671
[INFO GPL-0008] Fixed instances:                  4740
[INFO GPL-0009] Dummy instances:                   387
[INFO GPL-0010] Number of nets:                    819
[INFO GPL-0011] Number of pins:                   2359
[INFO GPL-0012] Die BBox:       (  0.000  0.000 ) ( 1000.000 650.000 ) um
[INFO GPL-0013] Placement BBox: ( 10.120 10.880 ) ( 989.920 639.200 ) um
[INFO GPL-0014] Region name: top-level.
[INFO GPL-0015] Region area:                615627.936 um^2
[INFO GPL-0017] Fixed instances area:       275330.314 um^2
[INFO GPL-0018] Movable instances area:       6389.119 um^2
[INFO GPL-0019] Utilization:                     1.878 %
[INFO GPL-0020] Standard cells area:          6389.119 um^2
[INFO GPL-0021] Large instances area:            0.000 um^2
[INFO GPL-0005] ---- Execute Conjugate Gradient Initial Placement.
[INFO GPL-0051] Source of initial instance position counters:
	Odb location = 0	Core center = 671	Region center = 0
[InitialPlace]  Iter: 1 conjugate gradient residual: 0.00000250 HPWL: 223996299
[InitialPlace]  Iter: 2 conjugate gradient residual: 0.00000006 HPWL: 224266566
[InitialPlace]  Iter: 3 conjugate gradient residual: 0.00000010 HPWL: 223011805
[InitialPlace]  Iter: 4 conjugate gradient residual: 0.00000010 HPWL: 221150077
[InitialPlace]  Iter: 5 conjugate gradient residual: 0.00000006 HPWL: 219496376
[INFO GPL-0033] ---- Initialize Nesterov Region: Top-level
[INFO GPL-0023] Placement target density:       0.3000
[INFO GPL-0024] Movable insts average area:      9.522 um^2
[INFO GPL-0025] Ideal bin area:                 31.739 um^2
[INFO GPL-0026] Ideal bin count:                 19396
[INFO GPL-0027] Total bin area:             615627.936 um^2
[INFO GPL-0028] Bin count (X, Y):         128 ,    128
[INFO GPL-0029] Bin size (W * H):       7.655 *  4.909 um
[INFO GPL-0030] Number of bins:                  16384
[INFO GPL-0084] ---- Execute Nesterov Global Placement.
[INFO GPL-0031] HPWL: Half-Perimeter Wirelength
Iteration | Overflow |     HPWL (um) |  HPWL(%) |   Penalty | Group
---------------------------------------------------------------
        0 |   0.8429 |  7.499668e+04 |   +0.00% |  7.22e-15 |      
[INFO GPL-0100] Timing-driven iteration 1/2, virtual: false.
[INFO GPL-0101]    Iter: 3, overflow: 0.591, keep resizer changes at: 1, HPWL: 80892283
Iteration |   Area    | Resized | Buffers | Nets repaired | Remaining
---------------------------------------------------------------------
        0 |     +0.0% |       0 |       0 |             0 |       835
    final |     +0.7% |     128 |     230 |           212 |         0
---------------------------------------------------------------------
[INFO RSZ-0034] Found 220 slew violations.
[INFO RSZ-0039] Resized 128 instances.
[INFO RSZ-0038] Inserted 230 buffers in 212 nets.
   Iter   |    Area   | Removed | Inserted |   Pins
          |           | Buffers | Buffers  | Remaining
-------------------------------------------------------
        0 |     +0.0% |       0 |        0 |       727
       72 |     +0.0% |       1 |        3 |       655
      144 |     +0.0% |       1 |       15 |       583
      216 |     +0.1% |       2 |       27 |       511
      288 |     +0.1% |       6 |       34 |       439
      360 |     +0.1% |      20 |       60 |       367
      432 |     +0.1% |      21 |       61 |       295
      504 |     +0.1% |      21 |       66 |       223
[WARNING RSZ-2005] cannot find a viable buffering solution on pin u_protected_memory.u_ecc/dout[7] after 1 rounds of buffering (no solution meets design rules)
[WARNING RSZ-2005] cannot find a viable buffering solution on pin u_protected_memory.u_ecc/dout[6] after 1 rounds of buffering (no solution meets design rules)
[WARNING RSZ-2005] cannot find a viable buffering solution on pin u_protected_memory.u_ecc/dout[5] after 1 rounds of buffering (no solution meets design rules)
[WARNING RSZ-2005] cannot find a viable buffering solution on pin u_protected_memory.u_ecc/dout[4] after 1 rounds of buffering (no solution meets design rules)
[WARNING RSZ-2005] cannot find a viable buffering solution on pin u_protected_memory.u_ecc/dout[3] after 1 rounds of buffering (no solution meets design rules)
[WARNING RSZ-2005] cannot find a viable buffering solution on pin u_protected_memory.u_ecc/dout[2] after 1 rounds of buffering (no solution meets design rules)
[WARNING RSZ-2005] cannot find a viable buffering solution on pin u_protected_memory.u_ecc/dout[1] after 1 rounds of buffering (no solution meets design rules)
[WARNING RSZ-2005] cannot find a viable buffering solution on pin u_protected_memory.u_ecc/dout[0] after 1 rounds of buffering (no solution meets design rules)
[WARNING RSZ-2005] cannot find a viable buffering solution on pin u_protected_memory.u_data/dout[9] after 1 rounds of buffering (no solution meets design rules)
[WARNING RSZ-2005] cannot find a viable buffering solution on pin u_protected_memory.u_data/dout[8] after 1 rounds of buffering (no solution meets design rules)
[WARNING RSZ-2005] cannot find a viable buffering solution on pin u_protected_memory.u_data/dout[7] after 1 rounds of buffering (no solution meets design rules)
[WARNING RSZ-2005] cannot find a viable buffering solution on pin u_protected_memory.u_data/dout[6] after 1 rounds of buffering (no solution meets design rules)
[WARNING RSZ-2005] cannot find a viable buffering solution on pin u_protected_memory.u_data/dout[63] after 1 rounds of buffering (no solution meets design rules)
[WARNING RSZ-2005] cannot find a viable buffering solution on pin u_protected_memory.u_data/dout[62] after 1 rounds of buffering (no solution meets design rules)
[WARNING RSZ-2005] cannot find a viable buffering solution on pin u_protected_memory.u_data/dout[61] after 1 rounds of buffering (no solution meets design rules)
[WARNING RSZ-2005] cannot find a viable buffering solution on pin u_protected_memory.u_data/dout[60] after 1 rounds of buffering (no solution meets design rules)
[WARNING RSZ-2005] cannot find a viable buffering solution on pin u_protected_memory.u_data/dout[5] after 1 rounds of buffering (no solution meets design rules)
[WARNING RSZ-2005] cannot find a viable buffering solution on pin u_protected_memory.u_data/dout[59] after 1 rounds of buffering (no solution meets design rules)
[WARNING RSZ-2005] cannot find a viable buffering solution on pin u_protected_memory.u_data/dout[58] after 1 rounds of buffering (no solution meets design rules)
[WARNING RSZ-2005] cannot find a viable buffering solution on pin u_protected_memory.u_data/dout[57] after 1 rounds of buffering (no solution meets design rules)
[WARNING RSZ-2005] cannot find a viable buffering solution on pin u_protected_memory.u_data/dout[56] after 1 rounds of buffering (no solution meets design rules)
[WARNING RSZ-2005] cannot find a viable buffering solution on pin u_protected_memory.u_data/dout[55] after 1 rounds of buffering (no solution meets design rules)
[WARNING RSZ-2005] cannot find a viable buffering solution on pin u_protected_memory.u_data/dout[54] after 1 rounds of buffering (no solution meets design rules)
[WARNING RSZ-2005] cannot find a viable buffering solution on pin u_protected_memory.u_data/dout[53] after 1 rounds of buffering (no solution meets design rules)
[WARNING RSZ-2005] cannot find a viable buffering solution on pin u_protected_memory.u_data/dout[52] after 1 rounds of buffering (no solution meets design rules)
[WARNING RSZ-2005] cannot find a viable buffering solution on pin u_protected_memory.u_data/dout[51] after 1 rounds of buffering (no solution meets design rules)
[WARNING RSZ-2005] cannot find a viable buffering solution on pin u_protected_memory.u_data/dout[50] after 1 rounds of buffering (no solution meets design rules)
[WARNING RSZ-2005] cannot find a viable buffering solution on pin u_protected_memory.u_data/dout[4] after 1 rounds of buffering (no solution meets design rules)
[WARNING RSZ-2005] cannot find a viable buffering solution on pin u_protected_memory.u_data/dout[49] after 1 rounds of buffering (no solution meets design rules)
[WARNING RSZ-2005] cannot find a viable buffering solution on pin u_protected_memory.u_data/dout[48] after 1 rounds of buffering (no solution meets design rules)
[WARNING RSZ-2005] cannot find a viable buffering solution on pin u_protected_memory.u_data/dout[47] after 1 rounds of buffering (no solution meets design rules)
[WARNING RSZ-2005] cannot find a viable buffering solution on pin u_protected_memory.u_data/dout[46] after 1 rounds of buffering (no solution meets design rules)
[WARNING RSZ-2005] cannot find a viable buffering solution on pin u_protected_memory.u_data/dout[45] after 1 rounds of buffering (no solution meets design rules)
[WARNING RSZ-2005] cannot find a viable buffering solution on pin u_protected_memory.u_data/dout[44] after 1 rounds of buffering (no solution meets design rules)
[WARNING RSZ-2005] cannot find a viable buffering solution on pin u_protected_memory.u_data/dout[43] after 1 rounds of buffering (no solution meets design rules)
[WARNING RSZ-2005] cannot find a viable buffering solution on pin u_protected_memory.u_data/dout[42] after 1 rounds of buffering (no solution meets design rules)
[WARNING RSZ-2005] cannot find a viable buffering solution on pin u_protected_memory.u_data/dout[41] after 1 rounds of buffering (no solution meets design rules)
[WARNING RSZ-2005] cannot find a viable buffering solution on pin u_protected_memory.u_data/dout[40] after 1 rounds of buffering (no solution meets design rules)
[WARNING RSZ-2005] cannot find a viable buffering solution on pin u_protected_memory.u_data/dout[3] after 1 rounds of buffering (no solution meets design rules)
[WARNING RSZ-2005] cannot find a viable buffering solution on pin u_protected_memory.u_data/dout[39] after 1 rounds of buffering (no solution meets design rules)
[WARNING RSZ-2005] cannot find a viable buffering solution on pin u_protected_memory.u_data/dout[38] after 1 rounds of buffering (no solution meets design rules)
[WARNING RSZ-2005] cannot find a viable buffering solution on pin u_protected_memory.u_data/dout[37] after 1 rounds of buffering (no solution meets design rules)
[WARNING RSZ-2005] cannot find a viable buffering solution on pin u_protected_memory.u_data/dout[36] after 1 rounds of buffering (no solution meets design rules)
[WARNING RSZ-2005] cannot find a viable buffering solution on pin u_protected_memory.u_data/dout[35] after 1 rounds of buffering (no solution meets design rules)
[WARNING RSZ-2005] cannot find a viable buffering solution on pin u_protected_memory.u_data/dout[34] after 1 rounds of buffering (no solution meets design rules)
[WARNING RSZ-2005] cannot find a viable buffering solution on pin u_protected_memory.u_data/dout[33] after 1 rounds of buffering (no solution meets design rules)
[WARNING RSZ-2005] cannot find a viable buffering solution on pin u_protected_memory.u_data/dout[32] after 1 rounds of buffering (no solution meets design rules)
[WARNING RSZ-2005] cannot find a viable buffering solution on pin u_protected_memory.u_data/dout[31] after 1 rounds of buffering (no solution meets design rules)
[WARNING RSZ-2005] cannot find a viable buffering solution on pin u_protected_memory.u_data/dout[30] after 1 rounds of buffering (no solution meets design rules)
[WARNING RSZ-2005] cannot find a viable buffering solution on pin u_protected_memory.u_data/dout[2] after 1 rounds of buffering (no solution meets design rules)
[WARNING RSZ-2005] cannot find a viable buffering solution on pin u_protected_memory.u_data/dout[29] after 1 rounds of buffering (no solution meets design rules)
[WARNING RSZ-2005] cannot find a viable buffering solution on pin u_protected_memory.u_data/dout[28] after 1 rounds of buffering (no solution meets design rules)
      576 |     +0.1% |      21 |       68 |       151
[WARNING RSZ-2005] cannot find a viable buffering solution on pin u_protected_memory.u_data/dout[27] after 1 rounds of buffering (no solution meets design rules)
[WARNING RSZ-2005] cannot find a viable buffering solution on pin u_protected_memory.u_data/dout[26] after 1 rounds of buffering (no solution meets design rules)
[WARNING RSZ-2005] cannot find a viable buffering solution on pin u_protected_memory.u_data/dout[25] after 1 rounds of buffering (no solution meets design rules)
[WARNING RSZ-2005] cannot find a viable buffering solution on pin u_protected_memory.u_data/dout[24] after 1 rounds of buffering (no solution meets design rules)
[WARNING RSZ-2005] cannot find a viable buffering solution on pin u_protected_memory.u_data/dout[23] after 1 rounds of buffering (no solution meets design rules)
[WARNING RSZ-2005] cannot find a viable buffering solution on pin u_protected_memory.u_data/dout[22] after 1 rounds of buffering (no solution meets design rules)
[WARNING RSZ-2005] cannot find a viable buffering solution on pin u_protected_memory.u_data/dout[21] after 1 rounds of buffering (no solution meets design rules)
[WARNING RSZ-2005] cannot find a viable buffering solution on pin u_protected_memory.u_data/dout[20] after 1 rounds of buffering (no solution meets design rules)
[WARNING RSZ-2005] cannot find a viable buffering solution on pin u_protected_memory.u_data/dout[1] after 1 rounds of buffering (no solution meets design rules)
[WARNING RSZ-2005] cannot find a viable buffering solution on pin u_protected_memory.u_data/dout[19] after 1 rounds of buffering (no solution meets design rules)
[WARNING RSZ-2005] cannot find a viable buffering solution on pin u_protected_memory.u_data/dout[18] after 1 rounds of buffering (no solution meets design rules)
[WARNING RSZ-2005] cannot find a viable buffering solution on pin u_protected_memory.u_data/dout[17] after 1 rounds of buffering (no solution meets design rules)
[WARNING RSZ-2005] cannot find a viable buffering solution on pin u_protected_memory.u_data/dout[16] after 1 rounds of buffering (no solution meets design rules)
[WARNING RSZ-2005] cannot find a viable buffering solution on pin u_protected_memory.u_data/dout[15] after 1 rounds of buffering (no solution meets design rules)
[WARNING RSZ-2005] cannot find a viable buffering solution on pin u_protected_memory.u_data/dout[14] after 1 rounds of buffering (no solution meets design rules)
[WARNING RSZ-2005] cannot find a viable buffering solution on pin u_protected_memory.u_data/dout[13] after 1 rounds of buffering (no solution meets design rules)
[WARNING RSZ-2005] cannot find a viable buffering solution on pin u_protected_memory.u_data/dout[12] after 1 rounds of buffering (no solution meets design rules)
[WARNING RSZ-2005] cannot find a viable buffering solution on pin u_protected_memory.u_data/dout[11] after 1 rounds of buffering (no solution meets design rules)
[WARNING RSZ-2005] cannot find a viable buffering solution on pin u_protected_memory.u_data/dout[10] after 1 rounds of buffering (no solution meets design rules)
[WARNING RSZ-2005] cannot find a viable buffering solution on pin u_protected_memory.u_data/dout[0] after 1 rounds of buffering (no solution meets design rules)
      648 |     +0.1% |      21 |       70 |        79
[WARNING RSZ-2009] Skipping buffering because no valid buffering solution satisfying the design rules can be found for net connected to pin input90/X.
[WARNING RSZ-2005] cannot find a viable buffering solution on pin input90/X after 1 rounds of buffering (no solution meets design rules)
      720 |     +0.1% |      98 |      138 |         7
    final |     +0.1% |     105 |      145 |         0
-------------------------------------------------------
[INFO GPL-0106] Timing-driven: worst slack 1.5329902e-09
[INFO GPL-0107] Timing-driven: repair_design delta area: 2005.300 um^2 (+31.39%)
[INFO GPL-0108] Timing-driven: repair_design, gpl delta gcells: 270 (+40.24%)
[INFO GPL-0109] Timing-driven: repair_design, gcells created: 375, deleted: 105
[INFO GPL-0110] Timing-driven: new target density: 0.3058928
[INFO GPL-0038] Routability snapshot saved at iter = 3
        2 |   0.5907 |  8.201568e+04 |          |           |      
Iteration | Overflow |     HPWL (um) |  HPWL(%) |   Penalty | Group
---------------------------------------------------------------
       10 |   0.4804 |  7.887137e+04 |   +5.17% |  1.17e-14 |      
       20 |   0.4854 |  7.672480e+04 |   -2.72% |  1.91e-14 |      
       30 |   0.4790 |  7.619624e+04 |   -0.69% |  3.12e-14 |      
       40 |   0.4860 |  7.637405e+04 |   +0.23% |  5.08e-14 |      
       50 |   0.4759 |  7.617925e+04 |   -0.26% |  8.27e-14 |      
       60 |   0.4714 |  7.602572e+04 |   -0.20% |  1.35e-13 |      
       70 |   0.4629 |  7.609472e+04 |   +0.09% |  2.19e-13 |      
       80 |   0.4621 |  7.597565e+04 |   -0.16% |  3.57e-13 |      
       90 |   0.4663 |  7.623967e+04 |   +0.35% |  5.82e-13 |      
      100 |   0.4657 |  7.624783e+04 |   +0.01% |  9.48e-13 |      
      110 |   0.4608 |  7.620687e+04 |   -0.05% |  1.54e-12 |      
      120 |   0.4609 |  7.607524e+04 |   -0.17% |  2.52e-12 |      
      130 |   0.4630 |  7.612412e+04 |   +0.06% |  4.10e-12 |      
      140 |   0.4628 |  7.614932e+04 |   +0.03% |  6.67e-12 |      
      150 |   0.4636 |  7.610809e+04 |   -0.05% |  1.09e-11 |      
      160 |   0.4644 |  7.615061e+04 |   +0.06% |  1.77e-11 |      
      170 |   0.4703 |  7.622893e+04 |   +0.10% |  2.88e-11 |      
      180 |   0.4712 |  7.641010e+04 |   +0.24% |  4.70e-11 |      
      190 |   0.4604 |  7.644674e+04 |   +0.05% |  7.65e-11 |      
      200 |   0.4650 |  7.762145e+04 |   +1.54% |  1.25e-10 |      
      210 |   0.4362 |  7.946166e+04 |   +2.37% |  2.03e-10 |      
      220 |   0.4176 |  8.190055e+04 |   +3.07% |  3.31e-10 |      
      230 |   0.4055 |  8.356354e+04 |   +2.03% |  5.38e-10 |      
      240 |   0.4226 |  8.223742e+04 |   -1.59% |  8.77e-10 |      
      250 |   0.4257 |  8.359085e+04 |   +1.65% |  1.43e-09 |      
      260 |   0.3898 |  8.331482e+04 |   -0.33% |  2.32e-09 |      
      270 |   0.3848 |  8.169085e+04 |   -1.95% |  3.79e-09 |      
      280 |   0.3608 |  8.080005e+04 |   -1.09% |  6.16e-09 |      
      290 |   0.3322 |  7.968017e+04 |   -1.39% |  9.36e-09 |      
      300 |   0.3132 |  7.862681e+04 |   -1.32% |  1.38e-08 |      
[INFO GPL-0040] Routability iteration: 1
[INFO GPL-0041] Total routing overflow: 1.9981
[INFO GPL-0042] Number of overflowed tiles: 15 (0.11%)
[INFO GPL-0043] Average top 0.5% routing congestion: 0.9711
[INFO GPL-0044] Average top 1.0% routing congestion: 0.9390
[INFO GPL-0045] Average top 2.0% routing congestion: 0.9005
[INFO GPL-0046] Average top 5.0% routing congestion: 0.8667
[INFO GPL-0047] Routability iteration weighted routing congestion: 0.9551
[INFO GPL-0050] Weighted routing congestion is lower than target routing congestion(1.0100), end routability optimization.
[INFO GPL-0090] Routability finished. Target routing congestion achieved succesfully.
Iteration | Overflow |     HPWL (um) |  HPWL(%) |   Penalty | Group
---------------------------------------------------------------
      310 |   0.2842 |  7.797250e+04 |   -0.83% |  2.03e-08 |      
      320 |   0.2577 |  7.746261e+04 |   -0.65% |  2.99e-08 |      
      330 |   0.2178 |  7.719138e+04 |   -0.35% |  4.41e-08 |      
      340 |   0.1951 |  7.714125e+04 |   -0.06% |  6.49e-08 |      
[INFO GPL-0100] Timing-driven iteration 2/2, virtual: false.
[INFO GPL-0101]    Iter: 343, overflow: 0.189, keep resizer changes at: 1, HPWL: 77399665
Iteration |   Area    | Resized | Buffers | Nets repaired | Remaining
---------------------------------------------------------------------
        0 |     +0.0% |       0 |       0 |             0 |      1105
    final |     +0.3% |      14 |     102 |            90 |         0
---------------------------------------------------------------------
[INFO RSZ-0034] Found 90 slew violations.
[INFO RSZ-0039] Resized 14 instances.
[INFO RSZ-0038] Inserted 102 buffers in 90 nets.
   Iter   |    Area   | Removed | Inserted |   Pins
          |           | Buffers | Buffers  | Remaining
-------------------------------------------------------
        0 |     +0.0% |       0 |        0 |       727
       72 |     +0.0% |       6 |       10 |       655
      144 |     +0.0% |      21 |       39 |       583
      216 |     +0.0% |      35 |       51 |       511
      288 |     +0.1% |      42 |       61 |       439
      360 |     +0.1% |      71 |       93 |       367
      432 |     +0.1% |      72 |       97 |       295
      504 |     +0.1% |      77 |      101 |       223
[WARNING RSZ-2005] cannot find a viable buffering solution on pin u_protected_memory.u_ecc/dout[7] after 1 rounds of buffering (no solution meets design rules)
[WARNING RSZ-2005] cannot find a viable buffering solution on pin u_protected_memory.u_ecc/dout[6] after 1 rounds of buffering (no solution meets design rules)
[WARNING RSZ-2005] cannot find a viable buffering solution on pin u_protected_memory.u_ecc/dout[5] after 1 rounds of buffering (no solution meets design rules)
[WARNING RSZ-2005] cannot find a viable buffering solution on pin u_protected_memory.u_ecc/dout[4] after 1 rounds of buffering (no solution meets design rules)
[WARNING RSZ-2005] cannot find a viable buffering solution on pin u_protected_memory.u_ecc/dout[3] after 1 rounds of buffering (no solution meets design rules)
[WARNING RSZ-2005] cannot find a viable buffering solution on pin u_protected_memory.u_ecc/dout[2] after 1 rounds of buffering (no solution meets design rules)
[WARNING RSZ-2005] cannot find a viable buffering solution on pin u_protected_memory.u_ecc/dout[1] after 1 rounds of buffering (no solution meets design rules)
[WARNING RSZ-2005] cannot find a viable buffering solution on pin u_protected_memory.u_ecc/dout[0] after 1 rounds of buffering (no solution meets design rules)
[WARNING RSZ-2005] cannot find a viable buffering solution on pin u_protected_memory.u_data/dout[9] after 1 rounds of buffering (no solution meets design rules)
[WARNING RSZ-2005] cannot find a viable buffering solution on pin u_protected_memory.u_data/dout[8] after 1 rounds of buffering (no solution meets design rules)
[WARNING RSZ-2005] cannot find a viable buffering solution on pin u_protected_memory.u_data/dout[7] after 1 rounds of buffering (no solution meets design rules)
[WARNING RSZ-2005] cannot find a viable buffering solution on pin u_protected_memory.u_data/dout[6] after 1 rounds of buffering (no solution meets design rules)
[WARNING RSZ-2005] cannot find a viable buffering solution on pin u_protected_memory.u_data/dout[63] after 1 rounds of buffering (no solution meets design rules)
[WARNING RSZ-2005] cannot find a viable buffering solution on pin u_protected_memory.u_data/dout[62] after 1 rounds of buffering (no solution meets design rules)
[WARNING RSZ-2005] cannot find a viable buffering solution on pin u_protected_memory.u_data/dout[61] after 1 rounds of buffering (no solution meets design rules)
[WARNING RSZ-2005] cannot find a viable buffering solution on pin u_protected_memory.u_data/dout[60] after 1 rounds of buffering (no solution meets design rules)
[WARNING RSZ-2005] cannot find a viable buffering solution on pin u_protected_memory.u_data/dout[5] after 1 rounds of buffering (no solution meets design rules)
[WARNING RSZ-2005] cannot find a viable buffering solution on pin u_protected_memory.u_data/dout[59] after 1 rounds of buffering (no solution meets design rules)
[WARNING RSZ-2005] cannot find a viable buffering solution on pin u_protected_memory.u_data/dout[58] after 1 rounds of buffering (no solution meets design rules)
[WARNING RSZ-2005] cannot find a viable buffering solution on pin u_protected_memory.u_data/dout[57] after 1 rounds of buffering (no solution meets design rules)
[WARNING RSZ-2005] cannot find a viable buffering solution on pin u_protected_memory.u_data/dout[56] after 1 rounds of buffering (no solution meets design rules)
[WARNING RSZ-2005] cannot find a viable buffering solution on pin u_protected_memory.u_data/dout[55] after 1 rounds of buffering (no solution meets design rules)
[WARNING RSZ-2005] cannot find a viable buffering solution on pin u_protected_memory.u_data/dout[54] after 1 rounds of buffering (no solution meets design rules)
[WARNING RSZ-2005] cannot find a viable buffering solution on pin u_protected_memory.u_data/dout[53] after 1 rounds of buffering (no solution meets design rules)
[WARNING RSZ-2005] cannot find a viable buffering solution on pin u_protected_memory.u_data/dout[52] after 1 rounds of buffering (no solution meets design rules)
[WARNING RSZ-2005] cannot find a viable buffering solution on pin u_protected_memory.u_data/dout[51] after 1 rounds of buffering (no solution meets design rules)
[WARNING RSZ-2005] cannot find a viable buffering solution on pin u_protected_memory.u_data/dout[50] after 1 rounds of buffering (no solution meets design rules)
[WARNING RSZ-2005] cannot find a viable buffering solution on pin u_protected_memory.u_data/dout[4] after 1 rounds of buffering (no solution meets design rules)
[WARNING RSZ-2005] cannot find a viable buffering solution on pin u_protected_memory.u_data/dout[49] after 1 rounds of buffering (no solution meets design rules)
[WARNING RSZ-2005] cannot find a viable buffering solution on pin u_protected_memory.u_data/dout[48] after 1 rounds of buffering (no solution meets design rules)
[WARNING RSZ-2005] cannot find a viable buffering solution on pin u_protected_memory.u_data/dout[47] after 1 rounds of buffering (no solution meets design rules)
[WARNING RSZ-2005] cannot find a viable buffering solution on pin u_protected_memory.u_data/dout[46] after 1 rounds of buffering (no solution meets design rules)
[WARNING RSZ-2005] cannot find a viable buffering solution on pin u_protected_memory.u_data/dout[45] after 1 rounds of buffering (no solution meets design rules)
[WARNING RSZ-2005] cannot find a viable buffering solution on pin u_protected_memory.u_data/dout[44] after 1 rounds of buffering (no solution meets design rules)
[WARNING RSZ-2005] cannot find a viable buffering solution on pin u_protected_memory.u_data/dout[43] after 1 rounds of buffering (no solution meets design rules)
[WARNING RSZ-2005] cannot find a viable buffering solution on pin u_protected_memory.u_data/dout[42] after 1 rounds of buffering (no solution meets design rules)
[WARNING RSZ-2005] cannot find a viable buffering solution on pin u_protected_memory.u_data/dout[41] after 1 rounds of buffering (no solution meets design rules)
[WARNING RSZ-2005] cannot find a viable buffering solution on pin u_protected_memory.u_data/dout[40] after 1 rounds of buffering (no solution meets design rules)
[WARNING RSZ-2005] cannot find a viable buffering solution on pin u_protected_memory.u_data/dout[3] after 1 rounds of buffering (no solution meets design rules)
[WARNING RSZ-2005] cannot find a viable buffering solution on pin u_protected_memory.u_data/dout[39] after 1 rounds of buffering (no solution meets design rules)
[WARNING RSZ-2005] cannot find a viable buffering solution on pin u_protected_memory.u_data/dout[38] after 1 rounds of buffering (no solution meets design rules)
[WARNING RSZ-2005] cannot find a viable buffering solution on pin u_protected_memory.u_data/dout[37] after 1 rounds of buffering (no solution meets design rules)
[WARNING RSZ-2005] cannot find a viable buffering solution on pin u_protected_memory.u_data/dout[36] after 1 rounds of buffering (no solution meets design rules)
[WARNING RSZ-2005] cannot find a viable buffering solution on pin u_protected_memory.u_data/dout[35] after 1 rounds of buffering (no solution meets design rules)
[WARNING RSZ-2005] cannot find a viable buffering solution on pin u_protected_memory.u_data/dout[34] after 1 rounds of buffering (no solution meets design rules)
[WARNING RSZ-2005] cannot find a viable buffering solution on pin u_protected_memory.u_data/dout[33] after 1 rounds of buffering (no solution meets design rules)
[WARNING RSZ-2005] cannot find a viable buffering solution on pin u_protected_memory.u_data/dout[32] after 1 rounds of buffering (no solution meets design rules)
[WARNING RSZ-2005] cannot find a viable buffering solution on pin u_protected_memory.u_data/dout[31] after 1 rounds of buffering (no solution meets design rules)
[WARNING RSZ-2005] cannot find a viable buffering solution on pin u_protected_memory.u_data/dout[30] after 1 rounds of buffering (no solution meets design rules)
[WARNING RSZ-2005] cannot find a viable buffering solution on pin u_protected_memory.u_data/dout[2] after 1 rounds of buffering (no solution meets design rules)
[WARNING RSZ-2005] cannot find a viable buffering solution on pin u_protected_memory.u_data/dout[29] after 1 rounds of buffering (no solution meets design rules)
[WARNING RSZ-2005] cannot find a viable buffering solution on pin u_protected_memory.u_data/dout[28] after 1 rounds of buffering (no solution meets design rules)
      576 |     +0.1% |      79 |      103 |       151
[WARNING RSZ-2005] cannot find a viable buffering solution on pin u_protected_memory.u_data/dout[27] after 1 rounds of buffering (no solution meets design rules)
[WARNING RSZ-2005] cannot find a viable buffering solution on pin u_protected_memory.u_data/dout[26] after 1 rounds of buffering (no solution meets design rules)
[WARNING RSZ-2005] cannot find a viable buffering solution on pin u_protected_memory.u_data/dout[25] after 1 rounds of buffering (no solution meets design rules)
[WARNING RSZ-2005] cannot find a viable buffering solution on pin u_protected_memory.u_data/dout[24] after 1 rounds of buffering (no solution meets design rules)
[WARNING RSZ-2005] cannot find a viable buffering solution on pin u_protected_memory.u_data/dout[23] after 1 rounds of buffering (no solution meets design rules)
[WARNING RSZ-2005] cannot find a viable buffering solution on pin u_protected_memory.u_data/dout[22] after 1 rounds of buffering (no solution meets design rules)
[WARNING RSZ-2005] cannot find a viable buffering solution on pin u_protected_memory.u_data/dout[21] after 1 rounds of buffering (no solution meets design rules)
[WARNING RSZ-2005] cannot find a viable buffering solution on pin u_protected_memory.u_data/dout[20] after 1 rounds of buffering (no solution meets design rules)
[WARNING RSZ-2005] cannot find a viable buffering solution on pin u_protected_memory.u_data/dout[1] after 1 rounds of buffering (no solution meets design rules)
[WARNING RSZ-2005] cannot find a viable buffering solution on pin u_protected_memory.u_data/dout[19] after 1 rounds of buffering (no solution meets design rules)
[WARNING RSZ-2005] cannot find a viable buffering solution on pin u_protected_memory.u_data/dout[18] after 1 rounds of buffering (no solution meets design rules)
[WARNING RSZ-2005] cannot find a viable buffering solution on pin u_protected_memory.u_data/dout[17] after 1 rounds of buffering (no solution meets design rules)
[WARNING RSZ-2005] cannot find a viable buffering solution on pin u_protected_memory.u_data/dout[16] after 1 rounds of buffering (no solution meets design rules)
[WARNING RSZ-2005] cannot find a viable buffering solution on pin u_protected_memory.u_data/dout[15] after 1 rounds of buffering (no solution meets design rules)
[WARNING RSZ-2005] cannot find a viable buffering solution on pin u_protected_memory.u_data/dout[14] after 1 rounds of buffering (no solution meets design rules)
[WARNING RSZ-2005] cannot find a viable buffering solution on pin u_protected_memory.u_data/dout[13] after 1 rounds of buffering (no solution meets design rules)
[WARNING RSZ-2005] cannot find a viable buffering solution on pin u_protected_memory.u_data/dout[12] after 1 rounds of buffering (no solution meets design rules)
[WARNING RSZ-2005] cannot find a viable buffering solution on pin u_protected_memory.u_data/dout[11] after 1 rounds of buffering (no solution meets design rules)
[WARNING RSZ-2005] cannot find a viable buffering solution on pin u_protected_memory.u_data/dout[10] after 1 rounds of buffering (no solution meets design rules)
[WARNING RSZ-2005] cannot find a viable buffering solution on pin u_protected_memory.u_data/dout[0] after 1 rounds of buffering (no solution meets design rules)
      648 |     +0.1% |      81 |      103 |        79
[WARNING RSZ-2009] Skipping buffering because no valid buffering solution satisfying the design rules can be found for net connected to pin input90/X.
[WARNING RSZ-2005] cannot find a viable buffering solution on pin input90/X after 1 rounds of buffering (no solution meets design rules)
      720 |     +0.1% |     150 |      179 |         7
    final |     +0.1% |     157 |      186 |         0
-------------------------------------------------------
[INFO GPL-0106] Timing-driven: worst slack 8.6456575e-10
[INFO GPL-0107] Timing-driven: repair_design delta area: 1080.587 um^2 (+12.87%)
[INFO GPL-0108] Timing-driven: repair_design, gpl delta gcells: 131 (+13.92%)
[INFO GPL-0109] Timing-driven: repair_design, gcells created: 288, deleted: 157
[INFO GPL-0110] Timing-driven: new target density: 0.3090682
Iteration | Overflow |     HPWL (um) |  HPWL(%) |   Penalty | Group
---------------------------------------------------------------
      350 |   0.1678 |  7.906394e+04 |   +2.49% |  9.56e-08 |      
      360 |   0.1538 |  7.834160e+04 |   -0.91% |  1.41e-07 |      
      370 |   0.1306 |  7.790262e+04 |   -0.56% |  2.07e-07 |      
      380 |   0.1121 |  7.774857e+04 |   -0.20% |  3.06e-07 |      
      387 |   0.0993 |  7.768852e+04 |          |  4.17e-07 |      
---------------------------------------------------------------
[INFO GPL-1001] Global placement finished at iteration 387
[INFO GPL-1017] Routability mode iteration count: 302
[INFO GPL-1005] Routability final weighted congestion: 0.9182
[INFO GPL-1002] Placed Cell Area             9475.0062
[INFO GPL-1003] Available Free Area         340297.6224
[INFO GPL-1004] Minimum Feasible Density        0.0200 (cell_area / free_area)
[INFO GPL-1006]   Suggested Target Densities:
[INFO GPL-1007]     - For 90% usage of free space: 0.0309
[INFO GPL-1008]     - For 80% usage of free space: 0.0348
[INFO GPL-1009]     - For 50% usage of free space: 0.0557
[INFO GPL-1011] Original area (um^2): 6389.12
[INFO GPL-1012] Total routability artificial inflation: 0.00 (+0.00%)
[INFO GPL-1013] Total timing-driven delta area: 3085.89 (+48.30%)
[INFO GPL-1014] Final placement area: 9475.01 (+48.30%)
estimate_parasitics -placement
Report metrics stage 3, global place...

==========================================================================
global place report_design_area
--------------------------------------------------------------------------
Design area 275445 um^2 45% utilization.
write_db /work/campaigns/iscas_sustainability_extension/memory_compiler/gate3_attempt09_sram22_residual_interface_drv_and_provenance_closure/raw/openroad/work/results/sky130hd/attempt09_e0/seed11/3_3_place_gp.odb
Elapsed time: 0:06.88[h:]min:sec. CPU time: user 10.17 sys 0.92 (161%). Peak memory: 289624KB.
Log                       Ext     Elapsed/s Peak Memory/MB sha1sum result [0:20)
3_3_place_gp              .odb            6            282 ab0b6412e121fcfc3b92
cp /work/campaigns/iscas_sustainability_extension/memory_compiler/gate3_attempt09_sram22_residual_interface_drv_and_provenance_closure/openroad/e0/constraint.sdc /work/campaigns/iscas_sustainability_extension/memory_compiler/gate3_attempt09_sram22_residual_interface_drv_and_provenance_closure/raw/openroad/work/results/sky130hd/attempt09_e0/seed11/1_2_yosys.sdc
touch -r /work/campaigns/iscas_sustainability_extension/memory_compiler/gate3_attempt09_sram22_residual_interface_drv_and_provenance_closure/openroad/e0/constraint.sdc /work/campaigns/iscas_sustainability_extension/memory_compiler/gate3_attempt09_sram22_residual_interface_drv_and_provenance_closure/raw/openroad/work/results/sky130hd/attempt09_e0/seed11/1_2_yosys.sdc
/OpenROAD-flow-scripts/flow/scripts/flow.sh 3_5_place_dp detail_place
Running detail_place.tcl, stage 3_5_place_dp
read_liberty /OpenROAD-flow-scripts/flow/platforms/sky130hd/lib/sky130_fd_sc_hd__tt_025C_1v80.lib
read_liberty /work/campaigns/iscas_sustainability_extension/memory_compiler/gate3_attempt09_sram22_residual_interface_drv_and_provenance_closure/source_checkout/sram22_256x64m4w8/sram22_256x64m4w8_tt_025C_1v80.lib
read_liberty /work/campaigns/iscas_sustainability_extension/memory_compiler/gate3_attempt09_sram22_residual_interface_drv_and_provenance_closure/source_checkout/sram22_256x8m8w1/sram22_256x8m8w1_tt_025C_1v80.lib
read_db /work/campaigns/iscas_sustainability_extension/memory_compiler/gate3_attempt09_sram22_residual_interface_drv_and_provenance_closure/raw/openroad/work/results/sky130hd/attempt09_e0/seed11/3_4_place_resized.odb
read_sdc /work/campaigns/iscas_sustainability_extension/memory_compiler/gate3_attempt09_sram22_residual_interface_drv_and_provenance_closure/raw/openroad/work/results/sky130hd/attempt09_e0/seed11/2_floorplan.sdc
source /OpenROAD-flow-scripts/flow/platforms/sky130hd/setRC.tcl
detailed_placement
[INFO DPL-0006] Core area: 615627.94 um^2
[INFO DPL-0007] Movable instances area: 9185.06 um^2
[INFO DPL-0008] Fixed instances area within core: 266259.75 um^2
[INFO DPL-0009] Utilization: 44.7%
[INFO DPL-0005] Diamond search max displacement: +/- 500 sites horizontally, +/- 100 rows vertically.
[INFO DPL-1102] Legalizing using negotiation legalizer.
[INFO DPL-1103] Negotiation base search window: +/-20 sites horizontally, +/-5 rows vertically 
	Automatic search window extension enabled.
	Search window extendable up to the max displacement cap of +/-500 sites, +/-100 rows near walls.
[INFO DPL-1104] NegotiationLegalizer DRC penalty: 5.
[INFO DPL-0392] Negotiation cell height distribution (3 unique row-count(s)):
[INFO DPL-0393]   height 1 row(s): 5810 cells
[INFO DPL-0393]   height 83 row(s): 1 cells
[INFO DPL-0393]   height 108 row(s): 1 cells
          |      Total |  Illegal |  Illegal
Iteration | Violations |    Cells |    Sites
---------------------------------------------
        0 |          0 |         0 |         0
Negotiation phase 1 converged at iteration 0.
[INFO DPL-0500] Runtime: 0.08s
Placement Analysis
---------------------------------
total displacement       2539.8 u
average displacement        0.4 u
max displacement           14.9 u
original HPWL           77706.0 u
legalized HPWL          78338.4 u
delta HPWL                    1 %

improve_placement -max_displacement "5 1"
Detailed placement improvement.
[INFO DPL-0401] Setting random seed to 1.
[INFO DPL-0402] Setting maximum displacement 5 1 to 13600 2720 units.
[INFO DPL-0320] Collected 5077 fixed cells.
[INFO DPL-0318] Collected 1072 single height cells.
[INFO DPL-0321] Collected 0 wide cells.
[INFO DPL-0322] Image (10120, 10880) - (989920, 639200)
[INFO DPL-0310] Assigned 1072 cells into segments.  Movement in X-direction is 0.000000, movement in Y-direction is 0.000000.
[INFO DPL-0313] Found 0 cells in wrong regions.
[INFO DPL-0315] Found 0 row alignment problems.
[INFO DPL-0314] Found 0 site alignment problems.
[INFO DPL-0311] Found 0 overlaps between adjacent cells.
[INFO DPL-0312] Found 0 edge spacing violations and 0 padding violations.
[INFO DPL-0303] Running algorithm for independent set matching.
[INFO DPL-0300] Set matching objective is wirelength.
[INFO DPL-0301] Pass   1 of matching; objective is 7.828634e+07.
[INFO DPL-0302] End of matching; objective is 7.825265e+07, improvement is 0.04 percent.
[INFO DPL-0303] Running algorithm for global swaps.
[INFO DPL-0306] Pass   1 of global swaps; hpwl is 7.749015e+07.
[INFO DPL-0307] End of global swaps; objective is 7.749015e+07, improvement is 0.97 percent.
[INFO DPL-0303] Running algorithm for vertical swaps.
[INFO DPL-0308] Pass   1 of vertical swaps; hpwl is 7.732834e+07.
[INFO DPL-0309] End of vertical swaps; objective is 7.732834e+07, improvement is 0.21 percent.
[INFO DPL-0303] Running algorithm for reordering.
[INFO DPL-0304] Pass   1 of reordering; objective is 7.730656e+07.
[INFO DPL-0305] End of reordering; objective is 7.730656e+07, improvement is 0.03 percent.
[INFO DPL-0303] Running algorithm for random improvement.
[INFO DPL-0324] Random improver is using random generator.
[INFO DPL-0325] Random improver is using hpwl objective.
[INFO DPL-0326] Random improver cost string is (a).
[INFO DPL-0332] End of pass, Generator random called 21440 times.
[INFO DPL-0335] Generator random, Cumulative attempts 21440, swaps 1175, moves  9983 since last reset.
[INFO DPL-0333] End of pass, Objective hpwl, Initial cost 7.730656e+07, Scratch cost 7.673650e+07, Incremental cost 7.673650e+07, Mismatch? N
[INFO DPL-0338] End of pass, Total cost is 7.673650e+07.
[INFO DPL-0327] Pass   1 of random improver; improvement in cost is 0.74 percent.
[INFO DPL-0328] End of random improver; improvement is 0.737393 percent.
[INFO DPL-0380] Cell flipping.
[INFO DPL-0382] Changed 0 cell orientations for row compatibility.
[INFO DPL-0383] Performed 359 cell flips.
[INFO DPL-0384] End of flipping; objective is 7.591313e+07, improvement is 1.07 percent.
[INFO DPL-0313] Found 0 cells in wrong regions.
[INFO DPL-0315] Found 0 row alignment problems.
[INFO DPL-0314] Found 0 site alignment problems.
[INFO DPL-0311] Found 0 overlaps between adjacent cells.
[INFO DPL-0312] Found 0 edge spacing violations and 0 padding violations.
Detailed Improvement Results
------------------------------------------
Original HPWL            78338.4 u (   27930.3,    50408.1)
Final HPWL               75973.5 u (   26275.1,    49698.4)
Delta HPWL                  -3.0 % (      -5.9,       -1.4)

optimize_mirroring
[INFO DPL-0020] Mirrored 45 instances
[INFO DPL-0021] HPWL before           75973.5 u
[INFO DPL-0022] HPWL after            75957.6 u
[INFO DPL-0023] HPWL delta               -0.0 %
[INFO FLW-0012] Placement violations .
estimate_parasitics -placement
Report metrics stage 3, detailed place...

==========================================================================
detailed place report_design_area
--------------------------------------------------------------------------
Design area 275445 um^2 45% utilization.
write_db /work/campaigns/iscas_sustainability_extension/memory_compiler/gate3_attempt09_sram22_residual_interface_drv_and_provenance_closure/raw/openroad/work/results/sky130hd/attempt09_e0/seed11/3_5_place_dp.odb
write_sdc -no_timestamp /work/campaigns/iscas_sustainability_extension/memory_compiler/gate3_attempt09_sram22_residual_interface_drv_and_provenance_closure/raw/openroad/work/results/sky130hd/attempt09_e0/seed11/3_place.sdc
Elapsed time: 0:06.11[h:]min:sec. CPU time: user 1.60 sys 0.63 (36%). Peak memory: 166952KB.
Log                       Ext     Elapsed/s Peak Memory/MB sha1sum result [0:20)
3_5_place_dp              .odb            6            163 b541f1976ae2faa735df
cp /work/campaigns/iscas_sustainability_extension/memory_compiler/gate3_attempt09_sram22_residual_interface_drv_and_provenance_closure/raw/openroad/work/results/sky130hd/attempt09_e0/seed11/3_5_place_dp.odb /work/campaigns/iscas_sustainability_extension/memory_compiler/gate3_attempt09_sram22_residual_interface_drv_and_provenance_closure/raw/openroad/work/results/sky130hd/attempt09_e0/seed11/3_place.odb
/OpenROAD-flow-scripts/flow/scripts/flow.sh 4_1_cts cts
Running cts.tcl, stage 4_1_cts
read_liberty /OpenROAD-flow-scripts/flow/platforms/sky130hd/lib/sky130_fd_sc_hd__tt_025C_1v80.lib
read_liberty /work/campaigns/iscas_sustainability_extension/memory_compiler/gate3_attempt09_sram22_residual_interface_drv_and_provenance_closure/source_checkout/sram22_256x64m4w8/sram22_256x64m4w8_tt_025C_1v80.lib
read_liberty /work/campaigns/iscas_sustainability_extension/memory_compiler/gate3_attempt09_sram22_residual_interface_drv_and_provenance_closure/source_checkout/sram22_256x8m8w1/sram22_256x8m8w1_tt_025C_1v80.lib
read_db /work/campaigns/iscas_sustainability_extension/memory_compiler/gate3_attempt09_sram22_residual_interface_drv_and_provenance_closure/raw/openroad/work/results/sky130hd/attempt09_e0/seed11/3_place.odb
read_sdc /work/campaigns/iscas_sustainability_extension/memory_compiler/gate3_attempt09_sram22_residual_interface_drv_and_provenance_closure/raw/openroad/work/results/sky130hd/attempt09_e0/seed11/3_place.sdc
source /OpenROAD-flow-scripts/flow/platforms/sky130hd/setRC.tcl
clock_tree_synthesis -sink_clustering_enable -repair_clock_nets
[INFO CTS-0050] Root buffer is sky130_fd_sc_hd__clkbuf_16.
[INFO CTS-0051] Sink buffer is sky130_fd_sc_hd__clkbuf_16.
[INFO CTS-0052] The following clock buffers will be used for CTS:
                    sky130_fd_sc_hd__clkbuf_16
[INFO CTS-0049] Characterization buffer is sky130_fd_sc_hd__clkbuf_16.
[INFO CTS-0007] Net "clk" found for clock "core_clk".
[INFO CTS-0010]  Clock net "clk" has 2 sinks.
[INFO CTS-0008] TritonCTS found 1 clock nets.
[INFO CTS-0097] Characterization used 1 buffer(s) types.
[INFO CTS-0201] 2 blockages from hard placement blockages and placed macros will be used.
[INFO CTS-0027] Generating H-Tree topology for net clk.
[INFO CTS-0028]  Total number of sinks: 2.
[INFO CTS-0090]  Sinks will be clustered based on buffer max cap.
[INFO CTS-0030]  Number of static layers: 0.
[INFO CTS-0020]  Wire segment unit: 13600  dbu (13 um).
[INFO CTS-0023]  Original sink region: [(154080, 322710), (290080, 383000)].
[INFO CTS-0024]  Normalized sink region: [(11.3294, 23.7287), (21.3294, 28.1618)].
[INFO CTS-0025]     Width:  10.0000.
[INFO CTS-0026]     Height: 4.4331.
 Level 1
    Direction: Horizontal
    Sinks per sub-region: 1
    Sub-region size: 5.0000 X 4.4331
[INFO CTS-0034]     Segment length (rounded): 2.
[INFO CTS-0038]  Stop criterion found. Sink region hpwl is smaller than max wirelength (1911.535 um) and max number of sinks is 15.
[INFO CTS-0035]  Number of sinks covered: 2.
[INFO CTS-0018]     Created 3 clock buffers.
[INFO CTS-0012]     Minimum number of buffers in the clock path: 2.
[INFO CTS-0013]     Maximum number of buffers in the clock path: 2.
[INFO CTS-0015]     Created 3 clock nets.
[INFO CTS-0016]     Fanout distribution for the current clock = 1:2..
[INFO CTS-0017]     Max level of the clock tree: 1.
[INFO CTS-0098] Clock net "clk"
[INFO CTS-0099]  Sinks 3
[INFO CTS-0100]  Leaf buffers 0
[INFO CTS-0101]  Average sink wire length 407.33 um
[INFO CTS-0102]  Path depth 2 - 2
[INFO CTS-0207]  Dummy loads inserted 1
[INFO CTS-0500] Runtime: 1.85s
estimate_parasitics -placement
Report metrics stage 4, cts pre-repair-timing...

==========================================================================
cts pre-repair-timing report_design_area
--------------------------------------------------------------------------
Design area 275550 um^2 45% utilization.
detailed_placement
[INFO DPL-0006] Core area: 615627.94 um^2
[INFO DPL-0007] Movable instances area: 9290.16 um^2
[INFO DPL-0008] Fixed instances area within core: 266259.75 um^2
[INFO DPL-0009] Utilization: 44.8%
[INFO DPL-0005] Diamond search max displacement: +/- 500 sites horizontally, +/- 100 rows vertically.
[INFO DPL-1102] Legalizing using negotiation legalizer.
[INFO DPL-1103] Negotiation base search window: +/-20 sites horizontally, +/-5 rows vertically 
	Automatic search window extension enabled.
	Search window extendable up to the max displacement cap of +/-500 sites, +/-100 rows near walls.
[INFO DPL-1104] NegotiationLegalizer DRC penalty: 5.
[INFO DPL-0392] Negotiation cell height distribution (3 unique row-count(s)):
[INFO DPL-0393]   height 1 row(s): 5814 cells
[INFO DPL-0393]   height 83 row(s): 1 cells
[INFO DPL-0393]   height 108 row(s): 1 cells
          |      Total |  Illegal |  Illegal
Iteration | Violations |    Cells |    Sites
---------------------------------------------
        0 |          0 |         0 |         0
Negotiation phase 1 converged at iteration 0.
[INFO DPL-0500] Runtime: 0.06s
Placement Analysis
---------------------------------
total displacement       1191.7 u
average displacement        0.2 u
max displacement           10.1 u
original HPWL           76022.5 u
legalized HPWL          76890.7 u
delta HPWL                    1 %

estimate_parasitics -placement
repair_timing -setup_margin 0 -hold_margin 0 -repair_tns 100 -match_cell_footprint -verbose
[INFO RSZ-0100] Repair move sequence: UnbufferMove SizeUpMove SwapPinsMove BufferMove CloneMove SplitLoadMove 
[INFO RSZ-0098] No setup violations found
[INFO RSZ-0505] Runtime: 0.19s
[INFO RSZ-0046] Found 2 endpoints with hold violations.
Iteration | Resized | Buffers | Cloned Gates |   Area   |   WNS   |   TNS   | Endpoint
--------------------------------------------------------------------------------------
        0 |       0 |       0 |            0 |    +0.0% |  -4.561 |  -8.869 | u_protected_memory.u_data/rstb
    final |       1 |       9 |            0 |    +0.0% |   0.014 |   0.000 | u_protected_memory.u_data/din[60]
--------------------------------------------------------------------------------------
[INFO RSZ-0132] Resized 1 instances.
[INFO RSZ-0032] Inserted 9 hold buffers.
[INFO RSZ-0506] Runtime: 0.02s
detailed_placement
[INFO DPL-0006] Core area: 615627.94 um^2
[INFO DPL-0007] Movable instances area: 9397.76 um^2
[INFO DPL-0008] Fixed instances area within core: 266259.75 um^2
[INFO DPL-0009] Utilization: 44.8%
[INFO DPL-0005] Diamond search max displacement: +/- 500 sites horizontally, +/- 100 rows vertically.
[INFO DPL-1102] Legalizing using negotiation legalizer.
[INFO DPL-1103] Negotiation base search window: +/-20 sites horizontally, +/-5 rows vertically 
	Automatic search window extension enabled.
	Search window extendable up to the max displacement cap of +/-500 sites, +/-100 rows near walls.
[INFO DPL-1104] NegotiationLegalizer DRC penalty: 5.
[INFO DPL-0392] Negotiation cell height distribution (3 unique row-count(s)):
[INFO DPL-0393]   height 1 row(s): 5823 cells
[INFO DPL-0393]   height 83 row(s): 1 cells
[INFO DPL-0393]   height 108 row(s): 1 cells
          |      Total |  Illegal |  Illegal
Iteration | Violations |    Cells |    Sites
---------------------------------------------
        0 |          0 |         0 |         0
Negotiation phase 1 converged at iteration 0.
[INFO DPL-0500] Runtime: 0.06s
Placement Analysis
---------------------------------
total displacement        138.4 u
average displacement        0.0 u
max displacement           43.7 u
original HPWL           76946.8 u
legalized HPWL          77027.3 u
delta HPWL                    0 %

Report metrics stage 4, cts final...

==========================================================================
cts final report_design_area
--------------------------------------------------------------------------
Design area 275658 um^2 45% utilization.
write_db /work/campaigns/iscas_sustainability_extension/memory_compiler/gate3_attempt09_sram22_residual_interface_drv_and_provenance_closure/raw/openroad/work/results/sky130hd/attempt09_e0/seed11/4_1_cts.odb
write_sdc -no_timestamp /work/campaigns/iscas_sustainability_extension/memory_compiler/gate3_attempt09_sram22_residual_interface_drv_and_provenance_closure/raw/openroad/work/results/sky130hd/attempt09_e0/seed11/4_cts.sdc
Elapsed time: 0:11.79[h:]min:sec. CPU time: user 3.91 sys 1.03 (41%). Peak memory: 184020KB.
Log                       Ext     Elapsed/s Peak Memory/MB sha1sum result [0:20)
4_1_cts                   .odb           11            179 277f4df0e7dd3549de79
cp /work/campaigns/iscas_sustainability_extension/memory_compiler/gate3_attempt09_sram22_residual_interface_drv_and_provenance_closure/raw/openroad/work/results/sky130hd/attempt09_e0/seed11/4_1_cts.odb /work/campaigns/iscas_sustainability_extension/memory_compiler/gate3_attempt09_sram22_residual_interface_drv_and_provenance_closure/raw/openroad/work/results/sky130hd/attempt09_e0/seed11/4_cts.odb
/OpenROAD-flow-scripts/flow/scripts/flow.sh 5_1_grt global_route
Running global_route.tcl, stage 5_1_grt
read_liberty /OpenROAD-flow-scripts/flow/platforms/sky130hd/lib/sky130_fd_sc_hd__tt_025C_1v80.lib
read_liberty /work/campaigns/iscas_sustainability_extension/memory_compiler/gate3_attempt09_sram22_residual_interface_drv_and_provenance_closure/source_checkout/sram22_256x64m4w8/sram22_256x64m4w8_tt_025C_1v80.lib
read_liberty /work/campaigns/iscas_sustainability_extension/memory_compiler/gate3_attempt09_sram22_residual_interface_drv_and_provenance_closure/source_checkout/sram22_256x8m8w1/sram22_256x8m8w1_tt_025C_1v80.lib
read_db /work/campaigns/iscas_sustainability_extension/memory_compiler/gate3_attempt09_sram22_residual_interface_drv_and_provenance_closure/raw/openroad/work/results/sky130hd/attempt09_e0/seed11/4_cts.odb
read_sdc /work/campaigns/iscas_sustainability_extension/memory_compiler/gate3_attempt09_sram22_residual_interface_drv_and_provenance_closure/raw/openroad/work/results/sky130hd/attempt09_e0/seed11/4_cts.sdc
source /OpenROAD-flow-scripts/flow/platforms/sky130hd/setRC.tcl
source /work/campaigns/iscas_sustainability_extension/memory_compiler/gate3_attempt09_sram22_residual_interface_drv_and_provenance_closure/openroad/pre_global_route_drv_repair.tcl
ATTEMPT09_REPAIR instance=_513_ original=sky130_fd_sc_hd__xnor2_1 replacement=sky130_fd_sc_hd__xnor2_2 reason=standard_cell_net_max_transition
ATTEMPT09_REPAIR instance=place757 original=sky130_fd_sc_hd__buf_4 replacement=sky130_fd_sc_hd__buf_8 reason=SRAM_input_external_drive
ATTEMPT09_REPAIR instance=place755 original=sky130_fd_sc_hd__buf_4 replacement=sky130_fd_sc_hd__buf_8 reason=SRAM_input_external_drive
ATTEMPT09_INTERFACE_PAIR target=u_protected_memory.u_ecc/rstb source=net633 driver=wire634/X driver_master=sky130_fd_sc_hd__buf_16 pair_master=sky130_fd_sc_hd__inv_16 reason=minimum_strength_phase_preserving_SRAM_rstb_interface_repair phase_inversions=2 constraints_relaxed=0
ATTEMPT09_INTERFACE_PAIR target=u_protected_memory.u_data/clk source=clknet_1_1__leaf_clk driver=clkbuf_1_1__f_clk/X driver_master=sky130_fd_sc_hd__clkbuf_16 pair_master=sky130_fd_sc_hd__clkinv_16 reason=minimum_strength_phase_preserving_SRAM_clock_interface_repair phase_inversions=2 constraints_relaxed=0
ATTEMPT09_INTERFACE_PAIR target=u_protected_memory.u_ecc/clk source=clknet_1_0__leaf_clk driver=clkbuf_1_0__f_clk/X driver_master=sky130_fd_sc_hd__clkbuf_16 pair_master=sky130_fd_sc_hd__clkinv_16 reason=common_clock_branch_rebalance phase_inversions=2 constraints_relaxed=0
[INFO DPL-0006] Core area: 615627.94 um^2
[INFO DPL-0007] Movable instances area: 9580.44 um^2
[INFO DPL-0008] Fixed instances area within core: 266259.75 um^2
[INFO DPL-0009] Utilization: 44.8%
[INFO DPL-0005] Diamond search max displacement: +/- 500 sites horizontally, +/- 100 rows vertically.
[INFO DPL-1102] Legalizing using negotiation legalizer.
[INFO DPL-1103] Negotiation base search window: +/-20 sites horizontally, +/-5 rows vertically 
	Automatic search window extension enabled.
	Search window extendable up to the max displacement cap of +/-500 sites, +/-100 rows near walls.
[INFO DPL-1104] NegotiationLegalizer DRC penalty: 5.
[INFO DPL-0392] Negotiation cell height distribution (3 unique row-count(s)):
[INFO DPL-0393]   height 1 row(s): 5829 cells
[INFO DPL-0393]   height 83 row(s): 1 cells
[INFO DPL-0393]   height 108 row(s): 1 cells
          |      Total |  Illegal |  Illegal
Iteration | Violations |    Cells |    Sites
---------------------------------------------
        0 |          0 |         0 |         0
Negotiation phase 1 converged at iteration 0.
[INFO DPL-0500] Runtime: 0.10s
Placement Analysis
---------------------------------
total displacement         22.9 u
average displacement        0.0 u
max displacement            5.7 u
original HPWL           77089.5 u
legalized HPWL          77105.2 u
delta HPWL                    0 %

[INFO RSZ-0100] Repair move sequence: UnbufferMove SizeUpMove SwapPinsMove BufferMove CloneMove SplitLoadMove 
[INFO RSZ-0098] No setup violations found
[INFO RSZ-0505] Runtime: 0.28s
[INFO RSZ-0046] Found 12 endpoints with hold violations.
Iteration | Resized | Buffers | Cloned Gates |   Area   |   WNS   |   TNS   | Endpoint
--------------------------------------------------------------------------------------
        0 |       0 |       0 |            0 |    +0.0% |   0.002 |   0.000 | u_protected_memory.u_data/din[60]
       10 |       0 |       9 |            0 |    +0.0% |   0.024 |   0.000 | u_protected_memory.u_data/din[54]
    final |       0 |      12 |            0 |    +0.0% |   0.026 |   0.000 | u_protected_memory.u_data/din[13]
--------------------------------------------------------------------------------------
[INFO RSZ-0032] Inserted 12 hold buffers.
[INFO RSZ-0506] Runtime: 0.05s
[INFO DPL-0006] Core area: 615627.94 um^2
[INFO DPL-0007] Movable instances area: 9700.55 um^2
[INFO DPL-0008] Fixed instances area within core: 266259.75 um^2
[INFO DPL-0009] Utilization: 44.8%
[INFO DPL-0005] Diamond search max displacement: +/- 500 sites horizontally, +/- 100 rows vertically.
[INFO DPL-1102] Legalizing using negotiation legalizer.
[INFO DPL-1103] Negotiation base search window: +/-20 sites horizontally, +/-5 rows vertically 
	Automatic search window extension enabled.
	Search window extendable up to the max displacement cap of +/-500 sites, +/-100 rows near walls.
[INFO DPL-1104] NegotiationLegalizer DRC penalty: 5.
[INFO DPL-0392] Negotiation cell height distribution (3 unique row-count(s)):
[INFO DPL-0393]   height 1 row(s): 5841 cells
[INFO DPL-0393]   height 83 row(s): 1 cells
[INFO DPL-0393]   height 108 row(s): 1 cells
          |      Total |  Illegal |  Illegal
Iteration | Violations |    Cells |    Sites
---------------------------------------------
        0 |          0 |         0 |         0
Negotiation phase 1 converged at iteration 0.
[INFO DPL-0500] Runtime: 0.05s
Placement Analysis
---------------------------------
total displacement         22.2 u
average displacement        0.0 u
max displacement            5.9 u
original HPWL           77139.9 u
legalized HPWL          77148.0 u
delta HPWL                    0 %

ATTEMPT09_REPAIR_SUMMARY design=e0_sram22_top replacements=3 inserted_cells=6 common_post_interface_hold_repair=1 hold_margin_ns=0.025 constraints_relaxed=0 macro_internals_changed=0 data_macro_rstb_repair_applied=0 data_macro_rstb_feasibility=NO_SINGLE_OUTPUT_SKY130HD_CANDIDATE_CLOSED
pin_access
[INFO DRT-0149] Reading tech and libs.
[WARNING DRT-0349] LEF58_ENCLOSURE with no CUTCLASS is not supported. Skipping for layer mcon
[WARNING DRT-0349] LEF58_ENCLOSURE with no CUTCLASS is not supported. Skipping for layer mcon
[WARNING DRT-0349] LEF58_ENCLOSURE with no CUTCLASS is not supported. Skipping for layer via
[WARNING DRT-0349] LEF58_ENCLOSURE with no CUTCLASS is not supported. Skipping for layer via
[WARNING DRT-0349] LEF58_ENCLOSURE with no CUTCLASS is not supported. Skipping for layer via2
[WARNING DRT-0349] LEF58_ENCLOSURE with no CUTCLASS is not supported. Skipping for layer via2
[WARNING DRT-0349] LEF58_ENCLOSURE with no CUTCLASS is not supported. Skipping for layer via3
[WARNING DRT-0349] LEF58_ENCLOSURE with no CUTCLASS is not supported. Skipping for layer via3
[WARNING DRT-0349] LEF58_ENCLOSURE with no CUTCLASS is not supported. Skipping for layer via4
[WARNING DRT-0349] LEF58_ENCLOSURE with no CUTCLASS is not supported. Skipping for layer via4

Units:                1000
Number of layers:     13
Number of macros:     443
Number of vias:       130
Number of viarulegen: 25

[INFO DRT-0150] Reading design.

Design:                   e0_sram22_top
Die area:                 ( 0 0 ) ( 1000000 650000 )
Number of track patterns: 12
Number of DEF vias:       0
Number of components:     5843
Number of terminals:      144
Number of snets:          2
Number of nets:           1250

[WARNING DRT-0419] No routing tracks pass through the center of Term u_protected_memory.u_data/dout[0]
[WARNING DRT-0419] No routing tracks pass through the center of Term u_protected_memory.u_data/dout[1]
[WARNING DRT-0419] No routing tracks pass through the center of Term u_protected_memory.u_data/dout[2]
[WARNING DRT-0419] No routing tracks pass through the center of Term u_protected_memory.u_data/dout[3]
[WARNING DRT-0419] No routing tracks pass through the center of Term u_protected_memory.u_data/dout[4]
[WARNING DRT-0419] No routing tracks pass through the center of Term u_protected_memory.u_data/dout[5]
[WARNING DRT-0419] No routing tracks pass through the center of Term u_protected_memory.u_data/dout[6]
[WARNING DRT-0419] No routing tracks pass through the center of Term u_protected_memory.u_data/dout[7]
[WARNING DRT-0419] No routing tracks pass through the center of Term u_protected_memory.u_data/dout[8]
[WARNING DRT-0419] No routing tracks pass through the center of Term u_protected_memory.u_data/dout[9]
[WARNING DRT-0419] No routing tracks pass through the center of Term u_protected_memory.u_data/dout[10]
[WARNING DRT-0419] No routing tracks pass through the center of Term u_protected_memory.u_data/dout[11]
[WARNING DRT-0419] No routing tracks pass through the center of Term u_protected_memory.u_data/dout[12]
[WARNING DRT-0419] No routing tracks pass through the center of Term u_protected_memory.u_data/dout[13]
[WARNING DRT-0419] No routing tracks pass through the center of Term u_protected_memory.u_data/dout[14]
[WARNING DRT-0419] No routing tracks pass through the center of Term u_protected_memory.u_data/dout[15]
[WARNING DRT-0419] No routing tracks pass through the center of Term u_protected_memory.u_data/dout[16]
[WARNING DRT-0419] No routing tracks pass through the center of Term u_protected_memory.u_data/dout[17]
[WARNING DRT-0419] No routing tracks pass through the center of Term u_protected_memory.u_data/dout[18]
[WARNING DRT-0419] No routing tracks pass through the center of Term u_protected_memory.u_data/dout[19]
[WARNING DRT-0419] No routing tracks pass through the center of Term u_protected_memory.u_data/dout[20]
[WARNING DRT-0419] No routing tracks pass through the center of Term u_protected_memory.u_data/dout[21]
[WARNING DRT-0419] No routing tracks pass through the center of Term u_protected_memory.u_data/dout[22]
[WARNING DRT-0419] No routing tracks pass through the center of Term u_protected_memory.u_data/dout[23]
[WARNING DRT-0419] No routing tracks pass through the center of Term u_protected_memory.u_data/dout[24]
[WARNING DRT-0419] No routing tracks pass through the center of Term u_protected_memory.u_data/dout[25]
[WARNING DRT-0419] No routing tracks pass through the center of Term u_protected_memory.u_data/dout[26]
[WARNING DRT-0419] No routing tracks pass through the center of Term u_protected_memory.u_data/dout[27]
[WARNING DRT-0419] No routing tracks pass through the center of Term u_protected_memory.u_data/dout[28]
[WARNING DRT-0419] No routing tracks pass through the center of Term u_protected_memory.u_data/dout[29]
[WARNING DRT-0419] No routing tracks pass through the center of Term u_protected_memory.u_data/dout[30]
[WARNING DRT-0419] No routing tracks pass through the center of Term u_protected_memory.u_data/dout[31]
[WARNING DRT-0419] No routing tracks pass through the center of Term u_protected_memory.u_data/dout[32]
[WARNING DRT-0419] No routing tracks pass through the center of Term u_protected_memory.u_data/dout[33]
[WARNING DRT-0419] No routing tracks pass through the center of Term u_protected_memory.u_data/dout[34]
[WARNING DRT-0419] No routing tracks pass through the center of Term u_protected_memory.u_data/dout[35]
[WARNING DRT-0419] No routing tracks pass through the center of Term u_protected_memory.u_data/dout[36]
[WARNING DRT-0419] No routing tracks pass through the center of Term u_protected_memory.u_data/dout[37]
[WARNING DRT-0419] No routing tracks pass through the center of Term u_protected_memory.u_data/dout[38]
[WARNING DRT-0419] No routing tracks pass through the center of Term u_protected_memory.u_data/dout[39]
[WARNING DRT-0419] No routing tracks pass through the center of Term u_protected_memory.u_data/dout[40]
[WARNING DRT-0419] No routing tracks pass through the center of Term u_protected_memory.u_data/dout[41]
[WARNING DRT-0419] No routing tracks pass through the center of Term u_protected_memory.u_data/dout[42]
[WARNING DRT-0419] No routing tracks pass through the center of Term u_protected_memory.u_data/dout[43]
[WARNING DRT-0419] No routing tracks pass through the center of Term u_protected_memory.u_data/dout[44]
[WARNING DRT-0419] No routing tracks pass through the center of Term u_protected_memory.u_data/dout[45]
[WARNING DRT-0419] No routing tracks pass through the center of Term u_protected_memory.u_data/dout[46]
[WARNING DRT-0419] No routing tracks pass through the center of Term u_protected_memory.u_data/dout[47]
[WARNING DRT-0419] No routing tracks pass through the center of Term u_protected_memory.u_data/dout[48]
[WARNING DRT-0419] No routing tracks pass through the center of Term u_protected_memory.u_data/dout[49]
[WARNING DRT-0419] No routing tracks pass through the center of Term u_protected_memory.u_data/dout[50]
[WARNING DRT-0419] No routing tracks pass through the center of Term u_protected_memory.u_data/dout[51]
[WARNING DRT-0419] No routing tracks pass through the center of Term u_protected_memory.u_data/dout[52]
[WARNING DRT-0419] No routing tracks pass through the center of Term u_protected_memory.u_data/dout[53]
[WARNING DRT-0419] No routing tracks pass through the center of Term u_protected_memory.u_data/dout[54]
[WARNING DRT-0419] No routing tracks pass through the center of Term u_protected_memory.u_data/dout[55]
[WARNING DRT-0419] No routing tracks pass through the center of Term u_protected_memory.u_data/dout[56]
[WARNING DRT-0419] No routing tracks pass through the center of Term u_protected_memory.u_data/dout[57]
[WARNING DRT-0419] No routing tracks pass through the center of Term u_protected_memory.u_data/dout[58]
[WARNING DRT-0419] No routing tracks pass through the center of Term u_protected_memory.u_data/dout[59]
[WARNING DRT-0419] No routing tracks pass through the center of Term u_protected_memory.u_data/dout[60]
[WARNING DRT-0419] No routing tracks pass through the center of Term u_protected_memory.u_data/dout[61]
[WARNING DRT-0419] No routing tracks pass through the center of Term u_protected_memory.u_data/dout[62]
[WARNING DRT-0419] No routing tracks pass through the center of Term u_protected_memory.u_data/dout[63]
[WARNING DRT-0419] No routing tracks pass through the center of Term u_protected_memory.u_data/din[0]
[WARNING DRT-0419] No routing tracks pass through the center of Term u_protected_memory.u_data/din[1]
[WARNING DRT-0419] No routing tracks pass through the center of Term u_protected_memory.u_data/din[2]
[WARNING DRT-0419] No routing tracks pass through the center of Term u_protected_memory.u_data/din[3]
[WARNING DRT-0419] No routing tracks pass through the center of Term u_protected_memory.u_data/din[4]
[WARNING DRT-0419] No routing tracks pass through the center of Term u_protected_memory.u_data/din[5]
[WARNING DRT-0419] No routing tracks pass through the center of Term u_protected_memory.u_data/din[6]
[WARNING DRT-0419] No routing tracks pass through the center of Term u_protected_memory.u_data/din[7]
[WARNING DRT-0419] No routing tracks pass through the center of Term u_protected_memory.u_data/din[8]
[WARNING DRT-0419] No routing tracks pass through the center of Term u_protected_memory.u_data/din[9]
[WARNING DRT-0419] No routing tracks pass through the center of Term u_protected_memory.u_data/din[10]
[WARNING DRT-0419] No routing tracks pass through the center of Term u_protected_memory.u_data/din[11]
[WARNING DRT-0419] No routing tracks pass through the center of Term u_protected_memory.u_data/din[12]
[WARNING DRT-0419] No routing tracks pass through the center of Term u_protected_memory.u_data/din[13]
[WARNING DRT-0419] No routing tracks pass through the center of Term u_protected_memory.u_data/din[14]
[WARNING DRT-0419] No routing tracks pass through the center of Term u_protected_memory.u_data/din[15]
[WARNING DRT-0419] No routing tracks pass through the center of Term u_protected_memory.u_data/din[16]
[WARNING DRT-0419] No routing tracks pass through the center of Term u_protected_memory.u_data/din[17]
[WARNING DRT-0419] No routing tracks pass through the center of Term u_protected_memory.u_data/din[18]
[WARNING DRT-0419] No routing tracks pass through the center of Term u_protected_memory.u_data/din[19]
[WARNING DRT-0419] No routing tracks pass through the center of Term u_protected_memory.u_data/din[20]
[WARNING DRT-0419] No routing tracks pass through the center of Term u_protected_memory.u_data/din[21]
[WARNING DRT-0419] No routing tracks pass through the center of Term u_protected_memory.u_data/din[22]
[WARNING DRT-0419] No routing tracks pass through the center of Term u_protected_memory.u_data/din[23]
[WARNING DRT-0419] No routing tracks pass through the center of Term u_protected_memory.u_data/din[24]
[WARNING DRT-0419] No routing tracks pass through the center of Term u_protected_memory.u_data/din[25]
[WARNING DRT-0419] No routing tracks pass through the center of Term u_protected_memory.u_data/din[26]
[WARNING DRT-0419] No routing tracks pass through the center of Term u_protected_memory.u_data/din[27]
[WARNING DRT-0419] No routing tracks pass through the center of Term u_protected_memory.u_data/din[28]
[WARNING DRT-0419] No routing tracks pass through the center of Term u_protected_memory.u_data/din[29]
[WARNING DRT-0419] No routing tracks pass through the center of Term u_protected_memory.u_data/din[30]
[WARNING DRT-0419] No routing tracks pass through the center of Term u_protected_memory.u_data/din[31]
[WARNING DRT-0419] No routing tracks pass through the center of Term u_protected_memory.u_data/din[32]
[WARNING DRT-0419] No routing tracks pass through the center of Term u_protected_memory.u_data/din[33]
[WARNING DRT-0419] No routing tracks pass through the center of Term u_protected_memory.u_data/din[34]
[WARNING DRT-0419] No routing tracks pass through the center of Term u_protected_memory.u_data/din[35]
[WARNING DRT-0419] No routing tracks pass through the center of Term u_protected_memory.u_data/din[36]
[WARNING DRT-0419] No routing tracks pass through the center of Term u_protected_memory.u_data/din[37]
[WARNING DRT-0419] No routing tracks pass through the center of Term u_protected_memory.u_data/din[38]
[WARNING DRT-0419] No routing tracks pass through the center of Term u_protected_memory.u_data/din[39]
[WARNING DRT-0419] No routing tracks pass through the center of Term u_protected_memory.u_data/din[40]
[WARNING DRT-0419] No routing tracks pass through the center of Term u_protected_memory.u_data/din[41]
[WARNING DRT-0419] No routing tracks pass through the center of Term u_protected_memory.u_data/din[42]
[WARNING DRT-0419] No routing tracks pass through the center of Term u_protected_memory.u_data/din[43]
[WARNING DRT-0419] No routing tracks pass through the center of Term u_protected_memory.u_data/din[44]
[WARNING DRT-0419] No routing tracks pass through the center of Term u_protected_memory.u_data/din[45]
[WARNING DRT-0419] No routing tracks pass through the center of Term u_protected_memory.u_data/din[46]
[WARNING DRT-0419] No routing tracks pass through the center of Term u_protected_memory.u_data/din[47]
[WARNING DRT-0419] No routing tracks pass through the center of Term u_protected_memory.u_data/din[48]
[WARNING DRT-0419] No routing tracks pass through the center of Term u_protected_memory.u_data/din[49]
[WARNING DRT-0419] No routing tracks pass through the center of Term u_protected_memory.u_data/din[50]
[WARNING DRT-0419] No routing tracks pass through the center of Term u_protected_memory.u_data/din[51]
[WARNING DRT-0419] No routing tracks pass through the center of Term u_protected_memory.u_data/din[52]
[WARNING DRT-0419] No routing tracks pass through the center of Term u_protected_memory.u_data/din[53]
[WARNING DRT-0419] No routing tracks pass through the center of Term u_protected_memory.u_data/din[54]
[WARNING DRT-0419] No routing tracks pass through the center of Term u_protected_memory.u_data/din[55]
[WARNING DRT-0419] No routing tracks pass through the center of Term u_protected_memory.u_data/din[56]
[WARNING DRT-0419] No routing tracks pass through the center of Term u_protected_memory.u_data/din[57]
[WARNING DRT-0419] No routing tracks pass through the center of Term u_protected_memory.u_data/din[58]
[WARNING DRT-0419] No routing tracks pass through the center of Term u_protected_memory.u_data/din[59]
[WARNING DRT-0419] No routing tracks pass through the center of Term u_protected_memory.u_data/din[60]
[WARNING DRT-0419] No routing tracks pass through the center of Term u_protected_memory.u_data/din[61]
[WARNING DRT-0419] No routing tracks pass through the center of Term u_protected_memory.u_data/din[62]
[WARNING DRT-0419] No routing tracks pass through the center of Term u_protected_memory.u_data/din[63]
[WARNING DRT-0419] No routing tracks pass through the center of Term u_protected_memory.u_data/wmask[1]
[WARNING DRT-0419] No routing tracks pass through the center of Term u_protected_memory.u_data/wmask[2]
[WARNING DRT-0419] No routing tracks pass through the center of Term u_protected_memory.u_data/wmask[3]
[WARNING DRT-0419] No routing tracks pass through the center of Term u_protected_memory.u_data/wmask[4]
[WARNING DRT-0419] No routing tracks pass through the center of Term u_protected_memory.u_data/wmask[5]
[WARNING DRT-0419] No routing tracks pass through the center of Term u_protected_memory.u_data/wmask[6]
[WARNING DRT-0419] No routing tracks pass through the center of Term u_protected_memory.u_data/wmask[7]
[WARNING DRT-0418] Term u_protected_memory.u_ecc/dout[0] has no pins on routing grid
[WARNING DRT-0418] Term u_protected_memory.u_ecc/dout[1] has no pins on routing grid
[WARNING DRT-0418] Term u_protected_memory.u_ecc/dout[2] has no pins on routing grid
[WARNING DRT-0418] Term u_protected_memory.u_ecc/dout[3] has no pins on routing grid
[WARNING DRT-0418] Term u_protected_memory.u_ecc/dout[4] has no pins on routing grid
[WARNING DRT-0418] Term u_protected_memory.u_ecc/dout[5] has no pins on routing grid
[WARNING DRT-0418] Term u_protected_memory.u_ecc/dout[6] has no pins on routing grid
[WARNING DRT-0418] Term u_protected_memory.u_ecc/dout[7] has no pins on routing grid
[WARNING DRT-0419] No routing tracks pass through the center of Term u_protected_memory.u_ecc/din[0]
[WARNING DRT-0419] No routing tracks pass through the center of Term u_protected_memory.u_ecc/din[1]
[WARNING DRT-0419] No routing tracks pass through the center of Term u_protected_memory.u_ecc/din[2]
[WARNING DRT-0418] Term u_protected_memory.u_ecc/din[3] has no pins on routing grid
[WARNING DRT-0418] Term u_protected_memory.u_ecc/din[4] has no pins on routing grid
[WARNING DRT-0418] Term u_protected_memory.u_ecc/din[5] has no pins on routing grid
[WARNING DRT-0418] Term u_protected_memory.u_ecc/din[6] has no pins on routing grid
[WARNING DRT-0418] Term u_protected_memory.u_ecc/din[7] has no pins on routing grid
[WARNING DRT-0419] No routing tracks pass through the center of Term u_protected_memory.u_ecc/wmask[0]
[WARNING DRT-0419] No routing tracks pass through the center of Term u_protected_memory.u_ecc/wmask[1]
[WARNING DRT-0419] No routing tracks pass through the center of Term u_protected_memory.u_ecc/wmask[2]
[WARNING DRT-0418] Term u_protected_memory.u_ecc/wmask[3] has no pins on routing grid
[WARNING DRT-0418] Term u_protected_memory.u_ecc/wmask[4] has no pins on routing grid
[WARNING DRT-0418] Term u_protected_memory.u_ecc/wmask[5] has no pins on routing grid
[WARNING DRT-0418] Term u_protected_memory.u_ecc/wmask[6] has no pins on routing grid
[WARNING DRT-0418] Term u_protected_memory.u_ecc/wmask[7] has no pins on routing grid
[INFO DRT-0167] List of default vias:
  Layer via
    default via: M1M2_PR
  Layer via2
    default via: M2M3_PR
  Layer via3
    default via: M3M4_PR
  Layer via4
    default via: M4M5_PR
[INFO DRT-0162] Library cell analysis.
[INFO DRT-0163] Instance analysis.
[INFO DRT-0164] Number of unique instances = 102.
[INFO DRT-0168] Init region query.
[INFO DRT-0024]   Complete FR_MASTERSLICE.
[INFO DRT-0024]   Complete Fr_VIA.
[INFO DRT-0024]   Complete li1.
[INFO DRT-0024]   Complete mcon.
[INFO DRT-0024]   Complete met1.
[INFO DRT-0024]   Complete via.
[INFO DRT-0024]   Complete met2.
[INFO DRT-0024]   Complete via2.
[INFO DRT-0024]   Complete met3.
[INFO DRT-0024]   Complete via3.
[INFO DRT-0024]   Complete met4.
[INFO DRT-0024]   Complete via4.
[INFO DRT-0024]   Complete met5.
[INFO DRT-0033] FR_MASTERSLICE shape region query size = 0.
[INFO DRT-0033] FR_VIA shape region query size = 0.
[INFO DRT-0033] li1 shape region query size = 47905.
[INFO DRT-0033] mcon shape region query size = 25434.
[INFO DRT-0033] met1 shape region query size = 17838.
[INFO DRT-0033] via shape region query size = 24330.
[INFO DRT-0033] met2 shape region query size = 22048.
[INFO DRT-0033] via2 shape region query size = 45597.
[INFO DRT-0033] met3 shape region query size = 29027.
[INFO DRT-0033] via3 shape region query size = 45281.
[INFO DRT-0033] met4 shape region query size = 11428.
[INFO DRT-0033] via4 shape region query size = 1676.
[INFO DRT-0033] met5 shape region query size = 1768.
[INFO DRT-0165] Start pin access.
[INFO DRT-0078]   Complete 933 pins.
[INFO DRT-0079]   Complete 100 unique inst patterns.
[INFO DRT-0081]   Complete 100 unique inst patterns.
[INFO DRT-0084]   Complete 903 groups.
#scanned instances     = 5843
#unique  instances     = 102
#stdCellGenAp          = 3104
#stdCellValidPlanarAp  = 56
#stdCellValidViaAp     = 2205
#stdCellPinNoAp        = 0
#stdCellPinCnt         = 2896
#instTermValidViaApCnt = 0
#macroGenAp            = 553
#macroValidPlanarAp    = 452
#macroValidViaAp       = 0
#macroNoAp             = 0
[INFO DRT-0166] Complete pin access.
[INFO DRT-0267] cpu time = 00:00:56, elapsed time = 00:00:15, memory = 191.46 (MB), peak = 190.87 (MB)
Took 16 seconds: pin_access
set_global_routing_random -seed 11
global_route -congestion_report_file /work/campaigns/iscas_sustainability_extension/memory_compiler/gate3_attempt09_sram22_residual_interface_drv_and_provenance_closure/raw/openroad/work/reports/sky130hd/attempt09_e0/seed11/congestion.rpt -congestion_iterations 30 -congestion_report_iter_step 5 -verbose
[INFO GRT-0020] Min routing layer: met1
[INFO GRT-0021] Max routing layer: met5
[INFO GRT-0022] Global adjustment: 0%
[INFO GRT-0023] Grid origin: (0, 0)
[INFO GRT-0088] Layer li1     Track-Pitch = 0.4600  line-2-Via Pitch: 0.3400
[INFO GRT-0088] Layer met1    Track-Pitch = 0.3400  line-2-Via Pitch: 0.3400
[INFO GRT-0088] Layer met2    Track-Pitch = 0.4600  line-2-Via Pitch: 0.3500
[INFO GRT-0088] Layer met3    Track-Pitch = 0.6800  line-2-Via Pitch: 0.6150
[INFO GRT-0088] Layer met4    Track-Pitch = 0.9200  line-2-Via Pitch: 1.0400
[INFO GRT-0088] Layer met5    Track-Pitch = 3.4000  line-2-Via Pitch: 3.1100
[INFO GRT-0003] Macros: 2
[INFO GRT-0004] Blockages: 1040
[INFO GRT-0019] Found 8 clock nets.
[INFO GRT-0001] Minimum degree: 2
[INFO GRT-0002] Maximum degree: 33

[INFO GRT-0053] Routing resources analysis:
          Routing      Original      Derated      Resource
Layer     Direction    Resources     Resources    Reduction (%)
---------------------------------------------------------------
li1        Vertical            0             0          0.00%
met1       Horizontal     123414         95995          22.22%
met2       Vertical       102532         78846          23.10%
met3       Horizontal     124851         97475          21.93%
met4       Vertical        86395         62266          27.93%
met5       Horizontal      19645         13729          30.11%
---------------------------------------------------------------

[INFO GRT-0101] Running extra iterations to remove congestion.
[INFO GRT-0102] Start extra iteration 1/30
[INFO GRT-0102] Start extra iteration 2/30
[INFO GRT-0197] Via related to pin nodes: 5791
[INFO GRT-0198] Via related Steiner nodes: 155
[INFO GRT-0199] Via filling finished.
[INFO GRT-0111] Final number of vias: 7739
[INFO GRT-0112] Final usage 3D: 34760

[INFO GRT-0096] Final congestion report:
Layer         Resource        Demand        Usage (%)    Max H / Max V / Total Congestion
---------------------------------------------------------------------------------------
li1                  0             0            0.00%             0 /  0 /  0
met1             95995          3213            3.35%             0 /  0 /  0
met2             78846          6138            7.78%             0 /  0 /  0
met3             97475           886            0.91%             0 /  0 /  0
met4             62266          1286            2.07%             0 /  0 /  0
met5             13729            20            0.15%             0 /  0 /  0
---------------------------------------------------------------------------------------
Total           348311         11543            3.31%             0 /  0 /  0

[INFO GRT-0018] Total wirelength: 96717 um
[INFO GRT-0014] Routed nets: 1250
[INFO GRT-0303] Global routing runtime = 00:00:00
estimate_parasitics -global_routing
global_route -start_incremental
global_route -end_incremental -congestion_report_file /work/campaigns/iscas_sustainability_extension/memory_compiler/gate3_attempt09_sram22_residual_interface_drv_and_provenance_closure/raw/openroad/work/reports/sky130hd/attempt09_e0/seed11/congestion_post_recover_power.rpt
Repair antennas...
[INFO GRT-0012] Found 22 antenna violations.
[INFO GRT-0302] Inserted 15 jumpers for 15 nets.
[INFO GRT-0012] Found 9 antenna violations.
[INFO DPL-0006] Core area: 615627.94 um^2
[INFO DPL-0007] Movable instances area: 9733.08 um^2
[INFO DPL-0008] Fixed instances area within core: 266287.28 um^2
[INFO DPL-0009] Utilization: 44.8%
[INFO DPL-0005] Diamond search max displacement: +/- 500 sites horizontally, +/- 100 rows vertically.
[INFO DPL-1102] Legalizing using negotiation legalizer.
[INFO DPL-1103] Negotiation base search window: +/-20 sites horizontally, +/-5 rows vertically 
	Automatic search window extension enabled.
	Search window extendable up to the max displacement cap of +/-500 sites, +/-100 rows near walls.
[INFO DPL-1104] NegotiationLegalizer DRC penalty: 5.
[INFO DPL-0392] Negotiation cell height distribution (3 unique row-count(s)):
[INFO DPL-0393]   height 1 row(s): 5865 cells
[INFO DPL-0393]   height 83 row(s): 1 cells
[INFO DPL-0393]   height 108 row(s): 1 cells
          |      Total |  Illegal |  Illegal
Iteration | Violations |    Cells |    Sites
---------------------------------------------
        0 |          0 |         0 |         0
Negotiation phase 1 converged at iteration 0.
[INFO DPL-0500] Runtime: 0.06s
[INFO GRT-0015] Inserted 24 diodes.
[INFO GRT-0012] Found 1 antenna violations.
[INFO GRT-0302] Inserted 1 jumpers for 1 nets.
[INFO GRT-0012] Found 0 antenna violations.
[INFO ANT-0002] Found 0 net violations.
[INFO ANT-0001] Found 0 pin violations.
Estimate parasitics...
estimate_parasitics -global_routing
Report metrics stage 5, global route...

==========================================================================
global route report_design_area
--------------------------------------------------------------------------
Design area 276020 um^2 45% utilization.
[INFO FLW-0007] clock core_clk period 10.000000
[INFO FLW-0008] Clock core_clk period 9.143
[INFO FLW-0009] Clock core_clk slack 0.376
write_sdc -no_timestamp /work/campaigns/iscas_sustainability_extension/memory_compiler/gate3_attempt09_sram22_residual_interface_drv_and_provenance_closure/raw/openroad/work/results/sky130hd/attempt09_e0/seed11/updated_clks.sdc
[INFO FLW-0011] Path endpoint path count 185
write_db /work/campaigns/iscas_sustainability_extension/memory_compiler/gate3_attempt09_sram22_residual_interface_drv_and_provenance_closure/raw/openroad/work/results/sky130hd/attempt09_e0/seed11/5_1_grt.odb
write_sdc -no_timestamp /work/campaigns/iscas_sustainability_extension/memory_compiler/gate3_attempt09_sram22_residual_interface_drv_and_provenance_closure/raw/openroad/work/results/sky130hd/attempt09_e0/seed11/5_1_grt.sdc
Elapsed time: 0:24.71[h:]min:sec. CPU time: user 63.30 sys 1.10 (260%). Peak memory: 345844KB.
Log                       Ext     Elapsed/s Peak Memory/MB sha1sum result [0:20)
5_1_grt                   .odb           24            337 7957e648398e1026f081
5_1_grt                   .sdc                             3cad56baab78945476a2
/OpenROAD-flow-scripts/flow/scripts/flow.sh 5_2_route detail_route
Running detail_route.tcl, stage 5_2_route
read_liberty /OpenROAD-flow-scripts/flow/platforms/sky130hd/lib/sky130_fd_sc_hd__tt_025C_1v80.lib
read_liberty /work/campaigns/iscas_sustainability_extension/memory_compiler/gate3_attempt09_sram22_residual_interface_drv_and_provenance_closure/source_checkout/sram22_256x64m4w8/sram22_256x64m4w8_tt_025C_1v80.lib
read_liberty /work/campaigns/iscas_sustainability_extension/memory_compiler/gate3_attempt09_sram22_residual_interface_drv_and_provenance_closure/source_checkout/sram22_256x8m8w1/sram22_256x8m8w1_tt_025C_1v80.lib
read_db /work/campaigns/iscas_sustainability_extension/memory_compiler/gate3_attempt09_sram22_residual_interface_drv_and_provenance_closure/raw/openroad/work/results/sky130hd/attempt09_e0/seed11/5_1_grt.odb
read_sdc /work/campaigns/iscas_sustainability_extension/memory_compiler/gate3_attempt09_sram22_residual_interface_drv_and_provenance_closure/raw/openroad/work/results/sky130hd/attempt09_e0/seed11/5_1_grt.sdc
source /OpenROAD-flow-scripts/flow/platforms/sky130hd/setRC.tcl
detailed_route -output_drc /work/campaigns/iscas_sustainability_extension/memory_compiler/gate3_attempt09_sram22_residual_interface_drv_and_provenance_closure/raw/openroad/work/reports/sky130hd/attempt09_e0/seed11/5_route_drc.rpt -output_maze /work/campaigns/iscas_sustainability_extension/memory_compiler/gate3_attempt09_sram22_residual_interface_drv_and_provenance_closure/raw/openroad/work/results/sky130hd/attempt09_e0/seed11/maze.log -droute_end_iter 64 -verbose 1 -drc_report_iter_step 5
[INFO DRT-0149] Reading tech and libs.
[WARNING DRT-0349] LEF58_ENCLOSURE with no CUTCLASS is not supported. Skipping for layer mcon
[WARNING DRT-0349] LEF58_ENCLOSURE with no CUTCLASS is not supported. Skipping for layer mcon
[WARNING DRT-0349] LEF58_ENCLOSURE with no CUTCLASS is not supported. Skipping for layer via
[WARNING DRT-0349] LEF58_ENCLOSURE with no CUTCLASS is not supported. Skipping for layer via
[WARNING DRT-0349] LEF58_ENCLOSURE with no CUTCLASS is not supported. Skipping for layer via2
[WARNING DRT-0349] LEF58_ENCLOSURE with no CUTCLASS is not supported. Skipping for layer via2
[WARNING DRT-0349] LEF58_ENCLOSURE with no CUTCLASS is not supported. Skipping for layer via3
[WARNING DRT-0349] LEF58_ENCLOSURE with no CUTCLASS is not supported. Skipping for layer via3
[WARNING DRT-0349] LEF58_ENCLOSURE with no CUTCLASS is not supported. Skipping for layer via4
[WARNING DRT-0349] LEF58_ENCLOSURE with no CUTCLASS is not supported. Skipping for layer via4

Units:                1000
Number of layers:     13
Number of macros:     443
Number of vias:       130
Number of viarulegen: 25

[INFO DRT-0150] Reading design.

Design:                   e0_sram22_top
Die area:                 ( 0 0 ) ( 1000000 650000 )
Number of track patterns: 12
Number of DEF vias:       0
Number of components:     5867
Number of terminals:      144
Number of snets:          2
Number of nets:           1250

[WARNING DRT-0419] No routing tracks pass through the center of Term u_protected_memory.u_data/dout[0]
[WARNING DRT-0419] No routing tracks pass through the center of Term u_protected_memory.u_data/dout[1]
[WARNING DRT-0419] No routing tracks pass through the center of Term u_protected_memory.u_data/dout[2]
[WARNING DRT-0419] No routing tracks pass through the center of Term u_protected_memory.u_data/dout[3]
[WARNING DRT-0419] No routing tracks pass through the center of Term u_protected_memory.u_data/dout[4]
[WARNING DRT-0419] No routing tracks pass through the center of Term u_protected_memory.u_data/dout[5]
[WARNING DRT-0419] No routing tracks pass through the center of Term u_protected_memory.u_data/dout[6]
[WARNING DRT-0419] No routing tracks pass through the center of Term u_protected_memory.u_data/dout[7]
[WARNING DRT-0419] No routing tracks pass through the center of Term u_protected_memory.u_data/dout[8]
[WARNING DRT-0419] No routing tracks pass through the center of Term u_protected_memory.u_data/dout[9]
[WARNING DRT-0419] No routing tracks pass through the center of Term u_protected_memory.u_data/dout[10]
[WARNING DRT-0419] No routing tracks pass through the center of Term u_protected_memory.u_data/dout[11]
[WARNING DRT-0419] No routing tracks pass through the center of Term u_protected_memory.u_data/dout[12]
[WARNING DRT-0419] No routing tracks pass through the center of Term u_protected_memory.u_data/dout[13]
[WARNING DRT-0419] No routing tracks pass through the center of Term u_protected_memory.u_data/dout[14]
[WARNING DRT-0419] No routing tracks pass through the center of Term u_protected_memory.u_data/dout[15]
[WARNING DRT-0419] No routing tracks pass through the center of Term u_protected_memory.u_data/dout[16]
[WARNING DRT-0419] No routing tracks pass through the center of Term u_protected_memory.u_data/dout[17]
[WARNING DRT-0419] No routing tracks pass through the center of Term u_protected_memory.u_data/dout[18]
[WARNING DRT-0419] No routing tracks pass through the center of Term u_protected_memory.u_data/dout[19]
[WARNING DRT-0419] No routing tracks pass through the center of Term u_protected_memory.u_data/dout[20]
[WARNING DRT-0419] No routing tracks pass through the center of Term u_protected_memory.u_data/dout[21]
[WARNING DRT-0419] No routing tracks pass through the center of Term u_protected_memory.u_data/dout[22]
[WARNING DRT-0419] No routing tracks pass through the center of Term u_protected_memory.u_data/dout[23]
[WARNING DRT-0419] No routing tracks pass through the center of Term u_protected_memory.u_data/dout[24]
[WARNING DRT-0419] No routing tracks pass through the center of Term u_protected_memory.u_data/dout[25]
[WARNING DRT-0419] No routing tracks pass through the center of Term u_protected_memory.u_data/dout[26]
[WARNING DRT-0419] No routing tracks pass through the center of Term u_protected_memory.u_data/dout[27]
[WARNING DRT-0419] No routing tracks pass through the center of Term u_protected_memory.u_data/dout[28]
[WARNING DRT-0419] No routing tracks pass through the center of Term u_protected_memory.u_data/dout[29]
[WARNING DRT-0419] No routing tracks pass through the center of Term u_protected_memory.u_data/dout[30]
[WARNING DRT-0419] No routing tracks pass through the center of Term u_protected_memory.u_data/dout[31]
[WARNING DRT-0419] No routing tracks pass through the center of Term u_protected_memory.u_data/dout[32]
[WARNING DRT-0419] No routing tracks pass through the center of Term u_protected_memory.u_data/dout[33]
[WARNING DRT-0419] No routing tracks pass through the center of Term u_protected_memory.u_data/dout[34]
[WARNING DRT-0419] No routing tracks pass through the center of Term u_protected_memory.u_data/dout[35]
[WARNING DRT-0419] No routing tracks pass through the center of Term u_protected_memory.u_data/dout[36]
[WARNING DRT-0419] No routing tracks pass through the center of Term u_protected_memory.u_data/dout[37]
[WARNING DRT-0419] No routing tracks pass through the center of Term u_protected_memory.u_data/dout[38]
[WARNING DRT-0419] No routing tracks pass through the center of Term u_protected_memory.u_data/dout[39]
[WARNING DRT-0419] No routing tracks pass through the center of Term u_protected_memory.u_data/dout[40]
[WARNING DRT-0419] No routing tracks pass through the center of Term u_protected_memory.u_data/dout[41]
[WARNING DRT-0419] No routing tracks pass through the center of Term u_protected_memory.u_data/dout[42]
[WARNING DRT-0419] No routing tracks pass through the center of Term u_protected_memory.u_data/dout[43]
[WARNING DRT-0419] No routing tracks pass through the center of Term u_protected_memory.u_data/dout[44]
[WARNING DRT-0419] No routing tracks pass through the center of Term u_protected_memory.u_data/dout[45]
[WARNING DRT-0419] No routing tracks pass through the center of Term u_protected_memory.u_data/dout[46]
[WARNING DRT-0419] No routing tracks pass through the center of Term u_protected_memory.u_data/dout[47]
[WARNING DRT-0419] No routing tracks pass through the center of Term u_protected_memory.u_data/dout[48]
[WARNING DRT-0419] No routing tracks pass through the center of Term u_protected_memory.u_data/dout[49]
[WARNING DRT-0419] No routing tracks pass through the center of Term u_protected_memory.u_data/dout[50]
[WARNING DRT-0419] No routing tracks pass through the center of Term u_protected_memory.u_data/dout[51]
[WARNING DRT-0419] No routing tracks pass through the center of Term u_protected_memory.u_data/dout[52]
[WARNING DRT-0419] No routing tracks pass through the center of Term u_protected_memory.u_data/dout[53]
[WARNING DRT-0419] No routing tracks pass through the center of Term u_protected_memory.u_data/dout[54]
[WARNING DRT-0419] No routing tracks pass through the center of Term u_protected_memory.u_data/dout[55]
[WARNING DRT-0419] No routing tracks pass through the center of Term u_protected_memory.u_data/dout[56]
[WARNING DRT-0419] No routing tracks pass through the center of Term u_protected_memory.u_data/dout[57]
[WARNING DRT-0419] No routing tracks pass through the center of Term u_protected_memory.u_data/dout[58]
[WARNING DRT-0419] No routing tracks pass through the center of Term u_protected_memory.u_data/dout[59]
[WARNING DRT-0419] No routing tracks pass through the center of Term u_protected_memory.u_data/dout[60]
[WARNING DRT-0419] No routing tracks pass through the center of Term u_protected_memory.u_data/dout[61]
[WARNING DRT-0419] No routing tracks pass through the center of Term u_protected_memory.u_data/dout[62]
[WARNING DRT-0419] No routing tracks pass through the center of Term u_protected_memory.u_data/dout[63]
[WARNING DRT-0419] No routing tracks pass through the center of Term u_protected_memory.u_data/din[0]
[WARNING DRT-0419] No routing tracks pass through the center of Term u_protected_memory.u_data/din[1]
[WARNING DRT-0419] No routing tracks pass through the center of Term u_protected_memory.u_data/din[2]
[WARNING DRT-0419] No routing tracks pass through the center of Term u_protected_memory.u_data/din[3]
[WARNING DRT-0419] No routing tracks pass through the center of Term u_protected_memory.u_data/din[4]
[WARNING DRT-0419] No routing tracks pass through the center of Term u_protected_memory.u_data/din[5]
[WARNING DRT-0419] No routing tracks pass through the center of Term u_protected_memory.u_data/din[6]
[WARNING DRT-0419] No routing tracks pass through the center of Term u_protected_memory.u_data/din[7]
[WARNING DRT-0419] No routing tracks pass through the center of Term u_protected_memory.u_data/din[8]
[WARNING DRT-0419] No routing tracks pass through the center of Term u_protected_memory.u_data/din[9]
[WARNING DRT-0419] No routing tracks pass through the center of Term u_protected_memory.u_data/din[10]
[WARNING DRT-0419] No routing tracks pass through the center of Term u_protected_memory.u_data/din[11]
[WARNING DRT-0419] No routing tracks pass through the center of Term u_protected_memory.u_data/din[12]
[WARNING DRT-0419] No routing tracks pass through the center of Term u_protected_memory.u_data/din[13]
[WARNING DRT-0419] No routing tracks pass through the center of Term u_protected_memory.u_data/din[14]
[WARNING DRT-0419] No routing tracks pass through the center of Term u_protected_memory.u_data/din[15]
[WARNING DRT-0419] No routing tracks pass through the center of Term u_protected_memory.u_data/din[16]
[WARNING DRT-0419] No routing tracks pass through the center of Term u_protected_memory.u_data/din[17]
[WARNING DRT-0419] No routing tracks pass through the center of Term u_protected_memory.u_data/din[18]
[WARNING DRT-0419] No routing tracks pass through the center of Term u_protected_memory.u_data/din[19]
[WARNING DRT-0419] No routing tracks pass through the center of Term u_protected_memory.u_data/din[20]
[WARNING DRT-0419] No routing tracks pass through the center of Term u_protected_memory.u_data/din[21]
[WARNING DRT-0419] No routing tracks pass through the center of Term u_protected_memory.u_data/din[22]
[WARNING DRT-0419] No routing tracks pass through the center of Term u_protected_memory.u_data/din[23]
[WARNING DRT-0419] No routing tracks pass through the center of Term u_protected_memory.u_data/din[24]
[WARNING DRT-0419] No routing tracks pass through the center of Term u_protected_memory.u_data/din[25]
[WARNING DRT-0419] No routing tracks pass through the center of Term u_protected_memory.u_data/din[26]
[WARNING DRT-0419] No routing tracks pass through the center of Term u_protected_memory.u_data/din[27]
[WARNING DRT-0419] No routing tracks pass through the center of Term u_protected_memory.u_data/din[28]
[WARNING DRT-0419] No routing tracks pass through the center of Term u_protected_memory.u_data/din[29]
[WARNING DRT-0419] No routing tracks pass through the center of Term u_protected_memory.u_data/din[30]
[WARNING DRT-0419] No routing tracks pass through the center of Term u_protected_memory.u_data/din[31]
[WARNING DRT-0419] No routing tracks pass through the center of Term u_protected_memory.u_data/din[32]
[WARNING DRT-0419] No routing tracks pass through the center of Term u_protected_memory.u_data/din[33]
[WARNING DRT-0419] No routing tracks pass through the center of Term u_protected_memory.u_data/din[34]
[WARNING DRT-0419] No routing tracks pass through the center of Term u_protected_memory.u_data/din[35]
[WARNING DRT-0419] No routing tracks pass through the center of Term u_protected_memory.u_data/din[36]
[WARNING DRT-0419] No routing tracks pass through the center of Term u_protected_memory.u_data/din[37]
[WARNING DRT-0419] No routing tracks pass through the center of Term u_protected_memory.u_data/din[38]
[WARNING DRT-0419] No routing tracks pass through the center of Term u_protected_memory.u_data/din[39]
[WARNING DRT-0419] No routing tracks pass through the center of Term u_protected_memory.u_data/din[40]
[WARNING DRT-0419] No routing tracks pass through the center of Term u_protected_memory.u_data/din[41]
[WARNING DRT-0419] No routing tracks pass through the center of Term u_protected_memory.u_data/din[42]
[WARNING DRT-0419] No routing tracks pass through the center of Term u_protected_memory.u_data/din[43]
[WARNING DRT-0419] No routing tracks pass through the center of Term u_protected_memory.u_data/din[44]
[WARNING DRT-0419] No routing tracks pass through the center of Term u_protected_memory.u_data/din[45]
[WARNING DRT-0419] No routing tracks pass through the center of Term u_protected_memory.u_data/din[46]
[WARNING DRT-0419] No routing tracks pass through the center of Term u_protected_memory.u_data/din[47]
[WARNING DRT-0419] No routing tracks pass through the center of Term u_protected_memory.u_data/din[48]
[WARNING DRT-0419] No routing tracks pass through the center of Term u_protected_memory.u_data/din[49]
[WARNING DRT-0419] No routing tracks pass through the center of Term u_protected_memory.u_data/din[50]
[WARNING DRT-0419] No routing tracks pass through the center of Term u_protected_memory.u_data/din[51]
[WARNING DRT-0419] No routing tracks pass through the center of Term u_protected_memory.u_data/din[52]
[WARNING DRT-0419] No routing tracks pass through the center of Term u_protected_memory.u_data/din[53]
[WARNING DRT-0419] No routing tracks pass through the center of Term u_protected_memory.u_data/din[54]
[WARNING DRT-0419] No routing tracks pass through the center of Term u_protected_memory.u_data/din[55]
[WARNING DRT-0419] No routing tracks pass through the center of Term u_protected_memory.u_data/din[56]
[WARNING DRT-0419] No routing tracks pass through the center of Term u_protected_memory.u_data/din[57]
[WARNING DRT-0419] No routing tracks pass through the center of Term u_protected_memory.u_data/din[58]
[WARNING DRT-0419] No routing tracks pass through the center of Term u_protected_memory.u_data/din[59]
[WARNING DRT-0419] No routing tracks pass through the center of Term u_protected_memory.u_data/din[60]
[WARNING DRT-0419] No routing tracks pass through the center of Term u_protected_memory.u_data/din[61]
[WARNING DRT-0419] No routing tracks pass through the center of Term u_protected_memory.u_data/din[62]
[WARNING DRT-0419] No routing tracks pass through the center of Term u_protected_memory.u_data/din[63]
[WARNING DRT-0419] No routing tracks pass through the center of Term u_protected_memory.u_data/wmask[1]
[WARNING DRT-0419] No routing tracks pass through the center of Term u_protected_memory.u_data/wmask[2]
[WARNING DRT-0419] No routing tracks pass through the center of Term u_protected_memory.u_data/wmask[3]
[WARNING DRT-0419] No routing tracks pass through the center of Term u_protected_memory.u_data/wmask[4]
[WARNING DRT-0419] No routing tracks pass through the center of Term u_protected_memory.u_data/wmask[5]
[WARNING DRT-0419] No routing tracks pass through the center of Term u_protected_memory.u_data/wmask[6]
[WARNING DRT-0419] No routing tracks pass through the center of Term u_protected_memory.u_data/wmask[7]
[WARNING DRT-0418] Term u_protected_memory.u_ecc/dout[0] has no pins on routing grid
[WARNING DRT-0418] Term u_protected_memory.u_ecc/dout[1] has no pins on routing grid
[WARNING DRT-0418] Term u_protected_memory.u_ecc/dout[2] has no pins on routing grid
[WARNING DRT-0418] Term u_protected_memory.u_ecc/dout[3] has no pins on routing grid
[WARNING DRT-0418] Term u_protected_memory.u_ecc/dout[4] has no pins on routing grid
[WARNING DRT-0418] Term u_protected_memory.u_ecc/dout[5] has no pins on routing grid
[WARNING DRT-0418] Term u_protected_memory.u_ecc/dout[6] has no pins on routing grid
[WARNING DRT-0418] Term u_protected_memory.u_ecc/dout[7] has no pins on routing grid
[WARNING DRT-0419] No routing tracks pass through the center of Term u_protected_memory.u_ecc/din[0]
[WARNING DRT-0419] No routing tracks pass through the center of Term u_protected_memory.u_ecc/din[1]
[WARNING DRT-0419] No routing tracks pass through the center of Term u_protected_memory.u_ecc/din[2]
[WARNING DRT-0418] Term u_protected_memory.u_ecc/din[3] has no pins on routing grid
[WARNING DRT-0418] Term u_protected_memory.u_ecc/din[4] has no pins on routing grid
[WARNING DRT-0418] Term u_protected_memory.u_ecc/din[5] has no pins on routing grid
[WARNING DRT-0418] Term u_protected_memory.u_ecc/din[6] has no pins on routing grid
[WARNING DRT-0418] Term u_protected_memory.u_ecc/din[7] has no pins on routing grid
[WARNING DRT-0419] No routing tracks pass through the center of Term u_protected_memory.u_ecc/wmask[0]
[WARNING DRT-0419] No routing tracks pass through the center of Term u_protected_memory.u_ecc/wmask[1]
[WARNING DRT-0419] No routing tracks pass through the center of Term u_protected_memory.u_ecc/wmask[2]
[WARNING DRT-0418] Term u_protected_memory.u_ecc/wmask[3] has no pins on routing grid
[WARNING DRT-0418] Term u_protected_memory.u_ecc/wmask[4] has no pins on routing grid
[WARNING DRT-0418] Term u_protected_memory.u_ecc/wmask[5] has no pins on routing grid
[WARNING DRT-0418] Term u_protected_memory.u_ecc/wmask[6] has no pins on routing grid
[WARNING DRT-0418] Term u_protected_memory.u_ecc/wmask[7] has no pins on routing grid
[INFO DRT-0167] List of default vias:
  Layer via
    default via: M1M2_PR
  Layer via2
    default via: M2M3_PR
  Layer via3
    default via: M3M4_PR
  Layer via4
    default via: M4M5_PR
[INFO DRT-0162] Library cell analysis.
[INFO DRT-0163] Instance analysis.
[INFO DRT-0164] Number of unique instances = 104.
[INFO DRT-0168] Init region query.
[INFO DRT-0024]   Complete FR_MASTERSLICE.
[INFO DRT-0024]   Complete Fr_VIA.
[INFO DRT-0024]   Complete li1.
[INFO DRT-0024]   Complete mcon.
[INFO DRT-0024]   Complete met1.
[INFO DRT-0024]   Complete via.
[INFO DRT-0024]   Complete met2.
[INFO DRT-0024]   Complete via2.
[INFO DRT-0024]   Complete met3.
[INFO DRT-0024]   Complete via3.
[INFO DRT-0024]   Complete met4.
[INFO DRT-0024]   Complete via4.
[INFO DRT-0024]   Complete met5.
[INFO DRT-0033] FR_MASTERSLICE shape region query size = 0.
[INFO DRT-0033] FR_VIA shape region query size = 0.
[INFO DRT-0033] li1 shape region query size = 47977.
[INFO DRT-0033] mcon shape region query size = 25530.
[INFO DRT-0033] met1 shape region query size = 17886.
[INFO DRT-0033] via shape region query size = 24330.
[INFO DRT-0033] met2 shape region query size = 22048.
[INFO DRT-0033] via2 shape region query size = 45597.
[INFO DRT-0033] met3 shape region query size = 29027.
[INFO DRT-0033] via3 shape region query size = 45281.
[INFO DRT-0033] met4 shape region query size = 11428.
[INFO DRT-0033] via4 shape region query size = 1676.
[INFO DRT-0033] met5 shape region query size = 1768.
[INFO DRT-0165] Start pin access.
[INFO DRT-0078]   Complete 943 pins.
[INFO DRT-0079]   Complete 100 unique inst patterns.
[INFO DRT-0081]   Complete 102 unique inst patterns.
[INFO DRT-0084]   Complete 920 groups.
#scanned instances     = 5867
#unique  instances     = 104
#stdCellGenAp          = 3128
#stdCellValidPlanarAp  = 56
#stdCellValidViaAp     = 2229
#stdCellPinNoAp        = 0
#stdCellPinCnt         = 2896
#instTermValidViaApCnt = 0
#macroGenAp            = 553
#macroValidPlanarAp    = 452
#macroValidViaAp       = 0
#macroNoAp             = 0
[INFO DRT-0166] Complete pin access.
[INFO DRT-0267] cpu time = 00:01:01, elapsed time = 00:00:17, memory = 268.73 (MB), peak = 267.97 (MB)

[INFO DRT-0157] Number of guides:     8400

[INFO DRT-0169] Post process guides.
[INFO DRT-0176] GCELLGRID X 0 DO 144 STEP 6900 ;
[INFO DRT-0177] GCELLGRID Y 0 DO 94 STEP 6900 ;
[INFO DRT-0028]   Complete FR_MASTERSLICE.
[INFO DRT-0028]   Complete Fr_VIA.
[INFO DRT-0028]   Complete li1.
[INFO DRT-0028]   Complete mcon.
[INFO DRT-0028]   Complete met1.
[INFO DRT-0028]   Complete via.
[INFO DRT-0028]   Complete met2.
[INFO DRT-0028]   Complete via2.
[INFO DRT-0028]   Complete met3.
[INFO DRT-0028]   Complete via3.
[INFO DRT-0028]   Complete met4.
[INFO DRT-0028]   Complete via4.
[INFO DRT-0028]   Complete met5.
[INFO DRT-0178] Init guide query.
[INFO DRT-0035]   Complete FR_MASTERSLICE (guide).
[INFO DRT-0035]   Complete Fr_VIA (guide).
[INFO DRT-0035]   Complete li1 (guide).
[INFO DRT-0035]   Complete mcon (guide).
[INFO DRT-0035]   Complete met1 (guide).
[INFO DRT-0035]   Complete via (guide).
[INFO DRT-0035]   Complete met2 (guide).
[INFO DRT-0035]   Complete via2 (guide).
[INFO DRT-0035]   Complete met3 (guide).
[INFO DRT-0035]   Complete via3 (guide).
[INFO DRT-0035]   Complete met4 (guide).
[INFO DRT-0035]   Complete via4 (guide).
[INFO DRT-0035]   Complete met5 (guide).
[INFO DRT-0036] FR_MASTERSLICE guide region query size = 0.
[INFO DRT-0036] FR_VIA guide region query size = 0.
[INFO DRT-0036] li1 guide region query size = 2600.
[INFO DRT-0036] mcon guide region query size = 0.
[INFO DRT-0036] met1 guide region query size = 2452.
[INFO DRT-0036] via guide region query size = 0.
[INFO DRT-0036] met2 guide region query size = 1390.
[INFO DRT-0036] via2 guide region query size = 0.
[INFO DRT-0036] met3 guide region query size = 324.
[INFO DRT-0036] via3 guide region query size = 0.
[INFO DRT-0036] met4 guide region query size = 168.
[INFO DRT-0036] via4 guide region query size = 0.
[INFO DRT-0036] met5 guide region query size = 7.
[INFO DRT-0179] Init gr pin query.
[INFO DRT-0267] cpu time = 00:00:00, elapsed time = 00:00:00, memory = 271.13 (MB), peak = 270.60 (MB)
[INFO DRT-0245] skipped writing guide updates to database.
[INFO DRT-0181] Start track assignment.
[INFO DRT-0184] Done with 4158 vertical wires in 3 frboxes and 2783 horizontal wires in 2 frboxes.
[INFO DRT-0186] Done with 545 vertical wires in 3 frboxes and 712 horizontal wires in 2 frboxes.
[INFO DRT-0182] Complete track assignment.
[INFO DRT-0267] cpu time = 00:00:02, elapsed time = 00:00:01, memory = 292.04 (MB), peak = 337.34 (MB)
[INFO DRT-0187] Start routing data preparation.
[INFO DRT-0267] cpu time = 00:00:00, elapsed time = 00:00:00, memory = 292.04 (MB), peak = 337.34 (MB)
[INFO DRT-0194] Start detail routing.
[INFO DRT-0195] Start 0th optimization iteration.
    Completing 10% with 0 violations.
    elapsed time = 00:00:00, memory = 318.89 (MB).
    Completing 20% with 0 violations.
    elapsed time = 00:00:00, memory = 365.77 (MB).
    Completing 30% with 228 violations.
    elapsed time = 00:00:07, memory = 349.72 (MB).
    Completing 40% with 228 violations.
    elapsed time = 00:00:08, memory = 373.87 (MB).
    Completing 50% with 228 violations.
    elapsed time = 00:00:08, memory = 384.20 (MB).
    Completing 60% with 380 violations.
    elapsed time = 00:00:09, memory = 388.40 (MB).
    Completing 70% with 380 violations.
    elapsed time = 00:00:10, memory = 414.79 (MB).
    Completing 80% with 558 violations.
    elapsed time = 00:00:14, memory = 398.75 (MB).
    Completing 90% with 558 violations.
    elapsed time = 00:00:14, memory = 407.21 (MB).
    Completing 100% with 725 violations.
    elapsed time = 00:00:17, memory = 407.21 (MB).
[INFO DRT-0199]   Number of violations = 813.
Viol/Layer         li1   mcon   met1    via   met2   met3   met4
Cut Spacing          0      2      0      0      0      0      0
Metal Spacing        0      0    122      0     30      8      0
Recheck              1      0     62      0     18      4      3
Short                0      0    515      1     41      4      2
[INFO DRT-0267] cpu time = 00:00:33, elapsed time = 00:00:18, memory = 732.39 (MB), peak = 732.16 (MB)
Total wire length = 80280 um.
Total wire length on LAYER li1 = 0 um.
Total wire length on LAYER met1 = 23278 um.
Total wire length on LAYER met2 = 43505 um.
Total wire length on LAYER met3 = 5903 um.
Total wire length on LAYER met4 = 7502 um.
Total wire length on LAYER met5 = 91 um.
Total number of vias = 6685.
Up-via summary (total 6685):

-----------------------
 FR_MASTERSLICE       0
            li1    2933
           met1    3163
           met2     338
           met3     239
           met4      12
-----------------------
               6685


[INFO DRT-0195] Start 1st optimization iteration.
    Completing 10% with 813 violations.
    elapsed time = 00:00:00, memory = 732.39 (MB).
    Completing 20% with 813 violations.
    elapsed time = 00:00:00, memory = 739.07 (MB).
    Completing 30% with 683 violations.
    elapsed time = 00:00:01, memory = 740.27 (MB).
    Completing 40% with 683 violations.
    elapsed time = 00:00:02, memory = 740.27 (MB).
    Completing 50% with 683 violations.
    elapsed time = 00:00:03, memory = 741.08 (MB).
    Completing 60% with 612 violations.
    elapsed time = 00:00:04, memory = 741.16 (MB).
    Completing 70% with 612 violations.
    elapsed time = 00:00:04, memory = 769.18 (MB).
    Completing 80% with 524 violations.
    elapsed time = 00:00:06, memory = 752.39 (MB).
    Completing 90% with 524 violations.
    elapsed time = 00:00:07, memory = 774.06 (MB).
    Completing 100% with 369 violations.
    elapsed time = 00:00:13, memory = 752.39 (MB).
[INFO DRT-0199]   Number of violations = 369.
Viol/Layer        mcon   met1   met2   met3
Cut Spacing          1      0      0      0
Metal Spacing        0     90     11      5
Short                0    256      6      0
[INFO DRT-0267] cpu time = 00:00:26, elapsed time = 00:00:13, memory = 755.39 (MB), peak = 773.81 (MB)
Total wire length = 80069 um.
Total wire length on LAYER li1 = 0 um.
Total wire length on LAYER met1 = 23150 um.
Total wire length on LAYER met2 = 43414 um.
Total wire length on LAYER met3 = 5967 um.
Total wire length on LAYER met4 = 7465 um.
Total wire length on LAYER met5 = 71 um.
Total number of vias = 6684.
Up-via summary (total 6684):

-----------------------
 FR_MASTERSLICE       0
            li1    2930
           met1    3166
           met2     344
           met3     234
           met4      10
-----------------------
               6684


[INFO DRT-0195] Start 2nd optimization iteration.
    Completing 10% with 369 violations.
    elapsed time = 00:00:00, memory = 755.39 (MB).
    Completing 20% with 369 violations.
    elapsed time = 00:00:00, memory = 758.92 (MB).
    Completing 30% with 352 violations.
    elapsed time = 00:00:01, memory = 758.92 (MB).
    Completing 40% with 352 violations.
    elapsed time = 00:00:02, memory = 766.30 (MB).
    Completing 50% with 352 violations.
    elapsed time = 00:00:03, memory = 766.30 (MB).
    Completing 60% with 340 violations.
    elapsed time = 00:00:03, memory = 766.30 (MB).
    Completing 70% with 340 violations.
    elapsed time = 00:00:04, memory = 766.30 (MB).
    Completing 80% with 308 violations.
    elapsed time = 00:00:04, memory = 766.30 (MB).
    Completing 90% with 308 violations.
    elapsed time = 00:00:05, memory = 789.30 (MB).
    Completing 100% with 320 violations.
    elapsed time = 00:00:13, memory = 766.30 (MB).
[INFO DRT-0199]   Number of violations = 320.
Viol/Layer        mcon   met1   met2   met3
Cut Spacing          3      0      0      0
Metal Spacing        0     86      5      4
Short                0    216      6      0
[INFO DRT-0267] cpu time = 00:00:25, elapsed time = 00:00:13, memory = 766.30 (MB), peak = 789.10 (MB)
Total wire length = 79970 um.
Total wire length on LAYER li1 = 0 um.
Total wire length on LAYER met1 = 23143 um.
Total wire length on LAYER met2 = 43458 um.
Total wire length on LAYER met3 = 5938 um.
Total wire length on LAYER met4 = 7359 um.
Total wire length on LAYER met5 = 69 um.
Total number of vias = 6655.
Up-via summary (total 6655):

-----------------------
 FR_MASTERSLICE       0
            li1    2942
           met1    3156
           met2     320
           met3     227
           met4      10
-----------------------
               6655


[INFO DRT-0195] Start 3rd optimization iteration.
    Completing 10% with 320 violations.
    elapsed time = 00:00:00, memory = 766.30 (MB).
    Completing 20% with 320 violations.
    elapsed time = 00:00:00, memory = 773.64 (MB).
    Completing 30% with 235 violations.
    elapsed time = 00:00:05, memory = 782.51 (MB).
    Completing 40% with 235 violations.
    elapsed time = 00:00:05, memory = 782.51 (MB).
    Completing 50% with 235 violations.
    elapsed time = 00:00:05, memory = 782.51 (MB).
    Completing 60% with 167 violations.
    elapsed time = 00:00:10, memory = 782.51 (MB).
    Completing 70% with 167 violations.
    elapsed time = 00:00:12, memory = 785.16 (MB).
    Completing 80% with 128 violations.
    elapsed time = 00:00:16, memory = 789.53 (MB).
    Completing 90% with 128 violations.
    elapsed time = 00:00:16, memory = 789.53 (MB).
    Completing 100% with 74 violations.
    elapsed time = 00:00:19, memory = 789.53 (MB).
[INFO DRT-0199]   Number of violations = 74.
Viol/Layer        met1   met2   met3
Metal Spacing        9      4      1
Short               43     17      0
[INFO DRT-0267] cpu time = 00:00:30, elapsed time = 00:00:20, memory = 789.53 (MB), peak = 789.35 (MB)
Total wire length = 79972 um.
Total wire length on LAYER li1 = 0 um.
Total wire length on LAYER met1 = 22219 um.
Total wire length on LAYER met2 = 43488 um.
Total wire length on LAYER met3 = 6740 um.
Total wire length on LAYER met4 = 7441 um.
Total wire length on LAYER met5 = 81 um.
Total number of vias = 6809.
Up-via summary (total 6809):

-----------------------
 FR_MASTERSLICE       0
            li1    2941
           met1    3208
           met2     410
           met3     240
           met4      10
-----------------------
               6809


[INFO DRT-0195] Start 4th guides tiles iteration.
    Completing 10% with 74 violations.
    elapsed time = 00:00:00, memory = 789.53 (MB).
    Completing 20% with 74 violations.
    elapsed time = 00:00:00, memory = 789.53 (MB).
    Completing 40% with 74 violations.
    elapsed time = 00:00:02, memory = 789.53 (MB).
    Completing 50% with 70 violations.
    elapsed time = 00:00:03, memory = 789.53 (MB).
    Completing 70% with 70 violations.
    elapsed time = 00:00:04, memory = 789.53 (MB).
    Completing 80% with 70 violations.
    elapsed time = 00:00:04, memory = 789.53 (MB).
    Completing 100% with 0 violations.
    elapsed time = 00:00:04, memory = 789.53 (MB).
[INFO DRT-0199]   Number of violations = 0.
[INFO DRT-0267] cpu time = 00:00:07, elapsed time = 00:00:04, memory = 789.53 (MB), peak = 789.35 (MB)
Total wire length = 79958 um.
Total wire length on LAYER li1 = 0 um.
Total wire length on LAYER met1 = 21961 um.
Total wire length on LAYER met2 = 43479 um.
Total wire length on LAYER met3 = 6996 um.
Total wire length on LAYER met4 = 7439 um.
Total wire length on LAYER met5 = 81 um.
Total number of vias = 6789.
Up-via summary (total 6789):

-----------------------
 FR_MASTERSLICE       0
            li1    2940
           met1    3185
           met2     418
           met3     236
           met4      10
-----------------------
               6789


[INFO DRT-0198] Complete detail routing.
Total wire length = 79958 um.
Total wire length on LAYER li1 = 0 um.
Total wire length on LAYER met1 = 21961 um.
Total wire length on LAYER met2 = 43479 um.
Total wire length on LAYER met3 = 6996 um.
Total wire length on LAYER met4 = 7439 um.
Total wire length on LAYER met5 = 81 um.
Total number of vias = 6789.
Up-via summary (total 6789):

-----------------------
 FR_MASTERSLICE       0
            li1    2940
           met1    3185
           met2     418
           met3     236
           met4      10
-----------------------
               6789


[INFO DRT-0267] cpu time = 00:02:02, elapsed time = 00:01:10, memory = 789.53 (MB), peak = 789.35 (MB)

[INFO DRT-0180] Post processing.
[INFO DRT-0501] Runtime: 90.54s
Took 89 seconds: detailed_route -output_drc /work/campaigns/iscas_sustainability_extension/memory_compiler/gate3_attempt09_sram22_residual_interface_drv_and_provenance_closure/raw/openroad/work/reports/sky130hd/attempt09_e0/seed11/5_route_drc.rpt -output_maze /work/campaigns/iscas_sustainability_extension/memory_compiler/gate3_attempt09_sram22_residual_interface_drv_and_provenance_closure/raw/openroad/work/results/sky130hd/attempt09_e0/seed11/maze.log -droute_end_iter 64 -verbose 1 -drc_report_iter_step 5
[INFO GRT-0012] Found 4 antenna violations.
[INFO DPL-0006] Core area: 615627.94 um^2
[INFO DPL-0007] Movable instances area: 7.51 um^2
[INFO DPL-0008] Fixed instances area within core: 276022.87 um^2
[INFO DPL-0009] Utilization: 44.8%
[INFO DPL-0005] Diamond search max displacement: +/- 500 sites horizontally, +/- 100 rows vertically.
[INFO DPL-1102] Legalizing using negotiation legalizer.
[INFO DPL-1103] Negotiation base search window: +/-20 sites horizontally, +/-5 rows vertically 
	Automatic search window extension enabled.
	Search window extendable up to the max displacement cap of +/-500 sites, +/-100 rows near walls.
[INFO DPL-1104] NegotiationLegalizer DRC penalty: 5.
[INFO DPL-0392] Negotiation cell height distribution (3 unique row-count(s)):
[INFO DPL-0393]   height 1 row(s): 5869 cells
[INFO DPL-0393]   height 83 row(s): 1 cells
[INFO DPL-0393]   height 108 row(s): 1 cells
          |      Total |  Illegal |  Illegal
Iteration | Violations |    Cells |    Sites
---------------------------------------------
        0 |          0 |         0 |         0
Negotiation phase 1 converged at iteration 0.
[INFO DPL-0500] Runtime: 0.04s
[INFO GRT-0015] Inserted 4 diodes.
[INFO DRT-0024]   Complete FR_MASTERSLICE.
[INFO DRT-0024]   Complete Fr_VIA.
[INFO DRT-0024]   Complete li1.
[INFO DRT-0024]   Complete mcon.
[INFO DRT-0024]   Complete met1.
[INFO DRT-0024]   Complete via.
[INFO DRT-0024]   Complete met2.
[INFO DRT-0024]   Complete via2.
[INFO DRT-0024]   Complete met3.
[INFO DRT-0024]   Complete via3.
[INFO DRT-0024]   Complete met4.
[INFO DRT-0024]   Complete via4.
[INFO DRT-0024]   Complete met5.
[INFO DRT-0165] Start pin access.
[INFO DRT-0078]   Complete 943 pins.
[INFO DRT-0079]   Complete 100 unique inst patterns.
[INFO DRT-0081]   Complete 102 unique inst patterns.
[INFO DRT-0084]   Complete 923 groups.
#scanned instances     = 5871
#unique  instances     = 104
#stdCellGenAp          = 3128
#stdCellValidPlanarAp  = 56
#stdCellValidViaAp     = 2229
#stdCellPinNoAp        = 0
#stdCellPinCnt         = 2896
#instTermValidViaApCnt = 0
#macroGenAp            = 553
#macroValidPlanarAp    = 452
#macroValidViaAp       = 0
#macroNoAp             = 0
[INFO DRT-0166] Complete pin access.
[INFO DRT-0267] cpu time = 00:01:05, elapsed time = 00:00:17, memory = 697.34 (MB), peak = 789.35 (MB)

[INFO DRT-0157] Number of guides:     8391

[INFO DRT-0169] Post process guides.
[INFO DRT-0176] GCELLGRID X 0 DO 144 STEP 6900 ;
[INFO DRT-0177] GCELLGRID Y 0 DO 94 STEP 6900 ;
[INFO DRT-0028]   Complete FR_MASTERSLICE.
[INFO DRT-0028]   Complete Fr_VIA.
[INFO DRT-0028]   Complete li1.
[INFO DRT-0028]   Complete mcon.
[INFO DRT-0028]   Complete met1.
[INFO DRT-0028]   Complete via.
[INFO DRT-0028]   Complete met2.
[INFO DRT-0028]   Complete via2.
[INFO DRT-0028]   Complete met3.
[INFO DRT-0028]   Complete via3.
[INFO DRT-0028]   Complete met4.
[INFO DRT-0028]   Complete via4.
[INFO DRT-0028]   Complete met5.
[INFO DRT-0178] Init guide query.
[INFO DRT-0035]   Complete FR_MASTERSLICE (guide).
[INFO DRT-0035]   Complete Fr_VIA (guide).
[INFO DRT-0035]   Complete li1 (guide).
[INFO DRT-0035]   Complete mcon (guide).
[INFO DRT-0035]   Complete met1 (guide).
[INFO DRT-0035]   Complete via (guide).
[INFO DRT-0035]   Complete met2 (guide).
[INFO DRT-0035]   Complete via2 (guide).
[INFO DRT-0035]   Complete met3 (guide).
[INFO DRT-0035]   Complete via3 (guide).
[INFO DRT-0035]   Complete met4 (guide).
[INFO DRT-0035]   Complete via4 (guide).
[INFO DRT-0035]   Complete met5 (guide).
[INFO DRT-0036] FR_MASTERSLICE guide region query size = 0.
[INFO DRT-0036] FR_VIA guide region query size = 0.
[INFO DRT-0036] li1 guide region query size = 2604.
[INFO DRT-0036] mcon guide region query size = 0.
[INFO DRT-0036] met1 guide region query size = 2457.
[INFO DRT-0036] via guide region query size = 0.
[INFO DRT-0036] met2 guide region query size = 1388.
[INFO DRT-0036] via2 guide region query size = 0.
[INFO DRT-0036] met3 guide region query size = 318.
[INFO DRT-0036] via3 guide region query size = 0.
[INFO DRT-0036] met4 guide region query size = 164.
[INFO DRT-0036] via4 guide region query size = 0.
[INFO DRT-0036] met5 guide region query size = 6.
[INFO DRT-0179] Init gr pin query.
[INFO DRT-0267] cpu time = 00:00:00, elapsed time = 00:00:00, memory = 697.34 (MB), peak = 789.35 (MB)
[INFO DRT-0245] skipped writing guide updates to database.
[INFO DRT-0181] Start track assignment.
[INFO DRT-0184] Done with 4156 vertical wires in 3 frboxes and 2781 horizontal wires in 2 frboxes.
[INFO DRT-0186] Done with 537 vertical wires in 3 frboxes and 716 horizontal wires in 2 frboxes.
[INFO DRT-0182] Complete track assignment.
[INFO DRT-0267] cpu time = 00:00:02, elapsed time = 00:00:00, memory = 697.34 (MB), peak = 789.35 (MB)
[INFO DRT-0187] Start routing data preparation.
[INFO DRT-0267] cpu time = 00:00:00, elapsed time = 00:00:00, memory = 697.34 (MB), peak = 789.35 (MB)
[INFO DRT-0194] Start detail routing.
[INFO DRT-0195] Start 0th optimization iteration.
    Completing 10% with 0 violations.
    elapsed time = 00:00:00, memory = 697.34 (MB).
    Completing 20% with 0 violations.
    elapsed time = 00:00:00, memory = 697.34 (MB).
    Completing 30% with 6 violations.
    elapsed time = 00:00:00, memory = 697.34 (MB).
    Completing 40% with 6 violations.
    elapsed time = 00:00:01, memory = 697.34 (MB).
    Completing 50% with 6 violations.
    elapsed time = 00:00:01, memory = 697.34 (MB).
    Completing 60% with 23 violations.
    elapsed time = 00:00:01, memory = 697.34 (MB).
    Completing 70% with 23 violations.
    elapsed time = 00:00:01, memory = 698.34 (MB).
    Completing 80% with 23 violations.
    elapsed time = 00:00:02, memory = 698.34 (MB).
    Completing 90% with 23 violations.
    elapsed time = 00:00:02, memory = 698.34 (MB).
    Completing 100% with 33 violations.
    elapsed time = 00:00:03, memory = 698.34 (MB).
[INFO DRT-0199]   Number of violations = 36.
Viol/Layer        met1
Metal Spacing        1
Recheck              3
Short               32
[INFO DRT-0267] cpu time = 00:00:10, elapsed time = 00:00:03, memory = 818.67 (MB), peak = 818.54 (MB)
Total wire length = 79938 um.
Total wire length on LAYER li1 = 0 um.
Total wire length on LAYER met1 = 22389 um.
Total wire length on LAYER met2 = 43542 um.
Total wire length on LAYER met3 = 6578 um.
Total wire length on LAYER met4 = 7346 um.
Total wire length on LAYER met5 = 81 um.
Total number of vias = 6794.
Up-via summary (total 6794):

-----------------------
 FR_MASTERSLICE       0
            li1    2945
           met1    3202
           met2     412
           met3     225
           met4      10
-----------------------
               6794


[INFO DRT-0195] Start 1st optimization iteration.
    Completing 10% with 36 violations.
    elapsed time = 00:00:00, memory = 818.67 (MB).
    Completing 20% with 36 violations.
    elapsed time = 00:00:00, memory = 818.67 (MB).
    Completing 30% with 29 violations.
    elapsed time = 00:00:00, memory = 818.67 (MB).
    Completing 40% with 29 violations.
    elapsed time = 00:00:00, memory = 818.67 (MB).
    Completing 50% with 29 violations.
    elapsed time = 00:00:01, memory = 818.67 (MB).
    Completing 60% with 29 violations.
    elapsed time = 00:00:01, memory = 818.67 (MB).
    Completing 70% with 29 violations.
    elapsed time = 00:00:01, memory = 818.67 (MB).
    Completing 80% with 28 violations.
    elapsed time = 00:00:02, memory = 818.67 (MB).
    Completing 90% with 28 violations.
    elapsed time = 00:00:02, memory = 818.67 (MB).
    Completing 100% with 28 violations.
    elapsed time = 00:00:02, memory = 818.67 (MB).
[INFO DRT-0199]   Number of violations = 28.
Viol/Layer        met1
Metal Spacing        2
Short               26
[INFO DRT-0267] cpu time = 00:00:09, elapsed time = 00:00:03, memory = 818.67 (MB), peak = 818.54 (MB)
Total wire length = 79930 um.
Total wire length on LAYER li1 = 0 um.
Total wire length on LAYER met1 = 22386 um.
Total wire length on LAYER met2 = 43538 um.
Total wire length on LAYER met3 = 6574 um.
Total wire length on LAYER met4 = 7348 um.
Total wire length on LAYER met5 = 81 um.
Total number of vias = 6782.
Up-via summary (total 6782):

-----------------------
 FR_MASTERSLICE       0
            li1    2946
           met1    3189
           met2     412
           met3     225
           met4      10
-----------------------
               6782


[INFO DRT-0195] Start 2nd optimization iteration.
    Completing 10% with 28 violations.
    elapsed time = 00:00:00, memory = 818.67 (MB).
    Completing 20% with 28 violations.
    elapsed time = 00:00:00, memory = 818.67 (MB).
    Completing 30% with 25 violations.
    elapsed time = 00:00:00, memory = 818.67 (MB).
    Completing 40% with 25 violations.
    elapsed time = 00:00:00, memory = 818.67 (MB).
    Completing 50% with 25 violations.
    elapsed time = 00:00:00, memory = 818.67 (MB).
    Completing 60% with 25 violations.
    elapsed time = 00:00:00, memory = 818.67 (MB).
    Completing 70% with 25 violations.
    elapsed time = 00:00:00, memory = 818.67 (MB).
    Completing 80% with 18 violations.
    elapsed time = 00:00:00, memory = 818.67 (MB).
    Completing 90% with 18 violations.
    elapsed time = 00:00:00, memory = 818.67 (MB).
    Completing 100% with 18 violations.
    elapsed time = 00:00:00, memory = 818.67 (MB).
[INFO DRT-0199]   Number of violations = 18.
Viol/Layer        met1
Metal Spacing        2
Short               16
[INFO DRT-0267] cpu time = 00:00:01, elapsed time = 00:00:01, memory = 695.46 (MB), peak = 818.54 (MB)
Total wire length = 79923 um.
Total wire length on LAYER li1 = 0 um.
Total wire length on LAYER met1 = 22383 um.
Total wire length on LAYER met2 = 43539 um.
Total wire length on LAYER met3 = 6574 um.
Total wire length on LAYER met4 = 7343 um.
Total wire length on LAYER met5 = 81 um.
Total number of vias = 6782.
Up-via summary (total 6782):

-----------------------
 FR_MASTERSLICE       0
            li1    2946
           met1    3189
           met2     412
           met3     225
           met4      10
-----------------------
               6782


[INFO DRT-0195] Start 3rd guides tiles iteration.
    Completing 30% with 18 violations.
    elapsed time = 00:00:01, memory = 695.46 (MB).
    Completing 60% with 0 violations.
    elapsed time = 00:00:01, memory = 695.46 (MB).
    Completing 100% with 0 violations.
    elapsed time = 00:00:01, memory = 695.46 (MB).
[INFO DRT-0199]   Number of violations = 0.
[INFO DRT-0267] cpu time = 00:00:02, elapsed time = 00:00:01, memory = 818.67 (MB), peak = 818.54 (MB)
Total wire length = 79914 um.
Total wire length on LAYER li1 = 0 um.
Total wire length on LAYER met1 = 21989 um.
Total wire length on LAYER met2 = 43527 um.
Total wire length on LAYER met3 = 6960 um.
Total wire length on LAYER met4 = 7355 um.
Total wire length on LAYER met5 = 81 um.
Total number of vias = 6787.
Up-via summary (total 6787):

-----------------------
 FR_MASTERSLICE       0
            li1    2947
           met1    3189
           met2     416
           met3     225
           met4      10
-----------------------
               6787


[INFO DRT-0198] Complete detail routing.
Total wire length = 79914 um.
Total wire length on LAYER li1 = 0 um.
Total wire length on LAYER met1 = 21989 um.
Total wire length on LAYER met2 = 43527 um.
Total wire length on LAYER met3 = 6960 um.
Total wire length on LAYER met4 = 7355 um.
Total wire length on LAYER met5 = 81 um.
Total number of vias = 6787.
Up-via summary (total 6787):

-----------------------
 FR_MASTERSLICE       0
            li1    2947
           met1    3189
           met2     416
           met3     225
           met4      10
-----------------------
               6787


[INFO DRT-0267] cpu time = 00:00:23, elapsed time = 00:00:09, memory = 818.67 (MB), peak = 818.54 (MB)

[INFO DRT-0180] Post processing.
[INFO DRT-0501] Runtime: 28.86s
[INFO ANT-0002] Found 1 net violations.
[INFO ANT-0001] Found 1 pin violations.
[INFO GRT-0012] Found 1 antenna violations.
[INFO DPL-0006] Core area: 615627.94 um^2
[INFO DPL-0007] Movable instances area: 2.50 um^2
[INFO DPL-0008] Fixed instances area within core: 276030.37 um^2
[INFO DPL-0009] Utilization: 44.8%
[INFO DPL-0005] Diamond search max displacement: +/- 500 sites horizontally, +/- 100 rows vertically.
[INFO DPL-1102] Legalizing using negotiation legalizer.
[INFO DPL-1103] Negotiation base search window: +/-20 sites horizontally, +/-5 rows vertically 
	Automatic search window extension enabled.
	Search window extendable up to the max displacement cap of +/-500 sites, +/-100 rows near walls.
[INFO DPL-1104] NegotiationLegalizer DRC penalty: 5.
[INFO DPL-0392] Negotiation cell height distribution (3 unique row-count(s)):
[INFO DPL-0393]   height 1 row(s): 5870 cells
[INFO DPL-0393]   height 83 row(s): 1 cells
[INFO DPL-0393]   height 108 row(s): 1 cells
[INFO DPL-0500] Runtime: 0.04s
[INFO GRT-0015] Inserted 1 diodes.
[INFO DRT-0024]   Complete FR_MASTERSLICE.
[INFO DRT-0024]   Complete Fr_VIA.
[INFO DRT-0024]   Complete li1.
[INFO DRT-0024]   Complete mcon.
[INFO DRT-0024]   Complete met1.
[INFO DRT-0024]   Complete via.
[INFO DRT-0024]   Complete met2.
[INFO DRT-0024]   Complete via2.
[INFO DRT-0024]   Complete met3.
[INFO DRT-0024]   Complete via3.
[INFO DRT-0024]   Complete met4.
[INFO DRT-0024]   Complete via4.
[INFO DRT-0024]   Complete met5.
[INFO DRT-0165] Start pin access.
[INFO DRT-0078]   Complete 943 pins.
[INFO DRT-0079]   Complete 100 unique inst patterns.
[INFO DRT-0081]   Complete 102 unique inst patterns.
[INFO DRT-0084]   Complete 924 groups.
#scanned instances     = 5872
#unique  instances     = 104
#stdCellGenAp          = 3128
#stdCellValidPlanarAp  = 56
#stdCellValidViaAp     = 2229
#stdCellPinNoAp        = 0
#stdCellPinCnt         = 2896
#instTermValidViaApCnt = 0
#macroGenAp            = 553
#macroValidPlanarAp    = 452
#macroValidViaAp       = 0
#macroNoAp             = 0
[INFO DRT-0166] Complete pin access.
[INFO DRT-0267] cpu time = 00:01:05, elapsed time = 00:00:17, memory = 818.69 (MB), peak = 818.54 (MB)

[INFO DRT-0157] Number of guides:     8388

[INFO DRT-0169] Post process guides.
[INFO DRT-0176] GCELLGRID X 0 DO 144 STEP 6900 ;
[INFO DRT-0177] GCELLGRID Y 0 DO 94 STEP 6900 ;
[INFO DRT-0028]   Complete FR_MASTERSLICE.
[INFO DRT-0028]   Complete Fr_VIA.
[INFO DRT-0028]   Complete li1.
[INFO DRT-0028]   Complete mcon.
[INFO DRT-0028]   Complete met1.
[INFO DRT-0028]   Complete via.
[INFO DRT-0028]   Complete met2.
[INFO DRT-0028]   Complete via2.
[INFO DRT-0028]   Complete met3.
[INFO DRT-0028]   Complete via3.
[INFO DRT-0028]   Complete met4.
[INFO DRT-0028]   Complete via4.
[INFO DRT-0028]   Complete met5.
[INFO DRT-0178] Init guide query.
[INFO DRT-0035]   Complete FR_MASTERSLICE (guide).
[INFO DRT-0035]   Complete Fr_VIA (guide).
[INFO DRT-0035]   Complete li1 (guide).
[INFO DRT-0035]   Complete mcon (guide).
[INFO DRT-0035]   Complete met1 (guide).
[INFO DRT-0035]   Complete via (guide).
[INFO DRT-0035]   Complete met2 (guide).
[INFO DRT-0035]   Complete via2 (guide).
[INFO DRT-0035]   Complete met3 (guide).
[INFO DRT-0035]   Complete via3 (guide).
[INFO DRT-0035]   Complete met4 (guide).
[INFO DRT-0035]   Complete via4 (guide).
[INFO DRT-0035]   Complete met5 (guide).
[INFO DRT-0036] FR_MASTERSLICE guide region query size = 0.
[INFO DRT-0036] FR_VIA guide region query size = 0.
[INFO DRT-0036] li1 guide region query size = 2605.
[INFO DRT-0036] mcon guide region query size = 0.
[INFO DRT-0036] met1 guide region query size = 2458.
[INFO DRT-0036] via guide region query size = 0.
[INFO DRT-0036] met2 guide region query size = 1386.
[INFO DRT-0036] via2 guide region query size = 0.
[INFO DRT-0036] met3 guide region query size = 316.
[INFO DRT-0036] via3 guide region query size = 0.
[INFO DRT-0036] met4 guide region query size = 163.
[INFO DRT-0036] via4 guide region query size = 0.
[INFO DRT-0036] met5 guide region query size = 6.
[INFO DRT-0179] Init gr pin query.
[INFO DRT-0267] cpu time = 00:00:00, elapsed time = 00:00:00, memory = 818.69 (MB), peak = 818.54 (MB)
[INFO DRT-0245] skipped writing guide updates to database.
[INFO DRT-0181] Start track assignment.
[INFO DRT-0184] Done with 4154 vertical wires in 3 frboxes and 2780 horizontal wires in 2 frboxes.
[INFO DRT-0186] Done with 533 vertical wires in 3 frboxes and 729 horizontal wires in 2 frboxes.
[INFO DRT-0182] Complete track assignment.
[INFO DRT-0267] cpu time = 00:00:02, elapsed time = 00:00:00, memory = 818.69 (MB), peak = 818.54 (MB)
[INFO DRT-0187] Start routing data preparation.
[INFO DRT-0267] cpu time = 00:00:00, elapsed time = 00:00:00, memory = 818.69 (MB), peak = 818.54 (MB)
[INFO DRT-0194] Start detail routing.
[INFO DRT-0195] Start 0th optimization iteration.
    Completing 10% with 0 violations.
    elapsed time = 00:00:00, memory = 818.69 (MB).
    Completing 20% with 0 violations.
    elapsed time = 00:00:00, memory = 821.21 (MB).
    Completing 30% with 0 violations.
    elapsed time = 00:00:00, memory = 821.21 (MB).
    Completing 40% with 0 violations.
    elapsed time = 00:00:01, memory = 821.21 (MB).
    Completing 50% with 0 violations.
    elapsed time = 00:00:01, memory = 821.21 (MB).
    Completing 60% with 3 violations.
    elapsed time = 00:00:01, memory = 821.21 (MB).
    Completing 70% with 3 violations.
    elapsed time = 00:00:02, memory = 821.21 (MB).
    Completing 80% with 3 violations.
    elapsed time = 00:00:02, memory = 821.21 (MB).
    Completing 90% with 3 violations.
    elapsed time = 00:00:02, memory = 821.21 (MB).
    Completing 100% with 3 violations.
    elapsed time = 00:00:03, memory = 821.21 (MB).
[INFO DRT-0199]   Number of violations = 5.
Viol/Layer        met1
Recheck              2
Short                3
[INFO DRT-0267] cpu time = 00:00:09, elapsed time = 00:00:03, memory = 824.21 (MB), peak = 823.99 (MB)
Total wire length = 79913 um.
Total wire length on LAYER li1 = 0 um.
Total wire length on LAYER met1 = 22113 um.
Total wire length on LAYER met2 = 43578 um.
Total wire length on LAYER met3 = 6835 um.
Total wire length on LAYER met4 = 7304 um.
Total wire length on LAYER met5 = 81 um.
Total number of vias = 6791.
Up-via summary (total 6791):

-----------------------
 FR_MASTERSLICE       0
            li1    2949
           met1    3191
           met2     416
           met3     225
           met4      10
-----------------------
               6791


[INFO DRT-0195] Start 1st optimization iteration.
    Completing 10% with 5 violations.
    elapsed time = 00:00:00, memory = 824.21 (MB).
    Completing 20% with 5 violations.
    elapsed time = 00:00:00, memory = 824.21 (MB).
    Completing 30% with 3 violations.
    elapsed time = 00:00:00, memory = 824.21 (MB).
    Completing 40% with 3 violations.
    elapsed time = 00:00:00, memory = 824.21 (MB).
    Completing 50% with 3 violations.
    elapsed time = 00:00:01, memory = 824.21 (MB).
    Completing 60% with 3 violations.
    elapsed time = 00:00:01, memory = 824.21 (MB).
    Completing 70% with 3 violations.
    elapsed time = 00:00:01, memory = 824.21 (MB).
    Completing 80% with 1 violations.
    elapsed time = 00:00:01, memory = 824.21 (MB).
    Completing 90% with 1 violations.
    elapsed time = 00:00:02, memory = 824.21 (MB).
    Completing 100% with 1 violations.
    elapsed time = 00:00:02, memory = 824.21 (MB).
[INFO DRT-0199]   Number of violations = 1.
Viol/Layer        met1
Short                1
[INFO DRT-0267] cpu time = 00:00:08, elapsed time = 00:00:02, memory = 824.21 (MB), peak = 823.99 (MB)
Total wire length = 79913 um.
Total wire length on LAYER li1 = 0 um.
Total wire length on LAYER met1 = 22113 um.
Total wire length on LAYER met2 = 43577 um.
Total wire length on LAYER met3 = 6835 um.
Total wire length on LAYER met4 = 7304 um.
Total wire length on LAYER met5 = 81 um.
Total number of vias = 6791.
Up-via summary (total 6791):

-----------------------
 FR_MASTERSLICE       0
            li1    2949
           met1    3191
           met2     416
           met3     225
           met4      10
-----------------------
               6791


[INFO DRT-0195] Start 2nd optimization iteration.
    Completing 10% with 1 violations.
    elapsed time = 00:00:00, memory = 824.21 (MB).
    Completing 20% with 1 violations.
    elapsed time = 00:00:00, memory = 824.21 (MB).
    Completing 30% with 1 violations.
    elapsed time = 00:00:00, memory = 824.21 (MB).
    Completing 40% with 1 violations.
    elapsed time = 00:00:00, memory = 824.21 (MB).
    Completing 50% with 1 violations.
    elapsed time = 00:00:00, memory = 824.21 (MB).
    Completing 60% with 1 violations.
    elapsed time = 00:00:00, memory = 824.21 (MB).
    Completing 70% with 1 violations.
    elapsed time = 00:00:00, memory = 824.21 (MB).
    Completing 80% with 1 violations.
    elapsed time = 00:00:00, memory = 824.21 (MB).
    Completing 90% with 1 violations.
    elapsed time = 00:00:00, memory = 824.21 (MB).
    Completing 100% with 1 violations.
    elapsed time = 00:00:00, memory = 824.21 (MB).
[INFO DRT-0199]   Number of violations = 1.
Viol/Layer        met1
Short                1
[INFO DRT-0267] cpu time = 00:00:00, elapsed time = 00:00:00, memory = 824.21 (MB), peak = 823.99 (MB)
Total wire length = 79913 um.
Total wire length on LAYER li1 = 0 um.
Total wire length on LAYER met1 = 22113 um.
Total wire length on LAYER met2 = 43578 um.
Total wire length on LAYER met3 = 6835 um.
Total wire length on LAYER met4 = 7304 um.
Total wire length on LAYER met5 = 81 um.
Total number of vias = 6791.
Up-via summary (total 6791):

-----------------------
 FR_MASTERSLICE       0
            li1    2949
           met1    3191
           met2     416
           met3     225
           met4      10
-----------------------
               6791


[INFO DRT-0195] Start 3rd guides tiles iteration.
    Completing 50% with 1 violations.
    elapsed time = 00:00:00, memory = 824.21 (MB).
    Completing 100% with 0 violations.
    elapsed time = 00:00:00, memory = 824.21 (MB).
[INFO DRT-0199]   Number of violations = 0.
[INFO DRT-0267] cpu time = 00:00:00, elapsed time = 00:00:00, memory = 824.21 (MB), peak = 823.99 (MB)
Total wire length = 79915 um.
Total wire length on LAYER li1 = 0 um.
Total wire length on LAYER met1 = 22112 um.
Total wire length on LAYER met2 = 43580 um.
Total wire length on LAYER met3 = 6835 um.
Total wire length on LAYER met4 = 7304 um.
Total wire length on LAYER met5 = 81 um.
Total number of vias = 6793.
Up-via summary (total 6793):

-----------------------
 FR_MASTERSLICE       0
            li1    2949
           met1    3193
           met2     416
           met3     225
           met4      10
-----------------------
               6793


[INFO DRT-0198] Complete detail routing.
Total wire length = 79915 um.
Total wire length on LAYER li1 = 0 um.
Total wire length on LAYER met1 = 22112 um.
Total wire length on LAYER met2 = 43580 um.
Total wire length on LAYER met3 = 6835 um.
Total wire length on LAYER met4 = 7304 um.
Total wire length on LAYER met5 = 81 um.
Total number of vias = 6793.
Up-via summary (total 6793):

-----------------------
 FR_MASTERSLICE       0
            li1    2949
           met1    3193
           met2     416
           met3     225
           met4      10
-----------------------
               6793


[INFO DRT-0267] cpu time = 00:00:19, elapsed time = 00:00:06, memory = 824.21 (MB), peak = 823.99 (MB)

[INFO DRT-0180] Post processing.
[INFO DRT-0501] Runtime: 25.80s
[INFO ANT-0002] Found 0 net violations.
[INFO ANT-0001] Found 0 pin violations.
[INFO ANT-0002] Found 0 net violations.
[INFO ANT-0001] Found 0 pin violations.
Design area 276033 um^2 45% utilization.
write_db /work/campaigns/iscas_sustainability_extension/memory_compiler/gate3_attempt09_sram22_residual_interface_drv_and_provenance_closure/raw/openroad/work/results/sky130hd/attempt09_e0/seed11/5_2_route.odb
Elapsed time: 2:29.62[h:]min:sec. CPU time: user 369.40 sys 2.57 (248%). Peak memory: 848108KB.
Log                       Ext     Elapsed/s Peak Memory/MB sha1sum result [0:20)
5_2_route                 .odb          149            828 240066460e0338d45297
/OpenROAD-flow-scripts/flow/scripts/flow.sh 5_3_fillcell fillcell
Running fillcell.tcl, stage 5_3_fillcell
read_liberty /OpenROAD-flow-scripts/flow/platforms/sky130hd/lib/sky130_fd_sc_hd__tt_025C_1v80.lib
read_liberty /work/campaigns/iscas_sustainability_extension/memory_compiler/gate3_attempt09_sram22_residual_interface_drv_and_provenance_closure/source_checkout/sram22_256x64m4w8/sram22_256x64m4w8_tt_025C_1v80.lib
read_liberty /work/campaigns/iscas_sustainability_extension/memory_compiler/gate3_attempt09_sram22_residual_interface_drv_and_provenance_closure/source_checkout/sram22_256x8m8w1/sram22_256x8m8w1_tt_025C_1v80.lib
read_db /work/campaigns/iscas_sustainability_extension/memory_compiler/gate3_attempt09_sram22_residual_interface_drv_and_provenance_closure/raw/openroad/work/results/sky130hd/attempt09_e0/seed11/5_2_route.odb
read_sdc /work/campaigns/iscas_sustainability_extension/memory_compiler/gate3_attempt09_sram22_residual_interface_drv_and_provenance_closure/raw/openroad/work/results/sky130hd/attempt09_e0/seed11/5_1_grt.sdc
source /OpenROAD-flow-scripts/flow/platforms/sky130hd/setRC.tcl
filler_placement "sky130_fd_sc_hd__fill_1 sky130_fd_sc_hd__fill_2 sky130_fd_sc_hd__fill_4 sky130_fd_sc_hd__fill_8"
[INFO DPL-0001] Placed 41381 filler instances.
Design area 276033 um^2 45% utilization.
write_db /work/campaigns/iscas_sustainability_extension/memory_compiler/gate3_attempt09_sram22_residual_interface_drv_and_provenance_closure/raw/openroad/work/results/sky130hd/attempt09_e0/seed11/5_3_fillcell.odb
Elapsed time: 0:04.09[h:]min:sec. CPU time: user 1.18 sys 0.55 (42%). Peak memory: 197836KB.
Log                       Ext     Elapsed/s Peak Memory/MB sha1sum result [0:20)
5_3_fillcell              .odb            4            193 21d7d812457780733789
cp /work/campaigns/iscas_sustainability_extension/memory_compiler/gate3_attempt09_sram22_residual_interface_drv_and_provenance_closure/raw/openroad/work/results/sky130hd/attempt09_e0/seed11/5_3_fillcell.odb /work/campaigns/iscas_sustainability_extension/memory_compiler/gate3_attempt09_sram22_residual_interface_drv_and_provenance_closure/raw/openroad/work/results/sky130hd/attempt09_e0/seed11/5_route.odb
cp /work/campaigns/iscas_sustainability_extension/memory_compiler/gate3_attempt09_sram22_residual_interface_drv_and_provenance_closure/raw/openroad/work/results/sky130hd/attempt09_e0/seed11/5_1_grt.sdc /work/campaigns/iscas_sustainability_extension/memory_compiler/gate3_attempt09_sram22_residual_interface_drv_and_provenance_closure/raw/openroad/work/results/sky130hd/attempt09_e0/seed11/5_route.sdc
/OpenROAD-flow-scripts/flow/scripts/flow.sh 6_1_fill density_fill
Running density_fill.tcl, stage 6_1_fill
read_liberty /OpenROAD-flow-scripts/flow/platforms/sky130hd/lib/sky130_fd_sc_hd__tt_025C_1v80.lib
read_liberty /work/campaigns/iscas_sustainability_extension/memory_compiler/gate3_attempt09_sram22_residual_interface_drv_and_provenance_closure/source_checkout/sram22_256x64m4w8/sram22_256x64m4w8_tt_025C_1v80.lib
read_liberty /work/campaigns/iscas_sustainability_extension/memory_compiler/gate3_attempt09_sram22_residual_interface_drv_and_provenance_closure/source_checkout/sram22_256x8m8w1/sram22_256x8m8w1_tt_025C_1v80.lib
read_db /work/campaigns/iscas_sustainability_extension/memory_compiler/gate3_attempt09_sram22_residual_interface_drv_and_provenance_closure/raw/openroad/work/results/sky130hd/attempt09_e0/seed11/5_route.odb
read_sdc /work/campaigns/iscas_sustainability_extension/memory_compiler/gate3_attempt09_sram22_residual_interface_drv_and_provenance_closure/raw/openroad/work/results/sky130hd/attempt09_e0/seed11/5_route.sdc
source /OpenROAD-flow-scripts/flow/platforms/sky130hd/setRC.tcl
exec cp /work/campaigns/iscas_sustainability_extension/memory_compiler/gate3_attempt09_sram22_residual_interface_drv_and_provenance_closure/raw/openroad/work/results/sky130hd/attempt09_e0/seed11/5_route.odb /work/campaigns/iscas_sustainability_extension/memory_compiler/gate3_attempt09_sram22_residual_interface_drv_and_provenance_closure/raw/openroad/work/results/sky130hd/attempt09_e0/seed11/6_1_fill.odb
Elapsed time: 0:02.69[h:]min:sec. CPU time: user 0.90 sys 0.42 (49%). Peak memory: 160180KB.
Log                       Ext     Elapsed/s Peak Memory/MB sha1sum result [0:20)
6_1_fill                  .odb            2            156 21d7d812457780733789
cp /work/campaigns/iscas_sustainability_extension/memory_compiler/gate3_attempt09_sram22_residual_interface_drv_and_provenance_closure/raw/openroad/work/results/sky130hd/attempt09_e0/seed11/5_route.sdc /work/campaigns/iscas_sustainability_extension/memory_compiler/gate3_attempt09_sram22_residual_interface_drv_and_provenance_closure/raw/openroad/work/results/sky130hd/attempt09_e0/seed11/6_1_fill.sdc
/OpenROAD-flow-scripts/flow/scripts/flow.sh 6_report final_report
Running final_report.tcl, stage 6_report
read_liberty /OpenROAD-flow-scripts/flow/platforms/sky130hd/lib/sky130_fd_sc_hd__tt_025C_1v80.lib
read_liberty /work/campaigns/iscas_sustainability_extension/memory_compiler/gate3_attempt09_sram22_residual_interface_drv_and_provenance_closure/source_checkout/sram22_256x64m4w8/sram22_256x64m4w8_tt_025C_1v80.lib
read_liberty /work/campaigns/iscas_sustainability_extension/memory_compiler/gate3_attempt09_sram22_residual_interface_drv_and_provenance_closure/source_checkout/sram22_256x8m8w1/sram22_256x8m8w1_tt_025C_1v80.lib
read_db /work/campaigns/iscas_sustainability_extension/memory_compiler/gate3_attempt09_sram22_residual_interface_drv_and_provenance_closure/raw/openroad/work/results/sky130hd/attempt09_e0/seed11/6_1_fill.odb
read_sdc /work/campaigns/iscas_sustainability_extension/memory_compiler/gate3_attempt09_sram22_residual_interface_drv_and_provenance_closure/raw/openroad/work/results/sky130hd/attempt09_e0/seed11/6_1_fill.sdc
source /OpenROAD-flow-scripts/flow/platforms/sky130hd/setRC.tcl
write_db /work/campaigns/iscas_sustainability_extension/memory_compiler/gate3_attempt09_sram22_residual_interface_drv_and_provenance_closure/raw/openroad/work/results/sky130hd/attempt09_e0/seed11/6_final.odb
write_sdc -no_timestamp /work/campaigns/iscas_sustainability_extension/memory_compiler/gate3_attempt09_sram22_residual_interface_drv_and_provenance_closure/raw/openroad/work/results/sky130hd/attempt09_e0/seed11/6_final.sdc
Deleted 0 routing obstructions
Warning: master sky130_ef_sc_hd__decap_12 has signal pins but no liberty cell
[INFO RCX-0431] Defined process_corner X with ext_model_index 0
[INFO RCX-0029] Defined extraction corner X
[WARNING RCX-0514] The ext_model_file option is deprecated. Use set_extraction_rules_file command instead.
[INFO RCX-0435] Reading extraction model file /OpenROAD-flow-scripts/flow/platforms/sky130hd/rcx_patterns.rules ...
[INFO RCX-0436] RC segment generation e0_sram22_top (max_merge_res 50.0) ...
[INFO RCX-0040] Final 3695 rc segments
[INFO RCX-0439] Coupling Cap extraction e0_sram22_top ...
[INFO RCX-0440] Coupling threshhold is 0.1000 fF, coupling capacitance less than 0.1000 fF will be grounded.
[INFO RCX-0442] 83% of 21843 wires extracted
[INFO RCX-0442] 100% of 21843 wires extracted
[INFO RCX-0045] Extract 1250 nets, 4945 rsegs, 4945 caps, 7073 ccs
[INFO RCX-0443] 1250 nets finished
[INFO PSM-0040] All shapes on net VDD are connected.
########## IR report #################
Net              : VDD
Corner           : default
Total power      : 2.07e-03 W
Supply voltage   : 1.80e+00 V
Worstcase voltage: 1.80e+00 V
Average voltage  : 1.80e+00 V
Average IR drop  : 5.38e-07 V
Worstcase IR drop: 1.66e-04 V
Percentage drop  : 0.01 %
######################################
[INFO PSM-0040] All shapes on net VSS are connected.
########## IR report #################
Net              : VSS
Corner           : default
Total power      : 2.07e-03 W
Supply voltage   : 0.00e+00 V
Worstcase voltage: 2.37e-04 V
Average voltage  : 6.45e-07 V
Average IR drop  : 6.45e-07 V
Worstcase IR drop: 2.37e-04 V
Percentage drop  : 0.01 %
######################################
Cell type report:                       Count       Area
  Macro                                     2  260331.57
  Fill cell                             41381  330524.50
  Tap cell                               4738    5928.19
  Antenna cell                             29      72.57
  Clock buffer                              3      75.07
  Timing Repair Buffer                    563    4131.46
  Inverter                                  6     160.15
  Clock inverter                            1      30.03
  Multi-Input combinational cell          530    5303.84
  Total                                 47253  606557.37
Report metrics stage 6, finish...

==========================================================================
finish report_design_area
--------------------------------------------------------------------------
Design area 276033 um^2 45% utilization.
[WARNING GUI-0076] QStandardPaths: XDG_RUNTIME_DIR not set, defaulting to '/tmp/runtime-root'
Elapsed time: 0:18.66[h:]min:sec. CPU time: user 9.96 sys 1.37 (60%). Peak memory: 348680KB.
Log                       Ext     Elapsed/s Peak Memory/MB sha1sum result [0:20)
6_report                                 18            340                  N/A
cp /OpenROAD-flow-scripts/flow/platforms/sky130hd/lef/sky130_fd_sc_hd.tlef /work/campaigns/iscas_sustainability_extension/memory_compiler/gate3_attempt09_sram22_residual_interface_drv_and_provenance_closure/raw/openroad/work/objects/sky130hd/attempt09_e0/seed11/klayout_tech.lef
/usr/bin/python3 /OpenROAD-flow-scripts/flow/util/generate_klayout_tech.py \
	--template /OpenROAD-flow-scripts/flow/platforms/sky130hd/sky130hd.lyt \
	--output /work/campaigns/iscas_sustainability_extension/memory_compiler/gate3_attempt09_sram22_residual_interface_drv_and_provenance_closure/raw/openroad/work/objects/sky130hd/attempt09_e0/seed11/klayout.lyt \
	--lef-files /work/campaigns/iscas_sustainability_extension/memory_compiler/gate3_attempt09_sram22_residual_interface_drv_and_provenance_closure/raw/openroad/work/objects/sky130hd/attempt09_e0/seed11/klayout_tech.lef /OpenROAD-flow-scripts/flow/platforms/sky130hd/lef/sky130_fd_sc_hd_merged.lef /work/campaigns/iscas_sustainability_extension/memory_compiler/gate3_attempt09_sram22_residual_interface_drv_and_provenance_closure/source_checkout/sram22_256x64m4w8/sram22_256x64m4w8.lef /work/campaigns/iscas_sustainability_extension/memory_compiler/gate3_attempt09_sram22_residual_interface_drv_and_provenance_closure/source_checkout/sram22_256x8m8w1/sram22_256x8m8w1.lef   \
	--map-files 
/usr/bin/python3 /OpenROAD-flow-scripts/flow/scripts/run_command.py --log /work/campaigns/iscas_sustainability_extension/memory_compiler/gate3_attempt09_sram22_residual_interface_drv_and_provenance_closure/raw/openroad/work/logs/sky130hd/attempt09_e0/seed11/6_1_merge.log --tee -- \
        /OpenROAD-flow-scripts/flow/scripts/klayout.sh -zz -rd design_name=e0_sram22_top \
        -rd in_def=/work/campaigns/iscas_sustainability_extension/memory_compiler/gate3_attempt09_sram22_residual_interface_drv_and_provenance_closure/raw/openroad/work/results/sky130hd/attempt09_e0/seed11/6_final.def \
        -rd in_files="/OpenROAD-flow-scripts/flow/platforms/sky130hd/gds/sky130_fd_sc_hd.gds /work/campaigns/iscas_sustainability_extension/memory_compiler/gate3_attempt09_sram22_residual_interface_drv_and_provenance_closure/raw/derived_gds/sram22_256x64m4w8.gds /work/campaigns/iscas_sustainability_extension/memory_compiler/gate3_attempt09_sram22_residual_interface_drv_and_provenance_closure/raw/derived_gds/sram22_256x8m8w1.gds " \
        -rd seal_file="" \
        -rd out_file=/work/campaigns/iscas_sustainability_extension/memory_compiler/gate3_attempt09_sram22_residual_interface_drv_and_provenance_closure/raw/openroad/work/results/sky130hd/attempt09_e0/seed11/6_1_merged.gds \
        -rd tech_file=/work/campaigns/iscas_sustainability_extension/memory_compiler/gate3_attempt09_sram22_residual_interface_drv_and_provenance_closure/raw/openroad/work/objects/sky130hd/attempt09_e0/seed11/klayout.lyt \
        -rd layer_map= \
        -r /OpenROAD-flow-scripts/flow/util/def2stream.py
KLayout 0.30.7
[INFO] Reporting cells prior to loading DEF ...
	/OpenROAD-flow-scripts/flow/platforms/sky130hd/gds/sky130_fd_sc_hd.gds
	/work/campaigns/iscas_sustainability_extension/memory_compiler/gate3_attempt09_sram22_residual_interface_drv_and_provenance_closure/raw/derived_gds/sram22_256x64m4w8.gds
	/work/campaigns/iscas_sustainability_extension/memory_compiler/gate3_attempt09_sram22_residual_interface_drv_and_provenance_closure/raw/derived_gds/sram22_256x8m8w1.gds
[INFO] All LEF cells have matching GDS/OAS cells
[INFO] No orphan cells in the final layout
Elapsed time: 0:11.83[h:]min:sec. CPU time: user 5.83 sys 1.75 (64%). Peak memory: 639308KB.
cp /work/campaigns/iscas_sustainability_extension/memory_compiler/gate3_attempt09_sram22_residual_interface_drv_and_provenance_closure/raw/openroad/work/results/sky130hd/attempt09_e0/seed11/6_1_merged.gds /work/campaigns/iscas_sustainability_extension/memory_compiler/gate3_attempt09_sram22_residual_interface_drv_and_provenance_closure/raw/openroad/work/results/sky130hd/attempt09_e0/seed11/6_final.gds
/work/campaigns/iscas_sustainability_extension/memory_compiler/gate3_attempt09_sram22_residual_interface_drv_and_provenance_closure/raw/openroad/work/logs/sky130hd/attempt09_e0/seed11
Log                       Ext     Elapsed/s Peak Memory/MB sha1sum result [0:20)
1_1_yosys_canonicalize    .rtlil          0             59 0b4f2f27ab5367f95082
1_2_yosys                 .v              5             63 fd1b4d5b169df19a7cba
1_2_yosys                 .sdc                             0d6c1bb7f20e76805001
1_synth                   .odb            1            124 951a4432527ca39dfdd7
1_synth                   .sdc                             449fc72f0abfd7eed5f3
2_1_floorplan             .odb            2            143 4ecf1648a0ba0c8654dc
2_1_floorplan             .sdc                             449fc72f0abfd7eed5f3
2_2_floorplan_macro       .odb            1            122 fec7164d497ac654f5d7
2_3_floorplan_tapcell     .odb            1            123 5795ef29b77c8ae8c888
2_4_floorplan_pdn         .odb            2            143 b49f33d493c2578b8f4f
3_1_place_gp_skip_io      .odb            3            134 730ef1d7532e23e47555
3_2_place_iop             .odb            1            131 d130c4fe30d42aea8cc9
3_3_place_gp              .odb            6            282 ab0b6412e121fcfc3b92
3_5_place_dp              .odb            6            163 b541f1976ae2faa735df
4_1_cts                   .odb           11            179 277f4df0e7dd3549de79
5_1_grt                   .odb           24            337 7957e648398e1026f081
5_1_grt                   .sdc                             3cad56baab78945476a2
5_2_route                 .odb          149            828 240066460e0338d45297
5_3_fillcell              .odb            4            193 21d7d812457780733789
6_1_fill                  .odb            2            156 21d7d812457780733789
6_1_fill                  .sdc                             3cad56baab78945476a2
6_1_merge                                11            624                  N/A
6_report                                 18            340                  N/A
Total                                   247            828                     
