$ "D:\Compiler Cpp\ucrt64\bin\yosys.EXE" -p "read_verilog -sv scripts/gate03r/rtl/secded_characterization_tops.sv; hierarchy -check -top gate03r_secded_baseline_decoder; proc; flatten; opt; synth -top gate03r_secded_baseline_decoder -flatten; check; write_json docs/date2027/rigour_gate_03r/baseline/generic_synthesis/gate03r_secded_baseline_decoder.json; write_verilog -noattr docs/date2027/rigour_gate_03r/baseline/generic_synthesis/gate03r_secded_baseline_decoder.v"

 /----------------------------------------------------------------------------\
 |                                                                            |
 |  yosys -- Yosys Open SYnthesis Suite                                       |
 |                                                                            |
 |  Copyright (C) 2012 - 2020  Claire Xenia Wolf <claire@yosyshq.com>         |
 |                                                                            |
 |  Permission to use, copy, modify, and/or distribute this software for any  |
 |  purpose with or without fee is hereby granted, provided that the above    |
 |  copyright notice and this permission notice appear in all copies.         |
 |                                                                            |
 |  THE SOFTWARE IS PROVIDED "AS IS" AND THE AUTHOR DISCLAIMS ALL WARRANTIES  |
 |  WITH REGARD TO THIS SOFTWARE INCLUDING ALL IMPLIED WARRANTIES OF          |
 |  MERCHANTABILITY AND FITNESS. IN NO EVENT SHALL THE AUTHOR BE LIABLE FOR   |
 |  ANY SPECIAL, DIRECT, INDIRECT, OR CONSEQUENTIAL DAMAGES OR ANY DAMAGES    |
 |  WHATSOEVER RESULTING FROM LOSS OF USE, DATA OR PROFITS, WHETHER IN AN     |
 |  ACTION OF CONTRACT, NEGLIGENCE OR OTHER TORTIOUS ACTION, ARISING OUT OF   |
 |  OR IN CONNECTION WITH THE USE OR PERFORMANCE OF THIS SOFTWARE.            |
 |                                                                            |
 \----------------------------------------------------------------------------/

 Yosys 0.30+48 (git sha1 b5b0b7e83, x86_64-w64-mingw32-g++ 13.1.0 -march=nocona -msahf -mtune=generic -O2 -Os)


-- Running command `read_verilog -sv scripts/gate03r/rtl/secded_characterization_tops.sv; hierarchy -check -top gate03r_secded_baseline_decoder; proc; flatten; opt; synth -top gate03r_secded_baseline_decoder -flatten; check; write_json docs/date2027/rigour_gate_03r/baseline/generic_synthesis/gate03r_secded_baseline_decoder.json; write_verilog -noattr docs/date2027/rigour_gate_03r/baseline/generic_synthesis/gate03r_secded_baseline_decoder.v' --

1. Executing Verilog-2005 frontend: scripts/gate03r/rtl/secded_characterization_tops.sv
Parsing SystemVerilog input from `scripts/gate03r/rtl/secded_characterization_tops.sv' to AST representation.
Generating RTLIL representation for module `\gate03r_secded_baseline_encoder'.
Note: Assuming pure combinatorial block at scripts/gate03r/rtl/secded_characterization_tops.sv:13.3-26.6 in
compliance with IEC 62142(E):2005 / IEEE Std. 1364.1(E):2002. Recommending
use of @* instead of @(...) for better match of synthesis and simulation.
Generating RTLIL representation for module `\gate03r_secded_baseline_decoder'.
Note: Assuming pure combinatorial block at scripts/gate03r/rtl/secded_characterization_tops.sv:45.3-68.6 in
compliance with IEC 62142(E):2005 / IEEE Std. 1364.1(E):2002. Recommending
use of @* instead of @(...) for better match of synthesis and simulation.
Generating RTLIL representation for module `\gate03r_secded_baseline_combined'.
Generating RTLIL representation for module `\gate03r_secded_pipelined_combined'.
Generating RTLIL representation for module `\gate03r_bch_combined'.
Successfully finished Verilog frontend.

2. Executing HIERARCHY pass (managing design hierarchy).

2.1. Analyzing design hierarchy..
Top module:  \gate03r_secded_baseline_decoder

2.2. Analyzing design hierarchy..
Top module:  \gate03r_secded_baseline_decoder
Removing unused module `\gate03r_bch_combined'.
Removing unused module `\gate03r_secded_pipelined_combined'.
Removing unused module `\gate03r_secded_baseline_combined'.
Removing unused module `\gate03r_secded_baseline_encoder'.
Removed 4 unused modules.

3. Executing PROC pass (convert processes to netlists).

3.1. Executing PROC_CLEAN pass (remove empty switches from decision trees).
Found and cleaned up 504 empty switches in `\gate03r_secded_baseline_decoder.$proc$scripts/gate03r/rtl/secded_characterization_tops.sv:45$686'.
Cleaned up 504 empty switches.

3.2. Executing PROC_RMDEAD pass (remove dead branches from decision trees).
Marked 67 switch rules as full_case in process $proc$scripts/gate03r/rtl/secded_characterization_tops.sv:45$686 in module gate03r_secded_baseline_decoder.
Removed a total of 0 dead cases.

3.3. Executing PROC_PRUNE pass (remove redundant assignments in processes).
Removed 0 redundant assignments.
Promoted 425 assignments to connections.

3.4. Executing PROC_INIT pass (extract init attributes).

3.5. Executing PROC_ARST pass (detect async resets in processes).

3.6. Executing PROC_ROM pass (convert switches to ROMs).
Converted 0 switches.
<suppressed ~67 debug messages>

3.7. Executing PROC_MUX pass (convert decision trees to multiplexers).
Creating decoders for process `\gate03r_secded_baseline_decoder.$proc$scripts/gate03r/rtl/secded_characterization_tops.sv:45$686'.
     1/331: $64\data_index[31:0]
     2/331: $64\data_o[63:0]
     3/331: $1$bitselwrite$data$scripts/gate03r/rtl/secded_characterization_tops.sv:66$684[63:0]$2006
     4/331: $1$bitselwrite$mask$scripts/gate03r/rtl/secded_characterization_tops.sv:66$683[63:0]$2005
     5/331: $1$bitselwrite$sel$scripts/gate03r/rtl/secded_characterization_tops.sv:66$685[31:0]$2007
     6/331: $63\data_index[31:0]
     7/331: $63\data_o[63:0]
     8/331: $1$bitselwrite$data$scripts/gate03r/rtl/secded_characterization_tops.sv:66$680[63:0]$1992
     9/331: $1$bitselwrite$mask$scripts/gate03r/rtl/secded_characterization_tops.sv:66$679[63:0]$1991
    10/331: $1$bitselwrite$sel$scripts/gate03r/rtl/secded_characterization_tops.sv:66$681[31:0]$1993
    11/331: $62\data_index[31:0]
    12/331: $62\data_o[63:0]
    13/331: $1$bitselwrite$data$scripts/gate03r/rtl/secded_characterization_tops.sv:66$676[63:0]$1978
    14/331: $1$bitselwrite$mask$scripts/gate03r/rtl/secded_characterization_tops.sv:66$675[63:0]$1977
    15/331: $1$bitselwrite$sel$scripts/gate03r/rtl/secded_characterization_tops.sv:66$677[31:0]$1979
    16/331: $61\data_index[31:0]
    17/331: $61\data_o[63:0]
    18/331: $1$bitselwrite$data$scripts/gate03r/rtl/secded_characterization_tops.sv:66$672[63:0]$1964
    19/331: $1$bitselwrite$mask$scripts/gate03r/rtl/secded_characterization_tops.sv:66$671[63:0]$1963
    20/331: $1$bitselwrite$sel$scripts/gate03r/rtl/secded_characterization_tops.sv:66$673[31:0]$1965
    21/331: $60\data_index[31:0]
    22/331: $60\data_o[63:0]
    23/331: $1$bitselwrite$data$scripts/gate03r/rtl/secded_characterization_tops.sv:66$668[63:0]$1950
    24/331: $1$bitselwrite$mask$scripts/gate03r/rtl/secded_characterization_tops.sv:66$667[63:0]$1949
    25/331: $1$bitselwrite$sel$scripts/gate03r/rtl/secded_characterization_tops.sv:66$669[31:0]$1951
    26/331: $59\data_index[31:0]
    27/331: $59\data_o[63:0]
    28/331: $1$bitselwrite$data$scripts/gate03r/rtl/secded_characterization_tops.sv:66$664[63:0]$1936
    29/331: $1$bitselwrite$mask$scripts/gate03r/rtl/secded_characterization_tops.sv:66$663[63:0]$1935
    30/331: $1$bitselwrite$sel$scripts/gate03r/rtl/secded_characterization_tops.sv:66$665[31:0]$1937
    31/331: $58\data_index[31:0]
    32/331: $58\data_o[63:0]
    33/331: $1$bitselwrite$data$scripts/gate03r/rtl/secded_characterization_tops.sv:66$660[63:0]$1922
    34/331: $1$bitselwrite$mask$scripts/gate03r/rtl/secded_characterization_tops.sv:66$659[63:0]$1921
    35/331: $1$bitselwrite$sel$scripts/gate03r/rtl/secded_characterization_tops.sv:66$661[31:0]$1923
    36/331: $57\data_index[31:0]
    37/331: $57\data_o[63:0]
    38/331: $1$bitselwrite$data$scripts/gate03r/rtl/secded_characterization_tops.sv:66$655[63:0]$1908
    39/331: $1$bitselwrite$mask$scripts/gate03r/rtl/secded_characterization_tops.sv:66$654[63:0]$1907
    40/331: $1$bitselwrite$sel$scripts/gate03r/rtl/secded_characterization_tops.sv:66$656[31:0]$1909
    41/331: $56\data_index[31:0]
    42/331: $56\data_o[63:0]
    43/331: $1$bitselwrite$data$scripts/gate03r/rtl/secded_characterization_tops.sv:66$651[63:0]$1894
    44/331: $1$bitselwrite$mask$scripts/gate03r/rtl/secded_characterization_tops.sv:66$650[63:0]$1893
    45/331: $1$bitselwrite$sel$scripts/gate03r/rtl/secded_characterization_tops.sv:66$652[31:0]$1895
    46/331: $55\data_index[31:0]
    47/331: $55\data_o[63:0]
    48/331: $1$bitselwrite$data$scripts/gate03r/rtl/secded_characterization_tops.sv:66$647[63:0]$1880
    49/331: $1$bitselwrite$mask$scripts/gate03r/rtl/secded_characterization_tops.sv:66$646[63:0]$1879
    50/331: $1$bitselwrite$sel$scripts/gate03r/rtl/secded_characterization_tops.sv:66$648[31:0]$1881
    51/331: $54\data_index[31:0]
    52/331: $54\data_o[63:0]
    53/331: $1$bitselwrite$data$scripts/gate03r/rtl/secded_characterization_tops.sv:66$643[63:0]$1866
    54/331: $1$bitselwrite$mask$scripts/gate03r/rtl/secded_characterization_tops.sv:66$642[63:0]$1865
    55/331: $1$bitselwrite$sel$scripts/gate03r/rtl/secded_characterization_tops.sv:66$644[31:0]$1867
    56/331: $53\data_index[31:0]
    57/331: $53\data_o[63:0]
    58/331: $1$bitselwrite$data$scripts/gate03r/rtl/secded_characterization_tops.sv:66$639[63:0]$1852
    59/331: $1$bitselwrite$mask$scripts/gate03r/rtl/secded_characterization_tops.sv:66$638[63:0]$1851
    60/331: $1$bitselwrite$sel$scripts/gate03r/rtl/secded_characterization_tops.sv:66$640[31:0]$1853
    61/331: $52\data_index[31:0]
    62/331: $52\data_o[63:0]
    63/331: $1$bitselwrite$data$scripts/gate03r/rtl/secded_characterization_tops.sv:66$635[63:0]$1838
    64/331: $1$bitselwrite$mask$scripts/gate03r/rtl/secded_characterization_tops.sv:66$634[63:0]$1837
    65/331: $1$bitselwrite$sel$scripts/gate03r/rtl/secded_characterization_tops.sv:66$636[31:0]$1839
    66/331: $51\data_index[31:0]
    67/331: $51\data_o[63:0]
    68/331: $1$bitselwrite$data$scripts/gate03r/rtl/secded_characterization_tops.sv:66$631[63:0]$1824
    69/331: $1$bitselwrite$mask$scripts/gate03r/rtl/secded_characterization_tops.sv:66$630[63:0]$1823
    70/331: $1$bitselwrite$sel$scripts/gate03r/rtl/secded_characterization_tops.sv:66$632[31:0]$1825
    71/331: $50\data_index[31:0]
    72/331: $50\data_o[63:0]
    73/331: $1$bitselwrite$data$scripts/gate03r/rtl/secded_characterization_tops.sv:66$627[63:0]$1810
    74/331: $1$bitselwrite$mask$scripts/gate03r/rtl/secded_characterization_tops.sv:66$626[63:0]$1809
    75/331: $1$bitselwrite$sel$scripts/gate03r/rtl/secded_characterization_tops.sv:66$628[31:0]$1811
    76/331: $49\data_index[31:0]
    77/331: $49\data_o[63:0]
    78/331: $1$bitselwrite$data$scripts/gate03r/rtl/secded_characterization_tops.sv:66$623[63:0]$1796
    79/331: $1$bitselwrite$mask$scripts/gate03r/rtl/secded_characterization_tops.sv:66$622[63:0]$1795
    80/331: $1$bitselwrite$sel$scripts/gate03r/rtl/secded_characterization_tops.sv:66$624[31:0]$1797
    81/331: $48\data_index[31:0]
    82/331: $48\data_o[63:0]
    83/331: $1$bitselwrite$data$scripts/gate03r/rtl/secded_characterization_tops.sv:66$619[63:0]$1782
    84/331: $1$bitselwrite$mask$scripts/gate03r/rtl/secded_characterization_tops.sv:66$618[63:0]$1781
    85/331: $1$bitselwrite$sel$scripts/gate03r/rtl/secded_characterization_tops.sv:66$620[31:0]$1783
    86/331: $47\data_index[31:0]
    87/331: $47\data_o[63:0]
    88/331: $1$bitselwrite$data$scripts/gate03r/rtl/secded_characterization_tops.sv:66$615[63:0]$1768
    89/331: $1$bitselwrite$mask$scripts/gate03r/rtl/secded_characterization_tops.sv:66$614[63:0]$1767
    90/331: $1$bitselwrite$sel$scripts/gate03r/rtl/secded_characterization_tops.sv:66$616[31:0]$1769
    91/331: $46\data_index[31:0]
    92/331: $46\data_o[63:0]
    93/331: $1$bitselwrite$data$scripts/gate03r/rtl/secded_characterization_tops.sv:66$611[63:0]$1754
    94/331: $1$bitselwrite$mask$scripts/gate03r/rtl/secded_characterization_tops.sv:66$610[63:0]$1753
    95/331: $1$bitselwrite$sel$scripts/gate03r/rtl/secded_characterization_tops.sv:66$612[31:0]$1755
    96/331: $45\data_index[31:0]
    97/331: $45\data_o[63:0]
    98/331: $1$bitselwrite$data$scripts/gate03r/rtl/secded_characterization_tops.sv:66$607[63:0]$1740
    99/331: $1$bitselwrite$mask$scripts/gate03r/rtl/secded_characterization_tops.sv:66$606[63:0]$1739
   100/331: $1$bitselwrite$sel$scripts/gate03r/rtl/secded_characterization_tops.sv:66$608[31:0]$1741
   101/331: $44\data_index[31:0]
   102/331: $44\data_o[63:0]
   103/331: $1$bitselwrite$data$scripts/gate03r/rtl/secded_characterization_tops.sv:66$603[63:0]$1726
   104/331: $1$bitselwrite$mask$scripts/gate03r/rtl/secded_characterization_tops.sv:66$602[63:0]$1725
   105/331: $1$bitselwrite$sel$scripts/gate03r/rtl/secded_characterization_tops.sv:66$604[31:0]$1727
   106/331: $43\data_index[31:0]
   107/331: $43\data_o[63:0]
   108/331: $1$bitselwrite$data$scripts/gate03r/rtl/secded_characterization_tops.sv:66$599[63:0]$1712
   109/331: $1$bitselwrite$mask$scripts/gate03r/rtl/secded_characterization_tops.sv:66$598[63:0]$1711
   110/331: $1$bitselwrite$sel$scripts/gate03r/rtl/secded_characterization_tops.sv:66$600[31:0]$1713
   111/331: $42\data_index[31:0]
   112/331: $42\data_o[63:0]
   113/331: $1$bitselwrite$data$scripts/gate03r/rtl/secded_characterization_tops.sv:66$595[63:0]$1698
   114/331: $1$bitselwrite$mask$scripts/gate03r/rtl/secded_characterization_tops.sv:66$594[63:0]$1697
   115/331: $1$bitselwrite$sel$scripts/gate03r/rtl/secded_characterization_tops.sv:66$596[31:0]$1699
   116/331: $41\data_index[31:0]
   117/331: $41\data_o[63:0]
   118/331: $1$bitselwrite$data$scripts/gate03r/rtl/secded_characterization_tops.sv:66$591[63:0]$1684
   119/331: $1$bitselwrite$mask$scripts/gate03r/rtl/secded_characterization_tops.sv:66$590[63:0]$1683
   120/331: $1$bitselwrite$sel$scripts/gate03r/rtl/secded_characterization_tops.sv:66$592[31:0]$1685
   121/331: $40\data_index[31:0]
   122/331: $40\data_o[63:0]
   123/331: $1$bitselwrite$data$scripts/gate03r/rtl/secded_characterization_tops.sv:66$587[63:0]$1670
   124/331: $1$bitselwrite$mask$scripts/gate03r/rtl/secded_characterization_tops.sv:66$586[63:0]$1669
   125/331: $1$bitselwrite$sel$scripts/gate03r/rtl/secded_characterization_tops.sv:66$588[31:0]$1671
   126/331: $39\data_index[31:0]
   127/331: $39\data_o[63:0]
   128/331: $1$bitselwrite$data$scripts/gate03r/rtl/secded_characterization_tops.sv:66$583[63:0]$1656
   129/331: $1$bitselwrite$mask$scripts/gate03r/rtl/secded_characterization_tops.sv:66$582[63:0]$1655
   130/331: $1$bitselwrite$sel$scripts/gate03r/rtl/secded_characterization_tops.sv:66$584[31:0]$1657
   131/331: $38\data_index[31:0]
   132/331: $38\data_o[63:0]
   133/331: $1$bitselwrite$data$scripts/gate03r/rtl/secded_characterization_tops.sv:66$579[63:0]$1642
   134/331: $1$bitselwrite$mask$scripts/gate03r/rtl/secded_characterization_tops.sv:66$578[63:0]$1641
   135/331: $1$bitselwrite$sel$scripts/gate03r/rtl/secded_characterization_tops.sv:66$580[31:0]$1643
   136/331: $37\data_index[31:0]
   137/331: $37\data_o[63:0]
   138/331: $1$bitselwrite$data$scripts/gate03r/rtl/secded_characterization_tops.sv:66$575[63:0]$1628
   139/331: $1$bitselwrite$mask$scripts/gate03r/rtl/secded_characterization_tops.sv:66$574[63:0]$1627
   140/331: $1$bitselwrite$sel$scripts/gate03r/rtl/secded_characterization_tops.sv:66$576[31:0]$1629
   141/331: $36\data_index[31:0]
   142/331: $36\data_o[63:0]
   143/331: $1$bitselwrite$data$scripts/gate03r/rtl/secded_characterization_tops.sv:66$571[63:0]$1614
   144/331: $1$bitselwrite$mask$scripts/gate03r/rtl/secded_characterization_tops.sv:66$570[63:0]$1613
   145/331: $1$bitselwrite$sel$scripts/gate03r/rtl/secded_characterization_tops.sv:66$572[31:0]$1615
   146/331: $35\data_index[31:0]
   147/331: $35\data_o[63:0]
   148/331: $1$bitselwrite$data$scripts/gate03r/rtl/secded_characterization_tops.sv:66$567[63:0]$1600
   149/331: $1$bitselwrite$mask$scripts/gate03r/rtl/secded_characterization_tops.sv:66$566[63:0]$1599
   150/331: $1$bitselwrite$sel$scripts/gate03r/rtl/secded_characterization_tops.sv:66$568[31:0]$1601
   151/331: $34\data_index[31:0]
   152/331: $34\data_o[63:0]
   153/331: $1$bitselwrite$data$scripts/gate03r/rtl/secded_characterization_tops.sv:66$563[63:0]$1586
   154/331: $1$bitselwrite$mask$scripts/gate03r/rtl/secded_characterization_tops.sv:66$562[63:0]$1585
   155/331: $1$bitselwrite$sel$scripts/gate03r/rtl/secded_characterization_tops.sv:66$564[31:0]$1587
   156/331: $33\data_index[31:0]
   157/331: $33\data_o[63:0]
   158/331: $1$bitselwrite$data$scripts/gate03r/rtl/secded_characterization_tops.sv:66$559[63:0]$1572
   159/331: $1$bitselwrite$mask$scripts/gate03r/rtl/secded_characterization_tops.sv:66$558[63:0]$1571
   160/331: $1$bitselwrite$sel$scripts/gate03r/rtl/secded_characterization_tops.sv:66$560[31:0]$1573
   161/331: $32\data_index[31:0]
   162/331: $32\data_o[63:0]
   163/331: $1$bitselwrite$data$scripts/gate03r/rtl/secded_characterization_tops.sv:66$555[63:0]$1558
   164/331: $1$bitselwrite$mask$scripts/gate03r/rtl/secded_characterization_tops.sv:66$554[63:0]$1557
   165/331: $1$bitselwrite$sel$scripts/gate03r/rtl/secded_characterization_tops.sv:66$556[31:0]$1559
   166/331: $31\data_index[31:0]
   167/331: $31\data_o[63:0]
   168/331: $1$bitselwrite$data$scripts/gate03r/rtl/secded_characterization_tops.sv:66$551[63:0]$1544
   169/331: $1$bitselwrite$mask$scripts/gate03r/rtl/secded_characterization_tops.sv:66$550[63:0]$1543
   170/331: $1$bitselwrite$sel$scripts/gate03r/rtl/secded_characterization_tops.sv:66$552[31:0]$1545
   171/331: $30\data_index[31:0]
   172/331: $30\data_o[63:0]
   173/331: $1$bitselwrite$data$scripts/gate03r/rtl/secded_characterization_tops.sv:66$547[63:0]$1530
   174/331: $1$bitselwrite$mask$scripts/gate03r/rtl/secded_characterization_tops.sv:66$546[63:0]$1529
   175/331: $1$bitselwrite$sel$scripts/gate03r/rtl/secded_characterization_tops.sv:66$548[31:0]$1531
   176/331: $29\data_index[31:0]
   177/331: $29\data_o[63:0]
   178/331: $1$bitselwrite$data$scripts/gate03r/rtl/secded_characterization_tops.sv:66$543[63:0]$1516
   179/331: $1$bitselwrite$mask$scripts/gate03r/rtl/secded_characterization_tops.sv:66$542[63:0]$1515
   180/331: $1$bitselwrite$sel$scripts/gate03r/rtl/secded_characterization_tops.sv:66$544[31:0]$1517
   181/331: $28\data_index[31:0]
   182/331: $28\data_o[63:0]
   183/331: $1$bitselwrite$data$scripts/gate03r/rtl/secded_characterization_tops.sv:66$539[63:0]$1502
   184/331: $1$bitselwrite$mask$scripts/gate03r/rtl/secded_characterization_tops.sv:66$538[63:0]$1501
   185/331: $1$bitselwrite$sel$scripts/gate03r/rtl/secded_characterization_tops.sv:66$540[31:0]$1503
   186/331: $27\data_index[31:0]
   187/331: $27\data_o[63:0]
   188/331: $1$bitselwrite$data$scripts/gate03r/rtl/secded_characterization_tops.sv:66$535[63:0]$1488
   189/331: $1$bitselwrite$mask$scripts/gate03r/rtl/secded_characterization_tops.sv:66$534[63:0]$1487
   190/331: $1$bitselwrite$sel$scripts/gate03r/rtl/secded_characterization_tops.sv:66$536[31:0]$1489
   191/331: $26\data_index[31:0]
   192/331: $26\data_o[63:0]
   193/331: $1$bitselwrite$data$scripts/gate03r/rtl/secded_characterization_tops.sv:66$530[63:0]$1474
   194/331: $1$bitselwrite$mask$scripts/gate03r/rtl/secded_characterization_tops.sv:66$529[63:0]$1473
   195/331: $1$bitselwrite$sel$scripts/gate03r/rtl/secded_characterization_tops.sv:66$531[31:0]$1475
   196/331: $25\data_index[31:0]
   197/331: $25\data_o[63:0]
   198/331: $1$bitselwrite$data$scripts/gate03r/rtl/secded_characterization_tops.sv:66$526[63:0]$1460
   199/331: $1$bitselwrite$mask$scripts/gate03r/rtl/secded_characterization_tops.sv:66$525[63:0]$1459
   200/331: $1$bitselwrite$sel$scripts/gate03r/rtl/secded_characterization_tops.sv:66$527[31:0]$1461
   201/331: $24\data_index[31:0]
   202/331: $24\data_o[63:0]
   203/331: $1$bitselwrite$data$scripts/gate03r/rtl/secded_characterization_tops.sv:66$522[63:0]$1446
   204/331: $1$bitselwrite$mask$scripts/gate03r/rtl/secded_characterization_tops.sv:66$521[63:0]$1445
   205/331: $1$bitselwrite$sel$scripts/gate03r/rtl/secded_characterization_tops.sv:66$523[31:0]$1447
   206/331: $23\data_index[31:0]
   207/331: $23\data_o[63:0]
   208/331: $1$bitselwrite$data$scripts/gate03r/rtl/secded_characterization_tops.sv:66$518[63:0]$1432
   209/331: $1$bitselwrite$mask$scripts/gate03r/rtl/secded_characterization_tops.sv:66$517[63:0]$1431
   210/331: $1$bitselwrite$sel$scripts/gate03r/rtl/secded_characterization_tops.sv:66$519[31:0]$1433
   211/331: $22\data_index[31:0]
   212/331: $22\data_o[63:0]
   213/331: $1$bitselwrite$data$scripts/gate03r/rtl/secded_characterization_tops.sv:66$514[63:0]$1418
   214/331: $1$bitselwrite$mask$scripts/gate03r/rtl/secded_characterization_tops.sv:66$513[63:0]$1417
   215/331: $1$bitselwrite$sel$scripts/gate03r/rtl/secded_characterization_tops.sv:66$515[31:0]$1419
   216/331: $21\data_index[31:0]
   217/331: $21\data_o[63:0]
   218/331: $1$bitselwrite$data$scripts/gate03r/rtl/secded_characterization_tops.sv:66$510[63:0]$1404
   219/331: $1$bitselwrite$mask$scripts/gate03r/rtl/secded_characterization_tops.sv:66$509[63:0]$1403
   220/331: $1$bitselwrite$sel$scripts/gate03r/rtl/secded_characterization_tops.sv:66$511[31:0]$1405
   221/331: $20\data_index[31:0]
   222/331: $20\data_o[63:0]
   223/331: $1$bitselwrite$data$scripts/gate03r/rtl/secded_characterization_tops.sv:66$506[63:0]$1390
   224/331: $1$bitselwrite$mask$scripts/gate03r/rtl/secded_characterization_tops.sv:66$505[63:0]$1389
   225/331: $1$bitselwrite$sel$scripts/gate03r/rtl/secded_characterization_tops.sv:66$507[31:0]$1391
   226/331: $19\data_index[31:0]
   227/331: $19\data_o[63:0]
   228/331: $1$bitselwrite$data$scripts/gate03r/rtl/secded_characterization_tops.sv:66$502[63:0]$1376
   229/331: $1$bitselwrite$mask$scripts/gate03r/rtl/secded_characterization_tops.sv:66$501[63:0]$1375
   230/331: $1$bitselwrite$sel$scripts/gate03r/rtl/secded_characterization_tops.sv:66$503[31:0]$1377
   231/331: $18\data_index[31:0]
   232/331: $18\data_o[63:0]
   233/331: $1$bitselwrite$data$scripts/gate03r/rtl/secded_characterization_tops.sv:66$498[63:0]$1362
   234/331: $1$bitselwrite$mask$scripts/gate03r/rtl/secded_characterization_tops.sv:66$497[63:0]$1361
   235/331: $1$bitselwrite$sel$scripts/gate03r/rtl/secded_characterization_tops.sv:66$499[31:0]$1363
   236/331: $17\data_index[31:0]
   237/331: $17\data_o[63:0]
   238/331: $1$bitselwrite$data$scripts/gate03r/rtl/secded_characterization_tops.sv:66$494[63:0]$1348
   239/331: $1$bitselwrite$mask$scripts/gate03r/rtl/secded_characterization_tops.sv:66$493[63:0]$1347
   240/331: $1$bitselwrite$sel$scripts/gate03r/rtl/secded_characterization_tops.sv:66$495[31:0]$1349
   241/331: $16\data_index[31:0]
   242/331: $16\data_o[63:0]
   243/331: $1$bitselwrite$data$scripts/gate03r/rtl/secded_characterization_tops.sv:66$490[63:0]$1334
   244/331: $1$bitselwrite$mask$scripts/gate03r/rtl/secded_characterization_tops.sv:66$489[63:0]$1333
   245/331: $1$bitselwrite$sel$scripts/gate03r/rtl/secded_characterization_tops.sv:66$491[31:0]$1335
   246/331: $15\data_index[31:0]
   247/331: $15\data_o[63:0]
   248/331: $1$bitselwrite$data$scripts/gate03r/rtl/secded_characterization_tops.sv:66$486[63:0]$1320
   249/331: $1$bitselwrite$mask$scripts/gate03r/rtl/secded_characterization_tops.sv:66$485[63:0]$1319
   250/331: $1$bitselwrite$sel$scripts/gate03r/rtl/secded_characterization_tops.sv:66$487[31:0]$1321
   251/331: $14\data_index[31:0]
   252/331: $14\data_o[63:0]
   253/331: $1$bitselwrite$data$scripts/gate03r/rtl/secded_characterization_tops.sv:66$482[63:0]$1306
   254/331: $1$bitselwrite$mask$scripts/gate03r/rtl/secded_characterization_tops.sv:66$481[63:0]$1305
   255/331: $1$bitselwrite$sel$scripts/gate03r/rtl/secded_characterization_tops.sv:66$483[31:0]$1307
   256/331: $13\data_index[31:0]
   257/331: $13\data_o[63:0]
   258/331: $1$bitselwrite$data$scripts/gate03r/rtl/secded_characterization_tops.sv:66$478[63:0]$1292
   259/331: $1$bitselwrite$mask$scripts/gate03r/rtl/secded_characterization_tops.sv:66$477[63:0]$1291
   260/331: $1$bitselwrite$sel$scripts/gate03r/rtl/secded_characterization_tops.sv:66$479[31:0]$1293
   261/331: $12\data_index[31:0]
   262/331: $12\data_o[63:0]
   263/331: $1$bitselwrite$data$scripts/gate03r/rtl/secded_characterization_tops.sv:66$474[63:0]$1278
   264/331: $1$bitselwrite$mask$scripts/gate03r/rtl/secded_characterization_tops.sv:66$473[63:0]$1277
   265/331: $1$bitselwrite$sel$scripts/gate03r/rtl/secded_characterization_tops.sv:66$475[31:0]$1279
   266/331: $11\data_index[31:0]
   267/331: $11\data_o[63:0]
   268/331: $1$bitselwrite$data$scripts/gate03r/rtl/secded_characterization_tops.sv:66$469[63:0]$1264
   269/331: $1$bitselwrite$mask$scripts/gate03r/rtl/secded_characterization_tops.sv:66$468[63:0]$1263
   270/331: $1$bitselwrite$sel$scripts/gate03r/rtl/secded_characterization_tops.sv:66$470[31:0]$1265
   271/331: $10\data_index[31:0]
   272/331: $10\data_o[63:0]
   273/331: $1$bitselwrite$data$scripts/gate03r/rtl/secded_characterization_tops.sv:66$465[63:0]$1250
   274/331: $1$bitselwrite$mask$scripts/gate03r/rtl/secded_characterization_tops.sv:66$464[63:0]$1249
   275/331: $1$bitselwrite$sel$scripts/gate03r/rtl/secded_characterization_tops.sv:66$466[31:0]$1251
   276/331: $9\data_index[31:0]
   277/331: $9\data_o[63:0]
   278/331: $1$bitselwrite$data$scripts/gate03r/rtl/secded_characterization_tops.sv:66$461[63:0]$1236
   279/331: $1$bitselwrite$mask$scripts/gate03r/rtl/secded_characterization_tops.sv:66$460[63:0]$1235
   280/331: $1$bitselwrite$sel$scripts/gate03r/rtl/secded_characterization_tops.sv:66$462[31:0]$1237
   281/331: $8\data_index[31:0]
   282/331: $8\data_o[63:0]
   283/331: $1$bitselwrite$data$scripts/gate03r/rtl/secded_characterization_tops.sv:66$457[63:0]$1222
   284/331: $1$bitselwrite$mask$scripts/gate03r/rtl/secded_characterization_tops.sv:66$456[63:0]$1221
   285/331: $1$bitselwrite$sel$scripts/gate03r/rtl/secded_characterization_tops.sv:66$458[31:0]$1223
   286/331: $7\data_index[31:0]
   287/331: $7\data_o[63:0]
   288/331: $1$bitselwrite$data$scripts/gate03r/rtl/secded_characterization_tops.sv:66$453[63:0]$1208
   289/331: $1$bitselwrite$mask$scripts/gate03r/rtl/secded_characterization_tops.sv:66$452[63:0]$1207
   290/331: $1$bitselwrite$sel$scripts/gate03r/rtl/secded_characterization_tops.sv:66$454[31:0]$1209
   291/331: $6\data_index[31:0]
   292/331: $6\data_o[63:0]
   293/331: $1$bitselwrite$data$scripts/gate03r/rtl/secded_characterization_tops.sv:66$449[63:0]$1194
   294/331: $1$bitselwrite$mask$scripts/gate03r/rtl/secded_characterization_tops.sv:66$448[63:0]$1193
   295/331: $1$bitselwrite$sel$scripts/gate03r/rtl/secded_characterization_tops.sv:66$450[31:0]$1195
   296/331: $5\data_index[31:0]
   297/331: $5\data_o[63:0]
   298/331: $1$bitselwrite$data$scripts/gate03r/rtl/secded_characterization_tops.sv:66$445[63:0]$1180
   299/331: $1$bitselwrite$mask$scripts/gate03r/rtl/secded_characterization_tops.sv:66$444[63:0]$1179
   300/331: $1$bitselwrite$sel$scripts/gate03r/rtl/secded_characterization_tops.sv:66$446[31:0]$1181
   301/331: $4\data_index[31:0]
   302/331: $4\data_o[63:0]
   303/331: $1$bitselwrite$data$scripts/gate03r/rtl/secded_characterization_tops.sv:66$440[63:0]$1166
   304/331: $1$bitselwrite$mask$scripts/gate03r/rtl/secded_characterization_tops.sv:66$439[63:0]$1165
   305/331: $1$bitselwrite$sel$scripts/gate03r/rtl/secded_characterization_tops.sv:66$441[31:0]$1167
   306/331: $3\data_index[31:0]
   307/331: $3\data_o[63:0]
   308/331: $1$bitselwrite$data$scripts/gate03r/rtl/secded_characterization_tops.sv:66$436[63:0]$1152
   309/331: $1$bitselwrite$mask$scripts/gate03r/rtl/secded_characterization_tops.sv:66$435[63:0]$1151
   310/331: $1$bitselwrite$sel$scripts/gate03r/rtl/secded_characterization_tops.sv:66$437[31:0]$1153
   311/331: $2\data_index[31:0]
   312/331: $2\data_o[63:0]
   313/331: $1$bitselwrite$data$scripts/gate03r/rtl/secded_characterization_tops.sv:66$432[63:0]$1138
   314/331: $1$bitselwrite$mask$scripts/gate03r/rtl/secded_characterization_tops.sv:66$431[63:0]$1137
   315/331: $1$bitselwrite$sel$scripts/gate03r/rtl/secded_characterization_tops.sv:66$433[31:0]$1139
   316/331: $1\data_index[31:0]
   317/331: $1\data_o[63:0]
   318/331: $1$bitselwrite$data$scripts/gate03r/rtl/secded_characterization_tops.sv:66$427[63:0]$1124
   319/331: $1$bitselwrite$mask$scripts/gate03r/rtl/secded_characterization_tops.sv:66$426[63:0]$1123
   320/331: $1$bitselwrite$sel$scripts/gate03r/rtl/secded_characterization_tops.sv:66$428[31:0]$1125
   321/331: $3\err_uncorrectable_o[0:0]
   322/331: $2\err_corrected_o[0:0]
   323/331: $2\mask[71:71]
   324/331: $2\err_uncorrectable_o[0:0]
   325/331: $1\mask[71:0] [71]
   326/331: $1\mask[71:0] [70:0]
   327/331: $1\err_corrected_o[0:0]
   328/331: $1$bitselwrite$data$scripts/gate03r/rtl/secded_characterization_tops.sv:56$421[71:0]$1105
   329/331: $1$bitselwrite$mask$scripts/gate03r/rtl/secded_characterization_tops.sv:56$420[71:0]$1104
   330/331: $1$bitselwrite$sel$scripts/gate03r/rtl/secded_characterization_tops.sv:56$422[31:0]$1106
   331/331: $1\err_uncorrectable_o[0:0]

3.8. Executing PROC_DLATCH pass (convert process syncs to latches).
No latch inferred for signal `\gate03r_secded_baseline_decoder.\data_index' from process `\gate03r_secded_baseline_decoder.$proc$scripts/gate03r/rtl/secded_characterization_tops.sv:45$686'.
No latch inferred for signal `\gate03r_secded_baseline_decoder.\position' from process `\gate03r_secded_baseline_decoder.$proc$scripts/gate03r/rtl/secded_characterization_tops.sv:45$686'.
No latch inferred for signal `\gate03r_secded_baseline_decoder.\parity_index' from process `\gate03r_secded_baseline_decoder.$proc$scripts/gate03r/rtl/secded_characterization_tops.sv:45$686'.
No latch inferred for signal `\gate03r_secded_baseline_decoder.\data_o' from process `\gate03r_secded_baseline_decoder.$proc$scripts/gate03r/rtl/secded_characterization_tops.sv:45$686'.
No latch inferred for signal `\gate03r_secded_baseline_decoder.\corrected_codeword_o' from process `\gate03r_secded_baseline_decoder.$proc$scripts/gate03r/rtl/secded_characterization_tops.sv:45$686'.
No latch inferred for signal `\gate03r_secded_baseline_decoder.\err_detected_o' from process `\gate03r_secded_baseline_decoder.$proc$scripts/gate03r/rtl/secded_characterization_tops.sv:45$686'.
No latch inferred for signal `\gate03r_secded_baseline_decoder.\err_corrected_o' from process `\gate03r_secded_baseline_decoder.$proc$scripts/gate03r/rtl/secded_characterization_tops.sv:45$686'.
No latch inferred for signal `\gate03r_secded_baseline_decoder.\err_uncorrectable_o' from process `\gate03r_secded_baseline_decoder.$proc$scripts/gate03r/rtl/secded_characterization_tops.sv:45$686'.
No latch inferred for signal `\gate03r_secded_baseline_decoder.\syndrome' from process `\gate03r_secded_baseline_decoder.$proc$scripts/gate03r/rtl/secded_characterization_tops.sv:45$686'.
No latch inferred for signal `\gate03r_secded_baseline_decoder.\overall_mismatch' from process `\gate03r_secded_baseline_decoder.$proc$scripts/gate03r/rtl/secded_characterization_tops.sv:45$686'.
No latch inferred for signal `\gate03r_secded_baseline_decoder.\mask' from process `\gate03r_secded_baseline_decoder.$proc$scripts/gate03r/rtl/secded_characterization_tops.sv:45$686'.
No latch inferred for signal `\gate03r_secded_baseline_decoder.\error_position' from process `\gate03r_secded_baseline_decoder.$proc$scripts/gate03r/rtl/secded_characterization_tops.sv:45$686'.
No latch inferred for signal `\gate03r_secded_baseline_decoder.$bitselwrite$mask$scripts/gate03r/rtl/secded_characterization_tops.sv:56$420' from process `\gate03r_secded_baseline_decoder.$proc$scripts/gate03r/rtl/secded_characterization_tops.sv:45$686'.
No latch inferred for signal `\gate03r_secded_baseline_decoder.$bitselwrite$data$scripts/gate03r/rtl/secded_characterization_tops.sv:56$421' from process `\gate03r_secded_baseline_decoder.$proc$scripts/gate03r/rtl/secded_characterization_tops.sv:45$686'.
No latch inferred for signal `\gate03r_secded_baseline_decoder.$bitselwrite$sel$scripts/gate03r/rtl/secded_characterization_tops.sv:56$422' from process `\gate03r_secded_baseline_decoder.$proc$scripts/gate03r/rtl/secded_characterization_tops.sv:45$686'.
No latch inferred for signal `\gate03r_secded_baseline_decoder.$bitselwrite$mask$scripts/gate03r/rtl/secded_characterization_tops.sv:66$426' from process `\gate03r_secded_baseline_decoder.$proc$scripts/gate03r/rtl/secded_characterization_tops.sv:45$686'.
No latch inferred for signal `\gate03r_secded_baseline_decoder.$bitselwrite$data$scripts/gate03r/rtl/secded_characterization_tops.sv:66$427' from process `\gate03r_secded_baseline_decoder.$proc$scripts/gate03r/rtl/secded_characterization_tops.sv:45$686'.
No latch inferred for signal `\gate03r_secded_baseline_decoder.$bitselwrite$sel$scripts/gate03r/rtl/secded_characterization_tops.sv:66$428' from process `\gate03r_secded_baseline_decoder.$proc$scripts/gate03r/rtl/secded_characterization_tops.sv:45$686'.
No latch inferred for signal `\gate03r_secded_baseline_decoder.$bitselwrite$mask$scripts/gate03r/rtl/secded_characterization_tops.sv:66$431' from process `\gate03r_secded_baseline_decoder.$proc$scripts/gate03r/rtl/secded_characterization_tops.sv:45$686'.
No latch inferred for signal `\gate03r_secded_baseline_decoder.$bitselwrite$data$scripts/gate03r/rtl/secded_characterization_tops.sv:66$432' from process `\gate03r_secded_baseline_decoder.$proc$scripts/gate03r/rtl/secded_characterization_tops.sv:45$686'.
No latch inferred for signal `\gate03r_secded_baseline_decoder.$bitselwrite$sel$scripts/gate03r/rtl/secded_characterization_tops.sv:66$433' from process `\gate03r_secded_baseline_decoder.$proc$scripts/gate03r/rtl/secded_characterization_tops.sv:45$686'.
No latch inferred for signal `\gate03r_secded_baseline_decoder.$bitselwrite$mask$scripts/gate03r/rtl/secded_characterization_tops.sv:66$435' from process `\gate03r_secded_baseline_decoder.$proc$scripts/gate03r/rtl/secded_characterization_tops.sv:45$686'.
No latch inferred for signal `\gate03r_secded_baseline_decoder.$bitselwrite$data$scripts/gate03r/rtl/secded_characterization_tops.sv:66$436' from process `\gate03r_secded_baseline_decoder.$proc$scripts/gate03r/rtl/secded_characterization_tops.sv:45$686'.
No latch inferred for signal `\gate03r_secded_baseline_decoder.$bitselwrite$sel$scripts/gate03r/rtl/secded_characterization_tops.sv:66$437' from process `\gate03r_secded_baseline_decoder.$proc$scripts/gate03r/rtl/secded_characterization_tops.sv:45$686'.
No latch inferred for signal `\gate03r_secded_baseline_decoder.$bitselwrite$mask$scripts/gate03r/rtl/secded_characterization_tops.sv:66$439' from process `\gate03r_secded_baseline_decoder.$proc$scripts/gate03r/rtl/secded_characterization_tops.sv:45$686'.
No latch inferred for signal `\gate03r_secded_baseline_decoder.$bitselwrite$data$scripts/gate03r/rtl/secded_characterization_tops.sv:66$440' from process `\gate03r_secded_baseline_decoder.$proc$scripts/gate03r/rtl/secded_characterization_tops.sv:45$686'.
No latch inferred for signal `\gate03r_secded_baseline_decoder.$bitselwrite$sel$scripts/gate03r/rtl/secded_characterization_tops.sv:66$441' from process `\gate03r_secded_baseline_decoder.$proc$scripts/gate03r/rtl/secded_characterization_tops.sv:45$686'.
No latch inferred for signal `\gate03r_secded_baseline_decoder.$bitselwrite$mask$scripts/gate03r/rtl/secded_characterization_tops.sv:66$444' from process `\gate03r_secded_baseline_decoder.$proc$scripts/gate03r/rtl/secded_characterization_tops.sv:45$686'.
No latch inferred for signal `\gate03r_secded_baseline_decoder.$bitselwrite$data$scripts/gate03r/rtl/secded_characterization_tops.sv:66$445' from process `\gate03r_secded_baseline_decoder.$proc$scripts/gate03r/rtl/secded_characterization_tops.sv:45$686'.
No latch inferred for signal `\gate03r_secded_baseline_decoder.$bitselwrite$sel$scripts/gate03r/rtl/secded_characterization_tops.sv:66$446' from process `\gate03r_secded_baseline_decoder.$proc$scripts/gate03r/rtl/secded_characterization_tops.sv:45$686'.
No latch inferred for signal `\gate03r_secded_baseline_decoder.$bitselwrite$mask$scripts/gate03r/rtl/secded_characterization_tops.sv:66$448' from process `\gate03r_secded_baseline_decoder.$proc$scripts/gate03r/rtl/secded_characterization_tops.sv:45$686'.
No latch inferred for signal `\gate03r_secded_baseline_decoder.$bitselwrite$data$scripts/gate03r/rtl/secded_characterization_tops.sv:66$449' from process `\gate03r_secded_baseline_decoder.$proc$scripts/gate03r/rtl/secded_characterization_tops.sv:45$686'.
No latch inferred for signal `\gate03r_secded_baseline_decoder.$bitselwrite$sel$scripts/gate03r/rtl/secded_characterization_tops.sv:66$450' from process `\gate03r_secded_baseline_decoder.$proc$scripts/gate03r/rtl/secded_characterization_tops.sv:45$686'.
No latch inferred for signal `\gate03r_secded_baseline_decoder.$bitselwrite$mask$scripts/gate03r/rtl/secded_characterization_tops.sv:66$452' from process `\gate03r_secded_baseline_decoder.$proc$scripts/gate03r/rtl/secded_characterization_tops.sv:45$686'.
No latch inferred for signal `\gate03r_secded_baseline_decoder.$bitselwrite$data$scripts/gate03r/rtl/secded_characterization_tops.sv:66$453' from process `\gate03r_secded_baseline_decoder.$proc$scripts/gate03r/rtl/secded_characterization_tops.sv:45$686'.
No latch inferred for signal `\gate03r_secded_baseline_decoder.$bitselwrite$sel$scripts/gate03r/rtl/secded_characterization_tops.sv:66$454' from process `\gate03r_secded_baseline_decoder.$proc$scripts/gate03r/rtl/secded_characterization_tops.sv:45$686'.
No latch inferred for signal `\gate03r_secded_baseline_decoder.$bitselwrite$mask$scripts/gate03r/rtl/secded_characterization_tops.sv:66$456' from process `\gate03r_secded_baseline_decoder.$proc$scripts/gate03r/rtl/secded_characterization_tops.sv:45$686'.
No latch inferred for signal `\gate03r_secded_baseline_decoder.$bitselwrite$data$scripts/gate03r/rtl/secded_characterization_tops.sv:66$457' from process `\gate03r_secded_baseline_decoder.$proc$scripts/gate03r/rtl/secded_characterization_tops.sv:45$686'.
No latch inferred for signal `\gate03r_secded_baseline_decoder.$bitselwrite$sel$scripts/gate03r/rtl/secded_characterization_tops.sv:66$458' from process `\gate03r_secded_baseline_decoder.$proc$scripts/gate03r/rtl/secded_characterization_tops.sv:45$686'.
No latch inferred for signal `\gate03r_secded_baseline_decoder.$bitselwrite$mask$scripts/gate03r/rtl/secded_characterization_tops.sv:66$460' from process `\gate03r_secded_baseline_decoder.$proc$scripts/gate03r/rtl/secded_characterization_tops.sv:45$686'.
No latch inferred for signal `\gate03r_secded_baseline_decoder.$bitselwrite$data$scripts/gate03r/rtl/secded_characterization_tops.sv:66$461' from process `\gate03r_secded_baseline_decoder.$proc$scripts/gate03r/rtl/secded_characterization_tops.sv:45$686'.
No latch inferred for signal `\gate03r_secded_baseline_decoder.$bitselwrite$sel$scripts/gate03r/rtl/secded_characterization_tops.sv:66$462' from process `\gate03r_secded_baseline_decoder.$proc$scripts/gate03r/rtl/secded_characterization_tops.sv:45$686'.
No latch inferred for signal `\gate03r_secded_baseline_decoder.$bitselwrite$mask$scripts/gate03r/rtl/secded_characterization_tops.sv:66$464' from process `\gate03r_secded_baseline_decoder.$proc$scripts/gate03r/rtl/secded_characterization_tops.sv:45$686'.
No latch inferred for signal `\gate03r_secded_baseline_decoder.$bitselwrite$data$scripts/gate03r/rtl/secded_characterization_tops.sv:66$465' from process `\gate03r_secded_baseline_decoder.$proc$scripts/gate03r/rtl/secded_characterization_tops.sv:45$686'.
No latch inferred for signal `\gate03r_secded_baseline_decoder.$bitselwrite$sel$scripts/gate03r/rtl/secded_characterization_tops.sv:66$466' from process `\gate03r_secded_baseline_decoder.$proc$scripts/gate03r/rtl/secded_characterization_tops.sv:45$686'.
No latch inferred for signal `\gate03r_secded_baseline_decoder.$bitselwrite$mask$scripts/gate03r/rtl/secded_characterization_tops.sv:66$468' from process `\gate03r_secded_baseline_decoder.$proc$scripts/gate03r/rtl/secded_characterization_tops.sv:45$686'.
No latch inferred for signal `\gate03r_secded_baseline_decoder.$bitselwrite$data$scripts/gate03r/rtl/secded_characterization_tops.sv:66$469' from process `\gate03r_secded_baseline_decoder.$proc$scripts/gate03r/rtl/secded_characterization_tops.sv:45$686'.
No latch inferred for signal `\gate03r_secded_baseline_decoder.$bitselwrite$sel$scripts/gate03r/rtl/secded_characterization_tops.sv:66$470' from process `\gate03r_secded_baseline_decoder.$proc$scripts/gate03r/rtl/secded_characterization_tops.sv:45$686'.
No latch inferred for signal `\gate03r_secded_baseline_decoder.$bitselwrite$mask$scripts/gate03r/rtl/secded_characterization_tops.sv:66$473' from process `\gate03r_secded_baseline_decoder.$proc$scripts/gate03r/rtl/secded_characterization_tops.sv:45$686'.
No latch inferred for signal `\gate03r_secded_baseline_decoder.$bitselwrite$data$scripts/gate03r/rtl/secded_characterization_tops.sv:66$474' from process `\gate03r_secded_baseline_decoder.$proc$scripts/gate03r/rtl/secded_characterization_tops.sv:45$686'.
No latch inferred for signal `\gate03r_secded_baseline_decoder.$bitselwrite$sel$scripts/gate03r/rtl/secded_characterization_tops.sv:66$475' from process `\gate03r_secded_baseline_decoder.$proc$scripts/gate03r/rtl/secded_characterization_tops.sv:45$686'.
No latch inferred for signal `\gate03r_secded_baseline_decoder.$bitselwrite$mask$scripts/gate03r/rtl/secded_characterization_tops.sv:66$477' from process `\gate03r_secded_baseline_decoder.$proc$scripts/gate03r/rtl/secded_characterization_tops.sv:45$686'.
No latch inferred for signal `\gate03r_secded_baseline_decoder.$bitselwrite$data$scripts/gate03r/rtl/secded_characterization_tops.sv:66$478' from process `\gate03r_secded_baseline_decoder.$proc$scripts/gate03r/rtl/secded_characterization_tops.sv:45$686'.
No latch inferred for signal `\gate03r_secded_baseline_decoder.$bitselwrite$sel$scripts/gate03r/rtl/secded_characterization_tops.sv:66$479' from process `\gate03r_secded_baseline_decoder.$proc$scripts/gate03r/rtl/secded_characterization_tops.sv:45$686'.
No latch inferred for signal `\gate03r_secded_baseline_decoder.$bitselwrite$mask$scripts/gate03r/rtl/secded_characterization_tops.sv:66$481' from process `\gate03r_secded_baseline_decoder.$proc$scripts/gate03r/rtl/secded_characterization_tops.sv:45$686'.
No latch inferred for signal `\gate03r_secded_baseline_decoder.$bitselwrite$data$scripts/gate03r/rtl/secded_characterization_tops.sv:66$482' from process `\gate03r_secded_baseline_decoder.$proc$scripts/gate03r/rtl/secded_characterization_tops.sv:45$686'.
No latch inferred for signal `\gate03r_secded_baseline_decoder.$bitselwrite$sel$scripts/gate03r/rtl/secded_characterization_tops.sv:66$483' from process `\gate03r_secded_baseline_decoder.$proc$scripts/gate03r/rtl/secded_characterization_tops.sv:45$686'.
No latch inferred for signal `\gate03r_secded_baseline_decoder.$bitselwrite$mask$scripts/gate03r/rtl/secded_characterization_tops.sv:66$485' from process `\gate03r_secded_baseline_decoder.$proc$scripts/gate03r/rtl/secded_characterization_tops.sv:45$686'.
No latch inferred for signal `\gate03r_secded_baseline_decoder.$bitselwrite$data$scripts/gate03r/rtl/secded_characterization_tops.sv:66$486' from process `\gate03r_secded_baseline_decoder.$proc$scripts/gate03r/rtl/secded_characterization_tops.sv:45$686'.
No latch inferred for signal `\gate03r_secded_baseline_decoder.$bitselwrite$sel$scripts/gate03r/rtl/secded_characterization_tops.sv:66$487' from process `\gate03r_secded_baseline_decoder.$proc$scripts/gate03r/rtl/secded_characterization_tops.sv:45$686'.
No latch inferred for signal `\gate03r_secded_baseline_decoder.$bitselwrite$mask$scripts/gate03r/rtl/secded_characterization_tops.sv:66$489' from process `\gate03r_secded_baseline_decoder.$proc$scripts/gate03r/rtl/secded_characterization_tops.sv:45$686'.
No latch inferred for signal `\gate03r_secded_baseline_decoder.$bitselwrite$data$scripts/gate03r/rtl/secded_characterization_tops.sv:66$490' from process `\gate03r_secded_baseline_decoder.$proc$scripts/gate03r/rtl/secded_characterization_tops.sv:45$686'.
No latch inferred for signal `\gate03r_secded_baseline_decoder.$bitselwrite$sel$scripts/gate03r/rtl/secded_characterization_tops.sv:66$491' from process `\gate03r_secded_baseline_decoder.$proc$scripts/gate03r/rtl/secded_characterization_tops.sv:45$686'.
No latch inferred for signal `\gate03r_secded_baseline_decoder.$bitselwrite$mask$scripts/gate03r/rtl/secded_characterization_tops.sv:66$493' from process `\gate03r_secded_baseline_decoder.$proc$scripts/gate03r/rtl/secded_characterization_tops.sv:45$686'.
No latch inferred for signal `\gate03r_secded_baseline_decoder.$bitselwrite$data$scripts/gate03r/rtl/secded_characterization_tops.sv:66$494' from process `\gate03r_secded_baseline_decoder.$proc$scripts/gate03r/rtl/secded_characterization_tops.sv:45$686'.
No latch inferred for signal `\gate03r_secded_baseline_decoder.$bitselwrite$sel$scripts/gate03r/rtl/secded_characterization_tops.sv:66$495' from process `\gate03r_secded_baseline_decoder.$proc$scripts/gate03r/rtl/secded_characterization_tops.sv:45$686'.
No latch inferred for signal `\gate03r_secded_baseline_decoder.$bitselwrite$mask$scripts/gate03r/rtl/secded_characterization_tops.sv:66$497' from process `\gate03r_secded_baseline_decoder.$proc$scripts/gate03r/rtl/secded_characterization_tops.sv:45$686'.
No latch inferred for signal `\gate03r_secded_baseline_decoder.$bitselwrite$data$scripts/gate03r/rtl/secded_characterization_tops.sv:66$498' from process `\gate03r_secded_baseline_decoder.$proc$scripts/gate03r/rtl/secded_characterization_tops.sv:45$686'.
No latch inferred for signal `\gate03r_secded_baseline_decoder.$bitselwrite$sel$scripts/gate03r/rtl/secded_characterization_tops.sv:66$499' from process `\gate03r_secded_baseline_decoder.$proc$scripts/gate03r/rtl/secded_characterization_tops.sv:45$686'.
No latch inferred for signal `\gate03r_secded_baseline_decoder.$bitselwrite$mask$scripts/gate03r/rtl/secded_characterization_tops.sv:66$501' from process `\gate03r_secded_baseline_decoder.$proc$scripts/gate03r/rtl/secded_characterization_tops.sv:45$686'.
No latch inferred for signal `\gate03r_secded_baseline_decoder.$bitselwrite$data$scripts/gate03r/rtl/secded_characterization_tops.sv:66$502' from process `\gate03r_secded_baseline_decoder.$proc$scripts/gate03r/rtl/secded_characterization_tops.sv:45$686'.
No latch inferred for signal `\gate03r_secded_baseline_decoder.$bitselwrite$sel$scripts/gate03r/rtl/secded_characterization_tops.sv:66$503' from process `\gate03r_secded_baseline_decoder.$proc$scripts/gate03r/rtl/secded_characterization_tops.sv:45$686'.
No latch inferred for signal `\gate03r_secded_baseline_decoder.$bitselwrite$mask$scripts/gate03r/rtl/secded_characterization_tops.sv:66$505' from process `\gate03r_secded_baseline_decoder.$proc$scripts/gate03r/rtl/secded_characterization_tops.sv:45$686'.
No latch inferred for signal `\gate03r_secded_baseline_decoder.$bitselwrite$data$scripts/gate03r/rtl/secded_characterization_tops.sv:66$506' from process `\gate03r_secded_baseline_decoder.$proc$scripts/gate03r/rtl/secded_characterization_tops.sv:45$686'.
No latch inferred for signal `\gate03r_secded_baseline_decoder.$bitselwrite$sel$scripts/gate03r/rtl/secded_characterization_tops.sv:66$507' from process `\gate03r_secded_baseline_decoder.$proc$scripts/gate03r/rtl/secded_characterization_tops.sv:45$686'.
No latch inferred for signal `\gate03r_secded_baseline_decoder.$bitselwrite$mask$scripts/gate03r/rtl/secded_characterization_tops.sv:66$509' from process `\gate03r_secded_baseline_decoder.$proc$scripts/gate03r/rtl/secded_characterization_tops.sv:45$686'.
No latch inferred for signal `\gate03r_secded_baseline_decoder.$bitselwrite$data$scripts/gate03r/rtl/secded_characterization_tops.sv:66$510' from process `\gate03r_secded_baseline_decoder.$proc$scripts/gate03r/rtl/secded_characterization_tops.sv:45$686'.
No latch inferred for signal `\gate03r_secded_baseline_decoder.$bitselwrite$sel$scripts/gate03r/rtl/secded_characterization_tops.sv:66$511' from process `\gate03r_secded_baseline_decoder.$proc$scripts/gate03r/rtl/secded_characterization_tops.sv:45$686'.
No latch inferred for signal `\gate03r_secded_baseline_decoder.$bitselwrite$mask$scripts/gate03r/rtl/secded_characterization_tops.sv:66$513' from process `\gate03r_secded_baseline_decoder.$proc$scripts/gate03r/rtl/secded_characterization_tops.sv:45$686'.
No latch inferred for signal `\gate03r_secded_baseline_decoder.$bitselwrite$data$scripts/gate03r/rtl/secded_characterization_tops.sv:66$514' from process `\gate03r_secded_baseline_decoder.$proc$scripts/gate03r/rtl/secded_characterization_tops.sv:45$686'.
No latch inferred for signal `\gate03r_secded_baseline_decoder.$bitselwrite$sel$scripts/gate03r/rtl/secded_characterization_tops.sv:66$515' from process `\gate03r_secded_baseline_decoder.$proc$scripts/gate03r/rtl/secded_characterization_tops.sv:45$686'.
No latch inferred for signal `\gate03r_secded_baseline_decoder.$bitselwrite$mask$scripts/gate03r/rtl/secded_characterization_tops.sv:66$517' from process `\gate03r_secded_baseline_decoder.$proc$scripts/gate03r/rtl/secded_characterization_tops.sv:45$686'.
No latch inferred for signal `\gate03r_secded_baseline_decoder.$bitselwrite$data$scripts/gate03r/rtl/secded_characterization_tops.sv:66$518' from process `\gate03r_secded_baseline_decoder.$proc$scripts/gate03r/rtl/secded_characterization_tops.sv:45$686'.
No latch inferred for signal `\gate03r_secded_baseline_decoder.$bitselwrite$sel$scripts/gate03r/rtl/secded_characterization_tops.sv:66$519' from process `\gate03r_secded_baseline_decoder.$proc$scripts/gate03r/rtl/secded_characterization_tops.sv:45$686'.
No latch inferred for signal `\gate03r_secded_baseline_decoder.$bitselwrite$mask$scripts/gate03r/rtl/secded_characterization_tops.sv:66$521' from process `\gate03r_secded_baseline_decoder.$proc$scripts/gate03r/rtl/secded_characterization_tops.sv:45$686'.
No latch inferred for signal `\gate03r_secded_baseline_decoder.$bitselwrite$data$scripts/gate03r/rtl/secded_characterization_tops.sv:66$522' from process `\gate03r_secded_baseline_decoder.$proc$scripts/gate03r/rtl/secded_characterization_tops.sv:45$686'.
No latch inferred for signal `\gate03r_secded_baseline_decoder.$bitselwrite$sel$scripts/gate03r/rtl/secded_characterization_tops.sv:66$523' from process `\gate03r_secded_baseline_decoder.$proc$scripts/gate03r/rtl/secded_characterization_tops.sv:45$686'.
No latch inferred for signal `\gate03r_secded_baseline_decoder.$bitselwrite$mask$scripts/gate03r/rtl/secded_characterization_tops.sv:66$525' from process `\gate03r_secded_baseline_decoder.$proc$scripts/gate03r/rtl/secded_characterization_tops.sv:45$686'.
No latch inferred for signal `\gate03r_secded_baseline_decoder.$bitselwrite$data$scripts/gate03r/rtl/secded_characterization_tops.sv:66$526' from process `\gate03r_secded_baseline_decoder.$proc$scripts/gate03r/rtl/secded_characterization_tops.sv:45$686'.
No latch inferred for signal `\gate03r_secded_baseline_decoder.$bitselwrite$sel$scripts/gate03r/rtl/secded_characterization_tops.sv:66$527' from process `\gate03r_secded_baseline_decoder.$proc$scripts/gate03r/rtl/secded_characterization_tops.sv:45$686'.
No latch inferred for signal `\gate03r_secded_baseline_decoder.$bitselwrite$mask$scripts/gate03r/rtl/secded_characterization_tops.sv:66$529' from process `\gate03r_secded_baseline_decoder.$proc$scripts/gate03r/rtl/secded_characterization_tops.sv:45$686'.
No latch inferred for signal `\gate03r_secded_baseline_decoder.$bitselwrite$data$scripts/gate03r/rtl/secded_characterization_tops.sv:66$530' from process `\gate03r_secded_baseline_decoder.$proc$scripts/gate03r/rtl/secded_characterization_tops.sv:45$686'.
No latch inferred for signal `\gate03r_secded_baseline_decoder.$bitselwrite$sel$scripts/gate03r/rtl/secded_characterization_tops.sv:66$531' from process `\gate03r_secded_baseline_decoder.$proc$scripts/gate03r/rtl/secded_characterization_tops.sv:45$686'.
No latch inferred for signal `\gate03r_secded_baseline_decoder.$bitselwrite$mask$scripts/gate03r/rtl/secded_characterization_tops.sv:66$534' from process `\gate03r_secded_baseline_decoder.$proc$scripts/gate03r/rtl/secded_characterization_tops.sv:45$686'.
No latch inferred for signal `\gate03r_secded_baseline_decoder.$bitselwrite$data$scripts/gate03r/rtl/secded_characterization_tops.sv:66$535' from process `\gate03r_secded_baseline_decoder.$proc$scripts/gate03r/rtl/secded_characterization_tops.sv:45$686'.
No latch inferred for signal `\gate03r_secded_baseline_decoder.$bitselwrite$sel$scripts/gate03r/rtl/secded_characterization_tops.sv:66$536' from process `\gate03r_secded_baseline_decoder.$proc$scripts/gate03r/rtl/secded_characterization_tops.sv:45$686'.
No latch inferred for signal `\gate03r_secded_baseline_decoder.$bitselwrite$mask$scripts/gate03r/rtl/secded_characterization_tops.sv:66$538' from process `\gate03r_secded_baseline_decoder.$proc$scripts/gate03r/rtl/secded_characterization_tops.sv:45$686'.
No latch inferred for signal `\gate03r_secded_baseline_decoder.$bitselwrite$data$scripts/gate03r/rtl/secded_characterization_tops.sv:66$539' from process `\gate03r_secded_baseline_decoder.$proc$scripts/gate03r/rtl/secded_characterization_tops.sv:45$686'.
No latch inferred for signal `\gate03r_secded_baseline_decoder.$bitselwrite$sel$scripts/gate03r/rtl/secded_characterization_tops.sv:66$540' from process `\gate03r_secded_baseline_decoder.$proc$scripts/gate03r/rtl/secded_characterization_tops.sv:45$686'.
No latch inferred for signal `\gate03r_secded_baseline_decoder.$bitselwrite$mask$scripts/gate03r/rtl/secded_characterization_tops.sv:66$542' from process `\gate03r_secded_baseline_decoder.$proc$scripts/gate03r/rtl/secded_characterization_tops.sv:45$686'.
No latch inferred for signal `\gate03r_secded_baseline_decoder.$bitselwrite$data$scripts/gate03r/rtl/secded_characterization_tops.sv:66$543' from process `\gate03r_secded_baseline_decoder.$proc$scripts/gate03r/rtl/secded_characterization_tops.sv:45$686'.
No latch inferred for signal `\gate03r_secded_baseline_decoder.$bitselwrite$sel$scripts/gate03r/rtl/secded_characterization_tops.sv:66$544' from process `\gate03r_secded_baseline_decoder.$proc$scripts/gate03r/rtl/secded_characterization_tops.sv:45$686'.
No latch inferred for signal `\gate03r_secded_baseline_decoder.$bitselwrite$mask$scripts/gate03r/rtl/secded_characterization_tops.sv:66$546' from process `\gate03r_secded_baseline_decoder.$proc$scripts/gate03r/rtl/secded_characterization_tops.sv:45$686'.
No latch inferred for signal `\gate03r_secded_baseline_decoder.$bitselwrite$data$scripts/gate03r/rtl/secded_characterization_tops.sv:66$547' from process `\gate03r_secded_baseline_decoder.$proc$scripts/gate03r/rtl/secded_characterization_tops.sv:45$686'.
No latch inferred for signal `\gate03r_secded_baseline_decoder.$bitselwrite$sel$scripts/gate03r/rtl/secded_characterization_tops.sv:66$548' from process `\gate03r_secded_baseline_decoder.$proc$scripts/gate03r/rtl/secded_characterization_tops.sv:45$686'.
No latch inferred for signal `\gate03r_secded_baseline_decoder.$bitselwrite$mask$scripts/gate03r/rtl/secded_characterization_tops.sv:66$550' from process `\gate03r_secded_baseline_decoder.$proc$scripts/gate03r/rtl/secded_characterization_tops.sv:45$686'.
No latch inferred for signal `\gate03r_secded_baseline_decoder.$bitselwrite$data$scripts/gate03r/rtl/secded_characterization_tops.sv:66$551' from process `\gate03r_secded_baseline_decoder.$proc$scripts/gate03r/rtl/secded_characterization_tops.sv:45$686'.
No latch inferred for signal `\gate03r_secded_baseline_decoder.$bitselwrite$sel$scripts/gate03r/rtl/secded_characterization_tops.sv:66$552' from process `\gate03r_secded_baseline_decoder.$proc$scripts/gate03r/rtl/secded_characterization_tops.sv:45$686'.
No latch inferred for signal `\gate03r_secded_baseline_decoder.$bitselwrite$mask$scripts/gate03r/rtl/secded_characterization_tops.sv:66$554' from process `\gate03r_secded_baseline_decoder.$proc$scripts/gate03r/rtl/secded_characterization_tops.sv:45$686'.
No latch inferred for signal `\gate03r_secded_baseline_decoder.$bitselwrite$data$scripts/gate03r/rtl/secded_characterization_tops.sv:66$555' from process `\gate03r_secded_baseline_decoder.$proc$scripts/gate03r/rtl/secded_characterization_tops.sv:45$686'.
No latch inferred for signal `\gate03r_secded_baseline_decoder.$bitselwrite$sel$scripts/gate03r/rtl/secded_characterization_tops.sv:66$556' from process `\gate03r_secded_baseline_decoder.$proc$scripts/gate03r/rtl/secded_characterization_tops.sv:45$686'.
No latch inferred for signal `\gate03r_secded_baseline_decoder.$bitselwrite$mask$scripts/gate03r/rtl/secded_characterization_tops.sv:66$558' from process `\gate03r_secded_baseline_decoder.$proc$scripts/gate03r/rtl/secded_characterization_tops.sv:45$686'.
No latch inferred for signal `\gate03r_secded_baseline_decoder.$bitselwrite$data$scripts/gate03r/rtl/secded_characterization_tops.sv:66$559' from process `\gate03r_secded_baseline_decoder.$proc$scripts/gate03r/rtl/secded_characterization_tops.sv:45$686'.
No latch inferred for signal `\gate03r_secded_baseline_decoder.$bitselwrite$sel$scripts/gate03r/rtl/secded_characterization_tops.sv:66$560' from process `\gate03r_secded_baseline_decoder.$proc$scripts/gate03r/rtl/secded_characterization_tops.sv:45$686'.
No latch inferred for signal `\gate03r_secded_baseline_decoder.$bitselwrite$mask$scripts/gate03r/rtl/secded_characterization_tops.sv:66$562' from process `\gate03r_secded_baseline_decoder.$proc$scripts/gate03r/rtl/secded_characterization_tops.sv:45$686'.
No latch inferred for signal `\gate03r_secded_baseline_decoder.$bitselwrite$data$scripts/gate03r/rtl/secded_characterization_tops.sv:66$563' from process `\gate03r_secded_baseline_decoder.$proc$scripts/gate03r/rtl/secded_characterization_tops.sv:45$686'.
No latch inferred for signal `\gate03r_secded_baseline_decoder.$bitselwrite$sel$scripts/gate03r/rtl/secded_characterization_tops.sv:66$564' from process `\gate03r_secded_baseline_decoder.$proc$scripts/gate03r/rtl/secded_characterization_tops.sv:45$686'.
No latch inferred for signal `\gate03r_secded_baseline_decoder.$bitselwrite$mask$scripts/gate03r/rtl/secded_characterization_tops.sv:66$566' from process `\gate03r_secded_baseline_decoder.$proc$scripts/gate03r/rtl/secded_characterization_tops.sv:45$686'.
No latch inferred for signal `\gate03r_secded_baseline_decoder.$bitselwrite$data$scripts/gate03r/rtl/secded_characterization_tops.sv:66$567' from process `\gate03r_secded_baseline_decoder.$proc$scripts/gate03r/rtl/secded_characterization_tops.sv:45$686'.
No latch inferred for signal `\gate03r_secded_baseline_decoder.$bitselwrite$sel$scripts/gate03r/rtl/secded_characterization_tops.sv:66$568' from process `\gate03r_secded_baseline_decoder.$proc$scripts/gate03r/rtl/secded_characterization_tops.sv:45$686'.
No latch inferred for signal `\gate03r_secded_baseline_decoder.$bitselwrite$mask$scripts/gate03r/rtl/secded_characterization_tops.sv:66$570' from process `\gate03r_secded_baseline_decoder.$proc$scripts/gate03r/rtl/secded_characterization_tops.sv:45$686'.
No latch inferred for signal `\gate03r_secded_baseline_decoder.$bitselwrite$data$scripts/gate03r/rtl/secded_characterization_tops.sv:66$571' from process `\gate03r_secded_baseline_decoder.$proc$scripts/gate03r/rtl/secded_characterization_tops.sv:45$686'.
No latch inferred for signal `\gate03r_secded_baseline_decoder.$bitselwrite$sel$scripts/gate03r/rtl/secded_characterization_tops.sv:66$572' from process `\gate03r_secded_baseline_decoder.$proc$scripts/gate03r/rtl/secded_characterization_tops.sv:45$686'.
No latch inferred for signal `\gate03r_secded_baseline_decoder.$bitselwrite$mask$scripts/gate03r/rtl/secded_characterization_tops.sv:66$574' from process `\gate03r_secded_baseline_decoder.$proc$scripts/gate03r/rtl/secded_characterization_tops.sv:45$686'.
No latch inferred for signal `\gate03r_secded_baseline_decoder.$bitselwrite$data$scripts/gate03r/rtl/secded_characterization_tops.sv:66$575' from process `\gate03r_secded_baseline_decoder.$proc$scripts/gate03r/rtl/secded_characterization_tops.sv:45$686'.
No latch inferred for signal `\gate03r_secded_baseline_decoder.$bitselwrite$sel$scripts/gate03r/rtl/secded_characterization_tops.sv:66$576' from process `\gate03r_secded_baseline_decoder.$proc$scripts/gate03r/rtl/secded_characterization_tops.sv:45$686'.
No latch inferred for signal `\gate03r_secded_baseline_decoder.$bitselwrite$mask$scripts/gate03r/rtl/secded_characterization_tops.sv:66$578' from process `\gate03r_secded_baseline_decoder.$proc$scripts/gate03r/rtl/secded_characterization_tops.sv:45$686'.
No latch inferred for signal `\gate03r_secded_baseline_decoder.$bitselwrite$data$scripts/gate03r/rtl/secded_characterization_tops.sv:66$579' from process `\gate03r_secded_baseline_decoder.$proc$scripts/gate03r/rtl/secded_characterization_tops.sv:45$686'.
No latch inferred for signal `\gate03r_secded_baseline_decoder.$bitselwrite$sel$scripts/gate03r/rtl/secded_characterization_tops.sv:66$580' from process `\gate03r_secded_baseline_decoder.$proc$scripts/gate03r/rtl/secded_characterization_tops.sv:45$686'.
No latch inferred for signal `\gate03r_secded_baseline_decoder.$bitselwrite$mask$scripts/gate03r/rtl/secded_characterization_tops.sv:66$582' from process `\gate03r_secded_baseline_decoder.$proc$scripts/gate03r/rtl/secded_characterization_tops.sv:45$686'.
No latch inferred for signal `\gate03r_secded_baseline_decoder.$bitselwrite$data$scripts/gate03r/rtl/secded_characterization_tops.sv:66$583' from process `\gate03r_secded_baseline_decoder.$proc$scripts/gate03r/rtl/secded_characterization_tops.sv:45$686'.
No latch inferred for signal `\gate03r_secded_baseline_decoder.$bitselwrite$sel$scripts/gate03r/rtl/secded_characterization_tops.sv:66$584' from process `\gate03r_secded_baseline_decoder.$proc$scripts/gate03r/rtl/secded_characterization_tops.sv:45$686'.
No latch inferred for signal `\gate03r_secded_baseline_decoder.$bitselwrite$mask$scripts/gate03r/rtl/secded_characterization_tops.sv:66$586' from process `\gate03r_secded_baseline_decoder.$proc$scripts/gate03r/rtl/secded_characterization_tops.sv:45$686'.
No latch inferred for signal `\gate03r_secded_baseline_decoder.$bitselwrite$data$scripts/gate03r/rtl/secded_characterization_tops.sv:66$587' from process `\gate03r_secded_baseline_decoder.$proc$scripts/gate03r/rtl/secded_characterization_tops.sv:45$686'.
No latch inferred for signal `\gate03r_secded_baseline_decoder.$bitselwrite$sel$scripts/gate03r/rtl/secded_characterization_tops.sv:66$588' from process `\gate03r_secded_baseline_decoder.$proc$scripts/gate03r/rtl/secded_characterization_tops.sv:45$686'.
No latch inferred for signal `\gate03r_secded_baseline_decoder.$bitselwrite$mask$scripts/gate03r/rtl/secded_characterization_tops.sv:66$590' from process `\gate03r_secded_baseline_decoder.$proc$scripts/gate03r/rtl/secded_characterization_tops.sv:45$686'.
No latch inferred for signal `\gate03r_secded_baseline_decoder.$bitselwrite$data$scripts/gate03r/rtl/secded_characterization_tops.sv:66$591' from process `\gate03r_secded_baseline_decoder.$proc$scripts/gate03r/rtl/secded_characterization_tops.sv:45$686'.
No latch inferred for signal `\gate03r_secded_baseline_decoder.$bitselwrite$sel$scripts/gate03r/rtl/secded_characterization_tops.sv:66$592' from process `\gate03r_secded_baseline_decoder.$proc$scripts/gate03r/rtl/secded_characterization_tops.sv:45$686'.
No latch inferred for signal `\gate03r_secded_baseline_decoder.$bitselwrite$mask$scripts/gate03r/rtl/secded_characterization_tops.sv:66$594' from process `\gate03r_secded_baseline_decoder.$proc$scripts/gate03r/rtl/secded_characterization_tops.sv:45$686'.
No latch inferred for signal `\gate03r_secded_baseline_decoder.$bitselwrite$data$scripts/gate03r/rtl/secded_characterization_tops.sv:66$595' from process `\gate03r_secded_baseline_decoder.$proc$scripts/gate03r/rtl/secded_characterization_tops.sv:45$686'.
No latch inferred for signal `\gate03r_secded_baseline_decoder.$bitselwrite$sel$scripts/gate03r/rtl/secded_characterization_tops.sv:66$596' from process `\gate03r_secded_baseline_decoder.$proc$scripts/gate03r/rtl/secded_characterization_tops.sv:45$686'.
No latch inferred for signal `\gate03r_secded_baseline_decoder.$bitselwrite$mask$scripts/gate03r/rtl/secded_characterization_tops.sv:66$598' from process `\gate03r_secded_baseline_decoder.$proc$scripts/gate03r/rtl/secded_characterization_tops.sv:45$686'.
No latch inferred for signal `\gate03r_secded_baseline_decoder.$bitselwrite$data$scripts/gate03r/rtl/secded_characterization_tops.sv:66$599' from process `\gate03r_secded_baseline_decoder.$proc$scripts/gate03r/rtl/secded_characterization_tops.sv:45$686'.
No latch inferred for signal `\gate03r_secded_baseline_decoder.$bitselwrite$sel$scripts/gate03r/rtl/secded_characterization_tops.sv:66$600' from process `\gate03r_secded_baseline_decoder.$proc$scripts/gate03r/rtl/secded_characterization_tops.sv:45$686'.
No latch inferred for signal `\gate03r_secded_baseline_decoder.$bitselwrite$mask$scripts/gate03r/rtl/secded_characterization_tops.sv:66$602' from process `\gate03r_secded_baseline_decoder.$proc$scripts/gate03r/rtl/secded_characterization_tops.sv:45$686'.
No latch inferred for signal `\gate03r_secded_baseline_decoder.$bitselwrite$data$scripts/gate03r/rtl/secded_characterization_tops.sv:66$603' from process `\gate03r_secded_baseline_decoder.$proc$scripts/gate03r/rtl/secded_characterization_tops.sv:45$686'.
No latch inferred for signal `\gate03r_secded_baseline_decoder.$bitselwrite$sel$scripts/gate03r/rtl/secded_characterization_tops.sv:66$604' from process `\gate03r_secded_baseline_decoder.$proc$scripts/gate03r/rtl/secded_characterization_tops.sv:45$686'.
No latch inferred for signal `\gate03r_secded_baseline_decoder.$bitselwrite$mask$scripts/gate03r/rtl/secded_characterization_tops.sv:66$606' from process `\gate03r_secded_baseline_decoder.$proc$scripts/gate03r/rtl/secded_characterization_tops.sv:45$686'.
No latch inferred for signal `\gate03r_secded_baseline_decoder.$bitselwrite$data$scripts/gate03r/rtl/secded_characterization_tops.sv:66$607' from process `\gate03r_secded_baseline_decoder.$proc$scripts/gate03r/rtl/secded_characterization_tops.sv:45$686'.
No latch inferred for signal `\gate03r_secded_baseline_decoder.$bitselwrite$sel$scripts/gate03r/rtl/secded_characterization_tops.sv:66$608' from process `\gate03r_secded_baseline_decoder.$proc$scripts/gate03r/rtl/secded_characterization_tops.sv:45$686'.
No latch inferred for signal `\gate03r_secded_baseline_decoder.$bitselwrite$mask$scripts/gate03r/rtl/secded_characterization_tops.sv:66$610' from process `\gate03r_secded_baseline_decoder.$proc$scripts/gate03r/rtl/secded_characterization_tops.sv:45$686'.
No latch inferred for signal `\gate03r_secded_baseline_decoder.$bitselwrite$data$scripts/gate03r/rtl/secded_characterization_tops.sv:66$611' from process `\gate03r_secded_baseline_decoder.$proc$scripts/gate03r/rtl/secded_characterization_tops.sv:45$686'.
No latch inferred for signal `\gate03r_secded_baseline_decoder.$bitselwrite$sel$scripts/gate03r/rtl/secded_characterization_tops.sv:66$612' from process `\gate03r_secded_baseline_decoder.$proc$scripts/gate03r/rtl/secded_characterization_tops.sv:45$686'.
No latch inferred for signal `\gate03r_secded_baseline_decoder.$bitselwrite$mask$scripts/gate03r/rtl/secded_characterization_tops.sv:66$614' from process `\gate03r_secded_baseline_decoder.$proc$scripts/gate03r/rtl/secded_characterization_tops.sv:45$686'.
No latch inferred for signal `\gate03r_secded_baseline_decoder.$bitselwrite$data$scripts/gate03r/rtl/secded_characterization_tops.sv:66$615' from process `\gate03r_secded_baseline_decoder.$proc$scripts/gate03r/rtl/secded_characterization_tops.sv:45$686'.
No latch inferred for signal `\gate03r_secded_baseline_decoder.$bitselwrite$sel$scripts/gate03r/rtl/secded_characterization_tops.sv:66$616' from process `\gate03r_secded_baseline_decoder.$proc$scripts/gate03r/rtl/secded_characterization_tops.sv:45$686'.
No latch inferred for signal `\gate03r_secded_baseline_decoder.$bitselwrite$mask$scripts/gate03r/rtl/secded_characterization_tops.sv:66$618' from process `\gate03r_secded_baseline_decoder.$proc$scripts/gate03r/rtl/secded_characterization_tops.sv:45$686'.
No latch inferred for signal `\gate03r_secded_baseline_decoder.$bitselwrite$data$scripts/gate03r/rtl/secded_characterization_tops.sv:66$619' from process `\gate03r_secded_baseline_decoder.$proc$scripts/gate03r/rtl/secded_characterization_tops.sv:45$686'.
No latch inferred for signal `\gate03r_secded_baseline_decoder.$bitselwrite$sel$scripts/gate03r/rtl/secded_characterization_tops.sv:66$620' from process `\gate03r_secded_baseline_decoder.$proc$scripts/gate03r/rtl/secded_characterization_tops.sv:45$686'.
No latch inferred for signal `\gate03r_secded_baseline_decoder.$bitselwrite$mask$scripts/gate03r/rtl/secded_characterization_tops.sv:66$622' from process `\gate03r_secded_baseline_decoder.$proc$scripts/gate03r/rtl/secded_characterization_tops.sv:45$686'.
No latch inferred for signal `\gate03r_secded_baseline_decoder.$bitselwrite$data$scripts/gate03r/rtl/secded_characterization_tops.sv:66$623' from process `\gate03r_secded_baseline_decoder.$proc$scripts/gate03r/rtl/secded_characterization_tops.sv:45$686'.
No latch inferred for signal `\gate03r_secded_baseline_decoder.$bitselwrite$sel$scripts/gate03r/rtl/secded_characterization_tops.sv:66$624' from process `\gate03r_secded_baseline_decoder.$proc$scripts/gate03r/rtl/secded_characterization_tops.sv:45$686'.
No latch inferred for signal `\gate03r_secded_baseline_decoder.$bitselwrite$mask$scripts/gate03r/rtl/secded_characterization_tops.sv:66$626' from process `\gate03r_secded_baseline_decoder.$proc$scripts/gate03r/rtl/secded_characterization_tops.sv:45$686'.
No latch inferred for signal `\gate03r_secded_baseline_decoder.$bitselwrite$data$scripts/gate03r/rtl/secded_characterization_tops.sv:66$627' from process `\gate03r_secded_baseline_decoder.$proc$scripts/gate03r/rtl/secded_characterization_tops.sv:45$686'.
No latch inferred for signal `\gate03r_secded_baseline_decoder.$bitselwrite$sel$scripts/gate03r/rtl/secded_characterization_tops.sv:66$628' from process `\gate03r_secded_baseline_decoder.$proc$scripts/gate03r/rtl/secded_characterization_tops.sv:45$686'.
No latch inferred for signal `\gate03r_secded_baseline_decoder.$bitselwrite$mask$scripts/gate03r/rtl/secded_characterization_tops.sv:66$630' from process `\gate03r_secded_baseline_decoder.$proc$scripts/gate03r/rtl/secded_characterization_tops.sv:45$686'.
No latch inferred for signal `\gate03r_secded_baseline_decoder.$bitselwrite$data$scripts/gate03r/rtl/secded_characterization_tops.sv:66$631' from process `\gate03r_secded_baseline_decoder.$proc$scripts/gate03r/rtl/secded_characterization_tops.sv:45$686'.
No latch inferred for signal `\gate03r_secded_baseline_decoder.$bitselwrite$sel$scripts/gate03r/rtl/secded_characterization_tops.sv:66$632' from process `\gate03r_secded_baseline_decoder.$proc$scripts/gate03r/rtl/secded_characterization_tops.sv:45$686'.
No latch inferred for signal `\gate03r_secded_baseline_decoder.$bitselwrite$mask$scripts/gate03r/rtl/secded_characterization_tops.sv:66$634' from process `\gate03r_secded_baseline_decoder.$proc$scripts/gate03r/rtl/secded_characterization_tops.sv:45$686'.
No latch inferred for signal `\gate03r_secded_baseline_decoder.$bitselwrite$data$scripts/gate03r/rtl/secded_characterization_tops.sv:66$635' from process `\gate03r_secded_baseline_decoder.$proc$scripts/gate03r/rtl/secded_characterization_tops.sv:45$686'.
No latch inferred for signal `\gate03r_secded_baseline_decoder.$bitselwrite$sel$scripts/gate03r/rtl/secded_characterization_tops.sv:66$636' from process `\gate03r_secded_baseline_decoder.$proc$scripts/gate03r/rtl/secded_characterization_tops.sv:45$686'.
No latch inferred for signal `\gate03r_secded_baseline_decoder.$bitselwrite$mask$scripts/gate03r/rtl/secded_characterization_tops.sv:66$638' from process `\gate03r_secded_baseline_decoder.$proc$scripts/gate03r/rtl/secded_characterization_tops.sv:45$686'.
No latch inferred for signal `\gate03r_secded_baseline_decoder.$bitselwrite$data$scripts/gate03r/rtl/secded_characterization_tops.sv:66$639' from process `\gate03r_secded_baseline_decoder.$proc$scripts/gate03r/rtl/secded_characterization_tops.sv:45$686'.
No latch inferred for signal `\gate03r_secded_baseline_decoder.$bitselwrite$sel$scripts/gate03r/rtl/secded_characterization_tops.sv:66$640' from process `\gate03r_secded_baseline_decoder.$proc$scripts/gate03r/rtl/secded_characterization_tops.sv:45$686'.
No latch inferred for signal `\gate03r_secded_baseline_decoder.$bitselwrite$mask$scripts/gate03r/rtl/secded_characterization_tops.sv:66$642' from process `\gate03r_secded_baseline_decoder.$proc$scripts/gate03r/rtl/secded_characterization_tops.sv:45$686'.
No latch inferred for signal `\gate03r_secded_baseline_decoder.$bitselwrite$data$scripts/gate03r/rtl/secded_characterization_tops.sv:66$643' from process `\gate03r_secded_baseline_decoder.$proc$scripts/gate03r/rtl/secded_characterization_tops.sv:45$686'.
No latch inferred for signal `\gate03r_secded_baseline_decoder.$bitselwrite$sel$scripts/gate03r/rtl/secded_characterization_tops.sv:66$644' from process `\gate03r_secded_baseline_decoder.$proc$scripts/gate03r/rtl/secded_characterization_tops.sv:45$686'.
No latch inferred for signal `\gate03r_secded_baseline_decoder.$bitselwrite$mask$scripts/gate03r/rtl/secded_characterization_tops.sv:66$646' from process `\gate03r_secded_baseline_decoder.$proc$scripts/gate03r/rtl/secded_characterization_tops.sv:45$686'.
No latch inferred for signal `\gate03r_secded_baseline_decoder.$bitselwrite$data$scripts/gate03r/rtl/secded_characterization_tops.sv:66$647' from process `\gate03r_secded_baseline_decoder.$proc$scripts/gate03r/rtl/secded_characterization_tops.sv:45$686'.
No latch inferred for signal `\gate03r_secded_baseline_decoder.$bitselwrite$sel$scripts/gate03r/rtl/secded_characterization_tops.sv:66$648' from process `\gate03r_secded_baseline_decoder.$proc$scripts/gate03r/rtl/secded_characterization_tops.sv:45$686'.
No latch inferred for signal `\gate03r_secded_baseline_decoder.$bitselwrite$mask$scripts/gate03r/rtl/secded_characterization_tops.sv:66$650' from process `\gate03r_secded_baseline_decoder.$proc$scripts/gate03r/rtl/secded_characterization_tops.sv:45$686'.
No latch inferred for signal `\gate03r_secded_baseline_decoder.$bitselwrite$data$scripts/gate03r/rtl/secded_characterization_tops.sv:66$651' from process `\gate03r_secded_baseline_decoder.$proc$scripts/gate03r/rtl/secded_characterization_tops.sv:45$686'.
No latch inferred for signal `\gate03r_secded_baseline_decoder.$bitselwrite$sel$scripts/gate03r/rtl/secded_characterization_tops.sv:66$652' from process `\gate03r_secded_baseline_decoder.$proc$scripts/gate03r/rtl/secded_characterization_tops.sv:45$686'.
No latch inferred for signal `\gate03r_secded_baseline_decoder.$bitselwrite$mask$scripts/gate03r/rtl/secded_characterization_tops.sv:66$654' from process `\gate03r_secded_baseline_decoder.$proc$scripts/gate03r/rtl/secded_characterization_tops.sv:45$686'.
No latch inferred for signal `\gate03r_secded_baseline_decoder.$bitselwrite$data$scripts/gate03r/rtl/secded_characterization_tops.sv:66$655' from process `\gate03r_secded_baseline_decoder.$proc$scripts/gate03r/rtl/secded_characterization_tops.sv:45$686'.
No latch inferred for signal `\gate03r_secded_baseline_decoder.$bitselwrite$sel$scripts/gate03r/rtl/secded_characterization_tops.sv:66$656' from process `\gate03r_secded_baseline_decoder.$proc$scripts/gate03r/rtl/secded_characterization_tops.sv:45$686'.
No latch inferred for signal `\gate03r_secded_baseline_decoder.$bitselwrite$mask$scripts/gate03r/rtl/secded_characterization_tops.sv:66$659' from process `\gate03r_secded_baseline_decoder.$proc$scripts/gate03r/rtl/secded_characterization_tops.sv:45$686'.
No latch inferred for signal `\gate03r_secded_baseline_decoder.$bitselwrite$data$scripts/gate03r/rtl/secded_characterization_tops.sv:66$660' from process `\gate03r_secded_baseline_decoder.$proc$scripts/gate03r/rtl/secded_characterization_tops.sv:45$686'.
No latch inferred for signal `\gate03r_secded_baseline_decoder.$bitselwrite$sel$scripts/gate03r/rtl/secded_characterization_tops.sv:66$661' from process `\gate03r_secded_baseline_decoder.$proc$scripts/gate03r/rtl/secded_characterization_tops.sv:45$686'.
No latch inferred for signal `\gate03r_secded_baseline_decoder.$bitselwrite$mask$scripts/gate03r/rtl/secded_characterization_tops.sv:66$663' from process `\gate03r_secded_baseline_decoder.$proc$scripts/gate03r/rtl/secded_characterization_tops.sv:45$686'.
No latch inferred for signal `\gate03r_secded_baseline_decoder.$bitselwrite$data$scripts/gate03r/rtl/secded_characterization_tops.sv:66$664' from process `\gate03r_secded_baseline_decoder.$proc$scripts/gate03r/rtl/secded_characterization_tops.sv:45$686'.
No latch inferred for signal `\gate03r_secded_baseline_decoder.$bitselwrite$sel$scripts/gate03r/rtl/secded_characterization_tops.sv:66$665' from process `\gate03r_secded_baseline_decoder.$proc$scripts/gate03r/rtl/secded_characterization_tops.sv:45$686'.
No latch inferred for signal `\gate03r_secded_baseline_decoder.$bitselwrite$mask$scripts/gate03r/rtl/secded_characterization_tops.sv:66$667' from process `\gate03r_secded_baseline_decoder.$proc$scripts/gate03r/rtl/secded_characterization_tops.sv:45$686'.
No latch inferred for signal `\gate03r_secded_baseline_decoder.$bitselwrite$data$scripts/gate03r/rtl/secded_characterization_tops.sv:66$668' from process `\gate03r_secded_baseline_decoder.$proc$scripts/gate03r/rtl/secded_characterization_tops.sv:45$686'.
No latch inferred for signal `\gate03r_secded_baseline_decoder.$bitselwrite$sel$scripts/gate03r/rtl/secded_characterization_tops.sv:66$669' from process `\gate03r_secded_baseline_decoder.$proc$scripts/gate03r/rtl/secded_characterization_tops.sv:45$686'.
No latch inferred for signal `\gate03r_secded_baseline_decoder.$bitselwrite$mask$scripts/gate03r/rtl/secded_characterization_tops.sv:66$671' from process `\gate03r_secded_baseline_decoder.$proc$scripts/gate03r/rtl/secded_characterization_tops.sv:45$686'.
No latch inferred for signal `\gate03r_secded_baseline_decoder.$bitselwrite$data$scripts/gate03r/rtl/secded_characterization_tops.sv:66$672' from process `\gate03r_secded_baseline_decoder.$proc$scripts/gate03r/rtl/secded_characterization_tops.sv:45$686'.
No latch inferred for signal `\gate03r_secded_baseline_decoder.$bitselwrite$sel$scripts/gate03r/rtl/secded_characterization_tops.sv:66$673' from process `\gate03r_secded_baseline_decoder.$proc$scripts/gate03r/rtl/secded_characterization_tops.sv:45$686'.
No latch inferred for signal `\gate03r_secded_baseline_decoder.$bitselwrite$mask$scripts/gate03r/rtl/secded_characterization_tops.sv:66$675' from process `\gate03r_secded_baseline_decoder.$proc$scripts/gate03r/rtl/secded_characterization_tops.sv:45$686'.
No latch inferred for signal `\gate03r_secded_baseline_decoder.$bitselwrite$data$scripts/gate03r/rtl/secded_characterization_tops.sv:66$676' from process `\gate03r_secded_baseline_decoder.$proc$scripts/gate03r/rtl/secded_characterization_tops.sv:45$686'.
No latch inferred for signal `\gate03r_secded_baseline_decoder.$bitselwrite$sel$scripts/gate03r/rtl/secded_characterization_tops.sv:66$677' from process `\gate03r_secded_baseline_decoder.$proc$scripts/gate03r/rtl/secded_characterization_tops.sv:45$686'.
No latch inferred for signal `\gate03r_secded_baseline_decoder.$bitselwrite$mask$scripts/gate03r/rtl/secded_characterization_tops.sv:66$679' from process `\gate03r_secded_baseline_decoder.$proc$scripts/gate03r/rtl/secded_characterization_tops.sv:45$686'.
No latch inferred for signal `\gate03r_secded_baseline_decoder.$bitselwrite$data$scripts/gate03r/rtl/secded_characterization_tops.sv:66$680' from process `\gate03r_secded_baseline_decoder.$proc$scripts/gate03r/rtl/secded_characterization_tops.sv:45$686'.
No latch inferred for signal `\gate03r_secded_baseline_decoder.$bitselwrite$sel$scripts/gate03r/rtl/secded_characterization_tops.sv:66$681' from process `\gate03r_secded_baseline_decoder.$proc$scripts/gate03r/rtl/secded_characterization_tops.sv:45$686'.
No latch inferred for signal `\gate03r_secded_baseline_decoder.$bitselwrite$mask$scripts/gate03r/rtl/secded_characterization_tops.sv:66$683' from process `\gate03r_secded_baseline_decoder.$proc$scripts/gate03r/rtl/secded_characterization_tops.sv:45$686'.
No latch inferred for signal `\gate03r_secded_baseline_decoder.$bitselwrite$data$scripts/gate03r/rtl/secded_characterization_tops.sv:66$684' from process `\gate03r_secded_baseline_decoder.$proc$scripts/gate03r/rtl/secded_characterization_tops.sv:45$686'.
No latch inferred for signal `\gate03r_secded_baseline_decoder.$bitselwrite$sel$scripts/gate03r/rtl/secded_characterization_tops.sv:66$685' from process `\gate03r_secded_baseline_decoder.$proc$scripts/gate03r/rtl/secded_characterization_tops.sv:45$686'.

3.9. Executing PROC_DFF pass (convert process syncs to FFs).

3.10. Executing PROC_MEMWR pass (convert process memory writes to cells).

3.11. Executing PROC_CLEAN pass (remove empty switches from decision trees).
Found and cleaned up 67 empty switches in `\gate03r_secded_baseline_decoder.$proc$scripts/gate03r/rtl/secded_characterization_tops.sv:45$686'.
Removing empty process `gate03r_secded_baseline_decoder.$proc$scripts/gate03r/rtl/secded_characterization_tops.sv:45$686'.
Cleaned up 67 empty switches.

3.12. Executing OPT_EXPR pass (perform const folding).
Optimizing module gate03r_secded_baseline_decoder.
<suppressed ~654 debug messages>

4. Executing FLATTEN pass (flatten design).

5. Executing OPT pass (performing simple optimizations).

5.1. Executing OPT_EXPR pass (perform const folding).
Optimizing module gate03r_secded_baseline_decoder.
<suppressed ~2 debug messages>

5.2. Executing OPT_MERGE pass (detect identical cells).
Finding identical cells in module `\gate03r_secded_baseline_decoder'.
<suppressed ~15 debug messages>
Removed a total of 5 cells.

5.3. Executing OPT_MUXTREE pass (detect dead branches in mux trees).
Running muxtree optimizer on module \gate03r_secded_baseline_decoder..
  Creating internal representation of mux trees.
  Evaluating internal representation of mux trees.
  Analyzing evaluation results.
    dead port 1/2 on $mux $procmux$2343.
    dead port 1/2 on $mux $procmux$2346.
    dead port 1/2 on $mux $procmux$2352.
    dead port 1/2 on $mux $procmux$2358.
    dead port 1/2 on $mux $procmux$2364.
    dead port 1/2 on $mux $procmux$2376.
    dead port 2/2 on $mux $procmux$2376.
    dead port 1/2 on $mux $procmux$2379.
    dead port 2/2 on $mux $procmux$2379.
    dead port 1/2 on $mux $procmux$2382.
    dead port 2/2 on $mux $procmux$2382.
Removed 11 multiplexer ports.
<suppressed ~4 debug messages>

5.4. Executing OPT_REDUCE pass (consolidate $*mux and $reduce_* inputs).
  Optimizing cells in module \gate03r_secded_baseline_decoder.
Performed a total of 0 changes.

5.5. Executing OPT_MERGE pass (detect identical cells).
Finding identical cells in module `\gate03r_secded_baseline_decoder'.
<suppressed ~3 debug messages>
Removed a total of 1 cells.

5.6. Executing OPT_DFF pass (perform DFF optimizations).

5.7. Executing OPT_CLEAN pass (remove unused cells and wires).
Finding unused cells or wires in module \gate03r_secded_baseline_decoder..
Removed 1 unused cells and 1641 unused wires.
<suppressed ~3 debug messages>

5.8. Executing OPT_EXPR pass (perform const folding).
Optimizing module gate03r_secded_baseline_decoder.

5.9. Rerunning OPT passes. (Maybe there is more to do..)

5.10. Executing OPT_MUXTREE pass (detect dead branches in mux trees).
Running muxtree optimizer on module \gate03r_secded_baseline_decoder..
  Creating internal representation of mux trees.
  Evaluating internal representation of mux trees.
  Analyzing evaluation results.
Removed 0 multiplexer ports.
<suppressed ~5 debug messages>

5.11. Executing OPT_REDUCE pass (consolidate $*mux and $reduce_* inputs).
  Optimizing cells in module \gate03r_secded_baseline_decoder.
Performed a total of 0 changes.

5.12. Executing OPT_MERGE pass (detect identical cells).
Finding identical cells in module `\gate03r_secded_baseline_decoder'.
Removed a total of 0 cells.

5.13. Executing OPT_DFF pass (perform DFF optimizations).

5.14. Executing OPT_CLEAN pass (remove unused cells and wires).
Finding unused cells or wires in module \gate03r_secded_baseline_decoder..

5.15. Executing OPT_EXPR pass (perform const folding).
Optimizing module gate03r_secded_baseline_decoder.

5.16. Finished OPT passes. (There is nothing left to do.)

6. Executing SYNTH pass.

6.1. Executing HIERARCHY pass (managing design hierarchy).

6.1.1. Analyzing design hierarchy..
Top module:  \gate03r_secded_baseline_decoder

6.1.2. Analyzing design hierarchy..
Top module:  \gate03r_secded_baseline_decoder
Removed 0 unused modules.

6.2. Executing PROC pass (convert processes to netlists).

6.2.1. Executing PROC_CLEAN pass (remove empty switches from decision trees).
Cleaned up 0 empty switches.

6.2.2. Executing PROC_RMDEAD pass (remove dead branches from decision trees).
Removed a total of 0 dead cases.

6.2.3. Executing PROC_PRUNE pass (remove redundant assignments in processes).
Removed 0 redundant assignments.
Promoted 0 assignments to connections.

6.2.4. Executing PROC_INIT pass (extract init attributes).

6.2.5. Executing PROC_ARST pass (detect async resets in processes).

6.2.6. Executing PROC_ROM pass (convert switches to ROMs).
Converted 0 switches.

6.2.7. Executing PROC_MUX pass (convert decision trees to multiplexers).

6.2.8. Executing PROC_DLATCH pass (convert process syncs to latches).

6.2.9. Executing PROC_DFF pass (convert process syncs to FFs).

6.2.10. Executing PROC_MEMWR pass (convert process memory writes to cells).

6.2.11. Executing PROC_CLEAN pass (remove empty switches from decision trees).
Cleaned up 0 empty switches.

6.2.12. Executing OPT_EXPR pass (perform const folding).
Optimizing module gate03r_secded_baseline_decoder.

6.3. Executing FLATTEN pass (flatten design).

6.4. Executing OPT_EXPR pass (perform const folding).
Optimizing module gate03r_secded_baseline_decoder.

6.5. Executing OPT_CLEAN pass (remove unused cells and wires).
Finding unused cells or wires in module \gate03r_secded_baseline_decoder..

6.6. Executing CHECK pass (checking for obvious problems).
Checking module gate03r_secded_baseline_decoder...
Found and reported 0 problems.

6.7. Executing OPT pass (performing simple optimizations).

6.7.1. Executing OPT_EXPR pass (perform const folding).
Optimizing module gate03r_secded_baseline_decoder.

6.7.2. Executing OPT_MERGE pass (detect identical cells).
Finding identical cells in module `\gate03r_secded_baseline_decoder'.
Removed a total of 0 cells.

6.7.3. Executing OPT_MUXTREE pass (detect dead branches in mux trees).
Running muxtree optimizer on module \gate03r_secded_baseline_decoder..
  Creating internal representation of mux trees.
  Evaluating internal representation of mux trees.
  Analyzing evaluation results.
Removed 0 multiplexer ports.
<suppressed ~5 debug messages>

6.7.4. Executing OPT_REDUCE pass (consolidate $*mux and $reduce_* inputs).
  Optimizing cells in module \gate03r_secded_baseline_decoder.
Performed a total of 0 changes.

6.7.5. Executing OPT_MERGE pass (detect identical cells).
Finding identical cells in module `\gate03r_secded_baseline_decoder'.
Removed a total of 0 cells.

6.7.6. Executing OPT_DFF pass (perform DFF optimizations).

6.7.7. Executing OPT_CLEAN pass (remove unused cells and wires).
Finding unused cells or wires in module \gate03r_secded_baseline_decoder..

6.7.8. Executing OPT_EXPR pass (perform const folding).
Optimizing module gate03r_secded_baseline_decoder.

6.7.9. Finished OPT passes. (There is nothing left to do.)

6.8. Executing FSM pass (extract and optimize FSM).

6.8.1. Executing FSM_DETECT pass (finding FSMs in design).

6.8.2. Executing FSM_EXTRACT pass (extracting FSM from design).

6.8.3. Executing FSM_OPT pass (simple optimizations of FSMs).

6.8.4. Executing OPT_CLEAN pass (remove unused cells and wires).
Finding unused cells or wires in module \gate03r_secded_baseline_decoder..

6.8.5. Executing FSM_OPT pass (simple optimizations of FSMs).

6.8.6. Executing FSM_RECODE pass (re-assigning FSM state encoding).

6.8.7. Executing FSM_INFO pass (dumping all available information on FSM cells).

6.8.8. Executing FSM_MAP pass (mapping FSMs to basic logic).

6.9. Executing OPT pass (performing simple optimizations).

6.9.1. Executing OPT_EXPR pass (perform const folding).
Optimizing module gate03r_secded_baseline_decoder.

6.9.2. Executing OPT_MERGE pass (detect identical cells).
Finding identical cells in module `\gate03r_secded_baseline_decoder'.
Removed a total of 0 cells.

6.9.3. Executing OPT_MUXTREE pass (detect dead branches in mux trees).
Running muxtree optimizer on module \gate03r_secded_baseline_decoder..
  Creating internal representation of mux trees.
  Evaluating internal representation of mux trees.
  Analyzing evaluation results.
Removed 0 multiplexer ports.
<suppressed ~5 debug messages>

6.9.4. Executing OPT_REDUCE pass (consolidate $*mux and $reduce_* inputs).
  Optimizing cells in module \gate03r_secded_baseline_decoder.
Performed a total of 0 changes.

6.9.5. Executing OPT_MERGE pass (detect identical cells).
Finding identical cells in module `\gate03r_secded_baseline_decoder'.
Removed a total of 0 cells.

6.9.6. Executing OPT_DFF pass (perform DFF optimizations).

6.9.7. Executing OPT_CLEAN pass (remove unused cells and wires).
Finding unused cells or wires in module \gate03r_secded_baseline_decoder..

6.9.8. Executing OPT_EXPR pass (perform const folding).
Optimizing module gate03r_secded_baseline_decoder.

6.9.9. Finished OPT passes. (There is nothing left to do.)

6.10. Executing WREDUCE pass (reducing word size of cells).
Removed top 25 bits (of 32) from port A of cell gate03r_secded_baseline_decoder.$ge$scripts/gate03r/rtl/secded_characterization_tops.sv:55$1100 ($ge).
Removed top 31 bits (of 32) from port B of cell gate03r_secded_baseline_decoder.$ge$scripts/gate03r/rtl/secded_characterization_tops.sv:55$1100 ($ge).
Removed top 25 bits (of 32) from port A of cell gate03r_secded_baseline_decoder.$le$scripts/gate03r/rtl/secded_characterization_tops.sv:55$1102 ($le).
Removed top 25 bits (of 32) from port B of cell gate03r_secded_baseline_decoder.$le$scripts/gate03r/rtl/secded_characterization_tops.sv:55$1102 ($le).
Removed top 25 bits (of 32) from port A of cell gate03r_secded_baseline_decoder.$sub$scripts/gate03r/rtl/secded_characterization_tops.sv:56$1107 ($sub).
Removed top 31 bits (of 32) from port B of cell gate03r_secded_baseline_decoder.$sub$scripts/gate03r/rtl/secded_characterization_tops.sv:56$1107 ($sub).
Removed top 24 bits (of 32) from port Y of cell gate03r_secded_baseline_decoder.$sub$scripts/gate03r/rtl/secded_characterization_tops.sv:56$1107 ($sub).
Converting cell gate03r_secded_baseline_decoder.$neg$scripts/gate03r/rtl/secded_characterization_tops.sv:0$1112 ($neg) from signed to unsigned.
Removed top 1 bits (of 33) from port A of cell gate03r_secded_baseline_decoder.$neg$scripts/gate03r/rtl/secded_characterization_tops.sv:0$1112 ($neg).
Removed top 63 bits (of 64) from port A of cell gate03r_secded_baseline_decoder.$or$scripts/gate03r/rtl/secded_characterization_tops.sv:0$1149 ($or).
Removed top 62 bits (of 64) from port B of cell gate03r_secded_baseline_decoder.$or$scripts/gate03r/rtl/secded_characterization_tops.sv:0$1149 ($or).
Removed top 62 bits (of 64) from port Y of cell gate03r_secded_baseline_decoder.$or$scripts/gate03r/rtl/secded_characterization_tops.sv:0$1149 ($or).
Removed top 62 bits (of 64) from port A of cell gate03r_secded_baseline_decoder.$or$scripts/gate03r/rtl/secded_characterization_tops.sv:0$1163 ($or).
Removed top 61 bits (of 64) from port B of cell gate03r_secded_baseline_decoder.$or$scripts/gate03r/rtl/secded_characterization_tops.sv:0$1163 ($or).
Removed top 61 bits (of 64) from port Y of cell gate03r_secded_baseline_decoder.$or$scripts/gate03r/rtl/secded_characterization_tops.sv:0$1163 ($or).
Removed top 61 bits (of 64) from port A of cell gate03r_secded_baseline_decoder.$or$scripts/gate03r/rtl/secded_characterization_tops.sv:0$1177 ($or).
Removed top 60 bits (of 64) from port B of cell gate03r_secded_baseline_decoder.$or$scripts/gate03r/rtl/secded_characterization_tops.sv:0$1177 ($or).
Removed top 60 bits (of 64) from port Y of cell gate03r_secded_baseline_decoder.$or$scripts/gate03r/rtl/secded_characterization_tops.sv:0$1177 ($or).
Removed top 60 bits (of 64) from port A of cell gate03r_secded_baseline_decoder.$or$scripts/gate03r/rtl/secded_characterization_tops.sv:0$1191 ($or).
Removed top 59 bits (of 64) from port B of cell gate03r_secded_baseline_decoder.$or$scripts/gate03r/rtl/secded_characterization_tops.sv:0$1191 ($or).
Removed top 59 bits (of 64) from port Y of cell gate03r_secded_baseline_decoder.$or$scripts/gate03r/rtl/secded_characterization_tops.sv:0$1191 ($or).
Removed top 59 bits (of 64) from port A of cell gate03r_secded_baseline_decoder.$or$scripts/gate03r/rtl/secded_characterization_tops.sv:0$1205 ($or).
Removed top 58 bits (of 64) from port B of cell gate03r_secded_baseline_decoder.$or$scripts/gate03r/rtl/secded_characterization_tops.sv:0$1205 ($or).
Removed top 58 bits (of 64) from port Y of cell gate03r_secded_baseline_decoder.$or$scripts/gate03r/rtl/secded_characterization_tops.sv:0$1205 ($or).
Removed top 58 bits (of 64) from port A of cell gate03r_secded_baseline_decoder.$or$scripts/gate03r/rtl/secded_characterization_tops.sv:0$1219 ($or).
Removed top 57 bits (of 64) from port B of cell gate03r_secded_baseline_decoder.$or$scripts/gate03r/rtl/secded_characterization_tops.sv:0$1219 ($or).
Removed top 57 bits (of 64) from port Y of cell gate03r_secded_baseline_decoder.$or$scripts/gate03r/rtl/secded_characterization_tops.sv:0$1219 ($or).
Removed top 57 bits (of 64) from port A of cell gate03r_secded_baseline_decoder.$or$scripts/gate03r/rtl/secded_characterization_tops.sv:0$1233 ($or).
Removed top 56 bits (of 64) from port B of cell gate03r_secded_baseline_decoder.$or$scripts/gate03r/rtl/secded_characterization_tops.sv:0$1233 ($or).
Removed top 56 bits (of 64) from port Y of cell gate03r_secded_baseline_decoder.$or$scripts/gate03r/rtl/secded_characterization_tops.sv:0$1233 ($or).
Removed top 56 bits (of 64) from port A of cell gate03r_secded_baseline_decoder.$or$scripts/gate03r/rtl/secded_characterization_tops.sv:0$1247 ($or).
Removed top 55 bits (of 64) from port B of cell gate03r_secded_baseline_decoder.$or$scripts/gate03r/rtl/secded_characterization_tops.sv:0$1247 ($or).
Removed top 55 bits (of 64) from port Y of cell gate03r_secded_baseline_decoder.$or$scripts/gate03r/rtl/secded_characterization_tops.sv:0$1247 ($or).
Removed top 55 bits (of 64) from port A of cell gate03r_secded_baseline_decoder.$or$scripts/gate03r/rtl/secded_characterization_tops.sv:0$1261 ($or).
Removed top 54 bits (of 64) from port B of cell gate03r_secded_baseline_decoder.$or$scripts/gate03r/rtl/secded_characterization_tops.sv:0$1261 ($or).
Removed top 54 bits (of 64) from port Y of cell gate03r_secded_baseline_decoder.$or$scripts/gate03r/rtl/secded_characterization_tops.sv:0$1261 ($or).
Removed top 54 bits (of 64) from port A of cell gate03r_secded_baseline_decoder.$or$scripts/gate03r/rtl/secded_characterization_tops.sv:0$1275 ($or).
Removed top 53 bits (of 64) from port B of cell gate03r_secded_baseline_decoder.$or$scripts/gate03r/rtl/secded_characterization_tops.sv:0$1275 ($or).
Removed top 53 bits (of 64) from port Y of cell gate03r_secded_baseline_decoder.$or$scripts/gate03r/rtl/secded_characterization_tops.sv:0$1275 ($or).
Removed top 53 bits (of 64) from port A of cell gate03r_secded_baseline_decoder.$or$scripts/gate03r/rtl/secded_characterization_tops.sv:0$1289 ($or).
Removed top 52 bits (of 64) from port B of cell gate03r_secded_baseline_decoder.$or$scripts/gate03r/rtl/secded_characterization_tops.sv:0$1289 ($or).
Removed top 52 bits (of 64) from port Y of cell gate03r_secded_baseline_decoder.$or$scripts/gate03r/rtl/secded_characterization_tops.sv:0$1289 ($or).
Removed top 52 bits (of 64) from port A of cell gate03r_secded_baseline_decoder.$or$scripts/gate03r/rtl/secded_characterization_tops.sv:0$1303 ($or).
Removed top 51 bits (of 64) from port B of cell gate03r_secded_baseline_decoder.$or$scripts/gate03r/rtl/secded_characterization_tops.sv:0$1303 ($or).
Removed top 51 bits (of 64) from port Y of cell gate03r_secded_baseline_decoder.$or$scripts/gate03r/rtl/secded_characterization_tops.sv:0$1303 ($or).
Removed top 51 bits (of 64) from port A of cell gate03r_secded_baseline_decoder.$or$scripts/gate03r/rtl/secded_characterization_tops.sv:0$1317 ($or).
Removed top 50 bits (of 64) from port B of cell gate03r_secded_baseline_decoder.$or$scripts/gate03r/rtl/secded_characterization_tops.sv:0$1317 ($or).
Removed top 50 bits (of 64) from port Y of cell gate03r_secded_baseline_decoder.$or$scripts/gate03r/rtl/secded_characterization_tops.sv:0$1317 ($or).
Removed top 50 bits (of 64) from port A of cell gate03r_secded_baseline_decoder.$or$scripts/gate03r/rtl/secded_characterization_tops.sv:0$1331 ($or).
Removed top 49 bits (of 64) from port B of cell gate03r_secded_baseline_decoder.$or$scripts/gate03r/rtl/secded_characterization_tops.sv:0$1331 ($or).
Removed top 49 bits (of 64) from port Y of cell gate03r_secded_baseline_decoder.$or$scripts/gate03r/rtl/secded_characterization_tops.sv:0$1331 ($or).
Removed top 49 bits (of 64) from port A of cell gate03r_secded_baseline_decoder.$or$scripts/gate03r/rtl/secded_characterization_tops.sv:0$1345 ($or).
Removed top 48 bits (of 64) from port B of cell gate03r_secded_baseline_decoder.$or$scripts/gate03r/rtl/secded_characterization_tops.sv:0$1345 ($or).
Removed top 48 bits (of 64) from port Y of cell gate03r_secded_baseline_decoder.$or$scripts/gate03r/rtl/secded_characterization_tops.sv:0$1345 ($or).
Removed top 48 bits (of 64) from port A of cell gate03r_secded_baseline_decoder.$or$scripts/gate03r/rtl/secded_characterization_tops.sv:0$1359 ($or).
Removed top 47 bits (of 64) from port B of cell gate03r_secded_baseline_decoder.$or$scripts/gate03r/rtl/secded_characterization_tops.sv:0$1359 ($or).
Removed top 47 bits (of 64) from port Y of cell gate03r_secded_baseline_decoder.$or$scripts/gate03r/rtl/secded_characterization_tops.sv:0$1359 ($or).
Removed top 47 bits (of 64) from port A of cell gate03r_secded_baseline_decoder.$or$scripts/gate03r/rtl/secded_characterization_tops.sv:0$1373 ($or).
Removed top 46 bits (of 64) from port B of cell gate03r_secded_baseline_decoder.$or$scripts/gate03r/rtl/secded_characterization_tops.sv:0$1373 ($or).
Removed top 46 bits (of 64) from port Y of cell gate03r_secded_baseline_decoder.$or$scripts/gate03r/rtl/secded_characterization_tops.sv:0$1373 ($or).
Removed top 46 bits (of 64) from port A of cell gate03r_secded_baseline_decoder.$or$scripts/gate03r/rtl/secded_characterization_tops.sv:0$1387 ($or).
Removed top 45 bits (of 64) from port B of cell gate03r_secded_baseline_decoder.$or$scripts/gate03r/rtl/secded_characterization_tops.sv:0$1387 ($or).
Removed top 45 bits (of 64) from port Y of cell gate03r_secded_baseline_decoder.$or$scripts/gate03r/rtl/secded_characterization_tops.sv:0$1387 ($or).
Removed top 45 bits (of 64) from port A of cell gate03r_secded_baseline_decoder.$or$scripts/gate03r/rtl/secded_characterization_tops.sv:0$1401 ($or).
Removed top 44 bits (of 64) from port B of cell gate03r_secded_baseline_decoder.$or$scripts/gate03r/rtl/secded_characterization_tops.sv:0$1401 ($or).
Removed top 44 bits (of 64) from port Y of cell gate03r_secded_baseline_decoder.$or$scripts/gate03r/rtl/secded_characterization_tops.sv:0$1401 ($or).
Removed top 44 bits (of 64) from port A of cell gate03r_secded_baseline_decoder.$or$scripts/gate03r/rtl/secded_characterization_tops.sv:0$1415 ($or).
Removed top 43 bits (of 64) from port B of cell gate03r_secded_baseline_decoder.$or$scripts/gate03r/rtl/secded_characterization_tops.sv:0$1415 ($or).
Removed top 43 bits (of 64) from port Y of cell gate03r_secded_baseline_decoder.$or$scripts/gate03r/rtl/secded_characterization_tops.sv:0$1415 ($or).
Removed top 43 bits (of 64) from port A of cell gate03r_secded_baseline_decoder.$or$scripts/gate03r/rtl/secded_characterization_tops.sv:0$1429 ($or).
Removed top 42 bits (of 64) from port B of cell gate03r_secded_baseline_decoder.$or$scripts/gate03r/rtl/secded_characterization_tops.sv:0$1429 ($or).
Removed top 42 bits (of 64) from port Y of cell gate03r_secded_baseline_decoder.$or$scripts/gate03r/rtl/secded_characterization_tops.sv:0$1429 ($or).
Removed top 42 bits (of 64) from port A of cell gate03r_secded_baseline_decoder.$or$scripts/gate03r/rtl/secded_characterization_tops.sv:0$1443 ($or).
Removed top 41 bits (of 64) from port B of cell gate03r_secded_baseline_decoder.$or$scripts/gate03r/rtl/secded_characterization_tops.sv:0$1443 ($or).
Removed top 41 bits (of 64) from port Y of cell gate03r_secded_baseline_decoder.$or$scripts/gate03r/rtl/secded_characterization_tops.sv:0$1443 ($or).
Removed top 41 bits (of 64) from port A of cell gate03r_secded_baseline_decoder.$or$scripts/gate03r/rtl/secded_characterization_tops.sv:0$1457 ($or).
Removed top 40 bits (of 64) from port B of cell gate03r_secded_baseline_decoder.$or$scripts/gate03r/rtl/secded_characterization_tops.sv:0$1457 ($or).
Removed top 40 bits (of 64) from port Y of cell gate03r_secded_baseline_decoder.$or$scripts/gate03r/rtl/secded_characterization_tops.sv:0$1457 ($or).
Removed top 40 bits (of 64) from port A of cell gate03r_secded_baseline_decoder.$or$scripts/gate03r/rtl/secded_characterization_tops.sv:0$1471 ($or).
Removed top 39 bits (of 64) from port B of cell gate03r_secded_baseline_decoder.$or$scripts/gate03r/rtl/secded_characterization_tops.sv:0$1471 ($or).
Removed top 39 bits (of 64) from port Y of cell gate03r_secded_baseline_decoder.$or$scripts/gate03r/rtl/secded_characterization_tops.sv:0$1471 ($or).
Removed top 39 bits (of 64) from port A of cell gate03r_secded_baseline_decoder.$or$scripts/gate03r/rtl/secded_characterization_tops.sv:0$1485 ($or).
Removed top 38 bits (of 64) from port B of cell gate03r_secded_baseline_decoder.$or$scripts/gate03r/rtl/secded_characterization_tops.sv:0$1485 ($or).
Removed top 38 bits (of 64) from port Y of cell gate03r_secded_baseline_decoder.$or$scripts/gate03r/rtl/secded_characterization_tops.sv:0$1485 ($or).
Removed top 38 bits (of 64) from port A of cell gate03r_secded_baseline_decoder.$or$scripts/gate03r/rtl/secded_characterization_tops.sv:0$1499 ($or).
Removed top 37 bits (of 64) from port B of cell gate03r_secded_baseline_decoder.$or$scripts/gate03r/rtl/secded_characterization_tops.sv:0$1499 ($or).
Removed top 37 bits (of 64) from port Y of cell gate03r_secded_baseline_decoder.$or$scripts/gate03r/rtl/secded_characterization_tops.sv:0$1499 ($or).
Removed top 37 bits (of 64) from port A of cell gate03r_secded_baseline_decoder.$or$scripts/gate03r/rtl/secded_characterization_tops.sv:0$1513 ($or).
Removed top 36 bits (of 64) from port B of cell gate03r_secded_baseline_decoder.$or$scripts/gate03r/rtl/secded_characterization_tops.sv:0$1513 ($or).
Removed top 36 bits (of 64) from port Y of cell gate03r_secded_baseline_decoder.$or$scripts/gate03r/rtl/secded_characterization_tops.sv:0$1513 ($or).
Removed top 36 bits (of 64) from port A of cell gate03r_secded_baseline_decoder.$or$scripts/gate03r/rtl/secded_characterization_tops.sv:0$1527 ($or).
Removed top 35 bits (of 64) from port B of cell gate03r_secded_baseline_decoder.$or$scripts/gate03r/rtl/secded_characterization_tops.sv:0$1527 ($or).
Removed top 35 bits (of 64) from port Y of cell gate03r_secded_baseline_decoder.$or$scripts/gate03r/rtl/secded_characterization_tops.sv:0$1527 ($or).
Removed top 35 bits (of 64) from port A of cell gate03r_secded_baseline_decoder.$or$scripts/gate03r/rtl/secded_characterization_tops.sv:0$1541 ($or).
Removed top 34 bits (of 64) from port B of cell gate03r_secded_baseline_decoder.$or$scripts/gate03r/rtl/secded_characterization_tops.sv:0$1541 ($or).
Removed top 34 bits (of 64) from port Y of cell gate03r_secded_baseline_decoder.$or$scripts/gate03r/rtl/secded_characterization_tops.sv:0$1541 ($or).
Removed top 34 bits (of 64) from port A of cell gate03r_secded_baseline_decoder.$or$scripts/gate03r/rtl/secded_characterization_tops.sv:0$1555 ($or).
Removed top 33 bits (of 64) from port B of cell gate03r_secded_baseline_decoder.$or$scripts/gate03r/rtl/secded_characterization_tops.sv:0$1555 ($or).
Removed top 33 bits (of 64) from port Y of cell gate03r_secded_baseline_decoder.$or$scripts/gate03r/rtl/secded_characterization_tops.sv:0$1555 ($or).
Removed top 33 bits (of 64) from port A of cell gate03r_secded_baseline_decoder.$or$scripts/gate03r/rtl/secded_characterization_tops.sv:0$1569 ($or).
Removed top 32 bits (of 64) from port B of cell gate03r_secded_baseline_decoder.$or$scripts/gate03r/rtl/secded_characterization_tops.sv:0$1569 ($or).
Removed top 32 bits (of 64) from port Y of cell gate03r_secded_baseline_decoder.$or$scripts/gate03r/rtl/secded_characterization_tops.sv:0$1569 ($or).
Removed top 32 bits (of 64) from port A of cell gate03r_secded_baseline_decoder.$or$scripts/gate03r/rtl/secded_characterization_tops.sv:0$1583 ($or).
Removed top 31 bits (of 64) from port B of cell gate03r_secded_baseline_decoder.$or$scripts/gate03r/rtl/secded_characterization_tops.sv:0$1583 ($or).
Removed top 31 bits (of 64) from port Y of cell gate03r_secded_baseline_decoder.$or$scripts/gate03r/rtl/secded_characterization_tops.sv:0$1583 ($or).
Removed top 31 bits (of 64) from port A of cell gate03r_secded_baseline_decoder.$or$scripts/gate03r/rtl/secded_characterization_tops.sv:0$1597 ($or).
Removed top 30 bits (of 64) from port B of cell gate03r_secded_baseline_decoder.$or$scripts/gate03r/rtl/secded_characterization_tops.sv:0$1597 ($or).
Removed top 30 bits (of 64) from port Y of cell gate03r_secded_baseline_decoder.$or$scripts/gate03r/rtl/secded_characterization_tops.sv:0$1597 ($or).
Removed top 30 bits (of 64) from port A of cell gate03r_secded_baseline_decoder.$or$scripts/gate03r/rtl/secded_characterization_tops.sv:0$1611 ($or).
Removed top 29 bits (of 64) from port B of cell gate03r_secded_baseline_decoder.$or$scripts/gate03r/rtl/secded_characterization_tops.sv:0$1611 ($or).
Removed top 29 bits (of 64) from port Y of cell gate03r_secded_baseline_decoder.$or$scripts/gate03r/rtl/secded_characterization_tops.sv:0$1611 ($or).
Removed top 29 bits (of 64) from port A of cell gate03r_secded_baseline_decoder.$or$scripts/gate03r/rtl/secded_characterization_tops.sv:0$1625 ($or).
Removed top 28 bits (of 64) from port B of cell gate03r_secded_baseline_decoder.$or$scripts/gate03r/rtl/secded_characterization_tops.sv:0$1625 ($or).
Removed top 28 bits (of 64) from port Y of cell gate03r_secded_baseline_decoder.$or$scripts/gate03r/rtl/secded_characterization_tops.sv:0$1625 ($or).
Removed top 28 bits (of 64) from port A of cell gate03r_secded_baseline_decoder.$or$scripts/gate03r/rtl/secded_characterization_tops.sv:0$1639 ($or).
Removed top 27 bits (of 64) from port B of cell gate03r_secded_baseline_decoder.$or$scripts/gate03r/rtl/secded_characterization_tops.sv:0$1639 ($or).
Removed top 27 bits (of 64) from port Y of cell gate03r_secded_baseline_decoder.$or$scripts/gate03r/rtl/secded_characterization_tops.sv:0$1639 ($or).
Removed top 27 bits (of 64) from port A of cell gate03r_secded_baseline_decoder.$or$scripts/gate03r/rtl/secded_characterization_tops.sv:0$1653 ($or).
Removed top 26 bits (of 64) from port B of cell gate03r_secded_baseline_decoder.$or$scripts/gate03r/rtl/secded_characterization_tops.sv:0$1653 ($or).
Removed top 26 bits (of 64) from port Y of cell gate03r_secded_baseline_decoder.$or$scripts/gate03r/rtl/secded_characterization_tops.sv:0$1653 ($or).
Removed top 26 bits (of 64) from port A of cell gate03r_secded_baseline_decoder.$or$scripts/gate03r/rtl/secded_characterization_tops.sv:0$1667 ($or).
Removed top 25 bits (of 64) from port B of cell gate03r_secded_baseline_decoder.$or$scripts/gate03r/rtl/secded_characterization_tops.sv:0$1667 ($or).
Removed top 25 bits (of 64) from port Y of cell gate03r_secded_baseline_decoder.$or$scripts/gate03r/rtl/secded_characterization_tops.sv:0$1667 ($or).
Removed top 25 bits (of 64) from port A of cell gate03r_secded_baseline_decoder.$or$scripts/gate03r/rtl/secded_characterization_tops.sv:0$1681 ($or).
Removed top 24 bits (of 64) from port B of cell gate03r_secded_baseline_decoder.$or$scripts/gate03r/rtl/secded_characterization_tops.sv:0$1681 ($or).
Removed top 24 bits (of 64) from port Y of cell gate03r_secded_baseline_decoder.$or$scripts/gate03r/rtl/secded_characterization_tops.sv:0$1681 ($or).
Removed top 24 bits (of 64) from port A of cell gate03r_secded_baseline_decoder.$or$scripts/gate03r/rtl/secded_characterization_tops.sv:0$1695 ($or).
Removed top 23 bits (of 64) from port B of cell gate03r_secded_baseline_decoder.$or$scripts/gate03r/rtl/secded_characterization_tops.sv:0$1695 ($or).
Removed top 23 bits (of 64) from port Y of cell gate03r_secded_baseline_decoder.$or$scripts/gate03r/rtl/secded_characterization_tops.sv:0$1695 ($or).
Removed top 23 bits (of 64) from port A of cell gate03r_secded_baseline_decoder.$or$scripts/gate03r/rtl/secded_characterization_tops.sv:0$1709 ($or).
Removed top 22 bits (of 64) from port B of cell gate03r_secded_baseline_decoder.$or$scripts/gate03r/rtl/secded_characterization_tops.sv:0$1709 ($or).
Removed top 22 bits (of 64) from port Y of cell gate03r_secded_baseline_decoder.$or$scripts/gate03r/rtl/secded_characterization_tops.sv:0$1709 ($or).
Removed top 22 bits (of 64) from port A of cell gate03r_secded_baseline_decoder.$or$scripts/gate03r/rtl/secded_characterization_tops.sv:0$1723 ($or).
Removed top 21 bits (of 64) from port B of cell gate03r_secded_baseline_decoder.$or$scripts/gate03r/rtl/secded_characterization_tops.sv:0$1723 ($or).
Removed top 21 bits (of 64) from port Y of cell gate03r_secded_baseline_decoder.$or$scripts/gate03r/rtl/secded_characterization_tops.sv:0$1723 ($or).
Removed top 21 bits (of 64) from port A of cell gate03r_secded_baseline_decoder.$or$scripts/gate03r/rtl/secded_characterization_tops.sv:0$1737 ($or).
Removed top 20 bits (of 64) from port B of cell gate03r_secded_baseline_decoder.$or$scripts/gate03r/rtl/secded_characterization_tops.sv:0$1737 ($or).
Removed top 20 bits (of 64) from port Y of cell gate03r_secded_baseline_decoder.$or$scripts/gate03r/rtl/secded_characterization_tops.sv:0$1737 ($or).
Removed top 20 bits (of 64) from port A of cell gate03r_secded_baseline_decoder.$or$scripts/gate03r/rtl/secded_characterization_tops.sv:0$1751 ($or).
Removed top 19 bits (of 64) from port B of cell gate03r_secded_baseline_decoder.$or$scripts/gate03r/rtl/secded_characterization_tops.sv:0$1751 ($or).
Removed top 19 bits (of 64) from port Y of cell gate03r_secded_baseline_decoder.$or$scripts/gate03r/rtl/secded_characterization_tops.sv:0$1751 ($or).
Removed top 19 bits (of 64) from port A of cell gate03r_secded_baseline_decoder.$or$scripts/gate03r/rtl/secded_characterization_tops.sv:0$1765 ($or).
Removed top 18 bits (of 64) from port B of cell gate03r_secded_baseline_decoder.$or$scripts/gate03r/rtl/secded_characterization_tops.sv:0$1765 ($or).
Removed top 18 bits (of 64) from port Y of cell gate03r_secded_baseline_decoder.$or$scripts/gate03r/rtl/secded_characterization_tops.sv:0$1765 ($or).
Removed top 18 bits (of 64) from port A of cell gate03r_secded_baseline_decoder.$or$scripts/gate03r/rtl/secded_characterization_tops.sv:0$1779 ($or).
Removed top 17 bits (of 64) from port B of cell gate03r_secded_baseline_decoder.$or$scripts/gate03r/rtl/secded_characterization_tops.sv:0$1779 ($or).
Removed top 17 bits (of 64) from port Y of cell gate03r_secded_baseline_decoder.$or$scripts/gate03r/rtl/secded_characterization_tops.sv:0$1779 ($or).
Removed top 17 bits (of 64) from port A of cell gate03r_secded_baseline_decoder.$or$scripts/gate03r/rtl/secded_characterization_tops.sv:0$1793 ($or).
Removed top 16 bits (of 64) from port B of cell gate03r_secded_baseline_decoder.$or$scripts/gate03r/rtl/secded_characterization_tops.sv:0$1793 ($or).
Removed top 16 bits (of 64) from port Y of cell gate03r_secded_baseline_decoder.$or$scripts/gate03r/rtl/secded_characterization_tops.sv:0$1793 ($or).
Removed top 16 bits (of 64) from port A of cell gate03r_secded_baseline_decoder.$or$scripts/gate03r/rtl/secded_characterization_tops.sv:0$1807 ($or).
Removed top 15 bits (of 64) from port B of cell gate03r_secded_baseline_decoder.$or$scripts/gate03r/rtl/secded_characterization_tops.sv:0$1807 ($or).
Removed top 15 bits (of 64) from port Y of cell gate03r_secded_baseline_decoder.$or$scripts/gate03r/rtl/secded_characterization_tops.sv:0$1807 ($or).
Removed top 15 bits (of 64) from port A of cell gate03r_secded_baseline_decoder.$or$scripts/gate03r/rtl/secded_characterization_tops.sv:0$1821 ($or).
Removed top 14 bits (of 64) from port B of cell gate03r_secded_baseline_decoder.$or$scripts/gate03r/rtl/secded_characterization_tops.sv:0$1821 ($or).
Removed top 14 bits (of 64) from port Y of cell gate03r_secded_baseline_decoder.$or$scripts/gate03r/rtl/secded_characterization_tops.sv:0$1821 ($or).
Removed top 14 bits (of 64) from port A of cell gate03r_secded_baseline_decoder.$or$scripts/gate03r/rtl/secded_characterization_tops.sv:0$1835 ($or).
Removed top 13 bits (of 64) from port B of cell gate03r_secded_baseline_decoder.$or$scripts/gate03r/rtl/secded_characterization_tops.sv:0$1835 ($or).
Removed top 13 bits (of 64) from port Y of cell gate03r_secded_baseline_decoder.$or$scripts/gate03r/rtl/secded_characterization_tops.sv:0$1835 ($or).
Removed top 13 bits (of 64) from port A of cell gate03r_secded_baseline_decoder.$or$scripts/gate03r/rtl/secded_characterization_tops.sv:0$1849 ($or).
Removed top 12 bits (of 64) from port B of cell gate03r_secded_baseline_decoder.$or$scripts/gate03r/rtl/secded_characterization_tops.sv:0$1849 ($or).
Removed top 12 bits (of 64) from port Y of cell gate03r_secded_baseline_decoder.$or$scripts/gate03r/rtl/secded_characterization_tops.sv:0$1849 ($or).
Removed top 12 bits (of 64) from port A of cell gate03r_secded_baseline_decoder.$or$scripts/gate03r/rtl/secded_characterization_tops.sv:0$1863 ($or).
Removed top 11 bits (of 64) from port B of cell gate03r_secded_baseline_decoder.$or$scripts/gate03r/rtl/secded_characterization_tops.sv:0$1863 ($or).
Removed top 11 bits (of 64) from port Y of cell gate03r_secded_baseline_decoder.$or$scripts/gate03r/rtl/secded_characterization_tops.sv:0$1863 ($or).
Removed top 11 bits (of 64) from port A of cell gate03r_secded_baseline_decoder.$or$scripts/gate03r/rtl/secded_characterization_tops.sv:0$1877 ($or).
Removed top 10 bits (of 64) from port B of cell gate03r_secded_baseline_decoder.$or$scripts/gate03r/rtl/secded_characterization_tops.sv:0$1877 ($or).
Removed top 10 bits (of 64) from port Y of cell gate03r_secded_baseline_decoder.$or$scripts/gate03r/rtl/secded_characterization_tops.sv:0$1877 ($or).
Removed top 10 bits (of 64) from port A of cell gate03r_secded_baseline_decoder.$or$scripts/gate03r/rtl/secded_characterization_tops.sv:0$1891 ($or).
Removed top 9 bits (of 64) from port B of cell gate03r_secded_baseline_decoder.$or$scripts/gate03r/rtl/secded_characterization_tops.sv:0$1891 ($or).
Removed top 9 bits (of 64) from port Y of cell gate03r_secded_baseline_decoder.$or$scripts/gate03r/rtl/secded_characterization_tops.sv:0$1891 ($or).
Removed top 9 bits (of 64) from port A of cell gate03r_secded_baseline_decoder.$or$scripts/gate03r/rtl/secded_characterization_tops.sv:0$1905 ($or).
Removed top 8 bits (of 64) from port B of cell gate03r_secded_baseline_decoder.$or$scripts/gate03r/rtl/secded_characterization_tops.sv:0$1905 ($or).
Removed top 8 bits (of 64) from port Y of cell gate03r_secded_baseline_decoder.$or$scripts/gate03r/rtl/secded_characterization_tops.sv:0$1905 ($or).
Removed top 8 bits (of 64) from port A of cell gate03r_secded_baseline_decoder.$or$scripts/gate03r/rtl/secded_characterization_tops.sv:0$1919 ($or).
Removed top 7 bits (of 64) from port B of cell gate03r_secded_baseline_decoder.$or$scripts/gate03r/rtl/secded_characterization_tops.sv:0$1919 ($or).
Removed top 7 bits (of 64) from port Y of cell gate03r_secded_baseline_decoder.$or$scripts/gate03r/rtl/secded_characterization_tops.sv:0$1919 ($or).
Removed top 7 bits (of 64) from port A of cell gate03r_secded_baseline_decoder.$or$scripts/gate03r/rtl/secded_characterization_tops.sv:0$1933 ($or).
Removed top 6 bits (of 64) from port B of cell gate03r_secded_baseline_decoder.$or$scripts/gate03r/rtl/secded_characterization_tops.sv:0$1933 ($or).
Removed top 6 bits (of 64) from port Y of cell gate03r_secded_baseline_decoder.$or$scripts/gate03r/rtl/secded_characterization_tops.sv:0$1933 ($or).
Removed top 6 bits (of 64) from port A of cell gate03r_secded_baseline_decoder.$or$scripts/gate03r/rtl/secded_characterization_tops.sv:0$1947 ($or).
Removed top 5 bits (of 64) from port B of cell gate03r_secded_baseline_decoder.$or$scripts/gate03r/rtl/secded_characterization_tops.sv:0$1947 ($or).
Removed top 5 bits (of 64) from port Y of cell gate03r_secded_baseline_decoder.$or$scripts/gate03r/rtl/secded_characterization_tops.sv:0$1947 ($or).
Removed top 5 bits (of 64) from port A of cell gate03r_secded_baseline_decoder.$or$scripts/gate03r/rtl/secded_characterization_tops.sv:0$1961 ($or).
Removed top 4 bits (of 64) from port B of cell gate03r_secded_baseline_decoder.$or$scripts/gate03r/rtl/secded_characterization_tops.sv:0$1961 ($or).
Removed top 4 bits (of 64) from port Y of cell gate03r_secded_baseline_decoder.$or$scripts/gate03r/rtl/secded_characterization_tops.sv:0$1961 ($or).
Removed top 4 bits (of 64) from port A of cell gate03r_secded_baseline_decoder.$or$scripts/gate03r/rtl/secded_characterization_tops.sv:0$1975 ($or).
Removed top 3 bits (of 64) from port B of cell gate03r_secded_baseline_decoder.$or$scripts/gate03r/rtl/secded_characterization_tops.sv:0$1975 ($or).
Removed top 3 bits (of 64) from port Y of cell gate03r_secded_baseline_decoder.$or$scripts/gate03r/rtl/secded_characterization_tops.sv:0$1975 ($or).
Removed top 3 bits (of 64) from port A of cell gate03r_secded_baseline_decoder.$or$scripts/gate03r/rtl/secded_characterization_tops.sv:0$1989 ($or).
Removed top 2 bits (of 64) from port B of cell gate03r_secded_baseline_decoder.$or$scripts/gate03r/rtl/secded_characterization_tops.sv:0$1989 ($or).
Removed top 2 bits (of 64) from port Y of cell gate03r_secded_baseline_decoder.$or$scripts/gate03r/rtl/secded_characterization_tops.sv:0$1989 ($or).
Removed top 2 bits (of 64) from port A of cell gate03r_secded_baseline_decoder.$or$scripts/gate03r/rtl/secded_characterization_tops.sv:0$2003 ($or).
Removed top 1 bits (of 64) from port B of cell gate03r_secded_baseline_decoder.$or$scripts/gate03r/rtl/secded_characterization_tops.sv:0$2003 ($or).
Removed top 1 bits (of 64) from port Y of cell gate03r_secded_baseline_decoder.$or$scripts/gate03r/rtl/secded_characterization_tops.sv:0$2003 ($or).
Removed top 1 bits (of 64) from port A of cell gate03r_secded_baseline_decoder.$or$scripts/gate03r/rtl/secded_characterization_tops.sv:0$2017 ($or).
Removed top 54 bits (of 64) from wire gate03r_secded_baseline_decoder.$10\data_o[63:0].
Removed top 53 bits (of 64) from wire gate03r_secded_baseline_decoder.$11\data_o[63:0].
Removed top 52 bits (of 64) from wire gate03r_secded_baseline_decoder.$12\data_o[63:0].
Removed top 51 bits (of 64) from wire gate03r_secded_baseline_decoder.$13\data_o[63:0].
Removed top 50 bits (of 64) from wire gate03r_secded_baseline_decoder.$14\data_o[63:0].
Removed top 49 bits (of 64) from wire gate03r_secded_baseline_decoder.$15\data_o[63:0].
Removed top 48 bits (of 64) from wire gate03r_secded_baseline_decoder.$16\data_o[63:0].
Removed top 47 bits (of 64) from wire gate03r_secded_baseline_decoder.$17\data_o[63:0].
Removed top 46 bits (of 64) from wire gate03r_secded_baseline_decoder.$18\data_o[63:0].
Removed top 45 bits (of 64) from wire gate03r_secded_baseline_decoder.$19\data_o[63:0].
Removed top 44 bits (of 64) from wire gate03r_secded_baseline_decoder.$20\data_o[63:0].
Removed top 43 bits (of 64) from wire gate03r_secded_baseline_decoder.$21\data_o[63:0].
Removed top 42 bits (of 64) from wire gate03r_secded_baseline_decoder.$22\data_o[63:0].
Removed top 41 bits (of 64) from wire gate03r_secded_baseline_decoder.$23\data_o[63:0].
Removed top 40 bits (of 64) from wire gate03r_secded_baseline_decoder.$24\data_o[63:0].
Removed top 39 bits (of 64) from wire gate03r_secded_baseline_decoder.$25\data_o[63:0].
Removed top 38 bits (of 64) from wire gate03r_secded_baseline_decoder.$26\data_o[63:0].
Removed top 37 bits (of 64) from wire gate03r_secded_baseline_decoder.$27\data_o[63:0].
Removed top 36 bits (of 64) from wire gate03r_secded_baseline_decoder.$28\data_o[63:0].
Removed top 35 bits (of 64) from wire gate03r_secded_baseline_decoder.$29\data_o[63:0].
Removed top 34 bits (of 64) from wire gate03r_secded_baseline_decoder.$30\data_o[63:0].
Removed top 33 bits (of 64) from wire gate03r_secded_baseline_decoder.$31\data_o[63:0].
Removed top 32 bits (of 64) from wire gate03r_secded_baseline_decoder.$32\data_o[63:0].
Removed top 31 bits (of 64) from wire gate03r_secded_baseline_decoder.$33\data_o[63:0].
Removed top 30 bits (of 64) from wire gate03r_secded_baseline_decoder.$34\data_o[63:0].
Removed top 29 bits (of 64) from wire gate03r_secded_baseline_decoder.$35\data_o[63:0].
Removed top 28 bits (of 64) from wire gate03r_secded_baseline_decoder.$36\data_o[63:0].
Removed top 27 bits (of 64) from wire gate03r_secded_baseline_decoder.$37\data_o[63:0].
Removed top 26 bits (of 64) from wire gate03r_secded_baseline_decoder.$38\data_o[63:0].
Removed top 25 bits (of 64) from wire gate03r_secded_baseline_decoder.$39\data_o[63:0].
Removed top 24 bits (of 64) from wire gate03r_secded_baseline_decoder.$40\data_o[63:0].
Removed top 23 bits (of 64) from wire gate03r_secded_baseline_decoder.$41\data_o[63:0].
Removed top 22 bits (of 64) from wire gate03r_secded_baseline_decoder.$42\data_o[63:0].
Removed top 21 bits (of 64) from wire gate03r_secded_baseline_decoder.$43\data_o[63:0].

6.11. Executing PEEPOPT pass (run peephole optimizers).

6.12. Executing OPT_CLEAN pass (remove unused cells and wires).
Finding unused cells or wires in module \gate03r_secded_baseline_decoder..
Removed 0 unused cells and 34 unused wires.
<suppressed ~1 debug messages>

6.13. Executing ALUMACC pass (create $alu and $macc cells).
Extracting $alu and $macc cells in module gate03r_secded_baseline_decoder:
  creating $macc model for $neg$scripts/gate03r/rtl/secded_characterization_tops.sv:0$1112 ($neg).
  creating $macc model for $sub$scripts/gate03r/rtl/secded_characterization_tops.sv:56$1107 ($sub).
  creating $alu model for $macc $sub$scripts/gate03r/rtl/secded_characterization_tops.sv:56$1107.
  creating $alu model for $macc $neg$scripts/gate03r/rtl/secded_characterization_tops.sv:0$1112.
  creating $alu model for $ge$scripts/gate03r/rtl/secded_characterization_tops.sv:55$1100 ($ge): new $alu
  creating $alu model for $le$scripts/gate03r/rtl/secded_characterization_tops.sv:55$1102 ($le): new $alu
  creating $alu cell for $le$scripts/gate03r/rtl/secded_characterization_tops.sv:55$1102: $auto$alumacc.cc:485:replace_alu$2423
  creating $alu cell for $ge$scripts/gate03r/rtl/secded_characterization_tops.sv:55$1100: $auto$alumacc.cc:485:replace_alu$2432
  creating $alu cell for $neg$scripts/gate03r/rtl/secded_characterization_tops.sv:0$1112: $auto$alumacc.cc:485:replace_alu$2441
  creating $alu cell for $sub$scripts/gate03r/rtl/secded_characterization_tops.sv:56$1107: $auto$alumacc.cc:485:replace_alu$2444
  created 4 $alu and 0 $macc cells.

6.14. Executing SHARE pass (SAT-based resource sharing).

6.15. Executing OPT pass (performing simple optimizations).

6.15.1. Executing OPT_EXPR pass (perform const folding).
Optimizing module gate03r_secded_baseline_decoder.

6.15.2. Executing OPT_MERGE pass (detect identical cells).
Finding identical cells in module `\gate03r_secded_baseline_decoder'.
Removed a total of 0 cells.

6.15.3. Executing OPT_MUXTREE pass (detect dead branches in mux trees).
Running muxtree optimizer on module \gate03r_secded_baseline_decoder..
  Creating internal representation of mux trees.
  Evaluating internal representation of mux trees.
  Analyzing evaluation results.
Removed 0 multiplexer ports.
<suppressed ~5 debug messages>

6.15.4. Executing OPT_REDUCE pass (consolidate $*mux and $reduce_* inputs).
  Optimizing cells in module \gate03r_secded_baseline_decoder.
Performed a total of 0 changes.

6.15.5. Executing OPT_MERGE pass (detect identical cells).
Finding identical cells in module `\gate03r_secded_baseline_decoder'.
Removed a total of 0 cells.

6.15.6. Executing OPT_DFF pass (perform DFF optimizations).

6.15.7. Executing OPT_CLEAN pass (remove unused cells and wires).
Finding unused cells or wires in module \gate03r_secded_baseline_decoder..
Removed 0 unused cells and 2 unused wires.
<suppressed ~1 debug messages>

6.15.8. Executing OPT_EXPR pass (perform const folding).
Optimizing module gate03r_secded_baseline_decoder.

6.15.9. Rerunning OPT passes. (Maybe there is more to do..)

6.15.10. Executing OPT_MUXTREE pass (detect dead branches in mux trees).
Running muxtree optimizer on module \gate03r_secded_baseline_decoder..
  Creating internal representation of mux trees.
  Evaluating internal representation of mux trees.
  Analyzing evaluation results.
Removed 0 multiplexer ports.
<suppressed ~5 debug messages>

6.15.11. Executing OPT_REDUCE pass (consolidate $*mux and $reduce_* inputs).
  Optimizing cells in module \gate03r_secded_baseline_decoder.
Performed a total of 0 changes.

6.15.12. Executing OPT_MERGE pass (detect identical cells).
Finding identical cells in module `\gate03r_secded_baseline_decoder'.
Removed a total of 0 cells.

6.15.13. Executing OPT_DFF pass (perform DFF optimizations).

6.15.14. Executing OPT_CLEAN pass (remove unused cells and wires).
Finding unused cells or wires in module \gate03r_secded_baseline_decoder..

6.15.15. Executing OPT_EXPR pass (perform const folding).
Optimizing module gate03r_secded_baseline_decoder.

6.15.16. Finished OPT passes. (There is nothing left to do.)

6.16. Executing MEMORY pass.

6.16.1. Executing OPT_MEM pass (optimize memories).
Performed a total of 0 transformations.

6.16.2. Executing OPT_MEM_PRIORITY pass (removing unnecessary memory write priority relations).
Performed a total of 0 transformations.

6.16.3. Executing OPT_MEM_FEEDBACK pass (finding memory read-to-write feedback paths).

6.16.4. Executing MEMORY_BMUX2ROM pass (converting muxes to ROMs).

6.16.5. Executing MEMORY_DFF pass (merging $dff cells to $memrd).

6.16.6. Executing OPT_CLEAN pass (remove unused cells and wires).
Finding unused cells or wires in module \gate03r_secded_baseline_decoder..

6.16.7. Executing MEMORY_SHARE pass (consolidating $memrd/$memwr cells).

6.16.8. Executing OPT_MEM_WIDEN pass (optimize memories where all ports are wide).
Performed a total of 0 transformations.

6.16.9. Executing OPT_CLEAN pass (remove unused cells and wires).
Finding unused cells or wires in module \gate03r_secded_baseline_decoder..

6.16.10. Executing MEMORY_COLLECT pass (generating $mem cells).

6.17. Executing OPT_CLEAN pass (remove unused cells and wires).
Finding unused cells or wires in module \gate03r_secded_baseline_decoder..

6.18. Executing OPT pass (performing simple optimizations).

6.18.1. Executing OPT_EXPR pass (perform const folding).
Optimizing module gate03r_secded_baseline_decoder.
<suppressed ~4 debug messages>

6.18.2. Executing OPT_MERGE pass (detect identical cells).
Finding identical cells in module `\gate03r_secded_baseline_decoder'.
Removed a total of 0 cells.

6.18.3. Executing OPT_DFF pass (perform DFF optimizations).

6.18.4. Executing OPT_CLEAN pass (remove unused cells and wires).
Finding unused cells or wires in module \gate03r_secded_baseline_decoder..
Removed 1 unused cells and 3 unused wires.
<suppressed ~2 debug messages>

6.18.5. Finished fast OPT passes.

6.19. Executing MEMORY_MAP pass (converting memories to logic and flip-flops).

6.20. Executing OPT pass (performing simple optimizations).

6.20.1. Executing OPT_EXPR pass (perform const folding).
Optimizing module gate03r_secded_baseline_decoder.

6.20.2. Executing OPT_MERGE pass (detect identical cells).
Finding identical cells in module `\gate03r_secded_baseline_decoder'.
Removed a total of 0 cells.

6.20.3. Executing OPT_MUXTREE pass (detect dead branches in mux trees).
Running muxtree optimizer on module \gate03r_secded_baseline_decoder..
  Creating internal representation of mux trees.
  Evaluating internal representation of mux trees.
  Analyzing evaluation results.
Removed 0 multiplexer ports.
<suppressed ~3 debug messages>

6.20.4. Executing OPT_REDUCE pass (consolidate $*mux and $reduce_* inputs).
  Optimizing cells in module \gate03r_secded_baseline_decoder.
Performed a total of 0 changes.

6.20.5. Executing OPT_MERGE pass (detect identical cells).
Finding identical cells in module `\gate03r_secded_baseline_decoder'.
Removed a total of 0 cells.

6.20.6. Executing OPT_SHARE pass.

6.20.7. Executing OPT_DFF pass (perform DFF optimizations).

6.20.8. Executing OPT_CLEAN pass (remove unused cells and wires).
Finding unused cells or wires in module \gate03r_secded_baseline_decoder..

6.20.9. Executing OPT_EXPR pass (perform const folding).
Optimizing module gate03r_secded_baseline_decoder.

6.20.10. Finished OPT passes. (There is nothing left to do.)

6.21. Executing TECHMAP pass (map to technology primitives).

6.21.1. Executing Verilog-2005 frontend: D:\Compiler Cpp\ucrt64\bin\../share/yosys/techmap.v
Parsing Verilog input from `D:\Compiler Cpp\ucrt64\bin\../share/yosys/techmap.v' to AST representation.
Generating RTLIL representation for module `\_90_simplemap_bool_ops'.
Generating RTLIL representation for module `\_90_simplemap_reduce_ops'.
Generating RTLIL representation for module `\_90_simplemap_logic_ops'.
Generating RTLIL representation for module `\_90_simplemap_compare_ops'.
Generating RTLIL representation for module `\_90_simplemap_various'.
Generating RTLIL representation for module `\_90_simplemap_registers'.
Generating RTLIL representation for module `\_90_shift_ops_shr_shl_sshl_sshr'.
Generating RTLIL representation for module `\_90_shift_shiftx'.
Generating RTLIL representation for module `\_90_fa'.
Generating RTLIL representation for module `\_90_lcu'.
Generating RTLIL representation for module `\_90_alu'.
Generating RTLIL representation for module `\_90_macc'.
Generating RTLIL representation for module `\_90_alumacc'.
Generating RTLIL representation for module `\$__div_mod_u'.
Generating RTLIL representation for module `\$__div_mod_trunc'.
Generating RTLIL representation for module `\_90_div'.
Generating RTLIL representation for module `\_90_mod'.
Generating RTLIL representation for module `\$__div_mod_floor'.
Generating RTLIL representation for module `\_90_divfloor'.
Generating RTLIL representation for module `\_90_modfloor'.
Generating RTLIL representation for module `\_90_pow'.
Generating RTLIL representation for module `\_90_pmux'.
Generating RTLIL representation for module `\_90_demux'.
Generating RTLIL representation for module `\_90_lut'.
Successfully finished Verilog frontend.

6.21.2. Continuing TECHMAP pass.
Using extmapper simplemap for cells of type $mux.
Using extmapper simplemap for cells of type $or.
Using extmapper simplemap for cells of type $reduce_or.
Using extmapper simplemap for cells of type $reduce_and.
Using extmapper simplemap for cells of type $not.
Using template $paramod$dbcdc7e8aa1a4080cea2deda6fdc8772064f4d90\_90_alu for cells of type $alu.
Using extmapper simplemap for cells of type $xor.
Using extmapper simplemap for cells of type $reduce_xor.
Using extmapper simplemap for cells of type $ne.
Using extmapper simplemap for cells of type $logic_or.
Using extmapper simplemap for cells of type $logic_and.
Using template $paramod$0cb8c8207ef60c40f3d931234779bbc53d5f6b86\_90_alu for cells of type $alu.
Using template $paramod$99501223b6f7e5af250351eeb57edb5403a5ad0b\_90_alu for cells of type $alu.
Using template $paramod$821d2886e47353e724eaca46af4992e9c3e6ac1d\_90_alu for cells of type $alu.
Using template $paramod$constmap:4d74be38e6b79a599d278b38d831ba2ee1d65e59$paramod$b6defe1885a38caa29433d011c6365392c91abf2\_90_shift_shiftx for cells of type $shift.
Using extmapper simplemap for cells of type $logic_not.
Using extmapper simplemap for cells of type $reduce_bool.
Using extmapper simplemap for cells of type $pos.
Using template $paramod\_90_lcu\WIDTH=32'00000000000000000000000000000110 for cells of type $lcu.
Using extmapper simplemap for cells of type $and.
Using template $paramod\_90_lcu\WIDTH=32'00000000000000000000000000100001 for cells of type $lcu.
Using template $paramod\_90_lcu\WIDTH=32'00000000000000000000000000001000 for cells of type $lcu.
Using template $paramod\_90_lcu\WIDTH=32'00000000000000000000000000000111 for cells of type $lcu.
No more expansions possible.
<suppressed ~1459 debug messages>

6.22. Executing OPT pass (performing simple optimizations).

6.22.1. Executing OPT_EXPR pass (perform const folding).
Optimizing module gate03r_secded_baseline_decoder.
<suppressed ~5188 debug messages>

6.22.2. Executing OPT_MERGE pass (detect identical cells).
Finding identical cells in module `\gate03r_secded_baseline_decoder'.
<suppressed ~252 debug messages>
Removed a total of 84 cells.

6.22.3. Executing OPT_DFF pass (perform DFF optimizations).

6.22.4. Executing OPT_CLEAN pass (remove unused cells and wires).
Finding unused cells or wires in module \gate03r_secded_baseline_decoder..
Removed 265 unused cells and 379 unused wires.
<suppressed ~266 debug messages>

6.22.5. Finished fast OPT passes.

6.23. Executing ABC pass (technology mapping using ABC).

6.23.1. Extracting gate netlist of module `\gate03r_secded_baseline_decoder' to `<abc-temp-dir>/input.blif'..
Extracted 830 gates and 903 wires to a netlist network with 72 inputs and 75 outputs.

6.23.1.1. Executing ABC.
Running ABC command: "<yosys-exe-dir>/yosys-abc" -s -f <abc-temp-dir>/abc.script 2>&1
ABC: ABC command line: "source <abc-temp-dir>/abc.script".
ABC: 
ABC: + read_blif <abc-temp-dir>/input.blif 
ABC: + read_library <abc-temp-dir>/stdcells.genlib 
ABC: Entered genlib library with 13 gates from file "<abc-temp-dir>/stdcells.genlib".
ABC: + strash 
ABC: + dretime 
ABC: + map 
ABC: + write_blif <abc-temp-dir>/output.blif 

6.23.1.2. Re-integrating ABC results.
ABC RESULTS:               AND cells:        3
ABC RESULTS:            ANDNOT cells:       11
ABC RESULTS:               XOR cells:        5
ABC RESULTS:               NOT cells:       74
ABC RESULTS:              NAND cells:        4
ABC RESULTS:               NOR cells:       85
ABC RESULTS:                OR cells:       44
ABC RESULTS:             ORNOT cells:      254
ABC RESULTS:               MUX cells:        1
ABC RESULTS:              XNOR cells:      356
ABC RESULTS:        internal signals:      756
ABC RESULTS:           input signals:       72
ABC RESULTS:          output signals:       75
Removing temp directory.

6.24. Executing OPT pass (performing simple optimizations).

6.24.1. Executing OPT_EXPR pass (perform const folding).
Optimizing module gate03r_secded_baseline_decoder.
<suppressed ~1 debug messages>

6.24.2. Executing OPT_MERGE pass (detect identical cells).
Finding identical cells in module `\gate03r_secded_baseline_decoder'.
<suppressed ~6 debug messages>
Removed a total of 2 cells.

6.24.3. Executing OPT_DFF pass (perform DFF optimizations).

6.24.4. Executing OPT_CLEAN pass (remove unused cells and wires).
Finding unused cells or wires in module \gate03r_secded_baseline_decoder..
Removed 0 unused cells and 441 unused wires.
<suppressed ~3 debug messages>

6.24.5. Finished fast OPT passes.

6.25. Executing HIERARCHY pass (managing design hierarchy).

6.25.1. Analyzing design hierarchy..
Top module:  \gate03r_secded_baseline_decoder

6.25.2. Analyzing design hierarchy..
Top module:  \gate03r_secded_baseline_decoder
Removed 0 unused modules.

6.26. Printing statistics.

=== gate03r_secded_baseline_decoder ===

   Number of wires:                771
   Number of wire bits:           1106
   Number of public wires:          11
   Number of public wire bits:     346
   Number of memories:               0
   Number of memory bits:            0
   Number of processes:              0
   Number of cells:                835
     $_ANDNOT_                      11
     $_AND_                          3
     $_MUX_                          1
     $_NAND_                         4
     $_NOR_                         84
     $_NOT_                         74
     $_ORNOT_                      253
     $_OR_                          44
     $_XNOR_                       356
     $_XOR_                          5

6.27. Executing CHECK pass (checking for obvious problems).
Checking module gate03r_secded_baseline_decoder...
Found and reported 0 problems.

7. Executing CHECK pass (checking for obvious problems).
Checking module gate03r_secded_baseline_decoder...
Found and reported 0 problems.

8. Executing JSON backend.

9. Executing Verilog backend.

9.1. Executing BMUXMAP pass.

9.2. Executing DEMUXMAP pass.
Dumping module `\gate03r_secded_baseline_decoder'.

End of script. Logfile hash: 2127061835
Yosys 0.30+48 (git sha1 b5b0b7e83, x86_64-w64-mingw32-g++ 13.1.0 -march=nocona -msahf -mtune=generic -O2 -Os)
Time spent: 1% 28x opt_expr (0 sec), 1% 20x opt_clean (0 sec), ...

exit_code=0
