$ "D:\Compiler Cpp\ucrt64\bin\yosys.EXE" -p "read_verilog -sv asic/rtl/secded/secded_pipelined_72_64_v1.sv scripts/gate03r/rtl/secded_characterization_tops.sv; hierarchy -check -top gate03r_secded_pipelined_combined; proc; flatten; opt; synth -top gate03r_secded_pipelined_combined -flatten; check; write_json docs/date2027/rigour_gate_03r/baseline/generic_synthesis/gate03r_secded_pipelined_combined.json; write_verilog -noattr docs/date2027/rigour_gate_03r/baseline/generic_synthesis/gate03r_secded_pipelined_combined.v"

 /----------------------------------------------------------------------------\
 |                                                                            |
 |  yosys -- Yosys Open SYnthesis Suite                                       |
 |                                                                            |
 |  Copyright (C) 2012 - 2020  Claire Xenia Wolf <claire@yosyshq.com>         |
 |                                                                            |
 |  Permission to use, copy, modify, and/or distribute this software for any  |
 |  purpose with or without fee is hereby granted, provided that the above    |
 |  copyright notice and this permission notice appear in all copies.         |
 |                                                                            |
 |  THE SOFTWARE IS PROVIDED "AS IS" AND THE AUTHOR DISCLAIMS ALL WARRANTIES  |
 |  WITH REGARD TO THIS SOFTWARE INCLUDING ALL IMPLIED WARRANTIES OF          |
 |  MERCHANTABILITY AND FITNESS. IN NO EVENT SHALL THE AUTHOR BE LIABLE FOR   |
 |  ANY SPECIAL, DIRECT, INDIRECT, OR CONSEQUENTIAL DAMAGES OR ANY DAMAGES    |
 |  WHATSOEVER RESULTING FROM LOSS OF USE, DATA OR PROFITS, WHETHER IN AN     |
 |  ACTION OF CONTRACT, NEGLIGENCE OR OTHER TORTIOUS ACTION, ARISING OUT OF   |
 |  OR IN CONNECTION WITH THE USE OR PERFORMANCE OF THIS SOFTWARE.            |
 |                                                                            |
 \----------------------------------------------------------------------------/

 Yosys 0.30+48 (git sha1 b5b0b7e83, x86_64-w64-mingw32-g++ 13.1.0 -march=nocona -msahf -mtune=generic -O2 -Os)


-- Running command `read_verilog -sv asic/rtl/secded/secded_pipelined_72_64_v1.sv scripts/gate03r/rtl/secded_characterization_tops.sv; hierarchy -check -top gate03r_secded_pipelined_combined; proc; flatten; opt; synth -top gate03r_secded_pipelined_combined -flatten; check; write_json docs/date2027/rigour_gate_03r/baseline/generic_synthesis/gate03r_secded_pipelined_combined.json; write_verilog -noattr docs/date2027/rigour_gate_03r/baseline/generic_synthesis/gate03r_secded_pipelined_combined.v' --

1. Executing Verilog-2005 frontend: asic/rtl/secded/secded_pipelined_72_64_v1.sv
Parsing SystemVerilog input from `asic/rtl/secded/secded_pipelined_72_64_v1.sv' to AST representation.
Generating RTLIL representation for module `\secded_pipelined_72_64_v1_encoder'.
Warning: Replacing memory \parity_group with list of registers. See asic/rtl/secded/secded_pipelined_72_64_v1.sv:48, asic/rtl/secded/secded_pipelined_72_64_v1.sv:30
Note: Assuming pure combinatorial block at asic/rtl/secded/secded_pipelined_72_64_v1.sv:26.3-54.6 in
compliance with IEC 62142(E):2005 / IEEE Std. 1364.1(E):2002. Recommending
use of @* instead of @(...) for better match of synthesis and simulation.
Generating RTLIL representation for module `\secded_pipelined_72_64_v1_decoder'.
Warning: Replacing memory \syndrome_group with list of registers. See asic/rtl/secded/secded_pipelined_72_64_v1.sv:106, asic/rtl/secded/secded_pipelined_72_64_v1.sv:99
Note: Assuming pure combinatorial block at asic/rtl/secded/secded_pipelined_72_64_v1.sv:96.3-112.6 in
compliance with IEC 62142(E):2005 / IEEE Std. 1364.1(E):2002. Recommending
use of @* instead of @(...) for better match of synthesis and simulation.
Note: Assuming pure combinatorial block at asic/rtl/secded/secded_pipelined_72_64_v1.sv:114.3-142.6 in
compliance with IEC 62142(E):2005 / IEEE Std. 1364.1(E):2002. Recommending
use of @* instead of @(...) for better match of synthesis and simulation.
Successfully finished Verilog frontend.

2. Executing Verilog-2005 frontend: scripts/gate03r/rtl/secded_characterization_tops.sv
Parsing SystemVerilog input from `scripts/gate03r/rtl/secded_characterization_tops.sv' to AST representation.
Generating RTLIL representation for module `\gate03r_secded_baseline_encoder'.
Note: Assuming pure combinatorial block at scripts/gate03r/rtl/secded_characterization_tops.sv:13.3-26.6 in
compliance with IEC 62142(E):2005 / IEEE Std. 1364.1(E):2002. Recommending
use of @* instead of @(...) for better match of synthesis and simulation.
Generating RTLIL representation for module `\gate03r_secded_baseline_decoder'.
Note: Assuming pure combinatorial block at scripts/gate03r/rtl/secded_characterization_tops.sv:45.3-68.6 in
compliance with IEC 62142(E):2005 / IEEE Std. 1364.1(E):2002. Recommending
use of @* instead of @(...) for better match of synthesis and simulation.
Generating RTLIL representation for module `\gate03r_secded_baseline_combined'.
Generating RTLIL representation for module `\gate03r_secded_pipelined_combined'.
Generating RTLIL representation for module `\gate03r_bch_combined'.
Successfully finished Verilog frontend.

3. Executing HIERARCHY pass (managing design hierarchy).

3.1. Analyzing design hierarchy..
Top module:  \gate03r_secded_pipelined_combined
Used module:     \secded_pipelined_72_64_v1_decoder
Used module:     \secded_pipelined_72_64_v1_encoder

3.2. Analyzing design hierarchy..
Top module:  \gate03r_secded_pipelined_combined
Used module:     \secded_pipelined_72_64_v1_decoder
Used module:     \secded_pipelined_72_64_v1_encoder
Removing unused module `\gate03r_bch_combined'.
Removing unused module `\gate03r_secded_baseline_combined'.
Removing unused module `\gate03r_secded_baseline_decoder'.
Removing unused module `\gate03r_secded_baseline_encoder'.
Removed 4 unused modules.

4. Executing PROC pass (convert processes to netlists).

4.1. Executing PROC_CLEAN pass (remove empty switches from decision trees).
Found and cleaned up 7 empty switches in `\secded_pipelined_72_64_v1_decoder.$proc$asic/rtl/secded/secded_pipelined_72_64_v1.sv:114$7552'.
Found and cleaned up 71 empty switches in `\secded_pipelined_72_64_v1_encoder.$proc$asic/rtl/secded/secded_pipelined_72_64_v1.sv:26$82'.
Cleaned up 78 empty switches.

4.2. Executing PROC_RMDEAD pass (remove dead branches from decision trees).
Marked 68 switch rules as full_case in process $proc$asic/rtl/secded/secded_pipelined_72_64_v1.sv:114$7552 in module secded_pipelined_72_64_v1_decoder.
Marked 504 switch rules as full_case in process $proc$asic/rtl/secded/secded_pipelined_72_64_v1.sv:96$4014 in module secded_pipelined_72_64_v1_decoder.
Marked 504 switch rules as full_case in process $proc$asic/rtl/secded/secded_pipelined_72_64_v1.sv:26$82 in module secded_pipelined_72_64_v1_encoder.
Removed a total of 0 dead cases.

4.3. Executing PROC_PRUNE pass (remove redundant assignments in processes).
Removed 0 redundant assignments.
Promoted 567 assignments to connections.

4.4. Executing PROC_INIT pass (extract init attributes).

4.5. Executing PROC_ARST pass (detect async resets in processes).

4.6. Executing PROC_ROM pass (convert switches to ROMs).
Converted 0 switches.
<suppressed ~1076 debug messages>

4.7. Executing PROC_MUX pass (convert decision trees to multiplexers).
Creating decoders for process `\secded_pipelined_72_64_v1_decoder.$proc$asic/rtl/secded/secded_pipelined_72_64_v1.sv:144$8673'.
Creating decoders for process `\secded_pipelined_72_64_v1_decoder.$proc$asic/rtl/secded/secded_pipelined_72_64_v1.sv:114$7552'.
     1/336: $64\data_index[31:0]
     2/336: $64\data_d[63:0]
     3/336: $1$bitselwrite$data$asic/rtl/secded/secded_pipelined_72_64_v1.sv:138$4012[63:0]$8660
     4/336: $1$bitselwrite$mask$asic/rtl/secded/secded_pipelined_72_64_v1.sv:138$4011[63:0]$8659
     5/336: $1$bitselwrite$sel$asic/rtl/secded/secded_pipelined_72_64_v1.sv:138$4013[31:0]$8661
     6/336: $63\data_index[31:0]
     7/336: $63\data_d[63:0]
     8/336: $1$bitselwrite$data$asic/rtl/secded/secded_pipelined_72_64_v1.sv:138$4008[63:0]$8646
     9/336: $1$bitselwrite$mask$asic/rtl/secded/secded_pipelined_72_64_v1.sv:138$4007[63:0]$8645
    10/336: $1$bitselwrite$sel$asic/rtl/secded/secded_pipelined_72_64_v1.sv:138$4009[31:0]$8647
    11/336: $62\data_index[31:0]
    12/336: $62\data_d[63:0]
    13/336: $1$bitselwrite$data$asic/rtl/secded/secded_pipelined_72_64_v1.sv:138$4004[63:0]$8632
    14/336: $1$bitselwrite$mask$asic/rtl/secded/secded_pipelined_72_64_v1.sv:138$4003[63:0]$8631
    15/336: $1$bitselwrite$sel$asic/rtl/secded/secded_pipelined_72_64_v1.sv:138$4005[31:0]$8633
    16/336: $61\data_index[31:0]
    17/336: $61\data_d[63:0]
    18/336: $1$bitselwrite$data$asic/rtl/secded/secded_pipelined_72_64_v1.sv:138$4000[63:0]$8618
    19/336: $1$bitselwrite$mask$asic/rtl/secded/secded_pipelined_72_64_v1.sv:138$3999[63:0]$8617
    20/336: $1$bitselwrite$sel$asic/rtl/secded/secded_pipelined_72_64_v1.sv:138$4001[31:0]$8619
    21/336: $60\data_index[31:0]
    22/336: $60\data_d[63:0]
    23/336: $1$bitselwrite$data$asic/rtl/secded/secded_pipelined_72_64_v1.sv:138$3996[63:0]$8604
    24/336: $1$bitselwrite$mask$asic/rtl/secded/secded_pipelined_72_64_v1.sv:138$3995[63:0]$8603
    25/336: $1$bitselwrite$sel$asic/rtl/secded/secded_pipelined_72_64_v1.sv:138$3997[31:0]$8605
    26/336: $59\data_index[31:0]
    27/336: $59\data_d[63:0]
    28/336: $1$bitselwrite$data$asic/rtl/secded/secded_pipelined_72_64_v1.sv:138$3992[63:0]$8590
    29/336: $1$bitselwrite$mask$asic/rtl/secded/secded_pipelined_72_64_v1.sv:138$3991[63:0]$8589
    30/336: $1$bitselwrite$sel$asic/rtl/secded/secded_pipelined_72_64_v1.sv:138$3993[31:0]$8591
    31/336: $58\data_index[31:0]
    32/336: $58\data_d[63:0]
    33/336: $1$bitselwrite$data$asic/rtl/secded/secded_pipelined_72_64_v1.sv:138$3988[63:0]$8576
    34/336: $1$bitselwrite$mask$asic/rtl/secded/secded_pipelined_72_64_v1.sv:138$3987[63:0]$8575
    35/336: $1$bitselwrite$sel$asic/rtl/secded/secded_pipelined_72_64_v1.sv:138$3989[31:0]$8577
    36/336: $57\data_index[31:0]
    37/336: $57\data_d[63:0]
    38/336: $1$bitselwrite$data$asic/rtl/secded/secded_pipelined_72_64_v1.sv:138$3983[63:0]$8562
    39/336: $1$bitselwrite$mask$asic/rtl/secded/secded_pipelined_72_64_v1.sv:138$3982[63:0]$8561
    40/336: $1$bitselwrite$sel$asic/rtl/secded/secded_pipelined_72_64_v1.sv:138$3984[31:0]$8563
    41/336: $56\data_index[31:0]
    42/336: $56\data_d[63:0]
    43/336: $1$bitselwrite$data$asic/rtl/secded/secded_pipelined_72_64_v1.sv:138$3979[63:0]$8548
    44/336: $1$bitselwrite$mask$asic/rtl/secded/secded_pipelined_72_64_v1.sv:138$3978[63:0]$8547
    45/336: $1$bitselwrite$sel$asic/rtl/secded/secded_pipelined_72_64_v1.sv:138$3980[31:0]$8549
    46/336: $55\data_index[31:0]
    47/336: $55\data_d[63:0]
    48/336: $1$bitselwrite$data$asic/rtl/secded/secded_pipelined_72_64_v1.sv:138$3975[63:0]$8534
    49/336: $1$bitselwrite$mask$asic/rtl/secded/secded_pipelined_72_64_v1.sv:138$3974[63:0]$8533
    50/336: $1$bitselwrite$sel$asic/rtl/secded/secded_pipelined_72_64_v1.sv:138$3976[31:0]$8535
    51/336: $54\data_index[31:0]
    52/336: $54\data_d[63:0]
    53/336: $1$bitselwrite$data$asic/rtl/secded/secded_pipelined_72_64_v1.sv:138$3971[63:0]$8520
    54/336: $1$bitselwrite$mask$asic/rtl/secded/secded_pipelined_72_64_v1.sv:138$3970[63:0]$8519
    55/336: $1$bitselwrite$sel$asic/rtl/secded/secded_pipelined_72_64_v1.sv:138$3972[31:0]$8521
    56/336: $53\data_index[31:0]
    57/336: $53\data_d[63:0]
    58/336: $1$bitselwrite$data$asic/rtl/secded/secded_pipelined_72_64_v1.sv:138$3967[63:0]$8506
    59/336: $1$bitselwrite$mask$asic/rtl/secded/secded_pipelined_72_64_v1.sv:138$3966[63:0]$8505
    60/336: $1$bitselwrite$sel$asic/rtl/secded/secded_pipelined_72_64_v1.sv:138$3968[31:0]$8507
    61/336: $52\data_index[31:0]
    62/336: $52\data_d[63:0]
    63/336: $1$bitselwrite$data$asic/rtl/secded/secded_pipelined_72_64_v1.sv:138$3963[63:0]$8492
    64/336: $1$bitselwrite$mask$asic/rtl/secded/secded_pipelined_72_64_v1.sv:138$3962[63:0]$8491
    65/336: $1$bitselwrite$sel$asic/rtl/secded/secded_pipelined_72_64_v1.sv:138$3964[31:0]$8493
    66/336: $51\data_index[31:0]
    67/336: $51\data_d[63:0]
    68/336: $1$bitselwrite$data$asic/rtl/secded/secded_pipelined_72_64_v1.sv:138$3959[63:0]$8478
    69/336: $1$bitselwrite$mask$asic/rtl/secded/secded_pipelined_72_64_v1.sv:138$3958[63:0]$8477
    70/336: $1$bitselwrite$sel$asic/rtl/secded/secded_pipelined_72_64_v1.sv:138$3960[31:0]$8479
    71/336: $50\data_index[31:0]
    72/336: $50\data_d[63:0]
    73/336: $1$bitselwrite$data$asic/rtl/secded/secded_pipelined_72_64_v1.sv:138$3955[63:0]$8464
    74/336: $1$bitselwrite$mask$asic/rtl/secded/secded_pipelined_72_64_v1.sv:138$3954[63:0]$8463
    75/336: $1$bitselwrite$sel$asic/rtl/secded/secded_pipelined_72_64_v1.sv:138$3956[31:0]$8465
    76/336: $49\data_index[31:0]
    77/336: $49\data_d[63:0]
    78/336: $1$bitselwrite$data$asic/rtl/secded/secded_pipelined_72_64_v1.sv:138$3951[63:0]$8450
    79/336: $1$bitselwrite$mask$asic/rtl/secded/secded_pipelined_72_64_v1.sv:138$3950[63:0]$8449
    80/336: $1$bitselwrite$sel$asic/rtl/secded/secded_pipelined_72_64_v1.sv:138$3952[31:0]$8451
    81/336: $48\data_index[31:0]
    82/336: $48\data_d[63:0]
    83/336: $1$bitselwrite$data$asic/rtl/secded/secded_pipelined_72_64_v1.sv:138$3947[63:0]$8436
    84/336: $1$bitselwrite$mask$asic/rtl/secded/secded_pipelined_72_64_v1.sv:138$3946[63:0]$8435
    85/336: $1$bitselwrite$sel$asic/rtl/secded/secded_pipelined_72_64_v1.sv:138$3948[31:0]$8437
    86/336: $47\data_index[31:0]
    87/336: $47\data_d[63:0]
    88/336: $1$bitselwrite$data$asic/rtl/secded/secded_pipelined_72_64_v1.sv:138$3943[63:0]$8422
    89/336: $1$bitselwrite$mask$asic/rtl/secded/secded_pipelined_72_64_v1.sv:138$3942[63:0]$8421
    90/336: $1$bitselwrite$sel$asic/rtl/secded/secded_pipelined_72_64_v1.sv:138$3944[31:0]$8423
    91/336: $46\data_index[31:0]
    92/336: $46\data_d[63:0]
    93/336: $1$bitselwrite$data$asic/rtl/secded/secded_pipelined_72_64_v1.sv:138$3939[63:0]$8408
    94/336: $1$bitselwrite$mask$asic/rtl/secded/secded_pipelined_72_64_v1.sv:138$3938[63:0]$8407
    95/336: $1$bitselwrite$sel$asic/rtl/secded/secded_pipelined_72_64_v1.sv:138$3940[31:0]$8409
    96/336: $45\data_index[31:0]
    97/336: $45\data_d[63:0]
    98/336: $1$bitselwrite$data$asic/rtl/secded/secded_pipelined_72_64_v1.sv:138$3935[63:0]$8394
    99/336: $1$bitselwrite$mask$asic/rtl/secded/secded_pipelined_72_64_v1.sv:138$3934[63:0]$8393
   100/336: $1$bitselwrite$sel$asic/rtl/secded/secded_pipelined_72_64_v1.sv:138$3936[31:0]$8395
   101/336: $44\data_index[31:0]
   102/336: $44\data_d[63:0]
   103/336: $1$bitselwrite$data$asic/rtl/secded/secded_pipelined_72_64_v1.sv:138$3931[63:0]$8380
   104/336: $1$bitselwrite$mask$asic/rtl/secded/secded_pipelined_72_64_v1.sv:138$3930[63:0]$8379
   105/336: $1$bitselwrite$sel$asic/rtl/secded/secded_pipelined_72_64_v1.sv:138$3932[31:0]$8381
   106/336: $43\data_index[31:0]
   107/336: $43\data_d[63:0]
   108/336: $1$bitselwrite$data$asic/rtl/secded/secded_pipelined_72_64_v1.sv:138$3927[63:0]$8366
   109/336: $1$bitselwrite$mask$asic/rtl/secded/secded_pipelined_72_64_v1.sv:138$3926[63:0]$8365
   110/336: $1$bitselwrite$sel$asic/rtl/secded/secded_pipelined_72_64_v1.sv:138$3928[31:0]$8367
   111/336: $42\data_index[31:0]
   112/336: $42\data_d[63:0]
   113/336: $1$bitselwrite$data$asic/rtl/secded/secded_pipelined_72_64_v1.sv:138$3923[63:0]$8352
   114/336: $1$bitselwrite$mask$asic/rtl/secded/secded_pipelined_72_64_v1.sv:138$3922[63:0]$8351
   115/336: $1$bitselwrite$sel$asic/rtl/secded/secded_pipelined_72_64_v1.sv:138$3924[31:0]$8353
   116/336: $41\data_index[31:0]
   117/336: $41\data_d[63:0]
   118/336: $1$bitselwrite$data$asic/rtl/secded/secded_pipelined_72_64_v1.sv:138$3919[63:0]$8338
   119/336: $1$bitselwrite$mask$asic/rtl/secded/secded_pipelined_72_64_v1.sv:138$3918[63:0]$8337
   120/336: $1$bitselwrite$sel$asic/rtl/secded/secded_pipelined_72_64_v1.sv:138$3920[31:0]$8339
   121/336: $40\data_index[31:0]
   122/336: $40\data_d[63:0]
   123/336: $1$bitselwrite$data$asic/rtl/secded/secded_pipelined_72_64_v1.sv:138$3915[63:0]$8324
   124/336: $1$bitselwrite$mask$asic/rtl/secded/secded_pipelined_72_64_v1.sv:138$3914[63:0]$8323
   125/336: $1$bitselwrite$sel$asic/rtl/secded/secded_pipelined_72_64_v1.sv:138$3916[31:0]$8325
   126/336: $39\data_index[31:0]
   127/336: $39\data_d[63:0]
   128/336: $1$bitselwrite$data$asic/rtl/secded/secded_pipelined_72_64_v1.sv:138$3911[63:0]$8310
   129/336: $1$bitselwrite$mask$asic/rtl/secded/secded_pipelined_72_64_v1.sv:138$3910[63:0]$8309
   130/336: $1$bitselwrite$sel$asic/rtl/secded/secded_pipelined_72_64_v1.sv:138$3912[31:0]$8311
   131/336: $38\data_index[31:0]
   132/336: $38\data_d[63:0]
   133/336: $1$bitselwrite$data$asic/rtl/secded/secded_pipelined_72_64_v1.sv:138$3907[63:0]$8296
   134/336: $1$bitselwrite$mask$asic/rtl/secded/secded_pipelined_72_64_v1.sv:138$3906[63:0]$8295
   135/336: $1$bitselwrite$sel$asic/rtl/secded/secded_pipelined_72_64_v1.sv:138$3908[31:0]$8297
   136/336: $37\data_index[31:0]
   137/336: $37\data_d[63:0]
   138/336: $1$bitselwrite$data$asic/rtl/secded/secded_pipelined_72_64_v1.sv:138$3903[63:0]$8282
   139/336: $1$bitselwrite$mask$asic/rtl/secded/secded_pipelined_72_64_v1.sv:138$3902[63:0]$8281
   140/336: $1$bitselwrite$sel$asic/rtl/secded/secded_pipelined_72_64_v1.sv:138$3904[31:0]$8283
   141/336: $36\data_index[31:0]
   142/336: $36\data_d[63:0]
   143/336: $1$bitselwrite$data$asic/rtl/secded/secded_pipelined_72_64_v1.sv:138$3899[63:0]$8268
   144/336: $1$bitselwrite$mask$asic/rtl/secded/secded_pipelined_72_64_v1.sv:138$3898[63:0]$8267
   145/336: $1$bitselwrite$sel$asic/rtl/secded/secded_pipelined_72_64_v1.sv:138$3900[31:0]$8269
   146/336: $35\data_index[31:0]
   147/336: $35\data_d[63:0]
   148/336: $1$bitselwrite$data$asic/rtl/secded/secded_pipelined_72_64_v1.sv:138$3895[63:0]$8254
   149/336: $1$bitselwrite$mask$asic/rtl/secded/secded_pipelined_72_64_v1.sv:138$3894[63:0]$8253
   150/336: $1$bitselwrite$sel$asic/rtl/secded/secded_pipelined_72_64_v1.sv:138$3896[31:0]$8255
   151/336: $34\data_index[31:0]
   152/336: $34\data_d[63:0]
   153/336: $1$bitselwrite$data$asic/rtl/secded/secded_pipelined_72_64_v1.sv:138$3891[63:0]$8240
   154/336: $1$bitselwrite$mask$asic/rtl/secded/secded_pipelined_72_64_v1.sv:138$3890[63:0]$8239
   155/336: $1$bitselwrite$sel$asic/rtl/secded/secded_pipelined_72_64_v1.sv:138$3892[31:0]$8241
   156/336: $33\data_index[31:0]
   157/336: $33\data_d[63:0]
   158/336: $1$bitselwrite$data$asic/rtl/secded/secded_pipelined_72_64_v1.sv:138$3887[63:0]$8226
   159/336: $1$bitselwrite$mask$asic/rtl/secded/secded_pipelined_72_64_v1.sv:138$3886[63:0]$8225
   160/336: $1$bitselwrite$sel$asic/rtl/secded/secded_pipelined_72_64_v1.sv:138$3888[31:0]$8227
   161/336: $32\data_index[31:0]
   162/336: $32\data_d[63:0]
   163/336: $1$bitselwrite$data$asic/rtl/secded/secded_pipelined_72_64_v1.sv:138$3883[63:0]$8212
   164/336: $1$bitselwrite$mask$asic/rtl/secded/secded_pipelined_72_64_v1.sv:138$3882[63:0]$8211
   165/336: $1$bitselwrite$sel$asic/rtl/secded/secded_pipelined_72_64_v1.sv:138$3884[31:0]$8213
   166/336: $31\data_index[31:0]
   167/336: $31\data_d[63:0]
   168/336: $1$bitselwrite$data$asic/rtl/secded/secded_pipelined_72_64_v1.sv:138$3879[63:0]$8198
   169/336: $1$bitselwrite$mask$asic/rtl/secded/secded_pipelined_72_64_v1.sv:138$3878[63:0]$8197
   170/336: $1$bitselwrite$sel$asic/rtl/secded/secded_pipelined_72_64_v1.sv:138$3880[31:0]$8199
   171/336: $30\data_index[31:0]
   172/336: $30\data_d[63:0]
   173/336: $1$bitselwrite$data$asic/rtl/secded/secded_pipelined_72_64_v1.sv:138$3875[63:0]$8184
   174/336: $1$bitselwrite$mask$asic/rtl/secded/secded_pipelined_72_64_v1.sv:138$3874[63:0]$8183
   175/336: $1$bitselwrite$sel$asic/rtl/secded/secded_pipelined_72_64_v1.sv:138$3876[31:0]$8185
   176/336: $29\data_index[31:0]
   177/336: $29\data_d[63:0]
   178/336: $1$bitselwrite$data$asic/rtl/secded/secded_pipelined_72_64_v1.sv:138$3871[63:0]$8170
   179/336: $1$bitselwrite$mask$asic/rtl/secded/secded_pipelined_72_64_v1.sv:138$3870[63:0]$8169
   180/336: $1$bitselwrite$sel$asic/rtl/secded/secded_pipelined_72_64_v1.sv:138$3872[31:0]$8171
   181/336: $28\data_index[31:0]
   182/336: $28\data_d[63:0]
   183/336: $1$bitselwrite$data$asic/rtl/secded/secded_pipelined_72_64_v1.sv:138$3867[63:0]$8156
   184/336: $1$bitselwrite$mask$asic/rtl/secded/secded_pipelined_72_64_v1.sv:138$3866[63:0]$8155
   185/336: $1$bitselwrite$sel$asic/rtl/secded/secded_pipelined_72_64_v1.sv:138$3868[31:0]$8157
   186/336: $27\data_index[31:0]
   187/336: $27\data_d[63:0]
   188/336: $1$bitselwrite$data$asic/rtl/secded/secded_pipelined_72_64_v1.sv:138$3863[63:0]$8142
   189/336: $1$bitselwrite$mask$asic/rtl/secded/secded_pipelined_72_64_v1.sv:138$3862[63:0]$8141
   190/336: $1$bitselwrite$sel$asic/rtl/secded/secded_pipelined_72_64_v1.sv:138$3864[31:0]$8143
   191/336: $26\data_index[31:0]
   192/336: $26\data_d[63:0]
   193/336: $1$bitselwrite$data$asic/rtl/secded/secded_pipelined_72_64_v1.sv:138$3858[63:0]$8128
   194/336: $1$bitselwrite$mask$asic/rtl/secded/secded_pipelined_72_64_v1.sv:138$3857[63:0]$8127
   195/336: $1$bitselwrite$sel$asic/rtl/secded/secded_pipelined_72_64_v1.sv:138$3859[31:0]$8129
   196/336: $25\data_index[31:0]
   197/336: $25\data_d[63:0]
   198/336: $1$bitselwrite$data$asic/rtl/secded/secded_pipelined_72_64_v1.sv:138$3854[63:0]$8114
   199/336: $1$bitselwrite$mask$asic/rtl/secded/secded_pipelined_72_64_v1.sv:138$3853[63:0]$8113
   200/336: $1$bitselwrite$sel$asic/rtl/secded/secded_pipelined_72_64_v1.sv:138$3855[31:0]$8115
   201/336: $24\data_index[31:0]
   202/336: $24\data_d[63:0]
   203/336: $1$bitselwrite$data$asic/rtl/secded/secded_pipelined_72_64_v1.sv:138$3850[63:0]$8100
   204/336: $1$bitselwrite$mask$asic/rtl/secded/secded_pipelined_72_64_v1.sv:138$3849[63:0]$8099
   205/336: $1$bitselwrite$sel$asic/rtl/secded/secded_pipelined_72_64_v1.sv:138$3851[31:0]$8101
   206/336: $23\data_index[31:0]
   207/336: $23\data_d[63:0]
   208/336: $1$bitselwrite$data$asic/rtl/secded/secded_pipelined_72_64_v1.sv:138$3846[63:0]$8086
   209/336: $1$bitselwrite$mask$asic/rtl/secded/secded_pipelined_72_64_v1.sv:138$3845[63:0]$8085
   210/336: $1$bitselwrite$sel$asic/rtl/secded/secded_pipelined_72_64_v1.sv:138$3847[31:0]$8087
   211/336: $22\data_index[31:0]
   212/336: $22\data_d[63:0]
   213/336: $1$bitselwrite$data$asic/rtl/secded/secded_pipelined_72_64_v1.sv:138$3842[63:0]$8072
   214/336: $1$bitselwrite$mask$asic/rtl/secded/secded_pipelined_72_64_v1.sv:138$3841[63:0]$8071
   215/336: $1$bitselwrite$sel$asic/rtl/secded/secded_pipelined_72_64_v1.sv:138$3843[31:0]$8073
   216/336: $21\data_index[31:0]
   217/336: $21\data_d[63:0]
   218/336: $1$bitselwrite$data$asic/rtl/secded/secded_pipelined_72_64_v1.sv:138$3838[63:0]$8058
   219/336: $1$bitselwrite$mask$asic/rtl/secded/secded_pipelined_72_64_v1.sv:138$3837[63:0]$8057
   220/336: $1$bitselwrite$sel$asic/rtl/secded/secded_pipelined_72_64_v1.sv:138$3839[31:0]$8059
   221/336: $20\data_index[31:0]
   222/336: $20\data_d[63:0]
   223/336: $1$bitselwrite$data$asic/rtl/secded/secded_pipelined_72_64_v1.sv:138$3834[63:0]$8044
   224/336: $1$bitselwrite$mask$asic/rtl/secded/secded_pipelined_72_64_v1.sv:138$3833[63:0]$8043
   225/336: $1$bitselwrite$sel$asic/rtl/secded/secded_pipelined_72_64_v1.sv:138$3835[31:0]$8045
   226/336: $19\data_index[31:0]
   227/336: $19\data_d[63:0]
   228/336: $1$bitselwrite$data$asic/rtl/secded/secded_pipelined_72_64_v1.sv:138$3830[63:0]$8030
   229/336: $1$bitselwrite$mask$asic/rtl/secded/secded_pipelined_72_64_v1.sv:138$3829[63:0]$8029
   230/336: $1$bitselwrite$sel$asic/rtl/secded/secded_pipelined_72_64_v1.sv:138$3831[31:0]$8031
   231/336: $18\data_index[31:0]
   232/336: $18\data_d[63:0]
   233/336: $1$bitselwrite$data$asic/rtl/secded/secded_pipelined_72_64_v1.sv:138$3826[63:0]$8016
   234/336: $1$bitselwrite$mask$asic/rtl/secded/secded_pipelined_72_64_v1.sv:138$3825[63:0]$8015
   235/336: $1$bitselwrite$sel$asic/rtl/secded/secded_pipelined_72_64_v1.sv:138$3827[31:0]$8017
   236/336: $17\data_index[31:0]
   237/336: $17\data_d[63:0]
   238/336: $1$bitselwrite$data$asic/rtl/secded/secded_pipelined_72_64_v1.sv:138$3822[63:0]$8002
   239/336: $1$bitselwrite$mask$asic/rtl/secded/secded_pipelined_72_64_v1.sv:138$3821[63:0]$8001
   240/336: $1$bitselwrite$sel$asic/rtl/secded/secded_pipelined_72_64_v1.sv:138$3823[31:0]$8003
   241/336: $16\data_index[31:0]
   242/336: $16\data_d[63:0]
   243/336: $1$bitselwrite$data$asic/rtl/secded/secded_pipelined_72_64_v1.sv:138$3818[63:0]$7988
   244/336: $1$bitselwrite$mask$asic/rtl/secded/secded_pipelined_72_64_v1.sv:138$3817[63:0]$7987
   245/336: $1$bitselwrite$sel$asic/rtl/secded/secded_pipelined_72_64_v1.sv:138$3819[31:0]$7989
   246/336: $15\data_index[31:0]
   247/336: $15\data_d[63:0]
   248/336: $1$bitselwrite$data$asic/rtl/secded/secded_pipelined_72_64_v1.sv:138$3814[63:0]$7974
   249/336: $1$bitselwrite$mask$asic/rtl/secded/secded_pipelined_72_64_v1.sv:138$3813[63:0]$7973
   250/336: $1$bitselwrite$sel$asic/rtl/secded/secded_pipelined_72_64_v1.sv:138$3815[31:0]$7975
   251/336: $14\data_index[31:0]
   252/336: $14\data_d[63:0]
   253/336: $1$bitselwrite$data$asic/rtl/secded/secded_pipelined_72_64_v1.sv:138$3810[63:0]$7960
   254/336: $1$bitselwrite$mask$asic/rtl/secded/secded_pipelined_72_64_v1.sv:138$3809[63:0]$7959
   255/336: $1$bitselwrite$sel$asic/rtl/secded/secded_pipelined_72_64_v1.sv:138$3811[31:0]$7961
   256/336: $13\data_index[31:0]
   257/336: $13\data_d[63:0]
   258/336: $1$bitselwrite$data$asic/rtl/secded/secded_pipelined_72_64_v1.sv:138$3806[63:0]$7946
   259/336: $1$bitselwrite$mask$asic/rtl/secded/secded_pipelined_72_64_v1.sv:138$3805[63:0]$7945
   260/336: $1$bitselwrite$sel$asic/rtl/secded/secded_pipelined_72_64_v1.sv:138$3807[31:0]$7947
   261/336: $12\data_index[31:0]
   262/336: $12\data_d[63:0]
   263/336: $1$bitselwrite$data$asic/rtl/secded/secded_pipelined_72_64_v1.sv:138$3802[63:0]$7932
   264/336: $1$bitselwrite$mask$asic/rtl/secded/secded_pipelined_72_64_v1.sv:138$3801[63:0]$7931
   265/336: $1$bitselwrite$sel$asic/rtl/secded/secded_pipelined_72_64_v1.sv:138$3803[31:0]$7933
   266/336: $11\data_index[31:0]
   267/336: $11\data_d[63:0]
   268/336: $1$bitselwrite$data$asic/rtl/secded/secded_pipelined_72_64_v1.sv:138$3797[63:0]$7918
   269/336: $1$bitselwrite$mask$asic/rtl/secded/secded_pipelined_72_64_v1.sv:138$3796[63:0]$7917
   270/336: $1$bitselwrite$sel$asic/rtl/secded/secded_pipelined_72_64_v1.sv:138$3798[31:0]$7919
   271/336: $10\data_index[31:0]
   272/336: $10\data_d[63:0]
   273/336: $1$bitselwrite$data$asic/rtl/secded/secded_pipelined_72_64_v1.sv:138$3793[63:0]$7904
   274/336: $1$bitselwrite$mask$asic/rtl/secded/secded_pipelined_72_64_v1.sv:138$3792[63:0]$7903
   275/336: $1$bitselwrite$sel$asic/rtl/secded/secded_pipelined_72_64_v1.sv:138$3794[31:0]$7905
   276/336: $9\data_index[31:0]
   277/336: $9\data_d[63:0]
   278/336: $1$bitselwrite$data$asic/rtl/secded/secded_pipelined_72_64_v1.sv:138$3789[63:0]$7890
   279/336: $1$bitselwrite$mask$asic/rtl/secded/secded_pipelined_72_64_v1.sv:138$3788[63:0]$7889
   280/336: $1$bitselwrite$sel$asic/rtl/secded/secded_pipelined_72_64_v1.sv:138$3790[31:0]$7891
   281/336: $8\data_index[31:0]
   282/336: $8\data_d[63:0]
   283/336: $1$bitselwrite$data$asic/rtl/secded/secded_pipelined_72_64_v1.sv:138$3785[63:0]$7876
   284/336: $1$bitselwrite$mask$asic/rtl/secded/secded_pipelined_72_64_v1.sv:138$3784[63:0]$7875
   285/336: $1$bitselwrite$sel$asic/rtl/secded/secded_pipelined_72_64_v1.sv:138$3786[31:0]$7877
   286/336: $7\data_index[31:0]
   287/336: $7\data_d[63:0]
   288/336: $1$bitselwrite$data$asic/rtl/secded/secded_pipelined_72_64_v1.sv:138$3781[63:0]$7862
   289/336: $1$bitselwrite$mask$asic/rtl/secded/secded_pipelined_72_64_v1.sv:138$3780[63:0]$7861
   290/336: $1$bitselwrite$sel$asic/rtl/secded/secded_pipelined_72_64_v1.sv:138$3782[31:0]$7863
   291/336: $6\data_index[31:0]
   292/336: $6\data_d[63:0]
   293/336: $1$bitselwrite$data$asic/rtl/secded/secded_pipelined_72_64_v1.sv:138$3777[63:0]$7848
   294/336: $1$bitselwrite$mask$asic/rtl/secded/secded_pipelined_72_64_v1.sv:138$3776[63:0]$7847
   295/336: $1$bitselwrite$sel$asic/rtl/secded/secded_pipelined_72_64_v1.sv:138$3778[31:0]$7849
   296/336: $5\data_index[31:0]
   297/336: $5\data_d[63:0]
   298/336: $1$bitselwrite$data$asic/rtl/secded/secded_pipelined_72_64_v1.sv:138$3773[63:0]$7834
   299/336: $1$bitselwrite$mask$asic/rtl/secded/secded_pipelined_72_64_v1.sv:138$3772[63:0]$7833
   300/336: $1$bitselwrite$sel$asic/rtl/secded/secded_pipelined_72_64_v1.sv:138$3774[31:0]$7835
   301/336: $4\data_index[31:0]
   302/336: $4\data_d[63:0]
   303/336: $1$bitselwrite$data$asic/rtl/secded/secded_pipelined_72_64_v1.sv:138$3768[63:0]$7820
   304/336: $1$bitselwrite$mask$asic/rtl/secded/secded_pipelined_72_64_v1.sv:138$3767[63:0]$7819
   305/336: $1$bitselwrite$sel$asic/rtl/secded/secded_pipelined_72_64_v1.sv:138$3769[31:0]$7821
   306/336: $3\data_index[31:0]
   307/336: $3\data_d[63:0]
   308/336: $1$bitselwrite$data$asic/rtl/secded/secded_pipelined_72_64_v1.sv:138$3764[63:0]$7806
   309/336: $1$bitselwrite$mask$asic/rtl/secded/secded_pipelined_72_64_v1.sv:138$3763[63:0]$7805
   310/336: $1$bitselwrite$sel$asic/rtl/secded/secded_pipelined_72_64_v1.sv:138$3765[31:0]$7807
   311/336: $2\data_index[31:0]
   312/336: $2\data_d[63:0]
   313/336: $1$bitselwrite$data$asic/rtl/secded/secded_pipelined_72_64_v1.sv:138$3760[63:0]$7792
   314/336: $1$bitselwrite$mask$asic/rtl/secded/secded_pipelined_72_64_v1.sv:138$3759[63:0]$7791
   315/336: $1$bitselwrite$sel$asic/rtl/secded/secded_pipelined_72_64_v1.sv:138$3761[31:0]$7793
   316/336: $1\data_index[31:0]
   317/336: $1\data_d[63:0]
   318/336: $1$bitselwrite$data$asic/rtl/secded/secded_pipelined_72_64_v1.sv:138$3755[63:0]$7778
   319/336: $1$bitselwrite$mask$asic/rtl/secded/secded_pipelined_72_64_v1.sv:138$3754[63:0]$7777
   320/336: $1$bitselwrite$sel$asic/rtl/secded/secded_pipelined_72_64_v1.sv:138$3756[31:0]$7779
   321/336: $3\uncorrectable_d[0:0]
   322/336: $3\corrected_flag_d[0:0]
   323/336: $3\correction_mask_d[71:71]
   324/336: $2\uncorrectable_d[0:0]
   325/336: $1\correction_mask_d[71:0] [71]
   326/336: $1\correction_mask_d[71:0] [70:0]
   327/336: $2\correction_mask_d[71:0]
   328/336: $2$bitselwrite$data$asic/rtl/secded/secded_pipelined_72_64_v1.sv:123$3749[71:0]$7759
   329/336: $2$bitselwrite$mask$asic/rtl/secded/secded_pipelined_72_64_v1.sv:123$3748[71:0]$7758
   330/336: $2$bitselwrite$sel$asic/rtl/secded/secded_pipelined_72_64_v1.sv:123$3750[31:0]$7760
   331/336: $1$bitselwrite$sel$asic/rtl/secded/secded_pipelined_72_64_v1.sv:123$3750[31:0]$7754
   332/336: $1$bitselwrite$data$asic/rtl/secded/secded_pipelined_72_64_v1.sv:123$3749[71:0]$7753
   333/336: $1$bitselwrite$mask$asic/rtl/secded/secded_pipelined_72_64_v1.sv:123$3748[71:0]$7752
   334/336: $1\corrected_flag_d[0:0]
   335/336: $2\corrected_flag_d[0:0]
   336/336: $1\uncorrectable_d[0:0]
Creating decoders for process `\secded_pipelined_72_64_v1_decoder.$proc$asic/rtl/secded/secded_pipelined_72_64_v1.sv:96$4014'.
     1/504: $72\syndrome_group[6][8:8]
     2/504: $71\syndrome_group[6][8:8]
     3/504: $70\syndrome_group[6][8:8]
     4/504: $69\syndrome_group[6][8:8]
     5/504: $68\syndrome_group[6][8:8]
     6/504: $67\syndrome_group[6][8:8]
     7/504: $66\syndrome_group[6][8:8]
     8/504: $65\syndrome_group[6][8:8]
     9/504: $64\syndrome_group[6][7:7]
    10/504: $63\syndrome_group[6][7:7]
    11/504: $62\syndrome_group[6][7:7]
    12/504: $61\syndrome_group[6][7:7]
    13/504: $60\syndrome_group[6][7:7]
    14/504: $59\syndrome_group[6][7:7]
    15/504: $58\syndrome_group[6][7:7]
    16/504: $57\syndrome_group[6][7:7]
    17/504: $56\syndrome_group[6][6:6]
    18/504: $55\syndrome_group[6][6:6]
    19/504: $54\syndrome_group[6][6:6]
    20/504: $53\syndrome_group[6][6:6]
    21/504: $52\syndrome_group[6][6:6]
    22/504: $51\syndrome_group[6][6:6]
    23/504: $50\syndrome_group[6][6:6]
    24/504: $49\syndrome_group[6][6:6]
    25/504: $48\syndrome_group[6][5:5]
    26/504: $47\syndrome_group[6][5:5]
    27/504: $46\syndrome_group[6][5:5]
    28/504: $45\syndrome_group[6][5:5]
    29/504: $44\syndrome_group[6][5:5]
    30/504: $43\syndrome_group[6][5:5]
    31/504: $42\syndrome_group[6][5:5]
    32/504: $41\syndrome_group[6][5:5]
    33/504: $40\syndrome_group[6][4:4]
    34/504: $39\syndrome_group[6][4:4]
    35/504: $38\syndrome_group[6][4:4]
    36/504: $37\syndrome_group[6][4:4]
    37/504: $36\syndrome_group[6][4:4]
    38/504: $35\syndrome_group[6][4:4]
    39/504: $34\syndrome_group[6][4:4]
    40/504: $33\syndrome_group[6][4:4]
    41/504: $32\syndrome_group[6][3:3]
    42/504: $31\syndrome_group[6][3:3]
    43/504: $30\syndrome_group[6][3:3]
    44/504: $29\syndrome_group[6][3:3]
    45/504: $28\syndrome_group[6][3:3]
    46/504: $27\syndrome_group[6][3:3]
    47/504: $26\syndrome_group[6][3:3]
    48/504: $25\syndrome_group[6][3:3]
    49/504: $24\syndrome_group[6][2:2]
    50/504: $23\syndrome_group[6][2:2]
    51/504: $22\syndrome_group[6][2:2]
    52/504: $21\syndrome_group[6][2:2]
    53/504: $20\syndrome_group[6][2:2]
    54/504: $19\syndrome_group[6][2:2]
    55/504: $18\syndrome_group[6][2:2]
    56/504: $17\syndrome_group[6][2:2]
    57/504: $16\syndrome_group[6][1:1]
    58/504: $15\syndrome_group[6][1:1]
    59/504: $14\syndrome_group[6][1:1]
    60/504: $13\syndrome_group[6][1:1]
    61/504: $12\syndrome_group[6][1:1]
    62/504: $11\syndrome_group[6][1:1]
    63/504: $10\syndrome_group[6][1:1]
    64/504: $9\syndrome_group[6][1:1]
    65/504: $8\syndrome_group[6][0:0]
    66/504: $7\syndrome_group[6][0:0]
    67/504: $6\syndrome_group[6][0:0]
    68/504: $5\syndrome_group[6][0:0]
    69/504: $4\syndrome_group[6][0:0]
    70/504: $3\syndrome_group[6][0:0]
    71/504: $2\syndrome_group[6][0:0]
    72/504: $1\syndrome_group[6][0:0]
    73/504: $72\syndrome_group[5][8:8]
    74/504: $71\syndrome_group[5][8:8]
    75/504: $70\syndrome_group[5][8:8]
    76/504: $69\syndrome_group[5][8:8]
    77/504: $68\syndrome_group[5][8:8]
    78/504: $67\syndrome_group[5][8:8]
    79/504: $66\syndrome_group[5][8:8]
    80/504: $65\syndrome_group[5][8:8]
    81/504: $64\syndrome_group[5][7:7]
    82/504: $63\syndrome_group[5][7:7]
    83/504: $62\syndrome_group[5][7:7]
    84/504: $61\syndrome_group[5][7:7]
    85/504: $60\syndrome_group[5][7:7]
    86/504: $59\syndrome_group[5][7:7]
    87/504: $58\syndrome_group[5][7:7]
    88/504: $57\syndrome_group[5][7:7]
    89/504: $56\syndrome_group[5][6:6]
    90/504: $55\syndrome_group[5][6:6]
    91/504: $54\syndrome_group[5][6:6]
    92/504: $53\syndrome_group[5][6:6]
    93/504: $52\syndrome_group[5][6:6]
    94/504: $51\syndrome_group[5][6:6]
    95/504: $50\syndrome_group[5][6:6]
    96/504: $49\syndrome_group[5][6:6]
    97/504: $48\syndrome_group[5][5:5]
    98/504: $47\syndrome_group[5][5:5]
    99/504: $46\syndrome_group[5][5:5]
   100/504: $45\syndrome_group[5][5:5]
   101/504: $44\syndrome_group[5][5:5]
   102/504: $43\syndrome_group[5][5:5]
   103/504: $42\syndrome_group[5][5:5]
   104/504: $41\syndrome_group[5][5:5]
   105/504: $40\syndrome_group[5][4:4]
   106/504: $39\syndrome_group[5][4:4]
   107/504: $38\syndrome_group[5][4:4]
   108/504: $37\syndrome_group[5][4:4]
   109/504: $36\syndrome_group[5][4:4]
   110/504: $35\syndrome_group[5][4:4]
   111/504: $34\syndrome_group[5][4:4]
   112/504: $33\syndrome_group[5][4:4]
   113/504: $32\syndrome_group[5][3:3]
   114/504: $31\syndrome_group[5][3:3]
   115/504: $30\syndrome_group[5][3:3]
   116/504: $29\syndrome_group[5][3:3]
   117/504: $28\syndrome_group[5][3:3]
   118/504: $27\syndrome_group[5][3:3]
   119/504: $26\syndrome_group[5][3:3]
   120/504: $25\syndrome_group[5][3:3]
   121/504: $24\syndrome_group[5][2:2]
   122/504: $23\syndrome_group[5][2:2]
   123/504: $22\syndrome_group[5][2:2]
   124/504: $21\syndrome_group[5][2:2]
   125/504: $20\syndrome_group[5][2:2]
   126/504: $19\syndrome_group[5][2:2]
   127/504: $18\syndrome_group[5][2:2]
   128/504: $17\syndrome_group[5][2:2]
   129/504: $16\syndrome_group[5][1:1]
   130/504: $15\syndrome_group[5][1:1]
   131/504: $14\syndrome_group[5][1:1]
   132/504: $13\syndrome_group[5][1:1]
   133/504: $12\syndrome_group[5][1:1]
   134/504: $11\syndrome_group[5][1:1]
   135/504: $10\syndrome_group[5][1:1]
   136/504: $9\syndrome_group[5][1:1]
   137/504: $8\syndrome_group[5][0:0]
   138/504: $7\syndrome_group[5][0:0]
   139/504: $6\syndrome_group[5][0:0]
   140/504: $5\syndrome_group[5][0:0]
   141/504: $4\syndrome_group[5][0:0]
   142/504: $3\syndrome_group[5][0:0]
   143/504: $2\syndrome_group[5][0:0]
   144/504: $1\syndrome_group[5][0:0]
   145/504: $72\syndrome_group[4][8:8]
   146/504: $71\syndrome_group[4][8:8]
   147/504: $70\syndrome_group[4][8:8]
   148/504: $69\syndrome_group[4][8:8]
   149/504: $68\syndrome_group[4][8:8]
   150/504: $67\syndrome_group[4][8:8]
   151/504: $66\syndrome_group[4][8:8]
   152/504: $65\syndrome_group[4][8:8]
   153/504: $64\syndrome_group[4][7:7]
   154/504: $63\syndrome_group[4][7:7]
   155/504: $62\syndrome_group[4][7:7]
   156/504: $61\syndrome_group[4][7:7]
   157/504: $60\syndrome_group[4][7:7]
   158/504: $59\syndrome_group[4][7:7]
   159/504: $58\syndrome_group[4][7:7]
   160/504: $57\syndrome_group[4][7:7]
   161/504: $56\syndrome_group[4][6:6]
   162/504: $55\syndrome_group[4][6:6]
   163/504: $54\syndrome_group[4][6:6]
   164/504: $53\syndrome_group[4][6:6]
   165/504: $52\syndrome_group[4][6:6]
   166/504: $51\syndrome_group[4][6:6]
   167/504: $50\syndrome_group[4][6:6]
   168/504: $49\syndrome_group[4][6:6]
   169/504: $48\syndrome_group[4][5:5]
   170/504: $47\syndrome_group[4][5:5]
   171/504: $46\syndrome_group[4][5:5]
   172/504: $45\syndrome_group[4][5:5]
   173/504: $44\syndrome_group[4][5:5]
   174/504: $43\syndrome_group[4][5:5]
   175/504: $42\syndrome_group[4][5:5]
   176/504: $41\syndrome_group[4][5:5]
   177/504: $40\syndrome_group[4][4:4]
   178/504: $39\syndrome_group[4][4:4]
   179/504: $38\syndrome_group[4][4:4]
   180/504: $37\syndrome_group[4][4:4]
   181/504: $36\syndrome_group[4][4:4]
   182/504: $35\syndrome_group[4][4:4]
   183/504: $34\syndrome_group[4][4:4]
   184/504: $33\syndrome_group[4][4:4]
   185/504: $32\syndrome_group[4][3:3]
   186/504: $31\syndrome_group[4][3:3]
   187/504: $30\syndrome_group[4][3:3]
   188/504: $29\syndrome_group[4][3:3]
   189/504: $28\syndrome_group[4][3:3]
   190/504: $27\syndrome_group[4][3:3]
   191/504: $26\syndrome_group[4][3:3]
   192/504: $25\syndrome_group[4][3:3]
   193/504: $24\syndrome_group[4][2:2]
   194/504: $23\syndrome_group[4][2:2]
   195/504: $22\syndrome_group[4][2:2]
   196/504: $21\syndrome_group[4][2:2]
   197/504: $20\syndrome_group[4][2:2]
   198/504: $19\syndrome_group[4][2:2]
   199/504: $18\syndrome_group[4][2:2]
   200/504: $17\syndrome_group[4][2:2]
   201/504: $16\syndrome_group[4][1:1]
   202/504: $15\syndrome_group[4][1:1]
   203/504: $14\syndrome_group[4][1:1]
   204/504: $13\syndrome_group[4][1:1]
   205/504: $12\syndrome_group[4][1:1]
   206/504: $11\syndrome_group[4][1:1]
   207/504: $10\syndrome_group[4][1:1]
   208/504: $9\syndrome_group[4][1:1]
   209/504: $8\syndrome_group[4][0:0]
   210/504: $7\syndrome_group[4][0:0]
   211/504: $6\syndrome_group[4][0:0]
   212/504: $5\syndrome_group[4][0:0]
   213/504: $4\syndrome_group[4][0:0]
   214/504: $3\syndrome_group[4][0:0]
   215/504: $2\syndrome_group[4][0:0]
   216/504: $1\syndrome_group[4][0:0]
   217/504: $72\syndrome_group[3][8:8]
   218/504: $71\syndrome_group[3][8:8]
   219/504: $70\syndrome_group[3][8:8]
   220/504: $69\syndrome_group[3][8:8]
   221/504: $68\syndrome_group[3][8:8]
   222/504: $67\syndrome_group[3][8:8]
   223/504: $66\syndrome_group[3][8:8]
   224/504: $65\syndrome_group[3][8:8]
   225/504: $64\syndrome_group[3][7:7]
   226/504: $63\syndrome_group[3][7:7]
   227/504: $62\syndrome_group[3][7:7]
   228/504: $61\syndrome_group[3][7:7]
   229/504: $60\syndrome_group[3][7:7]
   230/504: $59\syndrome_group[3][7:7]
   231/504: $58\syndrome_group[3][7:7]
   232/504: $57\syndrome_group[3][7:7]
   233/504: $56\syndrome_group[3][6:6]
   234/504: $55\syndrome_group[3][6:6]
   235/504: $54\syndrome_group[3][6:6]
   236/504: $53\syndrome_group[3][6:6]
   237/504: $52\syndrome_group[3][6:6]
   238/504: $51\syndrome_group[3][6:6]
   239/504: $50\syndrome_group[3][6:6]
   240/504: $49\syndrome_group[3][6:6]
   241/504: $48\syndrome_group[3][5:5]
   242/504: $47\syndrome_group[3][5:5]
   243/504: $46\syndrome_group[3][5:5]
   244/504: $45\syndrome_group[3][5:5]
   245/504: $44\syndrome_group[3][5:5]
   246/504: $43\syndrome_group[3][5:5]
   247/504: $42\syndrome_group[3][5:5]
   248/504: $41\syndrome_group[3][5:5]
   249/504: $40\syndrome_group[3][4:4]
   250/504: $39\syndrome_group[3][4:4]
   251/504: $38\syndrome_group[3][4:4]
   252/504: $37\syndrome_group[3][4:4]
   253/504: $36\syndrome_group[3][4:4]
   254/504: $35\syndrome_group[3][4:4]
   255/504: $34\syndrome_group[3][4:4]
   256/504: $33\syndrome_group[3][4:4]
   257/504: $32\syndrome_group[3][3:3]
   258/504: $31\syndrome_group[3][3:3]
   259/504: $30\syndrome_group[3][3:3]
   260/504: $29\syndrome_group[3][3:3]
   261/504: $28\syndrome_group[3][3:3]
   262/504: $27\syndrome_group[3][3:3]
   263/504: $26\syndrome_group[3][3:3]
   264/504: $25\syndrome_group[3][3:3]
   265/504: $24\syndrome_group[3][2:2]
   266/504: $23\syndrome_group[3][2:2]
   267/504: $22\syndrome_group[3][2:2]
   268/504: $21\syndrome_group[3][2:2]
   269/504: $20\syndrome_group[3][2:2]
   270/504: $19\syndrome_group[3][2:2]
   271/504: $18\syndrome_group[3][2:2]
   272/504: $17\syndrome_group[3][2:2]
   273/504: $16\syndrome_group[3][1:1]
   274/504: $15\syndrome_group[3][1:1]
   275/504: $14\syndrome_group[3][1:1]
   276/504: $13\syndrome_group[3][1:1]
   277/504: $12\syndrome_group[3][1:1]
   278/504: $11\syndrome_group[3][1:1]
   279/504: $10\syndrome_group[3][1:1]
   280/504: $9\syndrome_group[3][1:1]
   281/504: $8\syndrome_group[3][0:0]
   282/504: $7\syndrome_group[3][0:0]
   283/504: $6\syndrome_group[3][0:0]
   284/504: $5\syndrome_group[3][0:0]
   285/504: $4\syndrome_group[3][0:0]
   286/504: $3\syndrome_group[3][0:0]
   287/504: $2\syndrome_group[3][0:0]
   288/504: $1\syndrome_group[3][0:0]
   289/504: $72\syndrome_group[2][8:8]
   290/504: $71\syndrome_group[2][8:8]
   291/504: $70\syndrome_group[2][8:8]
   292/504: $69\syndrome_group[2][8:8]
   293/504: $68\syndrome_group[2][8:8]
   294/504: $67\syndrome_group[2][8:8]
   295/504: $66\syndrome_group[2][8:8]
   296/504: $65\syndrome_group[2][8:8]
   297/504: $64\syndrome_group[2][7:7]
   298/504: $63\syndrome_group[2][7:7]
   299/504: $62\syndrome_group[2][7:7]
   300/504: $61\syndrome_group[2][7:7]
   301/504: $60\syndrome_group[2][7:7]
   302/504: $59\syndrome_group[2][7:7]
   303/504: $58\syndrome_group[2][7:7]
   304/504: $57\syndrome_group[2][7:7]
   305/504: $56\syndrome_group[2][6:6]
   306/504: $55\syndrome_group[2][6:6]
   307/504: $54\syndrome_group[2][6:6]
   308/504: $53\syndrome_group[2][6:6]
   309/504: $52\syndrome_group[2][6:6]
   310/504: $51\syndrome_group[2][6:6]
   311/504: $50\syndrome_group[2][6:6]
   312/504: $49\syndrome_group[2][6:6]
   313/504: $48\syndrome_group[2][5:5]
   314/504: $47\syndrome_group[2][5:5]
   315/504: $46\syndrome_group[2][5:5]
   316/504: $45\syndrome_group[2][5:5]
   317/504: $44\syndrome_group[2][5:5]
   318/504: $43\syndrome_group[2][5:5]
   319/504: $42\syndrome_group[2][5:5]
   320/504: $41\syndrome_group[2][5:5]
   321/504: $40\syndrome_group[2][4:4]
   322/504: $39\syndrome_group[2][4:4]
   323/504: $38\syndrome_group[2][4:4]
   324/504: $37\syndrome_group[2][4:4]
   325/504: $36\syndrome_group[2][4:4]
   326/504: $35\syndrome_group[2][4:4]
   327/504: $34\syndrome_group[2][4:4]
   328/504: $33\syndrome_group[2][4:4]
   329/504: $32\syndrome_group[2][3:3]
   330/504: $31\syndrome_group[2][3:3]
   331/504: $30\syndrome_group[2][3:3]
   332/504: $29\syndrome_group[2][3:3]
   333/504: $28\syndrome_group[2][3:3]
   334/504: $27\syndrome_group[2][3:3]
   335/504: $26\syndrome_group[2][3:3]
   336/504: $25\syndrome_group[2][3:3]
   337/504: $24\syndrome_group[2][2:2]
   338/504: $23\syndrome_group[2][2:2]
   339/504: $22\syndrome_group[2][2:2]
   340/504: $21\syndrome_group[2][2:2]
   341/504: $20\syndrome_group[2][2:2]
   342/504: $19\syndrome_group[2][2:2]
   343/504: $18\syndrome_group[2][2:2]
   344/504: $17\syndrome_group[2][2:2]
   345/504: $16\syndrome_group[2][1:1]
   346/504: $15\syndrome_group[2][1:1]
   347/504: $14\syndrome_group[2][1:1]
   348/504: $13\syndrome_group[2][1:1]
   349/504: $12\syndrome_group[2][1:1]
   350/504: $11\syndrome_group[2][1:1]
   351/504: $10\syndrome_group[2][1:1]
   352/504: $9\syndrome_group[2][1:1]
   353/504: $8\syndrome_group[2][0:0]
   354/504: $7\syndrome_group[2][0:0]
   355/504: $6\syndrome_group[2][0:0]
   356/504: $5\syndrome_group[2][0:0]
   357/504: $4\syndrome_group[2][0:0]
   358/504: $3\syndrome_group[2][0:0]
   359/504: $2\syndrome_group[2][0:0]
   360/504: $1\syndrome_group[2][0:0]
   361/504: $72\syndrome_group[1][8:8]
   362/504: $71\syndrome_group[1][8:8]
   363/504: $70\syndrome_group[1][8:8]
   364/504: $69\syndrome_group[1][8:8]
   365/504: $68\syndrome_group[1][8:8]
   366/504: $67\syndrome_group[1][8:8]
   367/504: $66\syndrome_group[1][8:8]
   368/504: $65\syndrome_group[1][8:8]
   369/504: $64\syndrome_group[1][7:7]
   370/504: $63\syndrome_group[1][7:7]
   371/504: $62\syndrome_group[1][7:7]
   372/504: $61\syndrome_group[1][7:7]
   373/504: $60\syndrome_group[1][7:7]
   374/504: $59\syndrome_group[1][7:7]
   375/504: $58\syndrome_group[1][7:7]
   376/504: $57\syndrome_group[1][7:7]
   377/504: $56\syndrome_group[1][6:6]
   378/504: $55\syndrome_group[1][6:6]
   379/504: $54\syndrome_group[1][6:6]
   380/504: $53\syndrome_group[1][6:6]
   381/504: $52\syndrome_group[1][6:6]
   382/504: $51\syndrome_group[1][6:6]
   383/504: $50\syndrome_group[1][6:6]
   384/504: $49\syndrome_group[1][6:6]
   385/504: $48\syndrome_group[1][5:5]
   386/504: $47\syndrome_group[1][5:5]
   387/504: $46\syndrome_group[1][5:5]
   388/504: $45\syndrome_group[1][5:5]
   389/504: $44\syndrome_group[1][5:5]
   390/504: $43\syndrome_group[1][5:5]
   391/504: $42\syndrome_group[1][5:5]
   392/504: $41\syndrome_group[1][5:5]
   393/504: $40\syndrome_group[1][4:4]
   394/504: $39\syndrome_group[1][4:4]
   395/504: $38\syndrome_group[1][4:4]
   396/504: $37\syndrome_group[1][4:4]
   397/504: $36\syndrome_group[1][4:4]
   398/504: $35\syndrome_group[1][4:4]
   399/504: $34\syndrome_group[1][4:4]
   400/504: $33\syndrome_group[1][4:4]
   401/504: $32\syndrome_group[1][3:3]
   402/504: $31\syndrome_group[1][3:3]
   403/504: $30\syndrome_group[1][3:3]
   404/504: $29\syndrome_group[1][3:3]
   405/504: $28\syndrome_group[1][3:3]
   406/504: $27\syndrome_group[1][3:3]
   407/504: $26\syndrome_group[1][3:3]
   408/504: $25\syndrome_group[1][3:3]
   409/504: $24\syndrome_group[1][2:2]
   410/504: $23\syndrome_group[1][2:2]
   411/504: $22\syndrome_group[1][2:2]
   412/504: $21\syndrome_group[1][2:2]
   413/504: $20\syndrome_group[1][2:2]
   414/504: $19\syndrome_group[1][2:2]
   415/504: $18\syndrome_group[1][2:2]
   416/504: $17\syndrome_group[1][2:2]
   417/504: $16\syndrome_group[1][1:1]
   418/504: $15\syndrome_group[1][1:1]
   419/504: $14\syndrome_group[1][1:1]
   420/504: $13\syndrome_group[1][1:1]
   421/504: $12\syndrome_group[1][1:1]
   422/504: $11\syndrome_group[1][1:1]
   423/504: $10\syndrome_group[1][1:1]
   424/504: $9\syndrome_group[1][1:1]
   425/504: $8\syndrome_group[1][0:0]
   426/504: $7\syndrome_group[1][0:0]
   427/504: $6\syndrome_group[1][0:0]
   428/504: $5\syndrome_group[1][0:0]
   429/504: $4\syndrome_group[1][0:0]
   430/504: $3\syndrome_group[1][0:0]
   431/504: $2\syndrome_group[1][0:0]
   432/504: $1\syndrome_group[1][0:0]
   433/504: $72\syndrome_group[0][8:8]
   434/504: $71\syndrome_group[0][8:8]
   435/504: $70\syndrome_group[0][8:8]
   436/504: $69\syndrome_group[0][8:8]
   437/504: $68\syndrome_group[0][8:8]
   438/504: $67\syndrome_group[0][8:8]
   439/504: $66\syndrome_group[0][8:8]
   440/504: $65\syndrome_group[0][8:8]
   441/504: $64\syndrome_group[0][7:7]
   442/504: $63\syndrome_group[0][7:7]
   443/504: $62\syndrome_group[0][7:7]
   444/504: $61\syndrome_group[0][7:7]
   445/504: $60\syndrome_group[0][7:7]
   446/504: $59\syndrome_group[0][7:7]
   447/504: $58\syndrome_group[0][7:7]
   448/504: $57\syndrome_group[0][7:7]
   449/504: $56\syndrome_group[0][6:6]
   450/504: $55\syndrome_group[0][6:6]
   451/504: $54\syndrome_group[0][6:6]
   452/504: $53\syndrome_group[0][6:6]
   453/504: $52\syndrome_group[0][6:6]
   454/504: $51\syndrome_group[0][6:6]
   455/504: $50\syndrome_group[0][6:6]
   456/504: $49\syndrome_group[0][6:6]
   457/504: $48\syndrome_group[0][5:5]
   458/504: $47\syndrome_group[0][5:5]
   459/504: $46\syndrome_group[0][5:5]
   460/504: $45\syndrome_group[0][5:5]
   461/504: $44\syndrome_group[0][5:5]
   462/504: $43\syndrome_group[0][5:5]
   463/504: $42\syndrome_group[0][5:5]
   464/504: $41\syndrome_group[0][5:5]
   465/504: $40\syndrome_group[0][4:4]
   466/504: $39\syndrome_group[0][4:4]
   467/504: $38\syndrome_group[0][4:4]
   468/504: $37\syndrome_group[0][4:4]
   469/504: $36\syndrome_group[0][4:4]
   470/504: $35\syndrome_group[0][4:4]
   471/504: $34\syndrome_group[0][4:4]
   472/504: $33\syndrome_group[0][4:4]
   473/504: $32\syndrome_group[0][3:3]
   474/504: $31\syndrome_group[0][3:3]
   475/504: $30\syndrome_group[0][3:3]
   476/504: $29\syndrome_group[0][3:3]
   477/504: $28\syndrome_group[0][3:3]
   478/504: $27\syndrome_group[0][3:3]
   479/504: $26\syndrome_group[0][3:3]
   480/504: $25\syndrome_group[0][3:3]
   481/504: $24\syndrome_group[0][2:2]
   482/504: $23\syndrome_group[0][2:2]
   483/504: $22\syndrome_group[0][2:2]
   484/504: $21\syndrome_group[0][2:2]
   485/504: $20\syndrome_group[0][2:2]
   486/504: $19\syndrome_group[0][2:2]
   487/504: $18\syndrome_group[0][2:2]
   488/504: $17\syndrome_group[0][2:2]
   489/504: $16\syndrome_group[0][1:1]
   490/504: $15\syndrome_group[0][1:1]
   491/504: $14\syndrome_group[0][1:1]
   492/504: $13\syndrome_group[0][1:1]
   493/504: $12\syndrome_group[0][1:1]
   494/504: $11\syndrome_group[0][1:1]
   495/504: $10\syndrome_group[0][1:1]
   496/504: $9\syndrome_group[0][1:1]
   497/504: $8\syndrome_group[0][0:0]
   498/504: $7\syndrome_group[0][0:0]
   499/504: $6\syndrome_group[0][0:0]
   500/504: $5\syndrome_group[0][0:0]
   501/504: $4\syndrome_group[0][0:0]
   502/504: $3\syndrome_group[0][0:0]
   503/504: $2\syndrome_group[0][0:0]
   504/504: $1\syndrome_group[0][0:0]
Creating decoders for process `\secded_pipelined_72_64_v1_encoder.$proc$asic/rtl/secded/secded_pipelined_72_64_v1.sv:56$3746'.
Creating decoders for process `\secded_pipelined_72_64_v1_encoder.$proc$asic/rtl/secded/secded_pipelined_72_64_v1.sv:26$82'.
     1/504: $72\parity_group[6][8:8]
     2/504: $71\parity_group[6][8:8]
     3/504: $70\parity_group[6][8:8]
     4/504: $69\parity_group[6][8:8]
     5/504: $68\parity_group[6][8:8]
     6/504: $67\parity_group[6][8:8]
     7/504: $66\parity_group[6][8:8]
     8/504: $65\parity_group[6][8:8]
     9/504: $64\parity_group[6][7:7]
    10/504: $63\parity_group[6][7:7]
    11/504: $62\parity_group[6][7:7]
    12/504: $61\parity_group[6][7:7]
    13/504: $60\parity_group[6][7:7]
    14/504: $59\parity_group[6][7:7]
    15/504: $58\parity_group[6][7:7]
    16/504: $57\parity_group[6][7:7]
    17/504: $56\parity_group[6][6:6]
    18/504: $55\parity_group[6][6:6]
    19/504: $54\parity_group[6][6:6]
    20/504: $53\parity_group[6][6:6]
    21/504: $52\parity_group[6][6:6]
    22/504: $51\parity_group[6][6:6]
    23/504: $50\parity_group[6][6:6]
    24/504: $49\parity_group[6][6:6]
    25/504: $48\parity_group[6][5:5]
    26/504: $47\parity_group[6][5:5]
    27/504: $46\parity_group[6][5:5]
    28/504: $45\parity_group[6][5:5]
    29/504: $44\parity_group[6][5:5]
    30/504: $43\parity_group[6][5:5]
    31/504: $42\parity_group[6][5:5]
    32/504: $41\parity_group[6][5:5]
    33/504: $40\parity_group[6][4:4]
    34/504: $39\parity_group[6][4:4]
    35/504: $38\parity_group[6][4:4]
    36/504: $37\parity_group[6][4:4]
    37/504: $36\parity_group[6][4:4]
    38/504: $35\parity_group[6][4:4]
    39/504: $34\parity_group[6][4:4]
    40/504: $33\parity_group[6][4:4]
    41/504: $32\parity_group[6][3:3]
    42/504: $31\parity_group[6][3:3]
    43/504: $30\parity_group[6][3:3]
    44/504: $29\parity_group[6][3:3]
    45/504: $28\parity_group[6][3:3]
    46/504: $27\parity_group[6][3:3]
    47/504: $26\parity_group[6][3:3]
    48/504: $25\parity_group[6][3:3]
    49/504: $24\parity_group[6][2:2]
    50/504: $23\parity_group[6][2:2]
    51/504: $22\parity_group[6][2:2]
    52/504: $21\parity_group[6][2:2]
    53/504: $20\parity_group[6][2:2]
    54/504: $19\parity_group[6][2:2]
    55/504: $18\parity_group[6][2:2]
    56/504: $17\parity_group[6][2:2]
    57/504: $16\parity_group[6][1:1]
    58/504: $15\parity_group[6][1:1]
    59/504: $14\parity_group[6][1:1]
    60/504: $13\parity_group[6][1:1]
    61/504: $12\parity_group[6][1:1]
    62/504: $11\parity_group[6][1:1]
    63/504: $10\parity_group[6][1:1]
    64/504: $9\parity_group[6][1:1]
    65/504: $8\parity_group[6][0:0]
    66/504: $7\parity_group[6][0:0]
    67/504: $6\parity_group[6][0:0]
    68/504: $5\parity_group[6][0:0]
    69/504: $4\parity_group[6][0:0]
    70/504: $3\parity_group[6][0:0]
    71/504: $2\parity_group[6][0:0]
    72/504: $1\parity_group[6][0:0]
    73/504: $72\parity_group[5][8:8]
    74/504: $71\parity_group[5][8:8]
    75/504: $70\parity_group[5][8:8]
    76/504: $69\parity_group[5][8:8]
    77/504: $68\parity_group[5][8:8]
    78/504: $67\parity_group[5][8:8]
    79/504: $66\parity_group[5][8:8]
    80/504: $65\parity_group[5][8:8]
    81/504: $64\parity_group[5][7:7]
    82/504: $63\parity_group[5][7:7]
    83/504: $62\parity_group[5][7:7]
    84/504: $61\parity_group[5][7:7]
    85/504: $60\parity_group[5][7:7]
    86/504: $59\parity_group[5][7:7]
    87/504: $58\parity_group[5][7:7]
    88/504: $57\parity_group[5][7:7]
    89/504: $56\parity_group[5][6:6]
    90/504: $55\parity_group[5][6:6]
    91/504: $54\parity_group[5][6:6]
    92/504: $53\parity_group[5][6:6]
    93/504: $52\parity_group[5][6:6]
    94/504: $51\parity_group[5][6:6]
    95/504: $50\parity_group[5][6:6]
    96/504: $49\parity_group[5][6:6]
    97/504: $48\parity_group[5][5:5]
    98/504: $47\parity_group[5][5:5]
    99/504: $46\parity_group[5][5:5]
   100/504: $45\parity_group[5][5:5]
   101/504: $44\parity_group[5][5:5]
   102/504: $43\parity_group[5][5:5]
   103/504: $42\parity_group[5][5:5]
   104/504: $41\parity_group[5][5:5]
   105/504: $40\parity_group[5][4:4]
   106/504: $39\parity_group[5][4:4]
   107/504: $38\parity_group[5][4:4]
   108/504: $37\parity_group[5][4:4]
   109/504: $36\parity_group[5][4:4]
   110/504: $35\parity_group[5][4:4]
   111/504: $34\parity_group[5][4:4]
   112/504: $33\parity_group[5][4:4]
   113/504: $32\parity_group[5][3:3]
   114/504: $31\parity_group[5][3:3]
   115/504: $30\parity_group[5][3:3]
   116/504: $29\parity_group[5][3:3]
   117/504: $28\parity_group[5][3:3]
   118/504: $27\parity_group[5][3:3]
   119/504: $26\parity_group[5][3:3]
   120/504: $25\parity_group[5][3:3]
   121/504: $24\parity_group[5][2:2]
   122/504: $23\parity_group[5][2:2]
   123/504: $22\parity_group[5][2:2]
   124/504: $21\parity_group[5][2:2]
   125/504: $20\parity_group[5][2:2]
   126/504: $19\parity_group[5][2:2]
   127/504: $18\parity_group[5][2:2]
   128/504: $17\parity_group[5][2:2]
   129/504: $16\parity_group[5][1:1]
   130/504: $15\parity_group[5][1:1]
   131/504: $14\parity_group[5][1:1]
   132/504: $13\parity_group[5][1:1]
   133/504: $12\parity_group[5][1:1]
   134/504: $11\parity_group[5][1:1]
   135/504: $10\parity_group[5][1:1]
   136/504: $9\parity_group[5][1:1]
   137/504: $8\parity_group[5][0:0]
   138/504: $7\parity_group[5][0:0]
   139/504: $6\parity_group[5][0:0]
   140/504: $5\parity_group[5][0:0]
   141/504: $4\parity_group[5][0:0]
   142/504: $3\parity_group[5][0:0]
   143/504: $2\parity_group[5][0:0]
   144/504: $1\parity_group[5][0:0]
   145/504: $72\parity_group[4][8:8]
   146/504: $71\parity_group[4][8:8]
   147/504: $70\parity_group[4][8:8]
   148/504: $69\parity_group[4][8:8]
   149/504: $68\parity_group[4][8:8]
   150/504: $67\parity_group[4][8:8]
   151/504: $66\parity_group[4][8:8]
   152/504: $65\parity_group[4][8:8]
   153/504: $64\parity_group[4][7:7]
   154/504: $63\parity_group[4][7:7]
   155/504: $62\parity_group[4][7:7]
   156/504: $61\parity_group[4][7:7]
   157/504: $60\parity_group[4][7:7]
   158/504: $59\parity_group[4][7:7]
   159/504: $58\parity_group[4][7:7]
   160/504: $57\parity_group[4][7:7]
   161/504: $56\parity_group[4][6:6]
   162/504: $55\parity_group[4][6:6]
   163/504: $54\parity_group[4][6:6]
   164/504: $53\parity_group[4][6:6]
   165/504: $52\parity_group[4][6:6]
   166/504: $51\parity_group[4][6:6]
   167/504: $50\parity_group[4][6:6]
   168/504: $49\parity_group[4][6:6]
   169/504: $48\parity_group[4][5:5]
   170/504: $47\parity_group[4][5:5]
   171/504: $46\parity_group[4][5:5]
   172/504: $45\parity_group[4][5:5]
   173/504: $44\parity_group[4][5:5]
   174/504: $43\parity_group[4][5:5]
   175/504: $42\parity_group[4][5:5]
   176/504: $41\parity_group[4][5:5]
   177/504: $40\parity_group[4][4:4]
   178/504: $39\parity_group[4][4:4]
   179/504: $38\parity_group[4][4:4]
   180/504: $37\parity_group[4][4:4]
   181/504: $36\parity_group[4][4:4]
   182/504: $35\parity_group[4][4:4]
   183/504: $34\parity_group[4][4:4]
   184/504: $33\parity_group[4][4:4]
   185/504: $32\parity_group[4][3:3]
   186/504: $31\parity_group[4][3:3]
   187/504: $30\parity_group[4][3:3]
   188/504: $29\parity_group[4][3:3]
   189/504: $28\parity_group[4][3:3]
   190/504: $27\parity_group[4][3:3]
   191/504: $26\parity_group[4][3:3]
   192/504: $25\parity_group[4][3:3]
   193/504: $24\parity_group[4][2:2]
   194/504: $23\parity_group[4][2:2]
   195/504: $22\parity_group[4][2:2]
   196/504: $21\parity_group[4][2:2]
   197/504: $20\parity_group[4][2:2]
   198/504: $19\parity_group[4][2:2]
   199/504: $18\parity_group[4][2:2]
   200/504: $17\parity_group[4][2:2]
   201/504: $16\parity_group[4][1:1]
   202/504: $15\parity_group[4][1:1]
   203/504: $14\parity_group[4][1:1]
   204/504: $13\parity_group[4][1:1]
   205/504: $12\parity_group[4][1:1]
   206/504: $11\parity_group[4][1:1]
   207/504: $10\parity_group[4][1:1]
   208/504: $9\parity_group[4][1:1]
   209/504: $8\parity_group[4][0:0]
   210/504: $7\parity_group[4][0:0]
   211/504: $6\parity_group[4][0:0]
   212/504: $5\parity_group[4][0:0]
   213/504: $4\parity_group[4][0:0]
   214/504: $3\parity_group[4][0:0]
   215/504: $2\parity_group[4][0:0]
   216/504: $1\parity_group[4][0:0]
   217/504: $72\parity_group[3][8:8]
   218/504: $71\parity_group[3][8:8]
   219/504: $70\parity_group[3][8:8]
   220/504: $69\parity_group[3][8:8]
   221/504: $68\parity_group[3][8:8]
   222/504: $67\parity_group[3][8:8]
   223/504: $66\parity_group[3][8:8]
   224/504: $65\parity_group[3][8:8]
   225/504: $64\parity_group[3][7:7]
   226/504: $63\parity_group[3][7:7]
   227/504: $62\parity_group[3][7:7]
   228/504: $61\parity_group[3][7:7]
   229/504: $60\parity_group[3][7:7]
   230/504: $59\parity_group[3][7:7]
   231/504: $58\parity_group[3][7:7]
   232/504: $57\parity_group[3][7:7]
   233/504: $56\parity_group[3][6:6]
   234/504: $55\parity_group[3][6:6]
   235/504: $54\parity_group[3][6:6]
   236/504: $53\parity_group[3][6:6]
   237/504: $52\parity_group[3][6:6]
   238/504: $51\parity_group[3][6:6]
   239/504: $50\parity_group[3][6:6]
   240/504: $49\parity_group[3][6:6]
   241/504: $48\parity_group[3][5:5]
   242/504: $47\parity_group[3][5:5]
   243/504: $46\parity_group[3][5:5]
   244/504: $45\parity_group[3][5:5]
   245/504: $44\parity_group[3][5:5]
   246/504: $43\parity_group[3][5:5]
   247/504: $42\parity_group[3][5:5]
   248/504: $41\parity_group[3][5:5]
   249/504: $40\parity_group[3][4:4]
   250/504: $39\parity_group[3][4:4]
   251/504: $38\parity_group[3][4:4]
   252/504: $37\parity_group[3][4:4]
   253/504: $36\parity_group[3][4:4]
   254/504: $35\parity_group[3][4:4]
   255/504: $34\parity_group[3][4:4]
   256/504: $33\parity_group[3][4:4]
   257/504: $32\parity_group[3][3:3]
   258/504: $31\parity_group[3][3:3]
   259/504: $30\parity_group[3][3:3]
   260/504: $29\parity_group[3][3:3]
   261/504: $28\parity_group[3][3:3]
   262/504: $27\parity_group[3][3:3]
   263/504: $26\parity_group[3][3:3]
   264/504: $25\parity_group[3][3:3]
   265/504: $24\parity_group[3][2:2]
   266/504: $23\parity_group[3][2:2]
   267/504: $22\parity_group[3][2:2]
   268/504: $21\parity_group[3][2:2]
   269/504: $20\parity_group[3][2:2]
   270/504: $19\parity_group[3][2:2]
   271/504: $18\parity_group[3][2:2]
   272/504: $17\parity_group[3][2:2]
   273/504: $16\parity_group[3][1:1]
   274/504: $15\parity_group[3][1:1]
   275/504: $14\parity_group[3][1:1]
   276/504: $13\parity_group[3][1:1]
   277/504: $12\parity_group[3][1:1]
   278/504: $11\parity_group[3][1:1]
   279/504: $10\parity_group[3][1:1]
   280/504: $9\parity_group[3][1:1]
   281/504: $8\parity_group[3][0:0]
   282/504: $7\parity_group[3][0:0]
   283/504: $6\parity_group[3][0:0]
   284/504: $5\parity_group[3][0:0]
   285/504: $4\parity_group[3][0:0]
   286/504: $3\parity_group[3][0:0]
   287/504: $2\parity_group[3][0:0]
   288/504: $1\parity_group[3][0:0]
   289/504: $72\parity_group[2][8:8]
   290/504: $71\parity_group[2][8:8]
   291/504: $70\parity_group[2][8:8]
   292/504: $69\parity_group[2][8:8]
   293/504: $68\parity_group[2][8:8]
   294/504: $67\parity_group[2][8:8]
   295/504: $66\parity_group[2][8:8]
   296/504: $65\parity_group[2][8:8]
   297/504: $64\parity_group[2][7:7]
   298/504: $63\parity_group[2][7:7]
   299/504: $62\parity_group[2][7:7]
   300/504: $61\parity_group[2][7:7]
   301/504: $60\parity_group[2][7:7]
   302/504: $59\parity_group[2][7:7]
   303/504: $58\parity_group[2][7:7]
   304/504: $57\parity_group[2][7:7]
   305/504: $56\parity_group[2][6:6]
   306/504: $55\parity_group[2][6:6]
   307/504: $54\parity_group[2][6:6]
   308/504: $53\parity_group[2][6:6]
   309/504: $52\parity_group[2][6:6]
   310/504: $51\parity_group[2][6:6]
   311/504: $50\parity_group[2][6:6]
   312/504: $49\parity_group[2][6:6]
   313/504: $48\parity_group[2][5:5]
   314/504: $47\parity_group[2][5:5]
   315/504: $46\parity_group[2][5:5]
   316/504: $45\parity_group[2][5:5]
   317/504: $44\parity_group[2][5:5]
   318/504: $43\parity_group[2][5:5]
   319/504: $42\parity_group[2][5:5]
   320/504: $41\parity_group[2][5:5]
   321/504: $40\parity_group[2][4:4]
   322/504: $39\parity_group[2][4:4]
   323/504: $38\parity_group[2][4:4]
   324/504: $37\parity_group[2][4:4]
   325/504: $36\parity_group[2][4:4]
   326/504: $35\parity_group[2][4:4]
   327/504: $34\parity_group[2][4:4]
   328/504: $33\parity_group[2][4:4]
   329/504: $32\parity_group[2][3:3]
   330/504: $31\parity_group[2][3:3]
   331/504: $30\parity_group[2][3:3]
   332/504: $29\parity_group[2][3:3]
   333/504: $28\parity_group[2][3:3]
   334/504: $27\parity_group[2][3:3]
   335/504: $26\parity_group[2][3:3]
   336/504: $25\parity_group[2][3:3]
   337/504: $24\parity_group[2][2:2]
   338/504: $23\parity_group[2][2:2]
   339/504: $22\parity_group[2][2:2]
   340/504: $21\parity_group[2][2:2]
   341/504: $20\parity_group[2][2:2]
   342/504: $19\parity_group[2][2:2]
   343/504: $18\parity_group[2][2:2]
   344/504: $17\parity_group[2][2:2]
   345/504: $16\parity_group[2][1:1]
   346/504: $15\parity_group[2][1:1]
   347/504: $14\parity_group[2][1:1]
   348/504: $13\parity_group[2][1:1]
   349/504: $12\parity_group[2][1:1]
   350/504: $11\parity_group[2][1:1]
   351/504: $10\parity_group[2][1:1]
   352/504: $9\parity_group[2][1:1]
   353/504: $8\parity_group[2][0:0]
   354/504: $7\parity_group[2][0:0]
   355/504: $6\parity_group[2][0:0]
   356/504: $5\parity_group[2][0:0]
   357/504: $4\parity_group[2][0:0]
   358/504: $3\parity_group[2][0:0]
   359/504: $2\parity_group[2][0:0]
   360/504: $1\parity_group[2][0:0]
   361/504: $72\parity_group[1][8:8]
   362/504: $71\parity_group[1][8:8]
   363/504: $70\parity_group[1][8:8]
   364/504: $69\parity_group[1][8:8]
   365/504: $68\parity_group[1][8:8]
   366/504: $67\parity_group[1][8:8]
   367/504: $66\parity_group[1][8:8]
   368/504: $65\parity_group[1][8:8]
   369/504: $64\parity_group[1][7:7]
   370/504: $63\parity_group[1][7:7]
   371/504: $62\parity_group[1][7:7]
   372/504: $61\parity_group[1][7:7]
   373/504: $60\parity_group[1][7:7]
   374/504: $59\parity_group[1][7:7]
   375/504: $58\parity_group[1][7:7]
   376/504: $57\parity_group[1][7:7]
   377/504: $56\parity_group[1][6:6]
   378/504: $55\parity_group[1][6:6]
   379/504: $54\parity_group[1][6:6]
   380/504: $53\parity_group[1][6:6]
   381/504: $52\parity_group[1][6:6]
   382/504: $51\parity_group[1][6:6]
   383/504: $50\parity_group[1][6:6]
   384/504: $49\parity_group[1][6:6]
   385/504: $48\parity_group[1][5:5]
   386/504: $47\parity_group[1][5:5]
   387/504: $46\parity_group[1][5:5]
   388/504: $45\parity_group[1][5:5]
   389/504: $44\parity_group[1][5:5]
   390/504: $43\parity_group[1][5:5]
   391/504: $42\parity_group[1][5:5]
   392/504: $41\parity_group[1][5:5]
   393/504: $40\parity_group[1][4:4]
   394/504: $39\parity_group[1][4:4]
   395/504: $38\parity_group[1][4:4]
   396/504: $37\parity_group[1][4:4]
   397/504: $36\parity_group[1][4:4]
   398/504: $35\parity_group[1][4:4]
   399/504: $34\parity_group[1][4:4]
   400/504: $33\parity_group[1][4:4]
   401/504: $32\parity_group[1][3:3]
   402/504: $31\parity_group[1][3:3]
   403/504: $30\parity_group[1][3:3]
   404/504: $29\parity_group[1][3:3]
   405/504: $28\parity_group[1][3:3]
   406/504: $27\parity_group[1][3:3]
   407/504: $26\parity_group[1][3:3]
   408/504: $25\parity_group[1][3:3]
   409/504: $24\parity_group[1][2:2]
   410/504: $23\parity_group[1][2:2]
   411/504: $22\parity_group[1][2:2]
   412/504: $21\parity_group[1][2:2]
   413/504: $20\parity_group[1][2:2]
   414/504: $19\parity_group[1][2:2]
   415/504: $18\parity_group[1][2:2]
   416/504: $17\parity_group[1][2:2]
   417/504: $16\parity_group[1][1:1]
   418/504: $15\parity_group[1][1:1]
   419/504: $14\parity_group[1][1:1]
   420/504: $13\parity_group[1][1:1]
   421/504: $12\parity_group[1][1:1]
   422/504: $11\parity_group[1][1:1]
   423/504: $10\parity_group[1][1:1]
   424/504: $9\parity_group[1][1:1]
   425/504: $8\parity_group[1][0:0]
   426/504: $7\parity_group[1][0:0]
   427/504: $6\parity_group[1][0:0]
   428/504: $5\parity_group[1][0:0]
   429/504: $4\parity_group[1][0:0]
   430/504: $3\parity_group[1][0:0]
   431/504: $2\parity_group[1][0:0]
   432/504: $1\parity_group[1][0:0]
   433/504: $72\parity_group[0][8:8]
   434/504: $71\parity_group[0][8:8]
   435/504: $70\parity_group[0][8:8]
   436/504: $69\parity_group[0][8:8]
   437/504: $68\parity_group[0][8:8]
   438/504: $67\parity_group[0][8:8]
   439/504: $66\parity_group[0][8:8]
   440/504: $65\parity_group[0][8:8]
   441/504: $64\parity_group[0][7:7]
   442/504: $63\parity_group[0][7:7]
   443/504: $62\parity_group[0][7:7]
   444/504: $61\parity_group[0][7:7]
   445/504: $60\parity_group[0][7:7]
   446/504: $59\parity_group[0][7:7]
   447/504: $58\parity_group[0][7:7]
   448/504: $57\parity_group[0][7:7]
   449/504: $56\parity_group[0][6:6]
   450/504: $55\parity_group[0][6:6]
   451/504: $54\parity_group[0][6:6]
   452/504: $53\parity_group[0][6:6]
   453/504: $52\parity_group[0][6:6]
   454/504: $51\parity_group[0][6:6]
   455/504: $50\parity_group[0][6:6]
   456/504: $49\parity_group[0][6:6]
   457/504: $48\parity_group[0][5:5]
   458/504: $47\parity_group[0][5:5]
   459/504: $46\parity_group[0][5:5]
   460/504: $45\parity_group[0][5:5]
   461/504: $44\parity_group[0][5:5]
   462/504: $43\parity_group[0][5:5]
   463/504: $42\parity_group[0][5:5]
   464/504: $41\parity_group[0][5:5]
   465/504: $40\parity_group[0][4:4]
   466/504: $39\parity_group[0][4:4]
   467/504: $38\parity_group[0][4:4]
   468/504: $37\parity_group[0][4:4]
   469/504: $36\parity_group[0][4:4]
   470/504: $35\parity_group[0][4:4]
   471/504: $34\parity_group[0][4:4]
   472/504: $33\parity_group[0][4:4]
   473/504: $32\parity_group[0][3:3]
   474/504: $31\parity_group[0][3:3]
   475/504: $30\parity_group[0][3:3]
   476/504: $29\parity_group[0][3:3]
   477/504: $28\parity_group[0][3:3]
   478/504: $27\parity_group[0][3:3]
   479/504: $26\parity_group[0][3:3]
   480/504: $25\parity_group[0][3:3]
   481/504: $24\parity_group[0][2:2]
   482/504: $23\parity_group[0][2:2]
   483/504: $22\parity_group[0][2:2]
   484/504: $21\parity_group[0][2:2]
   485/504: $20\parity_group[0][2:2]
   486/504: $19\parity_group[0][2:2]
   487/504: $18\parity_group[0][2:2]
   488/504: $17\parity_group[0][2:2]
   489/504: $16\parity_group[0][1:1]
   490/504: $15\parity_group[0][1:1]
   491/504: $14\parity_group[0][1:1]
   492/504: $13\parity_group[0][1:1]
   493/504: $12\parity_group[0][1:1]
   494/504: $11\parity_group[0][1:1]
   495/504: $10\parity_group[0][1:1]
   496/504: $9\parity_group[0][1:1]
   497/504: $8\parity_group[0][0:0]
   498/504: $7\parity_group[0][0:0]
   499/504: $6\parity_group[0][0:0]
   500/504: $5\parity_group[0][0:0]
   501/504: $4\parity_group[0][0:0]
   502/504: $3\parity_group[0][0:0]
   503/504: $2\parity_group[0][0:0]
   504/504: $1\parity_group[0][0:0]

4.8. Executing PROC_DLATCH pass (convert process syncs to latches).
No latch inferred for signal `\secded_pipelined_72_64_v1_decoder.\data_index' from process `\secded_pipelined_72_64_v1_decoder.$proc$asic/rtl/secded/secded_pipelined_72_64_v1.sv:114$7552'.
No latch inferred for signal `\secded_pipelined_72_64_v1_decoder.\position' from process `\secded_pipelined_72_64_v1_decoder.$proc$asic/rtl/secded/secded_pipelined_72_64_v1.sv:114$7552'.
No latch inferred for signal `\secded_pipelined_72_64_v1_decoder.\correction_mask_d' from process `\secded_pipelined_72_64_v1_decoder.$proc$asic/rtl/secded/secded_pipelined_72_64_v1.sv:114$7552'.
No latch inferred for signal `\secded_pipelined_72_64_v1_decoder.\corrected_d' from process `\secded_pipelined_72_64_v1_decoder.$proc$asic/rtl/secded/secded_pipelined_72_64_v1.sv:114$7552'.
No latch inferred for signal `\secded_pipelined_72_64_v1_decoder.\data_d' from process `\secded_pipelined_72_64_v1_decoder.$proc$asic/rtl/secded/secded_pipelined_72_64_v1.sv:114$7552'.
No latch inferred for signal `\secded_pipelined_72_64_v1_decoder.\detected_d' from process `\secded_pipelined_72_64_v1_decoder.$proc$asic/rtl/secded/secded_pipelined_72_64_v1.sv:114$7552'.
No latch inferred for signal `\secded_pipelined_72_64_v1_decoder.\corrected_flag_d' from process `\secded_pipelined_72_64_v1_decoder.$proc$asic/rtl/secded/secded_pipelined_72_64_v1.sv:114$7552'.
No latch inferred for signal `\secded_pipelined_72_64_v1_decoder.\uncorrectable_d' from process `\secded_pipelined_72_64_v1_decoder.$proc$asic/rtl/secded/secded_pipelined_72_64_v1.sv:114$7552'.
No latch inferred for signal `\secded_pipelined_72_64_v1_decoder.\error_position' from process `\secded_pipelined_72_64_v1_decoder.$proc$asic/rtl/secded/secded_pipelined_72_64_v1.sv:114$7552'.
No latch inferred for signal `\secded_pipelined_72_64_v1_decoder.$bitselwrite$mask$asic/rtl/secded/secded_pipelined_72_64_v1.sv:123$3748' from process `\secded_pipelined_72_64_v1_decoder.$proc$asic/rtl/secded/secded_pipelined_72_64_v1.sv:114$7552'.
No latch inferred for signal `\secded_pipelined_72_64_v1_decoder.$bitselwrite$data$asic/rtl/secded/secded_pipelined_72_64_v1.sv:123$3749' from process `\secded_pipelined_72_64_v1_decoder.$proc$asic/rtl/secded/secded_pipelined_72_64_v1.sv:114$7552'.
No latch inferred for signal `\secded_pipelined_72_64_v1_decoder.$bitselwrite$sel$asic/rtl/secded/secded_pipelined_72_64_v1.sv:123$3750' from process `\secded_pipelined_72_64_v1_decoder.$proc$asic/rtl/secded/secded_pipelined_72_64_v1.sv:114$7552'.
No latch inferred for signal `\secded_pipelined_72_64_v1_decoder.$bitselwrite$mask$asic/rtl/secded/secded_pipelined_72_64_v1.sv:138$3754' from process `\secded_pipelined_72_64_v1_decoder.$proc$asic/rtl/secded/secded_pipelined_72_64_v1.sv:114$7552'.
No latch inferred for signal `\secded_pipelined_72_64_v1_decoder.$bitselwrite$data$asic/rtl/secded/secded_pipelined_72_64_v1.sv:138$3755' from process `\secded_pipelined_72_64_v1_decoder.$proc$asic/rtl/secded/secded_pipelined_72_64_v1.sv:114$7552'.
No latch inferred for signal `\secded_pipelined_72_64_v1_decoder.$bitselwrite$sel$asic/rtl/secded/secded_pipelined_72_64_v1.sv:138$3756' from process `\secded_pipelined_72_64_v1_decoder.$proc$asic/rtl/secded/secded_pipelined_72_64_v1.sv:114$7552'.
No latch inferred for signal `\secded_pipelined_72_64_v1_decoder.$bitselwrite$mask$asic/rtl/secded/secded_pipelined_72_64_v1.sv:138$3759' from process `\secded_pipelined_72_64_v1_decoder.$proc$asic/rtl/secded/secded_pipelined_72_64_v1.sv:114$7552'.
No latch inferred for signal `\secded_pipelined_72_64_v1_decoder.$bitselwrite$data$asic/rtl/secded/secded_pipelined_72_64_v1.sv:138$3760' from process `\secded_pipelined_72_64_v1_decoder.$proc$asic/rtl/secded/secded_pipelined_72_64_v1.sv:114$7552'.
No latch inferred for signal `\secded_pipelined_72_64_v1_decoder.$bitselwrite$sel$asic/rtl/secded/secded_pipelined_72_64_v1.sv:138$3761' from process `\secded_pipelined_72_64_v1_decoder.$proc$asic/rtl/secded/secded_pipelined_72_64_v1.sv:114$7552'.
No latch inferred for signal `\secded_pipelined_72_64_v1_decoder.$bitselwrite$mask$asic/rtl/secded/secded_pipelined_72_64_v1.sv:138$3763' from process `\secded_pipelined_72_64_v1_decoder.$proc$asic/rtl/secded/secded_pipelined_72_64_v1.sv:114$7552'.
No latch inferred for signal `\secded_pipelined_72_64_v1_decoder.$bitselwrite$data$asic/rtl/secded/secded_pipelined_72_64_v1.sv:138$3764' from process `\secded_pipelined_72_64_v1_decoder.$proc$asic/rtl/secded/secded_pipelined_72_64_v1.sv:114$7552'.
No latch inferred for signal `\secded_pipelined_72_64_v1_decoder.$bitselwrite$sel$asic/rtl/secded/secded_pipelined_72_64_v1.sv:138$3765' from process `\secded_pipelined_72_64_v1_decoder.$proc$asic/rtl/secded/secded_pipelined_72_64_v1.sv:114$7552'.
No latch inferred for signal `\secded_pipelined_72_64_v1_decoder.$bitselwrite$mask$asic/rtl/secded/secded_pipelined_72_64_v1.sv:138$3767' from process `\secded_pipelined_72_64_v1_decoder.$proc$asic/rtl/secded/secded_pipelined_72_64_v1.sv:114$7552'.
No latch inferred for signal `\secded_pipelined_72_64_v1_decoder.$bitselwrite$data$asic/rtl/secded/secded_pipelined_72_64_v1.sv:138$3768' from process `\secded_pipelined_72_64_v1_decoder.$proc$asic/rtl/secded/secded_pipelined_72_64_v1.sv:114$7552'.
No latch inferred for signal `\secded_pipelined_72_64_v1_decoder.$bitselwrite$sel$asic/rtl/secded/secded_pipelined_72_64_v1.sv:138$3769' from process `\secded_pipelined_72_64_v1_decoder.$proc$asic/rtl/secded/secded_pipelined_72_64_v1.sv:114$7552'.
No latch inferred for signal `\secded_pipelined_72_64_v1_decoder.$bitselwrite$mask$asic/rtl/secded/secded_pipelined_72_64_v1.sv:138$3772' from process `\secded_pipelined_72_64_v1_decoder.$proc$asic/rtl/secded/secded_pipelined_72_64_v1.sv:114$7552'.
No latch inferred for signal `\secded_pipelined_72_64_v1_decoder.$bitselwrite$data$asic/rtl/secded/secded_pipelined_72_64_v1.sv:138$3773' from process `\secded_pipelined_72_64_v1_decoder.$proc$asic/rtl/secded/secded_pipelined_72_64_v1.sv:114$7552'.
No latch inferred for signal `\secded_pipelined_72_64_v1_decoder.$bitselwrite$sel$asic/rtl/secded/secded_pipelined_72_64_v1.sv:138$3774' from process `\secded_pipelined_72_64_v1_decoder.$proc$asic/rtl/secded/secded_pipelined_72_64_v1.sv:114$7552'.
No latch inferred for signal `\secded_pipelined_72_64_v1_decoder.$bitselwrite$mask$asic/rtl/secded/secded_pipelined_72_64_v1.sv:138$3776' from process `\secded_pipelined_72_64_v1_decoder.$proc$asic/rtl/secded/secded_pipelined_72_64_v1.sv:114$7552'.
No latch inferred for signal `\secded_pipelined_72_64_v1_decoder.$bitselwrite$data$asic/rtl/secded/secded_pipelined_72_64_v1.sv:138$3777' from process `\secded_pipelined_72_64_v1_decoder.$proc$asic/rtl/secded/secded_pipelined_72_64_v1.sv:114$7552'.
No latch inferred for signal `\secded_pipelined_72_64_v1_decoder.$bitselwrite$sel$asic/rtl/secded/secded_pipelined_72_64_v1.sv:138$3778' from process `\secded_pipelined_72_64_v1_decoder.$proc$asic/rtl/secded/secded_pipelined_72_64_v1.sv:114$7552'.
No latch inferred for signal `\secded_pipelined_72_64_v1_decoder.$bitselwrite$mask$asic/rtl/secded/secded_pipelined_72_64_v1.sv:138$3780' from process `\secded_pipelined_72_64_v1_decoder.$proc$asic/rtl/secded/secded_pipelined_72_64_v1.sv:114$7552'.
No latch inferred for signal `\secded_pipelined_72_64_v1_decoder.$bitselwrite$data$asic/rtl/secded/secded_pipelined_72_64_v1.sv:138$3781' from process `\secded_pipelined_72_64_v1_decoder.$proc$asic/rtl/secded/secded_pipelined_72_64_v1.sv:114$7552'.
No latch inferred for signal `\secded_pipelined_72_64_v1_decoder.$bitselwrite$sel$asic/rtl/secded/secded_pipelined_72_64_v1.sv:138$3782' from process `\secded_pipelined_72_64_v1_decoder.$proc$asic/rtl/secded/secded_pipelined_72_64_v1.sv:114$7552'.
No latch inferred for signal `\secded_pipelined_72_64_v1_decoder.$bitselwrite$mask$asic/rtl/secded/secded_pipelined_72_64_v1.sv:138$3784' from process `\secded_pipelined_72_64_v1_decoder.$proc$asic/rtl/secded/secded_pipelined_72_64_v1.sv:114$7552'.
No latch inferred for signal `\secded_pipelined_72_64_v1_decoder.$bitselwrite$data$asic/rtl/secded/secded_pipelined_72_64_v1.sv:138$3785' from process `\secded_pipelined_72_64_v1_decoder.$proc$asic/rtl/secded/secded_pipelined_72_64_v1.sv:114$7552'.
No latch inferred for signal `\secded_pipelined_72_64_v1_decoder.$bitselwrite$sel$asic/rtl/secded/secded_pipelined_72_64_v1.sv:138$3786' from process `\secded_pipelined_72_64_v1_decoder.$proc$asic/rtl/secded/secded_pipelined_72_64_v1.sv:114$7552'.
No latch inferred for signal `\secded_pipelined_72_64_v1_decoder.$bitselwrite$mask$asic/rtl/secded/secded_pipelined_72_64_v1.sv:138$3788' from process `\secded_pipelined_72_64_v1_decoder.$proc$asic/rtl/secded/secded_pipelined_72_64_v1.sv:114$7552'.
No latch inferred for signal `\secded_pipelined_72_64_v1_decoder.$bitselwrite$data$asic/rtl/secded/secded_pipelined_72_64_v1.sv:138$3789' from process `\secded_pipelined_72_64_v1_decoder.$proc$asic/rtl/secded/secded_pipelined_72_64_v1.sv:114$7552'.
No latch inferred for signal `\secded_pipelined_72_64_v1_decoder.$bitselwrite$sel$asic/rtl/secded/secded_pipelined_72_64_v1.sv:138$3790' from process `\secded_pipelined_72_64_v1_decoder.$proc$asic/rtl/secded/secded_pipelined_72_64_v1.sv:114$7552'.
No latch inferred for signal `\secded_pipelined_72_64_v1_decoder.$bitselwrite$mask$asic/rtl/secded/secded_pipelined_72_64_v1.sv:138$3792' from process `\secded_pipelined_72_64_v1_decoder.$proc$asic/rtl/secded/secded_pipelined_72_64_v1.sv:114$7552'.
No latch inferred for signal `\secded_pipelined_72_64_v1_decoder.$bitselwrite$data$asic/rtl/secded/secded_pipelined_72_64_v1.sv:138$3793' from process `\secded_pipelined_72_64_v1_decoder.$proc$asic/rtl/secded/secded_pipelined_72_64_v1.sv:114$7552'.
No latch inferred for signal `\secded_pipelined_72_64_v1_decoder.$bitselwrite$sel$asic/rtl/secded/secded_pipelined_72_64_v1.sv:138$3794' from process `\secded_pipelined_72_64_v1_decoder.$proc$asic/rtl/secded/secded_pipelined_72_64_v1.sv:114$7552'.
No latch inferred for signal `\secded_pipelined_72_64_v1_decoder.$bitselwrite$mask$asic/rtl/secded/secded_pipelined_72_64_v1.sv:138$3796' from process `\secded_pipelined_72_64_v1_decoder.$proc$asic/rtl/secded/secded_pipelined_72_64_v1.sv:114$7552'.
No latch inferred for signal `\secded_pipelined_72_64_v1_decoder.$bitselwrite$data$asic/rtl/secded/secded_pipelined_72_64_v1.sv:138$3797' from process `\secded_pipelined_72_64_v1_decoder.$proc$asic/rtl/secded/secded_pipelined_72_64_v1.sv:114$7552'.
No latch inferred for signal `\secded_pipelined_72_64_v1_decoder.$bitselwrite$sel$asic/rtl/secded/secded_pipelined_72_64_v1.sv:138$3798' from process `\secded_pipelined_72_64_v1_decoder.$proc$asic/rtl/secded/secded_pipelined_72_64_v1.sv:114$7552'.
No latch inferred for signal `\secded_pipelined_72_64_v1_decoder.$bitselwrite$mask$asic/rtl/secded/secded_pipelined_72_64_v1.sv:138$3801' from process `\secded_pipelined_72_64_v1_decoder.$proc$asic/rtl/secded/secded_pipelined_72_64_v1.sv:114$7552'.
No latch inferred for signal `\secded_pipelined_72_64_v1_decoder.$bitselwrite$data$asic/rtl/secded/secded_pipelined_72_64_v1.sv:138$3802' from process `\secded_pipelined_72_64_v1_decoder.$proc$asic/rtl/secded/secded_pipelined_72_64_v1.sv:114$7552'.
No latch inferred for signal `\secded_pipelined_72_64_v1_decoder.$bitselwrite$sel$asic/rtl/secded/secded_pipelined_72_64_v1.sv:138$3803' from process `\secded_pipelined_72_64_v1_decoder.$proc$asic/rtl/secded/secded_pipelined_72_64_v1.sv:114$7552'.
No latch inferred for signal `\secded_pipelined_72_64_v1_decoder.$bitselwrite$mask$asic/rtl/secded/secded_pipelined_72_64_v1.sv:138$3805' from process `\secded_pipelined_72_64_v1_decoder.$proc$asic/rtl/secded/secded_pipelined_72_64_v1.sv:114$7552'.
No latch inferred for signal `\secded_pipelined_72_64_v1_decoder.$bitselwrite$data$asic/rtl/secded/secded_pipelined_72_64_v1.sv:138$3806' from process `\secded_pipelined_72_64_v1_decoder.$proc$asic/rtl/secded/secded_pipelined_72_64_v1.sv:114$7552'.
No latch inferred for signal `\secded_pipelined_72_64_v1_decoder.$bitselwrite$sel$asic/rtl/secded/secded_pipelined_72_64_v1.sv:138$3807' from process `\secded_pipelined_72_64_v1_decoder.$proc$asic/rtl/secded/secded_pipelined_72_64_v1.sv:114$7552'.
No latch inferred for signal `\secded_pipelined_72_64_v1_decoder.$bitselwrite$mask$asic/rtl/secded/secded_pipelined_72_64_v1.sv:138$3809' from process `\secded_pipelined_72_64_v1_decoder.$proc$asic/rtl/secded/secded_pipelined_72_64_v1.sv:114$7552'.
No latch inferred for signal `\secded_pipelined_72_64_v1_decoder.$bitselwrite$data$asic/rtl/secded/secded_pipelined_72_64_v1.sv:138$3810' from process `\secded_pipelined_72_64_v1_decoder.$proc$asic/rtl/secded/secded_pipelined_72_64_v1.sv:114$7552'.
No latch inferred for signal `\secded_pipelined_72_64_v1_decoder.$bitselwrite$sel$asic/rtl/secded/secded_pipelined_72_64_v1.sv:138$3811' from process `\secded_pipelined_72_64_v1_decoder.$proc$asic/rtl/secded/secded_pipelined_72_64_v1.sv:114$7552'.
No latch inferred for signal `\secded_pipelined_72_64_v1_decoder.$bitselwrite$mask$asic/rtl/secded/secded_pipelined_72_64_v1.sv:138$3813' from process `\secded_pipelined_72_64_v1_decoder.$proc$asic/rtl/secded/secded_pipelined_72_64_v1.sv:114$7552'.
No latch inferred for signal `\secded_pipelined_72_64_v1_decoder.$bitselwrite$data$asic/rtl/secded/secded_pipelined_72_64_v1.sv:138$3814' from process `\secded_pipelined_72_64_v1_decoder.$proc$asic/rtl/secded/secded_pipelined_72_64_v1.sv:114$7552'.
No latch inferred for signal `\secded_pipelined_72_64_v1_decoder.$bitselwrite$sel$asic/rtl/secded/secded_pipelined_72_64_v1.sv:138$3815' from process `\secded_pipelined_72_64_v1_decoder.$proc$asic/rtl/secded/secded_pipelined_72_64_v1.sv:114$7552'.
No latch inferred for signal `\secded_pipelined_72_64_v1_decoder.$bitselwrite$mask$asic/rtl/secded/secded_pipelined_72_64_v1.sv:138$3817' from process `\secded_pipelined_72_64_v1_decoder.$proc$asic/rtl/secded/secded_pipelined_72_64_v1.sv:114$7552'.
No latch inferred for signal `\secded_pipelined_72_64_v1_decoder.$bitselwrite$data$asic/rtl/secded/secded_pipelined_72_64_v1.sv:138$3818' from process `\secded_pipelined_72_64_v1_decoder.$proc$asic/rtl/secded/secded_pipelined_72_64_v1.sv:114$7552'.
No latch inferred for signal `\secded_pipelined_72_64_v1_decoder.$bitselwrite$sel$asic/rtl/secded/secded_pipelined_72_64_v1.sv:138$3819' from process `\secded_pipelined_72_64_v1_decoder.$proc$asic/rtl/secded/secded_pipelined_72_64_v1.sv:114$7552'.
No latch inferred for signal `\secded_pipelined_72_64_v1_decoder.$bitselwrite$mask$asic/rtl/secded/secded_pipelined_72_64_v1.sv:138$3821' from process `\secded_pipelined_72_64_v1_decoder.$proc$asic/rtl/secded/secded_pipelined_72_64_v1.sv:114$7552'.
No latch inferred for signal `\secded_pipelined_72_64_v1_decoder.$bitselwrite$data$asic/rtl/secded/secded_pipelined_72_64_v1.sv:138$3822' from process `\secded_pipelined_72_64_v1_decoder.$proc$asic/rtl/secded/secded_pipelined_72_64_v1.sv:114$7552'.
No latch inferred for signal `\secded_pipelined_72_64_v1_decoder.$bitselwrite$sel$asic/rtl/secded/secded_pipelined_72_64_v1.sv:138$3823' from process `\secded_pipelined_72_64_v1_decoder.$proc$asic/rtl/secded/secded_pipelined_72_64_v1.sv:114$7552'.
No latch inferred for signal `\secded_pipelined_72_64_v1_decoder.$bitselwrite$mask$asic/rtl/secded/secded_pipelined_72_64_v1.sv:138$3825' from process `\secded_pipelined_72_64_v1_decoder.$proc$asic/rtl/secded/secded_pipelined_72_64_v1.sv:114$7552'.
No latch inferred for signal `\secded_pipelined_72_64_v1_decoder.$bitselwrite$data$asic/rtl/secded/secded_pipelined_72_64_v1.sv:138$3826' from process `\secded_pipelined_72_64_v1_decoder.$proc$asic/rtl/secded/secded_pipelined_72_64_v1.sv:114$7552'.
No latch inferred for signal `\secded_pipelined_72_64_v1_decoder.$bitselwrite$sel$asic/rtl/secded/secded_pipelined_72_64_v1.sv:138$3827' from process `\secded_pipelined_72_64_v1_decoder.$proc$asic/rtl/secded/secded_pipelined_72_64_v1.sv:114$7552'.
No latch inferred for signal `\secded_pipelined_72_64_v1_decoder.$bitselwrite$mask$asic/rtl/secded/secded_pipelined_72_64_v1.sv:138$3829' from process `\secded_pipelined_72_64_v1_decoder.$proc$asic/rtl/secded/secded_pipelined_72_64_v1.sv:114$7552'.
No latch inferred for signal `\secded_pipelined_72_64_v1_decoder.$bitselwrite$data$asic/rtl/secded/secded_pipelined_72_64_v1.sv:138$3830' from process `\secded_pipelined_72_64_v1_decoder.$proc$asic/rtl/secded/secded_pipelined_72_64_v1.sv:114$7552'.
No latch inferred for signal `\secded_pipelined_72_64_v1_decoder.$bitselwrite$sel$asic/rtl/secded/secded_pipelined_72_64_v1.sv:138$3831' from process `\secded_pipelined_72_64_v1_decoder.$proc$asic/rtl/secded/secded_pipelined_72_64_v1.sv:114$7552'.
No latch inferred for signal `\secded_pipelined_72_64_v1_decoder.$bitselwrite$mask$asic/rtl/secded/secded_pipelined_72_64_v1.sv:138$3833' from process `\secded_pipelined_72_64_v1_decoder.$proc$asic/rtl/secded/secded_pipelined_72_64_v1.sv:114$7552'.
No latch inferred for signal `\secded_pipelined_72_64_v1_decoder.$bitselwrite$data$asic/rtl/secded/secded_pipelined_72_64_v1.sv:138$3834' from process `\secded_pipelined_72_64_v1_decoder.$proc$asic/rtl/secded/secded_pipelined_72_64_v1.sv:114$7552'.
No latch inferred for signal `\secded_pipelined_72_64_v1_decoder.$bitselwrite$sel$asic/rtl/secded/secded_pipelined_72_64_v1.sv:138$3835' from process `\secded_pipelined_72_64_v1_decoder.$proc$asic/rtl/secded/secded_pipelined_72_64_v1.sv:114$7552'.
No latch inferred for signal `\secded_pipelined_72_64_v1_decoder.$bitselwrite$mask$asic/rtl/secded/secded_pipelined_72_64_v1.sv:138$3837' from process `\secded_pipelined_72_64_v1_decoder.$proc$asic/rtl/secded/secded_pipelined_72_64_v1.sv:114$7552'.
No latch inferred for signal `\secded_pipelined_72_64_v1_decoder.$bitselwrite$data$asic/rtl/secded/secded_pipelined_72_64_v1.sv:138$3838' from process `\secded_pipelined_72_64_v1_decoder.$proc$asic/rtl/secded/secded_pipelined_72_64_v1.sv:114$7552'.
No latch inferred for signal `\secded_pipelined_72_64_v1_decoder.$bitselwrite$sel$asic/rtl/secded/secded_pipelined_72_64_v1.sv:138$3839' from process `\secded_pipelined_72_64_v1_decoder.$proc$asic/rtl/secded/secded_pipelined_72_64_v1.sv:114$7552'.
No latch inferred for signal `\secded_pipelined_72_64_v1_decoder.$bitselwrite$mask$asic/rtl/secded/secded_pipelined_72_64_v1.sv:138$3841' from process `\secded_pipelined_72_64_v1_decoder.$proc$asic/rtl/secded/secded_pipelined_72_64_v1.sv:114$7552'.
No latch inferred for signal `\secded_pipelined_72_64_v1_decoder.$bitselwrite$data$asic/rtl/secded/secded_pipelined_72_64_v1.sv:138$3842' from process `\secded_pipelined_72_64_v1_decoder.$proc$asic/rtl/secded/secded_pipelined_72_64_v1.sv:114$7552'.
No latch inferred for signal `\secded_pipelined_72_64_v1_decoder.$bitselwrite$sel$asic/rtl/secded/secded_pipelined_72_64_v1.sv:138$3843' from process `\secded_pipelined_72_64_v1_decoder.$proc$asic/rtl/secded/secded_pipelined_72_64_v1.sv:114$7552'.
No latch inferred for signal `\secded_pipelined_72_64_v1_decoder.$bitselwrite$mask$asic/rtl/secded/secded_pipelined_72_64_v1.sv:138$3845' from process `\secded_pipelined_72_64_v1_decoder.$proc$asic/rtl/secded/secded_pipelined_72_64_v1.sv:114$7552'.
No latch inferred for signal `\secded_pipelined_72_64_v1_decoder.$bitselwrite$data$asic/rtl/secded/secded_pipelined_72_64_v1.sv:138$3846' from process `\secded_pipelined_72_64_v1_decoder.$proc$asic/rtl/secded/secded_pipelined_72_64_v1.sv:114$7552'.
No latch inferred for signal `\secded_pipelined_72_64_v1_decoder.$bitselwrite$sel$asic/rtl/secded/secded_pipelined_72_64_v1.sv:138$3847' from process `\secded_pipelined_72_64_v1_decoder.$proc$asic/rtl/secded/secded_pipelined_72_64_v1.sv:114$7552'.
No latch inferred for signal `\secded_pipelined_72_64_v1_decoder.$bitselwrite$mask$asic/rtl/secded/secded_pipelined_72_64_v1.sv:138$3849' from process `\secded_pipelined_72_64_v1_decoder.$proc$asic/rtl/secded/secded_pipelined_72_64_v1.sv:114$7552'.
No latch inferred for signal `\secded_pipelined_72_64_v1_decoder.$bitselwrite$data$asic/rtl/secded/secded_pipelined_72_64_v1.sv:138$3850' from process `\secded_pipelined_72_64_v1_decoder.$proc$asic/rtl/secded/secded_pipelined_72_64_v1.sv:114$7552'.
No latch inferred for signal `\secded_pipelined_72_64_v1_decoder.$bitselwrite$sel$asic/rtl/secded/secded_pipelined_72_64_v1.sv:138$3851' from process `\secded_pipelined_72_64_v1_decoder.$proc$asic/rtl/secded/secded_pipelined_72_64_v1.sv:114$7552'.
No latch inferred for signal `\secded_pipelined_72_64_v1_decoder.$bitselwrite$mask$asic/rtl/secded/secded_pipelined_72_64_v1.sv:138$3853' from process `\secded_pipelined_72_64_v1_decoder.$proc$asic/rtl/secded/secded_pipelined_72_64_v1.sv:114$7552'.
No latch inferred for signal `\secded_pipelined_72_64_v1_decoder.$bitselwrite$data$asic/rtl/secded/secded_pipelined_72_64_v1.sv:138$3854' from process `\secded_pipelined_72_64_v1_decoder.$proc$asic/rtl/secded/secded_pipelined_72_64_v1.sv:114$7552'.
No latch inferred for signal `\secded_pipelined_72_64_v1_decoder.$bitselwrite$sel$asic/rtl/secded/secded_pipelined_72_64_v1.sv:138$3855' from process `\secded_pipelined_72_64_v1_decoder.$proc$asic/rtl/secded/secded_pipelined_72_64_v1.sv:114$7552'.
No latch inferred for signal `\secded_pipelined_72_64_v1_decoder.$bitselwrite$mask$asic/rtl/secded/secded_pipelined_72_64_v1.sv:138$3857' from process `\secded_pipelined_72_64_v1_decoder.$proc$asic/rtl/secded/secded_pipelined_72_64_v1.sv:114$7552'.
No latch inferred for signal `\secded_pipelined_72_64_v1_decoder.$bitselwrite$data$asic/rtl/secded/secded_pipelined_72_64_v1.sv:138$3858' from process `\secded_pipelined_72_64_v1_decoder.$proc$asic/rtl/secded/secded_pipelined_72_64_v1.sv:114$7552'.
No latch inferred for signal `\secded_pipelined_72_64_v1_decoder.$bitselwrite$sel$asic/rtl/secded/secded_pipelined_72_64_v1.sv:138$3859' from process `\secded_pipelined_72_64_v1_decoder.$proc$asic/rtl/secded/secded_pipelined_72_64_v1.sv:114$7552'.
No latch inferred for signal `\secded_pipelined_72_64_v1_decoder.$bitselwrite$mask$asic/rtl/secded/secded_pipelined_72_64_v1.sv:138$3862' from process `\secded_pipelined_72_64_v1_decoder.$proc$asic/rtl/secded/secded_pipelined_72_64_v1.sv:114$7552'.
No latch inferred for signal `\secded_pipelined_72_64_v1_decoder.$bitselwrite$data$asic/rtl/secded/secded_pipelined_72_64_v1.sv:138$3863' from process `\secded_pipelined_72_64_v1_decoder.$proc$asic/rtl/secded/secded_pipelined_72_64_v1.sv:114$7552'.
No latch inferred for signal `\secded_pipelined_72_64_v1_decoder.$bitselwrite$sel$asic/rtl/secded/secded_pipelined_72_64_v1.sv:138$3864' from process `\secded_pipelined_72_64_v1_decoder.$proc$asic/rtl/secded/secded_pipelined_72_64_v1.sv:114$7552'.
No latch inferred for signal `\secded_pipelined_72_64_v1_decoder.$bitselwrite$mask$asic/rtl/secded/secded_pipelined_72_64_v1.sv:138$3866' from process `\secded_pipelined_72_64_v1_decoder.$proc$asic/rtl/secded/secded_pipelined_72_64_v1.sv:114$7552'.
No latch inferred for signal `\secded_pipelined_72_64_v1_decoder.$bitselwrite$data$asic/rtl/secded/secded_pipelined_72_64_v1.sv:138$3867' from process `\secded_pipelined_72_64_v1_decoder.$proc$asic/rtl/secded/secded_pipelined_72_64_v1.sv:114$7552'.
No latch inferred for signal `\secded_pipelined_72_64_v1_decoder.$bitselwrite$sel$asic/rtl/secded/secded_pipelined_72_64_v1.sv:138$3868' from process `\secded_pipelined_72_64_v1_decoder.$proc$asic/rtl/secded/secded_pipelined_72_64_v1.sv:114$7552'.
No latch inferred for signal `\secded_pipelined_72_64_v1_decoder.$bitselwrite$mask$asic/rtl/secded/secded_pipelined_72_64_v1.sv:138$3870' from process `\secded_pipelined_72_64_v1_decoder.$proc$asic/rtl/secded/secded_pipelined_72_64_v1.sv:114$7552'.
No latch inferred for signal `\secded_pipelined_72_64_v1_decoder.$bitselwrite$data$asic/rtl/secded/secded_pipelined_72_64_v1.sv:138$3871' from process `\secded_pipelined_72_64_v1_decoder.$proc$asic/rtl/secded/secded_pipelined_72_64_v1.sv:114$7552'.
No latch inferred for signal `\secded_pipelined_72_64_v1_decoder.$bitselwrite$sel$asic/rtl/secded/secded_pipelined_72_64_v1.sv:138$3872' from process `\secded_pipelined_72_64_v1_decoder.$proc$asic/rtl/secded/secded_pipelined_72_64_v1.sv:114$7552'.
No latch inferred for signal `\secded_pipelined_72_64_v1_decoder.$bitselwrite$mask$asic/rtl/secded/secded_pipelined_72_64_v1.sv:138$3874' from process `\secded_pipelined_72_64_v1_decoder.$proc$asic/rtl/secded/secded_pipelined_72_64_v1.sv:114$7552'.
No latch inferred for signal `\secded_pipelined_72_64_v1_decoder.$bitselwrite$data$asic/rtl/secded/secded_pipelined_72_64_v1.sv:138$3875' from process `\secded_pipelined_72_64_v1_decoder.$proc$asic/rtl/secded/secded_pipelined_72_64_v1.sv:114$7552'.
No latch inferred for signal `\secded_pipelined_72_64_v1_decoder.$bitselwrite$sel$asic/rtl/secded/secded_pipelined_72_64_v1.sv:138$3876' from process `\secded_pipelined_72_64_v1_decoder.$proc$asic/rtl/secded/secded_pipelined_72_64_v1.sv:114$7552'.
No latch inferred for signal `\secded_pipelined_72_64_v1_decoder.$bitselwrite$mask$asic/rtl/secded/secded_pipelined_72_64_v1.sv:138$3878' from process `\secded_pipelined_72_64_v1_decoder.$proc$asic/rtl/secded/secded_pipelined_72_64_v1.sv:114$7552'.
No latch inferred for signal `\secded_pipelined_72_64_v1_decoder.$bitselwrite$data$asic/rtl/secded/secded_pipelined_72_64_v1.sv:138$3879' from process `\secded_pipelined_72_64_v1_decoder.$proc$asic/rtl/secded/secded_pipelined_72_64_v1.sv:114$7552'.
No latch inferred for signal `\secded_pipelined_72_64_v1_decoder.$bitselwrite$sel$asic/rtl/secded/secded_pipelined_72_64_v1.sv:138$3880' from process `\secded_pipelined_72_64_v1_decoder.$proc$asic/rtl/secded/secded_pipelined_72_64_v1.sv:114$7552'.
No latch inferred for signal `\secded_pipelined_72_64_v1_decoder.$bitselwrite$mask$asic/rtl/secded/secded_pipelined_72_64_v1.sv:138$3882' from process `\secded_pipelined_72_64_v1_decoder.$proc$asic/rtl/secded/secded_pipelined_72_64_v1.sv:114$7552'.
No latch inferred for signal `\secded_pipelined_72_64_v1_decoder.$bitselwrite$data$asic/rtl/secded/secded_pipelined_72_64_v1.sv:138$3883' from process `\secded_pipelined_72_64_v1_decoder.$proc$asic/rtl/secded/secded_pipelined_72_64_v1.sv:114$7552'.
No latch inferred for signal `\secded_pipelined_72_64_v1_decoder.$bitselwrite$sel$asic/rtl/secded/secded_pipelined_72_64_v1.sv:138$3884' from process `\secded_pipelined_72_64_v1_decoder.$proc$asic/rtl/secded/secded_pipelined_72_64_v1.sv:114$7552'.
No latch inferred for signal `\secded_pipelined_72_64_v1_decoder.$bitselwrite$mask$asic/rtl/secded/secded_pipelined_72_64_v1.sv:138$3886' from process `\secded_pipelined_72_64_v1_decoder.$proc$asic/rtl/secded/secded_pipelined_72_64_v1.sv:114$7552'.
No latch inferred for signal `\secded_pipelined_72_64_v1_decoder.$bitselwrite$data$asic/rtl/secded/secded_pipelined_72_64_v1.sv:138$3887' from process `\secded_pipelined_72_64_v1_decoder.$proc$asic/rtl/secded/secded_pipelined_72_64_v1.sv:114$7552'.
No latch inferred for signal `\secded_pipelined_72_64_v1_decoder.$bitselwrite$sel$asic/rtl/secded/secded_pipelined_72_64_v1.sv:138$3888' from process `\secded_pipelined_72_64_v1_decoder.$proc$asic/rtl/secded/secded_pipelined_72_64_v1.sv:114$7552'.
No latch inferred for signal `\secded_pipelined_72_64_v1_decoder.$bitselwrite$mask$asic/rtl/secded/secded_pipelined_72_64_v1.sv:138$3890' from process `\secded_pipelined_72_64_v1_decoder.$proc$asic/rtl/secded/secded_pipelined_72_64_v1.sv:114$7552'.
No latch inferred for signal `\secded_pipelined_72_64_v1_decoder.$bitselwrite$data$asic/rtl/secded/secded_pipelined_72_64_v1.sv:138$3891' from process `\secded_pipelined_72_64_v1_decoder.$proc$asic/rtl/secded/secded_pipelined_72_64_v1.sv:114$7552'.
No latch inferred for signal `\secded_pipelined_72_64_v1_decoder.$bitselwrite$sel$asic/rtl/secded/secded_pipelined_72_64_v1.sv:138$3892' from process `\secded_pipelined_72_64_v1_decoder.$proc$asic/rtl/secded/secded_pipelined_72_64_v1.sv:114$7552'.
No latch inferred for signal `\secded_pipelined_72_64_v1_decoder.$bitselwrite$mask$asic/rtl/secded/secded_pipelined_72_64_v1.sv:138$3894' from process `\secded_pipelined_72_64_v1_decoder.$proc$asic/rtl/secded/secded_pipelined_72_64_v1.sv:114$7552'.
No latch inferred for signal `\secded_pipelined_72_64_v1_decoder.$bitselwrite$data$asic/rtl/secded/secded_pipelined_72_64_v1.sv:138$3895' from process `\secded_pipelined_72_64_v1_decoder.$proc$asic/rtl/secded/secded_pipelined_72_64_v1.sv:114$7552'.
No latch inferred for signal `\secded_pipelined_72_64_v1_decoder.$bitselwrite$sel$asic/rtl/secded/secded_pipelined_72_64_v1.sv:138$3896' from process `\secded_pipelined_72_64_v1_decoder.$proc$asic/rtl/secded/secded_pipelined_72_64_v1.sv:114$7552'.
No latch inferred for signal `\secded_pipelined_72_64_v1_decoder.$bitselwrite$mask$asic/rtl/secded/secded_pipelined_72_64_v1.sv:138$3898' from process `\secded_pipelined_72_64_v1_decoder.$proc$asic/rtl/secded/secded_pipelined_72_64_v1.sv:114$7552'.
No latch inferred for signal `\secded_pipelined_72_64_v1_decoder.$bitselwrite$data$asic/rtl/secded/secded_pipelined_72_64_v1.sv:138$3899' from process `\secded_pipelined_72_64_v1_decoder.$proc$asic/rtl/secded/secded_pipelined_72_64_v1.sv:114$7552'.
No latch inferred for signal `\secded_pipelined_72_64_v1_decoder.$bitselwrite$sel$asic/rtl/secded/secded_pipelined_72_64_v1.sv:138$3900' from process `\secded_pipelined_72_64_v1_decoder.$proc$asic/rtl/secded/secded_pipelined_72_64_v1.sv:114$7552'.
No latch inferred for signal `\secded_pipelined_72_64_v1_decoder.$bitselwrite$mask$asic/rtl/secded/secded_pipelined_72_64_v1.sv:138$3902' from process `\secded_pipelined_72_64_v1_decoder.$proc$asic/rtl/secded/secded_pipelined_72_64_v1.sv:114$7552'.
No latch inferred for signal `\secded_pipelined_72_64_v1_decoder.$bitselwrite$data$asic/rtl/secded/secded_pipelined_72_64_v1.sv:138$3903' from process `\secded_pipelined_72_64_v1_decoder.$proc$asic/rtl/secded/secded_pipelined_72_64_v1.sv:114$7552'.
No latch inferred for signal `\secded_pipelined_72_64_v1_decoder.$bitselwrite$sel$asic/rtl/secded/secded_pipelined_72_64_v1.sv:138$3904' from process `\secded_pipelined_72_64_v1_decoder.$proc$asic/rtl/secded/secded_pipelined_72_64_v1.sv:114$7552'.
No latch inferred for signal `\secded_pipelined_72_64_v1_decoder.$bitselwrite$mask$asic/rtl/secded/secded_pipelined_72_64_v1.sv:138$3906' from process `\secded_pipelined_72_64_v1_decoder.$proc$asic/rtl/secded/secded_pipelined_72_64_v1.sv:114$7552'.
No latch inferred for signal `\secded_pipelined_72_64_v1_decoder.$bitselwrite$data$asic/rtl/secded/secded_pipelined_72_64_v1.sv:138$3907' from process `\secded_pipelined_72_64_v1_decoder.$proc$asic/rtl/secded/secded_pipelined_72_64_v1.sv:114$7552'.
No latch inferred for signal `\secded_pipelined_72_64_v1_decoder.$bitselwrite$sel$asic/rtl/secded/secded_pipelined_72_64_v1.sv:138$3908' from process `\secded_pipelined_72_64_v1_decoder.$proc$asic/rtl/secded/secded_pipelined_72_64_v1.sv:114$7552'.
No latch inferred for signal `\secded_pipelined_72_64_v1_decoder.$bitselwrite$mask$asic/rtl/secded/secded_pipelined_72_64_v1.sv:138$3910' from process `\secded_pipelined_72_64_v1_decoder.$proc$asic/rtl/secded/secded_pipelined_72_64_v1.sv:114$7552'.
No latch inferred for signal `\secded_pipelined_72_64_v1_decoder.$bitselwrite$data$asic/rtl/secded/secded_pipelined_72_64_v1.sv:138$3911' from process `\secded_pipelined_72_64_v1_decoder.$proc$asic/rtl/secded/secded_pipelined_72_64_v1.sv:114$7552'.
No latch inferred for signal `\secded_pipelined_72_64_v1_decoder.$bitselwrite$sel$asic/rtl/secded/secded_pipelined_72_64_v1.sv:138$3912' from process `\secded_pipelined_72_64_v1_decoder.$proc$asic/rtl/secded/secded_pipelined_72_64_v1.sv:114$7552'.
No latch inferred for signal `\secded_pipelined_72_64_v1_decoder.$bitselwrite$mask$asic/rtl/secded/secded_pipelined_72_64_v1.sv:138$3914' from process `\secded_pipelined_72_64_v1_decoder.$proc$asic/rtl/secded/secded_pipelined_72_64_v1.sv:114$7552'.
No latch inferred for signal `\secded_pipelined_72_64_v1_decoder.$bitselwrite$data$asic/rtl/secded/secded_pipelined_72_64_v1.sv:138$3915' from process `\secded_pipelined_72_64_v1_decoder.$proc$asic/rtl/secded/secded_pipelined_72_64_v1.sv:114$7552'.
No latch inferred for signal `\secded_pipelined_72_64_v1_decoder.$bitselwrite$sel$asic/rtl/secded/secded_pipelined_72_64_v1.sv:138$3916' from process `\secded_pipelined_72_64_v1_decoder.$proc$asic/rtl/secded/secded_pipelined_72_64_v1.sv:114$7552'.
No latch inferred for signal `\secded_pipelined_72_64_v1_decoder.$bitselwrite$mask$asic/rtl/secded/secded_pipelined_72_64_v1.sv:138$3918' from process `\secded_pipelined_72_64_v1_decoder.$proc$asic/rtl/secded/secded_pipelined_72_64_v1.sv:114$7552'.
No latch inferred for signal `\secded_pipelined_72_64_v1_decoder.$bitselwrite$data$asic/rtl/secded/secded_pipelined_72_64_v1.sv:138$3919' from process `\secded_pipelined_72_64_v1_decoder.$proc$asic/rtl/secded/secded_pipelined_72_64_v1.sv:114$7552'.
No latch inferred for signal `\secded_pipelined_72_64_v1_decoder.$bitselwrite$sel$asic/rtl/secded/secded_pipelined_72_64_v1.sv:138$3920' from process `\secded_pipelined_72_64_v1_decoder.$proc$asic/rtl/secded/secded_pipelined_72_64_v1.sv:114$7552'.
No latch inferred for signal `\secded_pipelined_72_64_v1_decoder.$bitselwrite$mask$asic/rtl/secded/secded_pipelined_72_64_v1.sv:138$3922' from process `\secded_pipelined_72_64_v1_decoder.$proc$asic/rtl/secded/secded_pipelined_72_64_v1.sv:114$7552'.
No latch inferred for signal `\secded_pipelined_72_64_v1_decoder.$bitselwrite$data$asic/rtl/secded/secded_pipelined_72_64_v1.sv:138$3923' from process `\secded_pipelined_72_64_v1_decoder.$proc$asic/rtl/secded/secded_pipelined_72_64_v1.sv:114$7552'.
No latch inferred for signal `\secded_pipelined_72_64_v1_decoder.$bitselwrite$sel$asic/rtl/secded/secded_pipelined_72_64_v1.sv:138$3924' from process `\secded_pipelined_72_64_v1_decoder.$proc$asic/rtl/secded/secded_pipelined_72_64_v1.sv:114$7552'.
No latch inferred for signal `\secded_pipelined_72_64_v1_decoder.$bitselwrite$mask$asic/rtl/secded/secded_pipelined_72_64_v1.sv:138$3926' from process `\secded_pipelined_72_64_v1_decoder.$proc$asic/rtl/secded/secded_pipelined_72_64_v1.sv:114$7552'.
No latch inferred for signal `\secded_pipelined_72_64_v1_decoder.$bitselwrite$data$asic/rtl/secded/secded_pipelined_72_64_v1.sv:138$3927' from process `\secded_pipelined_72_64_v1_decoder.$proc$asic/rtl/secded/secded_pipelined_72_64_v1.sv:114$7552'.
No latch inferred for signal `\secded_pipelined_72_64_v1_decoder.$bitselwrite$sel$asic/rtl/secded/secded_pipelined_72_64_v1.sv:138$3928' from process `\secded_pipelined_72_64_v1_decoder.$proc$asic/rtl/secded/secded_pipelined_72_64_v1.sv:114$7552'.
No latch inferred for signal `\secded_pipelined_72_64_v1_decoder.$bitselwrite$mask$asic/rtl/secded/secded_pipelined_72_64_v1.sv:138$3930' from process `\secded_pipelined_72_64_v1_decoder.$proc$asic/rtl/secded/secded_pipelined_72_64_v1.sv:114$7552'.
No latch inferred for signal `\secded_pipelined_72_64_v1_decoder.$bitselwrite$data$asic/rtl/secded/secded_pipelined_72_64_v1.sv:138$3931' from process `\secded_pipelined_72_64_v1_decoder.$proc$asic/rtl/secded/secded_pipelined_72_64_v1.sv:114$7552'.
No latch inferred for signal `\secded_pipelined_72_64_v1_decoder.$bitselwrite$sel$asic/rtl/secded/secded_pipelined_72_64_v1.sv:138$3932' from process `\secded_pipelined_72_64_v1_decoder.$proc$asic/rtl/secded/secded_pipelined_72_64_v1.sv:114$7552'.
No latch inferred for signal `\secded_pipelined_72_64_v1_decoder.$bitselwrite$mask$asic/rtl/secded/secded_pipelined_72_64_v1.sv:138$3934' from process `\secded_pipelined_72_64_v1_decoder.$proc$asic/rtl/secded/secded_pipelined_72_64_v1.sv:114$7552'.
No latch inferred for signal `\secded_pipelined_72_64_v1_decoder.$bitselwrite$data$asic/rtl/secded/secded_pipelined_72_64_v1.sv:138$3935' from process `\secded_pipelined_72_64_v1_decoder.$proc$asic/rtl/secded/secded_pipelined_72_64_v1.sv:114$7552'.
No latch inferred for signal `\secded_pipelined_72_64_v1_decoder.$bitselwrite$sel$asic/rtl/secded/secded_pipelined_72_64_v1.sv:138$3936' from process `\secded_pipelined_72_64_v1_decoder.$proc$asic/rtl/secded/secded_pipelined_72_64_v1.sv:114$7552'.
No latch inferred for signal `\secded_pipelined_72_64_v1_decoder.$bitselwrite$mask$asic/rtl/secded/secded_pipelined_72_64_v1.sv:138$3938' from process `\secded_pipelined_72_64_v1_decoder.$proc$asic/rtl/secded/secded_pipelined_72_64_v1.sv:114$7552'.
No latch inferred for signal `\secded_pipelined_72_64_v1_decoder.$bitselwrite$data$asic/rtl/secded/secded_pipelined_72_64_v1.sv:138$3939' from process `\secded_pipelined_72_64_v1_decoder.$proc$asic/rtl/secded/secded_pipelined_72_64_v1.sv:114$7552'.
No latch inferred for signal `\secded_pipelined_72_64_v1_decoder.$bitselwrite$sel$asic/rtl/secded/secded_pipelined_72_64_v1.sv:138$3940' from process `\secded_pipelined_72_64_v1_decoder.$proc$asic/rtl/secded/secded_pipelined_72_64_v1.sv:114$7552'.
No latch inferred for signal `\secded_pipelined_72_64_v1_decoder.$bitselwrite$mask$asic/rtl/secded/secded_pipelined_72_64_v1.sv:138$3942' from process `\secded_pipelined_72_64_v1_decoder.$proc$asic/rtl/secded/secded_pipelined_72_64_v1.sv:114$7552'.
No latch inferred for signal `\secded_pipelined_72_64_v1_decoder.$bitselwrite$data$asic/rtl/secded/secded_pipelined_72_64_v1.sv:138$3943' from process `\secded_pipelined_72_64_v1_decoder.$proc$asic/rtl/secded/secded_pipelined_72_64_v1.sv:114$7552'.
No latch inferred for signal `\secded_pipelined_72_64_v1_decoder.$bitselwrite$sel$asic/rtl/secded/secded_pipelined_72_64_v1.sv:138$3944' from process `\secded_pipelined_72_64_v1_decoder.$proc$asic/rtl/secded/secded_pipelined_72_64_v1.sv:114$7552'.
No latch inferred for signal `\secded_pipelined_72_64_v1_decoder.$bitselwrite$mask$asic/rtl/secded/secded_pipelined_72_64_v1.sv:138$3946' from process `\secded_pipelined_72_64_v1_decoder.$proc$asic/rtl/secded/secded_pipelined_72_64_v1.sv:114$7552'.
No latch inferred for signal `\secded_pipelined_72_64_v1_decoder.$bitselwrite$data$asic/rtl/secded/secded_pipelined_72_64_v1.sv:138$3947' from process `\secded_pipelined_72_64_v1_decoder.$proc$asic/rtl/secded/secded_pipelined_72_64_v1.sv:114$7552'.
No latch inferred for signal `\secded_pipelined_72_64_v1_decoder.$bitselwrite$sel$asic/rtl/secded/secded_pipelined_72_64_v1.sv:138$3948' from process `\secded_pipelined_72_64_v1_decoder.$proc$asic/rtl/secded/secded_pipelined_72_64_v1.sv:114$7552'.
No latch inferred for signal `\secded_pipelined_72_64_v1_decoder.$bitselwrite$mask$asic/rtl/secded/secded_pipelined_72_64_v1.sv:138$3950' from process `\secded_pipelined_72_64_v1_decoder.$proc$asic/rtl/secded/secded_pipelined_72_64_v1.sv:114$7552'.
No latch inferred for signal `\secded_pipelined_72_64_v1_decoder.$bitselwrite$data$asic/rtl/secded/secded_pipelined_72_64_v1.sv:138$3951' from process `\secded_pipelined_72_64_v1_decoder.$proc$asic/rtl/secded/secded_pipelined_72_64_v1.sv:114$7552'.
No latch inferred for signal `\secded_pipelined_72_64_v1_decoder.$bitselwrite$sel$asic/rtl/secded/secded_pipelined_72_64_v1.sv:138$3952' from process `\secded_pipelined_72_64_v1_decoder.$proc$asic/rtl/secded/secded_pipelined_72_64_v1.sv:114$7552'.
No latch inferred for signal `\secded_pipelined_72_64_v1_decoder.$bitselwrite$mask$asic/rtl/secded/secded_pipelined_72_64_v1.sv:138$3954' from process `\secded_pipelined_72_64_v1_decoder.$proc$asic/rtl/secded/secded_pipelined_72_64_v1.sv:114$7552'.
No latch inferred for signal `\secded_pipelined_72_64_v1_decoder.$bitselwrite$data$asic/rtl/secded/secded_pipelined_72_64_v1.sv:138$3955' from process `\secded_pipelined_72_64_v1_decoder.$proc$asic/rtl/secded/secded_pipelined_72_64_v1.sv:114$7552'.
No latch inferred for signal `\secded_pipelined_72_64_v1_decoder.$bitselwrite$sel$asic/rtl/secded/secded_pipelined_72_64_v1.sv:138$3956' from process `\secded_pipelined_72_64_v1_decoder.$proc$asic/rtl/secded/secded_pipelined_72_64_v1.sv:114$7552'.
No latch inferred for signal `\secded_pipelined_72_64_v1_decoder.$bitselwrite$mask$asic/rtl/secded/secded_pipelined_72_64_v1.sv:138$3958' from process `\secded_pipelined_72_64_v1_decoder.$proc$asic/rtl/secded/secded_pipelined_72_64_v1.sv:114$7552'.
No latch inferred for signal `\secded_pipelined_72_64_v1_decoder.$bitselwrite$data$asic/rtl/secded/secded_pipelined_72_64_v1.sv:138$3959' from process `\secded_pipelined_72_64_v1_decoder.$proc$asic/rtl/secded/secded_pipelined_72_64_v1.sv:114$7552'.
No latch inferred for signal `\secded_pipelined_72_64_v1_decoder.$bitselwrite$sel$asic/rtl/secded/secded_pipelined_72_64_v1.sv:138$3960' from process `\secded_pipelined_72_64_v1_decoder.$proc$asic/rtl/secded/secded_pipelined_72_64_v1.sv:114$7552'.
No latch inferred for signal `\secded_pipelined_72_64_v1_decoder.$bitselwrite$mask$asic/rtl/secded/secded_pipelined_72_64_v1.sv:138$3962' from process `\secded_pipelined_72_64_v1_decoder.$proc$asic/rtl/secded/secded_pipelined_72_64_v1.sv:114$7552'.
No latch inferred for signal `\secded_pipelined_72_64_v1_decoder.$bitselwrite$data$asic/rtl/secded/secded_pipelined_72_64_v1.sv:138$3963' from process `\secded_pipelined_72_64_v1_decoder.$proc$asic/rtl/secded/secded_pipelined_72_64_v1.sv:114$7552'.
No latch inferred for signal `\secded_pipelined_72_64_v1_decoder.$bitselwrite$sel$asic/rtl/secded/secded_pipelined_72_64_v1.sv:138$3964' from process `\secded_pipelined_72_64_v1_decoder.$proc$asic/rtl/secded/secded_pipelined_72_64_v1.sv:114$7552'.
No latch inferred for signal `\secded_pipelined_72_64_v1_decoder.$bitselwrite$mask$asic/rtl/secded/secded_pipelined_72_64_v1.sv:138$3966' from process `\secded_pipelined_72_64_v1_decoder.$proc$asic/rtl/secded/secded_pipelined_72_64_v1.sv:114$7552'.
No latch inferred for signal `\secded_pipelined_72_64_v1_decoder.$bitselwrite$data$asic/rtl/secded/secded_pipelined_72_64_v1.sv:138$3967' from process `\secded_pipelined_72_64_v1_decoder.$proc$asic/rtl/secded/secded_pipelined_72_64_v1.sv:114$7552'.
No latch inferred for signal `\secded_pipelined_72_64_v1_decoder.$bitselwrite$sel$asic/rtl/secded/secded_pipelined_72_64_v1.sv:138$3968' from process `\secded_pipelined_72_64_v1_decoder.$proc$asic/rtl/secded/secded_pipelined_72_64_v1.sv:114$7552'.
No latch inferred for signal `\secded_pipelined_72_64_v1_decoder.$bitselwrite$mask$asic/rtl/secded/secded_pipelined_72_64_v1.sv:138$3970' from process `\secded_pipelined_72_64_v1_decoder.$proc$asic/rtl/secded/secded_pipelined_72_64_v1.sv:114$7552'.
No latch inferred for signal `\secded_pipelined_72_64_v1_decoder.$bitselwrite$data$asic/rtl/secded/secded_pipelined_72_64_v1.sv:138$3971' from process `\secded_pipelined_72_64_v1_decoder.$proc$asic/rtl/secded/secded_pipelined_72_64_v1.sv:114$7552'.
No latch inferred for signal `\secded_pipelined_72_64_v1_decoder.$bitselwrite$sel$asic/rtl/secded/secded_pipelined_72_64_v1.sv:138$3972' from process `\secded_pipelined_72_64_v1_decoder.$proc$asic/rtl/secded/secded_pipelined_72_64_v1.sv:114$7552'.
No latch inferred for signal `\secded_pipelined_72_64_v1_decoder.$bitselwrite$mask$asic/rtl/secded/secded_pipelined_72_64_v1.sv:138$3974' from process `\secded_pipelined_72_64_v1_decoder.$proc$asic/rtl/secded/secded_pipelined_72_64_v1.sv:114$7552'.
No latch inferred for signal `\secded_pipelined_72_64_v1_decoder.$bitselwrite$data$asic/rtl/secded/secded_pipelined_72_64_v1.sv:138$3975' from process `\secded_pipelined_72_64_v1_decoder.$proc$asic/rtl/secded/secded_pipelined_72_64_v1.sv:114$7552'.
No latch inferred for signal `\secded_pipelined_72_64_v1_decoder.$bitselwrite$sel$asic/rtl/secded/secded_pipelined_72_64_v1.sv:138$3976' from process `\secded_pipelined_72_64_v1_decoder.$proc$asic/rtl/secded/secded_pipelined_72_64_v1.sv:114$7552'.
No latch inferred for signal `\secded_pipelined_72_64_v1_decoder.$bitselwrite$mask$asic/rtl/secded/secded_pipelined_72_64_v1.sv:138$3978' from process `\secded_pipelined_72_64_v1_decoder.$proc$asic/rtl/secded/secded_pipelined_72_64_v1.sv:114$7552'.
No latch inferred for signal `\secded_pipelined_72_64_v1_decoder.$bitselwrite$data$asic/rtl/secded/secded_pipelined_72_64_v1.sv:138$3979' from process `\secded_pipelined_72_64_v1_decoder.$proc$asic/rtl/secded/secded_pipelined_72_64_v1.sv:114$7552'.
No latch inferred for signal `\secded_pipelined_72_64_v1_decoder.$bitselwrite$sel$asic/rtl/secded/secded_pipelined_72_64_v1.sv:138$3980' from process `\secded_pipelined_72_64_v1_decoder.$proc$asic/rtl/secded/secded_pipelined_72_64_v1.sv:114$7552'.
No latch inferred for signal `\secded_pipelined_72_64_v1_decoder.$bitselwrite$mask$asic/rtl/secded/secded_pipelined_72_64_v1.sv:138$3982' from process `\secded_pipelined_72_64_v1_decoder.$proc$asic/rtl/secded/secded_pipelined_72_64_v1.sv:114$7552'.
No latch inferred for signal `\secded_pipelined_72_64_v1_decoder.$bitselwrite$data$asic/rtl/secded/secded_pipelined_72_64_v1.sv:138$3983' from process `\secded_pipelined_72_64_v1_decoder.$proc$asic/rtl/secded/secded_pipelined_72_64_v1.sv:114$7552'.
No latch inferred for signal `\secded_pipelined_72_64_v1_decoder.$bitselwrite$sel$asic/rtl/secded/secded_pipelined_72_64_v1.sv:138$3984' from process `\secded_pipelined_72_64_v1_decoder.$proc$asic/rtl/secded/secded_pipelined_72_64_v1.sv:114$7552'.
No latch inferred for signal `\secded_pipelined_72_64_v1_decoder.$bitselwrite$mask$asic/rtl/secded/secded_pipelined_72_64_v1.sv:138$3987' from process `\secded_pipelined_72_64_v1_decoder.$proc$asic/rtl/secded/secded_pipelined_72_64_v1.sv:114$7552'.
No latch inferred for signal `\secded_pipelined_72_64_v1_decoder.$bitselwrite$data$asic/rtl/secded/secded_pipelined_72_64_v1.sv:138$3988' from process `\secded_pipelined_72_64_v1_decoder.$proc$asic/rtl/secded/secded_pipelined_72_64_v1.sv:114$7552'.
No latch inferred for signal `\secded_pipelined_72_64_v1_decoder.$bitselwrite$sel$asic/rtl/secded/secded_pipelined_72_64_v1.sv:138$3989' from process `\secded_pipelined_72_64_v1_decoder.$proc$asic/rtl/secded/secded_pipelined_72_64_v1.sv:114$7552'.
No latch inferred for signal `\secded_pipelined_72_64_v1_decoder.$bitselwrite$mask$asic/rtl/secded/secded_pipelined_72_64_v1.sv:138$3991' from process `\secded_pipelined_72_64_v1_decoder.$proc$asic/rtl/secded/secded_pipelined_72_64_v1.sv:114$7552'.
No latch inferred for signal `\secded_pipelined_72_64_v1_decoder.$bitselwrite$data$asic/rtl/secded/secded_pipelined_72_64_v1.sv:138$3992' from process `\secded_pipelined_72_64_v1_decoder.$proc$asic/rtl/secded/secded_pipelined_72_64_v1.sv:114$7552'.
No latch inferred for signal `\secded_pipelined_72_64_v1_decoder.$bitselwrite$sel$asic/rtl/secded/secded_pipelined_72_64_v1.sv:138$3993' from process `\secded_pipelined_72_64_v1_decoder.$proc$asic/rtl/secded/secded_pipelined_72_64_v1.sv:114$7552'.
No latch inferred for signal `\secded_pipelined_72_64_v1_decoder.$bitselwrite$mask$asic/rtl/secded/secded_pipelined_72_64_v1.sv:138$3995' from process `\secded_pipelined_72_64_v1_decoder.$proc$asic/rtl/secded/secded_pipelined_72_64_v1.sv:114$7552'.
No latch inferred for signal `\secded_pipelined_72_64_v1_decoder.$bitselwrite$data$asic/rtl/secded/secded_pipelined_72_64_v1.sv:138$3996' from process `\secded_pipelined_72_64_v1_decoder.$proc$asic/rtl/secded/secded_pipelined_72_64_v1.sv:114$7552'.
No latch inferred for signal `\secded_pipelined_72_64_v1_decoder.$bitselwrite$sel$asic/rtl/secded/secded_pipelined_72_64_v1.sv:138$3997' from process `\secded_pipelined_72_64_v1_decoder.$proc$asic/rtl/secded/secded_pipelined_72_64_v1.sv:114$7552'.
No latch inferred for signal `\secded_pipelined_72_64_v1_decoder.$bitselwrite$mask$asic/rtl/secded/secded_pipelined_72_64_v1.sv:138$3999' from process `\secded_pipelined_72_64_v1_decoder.$proc$asic/rtl/secded/secded_pipelined_72_64_v1.sv:114$7552'.
No latch inferred for signal `\secded_pipelined_72_64_v1_decoder.$bitselwrite$data$asic/rtl/secded/secded_pipelined_72_64_v1.sv:138$4000' from process `\secded_pipelined_72_64_v1_decoder.$proc$asic/rtl/secded/secded_pipelined_72_64_v1.sv:114$7552'.
No latch inferred for signal `\secded_pipelined_72_64_v1_decoder.$bitselwrite$sel$asic/rtl/secded/secded_pipelined_72_64_v1.sv:138$4001' from process `\secded_pipelined_72_64_v1_decoder.$proc$asic/rtl/secded/secded_pipelined_72_64_v1.sv:114$7552'.
No latch inferred for signal `\secded_pipelined_72_64_v1_decoder.$bitselwrite$mask$asic/rtl/secded/secded_pipelined_72_64_v1.sv:138$4003' from process `\secded_pipelined_72_64_v1_decoder.$proc$asic/rtl/secded/secded_pipelined_72_64_v1.sv:114$7552'.
No latch inferred for signal `\secded_pipelined_72_64_v1_decoder.$bitselwrite$data$asic/rtl/secded/secded_pipelined_72_64_v1.sv:138$4004' from process `\secded_pipelined_72_64_v1_decoder.$proc$asic/rtl/secded/secded_pipelined_72_64_v1.sv:114$7552'.
No latch inferred for signal `\secded_pipelined_72_64_v1_decoder.$bitselwrite$sel$asic/rtl/secded/secded_pipelined_72_64_v1.sv:138$4005' from process `\secded_pipelined_72_64_v1_decoder.$proc$asic/rtl/secded/secded_pipelined_72_64_v1.sv:114$7552'.
No latch inferred for signal `\secded_pipelined_72_64_v1_decoder.$bitselwrite$mask$asic/rtl/secded/secded_pipelined_72_64_v1.sv:138$4007' from process `\secded_pipelined_72_64_v1_decoder.$proc$asic/rtl/secded/secded_pipelined_72_64_v1.sv:114$7552'.
No latch inferred for signal `\secded_pipelined_72_64_v1_decoder.$bitselwrite$data$asic/rtl/secded/secded_pipelined_72_64_v1.sv:138$4008' from process `\secded_pipelined_72_64_v1_decoder.$proc$asic/rtl/secded/secded_pipelined_72_64_v1.sv:114$7552'.
No latch inferred for signal `\secded_pipelined_72_64_v1_decoder.$bitselwrite$sel$asic/rtl/secded/secded_pipelined_72_64_v1.sv:138$4009' from process `\secded_pipelined_72_64_v1_decoder.$proc$asic/rtl/secded/secded_pipelined_72_64_v1.sv:114$7552'.
No latch inferred for signal `\secded_pipelined_72_64_v1_decoder.$bitselwrite$mask$asic/rtl/secded/secded_pipelined_72_64_v1.sv:138$4011' from process `\secded_pipelined_72_64_v1_decoder.$proc$asic/rtl/secded/secded_pipelined_72_64_v1.sv:114$7552'.
No latch inferred for signal `\secded_pipelined_72_64_v1_decoder.$bitselwrite$data$asic/rtl/secded/secded_pipelined_72_64_v1.sv:138$4012' from process `\secded_pipelined_72_64_v1_decoder.$proc$asic/rtl/secded/secded_pipelined_72_64_v1.sv:114$7552'.
No latch inferred for signal `\secded_pipelined_72_64_v1_decoder.$bitselwrite$sel$asic/rtl/secded/secded_pipelined_72_64_v1.sv:138$4013' from process `\secded_pipelined_72_64_v1_decoder.$proc$asic/rtl/secded/secded_pipelined_72_64_v1.sv:114$7552'.
No latch inferred for signal `\secded_pipelined_72_64_v1_decoder.\position' from process `\secded_pipelined_72_64_v1_decoder.$proc$asic/rtl/secded/secded_pipelined_72_64_v1.sv:96$4014'.
No latch inferred for signal `\secded_pipelined_72_64_v1_decoder.\parity_index' from process `\secded_pipelined_72_64_v1_decoder.$proc$asic/rtl/secded/secded_pipelined_72_64_v1.sv:96$4014'.
No latch inferred for signal `\secded_pipelined_72_64_v1_decoder.\group_index' from process `\secded_pipelined_72_64_v1_decoder.$proc$asic/rtl/secded/secded_pipelined_72_64_v1.sv:96$4014'.
No latch inferred for signal `\secded_pipelined_72_64_v1_decoder.\group_offset' from process `\secded_pipelined_72_64_v1_decoder.$proc$asic/rtl/secded/secded_pipelined_72_64_v1.sv:96$4014'.
No latch inferred for signal `\secded_pipelined_72_64_v1_decoder.\syndrome_d' from process `\secded_pipelined_72_64_v1_decoder.$proc$asic/rtl/secded/secded_pipelined_72_64_v1.sv:96$4014'.
No latch inferred for signal `\secded_pipelined_72_64_v1_decoder.\overall_mismatch_d' from process `\secded_pipelined_72_64_v1_decoder.$proc$asic/rtl/secded/secded_pipelined_72_64_v1.sv:96$4014'.
No latch inferred for signal `\secded_pipelined_72_64_v1_decoder.\syndrome_group[0]' from process `\secded_pipelined_72_64_v1_decoder.$proc$asic/rtl/secded/secded_pipelined_72_64_v1.sv:96$4014'.
No latch inferred for signal `\secded_pipelined_72_64_v1_decoder.\syndrome_group[1]' from process `\secded_pipelined_72_64_v1_decoder.$proc$asic/rtl/secded/secded_pipelined_72_64_v1.sv:96$4014'.
No latch inferred for signal `\secded_pipelined_72_64_v1_decoder.\syndrome_group[2]' from process `\secded_pipelined_72_64_v1_decoder.$proc$asic/rtl/secded/secded_pipelined_72_64_v1.sv:96$4014'.
No latch inferred for signal `\secded_pipelined_72_64_v1_decoder.\syndrome_group[3]' from process `\secded_pipelined_72_64_v1_decoder.$proc$asic/rtl/secded/secded_pipelined_72_64_v1.sv:96$4014'.
No latch inferred for signal `\secded_pipelined_72_64_v1_decoder.\syndrome_group[4]' from process `\secded_pipelined_72_64_v1_decoder.$proc$asic/rtl/secded/secded_pipelined_72_64_v1.sv:96$4014'.
No latch inferred for signal `\secded_pipelined_72_64_v1_decoder.\syndrome_group[5]' from process `\secded_pipelined_72_64_v1_decoder.$proc$asic/rtl/secded/secded_pipelined_72_64_v1.sv:96$4014'.
No latch inferred for signal `\secded_pipelined_72_64_v1_decoder.\syndrome_group[6]' from process `\secded_pipelined_72_64_v1_decoder.$proc$asic/rtl/secded/secded_pipelined_72_64_v1.sv:96$4014'.
No latch inferred for signal `\secded_pipelined_72_64_v1_encoder.\positional_d' from process `\secded_pipelined_72_64_v1_encoder.$proc$asic/rtl/secded/secded_pipelined_72_64_v1.sv:26$82'.
No latch inferred for signal `\secded_pipelined_72_64_v1_encoder.\parity_d' from process `\secded_pipelined_72_64_v1_encoder.$proc$asic/rtl/secded/secded_pipelined_72_64_v1.sv:26$82'.
No latch inferred for signal `\secded_pipelined_72_64_v1_encoder.\data_index' from process `\secded_pipelined_72_64_v1_encoder.$proc$asic/rtl/secded/secded_pipelined_72_64_v1.sv:26$82'.
No latch inferred for signal `\secded_pipelined_72_64_v1_encoder.\position' from process `\secded_pipelined_72_64_v1_encoder.$proc$asic/rtl/secded/secded_pipelined_72_64_v1.sv:26$82'.
No latch inferred for signal `\secded_pipelined_72_64_v1_encoder.\parity_index' from process `\secded_pipelined_72_64_v1_encoder.$proc$asic/rtl/secded/secded_pipelined_72_64_v1.sv:26$82'.
No latch inferred for signal `\secded_pipelined_72_64_v1_encoder.\group_index' from process `\secded_pipelined_72_64_v1_encoder.$proc$asic/rtl/secded/secded_pipelined_72_64_v1.sv:26$82'.
No latch inferred for signal `\secded_pipelined_72_64_v1_encoder.\group_offset' from process `\secded_pipelined_72_64_v1_encoder.$proc$asic/rtl/secded/secded_pipelined_72_64_v1.sv:26$82'.
No latch inferred for signal `\secded_pipelined_72_64_v1_encoder.\parity_group[0]' from process `\secded_pipelined_72_64_v1_encoder.$proc$asic/rtl/secded/secded_pipelined_72_64_v1.sv:26$82'.
No latch inferred for signal `\secded_pipelined_72_64_v1_encoder.\parity_group[1]' from process `\secded_pipelined_72_64_v1_encoder.$proc$asic/rtl/secded/secded_pipelined_72_64_v1.sv:26$82'.
No latch inferred for signal `\secded_pipelined_72_64_v1_encoder.\parity_group[2]' from process `\secded_pipelined_72_64_v1_encoder.$proc$asic/rtl/secded/secded_pipelined_72_64_v1.sv:26$82'.
No latch inferred for signal `\secded_pipelined_72_64_v1_encoder.\parity_group[3]' from process `\secded_pipelined_72_64_v1_encoder.$proc$asic/rtl/secded/secded_pipelined_72_64_v1.sv:26$82'.
No latch inferred for signal `\secded_pipelined_72_64_v1_encoder.\parity_group[4]' from process `\secded_pipelined_72_64_v1_encoder.$proc$asic/rtl/secded/secded_pipelined_72_64_v1.sv:26$82'.
No latch inferred for signal `\secded_pipelined_72_64_v1_encoder.\parity_group[5]' from process `\secded_pipelined_72_64_v1_encoder.$proc$asic/rtl/secded/secded_pipelined_72_64_v1.sv:26$82'.
No latch inferred for signal `\secded_pipelined_72_64_v1_encoder.\parity_group[6]' from process `\secded_pipelined_72_64_v1_encoder.$proc$asic/rtl/secded/secded_pipelined_72_64_v1.sv:26$82'.

4.9. Executing PROC_DFF pass (convert process syncs to FFs).
Creating register for signal `\secded_pipelined_72_64_v1_decoder.\stage1_valid_q' using process `\secded_pipelined_72_64_v1_decoder.$proc$asic/rtl/secded/secded_pipelined_72_64_v1.sv:144$8673'.
  created $dff cell `$procdff$14114' with positive edge clock.
Creating register for signal `\secded_pipelined_72_64_v1_decoder.\stage2_valid_q' using process `\secded_pipelined_72_64_v1_decoder.$proc$asic/rtl/secded/secded_pipelined_72_64_v1.sv:144$8673'.
  created $dff cell `$procdff$14115' with positive edge clock.
Creating register for signal `\secded_pipelined_72_64_v1_decoder.\syndrome_q' using process `\secded_pipelined_72_64_v1_decoder.$proc$asic/rtl/secded/secded_pipelined_72_64_v1.sv:144$8673'.
  created $dff cell `$procdff$14116' with positive edge clock.
Creating register for signal `\secded_pipelined_72_64_v1_decoder.\overall_mismatch_q' using process `\secded_pipelined_72_64_v1_decoder.$proc$asic/rtl/secded/secded_pipelined_72_64_v1.sv:144$8673'.
  created $dff cell `$procdff$14117' with positive edge clock.
Creating register for signal `\secded_pipelined_72_64_v1_decoder.\received_q' using process `\secded_pipelined_72_64_v1_decoder.$proc$asic/rtl/secded/secded_pipelined_72_64_v1.sv:144$8673'.
  created $dff cell `$procdff$14118' with positive edge clock.
Creating register for signal `\secded_pipelined_72_64_v1_decoder.\corrected_q' using process `\secded_pipelined_72_64_v1_decoder.$proc$asic/rtl/secded/secded_pipelined_72_64_v1.sv:144$8673'.
  created $dff cell `$procdff$14119' with positive edge clock.
Creating register for signal `\secded_pipelined_72_64_v1_decoder.\data_q' using process `\secded_pipelined_72_64_v1_decoder.$proc$asic/rtl/secded/secded_pipelined_72_64_v1.sv:144$8673'.
  created $dff cell `$procdff$14120' with positive edge clock.
Creating register for signal `\secded_pipelined_72_64_v1_decoder.\detected_q' using process `\secded_pipelined_72_64_v1_decoder.$proc$asic/rtl/secded/secded_pipelined_72_64_v1.sv:144$8673'.
  created $dff cell `$procdff$14121' with positive edge clock.
Creating register for signal `\secded_pipelined_72_64_v1_decoder.\corrected_flag_q' using process `\secded_pipelined_72_64_v1_decoder.$proc$asic/rtl/secded/secded_pipelined_72_64_v1.sv:144$8673'.
  created $dff cell `$procdff$14122' with positive edge clock.
Creating register for signal `\secded_pipelined_72_64_v1_decoder.\uncorrectable_q' using process `\secded_pipelined_72_64_v1_decoder.$proc$asic/rtl/secded/secded_pipelined_72_64_v1.sv:144$8673'.
  created $dff cell `$procdff$14123' with positive edge clock.
Creating register for signal `\secded_pipelined_72_64_v1_encoder.\positional_q' using process `\secded_pipelined_72_64_v1_encoder.$proc$asic/rtl/secded/secded_pipelined_72_64_v1.sv:56$3746'.
  created $dff cell `$procdff$14124' with positive edge clock.
Creating register for signal `\secded_pipelined_72_64_v1_encoder.\stage1_valid_q' using process `\secded_pipelined_72_64_v1_encoder.$proc$asic/rtl/secded/secded_pipelined_72_64_v1.sv:56$3746'.
  created $dff cell `$procdff$14125' with positive edge clock.
Creating register for signal `\secded_pipelined_72_64_v1_encoder.\stage2_valid_q' using process `\secded_pipelined_72_64_v1_encoder.$proc$asic/rtl/secded/secded_pipelined_72_64_v1.sv:56$3746'.
  created $dff cell `$procdff$14126' with positive edge clock.
Creating register for signal `\secded_pipelined_72_64_v1_encoder.\stage2_codeword_q' using process `\secded_pipelined_72_64_v1_encoder.$proc$asic/rtl/secded/secded_pipelined_72_64_v1.sv:56$3746'.
  created $dff cell `$procdff$14127' with positive edge clock.

4.10. Executing PROC_MEMWR pass (convert process memory writes to cells).

4.11. Executing PROC_CLEAN pass (remove empty switches from decision trees).
Removing empty process `secded_pipelined_72_64_v1_decoder.$proc$asic/rtl/secded/secded_pipelined_72_64_v1.sv:144$8673'.
Found and cleaned up 68 empty switches in `\secded_pipelined_72_64_v1_decoder.$proc$asic/rtl/secded/secded_pipelined_72_64_v1.sv:114$7552'.
Removing empty process `secded_pipelined_72_64_v1_decoder.$proc$asic/rtl/secded/secded_pipelined_72_64_v1.sv:114$7552'.
Found and cleaned up 504 empty switches in `\secded_pipelined_72_64_v1_decoder.$proc$asic/rtl/secded/secded_pipelined_72_64_v1.sv:96$4014'.
Removing empty process `secded_pipelined_72_64_v1_decoder.$proc$asic/rtl/secded/secded_pipelined_72_64_v1.sv:96$4014'.
Removing empty process `secded_pipelined_72_64_v1_encoder.$proc$asic/rtl/secded/secded_pipelined_72_64_v1.sv:56$3746'.
Found and cleaned up 504 empty switches in `\secded_pipelined_72_64_v1_encoder.$proc$asic/rtl/secded/secded_pipelined_72_64_v1.sv:26$82'.
Removing empty process `secded_pipelined_72_64_v1_encoder.$proc$asic/rtl/secded/secded_pipelined_72_64_v1.sv:26$82'.
Cleaned up 1076 empty switches.

4.12. Executing OPT_EXPR pass (perform const folding).
Optimizing module gate03r_secded_pipelined_combined.
Optimizing module secded_pipelined_72_64_v1_decoder.
<suppressed ~4939 debug messages>
Optimizing module secded_pipelined_72_64_v1_encoder.
<suppressed ~4444 debug messages>

5. Executing FLATTEN pass (flatten design).
Deleting now unused module secded_pipelined_72_64_v1_decoder.
Deleting now unused module secded_pipelined_72_64_v1_encoder.
<suppressed ~2 debug messages>

6. Executing OPT pass (performing simple optimizations).

6.1. Executing OPT_EXPR pass (perform const folding).
Optimizing module gate03r_secded_pipelined_combined.
<suppressed ~6 debug messages>

6.2. Executing OPT_MERGE pass (detect identical cells).
Finding identical cells in module `\gate03r_secded_pipelined_combined'.
<suppressed ~267 debug messages>
Removed a total of 89 cells.

6.3. Executing OPT_MUXTREE pass (detect dead branches in mux trees).
Running muxtree optimizer on module \gate03r_secded_pipelined_combined..
  Creating internal representation of mux trees.
  Evaluating internal representation of mux trees.
  Analyzing evaluation results.
    dead port 1/2 on $mux $flatten\decoder.$procmux$11053.
    dead port 2/2 on $mux $flatten\decoder.$procmux$11053.
    dead port 1/2 on $mux $flatten\decoder.$procmux$11016.
    dead port 1/2 on $mux $flatten\decoder.$procmux$11070.
    dead port 2/2 on $mux $flatten\decoder.$procmux$11070.
    dead port 1/2 on $mux $flatten\decoder.$procmux$11061.
    dead port 2/2 on $mux $flatten\decoder.$procmux$11061.
    dead port 1/2 on $mux $flatten\decoder.$procmux$11065.
    dead port 2/2 on $mux $flatten\decoder.$procmux$11065.
    dead port 1/2 on $mux $flatten\decoder.$procmux$11019.
    dead port 1/2 on $mux $flatten\decoder.$procmux$11067.
    dead port 2/2 on $mux $flatten\decoder.$procmux$11067.
    dead port 1/2 on $mux $flatten\decoder.$procmux$11037.
    dead port 2/2 on $mux $flatten\decoder.$procmux$11049.
    dead port 1/2 on $mux $flatten\decoder.$procmux$11055.
    dead port 2/2 on $mux $flatten\decoder.$procmux$11055.
    dead port 2/2 on $mux $flatten\decoder.$procmux$11085.
    dead port 1/2 on $mux $flatten\decoder.$procmux$11025.
    dead port 1/2 on $mux $flatten\decoder.$procmux$11031.
    dead port 1/2 on $mux $flatten\decoder.$procmux$11059.
    dead port 2/2 on $mux $flatten\decoder.$procmux$11059.
    dead port 1/2 on $mux $flatten\decoder.$procmux$11076.
    dead port 2/2 on $mux $flatten\decoder.$procmux$11076.
    dead port 1/2 on $mux $flatten\decoder.$procmux$11073.
    dead port 2/2 on $mux $flatten\decoder.$procmux$11073.
Removed 25 multiplexer ports.
<suppressed ~5 debug messages>

6.4. Executing OPT_REDUCE pass (consolidate $*mux and $reduce_* inputs).
  Optimizing cells in module \gate03r_secded_pipelined_combined.
Performed a total of 0 changes.

6.5. Executing OPT_MERGE pass (detect identical cells).
Finding identical cells in module `\gate03r_secded_pipelined_combined'.
<suppressed ~3 debug messages>
Removed a total of 1 cells.

6.6. Executing OPT_DFF pass (perform DFF optimizations).
Adding SRST signal on $flatten\decoder.$procdff$14123 ($dff) from module gate03r_secded_pipelined_combined (D = $flatten\decoder.$2\uncorrectable_d[0:0], Q = \decoder.uncorrectable_q, rval = 1'0).

6.7. Executing OPT_CLEAN pass (remove unused cells and wires).
Finding unused cells or wires in module \gate03r_secded_pipelined_combined..
Removed 116 unused cells and 11639 unused wires.
<suppressed ~122 debug messages>

6.8. Executing OPT_EXPR pass (perform const folding).
Optimizing module gate03r_secded_pipelined_combined.

6.9. Rerunning OPT passes. (Maybe there is more to do..)

6.10. Executing OPT_MUXTREE pass (detect dead branches in mux trees).
Running muxtree optimizer on module \gate03r_secded_pipelined_combined..
  Creating internal representation of mux trees.
  Evaluating internal representation of mux trees.
  Analyzing evaluation results.
Removed 0 multiplexer ports.
<suppressed ~6 debug messages>

6.11. Executing OPT_REDUCE pass (consolidate $*mux and $reduce_* inputs).
  Optimizing cells in module \gate03r_secded_pipelined_combined.
Performed a total of 0 changes.

6.12. Executing OPT_MERGE pass (detect identical cells).
Finding identical cells in module `\gate03r_secded_pipelined_combined'.
Removed a total of 0 cells.

6.13. Executing OPT_DFF pass (perform DFF optimizations).
Adding SRST signal on $auto$ff.cc:266:slice$14128 ($sdff) from module gate03r_secded_pipelined_combined (D = $flatten\decoder.$3\uncorrectable_d[0:0], Q = \decoder.uncorrectable_q, rval = 1'0).

6.14. Executing OPT_CLEAN pass (remove unused cells and wires).
Finding unused cells or wires in module \gate03r_secded_pipelined_combined..
Removed 1 unused cells and 1 unused wires.
<suppressed ~2 debug messages>

6.15. Executing OPT_EXPR pass (perform const folding).
Optimizing module gate03r_secded_pipelined_combined.

6.16. Rerunning OPT passes. (Maybe there is more to do..)

6.17. Executing OPT_MUXTREE pass (detect dead branches in mux trees).
Running muxtree optimizer on module \gate03r_secded_pipelined_combined..
  Creating internal representation of mux trees.
  Evaluating internal representation of mux trees.
  Analyzing evaluation results.
Removed 0 multiplexer ports.
<suppressed ~6 debug messages>

6.18. Executing OPT_REDUCE pass (consolidate $*mux and $reduce_* inputs).
  Optimizing cells in module \gate03r_secded_pipelined_combined.
Performed a total of 0 changes.

6.19. Executing OPT_MERGE pass (detect identical cells).
Finding identical cells in module `\gate03r_secded_pipelined_combined'.
Removed a total of 0 cells.

6.20. Executing OPT_DFF pass (perform DFF optimizations).

6.21. Executing OPT_CLEAN pass (remove unused cells and wires).
Finding unused cells or wires in module \gate03r_secded_pipelined_combined..

6.22. Executing OPT_EXPR pass (perform const folding).
Optimizing module gate03r_secded_pipelined_combined.

6.23. Finished OPT passes. (There is nothing left to do.)

7. Executing SYNTH pass.

7.1. Executing HIERARCHY pass (managing design hierarchy).

7.1.1. Analyzing design hierarchy..
Top module:  \gate03r_secded_pipelined_combined

7.1.2. Analyzing design hierarchy..
Top module:  \gate03r_secded_pipelined_combined
Removed 0 unused modules.

7.2. Executing PROC pass (convert processes to netlists).

7.2.1. Executing PROC_CLEAN pass (remove empty switches from decision trees).
Cleaned up 0 empty switches.

7.2.2. Executing PROC_RMDEAD pass (remove dead branches from decision trees).
Removed a total of 0 dead cases.

7.2.3. Executing PROC_PRUNE pass (remove redundant assignments in processes).
Removed 0 redundant assignments.
Promoted 0 assignments to connections.

7.2.4. Executing PROC_INIT pass (extract init attributes).

7.2.5. Executing PROC_ARST pass (detect async resets in processes).

7.2.6. Executing PROC_ROM pass (convert switches to ROMs).
Converted 0 switches.

7.2.7. Executing PROC_MUX pass (convert decision trees to multiplexers).

7.2.8. Executing PROC_DLATCH pass (convert process syncs to latches).

7.2.9. Executing PROC_DFF pass (convert process syncs to FFs).

7.2.10. Executing PROC_MEMWR pass (convert process memory writes to cells).

7.2.11. Executing PROC_CLEAN pass (remove empty switches from decision trees).
Cleaned up 0 empty switches.

7.2.12. Executing OPT_EXPR pass (perform const folding).
Optimizing module gate03r_secded_pipelined_combined.

7.3. Executing FLATTEN pass (flatten design).

7.4. Executing OPT_EXPR pass (perform const folding).
Optimizing module gate03r_secded_pipelined_combined.

7.5. Executing OPT_CLEAN pass (remove unused cells and wires).
Finding unused cells or wires in module \gate03r_secded_pipelined_combined..

7.6. Executing CHECK pass (checking for obvious problems).
Checking module gate03r_secded_pipelined_combined...
Found and reported 0 problems.

7.7. Executing OPT pass (performing simple optimizations).

7.7.1. Executing OPT_EXPR pass (perform const folding).
Optimizing module gate03r_secded_pipelined_combined.

7.7.2. Executing OPT_MERGE pass (detect identical cells).
Finding identical cells in module `\gate03r_secded_pipelined_combined'.
Removed a total of 0 cells.

7.7.3. Executing OPT_MUXTREE pass (detect dead branches in mux trees).
Running muxtree optimizer on module \gate03r_secded_pipelined_combined..
  Creating internal representation of mux trees.
  Evaluating internal representation of mux trees.
  Analyzing evaluation results.
Removed 0 multiplexer ports.
<suppressed ~6 debug messages>

7.7.4. Executing OPT_REDUCE pass (consolidate $*mux and $reduce_* inputs).
  Optimizing cells in module \gate03r_secded_pipelined_combined.
Performed a total of 0 changes.

7.7.5. Executing OPT_MERGE pass (detect identical cells).
Finding identical cells in module `\gate03r_secded_pipelined_combined'.
Removed a total of 0 cells.

7.7.6. Executing OPT_DFF pass (perform DFF optimizations).

7.7.7. Executing OPT_CLEAN pass (remove unused cells and wires).
Finding unused cells or wires in module \gate03r_secded_pipelined_combined..

7.7.8. Executing OPT_EXPR pass (perform const folding).
Optimizing module gate03r_secded_pipelined_combined.

7.7.9. Finished OPT passes. (There is nothing left to do.)

7.8. Executing FSM pass (extract and optimize FSM).

7.8.1. Executing FSM_DETECT pass (finding FSMs in design).

7.8.2. Executing FSM_EXTRACT pass (extracting FSM from design).

7.8.3. Executing FSM_OPT pass (simple optimizations of FSMs).

7.8.4. Executing OPT_CLEAN pass (remove unused cells and wires).
Finding unused cells or wires in module \gate03r_secded_pipelined_combined..

7.8.5. Executing FSM_OPT pass (simple optimizations of FSMs).

7.8.6. Executing FSM_RECODE pass (re-assigning FSM state encoding).

7.8.7. Executing FSM_INFO pass (dumping all available information on FSM cells).

7.8.8. Executing FSM_MAP pass (mapping FSMs to basic logic).

7.9. Executing OPT pass (performing simple optimizations).

7.9.1. Executing OPT_EXPR pass (perform const folding).
Optimizing module gate03r_secded_pipelined_combined.

7.9.2. Executing OPT_MERGE pass (detect identical cells).
Finding identical cells in module `\gate03r_secded_pipelined_combined'.
Removed a total of 0 cells.

7.9.3. Executing OPT_MUXTREE pass (detect dead branches in mux trees).
Running muxtree optimizer on module \gate03r_secded_pipelined_combined..
  Creating internal representation of mux trees.
  Evaluating internal representation of mux trees.
  Analyzing evaluation results.
Removed 0 multiplexer ports.
<suppressed ~6 debug messages>

7.9.4. Executing OPT_REDUCE pass (consolidate $*mux and $reduce_* inputs).
  Optimizing cells in module \gate03r_secded_pipelined_combined.
Performed a total of 0 changes.

7.9.5. Executing OPT_MERGE pass (detect identical cells).
Finding identical cells in module `\gate03r_secded_pipelined_combined'.
Removed a total of 0 cells.

7.9.6. Executing OPT_DFF pass (perform DFF optimizations).

7.9.7. Executing OPT_CLEAN pass (remove unused cells and wires).
Finding unused cells or wires in module \gate03r_secded_pipelined_combined..

7.9.8. Executing OPT_EXPR pass (perform const folding).
Optimizing module gate03r_secded_pipelined_combined.

7.9.9. Finished OPT passes. (There is nothing left to do.)

7.10. Executing WREDUCE pass (reducing word size of cells).
Removed top 30 bits (of 64) from port B of cell gate03r_secded_pipelined_combined.$flatten\decoder.$or$asic/rtl/secded/secded_pipelined_72_64_v1.sv:0$8251 ($or).
Removed top 60 bits (of 64) from port B of cell gate03r_secded_pipelined_combined.$flatten\decoder.$or$asic/rtl/secded/secded_pipelined_72_64_v1.sv:0$7831 ($or).
Removed top 2 bits (of 64) from port B of cell gate03r_secded_pipelined_combined.$flatten\decoder.$or$asic/rtl/secded/secded_pipelined_72_64_v1.sv:0$8643 ($or).
Removed top 28 bits (of 64) from port B of cell gate03r_secded_pipelined_combined.$flatten\decoder.$or$asic/rtl/secded/secded_pipelined_72_64_v1.sv:0$8279 ($or).
Removed top 1 bits (of 64) from port A of cell gate03r_secded_pipelined_combined.$flatten\decoder.$or$asic/rtl/secded/secded_pipelined_72_64_v1.sv:0$8671 ($or).
Removed top 48 bits (of 64) from port B of cell gate03r_secded_pipelined_combined.$flatten\decoder.$or$asic/rtl/secded/secded_pipelined_72_64_v1.sv:0$7999 ($or).
Removed top 12 bits (of 64) from port B of cell gate03r_secded_pipelined_combined.$flatten\decoder.$or$asic/rtl/secded/secded_pipelined_72_64_v1.sv:0$8503 ($or).
Removed top 15 bits (of 64) from port B of cell gate03r_secded_pipelined_combined.$flatten\decoder.$or$asic/rtl/secded/secded_pipelined_72_64_v1.sv:0$8461 ($or).
Removed top 13 bits (of 64) from port B of cell gate03r_secded_pipelined_combined.$flatten\decoder.$or$asic/rtl/secded/secded_pipelined_72_64_v1.sv:0$8489 ($or).
Removed top 34 bits (of 64) from port B of cell gate03r_secded_pipelined_combined.$flatten\decoder.$or$asic/rtl/secded/secded_pipelined_72_64_v1.sv:0$8195 ($or).
Removed top 43 bits (of 64) from port B of cell gate03r_secded_pipelined_combined.$flatten\decoder.$or$asic/rtl/secded/secded_pipelined_72_64_v1.sv:0$8069 ($or).
Removed top 36 bits (of 64) from port B of cell gate03r_secded_pipelined_combined.$flatten\decoder.$or$asic/rtl/secded/secded_pipelined_72_64_v1.sv:0$8167 ($or).
Removed top 37 bits (of 64) from port B of cell gate03r_secded_pipelined_combined.$flatten\decoder.$or$asic/rtl/secded/secded_pipelined_72_64_v1.sv:0$8153 ($or).
Removed top 24 bits (of 64) from port B of cell gate03r_secded_pipelined_combined.$flatten\decoder.$or$asic/rtl/secded/secded_pipelined_72_64_v1.sv:0$8335 ($or).
Removed top 54 bits (of 64) from port B of cell gate03r_secded_pipelined_combined.$flatten\decoder.$or$asic/rtl/secded/secded_pipelined_72_64_v1.sv:0$7915 ($or).
Removed top 38 bits (of 64) from port B of cell gate03r_secded_pipelined_combined.$flatten\decoder.$or$asic/rtl/secded/secded_pipelined_72_64_v1.sv:0$8139 ($or).
Removed top 39 bits (of 64) from port B of cell gate03r_secded_pipelined_combined.$flatten\decoder.$or$asic/rtl/secded/secded_pipelined_72_64_v1.sv:0$8125 ($or).
Removed top 1 bits (of 64) from port B of cell gate03r_secded_pipelined_combined.$flatten\decoder.$or$asic/rtl/secded/secded_pipelined_72_64_v1.sv:0$8657 ($or).
Removed top 1 bits (of 64) from port Y of cell gate03r_secded_pipelined_combined.$flatten\decoder.$or$asic/rtl/secded/secded_pipelined_72_64_v1.sv:0$8657 ($or).
Removed top 2 bits (of 64) from port A of cell gate03r_secded_pipelined_combined.$flatten\decoder.$or$asic/rtl/secded/secded_pipelined_72_64_v1.sv:0$8657 ($or).
Removed top 9 bits (of 64) from port B of cell gate03r_secded_pipelined_combined.$flatten\decoder.$or$asic/rtl/secded/secded_pipelined_72_64_v1.sv:0$8545 ($or).
Removed top 41 bits (of 64) from port B of cell gate03r_secded_pipelined_combined.$flatten\decoder.$or$asic/rtl/secded/secded_pipelined_72_64_v1.sv:0$8097 ($or).
Removed top 50 bits (of 64) from port B of cell gate03r_secded_pipelined_combined.$flatten\decoder.$or$asic/rtl/secded/secded_pipelined_72_64_v1.sv:0$7971 ($or).
Removed top 56 bits (of 64) from port B of cell gate03r_secded_pipelined_combined.$flatten\decoder.$or$asic/rtl/secded/secded_pipelined_72_64_v1.sv:0$7887 ($or).
Removed top 19 bits (of 64) from port B of cell gate03r_secded_pipelined_combined.$flatten\decoder.$or$asic/rtl/secded/secded_pipelined_72_64_v1.sv:0$8405 ($or).
Removed top 17 bits (of 64) from port B of cell gate03r_secded_pipelined_combined.$flatten\decoder.$or$asic/rtl/secded/secded_pipelined_72_64_v1.sv:0$8433 ($or).
Removed top 47 bits (of 64) from port B of cell gate03r_secded_pipelined_combined.$flatten\decoder.$or$asic/rtl/secded/secded_pipelined_72_64_v1.sv:0$8013 ($or).
Removed top 42 bits (of 64) from port B of cell gate03r_secded_pipelined_combined.$flatten\decoder.$or$asic/rtl/secded/secded_pipelined_72_64_v1.sv:0$8083 ($or).
Removed top 29 bits (of 64) from port B of cell gate03r_secded_pipelined_combined.$flatten\decoder.$or$asic/rtl/secded/secded_pipelined_72_64_v1.sv:0$8265 ($or).
Removed top 44 bits (of 64) from port B of cell gate03r_secded_pipelined_combined.$flatten\decoder.$or$asic/rtl/secded/secded_pipelined_72_64_v1.sv:0$8055 ($or).
Removed top 45 bits (of 64) from port B of cell gate03r_secded_pipelined_combined.$flatten\decoder.$or$asic/rtl/secded/secded_pipelined_72_64_v1.sv:0$8041 ($or).
Removed top 21 bits (of 64) from port B of cell gate03r_secded_pipelined_combined.$flatten\decoder.$or$asic/rtl/secded/secded_pipelined_72_64_v1.sv:0$8377 ($or).
Removed top 46 bits (of 64) from port B of cell gate03r_secded_pipelined_combined.$flatten\decoder.$or$asic/rtl/secded/secded_pipelined_72_64_v1.sv:0$8027 ($or).
Removed top 4 bits (of 64) from port B of cell gate03r_secded_pipelined_combined.$flatten\decoder.$or$asic/rtl/secded/secded_pipelined_72_64_v1.sv:0$8615 ($or).
Removed top 18 bits (of 64) from port B of cell gate03r_secded_pipelined_combined.$flatten\decoder.$or$asic/rtl/secded/secded_pipelined_72_64_v1.sv:0$8419 ($or).
Removed top 23 bits (of 64) from port B of cell gate03r_secded_pipelined_combined.$flatten\decoder.$or$asic/rtl/secded/secded_pipelined_72_64_v1.sv:0$8349 ($or).
Removed top 26 bits (of 64) from port B of cell gate03r_secded_pipelined_combined.$flatten\decoder.$or$asic/rtl/secded/secded_pipelined_72_64_v1.sv:0$8307 ($or).
Removed top 11 bits (of 64) from port B of cell gate03r_secded_pipelined_combined.$flatten\decoder.$or$asic/rtl/secded/secded_pipelined_72_64_v1.sv:0$8517 ($or).
Removed top 7 bits (of 64) from port B of cell gate03r_secded_pipelined_combined.$flatten\decoder.$or$asic/rtl/secded/secded_pipelined_72_64_v1.sv:0$8573 ($or).
Removed top 51 bits (of 64) from port B of cell gate03r_secded_pipelined_combined.$flatten\decoder.$or$asic/rtl/secded/secded_pipelined_72_64_v1.sv:0$7957 ($or).
Removed top 27 bits (of 64) from port B of cell gate03r_secded_pipelined_combined.$flatten\decoder.$or$asic/rtl/secded/secded_pipelined_72_64_v1.sv:0$8293 ($or).
Converting cell gate03r_secded_pipelined_combined.$flatten\decoder.$neg$asic/rtl/secded/secded_pipelined_72_64_v1.sv:0$7763 ($neg) from signed to unsigned.
Removed top 1 bits (of 33) from port A of cell gate03r_secded_pipelined_combined.$flatten\decoder.$neg$asic/rtl/secded/secded_pipelined_72_64_v1.sv:0$7763 ($neg).
Removed top 10 bits (of 64) from port B of cell gate03r_secded_pipelined_combined.$flatten\decoder.$or$asic/rtl/secded/secded_pipelined_72_64_v1.sv:0$8531 ($or).
Removed top 40 bits (of 64) from port B of cell gate03r_secded_pipelined_combined.$flatten\decoder.$or$asic/rtl/secded/secded_pipelined_72_64_v1.sv:0$8111 ($or).
Removed top 53 bits (of 64) from port B of cell gate03r_secded_pipelined_combined.$flatten\decoder.$or$asic/rtl/secded/secded_pipelined_72_64_v1.sv:0$7929 ($or).
Removed top 20 bits (of 64) from port B of cell gate03r_secded_pipelined_combined.$flatten\decoder.$or$asic/rtl/secded/secded_pipelined_72_64_v1.sv:0$8391 ($or).
Removed top 25 bits (of 32) from port A of cell gate03r_secded_pipelined_combined.$flatten\decoder.$sub$asic/rtl/secded/secded_pipelined_72_64_v1.sv:123$7761 ($sub).
Removed top 31 bits (of 32) from port B of cell gate03r_secded_pipelined_combined.$flatten\decoder.$sub$asic/rtl/secded/secded_pipelined_72_64_v1.sv:123$7761 ($sub).
Removed top 24 bits (of 32) from port Y of cell gate03r_secded_pipelined_combined.$flatten\decoder.$sub$asic/rtl/secded/secded_pipelined_72_64_v1.sv:123$7761 ($sub).
Removed top 8 bits (of 64) from port B of cell gate03r_secded_pipelined_combined.$flatten\decoder.$or$asic/rtl/secded/secded_pipelined_72_64_v1.sv:0$8559 ($or).
Removed top 25 bits (of 32) from port A of cell gate03r_secded_pipelined_combined.$flatten\decoder.$ge$asic/rtl/secded/secded_pipelined_72_64_v1.sv:122$7755 ($ge).
Removed top 31 bits (of 32) from port B of cell gate03r_secded_pipelined_combined.$flatten\decoder.$ge$asic/rtl/secded/secded_pipelined_72_64_v1.sv:122$7755 ($ge).
Removed top 6 bits (of 64) from port B of cell gate03r_secded_pipelined_combined.$flatten\decoder.$or$asic/rtl/secded/secded_pipelined_72_64_v1.sv:0$8587 ($or).
Removed top 31 bits (of 64) from port B of cell gate03r_secded_pipelined_combined.$flatten\decoder.$or$asic/rtl/secded/secded_pipelined_72_64_v1.sv:0$8237 ($or).
Removed top 16 bits (of 64) from port B of cell gate03r_secded_pipelined_combined.$flatten\decoder.$or$asic/rtl/secded/secded_pipelined_72_64_v1.sv:0$8447 ($or).
Removed top 49 bits (of 64) from port B of cell gate03r_secded_pipelined_combined.$flatten\decoder.$or$asic/rtl/secded/secded_pipelined_72_64_v1.sv:0$7985 ($or).
Removed top 57 bits (of 64) from port B of cell gate03r_secded_pipelined_combined.$flatten\decoder.$or$asic/rtl/secded/secded_pipelined_72_64_v1.sv:0$7873 ($or).
Removed top 52 bits (of 64) from port B of cell gate03r_secded_pipelined_combined.$flatten\decoder.$or$asic/rtl/secded/secded_pipelined_72_64_v1.sv:0$7943 ($or).
Removed top 58 bits (of 64) from port B of cell gate03r_secded_pipelined_combined.$flatten\decoder.$or$asic/rtl/secded/secded_pipelined_72_64_v1.sv:0$7859 ($or).
Removed top 22 bits (of 64) from port B of cell gate03r_secded_pipelined_combined.$flatten\decoder.$or$asic/rtl/secded/secded_pipelined_72_64_v1.sv:0$8363 ($or).
Removed top 35 bits (of 64) from port B of cell gate03r_secded_pipelined_combined.$flatten\decoder.$or$asic/rtl/secded/secded_pipelined_72_64_v1.sv:0$8181 ($or).
Removed top 61 bits (of 64) from port B of cell gate03r_secded_pipelined_combined.$flatten\decoder.$or$asic/rtl/secded/secded_pipelined_72_64_v1.sv:0$7817 ($or).
Removed top 3 bits (of 64) from port B of cell gate03r_secded_pipelined_combined.$flatten\decoder.$or$asic/rtl/secded/secded_pipelined_72_64_v1.sv:0$8629 ($or).
Removed top 63 bits (of 64) from port A of cell gate03r_secded_pipelined_combined.$flatten\decoder.$or$asic/rtl/secded/secded_pipelined_72_64_v1.sv:0$7803 ($or).
Removed top 62 bits (of 64) from port B of cell gate03r_secded_pipelined_combined.$flatten\decoder.$or$asic/rtl/secded/secded_pipelined_72_64_v1.sv:0$7803 ($or).
Removed top 62 bits (of 64) from port Y of cell gate03r_secded_pipelined_combined.$flatten\decoder.$or$asic/rtl/secded/secded_pipelined_72_64_v1.sv:0$7803 ($or).
Removed top 5 bits (of 64) from port B of cell gate03r_secded_pipelined_combined.$flatten\decoder.$or$asic/rtl/secded/secded_pipelined_72_64_v1.sv:0$8601 ($or).
Removed top 55 bits (of 64) from port B of cell gate03r_secded_pipelined_combined.$flatten\decoder.$or$asic/rtl/secded/secded_pipelined_72_64_v1.sv:0$7901 ($or).
Removed top 1 bits (of 72) from port Y of cell gate03r_secded_pipelined_combined.$flatten\decoder.$xor$asic/rtl/secded/secded_pipelined_72_64_v1.sv:133$7776 ($xor).
Removed top 1 bits (of 72) from port A of cell gate03r_secded_pipelined_combined.$flatten\decoder.$xor$asic/rtl/secded/secded_pipelined_72_64_v1.sv:133$7776 ($xor).
Removed top 1 bits (of 72) from port B of cell gate03r_secded_pipelined_combined.$flatten\decoder.$xor$asic/rtl/secded/secded_pipelined_72_64_v1.sv:133$7776 ($xor).
Removed top 33 bits (of 64) from port B of cell gate03r_secded_pipelined_combined.$flatten\decoder.$or$asic/rtl/secded/secded_pipelined_72_64_v1.sv:0$8209 ($or).
Removed top 59 bits (of 64) from port B of cell gate03r_secded_pipelined_combined.$flatten\decoder.$or$asic/rtl/secded/secded_pipelined_72_64_v1.sv:0$7845 ($or).
Removed top 25 bits (of 32) from port A of cell gate03r_secded_pipelined_combined.$flatten\decoder.$le$asic/rtl/secded/secded_pipelined_72_64_v1.sv:122$7756 ($le).
Removed top 25 bits (of 32) from port B of cell gate03r_secded_pipelined_combined.$flatten\decoder.$le$asic/rtl/secded/secded_pipelined_72_64_v1.sv:122$7756 ($le).
Removed top 25 bits (of 64) from port B of cell gate03r_secded_pipelined_combined.$flatten\decoder.$or$asic/rtl/secded/secded_pipelined_72_64_v1.sv:0$8321 ($or).
Removed top 14 bits (of 64) from port B of cell gate03r_secded_pipelined_combined.$flatten\decoder.$or$asic/rtl/secded/secded_pipelined_72_64_v1.sv:0$8475 ($or).
Removed top 32 bits (of 64) from port B of cell gate03r_secded_pipelined_combined.$flatten\decoder.$or$asic/rtl/secded/secded_pipelined_72_64_v1.sv:0$8223 ($or).
Removed top 1 bits (of 72) from FF cell gate03r_secded_pipelined_combined.$flatten\decoder.$procdff$14118 ($dff).
Removed top 2 bits (of 64) from port Y of cell gate03r_secded_pipelined_combined.$flatten\decoder.$or$asic/rtl/secded/secded_pipelined_72_64_v1.sv:0$8643 ($or).
Removed top 3 bits (of 64) from port A of cell gate03r_secded_pipelined_combined.$flatten\decoder.$or$asic/rtl/secded/secded_pipelined_72_64_v1.sv:0$8643 ($or).
Removed cell gate03r_secded_pipelined_combined.$flatten\decoder.$procmux$11040 ($mux).
Removed top 3 bits (of 64) from port Y of cell gate03r_secded_pipelined_combined.$flatten\decoder.$or$asic/rtl/secded/secded_pipelined_72_64_v1.sv:0$8629 ($or).
Removed top 4 bits (of 64) from port A of cell gate03r_secded_pipelined_combined.$flatten\decoder.$or$asic/rtl/secded/secded_pipelined_72_64_v1.sv:0$8629 ($or).
Removed top 4 bits (of 64) from port Y of cell gate03r_secded_pipelined_combined.$flatten\decoder.$or$asic/rtl/secded/secded_pipelined_72_64_v1.sv:0$8615 ($or).
Removed top 5 bits (of 64) from port A of cell gate03r_secded_pipelined_combined.$flatten\decoder.$or$asic/rtl/secded/secded_pipelined_72_64_v1.sv:0$8615 ($or).
Removed top 5 bits (of 64) from port Y of cell gate03r_secded_pipelined_combined.$flatten\decoder.$or$asic/rtl/secded/secded_pipelined_72_64_v1.sv:0$8601 ($or).
Removed top 6 bits (of 64) from port A of cell gate03r_secded_pipelined_combined.$flatten\decoder.$or$asic/rtl/secded/secded_pipelined_72_64_v1.sv:0$8601 ($or).
Removed top 6 bits (of 64) from port Y of cell gate03r_secded_pipelined_combined.$flatten\decoder.$or$asic/rtl/secded/secded_pipelined_72_64_v1.sv:0$8587 ($or).
Removed top 7 bits (of 64) from port A of cell gate03r_secded_pipelined_combined.$flatten\decoder.$or$asic/rtl/secded/secded_pipelined_72_64_v1.sv:0$8587 ($or).
Removed top 7 bits (of 64) from port Y of cell gate03r_secded_pipelined_combined.$flatten\decoder.$or$asic/rtl/secded/secded_pipelined_72_64_v1.sv:0$8573 ($or).
Removed top 8 bits (of 64) from port A of cell gate03r_secded_pipelined_combined.$flatten\decoder.$or$asic/rtl/secded/secded_pipelined_72_64_v1.sv:0$8573 ($or).
Removed top 8 bits (of 64) from port Y of cell gate03r_secded_pipelined_combined.$flatten\decoder.$or$asic/rtl/secded/secded_pipelined_72_64_v1.sv:0$8559 ($or).
Removed top 9 bits (of 64) from port A of cell gate03r_secded_pipelined_combined.$flatten\decoder.$or$asic/rtl/secded/secded_pipelined_72_64_v1.sv:0$8559 ($or).
Removed top 9 bits (of 64) from port Y of cell gate03r_secded_pipelined_combined.$flatten\decoder.$or$asic/rtl/secded/secded_pipelined_72_64_v1.sv:0$8545 ($or).
Removed top 10 bits (of 64) from port A of cell gate03r_secded_pipelined_combined.$flatten\decoder.$or$asic/rtl/secded/secded_pipelined_72_64_v1.sv:0$8545 ($or).
Removed top 10 bits (of 64) from port Y of cell gate03r_secded_pipelined_combined.$flatten\decoder.$or$asic/rtl/secded/secded_pipelined_72_64_v1.sv:0$8531 ($or).
Removed top 11 bits (of 64) from port A of cell gate03r_secded_pipelined_combined.$flatten\decoder.$or$asic/rtl/secded/secded_pipelined_72_64_v1.sv:0$8531 ($or).
Removed top 11 bits (of 64) from port Y of cell gate03r_secded_pipelined_combined.$flatten\decoder.$or$asic/rtl/secded/secded_pipelined_72_64_v1.sv:0$8517 ($or).
Removed top 12 bits (of 64) from port A of cell gate03r_secded_pipelined_combined.$flatten\decoder.$or$asic/rtl/secded/secded_pipelined_72_64_v1.sv:0$8517 ($or).
Removed top 12 bits (of 64) from port Y of cell gate03r_secded_pipelined_combined.$flatten\decoder.$or$asic/rtl/secded/secded_pipelined_72_64_v1.sv:0$8503 ($or).
Removed top 13 bits (of 64) from port A of cell gate03r_secded_pipelined_combined.$flatten\decoder.$or$asic/rtl/secded/secded_pipelined_72_64_v1.sv:0$8503 ($or).
Removed top 13 bits (of 64) from port Y of cell gate03r_secded_pipelined_combined.$flatten\decoder.$or$asic/rtl/secded/secded_pipelined_72_64_v1.sv:0$8489 ($or).
Removed top 14 bits (of 64) from port A of cell gate03r_secded_pipelined_combined.$flatten\decoder.$or$asic/rtl/secded/secded_pipelined_72_64_v1.sv:0$8489 ($or).
Removed top 14 bits (of 64) from port Y of cell gate03r_secded_pipelined_combined.$flatten\decoder.$or$asic/rtl/secded/secded_pipelined_72_64_v1.sv:0$8475 ($or).
Removed top 15 bits (of 64) from port A of cell gate03r_secded_pipelined_combined.$flatten\decoder.$or$asic/rtl/secded/secded_pipelined_72_64_v1.sv:0$8475 ($or).
Removed top 15 bits (of 64) from port Y of cell gate03r_secded_pipelined_combined.$flatten\decoder.$or$asic/rtl/secded/secded_pipelined_72_64_v1.sv:0$8461 ($or).
Removed top 16 bits (of 64) from port A of cell gate03r_secded_pipelined_combined.$flatten\decoder.$or$asic/rtl/secded/secded_pipelined_72_64_v1.sv:0$8461 ($or).
Removed top 16 bits (of 64) from port Y of cell gate03r_secded_pipelined_combined.$flatten\decoder.$or$asic/rtl/secded/secded_pipelined_72_64_v1.sv:0$8447 ($or).
Removed top 17 bits (of 64) from port A of cell gate03r_secded_pipelined_combined.$flatten\decoder.$or$asic/rtl/secded/secded_pipelined_72_64_v1.sv:0$8447 ($or).
Removed top 17 bits (of 64) from port Y of cell gate03r_secded_pipelined_combined.$flatten\decoder.$or$asic/rtl/secded/secded_pipelined_72_64_v1.sv:0$8433 ($or).
Removed top 18 bits (of 64) from port A of cell gate03r_secded_pipelined_combined.$flatten\decoder.$or$asic/rtl/secded/secded_pipelined_72_64_v1.sv:0$8433 ($or).
Removed top 18 bits (of 64) from port Y of cell gate03r_secded_pipelined_combined.$flatten\decoder.$or$asic/rtl/secded/secded_pipelined_72_64_v1.sv:0$8419 ($or).
Removed top 19 bits (of 64) from port A of cell gate03r_secded_pipelined_combined.$flatten\decoder.$or$asic/rtl/secded/secded_pipelined_72_64_v1.sv:0$8419 ($or).
Removed top 19 bits (of 64) from port Y of cell gate03r_secded_pipelined_combined.$flatten\decoder.$or$asic/rtl/secded/secded_pipelined_72_64_v1.sv:0$8405 ($or).
Removed top 20 bits (of 64) from port A of cell gate03r_secded_pipelined_combined.$flatten\decoder.$or$asic/rtl/secded/secded_pipelined_72_64_v1.sv:0$8405 ($or).
Removed top 20 bits (of 64) from port Y of cell gate03r_secded_pipelined_combined.$flatten\decoder.$or$asic/rtl/secded/secded_pipelined_72_64_v1.sv:0$8391 ($or).
Removed top 21 bits (of 64) from port A of cell gate03r_secded_pipelined_combined.$flatten\decoder.$or$asic/rtl/secded/secded_pipelined_72_64_v1.sv:0$8391 ($or).
Removed top 21 bits (of 64) from port Y of cell gate03r_secded_pipelined_combined.$flatten\decoder.$or$asic/rtl/secded/secded_pipelined_72_64_v1.sv:0$8377 ($or).
Removed top 22 bits (of 64) from port A of cell gate03r_secded_pipelined_combined.$flatten\decoder.$or$asic/rtl/secded/secded_pipelined_72_64_v1.sv:0$8377 ($or).
Removed top 22 bits (of 64) from port Y of cell gate03r_secded_pipelined_combined.$flatten\decoder.$or$asic/rtl/secded/secded_pipelined_72_64_v1.sv:0$8363 ($or).
Removed top 23 bits (of 64) from port A of cell gate03r_secded_pipelined_combined.$flatten\decoder.$or$asic/rtl/secded/secded_pipelined_72_64_v1.sv:0$8363 ($or).
Removed top 23 bits (of 64) from port Y of cell gate03r_secded_pipelined_combined.$flatten\decoder.$or$asic/rtl/secded/secded_pipelined_72_64_v1.sv:0$8349 ($or).
Removed top 24 bits (of 64) from port A of cell gate03r_secded_pipelined_combined.$flatten\decoder.$or$asic/rtl/secded/secded_pipelined_72_64_v1.sv:0$8349 ($or).
Removed top 24 bits (of 64) from port Y of cell gate03r_secded_pipelined_combined.$flatten\decoder.$or$asic/rtl/secded/secded_pipelined_72_64_v1.sv:0$8335 ($or).
Removed top 25 bits (of 64) from port A of cell gate03r_secded_pipelined_combined.$flatten\decoder.$or$asic/rtl/secded/secded_pipelined_72_64_v1.sv:0$8335 ($or).
Removed top 25 bits (of 64) from port Y of cell gate03r_secded_pipelined_combined.$flatten\decoder.$or$asic/rtl/secded/secded_pipelined_72_64_v1.sv:0$8321 ($or).
Removed top 26 bits (of 64) from port A of cell gate03r_secded_pipelined_combined.$flatten\decoder.$or$asic/rtl/secded/secded_pipelined_72_64_v1.sv:0$8321 ($or).
Removed top 26 bits (of 64) from port Y of cell gate03r_secded_pipelined_combined.$flatten\decoder.$or$asic/rtl/secded/secded_pipelined_72_64_v1.sv:0$8307 ($or).
Removed top 27 bits (of 64) from port A of cell gate03r_secded_pipelined_combined.$flatten\decoder.$or$asic/rtl/secded/secded_pipelined_72_64_v1.sv:0$8307 ($or).
Removed top 27 bits (of 64) from port Y of cell gate03r_secded_pipelined_combined.$flatten\decoder.$or$asic/rtl/secded/secded_pipelined_72_64_v1.sv:0$8293 ($or).
Removed top 28 bits (of 64) from port A of cell gate03r_secded_pipelined_combined.$flatten\decoder.$or$asic/rtl/secded/secded_pipelined_72_64_v1.sv:0$8293 ($or).
Removed top 28 bits (of 64) from port Y of cell gate03r_secded_pipelined_combined.$flatten\decoder.$or$asic/rtl/secded/secded_pipelined_72_64_v1.sv:0$8279 ($or).
Removed top 29 bits (of 64) from port A of cell gate03r_secded_pipelined_combined.$flatten\decoder.$or$asic/rtl/secded/secded_pipelined_72_64_v1.sv:0$8279 ($or).
Removed top 29 bits (of 64) from port Y of cell gate03r_secded_pipelined_combined.$flatten\decoder.$or$asic/rtl/secded/secded_pipelined_72_64_v1.sv:0$8265 ($or).
Removed top 30 bits (of 64) from port A of cell gate03r_secded_pipelined_combined.$flatten\decoder.$or$asic/rtl/secded/secded_pipelined_72_64_v1.sv:0$8265 ($or).
Removed top 30 bits (of 64) from port Y of cell gate03r_secded_pipelined_combined.$flatten\decoder.$or$asic/rtl/secded/secded_pipelined_72_64_v1.sv:0$8251 ($or).
Removed top 31 bits (of 64) from port A of cell gate03r_secded_pipelined_combined.$flatten\decoder.$or$asic/rtl/secded/secded_pipelined_72_64_v1.sv:0$8251 ($or).
Removed top 31 bits (of 64) from port Y of cell gate03r_secded_pipelined_combined.$flatten\decoder.$or$asic/rtl/secded/secded_pipelined_72_64_v1.sv:0$8237 ($or).
Removed top 32 bits (of 64) from port A of cell gate03r_secded_pipelined_combined.$flatten\decoder.$or$asic/rtl/secded/secded_pipelined_72_64_v1.sv:0$8237 ($or).
Removed top 32 bits (of 64) from port Y of cell gate03r_secded_pipelined_combined.$flatten\decoder.$or$asic/rtl/secded/secded_pipelined_72_64_v1.sv:0$8223 ($or).
Removed top 33 bits (of 64) from port A of cell gate03r_secded_pipelined_combined.$flatten\decoder.$or$asic/rtl/secded/secded_pipelined_72_64_v1.sv:0$8223 ($or).
Removed top 33 bits (of 64) from port Y of cell gate03r_secded_pipelined_combined.$flatten\decoder.$or$asic/rtl/secded/secded_pipelined_72_64_v1.sv:0$8209 ($or).
Removed top 34 bits (of 64) from port A of cell gate03r_secded_pipelined_combined.$flatten\decoder.$or$asic/rtl/secded/secded_pipelined_72_64_v1.sv:0$8209 ($or).
Removed top 34 bits (of 64) from port Y of cell gate03r_secded_pipelined_combined.$flatten\decoder.$or$asic/rtl/secded/secded_pipelined_72_64_v1.sv:0$8195 ($or).
Removed top 35 bits (of 64) from port A of cell gate03r_secded_pipelined_combined.$flatten\decoder.$or$asic/rtl/secded/secded_pipelined_72_64_v1.sv:0$8195 ($or).
Removed top 35 bits (of 64) from port Y of cell gate03r_secded_pipelined_combined.$flatten\decoder.$or$asic/rtl/secded/secded_pipelined_72_64_v1.sv:0$8181 ($or).
Removed top 36 bits (of 64) from port A of cell gate03r_secded_pipelined_combined.$flatten\decoder.$or$asic/rtl/secded/secded_pipelined_72_64_v1.sv:0$8181 ($or).
Removed top 36 bits (of 64) from port Y of cell gate03r_secded_pipelined_combined.$flatten\decoder.$or$asic/rtl/secded/secded_pipelined_72_64_v1.sv:0$8167 ($or).
Removed top 37 bits (of 64) from port A of cell gate03r_secded_pipelined_combined.$flatten\decoder.$or$asic/rtl/secded/secded_pipelined_72_64_v1.sv:0$8167 ($or).
Removed top 37 bits (of 64) from port Y of cell gate03r_secded_pipelined_combined.$flatten\decoder.$or$asic/rtl/secded/secded_pipelined_72_64_v1.sv:0$8153 ($or).
Removed top 38 bits (of 64) from port A of cell gate03r_secded_pipelined_combined.$flatten\decoder.$or$asic/rtl/secded/secded_pipelined_72_64_v1.sv:0$8153 ($or).
Removed top 38 bits (of 64) from port Y of cell gate03r_secded_pipelined_combined.$flatten\decoder.$or$asic/rtl/secded/secded_pipelined_72_64_v1.sv:0$8139 ($or).
Removed top 39 bits (of 64) from port A of cell gate03r_secded_pipelined_combined.$flatten\decoder.$or$asic/rtl/secded/secded_pipelined_72_64_v1.sv:0$8139 ($or).
Removed top 39 bits (of 64) from port Y of cell gate03r_secded_pipelined_combined.$flatten\decoder.$or$asic/rtl/secded/secded_pipelined_72_64_v1.sv:0$8125 ($or).
Removed top 40 bits (of 64) from port A of cell gate03r_secded_pipelined_combined.$flatten\decoder.$or$asic/rtl/secded/secded_pipelined_72_64_v1.sv:0$8125 ($or).
Removed top 40 bits (of 64) from port Y of cell gate03r_secded_pipelined_combined.$flatten\decoder.$or$asic/rtl/secded/secded_pipelined_72_64_v1.sv:0$8111 ($or).
Removed top 41 bits (of 64) from port A of cell gate03r_secded_pipelined_combined.$flatten\decoder.$or$asic/rtl/secded/secded_pipelined_72_64_v1.sv:0$8111 ($or).
Removed top 41 bits (of 64) from port Y of cell gate03r_secded_pipelined_combined.$flatten\decoder.$or$asic/rtl/secded/secded_pipelined_72_64_v1.sv:0$8097 ($or).
Removed top 42 bits (of 64) from port A of cell gate03r_secded_pipelined_combined.$flatten\decoder.$or$asic/rtl/secded/secded_pipelined_72_64_v1.sv:0$8097 ($or).
Removed top 42 bits (of 64) from port Y of cell gate03r_secded_pipelined_combined.$flatten\decoder.$or$asic/rtl/secded/secded_pipelined_72_64_v1.sv:0$8083 ($or).
Removed top 43 bits (of 64) from port A of cell gate03r_secded_pipelined_combined.$flatten\decoder.$or$asic/rtl/secded/secded_pipelined_72_64_v1.sv:0$8083 ($or).
Removed top 43 bits (of 64) from port Y of cell gate03r_secded_pipelined_combined.$flatten\decoder.$or$asic/rtl/secded/secded_pipelined_72_64_v1.sv:0$8069 ($or).
Removed top 44 bits (of 64) from port A of cell gate03r_secded_pipelined_combined.$flatten\decoder.$or$asic/rtl/secded/secded_pipelined_72_64_v1.sv:0$8069 ($or).
Removed top 44 bits (of 64) from port Y of cell gate03r_secded_pipelined_combined.$flatten\decoder.$or$asic/rtl/secded/secded_pipelined_72_64_v1.sv:0$8055 ($or).
Removed top 45 bits (of 64) from port A of cell gate03r_secded_pipelined_combined.$flatten\decoder.$or$asic/rtl/secded/secded_pipelined_72_64_v1.sv:0$8055 ($or).
Removed top 45 bits (of 64) from port Y of cell gate03r_secded_pipelined_combined.$flatten\decoder.$or$asic/rtl/secded/secded_pipelined_72_64_v1.sv:0$8041 ($or).
Removed top 46 bits (of 64) from port A of cell gate03r_secded_pipelined_combined.$flatten\decoder.$or$asic/rtl/secded/secded_pipelined_72_64_v1.sv:0$8041 ($or).
Removed top 46 bits (of 64) from port Y of cell gate03r_secded_pipelined_combined.$flatten\decoder.$or$asic/rtl/secded/secded_pipelined_72_64_v1.sv:0$8027 ($or).
Removed top 47 bits (of 64) from port A of cell gate03r_secded_pipelined_combined.$flatten\decoder.$or$asic/rtl/secded/secded_pipelined_72_64_v1.sv:0$8027 ($or).
Removed top 47 bits (of 64) from port Y of cell gate03r_secded_pipelined_combined.$flatten\decoder.$or$asic/rtl/secded/secded_pipelined_72_64_v1.sv:0$8013 ($or).
Removed top 48 bits (of 64) from port A of cell gate03r_secded_pipelined_combined.$flatten\decoder.$or$asic/rtl/secded/secded_pipelined_72_64_v1.sv:0$8013 ($or).
Removed top 48 bits (of 64) from port Y of cell gate03r_secded_pipelined_combined.$flatten\decoder.$or$asic/rtl/secded/secded_pipelined_72_64_v1.sv:0$7999 ($or).
Removed top 49 bits (of 64) from port A of cell gate03r_secded_pipelined_combined.$flatten\decoder.$or$asic/rtl/secded/secded_pipelined_72_64_v1.sv:0$7999 ($or).
Removed top 49 bits (of 64) from port Y of cell gate03r_secded_pipelined_combined.$flatten\decoder.$or$asic/rtl/secded/secded_pipelined_72_64_v1.sv:0$7985 ($or).
Removed top 50 bits (of 64) from port A of cell gate03r_secded_pipelined_combined.$flatten\decoder.$or$asic/rtl/secded/secded_pipelined_72_64_v1.sv:0$7985 ($or).
Removed top 50 bits (of 64) from port Y of cell gate03r_secded_pipelined_combined.$flatten\decoder.$or$asic/rtl/secded/secded_pipelined_72_64_v1.sv:0$7971 ($or).
Removed top 51 bits (of 64) from port A of cell gate03r_secded_pipelined_combined.$flatten\decoder.$or$asic/rtl/secded/secded_pipelined_72_64_v1.sv:0$7971 ($or).
Removed top 51 bits (of 64) from port Y of cell gate03r_secded_pipelined_combined.$flatten\decoder.$or$asic/rtl/secded/secded_pipelined_72_64_v1.sv:0$7957 ($or).
Removed top 52 bits (of 64) from port A of cell gate03r_secded_pipelined_combined.$flatten\decoder.$or$asic/rtl/secded/secded_pipelined_72_64_v1.sv:0$7957 ($or).
Removed top 52 bits (of 64) from port Y of cell gate03r_secded_pipelined_combined.$flatten\decoder.$or$asic/rtl/secded/secded_pipelined_72_64_v1.sv:0$7943 ($or).
Removed top 53 bits (of 64) from port A of cell gate03r_secded_pipelined_combined.$flatten\decoder.$or$asic/rtl/secded/secded_pipelined_72_64_v1.sv:0$7943 ($or).
Removed top 53 bits (of 64) from port Y of cell gate03r_secded_pipelined_combined.$flatten\decoder.$or$asic/rtl/secded/secded_pipelined_72_64_v1.sv:0$7929 ($or).
Removed top 54 bits (of 64) from port A of cell gate03r_secded_pipelined_combined.$flatten\decoder.$or$asic/rtl/secded/secded_pipelined_72_64_v1.sv:0$7929 ($or).
Removed top 54 bits (of 64) from port Y of cell gate03r_secded_pipelined_combined.$flatten\decoder.$or$asic/rtl/secded/secded_pipelined_72_64_v1.sv:0$7915 ($or).
Removed top 55 bits (of 64) from port A of cell gate03r_secded_pipelined_combined.$flatten\decoder.$or$asic/rtl/secded/secded_pipelined_72_64_v1.sv:0$7915 ($or).
Removed top 55 bits (of 64) from port Y of cell gate03r_secded_pipelined_combined.$flatten\decoder.$or$asic/rtl/secded/secded_pipelined_72_64_v1.sv:0$7901 ($or).
Removed top 56 bits (of 64) from port A of cell gate03r_secded_pipelined_combined.$flatten\decoder.$or$asic/rtl/secded/secded_pipelined_72_64_v1.sv:0$7901 ($or).
Removed top 56 bits (of 64) from port Y of cell gate03r_secded_pipelined_combined.$flatten\decoder.$or$asic/rtl/secded/secded_pipelined_72_64_v1.sv:0$7887 ($or).
Removed top 57 bits (of 64) from port A of cell gate03r_secded_pipelined_combined.$flatten\decoder.$or$asic/rtl/secded/secded_pipelined_72_64_v1.sv:0$7887 ($or).
Removed top 57 bits (of 64) from port Y of cell gate03r_secded_pipelined_combined.$flatten\decoder.$or$asic/rtl/secded/secded_pipelined_72_64_v1.sv:0$7873 ($or).
Removed top 58 bits (of 64) from port A of cell gate03r_secded_pipelined_combined.$flatten\decoder.$or$asic/rtl/secded/secded_pipelined_72_64_v1.sv:0$7873 ($or).
Removed top 58 bits (of 64) from port Y of cell gate03r_secded_pipelined_combined.$flatten\decoder.$or$asic/rtl/secded/secded_pipelined_72_64_v1.sv:0$7859 ($or).
Removed top 59 bits (of 64) from port A of cell gate03r_secded_pipelined_combined.$flatten\decoder.$or$asic/rtl/secded/secded_pipelined_72_64_v1.sv:0$7859 ($or).
Removed top 59 bits (of 64) from port Y of cell gate03r_secded_pipelined_combined.$flatten\decoder.$or$asic/rtl/secded/secded_pipelined_72_64_v1.sv:0$7845 ($or).
Removed top 60 bits (of 64) from port A of cell gate03r_secded_pipelined_combined.$flatten\decoder.$or$asic/rtl/secded/secded_pipelined_72_64_v1.sv:0$7845 ($or).
Removed top 60 bits (of 64) from port Y of cell gate03r_secded_pipelined_combined.$flatten\decoder.$or$asic/rtl/secded/secded_pipelined_72_64_v1.sv:0$7831 ($or).
Removed top 61 bits (of 64) from port A of cell gate03r_secded_pipelined_combined.$flatten\decoder.$or$asic/rtl/secded/secded_pipelined_72_64_v1.sv:0$7831 ($or).
Removed top 62 bits (of 64) from port A of cell gate03r_secded_pipelined_combined.$flatten\decoder.$or$asic/rtl/secded/secded_pipelined_72_64_v1.sv:0$7817 ($or).
Removed top 61 bits (of 64) from port Y of cell gate03r_secded_pipelined_combined.$flatten\decoder.$or$asic/rtl/secded/secded_pipelined_72_64_v1.sv:0$7817 ($or).
Removed top 54 bits (of 64) from wire gate03r_secded_pipelined_combined.$flatten\decoder.$10\data_d[63:0].
Removed top 51 bits (of 64) from wire gate03r_secded_pipelined_combined.$flatten\decoder.$13\data_d[63:0].
Removed top 50 bits (of 64) from wire gate03r_secded_pipelined_combined.$flatten\decoder.$14\data_d[63:0].
Removed top 48 bits (of 64) from wire gate03r_secded_pipelined_combined.$flatten\decoder.$16\data_d[63:0].
Removed top 62 bits (of 64) from wire gate03r_secded_pipelined_combined.$flatten\decoder.$2\data_d[63:0].
Removed top 32 bits (of 64) from wire gate03r_secded_pipelined_combined.$flatten\decoder.$32\data_d[63:0].
Removed top 61 bits (of 64) from wire gate03r_secded_pipelined_combined.$flatten\decoder.$3\data_d[63:0].
Removed top 59 bits (of 64) from wire gate03r_secded_pipelined_combined.$flatten\decoder.$5\data_d[63:0].
Removed top 57 bits (of 64) from wire gate03r_secded_pipelined_combined.$flatten\decoder.$7\data_d[63:0].
Removed top 55 bits (of 64) from wire gate03r_secded_pipelined_combined.$flatten\decoder.$9\data_d[63:0].
Removed top 1 bits (of 33) from wire gate03r_secded_pipelined_combined.$flatten\decoder.$sub$asic/rtl/secded/secded_pipelined_72_64_v1.sv:0$7762_Y.

7.11. Executing PEEPOPT pass (run peephole optimizers).

7.12. Executing OPT_CLEAN pass (remove unused cells and wires).
Finding unused cells or wires in module \gate03r_secded_pipelined_combined..
Removed 0 unused cells and 11 unused wires.
<suppressed ~1 debug messages>

7.13. Executing ALUMACC pass (create $alu and $macc cells).
Extracting $alu and $macc cells in module gate03r_secded_pipelined_combined:
  creating $macc model for $flatten\decoder.$neg$asic/rtl/secded/secded_pipelined_72_64_v1.sv:0$7763 ($neg).
  creating $macc model for $flatten\decoder.$sub$asic/rtl/secded/secded_pipelined_72_64_v1.sv:123$7761 ($sub).
  creating $alu model for $macc $flatten\decoder.$sub$asic/rtl/secded/secded_pipelined_72_64_v1.sv:123$7761.
  creating $alu model for $macc $flatten\decoder.$neg$asic/rtl/secded/secded_pipelined_72_64_v1.sv:0$7763.
  creating $alu model for $flatten\decoder.$ge$asic/rtl/secded/secded_pipelined_72_64_v1.sv:122$7755 ($ge): new $alu
  creating $alu model for $flatten\decoder.$le$asic/rtl/secded/secded_pipelined_72_64_v1.sv:122$7756 ($le): new $alu
  creating $alu cell for $flatten\decoder.$le$asic/rtl/secded/secded_pipelined_72_64_v1.sv:122$7756: $auto$alumacc.cc:485:replace_alu$14145
  creating $alu cell for $flatten\decoder.$ge$asic/rtl/secded/secded_pipelined_72_64_v1.sv:122$7755: $auto$alumacc.cc:485:replace_alu$14154
  creating $alu cell for $flatten\decoder.$neg$asic/rtl/secded/secded_pipelined_72_64_v1.sv:0$7763: $auto$alumacc.cc:485:replace_alu$14163
  creating $alu cell for $flatten\decoder.$sub$asic/rtl/secded/secded_pipelined_72_64_v1.sv:123$7761: $auto$alumacc.cc:485:replace_alu$14166
  created 4 $alu and 0 $macc cells.

7.14. Executing SHARE pass (SAT-based resource sharing).

7.15. Executing OPT pass (performing simple optimizations).

7.15.1. Executing OPT_EXPR pass (perform const folding).
Optimizing module gate03r_secded_pipelined_combined.

7.15.2. Executing OPT_MERGE pass (detect identical cells).
Finding identical cells in module `\gate03r_secded_pipelined_combined'.
Removed a total of 0 cells.

7.15.3. Executing OPT_MUXTREE pass (detect dead branches in mux trees).
Running muxtree optimizer on module \gate03r_secded_pipelined_combined..
  Creating internal representation of mux trees.
  Evaluating internal representation of mux trees.
  Analyzing evaluation results.
Removed 0 multiplexer ports.
<suppressed ~3 debug messages>

7.15.4. Executing OPT_REDUCE pass (consolidate $*mux and $reduce_* inputs).
  Optimizing cells in module \gate03r_secded_pipelined_combined.
Performed a total of 0 changes.

7.15.5. Executing OPT_MERGE pass (detect identical cells).
Finding identical cells in module `\gate03r_secded_pipelined_combined'.
Removed a total of 0 cells.

7.15.6. Executing OPT_DFF pass (perform DFF optimizations).

7.15.7. Executing OPT_CLEAN pass (remove unused cells and wires).
Finding unused cells or wires in module \gate03r_secded_pipelined_combined..
Removed 0 unused cells and 2 unused wires.
<suppressed ~1 debug messages>

7.15.8. Executing OPT_EXPR pass (perform const folding).
Optimizing module gate03r_secded_pipelined_combined.

7.15.9. Rerunning OPT passes. (Maybe there is more to do..)

7.15.10. Executing OPT_MUXTREE pass (detect dead branches in mux trees).
Running muxtree optimizer on module \gate03r_secded_pipelined_combined..
  Creating internal representation of mux trees.
  Evaluating internal representation of mux trees.
  Analyzing evaluation results.
Removed 0 multiplexer ports.
<suppressed ~3 debug messages>

7.15.11. Executing OPT_REDUCE pass (consolidate $*mux and $reduce_* inputs).
  Optimizing cells in module \gate03r_secded_pipelined_combined.
Performed a total of 0 changes.

7.15.12. Executing OPT_MERGE pass (detect identical cells).
Finding identical cells in module `\gate03r_secded_pipelined_combined'.
Removed a total of 0 cells.

7.15.13. Executing OPT_DFF pass (perform DFF optimizations).

7.15.14. Executing OPT_CLEAN pass (remove unused cells and wires).
Finding unused cells or wires in module \gate03r_secded_pipelined_combined..

7.15.15. Executing OPT_EXPR pass (perform const folding).
Optimizing module gate03r_secded_pipelined_combined.

7.15.16. Finished OPT passes. (There is nothing left to do.)

7.16. Executing MEMORY pass.

7.16.1. Executing OPT_MEM pass (optimize memories).
Performed a total of 0 transformations.

7.16.2. Executing OPT_MEM_PRIORITY pass (removing unnecessary memory write priority relations).
Performed a total of 0 transformations.

7.16.3. Executing OPT_MEM_FEEDBACK pass (finding memory read-to-write feedback paths).

7.16.4. Executing MEMORY_BMUX2ROM pass (converting muxes to ROMs).

7.16.5. Executing MEMORY_DFF pass (merging $dff cells to $memrd).

7.16.6. Executing OPT_CLEAN pass (remove unused cells and wires).
Finding unused cells or wires in module \gate03r_secded_pipelined_combined..

7.16.7. Executing MEMORY_SHARE pass (consolidating $memrd/$memwr cells).

7.16.8. Executing OPT_MEM_WIDEN pass (optimize memories where all ports are wide).
Performed a total of 0 transformations.

7.16.9. Executing OPT_CLEAN pass (remove unused cells and wires).
Finding unused cells or wires in module \gate03r_secded_pipelined_combined..

7.16.10. Executing MEMORY_COLLECT pass (generating $mem cells).

7.17. Executing OPT_CLEAN pass (remove unused cells and wires).
Finding unused cells or wires in module \gate03r_secded_pipelined_combined..

7.18. Executing OPT pass (performing simple optimizations).

7.18.1. Executing OPT_EXPR pass (perform const folding).
Optimizing module gate03r_secded_pipelined_combined.
<suppressed ~6 debug messages>

7.18.2. Executing OPT_MERGE pass (detect identical cells).
Finding identical cells in module `\gate03r_secded_pipelined_combined'.
Removed a total of 0 cells.

7.18.3. Executing OPT_DFF pass (perform DFF optimizations).

7.18.4. Executing OPT_CLEAN pass (remove unused cells and wires).
Finding unused cells or wires in module \gate03r_secded_pipelined_combined..
Removed 1 unused cells and 4 unused wires.
<suppressed ~2 debug messages>

7.18.5. Finished fast OPT passes.

7.19. Executing MEMORY_MAP pass (converting memories to logic and flip-flops).

7.20. Executing OPT pass (performing simple optimizations).

7.20.1. Executing OPT_EXPR pass (perform const folding).
Optimizing module gate03r_secded_pipelined_combined.

7.20.2. Executing OPT_MERGE pass (detect identical cells).
Finding identical cells in module `\gate03r_secded_pipelined_combined'.
Removed a total of 0 cells.

7.20.3. Executing OPT_MUXTREE pass (detect dead branches in mux trees).
Running muxtree optimizer on module \gate03r_secded_pipelined_combined..
  Creating internal representation of mux trees.
  Evaluating internal representation of mux trees.
  Analyzing evaluation results.
Removed 0 multiplexer ports.
<suppressed ~2 debug messages>

7.20.4. Executing OPT_REDUCE pass (consolidate $*mux and $reduce_* inputs).
  Optimizing cells in module \gate03r_secded_pipelined_combined.
Performed a total of 0 changes.

7.20.5. Executing OPT_MERGE pass (detect identical cells).
Finding identical cells in module `\gate03r_secded_pipelined_combined'.
Removed a total of 0 cells.

7.20.6. Executing OPT_SHARE pass.

7.20.7. Executing OPT_DFF pass (perform DFF optimizations).

7.20.8. Executing OPT_CLEAN pass (remove unused cells and wires).
Finding unused cells or wires in module \gate03r_secded_pipelined_combined..

7.20.9. Executing OPT_EXPR pass (perform const folding).
Optimizing module gate03r_secded_pipelined_combined.

7.20.10. Finished OPT passes. (There is nothing left to do.)

7.21. Executing TECHMAP pass (map to technology primitives).

7.21.1. Executing Verilog-2005 frontend: D:\Compiler Cpp\ucrt64\bin\../share/yosys/techmap.v
Parsing Verilog input from `D:\Compiler Cpp\ucrt64\bin\../share/yosys/techmap.v' to AST representation.
Generating RTLIL representation for module `\_90_simplemap_bool_ops'.
Generating RTLIL representation for module `\_90_simplemap_reduce_ops'.
Generating RTLIL representation for module `\_90_simplemap_logic_ops'.
Generating RTLIL representation for module `\_90_simplemap_compare_ops'.
Generating RTLIL representation for module `\_90_simplemap_various'.
Generating RTLIL representation for module `\_90_simplemap_registers'.
Generating RTLIL representation for module `\_90_shift_ops_shr_shl_sshl_sshr'.
Generating RTLIL representation for module `\_90_shift_shiftx'.
Generating RTLIL representation for module `\_90_fa'.
Generating RTLIL representation for module `\_90_lcu'.
Generating RTLIL representation for module `\_90_alu'.
Generating RTLIL representation for module `\_90_macc'.
Generating RTLIL representation for module `\_90_alumacc'.
Generating RTLIL representation for module `\$__div_mod_u'.
Generating RTLIL representation for module `\$__div_mod_trunc'.
Generating RTLIL representation for module `\_90_div'.
Generating RTLIL representation for module `\_90_mod'.
Generating RTLIL representation for module `\$__div_mod_floor'.
Generating RTLIL representation for module `\_90_divfloor'.
Generating RTLIL representation for module `\_90_modfloor'.
Generating RTLIL representation for module `\_90_pow'.
Generating RTLIL representation for module `\_90_pmux'.
Generating RTLIL representation for module `\_90_demux'.
Generating RTLIL representation for module `\_90_lut'.
Successfully finished Verilog frontend.

7.21.2. Continuing TECHMAP pass.
Using extmapper simplemap for cells of type $not.
Using extmapper simplemap for cells of type $reduce_and.
Using extmapper simplemap for cells of type $reduce_or.
Using template $paramod$dbcdc7e8aa1a4080cea2deda6fdc8772064f4d90\_90_alu for cells of type $alu.
Using extmapper simplemap for cells of type $dff.
Using extmapper simplemap for cells of type $xor.
Using extmapper simplemap for cells of type $reduce_xor.
Using extmapper simplemap for cells of type $sdff.
Using extmapper simplemap for cells of type $or.
Using extmapper simplemap for cells of type $mux.
Using extmapper simplemap for cells of type $logic_and.
Using extmapper simplemap for cells of type $logic_not.
Using template $paramod$0cb8c8207ef60c40f3d931234779bbc53d5f6b86\_90_alu for cells of type $alu.
Using template $paramod$99501223b6f7e5af250351eeb57edb5403a5ad0b\_90_alu for cells of type $alu.
Using extmapper simplemap for cells of type $logic_or.
Using template $paramod$constmap:4d74be38e6b79a599d278b38d831ba2ee1d65e59$paramod$b6defe1885a38caa29433d011c6365392c91abf2\_90_shift_shiftx for cells of type $shift.
Using template $paramod$821d2886e47353e724eaca46af4992e9c3e6ac1d\_90_alu for cells of type $alu.
Using extmapper simplemap for cells of type $reduce_bool.
Using extmapper simplemap for cells of type $ne.
Using extmapper simplemap for cells of type $and.
Using template $paramod\_90_lcu\WIDTH=32'00000000000000000000000000000110 for cells of type $lcu.
Using extmapper simplemap for cells of type $pos.
Using template $paramod\_90_lcu\WIDTH=32'00000000000000000000000000100001 for cells of type $lcu.
Using template $paramod\_90_lcu\WIDTH=32'00000000000000000000000000001000 for cells of type $lcu.
Using template $paramod\_90_lcu\WIDTH=32'00000000000000000000000000000111 for cells of type $lcu.
No more expansions possible.
<suppressed ~1543 debug messages>

7.22. Executing OPT pass (performing simple optimizations).

7.22.1. Executing OPT_EXPR pass (perform const folding).
Optimizing module gate03r_secded_pipelined_combined.
<suppressed ~5222 debug messages>

7.22.2. Executing OPT_MERGE pass (detect identical cells).
Finding identical cells in module `\gate03r_secded_pipelined_combined'.
<suppressed ~282 debug messages>
Removed a total of 94 cells.

7.22.3. Executing OPT_DFF pass (perform DFF optimizations).

7.22.4. Executing OPT_CLEAN pass (remove unused cells and wires).
Finding unused cells or wires in module \gate03r_secded_pipelined_combined..
Removed 322 unused cells and 417 unused wires.
<suppressed ~323 debug messages>

7.22.5. Finished fast OPT passes.

7.23. Executing ABC pass (technology mapping using ABC).

7.23.1. Extracting gate netlist of module `\gate03r_secded_pipelined_combined' to `<abc-temp-dir>/input.blif'..
Extracted 1044 gates and 1324 wires to a netlist network with 279 inputs and 84 outputs.

7.23.1.1. Executing ABC.
Running ABC command: "<yosys-exe-dir>/yosys-abc" -s -f <abc-temp-dir>/abc.script 2>&1
ABC: ABC command line: "source <abc-temp-dir>/abc.script".
ABC: 
ABC: + read_blif <abc-temp-dir>/input.blif 
ABC: + read_library <abc-temp-dir>/stdcells.genlib 
ABC: Entered genlib library with 13 gates from file "<abc-temp-dir>/stdcells.genlib".
ABC: + strash 
ABC: + dretime 
ABC: + map 
ABC: + write_blif <abc-temp-dir>/output.blif 

7.23.1.2. Re-integrating ABC results.
ABC RESULTS:               MUX cells:        1
ABC RESULTS:               XOR cells:        9
ABC RESULTS:               NOR cells:       21
ABC RESULTS:            ANDNOT cells:       18
ABC RESULTS:               AND cells:        1
ABC RESULTS:              NAND cells:        4
ABC RESULTS:               NOT cells:       66
ABC RESULTS:                OR cells:       59
ABC RESULTS:             ORNOT cells:      326
ABC RESULTS:              XNOR cells:      540
ABC RESULTS:        internal signals:      961
ABC RESULTS:           input signals:      279
ABC RESULTS:          output signals:       84
Removing temp directory.

7.24. Executing OPT pass (performing simple optimizations).

7.24.1. Executing OPT_EXPR pass (perform const folding).
Optimizing module gate03r_secded_pipelined_combined.

7.24.2. Executing OPT_MERGE pass (detect identical cells).
Finding identical cells in module `\gate03r_secded_pipelined_combined'.
<suppressed ~12 debug messages>
Removed a total of 4 cells.

7.24.3. Executing OPT_DFF pass (perform DFF optimizations).

7.24.4. Executing OPT_CLEAN pass (remove unused cells and wires).
Finding unused cells or wires in module \gate03r_secded_pipelined_combined..
Removed 0 unused cells and 680 unused wires.
<suppressed ~7 debug messages>

7.24.5. Finished fast OPT passes.

7.25. Executing HIERARCHY pass (managing design hierarchy).

7.25.1. Analyzing design hierarchy..
Top module:  \gate03r_secded_pipelined_combined

7.25.2. Analyzing design hierarchy..
Top module:  \gate03r_secded_pipelined_combined
Removed 0 unused modules.

7.26. Printing statistics.

=== gate03r_secded_pipelined_combined ===

   Number of wires:               1024
   Number of wire bits:           2462
   Number of public wires:          64
   Number of public wire bits:    1502
   Number of memories:               0
   Number of memory bits:            0
   Number of processes:              0
   Number of cells:               1327
     $_ANDNOT_                      18
     $_AND_                          1
     $_DFF_P_                      285
     $_MUX_                          1
     $_NAND_                         4
     $_NOR_                         20
     $_NOT_                         66
     $_ORNOT_                      326
     $_OR_                          57
     $_SDFF_PP0_                     1
     $_XNOR_                       539
     $_XOR_                          9

7.27. Executing CHECK pass (checking for obvious problems).
Checking module gate03r_secded_pipelined_combined...
Found and reported 0 problems.

8. Executing CHECK pass (checking for obvious problems).
Checking module gate03r_secded_pipelined_combined...
Found and reported 0 problems.

9. Executing JSON backend.

10. Executing Verilog backend.

10.1. Executing BMUXMAP pass.

10.2. Executing DEMUXMAP pass.
Dumping module `\gate03r_secded_pipelined_combined'.

Warnings: 2 unique messages, 2 total
End of script. Logfile hash: 47049554e3
Yosys 0.30+48 (git sha1 b5b0b7e83, x86_64-w64-mingw32-g++ 13.1.0 -march=nocona -msahf -mtune=generic -O2 -Os)
Time spent: 1% 29x opt_expr (0 sec), 1% 21x opt_clean (0 sec), ...

exit_code=0
