{
  "28": {
    "0.55": {
      "gates": {
        "xor": {
          "n": 64,
          "mean": 2.3e-12,
          "stddev": 1.15e-13,
          "ci95": {
            "low": 2.271825e-12,
            "high": 2.328175e-12
          }
        },
        "and": {
          "n": 64,
          "mean": 1.1e-12,
          "stddev": 5.5e-14,
          "ci95": {
            "low": 1.086525e-12,
            "high": 1.113475e-12
          }
        },
        "adder_stage": {
          "n": 64,
          "mean": 3.7e-12,
          "stddev": 1.8500000000000002e-13,
          "ci95": {
            "low": 3.654675e-12,
            "high": 3.745325e-12
          }
        }
      }
    },
    "0.6": {
      "gates": {
        "xor": {
          "n": 64,
          "mean": 2.5e-12,
          "stddev": 1.25e-13,
          "ci95": {
            "low": 2.4693749999999997e-12,
            "high": 2.530625e-12
          }
        },
        "and": {
          "n": 64,
          "mean": 1.2e-12,
          "stddev": 6e-14,
          "ci95": {
            "low": 1.1853e-12,
            "high": 1.2146999999999999e-12
          }
        },
        "adder_stage": {
          "n": 64,
          "mean": 4e-12,
          "stddev": 2e-13,
          "ci95": {
            "low": 3.951e-12,
            "high": 4.049e-12
          }
        }
      }
    },
    "0.7": {
      "gates": {
        "xor": {
          "n": 64,
          "mean": 2.75e-12,
          "stddev": 1.3750000000000002e-13,
          "ci95": {
            "low": 2.7163125000000004e-12,
            "high": 2.7836875e-12
          }
        },
        "and": {
          "n": 64,
          "mean": 1.35e-12,
          "stddev": 6.75e-14,
          "ci95": {
            "low": 1.3334624999999999e-12,
            "high": 1.3665375e-12
          }
        },
        "adder_stage": {
          "n": 64,
          "mean": 4.5e-12,
          "stddev": 2.25e-13,
          "ci95": {
            "low": 4.4448749999999995e-12,
            "high": 4.555125e-12
          }
        }
      }
    },
    "0.8": {
      "gates": {
        "xor": {
          "n": 64,
          "mean": 3e-12,
          "stddev": 1.5000000000000002e-13,
          "ci95": {
            "low": 2.9632500000000003e-12,
            "high": 3.03675e-12
          }
        },
        "and": {
          "n": 64,
          "mean": 1.5e-12,
          "stddev": 7.500000000000001e-14,
          "ci95": {
            "low": 1.4816250000000002e-12,
            "high": 1.518375e-12
          }
        },
        "adder_stage": {
          "n": 64,
          "mean": 5e-12,
          "stddev": 2.5e-13,
          "ci95": {
            "low": 4.938749999999999e-12,
            "high": 5.06125e-12
          }
        }
      }
    },
    "0.85": {
      "gates": {
        "xor": {
          "n": 64,
          "mean": 3.2e-12,
          "stddev": 1.6000000000000003e-13,
          "ci95": {
            "low": 3.1608e-12,
            "high": 3.2392e-12
          }
        },
        "and": {
          "n": 64,
          "mean": 1.6e-12,
          "stddev": 8.000000000000001e-14,
          "ci95": {
            "low": 1.5804e-12,
            "high": 1.6196e-12
          }
        },
        "adder_stage": {
          "n": 64,
          "mean": 5.3e-12,
          "stddev": 2.65e-13,
          "ci95": {
            "low": 5.235075e-12,
            "high": 5.364924999999999e-12
          }
        }
      }
    }
  },
  "16": {
    "0.55": {
      "gates": {
        "xor": {
          "n": 64,
          "mean": 1.35e-12,
          "stddev": 6.75e-14,
          "ci95": {
            "low": 1.3334624999999999e-12,
            "high": 1.3665375e-12
          }
        },
        "and": {
          "n": 64,
          "mean": 7e-13,
          "stddev": 3.5e-14,
          "ci95": {
            "low": 6.914250000000001e-13,
            "high": 7.08575e-13
          }
        },
        "adder_stage": {
          "n": 64,
          "mean": 2.2e-12,
          "stddev": 1.1e-13,
          "ci95": {
            "low": 2.17305e-12,
            "high": 2.22695e-12
          }
        }
      }
    },
    "0.6": {
      "gates": {
        "xor": {
          "n": 64,
          "mean": 1.5e-12,
          "stddev": 7.500000000000001e-14,
          "ci95": {
            "low": 1.4816250000000002e-12,
            "high": 1.518375e-12
          }
        },
        "and": {
          "n": 64,
          "mean": 8e-13,
          "stddev": 4.0000000000000006e-14,
          "ci95": {
            "low": 7.902e-13,
            "high": 8.098e-13
          }
        },
        "adder_stage": {
          "n": 64,
          "mean": 2.4e-12,
          "stddev": 1.2e-13,
          "ci95": {
            "low": 2.3706e-12,
            "high": 2.4293999999999997e-12
          }
        }
      }
    },
    "0.7": {
      "gates": {
        "xor": {
          "n": 64,
          "mean": 1.75e-12,
          "stddev": 8.75e-14,
          "ci95": {
            "low": 1.7285625e-12,
            "high": 1.7714375e-12
          }
        },
        "and": {
          "n": 64,
          "mean": 9e-13,
          "stddev": 4.5000000000000004e-14,
          "ci95": {
            "low": 8.88975e-13,
            "high": 9.11025e-13
          }
        },
        "adder_stage": {
          "n": 64,
          "mean": 2.7e-12,
          "stddev": 1.35e-13,
          "ci95": {
            "low": 2.6669249999999998e-12,
            "high": 2.733075e-12
          }
        }
      }
    },
    "0.8": {
      "gates": {
        "xor": {
          "n": 64,
          "mean": 2e-12,
          "stddev": 1e-13,
          "ci95": {
            "low": 1.9755e-12,
            "high": 2.0245e-12
          }
        },
        "and": {
          "n": 64,
          "mean": 1e-12,
          "stddev": 5e-14,
          "ci95": {
            "low": 9.8775e-13,
            "high": 1.01225e-12
          }
        },
        "adder_stage": {
          "n": 64,
          "mean": 3e-12,
          "stddev": 1.5000000000000002e-13,
          "ci95": {
            "low": 2.9632500000000003e-12,
            "high": 3.03675e-12
          }
        }
      }
    },
    "0.85": {
      "gates": {
        "xor": {
          "n": 64,
          "mean": 2.15e-12,
          "stddev": 1.075e-13,
          "ci95": {
            "low": 2.1236625e-12,
            "high": 2.1763374999999998e-12
          }
        },
        "and": {
          "n": 64,
          "mean": 1.1e-12,
          "stddev": 5.5e-14,
          "ci95": {
            "low": 1.086525e-12,
            "high": 1.113475e-12
          }
        },
        "adder_stage": {
          "n": 64,
          "mean": 3.25e-12,
          "stddev": 1.6250000000000001e-13,
          "ci95": {
            "low": 3.2101875000000002e-12,
            "high": 3.2898125e-12
          }
        }
      }
    }
  },
  "7": {
    "0.55": {
      "gates": {
        "xor": {
          "n": 64,
          "mean": 7e-13,
          "stddev": 3.5e-14,
          "ci95": {
            "low": 6.914250000000001e-13,
            "high": 7.08575e-13
          }
        },
        "and": {
          "n": 64,
          "mean": 3.5e-13,
          "stddev": 1.75e-14,
          "ci95": {
            "low": 3.4571250000000003e-13,
            "high": 3.542875e-13
          }
        },
        "adder_stage": {
          "n": 64,
          "mean": 9.5e-13,
          "stddev": 4.75e-14,
          "ci95": {
            "low": 9.383625e-13,
            "high": 9.616375e-13
          }
        }
      }
    },
    "0.6": {
      "gates": {
        "xor": {
          "n": 64,
          "mean": 8e-13,
          "stddev": 4.0000000000000006e-14,
          "ci95": {
            "low": 7.902e-13,
            "high": 8.098e-13
          }
        },
        "and": {
          "n": 64,
          "mean": 4e-13,
          "stddev": 2.0000000000000003e-14,
          "ci95": {
            "low": 3.951e-13,
            "high": 4.049e-13
          }
        },