PREFLIGHT_TOP=gate04_secded_comb_72_64

 /----------------------------------------------------------------------------\
 |  yosys -- Yosys Open SYnthesis Suite                                       |
 |  Copyright (C) 2012 - 2026  Claire Xenia Wolf <claire@yosyshq.com>         |
 |  Distributed under an ISC-like license, type "license" to see terms        |
 \----------------------------------------------------------------------------/
 Yosys 0.68+post (git sha1 UNKNOWN, Release, GNU /usr/local/bin/wrapped-cc/g++ 11.4.0)

-- Running command `read_verilog -sv /gate04-repo/scripts/gate03r/rtl/secded_characterization_tops.sv /gate04-repo/scripts/gate04/rtl/gate04_boundaries.sv; hierarchy -check -top gate04_secded_comb_72_64; proc; check -assert; stat' --

1. Executing Verilog-2005 frontend: /gate04-repo/scripts/gate03r/rtl/secded_characterization_tops.sv
Parsing SystemVerilog input from `/gate04-repo/scripts/gate03r/rtl/secded_characterization_tops.sv' to AST representation.
Generating RTLIL representation for module `\gate03r_secded_baseline_encoder'.
Note: Assuming pure combinatorial block at /gate04-repo/scripts/gate03r/rtl/secded_characterization_tops.sv:13.3-26.6 in
compliance with IEC 62142(E):2005 / IEEE Std. 1364.1(E):2002. Recommending
use of @* instead of @(...) for better match of synthesis and simulation.
Generating RTLIL representation for module `\gate03r_secded_baseline_decoder'.
Note: Assuming pure combinatorial block at /gate04-repo/scripts/gate03r/rtl/secded_characterization_tops.sv:45.3-68.6 in
compliance with IEC 62142(E):2005 / IEEE Std. 1364.1(E):2002. Recommending
use of @* instead of @(...) for better match of synthesis and simulation.
Generating RTLIL representation for module `\gate03r_secded_baseline_combined'.
Generating RTLIL representation for module `\gate03r_secded_pipelined_combined'.
Generating RTLIL representation for module `\gate03r_bch_combined'.
Successfully finished Verilog frontend.

2. Executing Verilog-2005 frontend: /gate04-repo/scripts/gate04/rtl/gate04_boundaries.sv
Parsing SystemVerilog input from `/gate04-repo/scripts/gate04/rtl/gate04_boundaries.sv' to AST representation.
Generating RTLIL representation for module `\gate04_secded_comb_72_64'.
Generating RTLIL representation for module `\gate04_secded_pipe_72_64'.
Generating RTLIL representation for module `\gate04_hsiao_72_64'.
Generating RTLIL representation for module `\gate04_bch_78_64'.
Generating RTLIL representation for module `\gate04_boundary_ref_72_64'.
Generating RTLIL representation for module `\gate04_boundary_ref_78_64'.
Successfully finished Verilog frontend.

3. Executing HIERARCHY pass (managing design hierarchy).

3.1. Analyzing design hierarchy..
Top module:  \gate04_secded_comb_72_64
Used module:     \gate03r_secded_baseline_decoder
Used module:     \gate03r_secded_baseline_encoder

3.2. Analyzing design hierarchy..
Top module:  \gate04_secded_comb_72_64
Used module:     \gate03r_secded_baseline_decoder
Used module:     \gate03r_secded_baseline_encoder
Removing unused module `\gate04_boundary_ref_78_64'.
Removing unused module `\gate04_boundary_ref_72_64'.
Removing unused module `\gate04_bch_78_64'.
Removing unused module `\gate04_hsiao_72_64'.
Removing unused module `\gate04_secded_pipe_72_64'.
Removing unused module `\gate03r_bch_combined'.
Removing unused module `\gate03r_secded_pipelined_combined'.
Removing unused module `\gate03r_secded_baseline_combined'.
Removed 8 unused modules.

4. Executing PROC pass (convert processes to netlists).

4.1. Executing PROC_CLEAN pass (remove empty switches from decision trees).
Found and cleaned up 504 empty switches in `\gate03r_secded_baseline_decoder.$proc$/gate04-repo/scripts/gate03r/rtl/secded_characterization_tops.sv:45$556'.
Found and cleaned up 568 empty switches in `\gate03r_secded_baseline_encoder.$proc$/gate04-repo/scripts/gate03r/rtl/secded_characterization_tops.sv:13$78'.
Cleaned up 1072 empty switches.

4.2. Executing PROC_RMDEAD pass (remove dead branches from decision trees).
Marked 1 switch rules as full_case in process $proc$/gate04-repo/scripts/gate04/rtl/gate04_boundaries.sv:38$1435 in module gate04_secded_comb_72_64.
Marked 67 switch rules as full_case in process $proc$/gate04-repo/scripts/gate03r/rtl/secded_characterization_tops.sv:45$556 in module gate03r_secded_baseline_decoder.
Removed a total of 0 dead cases.

4.3. Executing PROC_PRUNE pass (remove redundant assignments in processes).
Removed 11 redundant assignments.
Promoted 711 assignments to connections.

4.4. Executing PROC_INIT pass (extract init attributes).

4.5. Executing PROC_ARST pass (detect async resets in processes).

4.6. Executing PROC_ROM pass (convert switches to ROMs).
Converted 0 switches.
<suppressed ~68 debug messages>

4.7. Executing PROC_MUX pass (convert decision trees to multiplexers).
Creating decoders for process `\gate04_secded_comb_72_64.$proc$/gate04-repo/scripts/gate04/rtl/gate04_boundaries.sv:38$1435'.
     1/11: $0\dec_uncorrectable_o[0:0]
     2/11: $0\dec_corrected_o[0:0]
     3/11: $0\dec_detected_o[0:0]
     4/11: $0\dec_codeword_echo_o[71:0]
     5/11: $0\dec_data_o[63:0]
     6/11: $0\dec_valid_o[0:0]
     7/11: $0\enc_codeword_o[71:0]
     8/11: $0\enc_valid_o[0:0]
     9/11: $0\dec_codeword_q[71:0]
    10/11: $0\enc_data_q[63:0]
    11/11: $0\valid_q[0:0]
Creating decoders for process `\gate03r_secded_baseline_decoder.$proc$/gate04-repo/scripts/gate03r/rtl/secded_characterization_tops.sv:45$556'.
     1/201: $64\data_index[31:0]
     2/201: $64\data_o[63:0]
     3/201: $1$bitselwrite$pos$/gate04-repo/scripts/gate03r/rtl/secded_characterization_tops.sv:66$555[31:0]$1426
     4/201: $63\data_index[31:0]
     5/201: $63\data_o[63:0]
     6/201: $1$bitselwrite$pos$/gate04-repo/scripts/gate03r/rtl/secded_characterization_tops.sv:66$553[31:0]$1417
     7/201: $62\data_index[31:0]
     8/201: $62\data_o[63:0]
     9/201: $1$bitselwrite$pos$/gate04-repo/scripts/gate03r/rtl/secded_characterization_tops.sv:66$551[31:0]$1408
    10/201: $61\data_index[31:0]
    11/201: $61\data_o[63:0]
    12/201: $1$bitselwrite$pos$/gate04-repo/scripts/gate03r/rtl/secded_characterization_tops.sv:66$549[31:0]$1399
    13/201: $60\data_index[31:0]
    14/201: $60\data_o[63:0]
    15/201: $1$bitselwrite$pos$/gate04-repo/scripts/gate03r/rtl/secded_characterization_tops.sv:66$547[31:0]$1390
    16/201: $59\data_index[31:0]
    17/201: $59\data_o[63:0]
    18/201: $1$bitselwrite$pos$/gate04-repo/scripts/gate03r/rtl/secded_characterization_tops.sv:66$545[31:0]$1381
    19/201: $58\data_index[31:0]
    20/201: $58\data_o[63:0]
    21/201: $1$bitselwrite$pos$/gate04-repo/scripts/gate03r/rtl/secded_characterization_tops.sv:66$543[31:0]$1372
    22/201: $57\data_index[31:0]
    23/201: $57\data_o[63:0]
    24/201: $1$bitselwrite$pos$/gate04-repo/scripts/gate03r/rtl/secded_characterization_tops.sv:66$540[31:0]$1363
    25/201: $56\data_index[31:0]
    26/201: $56\data_o[63:0]
    27/201: $1$bitselwrite$pos$/gate04-repo/scripts/gate03r/rtl/secded_characterization_tops.sv:66$538[31:0]$1354
    28/201: $55\data_index[31:0]
    29/201: $55\data_o[63:0]
    30/201: $1$bitselwrite$pos$/gate04-repo/scripts/gate03r/rtl/secded_characterization_tops.sv:66$536[31:0]$1345
    31/201: $54\data_index[31:0]
    32/201: $54\data_o[63:0]
    33/201: $1$bitselwrite$pos$/gate04-repo/scripts/gate03r/rtl/secded_characterization_tops.sv:66$534[31:0]$1336
    34/201: $53\data_index[31:0]
    35/201: $53\data_o[63:0]
    36/201: $1$bitselwrite$pos$/gate04-repo/scripts/gate03r/rtl/secded_characterization_tops.sv:66$532[31:0]$1327
    37/201: $52\data_index[31:0]
    38/201: $52\data_o[63:0]
    39/201: $1$bitselwrite$pos$/gate04-repo/scripts/gate03r/rtl/secded_characterization_tops.sv:66$530[31:0]$1318
    40/201: $51\data_index[31:0]
    41/201: $51\data_o[63:0]
    42/201: $1$bitselwrite$pos$/gate04-repo/scripts/gate03r/rtl/secded_characterization_tops.sv:66$528[31:0]$1309
    43/201: $50\data_index[31:0]
    44/201: $50\data_o[63:0]
    45/201: $1$bitselwrite$pos$/gate04-repo/scripts/gate03r/rtl/secded_characterization_tops.sv:66$526[31:0]$1300
    46/201: $49\data_index[31:0]
    47/201: $49\data_o[63:0]
    48/201: $1$bitselwrite$pos$/gate04-repo/scripts/gate03r/rtl/secded_characterization_tops.sv:66$524[31:0]$1291
    49/201: $48\data_index[31:0]
    50/201: $48\data_o[63:0]
    51/201: $1$bitselwrite$pos$/gate04-repo/scripts/gate03r/rtl/secded_characterization_tops.sv:66$522[31:0]$1282
    52/201: $47\data_index[31:0]
    53/201: $47\data_o[63:0]
    54/201: $1$bitselwrite$pos$/gate04-repo/scripts/gate03r/rtl/secded_characterization_tops.sv:66$520[31:0]$1273
    55/201: $46\data_index[31:0]
    56/201: $46\data_o[63:0]
    57/201: $1$bitselwrite$pos$/gate04-repo/scripts/gate03r/rtl/secded_characterization_tops.sv:66$518[31:0]$1264
    58/201: $45\data_index[31:0]
    59/201: $45\data_o[63:0]
    60/201: $1$bitselwrite$pos$/gate04-repo/scripts/gate03r/rtl/secded_characterization_tops.sv:66$516[31:0]$1255
    61/201: $44\data_index[31:0]
    62/201: $44\data_o[63:0]
    63/201: $1$bitselwrite$pos$/gate04-repo/scripts/gate03r/rtl/secded_characterization_tops.sv:66$514[31:0]$1246
    64/201: $43\data_index[31:0]
    65/201: $43\data_o[63:0]
    66/201: $1$bitselwrite$pos$/gate04-repo/scripts/gate03r/rtl/secded_characterization_tops.sv:66$512[31:0]$1237
    67/201: $42\data_index[31:0]
    68/201: $42\data_o[63:0]
    69/201: $1$bitselwrite$pos$/gate04-repo/scripts/gate03r/rtl/secded_characterization_tops.sv:66$510[31:0]$1228
    70/201: $41\data_index[31:0]
    71/201: $41\data_o[63:0]
    72/201: $1$bitselwrite$pos$/gate04-repo/scripts/gate03r/rtl/secded_characterization_tops.sv:66$508[31:0]$1219
    73/201: $40\data_index[31:0]
    74/201: $40\data_o[63:0]
    75/201: $1$bitselwrite$pos$/gate04-repo/scripts/gate03r/rtl/secded_characterization_tops.sv:66$506[31:0]$1210
    76/201: $39\data_index[31:0]
    77/201: $39\data_o[63:0]
    78/201: $1$bitselwrite$pos$/gate04-repo/scripts/gate03r/rtl/secded_characterization_tops.sv:66$504[31:0]$1201
    79/201: $38\data_index[31:0]
    80/201: $38\data_o[63:0]
    81/201: $1$bitselwrite$pos$/gate04-repo/scripts/gate03r/rtl/secded_characterization_tops.sv:66$502[31:0]$1192
    82/201: $37\data_index[31:0]
    83/201: $37\data_o[63:0]
    84/201: $1$bitselwrite$pos$/gate04-repo/scripts/gate03r/rtl/secded_characterization_tops.sv:66$500[31:0]$1183
    85/201: $36\data_index[31:0]
    86/201: $36\data_o[63:0]
    87/201: $1$bitselwrite$pos$/gate04-repo/scripts/gate03r/rtl/secded_characterization_tops.sv:66$498[31:0]$1174
    88/201: $35\data_index[31:0]
    89/201: $35\data_o[63:0]
    90/201: $1$bitselwrite$pos$/gate04-repo/scripts/gate03r/rtl/secded_characterization_tops.sv:66$496[31:0]$1165
    91/201: $34\data_index[31:0]
    92/201: $34\data_o[63:0]
    93/201: $1$bitselwrite$pos$/gate04-repo/scripts/gate03r/rtl/secded_characterization_tops.sv:66$494[31:0]$1156
    94/201: $33\data_index[31:0]
    95/201: $33\data_o[63:0]
    96/201: $1$bitselwrite$pos$/gate04-repo/scripts/gate03r/rtl/secded_characterization_tops.sv:66$492[31:0]$1147
    97/201: $32\data_index[31:0]
    98/201: $32\data_o[63:0]
    99/201: $1$bitselwrite$pos$/gate04-repo/scripts/gate03r/rtl/secded_characterization_tops.sv:66$490[31:0]$1138
   100/201: $31\data_index[31:0]
   101/201: $31\data_o[63:0]
   102/201: $1$bitselwrite$pos$/gate04-repo/scripts/gate03r/rtl/secded_characterization_tops.sv:66$488[31:0]$1129
   103/201: $30\data_index[31:0]
   104/201: $30\data_o[63:0]
   105/201: $1$bitselwrite$pos$/gate04-repo/scripts/gate03r/rtl/secded_characterization_tops.sv:66$486[31:0]$1120
   106/201: $29\data_index[31:0]
   107/201: $29\data_o[63:0]
   108/201: $1$bitselwrite$pos$/gate04-repo/scripts/gate03r/rtl/secded_characterization_tops.sv:66$484[31:0]$1111
   109/201: $28\data_index[31:0]
   110/201: $28\data_o[63:0]
   111/201: $1$bitselwrite$pos$/gate04-repo/scripts/gate03r/rtl/secded_characterization_tops.sv:66$482[31:0]$1102
   112/201: $27\data_index[31:0]
   113/201: $27\data_o[63:0]
   114/201: $1$bitselwrite$pos$/gate04-repo/scripts/gate03r/rtl/secded_characterization_tops.sv:66$480[31:0]$1093
   115/201: $26\data_index[31:0]
   116/201: $26\data_o[63:0]
   117/201: $1$bitselwrite$pos$/gate04-repo/scripts/gate03r/rtl/secded_characterization_tops.sv:66$477[31:0]$1084
   118/201: $25\data_index[31:0]
   119/201: $25\data_o[63:0]
   120/201: $1$bitselwrite$pos$/gate04-repo/scripts/gate03r/rtl/secded_characterization_tops.sv:66$475[31:0]$1075
   121/201: $24\data_index[31:0]
   122/201: $24\data_o[63:0]
   123/201: $1$bitselwrite$pos$/gate04-repo/scripts/gate03r/rtl/secded_characterization_tops.sv:66$473[31:0]$1066
   124/201: $23\data_index[31:0]
   125/201: $23\data_o[63:0]
   126/201: $1$bitselwrite$pos$/gate04-repo/scripts/gate03r/rtl/secded_characterization_tops.sv:66$471[31:0]$1057
   127/201: $22\data_index[31:0]
   128/201: $22\data_o[63:0]
   129/201: $1$bitselwrite$pos$/gate04-repo/scripts/gate03r/rtl/secded_characterization_tops.sv:66$469[31:0]$1048
   130/201: $21\data_index[31:0]
   131/201: $21\data_o[63:0]
   132/201: $1$bitselwrite$pos$/gate04-repo/scripts/gate03r/rtl/secded_characterization_tops.sv:66$467[31:0]$1039
   133/201: $20\data_index[31:0]
   134/201: $20\data_o[63:0]
   135/201: $1$bitselwrite$pos$/gate04-repo/scripts/gate03r/rtl/secded_characterization_tops.sv:66$465[31:0]$1030
   136/201: $19\data_index[31:0]
   137/201: $19\data_o[63:0]
   138/201: $1$bitselwrite$pos$/gate04-repo/scripts/gate03r/rtl/secded_characterization_tops.sv:66$463[31:0]$1021
   139/201: $18\data_index[31:0]
   140/201: $18\data_o[63:0]
   141/201: $1$bitselwrite$pos$/gate04-repo/scripts/gate03r/rtl/secded_characterization_tops.sv:66$461[31:0]$1012
   142/201: $17\data_index[31:0]
   143/201: $17\data_o[63:0]
   144/201: $1$bitselwrite$pos$/gate04-repo/scripts/gate03r/rtl/secded_characterization_tops.sv:66$459[31:0]$1003
   145/201: $16\data_index[31:0]
   146/201: $16\data_o[63:0]
   147/201: $1$bitselwrite$pos$/gate04-repo/scripts/gate03r/rtl/secded_characterization_tops.sv:66$457[31:0]$994
   148/201: $15\data_index[31:0]
   149/201: $15\data_o[63:0]
   150/201: $1$bitselwrite$pos$/gate04-repo/scripts/gate03r/rtl/secded_characterization_tops.sv:66$455[31:0]$985
   151/201: $14\data_index[31:0]
   152/201: $14\data_o[63:0]
   153/201: $1$bitselwrite$pos$/gate04-repo/scripts/gate03r/rtl/secded_characterization_tops.sv:66$453[31:0]$976
   154/201: $13\data_index[31:0]
   155/201: $13\data_o[63:0]
   156/201: $1$bitselwrite$pos$/gate04-repo/scripts/gate03r/rtl/secded_characterization_tops.sv:66$451[31:0]$967
   157/201: $12\data_index[31:0]
   158/201: $12\data_o[63:0]
   159/201: $1$bitselwrite$pos$/gate04-repo/scripts/gate03r/rtl/secded_characterization_tops.sv:66$449[31:0]$958
   160/201: $11\data_index[31:0]
   161/201: $11\data_o[63:0]
   162/201: $1$bitselwrite$pos$/gate04-repo/scripts/gate03r/rtl/secded_characterization_tops.sv:66$446[31:0]$949
   163/201: $10\data_index[31:0]
   164/201: $10\data_o[63:0]
   165/201: $1$bitselwrite$pos$/gate04-repo/scripts/gate03r/rtl/secded_characterization_tops.sv:66$444[31:0]$940
   166/201: $9\data_index[31:0]
   167/201: $9\data_o[63:0]
   168/201: $1$bitselwrite$pos$/gate04-repo/scripts/gate03r/rtl/secded_characterization_tops.sv:66$442[31:0]$931
   169/201: $8\data_index[31:0]
   170/201: $8\data_o[63:0]
   171/201: $1$bitselwrite$pos$/gate04-repo/scripts/gate03r/rtl/secded_characterization_tops.sv:66$440[31:0]$922
   172/201: $7\data_index[31:0]
   173/201: $7\data_o[63:0]
   174/201: $1$bitselwrite$pos$/gate04-repo/scripts/gate03r/rtl/secded_characterization_tops.sv:66$438[31:0]$913
   175/201: $6\data_index[31:0]
   176/201: $6\data_o[63:0]
   177/201: $1$bitselwrite$pos$/gate04-repo/scripts/gate03r/rtl/secded_characterization_tops.sv:66$436[31:0]$904
   178/201: $5\data_index[31:0]
   179/201: $5\data_o[63:0]
   180/201: $1$bitselwrite$pos$/gate04-repo/scripts/gate03r/rtl/secded_characterization_tops.sv:66$434[31:0]$895
   181/201: $4\data_index[31:0]
   182/201: $4\data_o[63:0]
   183/201: $1$bitselwrite$pos$/gate04-repo/scripts/gate03r/rtl/secded_characterization_tops.sv:66$431[31:0]$886
   184/201: $3\data_index[31:0]
   185/201: $3\data_o[63:0]
   186/201: $1$bitselwrite$pos$/gate04-repo/scripts/gate03r/rtl/secded_characterization_tops.sv:66$429[31:0]$877
   187/201: $2\data_index[31:0]
   188/201: $2\data_o[63:0]
   189/201: $1$bitselwrite$pos$/gate04-repo/scripts/gate03r/rtl/secded_characterization_tops.sv:66$427[31:0]$868
   190/201: $1\data_index[31:0]
   191/201: $1\data_o[63:0]
   192/201: $1$bitselwrite$pos$/gate04-repo/scripts/gate03r/rtl/secded_characterization_tops.sv:66$424[31:0]$859
   193/201: $3\err_uncorrectable_o[0:0]
   194/201: $2\err_corrected_o[0:0]
   195/201: $2\mask[71:71]
   196/201: $2\err_uncorrectable_o[0:0]
   197/201: $1\mask[71:0] [71]
   198/201: $1\mask[71:0] [70:0]
   199/201: $1\err_corrected_o[0:0]
   200/201: $1$bitselwrite$pos$/gate04-repo/scripts/gate03r/rtl/secded_characterization_tops.sv:56$420[31:0]$844
   201/201: $1\err_uncorrectable_o[0:0]
Creating decoders for process `\gate03r_secded_baseline_encoder.$proc$/gate04-repo/scripts/gate03r/rtl/secded_characterization_tops.sv:13$78'.

4.8. Executing PROC_DLATCH pass (convert process syncs to latches).
No latch inferred for signal `\gate03r_secded_baseline_decoder.\data_index' from process `\gate03r_secded_baseline_decoder.$proc$/gate04-repo/scripts/gate03r/rtl/secded_characterization_tops.sv:45$556'.
No latch inferred for signal `\gate03r_secded_baseline_decoder.\position' from process `\gate03r_secded_baseline_decoder.$proc$/gate04-repo/scripts/gate03r/rtl/secded_characterization_tops.sv:45$556'.
No latch inferred for signal `\gate03r_secded_baseline_decoder.\parity_index' from process `\gate03r_secded_baseline_decoder.$proc$/gate04-repo/scripts/gate03r/rtl/secded_characterization_tops.sv:45$556'.
No latch inferred for signal `\gate03r_secded_baseline_decoder.\data_o' from process `\gate03r_secded_baseline_decoder.$proc$/gate04-repo/scripts/gate03r/rtl/secded_characterization_tops.sv:45$556'.
No latch inferred for signal `\gate03r_secded_baseline_decoder.\corrected_codeword_o' from process `\gate03r_secded_baseline_decoder.$proc$/gate04-repo/scripts/gate03r/rtl/secded_characterization_tops.sv:45$556'.
No latch inferred for signal `\gate03r_secded_baseline_decoder.\err_detected_o' from process `\gate03r_secded_baseline_decoder.$proc$/gate04-repo/scripts/gate03r/rtl/secded_characterization_tops.sv:45$556'.
No latch inferred for signal `\gate03r_secded_baseline_decoder.\err_corrected_o' from process `\gate03r_secded_baseline_decoder.$proc$/gate04-repo/scripts/gate03r/rtl/secded_characterization_tops.sv:45$556'.
No latch inferred for signal `\gate03r_secded_baseline_decoder.\err_uncorrectable_o' from process `\gate03r_secded_baseline_decoder.$proc$/gate04-repo/scripts/gate03r/rtl/secded_characterization_tops.sv:45$556'.
No latch inferred for signal `\gate03r_secded_baseline_decoder.\syndrome' from process `\gate03r_secded_baseline_decoder.$proc$/gate04-repo/scripts/gate03r/rtl/secded_characterization_tops.sv:45$556'.
No latch inferred for signal `\gate03r_secded_baseline_decoder.\overall_mismatch' from process `\gate03r_secded_baseline_decoder.$proc$/gate04-repo/scripts/gate03r/rtl/secded_characterization_tops.sv:45$556'.
No latch inferred for signal `\gate03r_secded_baseline_decoder.\mask' from process `\gate03r_secded_baseline_decoder.$proc$/gate04-repo/scripts/gate03r/rtl/secded_characterization_tops.sv:45$556'.
No latch inferred for signal `\gate03r_secded_baseline_decoder.\error_position' from process `\gate03r_secded_baseline_decoder.$proc$/gate04-repo/scripts/gate03r/rtl/secded_characterization_tops.sv:45$556'.
No latch inferred for signal `\gate03r_secded_baseline_encoder.\codeword_o' from process `\gate03r_secded_baseline_encoder.$proc$/gate04-repo/scripts/gate03r/rtl/secded_characterization_tops.sv:13$78'.
No latch inferred for signal `\gate03r_secded_baseline_encoder.\positional' from process `\gate03r_secded_baseline_encoder.$proc$/gate04-repo/scripts/gate03r/rtl/secded_characterization_tops.sv:13$78'.
No latch inferred for signal `\gate03r_secded_baseline_encoder.\parity' from process `\gate03r_secded_baseline_encoder.$proc$/gate04-repo/scripts/gate03r/rtl/secded_characterization_tops.sv:13$78'.
No latch inferred for signal `\gate03r_secded_baseline_encoder.\data_index' from process `\gate03r_secded_baseline_encoder.$proc$/gate04-repo/scripts/gate03r/rtl/secded_characterization_tops.sv:13$78'.
No latch inferred for signal `\gate03r_secded_baseline_encoder.\position' from process `\gate03r_secded_baseline_encoder.$proc$/gate04-repo/scripts/gate03r/rtl/secded_characterization_tops.sv:13$78'.
No latch inferred for signal `\gate03r_secded_baseline_encoder.\parity_index' from process `\gate03r_secded_baseline_encoder.$proc$/gate04-repo/scripts/gate03r/rtl/secded_characterization_tops.sv:13$78'.

4.9. Executing PROC_DFF pass (convert process syncs to FFs).
Creating register for signal `\gate04_secded_comb_72_64.\enc_valid_o' using process `\gate04_secded_comb_72_64.$proc$/gate04-repo/scripts/gate04/rtl/gate04_boundaries.sv:38$1435'.
  created $dff cell `$procdff$1715' with positive edge clock.
Creating register for signal `\gate04_secded_comb_72_64.\enc_codeword_o' using process `\gate04_secded_comb_72_64.$proc$/gate04-repo/scripts/gate04/rtl/gate04_boundaries.sv:38$1435'.
  created $dff cell `$procdff$1716' with positive edge clock.
Creating register for signal `\gate04_secded_comb_72_64.\dec_valid_o' using process `\gate04_secded_comb_72_64.$proc$/gate04-repo/scripts/gate04/rtl/gate04_boundaries.sv:38$1435'.
  created $dff cell `$procdff$1717' with positive edge clock.
Creating register for signal `\gate04_secded_comb_72_64.\dec_data_o' using process `\gate04_secded_comb_72_64.$proc$/gate04-repo/scripts/gate04/rtl/gate04_boundaries.sv:38$1435'.
  created $dff cell `$procdff$1718' with positive edge clock.
Creating register for signal `\gate04_secded_comb_72_64.\dec_codeword_echo_o' using process `\gate04_secded_comb_72_64.$proc$/gate04-repo/scripts/gate04/rtl/gate04_boundaries.sv:38$1435'.
  created $dff cell `$procdff$1719' with positive edge clock.
Creating register for signal `\gate04_secded_comb_72_64.\dec_detected_o' using process `\gate04_secded_comb_72_64.$proc$/gate04-repo/scripts/gate04/rtl/gate04_boundaries.sv:38$1435'.
  created $dff cell `$procdff$1720' with positive edge clock.
Creating register for signal `\gate04_secded_comb_72_64.\dec_corrected_o' using process `\gate04_secded_comb_72_64.$proc$/gate04-repo/scripts/gate04/rtl/gate04_boundaries.sv:38$1435'.
  created $dff cell `$procdff$1721' with positive edge clock.
Creating register for signal `\gate04_secded_comb_72_64.\dec_uncorrectable_o' using process `\gate04_secded_comb_72_64.$proc$/gate04-repo/scripts/gate04/rtl/gate04_boundaries.sv:38$1435'.
  created $dff cell `$procdff$1722' with positive edge clock.
Creating register for signal `\gate04_secded_comb_72_64.\valid_q' using process `\gate04_secded_comb_72_64.$proc$/gate04-repo/scripts/gate04/rtl/gate04_boundaries.sv:38$1435'.
  created $dff cell `$procdff$1723' with positive edge clock.
Creating register for signal `\gate04_secded_comb_72_64.\enc_data_q' using process `\gate04_secded_comb_72_64.$proc$/gate04-repo/scripts/gate04/rtl/gate04_boundaries.sv:38$1435'.
  created $dff cell `$procdff$1724' with positive edge clock.
Creating register for signal `\gate04_secded_comb_72_64.\dec_codeword_q' using process `\gate04_secded_comb_72_64.$proc$/gate04-repo/scripts/gate04/rtl/gate04_boundaries.sv:38$1435'.
  created $dff cell `$procdff$1725' with positive edge clock.

4.10. Executing PROC_MEMWR pass (convert process memory writes to cells).

4.11. Executing PROC_CLEAN pass (remove empty switches from decision trees).
Found and cleaned up 1 empty switch in `\gate04_secded_comb_72_64.$proc$/gate04-repo/scripts/gate04/rtl/gate04_boundaries.sv:38$1435'.
Removing empty process `gate04_secded_comb_72_64.$proc$/gate04-repo/scripts/gate04/rtl/gate04_boundaries.sv:38$1435'.
Found and cleaned up 67 empty switches in `\gate03r_secded_baseline_decoder.$proc$/gate04-repo/scripts/gate03r/rtl/secded_characterization_tops.sv:45$556'.
Removing empty process `gate03r_secded_baseline_decoder.$proc$/gate04-repo/scripts/gate03r/rtl/secded_characterization_tops.sv:45$556'.
Removing empty process `gate03r_secded_baseline_encoder.$proc$/gate04-repo/scripts/gate03r/rtl/secded_characterization_tops.sv:13$78'.
Cleaned up 68 empty switches.

4.12. Executing OPT_EXPR pass (perform const folding).
Optimizing module gate04_secded_comb_72_64.
<suppressed ~11 debug messages>
Optimizing module gate03r_secded_baseline_decoder.
<suppressed ~462 debug messages>
Optimizing module gate03r_secded_baseline_encoder.
<suppressed ~142 debug messages>

5. Executing CHECK pass (checking for obvious problems).
Checking module gate04_secded_comb_72_64...
Checking module gate03r_secded_baseline_decoder...
Checking module gate03r_secded_baseline_encoder...
Found and reported 0 problems.

6. Printing statistics.

=== gate04_secded_comb_72_64 ===

        +----------Local Count, excluding submodules.
        | 
       56 wires
     1412 wire bits
       22 public wires
      700 public wire bits
       13 ports
      352 port bits
       23 cells
       11   $dff
        1   $logic_not
       11   $mux
        2 submodules
        1   gate03r_secded_baseline_decoder
        1   gate03r_secded_baseline_encoder

=== gate03r_secded_baseline_decoder ===

        +----------Local Count, excluding submodules.
        | 
     1343 wires
    41078 wire bits
       13 public wires
      419 public wire bits
        6 ports
      211 port bits
      304 cells
        1   $ge
        1   $le
        5   $logic_and
        2   $logic_not
        1   $logic_or
       14   $mux
        1   $ne
        2   $neg
        1   $not
       63   $or
        3   $reduce_bool
        1   $reduce_xor
        2   $shift
        1   $sub
      206   $xor

=== gate03r_secded_baseline_encoder ===

        +----------Local Count, excluding submodules.
        | 
      694 wires
     5193 wire bits
        7 public wires
      304 public wire bits
        2 ports
      136 port bits
      199 cells
        1   $reduce_xor
      198   $xor

=== design hierarchy ===

        +----------Count including submodules.
        | 
      526 gate04_secded_comb_72_64
      304 gate03r_secded_baseline_decoder
      199 gate03r_secded_baseline_encoder

        +----------Count including submodules.
        | 
     2093 wires
    47683 wire bits
       42 public wires
     1423 public wire bits
       21 ports
      699 port bits
        - memories
        - memory bits
        - processes
      526 cells
       11   $dff
        1   $ge
        1   $le
        5   $logic_and
        3   $logic_not
        1   $logic_or
       25   $mux
        1   $ne
        2   $neg
        1   $not
       63   $or
        3   $reduce_bool
        2   $reduce_xor
        2   $shift
        1   $sub
      404   $xor
        2 submodules
        1   gate03r_secded_baseline_decoder
        1   gate03r_secded_baseline_encoder

End of script. Logfile hash: 5c234bee11, time: 0.46s, user: 0.43s, system: 0.14s, MEM: 39.57 MB peak
Yosys 0.68+post (git sha1 UNKNOWN, Release, GNU /usr/local/bin/wrapped-cc/g++ 11.4.0)
Time spent: 70% 3x read_verilog (0 sec), 8% 1x proc_dlatch (0 sec), ...
PREFLIGHT_TOP=gate04_secded_pipe_72_64

 /----------------------------------------------------------------------------\
 |  yosys -- Yosys Open SYnthesis Suite                                       |
 |  Copyright (C) 2012 - 2026  Claire Xenia Wolf <claire@yosyshq.com>         |
 |  Distributed under an ISC-like license, type "license" to see terms        |
 \----------------------------------------------------------------------------/
 Yosys 0.68+post (git sha1 UNKNOWN, Release, GNU /usr/local/bin/wrapped-cc/g++ 11.4.0)

-- Running command `read_verilog -sv /gate04-repo/asic/rtl/secded/secded_pipelined_72_64_v1.sv /gate04-repo/scripts/gate04/rtl/gate04_boundaries.sv; hierarchy -check -top gate04_secded_pipe_72_64; proc; check -assert; stat' --

1. Executing Verilog-2005 frontend: /gate04-repo/asic/rtl/secded/secded_pipelined_72_64_v1.sv
Parsing SystemVerilog input from `/gate04-repo/asic/rtl/secded/secded_pipelined_72_64_v1.sv' to AST representation.
Generating RTLIL representation for module `\secded_pipelined_72_64_v1_encoder'.
Warning: Replacing memory \parity_group with list of registers. See /gate04-repo/asic/rtl/secded/secded_pipelined_72_64_v1.sv:48, /gate04-repo/asic/rtl/secded/secded_pipelined_72_64_v1.sv:30
Note: Assuming pure combinatorial block at /gate04-repo/asic/rtl/secded/secded_pipelined_72_64_v1.sv:26.3-54.6 in
compliance with IEC 62142(E):2005 / IEEE Std. 1364.1(E):2002. Recommending
use of @* instead of @(...) for better match of synthesis and simulation.
Generating RTLIL representation for module `\secded_pipelined_72_64_v1_decoder'.
Warning: Replacing memory \syndrome_group with list of registers. See /gate04-repo/asic/rtl/secded/secded_pipelined_72_64_v1.sv:106, /gate04-repo/asic/rtl/secded/secded_pipelined_72_64_v1.sv:99
Note: Assuming pure combinatorial block at /gate04-repo/asic/rtl/secded/secded_pipelined_72_64_v1.sv:96.3-112.6 in
compliance with IEC 62142(E):2005 / IEEE Std. 1364.1(E):2002. Recommending
use of @* instead of @(...) for better match of synthesis and simulation.
Note: Assuming pure combinatorial block at /gate04-repo/asic/rtl/secded/secded_pipelined_72_64_v1.sv:114.3-142.6 in
compliance with IEC 62142(E):2005 / IEEE Std. 1364.1(E):2002. Recommending
use of @* instead of @(...) for better match of synthesis and simulation.
Successfully finished Verilog frontend.

2. Executing Verilog-2005 frontend: /gate04-repo/scripts/gate04/rtl/gate04_boundaries.sv
Parsing SystemVerilog input from `/gate04-repo/scripts/gate04/rtl/gate04_boundaries.sv' to AST representation.
Generating RTLIL representation for module `\gate04_secded_comb_72_64'.
Generating RTLIL representation for module `\gate04_secded_pipe_72_64'.
Generating RTLIL representation for module `\gate04_hsiao_72_64'.
Generating RTLIL representation for module `\gate04_bch_78_64'.
Generating RTLIL representation for module `\gate04_boundary_ref_72_64'.
Generating RTLIL representation for module `\gate04_boundary_ref_78_64'.
Successfully finished Verilog frontend.

3. Executing HIERARCHY pass (managing design hierarchy).

3.1. Analyzing design hierarchy..
Top module:  \gate04_secded_pipe_72_64
Used module:     \secded_pipelined_72_64_v1_decoder
Used module:     \secded_pipelined_72_64_v1_encoder

3.2. Analyzing design hierarchy..
Top module:  \gate04_secded_pipe_72_64
Used module:     \secded_pipelined_72_64_v1_decoder
Used module:     \secded_pipelined_72_64_v1_encoder
Removing unused module `\gate04_boundary_ref_78_64'.
Removing unused module `\gate04_boundary_ref_72_64'.
Removing unused module `\gate04_bch_78_64'.
Removing unused module `\gate04_hsiao_72_64'.
Removing unused module `\gate04_secded_comb_72_64'.
Removed 5 unused modules.

4. Executing PROC pass (convert processes to netlists).

4.1. Executing PROC_CLEAN pass (remove empty switches from decision trees).
Found and cleaned up 7 empty switches in `\secded_pipelined_72_64_v1_decoder.$proc$/gate04-repo/asic/rtl/secded/secded_pipelined_72_64_v1.sv:114$7422'.
Found and cleaned up 71 empty switches in `\secded_pipelined_72_64_v1_encoder.$proc$/gate04-repo/asic/rtl/secded/secded_pipelined_72_64_v1.sv:26$82'.
Cleaned up 78 empty switches.

4.2. Executing PROC_RMDEAD pass (remove dead branches from decision trees).
Marked 1 switch rules as full_case in process $proc$/gate04-repo/scripts/gate04/rtl/gate04_boundaries.sv:103$8090 in module gate04_secded_pipe_72_64.
Marked 68 switch rules as full_case in process $proc$/gate04-repo/asic/rtl/secded/secded_pipelined_72_64_v1.sv:114$7422 in module secded_pipelined_72_64_v1_decoder.
Marked 504 switch rules as full_case in process $proc$/gate04-repo/asic/rtl/secded/secded_pipelined_72_64_v1.sv:96$3884 in module secded_pipelined_72_64_v1_decoder.
Marked 504 switch rules as full_case in process $proc$/gate04-repo/asic/rtl/secded/secded_pipelined_72_64_v1.sv:26$82 in module secded_pipelined_72_64_v1_encoder.
Removed a total of 0 dead cases.

4.3. Executing PROC_PRUNE pass (remove redundant assignments in processes).
Removed 11 redundant assignments.
Promoted 437 assignments to connections.

4.4. Executing PROC_INIT pass (extract init attributes).

4.5. Executing PROC_ARST pass (detect async resets in processes).

4.6. Executing PROC_ROM pass (convert switches to ROMs).
Converted 0 switches.
<suppressed ~1077 debug messages>

4.7. Executing PROC_MUX pass (convert decision trees to multiplexers).
Creating decoders for process `\gate04_secded_pipe_72_64.$proc$/gate04-repo/scripts/gate04/rtl/gate04_boundaries.sv:103$8090'.
     1/11: $0\dec_uncorrectable_o[0:0]
     2/11: $0\dec_corrected_o[0:0]
     3/11: $0\dec_detected_o[0:0]
     4/11: $0\dec_codeword_echo_o[71:0]
     5/11: $0\dec_data_o[63:0]
     6/11: $0\dec_valid_o[0:0]
     7/11: $0\enc_codeword_o[71:0]
     8/11: $0\enc_valid_o[0:0]
     9/11: $0\dec_codeword_q[71:0]
    10/11: $0\enc_data_q[63:0]
    11/11: $0\valid_q[0:0]
Creating decoders for process `\secded_pipelined_72_64_v1_decoder.$proc$/gate04-repo/asic/rtl/secded/secded_pipelined_72_64_v1.sv:144$8087'.
Creating decoders for process `\secded_pipelined_72_64_v1_decoder.$proc$/gate04-repo/asic/rtl/secded/secded_pipelined_72_64_v1.sv:114$7422'.
     1/204: $64\data_index[31:0]
     2/204: $64\data_d[63:0]
     3/204: $1$bitselwrite$pos$/gate04-repo/asic/rtl/secded/secded_pipelined_72_64_v1.sv:138$3883[31:0]$8078
     4/204: $63\data_index[31:0]
     5/204: $63\data_d[63:0]
     6/204: $1$bitselwrite$pos$/gate04-repo/asic/rtl/secded/secded_pipelined_72_64_v1.sv:138$3881[31:0]$8069
     7/204: $62\data_index[31:0]
     8/204: $62\data_d[63:0]
     9/204: $1$bitselwrite$pos$/gate04-repo/asic/rtl/secded/secded_pipelined_72_64_v1.sv:138$3879[31:0]$8060
    10/204: $61\data_index[31:0]
    11/204: $61\data_d[63:0]
    12/204: $1$bitselwrite$pos$/gate04-repo/asic/rtl/secded/secded_pipelined_72_64_v1.sv:138$3877[31:0]$8051
    13/204: $60\data_index[31:0]
    14/204: $60\data_d[63:0]
    15/204: $1$bitselwrite$pos$/gate04-repo/asic/rtl/secded/secded_pipelined_72_64_v1.sv:138$3875[31:0]$8042
    16/204: $59\data_index[31:0]
    17/204: $59\data_d[63:0]
    18/204: $1$bitselwrite$pos$/gate04-repo/asic/rtl/secded/secded_pipelined_72_64_v1.sv:138$3873[31:0]$8033
    19/204: $58\data_index[31:0]
    20/204: $58\data_d[63:0]
    21/204: $1$bitselwrite$pos$/gate04-repo/asic/rtl/secded/secded_pipelined_72_64_v1.sv:138$3871[31:0]$8024
    22/204: $57\data_index[31:0]
    23/204: $57\data_d[63:0]
    24/204: $1$bitselwrite$pos$/gate04-repo/asic/rtl/secded/secded_pipelined_72_64_v1.sv:138$3868[31:0]$8015
    25/204: $56\data_index[31:0]
    26/204: $56\data_d[63:0]
    27/204: $1$bitselwrite$pos$/gate04-repo/asic/rtl/secded/secded_pipelined_72_64_v1.sv:138$3866[31:0]$8006
    28/204: $55\data_index[31:0]
    29/204: $55\data_d[63:0]
    30/204: $1$bitselwrite$pos$/gate04-repo/asic/rtl/secded/secded_pipelined_72_64_v1.sv:138$3864[31:0]$7997
    31/204: $54\data_index[31:0]
    32/204: $54\data_d[63:0]
    33/204: $1$bitselwrite$pos$/gate04-repo/asic/rtl/secded/secded_pipelined_72_64_v1.sv:138$3862[31:0]$7988
    34/204: $53\data_index[31:0]
    35/204: $53\data_d[63:0]
    36/204: $1$bitselwrite$pos$/gate04-repo/asic/rtl/secded/secded_pipelined_72_64_v1.sv:138$3860[31:0]$7979
    37/204: $52\data_index[31:0]
    38/204: $52\data_d[63:0]
    39/204: $1$bitselwrite$pos$/gate04-repo/asic/rtl/secded/secded_pipelined_72_64_v1.sv:138$3858[31:0]$7970
    40/204: $51\data_index[31:0]
    41/204: $51\data_d[63:0]
    42/204: $1$bitselwrite$pos$/gate04-repo/asic/rtl/secded/secded_pipelined_72_64_v1.sv:138$3856[31:0]$7961
    43/204: $50\data_index[31:0]
    44/204: $50\data_d[63:0]
    45/204: $1$bitselwrite$pos$/gate04-repo/asic/rtl/secded/secded_pipelined_72_64_v1.sv:138$3854[31:0]$7952
    46/204: $49\data_index[31:0]
    47/204: $49\data_d[63:0]
    48/204: $1$bitselwrite$pos$/gate04-repo/asic/rtl/secded/secded_pipelined_72_64_v1.sv:138$3852[31:0]$7943
    49/204: $48\data_index[31:0]
    50/204: $48\data_d[63:0]
    51/204: $1$bitselwrite$pos$/gate04-repo/asic/rtl/secded/secded_pipelined_72_64_v1.sv:138$3850[31:0]$7934
    52/204: $47\data_index[31:0]
    53/204: $47\data_d[63:0]
    54/204: $1$bitselwrite$pos$/gate04-repo/asic/rtl/secded/secded_pipelined_72_64_v1.sv:138$3848[31:0]$7925
    55/204: $46\data_index[31:0]
    56/204: $46\data_d[63:0]
    57/204: $1$bitselwrite$pos$/gate04-repo/asic/rtl/secded/secded_pipelined_72_64_v1.sv:138$3846[31:0]$7916
    58/204: $45\data_index[31:0]
    59/204: $45\data_d[63:0]
    60/204: $1$bitselwrite$pos$/gate04-repo/asic/rtl/secded/secded_pipelined_72_64_v1.sv:138$3844[31:0]$7907
    61/204: $44\data_index[31:0]
    62/204: $44\data_d[63:0]
    63/204: $1$bitselwrite$pos$/gate04-repo/asic/rtl/secded/secded_pipelined_72_64_v1.sv:138$3842[31:0]$7898
    64/204: $43\data_index[31:0]
    65/204: $43\data_d[63:0]
    66/204: $1$bitselwrite$pos$/gate04-repo/asic/rtl/secded/secded_pipelined_72_64_v1.sv:138$3840[31:0]$7889
    67/204: $42\data_index[31:0]
    68/204: $42\data_d[63:0]
    69/204: $1$bitselwrite$pos$/gate04-repo/asic/rtl/secded/secded_pipelined_72_64_v1.sv:138$3838[31:0]$7880
    70/204: $41\data_index[31:0]
    71/204: $41\data_d[63:0]
    72/204: $1$bitselwrite$pos$/gate04-repo/asic/rtl/secded/secded_pipelined_72_64_v1.sv:138$3836[31:0]$7871
    73/204: $40\data_index[31:0]
    74/204: $40\data_d[63:0]
    75/204: $1$bitselwrite$pos$/gate04-repo/asic/rtl/secded/secded_pipelined_72_64_v1.sv:138$3834[31:0]$7862
    76/204: $39\data_index[31:0]
    77/204: $39\data_d[63:0]
    78/204: $1$bitselwrite$pos$/gate04-repo/asic/rtl/secded/secded_pipelined_72_64_v1.sv:138$3832[31:0]$7853
    79/204: $38\data_index[31:0]
    80/204: $38\data_d[63:0]
    81/204: $1$bitselwrite$pos$/gate04-repo/asic/rtl/secded/secded_pipelined_72_64_v1.sv:138$3830[31:0]$7844
    82/204: $37\data_index[31:0]
    83/204: $37\data_d[63:0]
    84/204: $1$bitselwrite$pos$/gate04-repo/asic/rtl/secded/secded_pipelined_72_64_v1.sv:138$3828[31:0]$7835
    85/204: $36\data_index[31:0]
    86/204: $36\data_d[63:0]
    87/204: $1$bitselwrite$pos$/gate04-repo/asic/rtl/secded/secded_pipelined_72_64_v1.sv:138$3826[31:0]$7826
    88/204: $35\data_index[31:0]
    89/204: $35\data_d[63:0]
    90/204: $1$bitselwrite$pos$/gate04-repo/asic/rtl/secded/secded_pipelined_72_64_v1.sv:138$3824[31:0]$7817
    91/204: $34\data_index[31:0]
    92/204: $34\data_d[63:0]
    93/204: $1$bitselwrite$pos$/gate04-repo/asic/rtl/secded/secded_pipelined_72_64_v1.sv:138$3822[31:0]$7808
    94/204: $33\data_index[31:0]
    95/204: $33\data_d[63:0]
    96/204: $1$bitselwrite$pos$/gate04-repo/asic/rtl/secded/secded_pipelined_72_64_v1.sv:138$3820[31:0]$7799
    97/204: $32\data_index[31:0]
    98/204: $32\data_d[63:0]
    99/204: $1$bitselwrite$pos$/gate04-repo/asic/rtl/secded/secded_pipelined_72_64_v1.sv:138$3818[31:0]$7790
   100/204: $31\data_index[31:0]
   101/204: $31\data_d[63:0]
   102/204: $1$bitselwrite$pos$/gate04-repo/asic/rtl/secded/secded_pipelined_72_64_v1.sv:138$3816[31:0]$7781
   103/204: $30\data_index[31:0]
   104/204: $30\data_d[63:0]
   105/204: $1$bitselwrite$pos$/gate04-repo/asic/rtl/secded/secded_pipelined_72_64_v1.sv:138$3814[31:0]$7772
   106/204: $29\data_index[31:0]
   107/204: $29\data_d[63:0]
   108/204: $1$bitselwrite$pos$/gate04-repo/asic/rtl/secded/secded_pipelined_72_64_v1.sv:138$3812[31:0]$7763
   109/204: $28\data_index[31:0]
   110/204: $28\data_d[63:0]
   111/204: $1$bitselwrite$pos$/gate04-repo/asic/rtl/secded/secded_pipelined_72_64_v1.sv:138$3810[31:0]$7754
   112/204: $27\data_index[31:0]
   113/204: $27\data_d[63:0]
   114/204: $1$bitselwrite$pos$/gate04-repo/asic/rtl/secded/secded_pipelined_72_64_v1.sv:138$3808[31:0]$7745
   115/204: $26\data_index[31:0]
   116/204: $26\data_d[63:0]
   117/204: $1$bitselwrite$pos$/gate04-repo/asic/rtl/secded/secded_pipelined_72_64_v1.sv:138$3805[31:0]$7736
   118/204: $25\data_index[31:0]
   119/204: $25\data_d[63:0]
   120/204: $1$bitselwrite$pos$/gate04-repo/asic/rtl/secded/secded_pipelined_72_64_v1.sv:138$3803[31:0]$7727
   121/204: $24\data_index[31:0]
   122/204: $24\data_d[63:0]
   123/204: $1$bitselwrite$pos$/gate04-repo/asic/rtl/secded/secded_pipelined_72_64_v1.sv:138$3801[31:0]$7718
   124/204: $23\data_index[31:0]
   125/204: $23\data_d[63:0]
   126/204: $1$bitselwrite$pos$/gate04-repo/asic/rtl/secded/secded_pipelined_72_64_v1.sv:138$3799[31:0]$7709
   127/204: $22\data_index[31:0]
   128/204: $22\data_d[63:0]
   129/204: $1$bitselwrite$pos$/gate04-repo/asic/rtl/secded/secded_pipelined_72_64_v1.sv:138$3797[31:0]$7700
   130/204: $21\data_index[31:0]
   131/204: $21\data_d[63:0]
   132/204: $1$bitselwrite$pos$/gate04-repo/asic/rtl/secded/secded_pipelined_72_64_v1.sv:138$3795[31:0]$7691
   133/204: $20\data_index[31:0]
   134/204: $20\data_d[63:0]
   135/204: $1$bitselwrite$pos$/gate04-repo/asic/rtl/secded/secded_pipelined_72_64_v1.sv:138$3793[31:0]$7682
   136/204: $19\data_index[31:0]
   137/204: $19\data_d[63:0]
   138/204: $1$bitselwrite$pos$/gate04-repo/asic/rtl/secded/secded_pipelined_72_64_v1.sv:138$3791[31:0]$7673
   139/204: $18\data_index[31:0]
   140/204: $18\data_d[63:0]
   141/204: $1$bitselwrite$pos$/gate04-repo/asic/rtl/secded/secded_pipelined_72_64_v1.sv:138$3789[31:0]$7664
   142/204: $17\data_index[31:0]
   143/204: $17\data_d[63:0]
   144/204: $1$bitselwrite$pos$/gate04-repo/asic/rtl/secded/secded_pipelined_72_64_v1.sv:138$3787[31:0]$7655
   145/204: $16\data_index[31:0]
   146/204: $16\data_d[63:0]
   147/204: $1$bitselwrite$pos$/gate04-repo/asic/rtl/secded/secded_pipelined_72_64_v1.sv:138$3785[31:0]$7646
   148/204: $15\data_index[31:0]
   149/204: $15\data_d[63:0]
   150/204: $1$bitselwrite$pos$/gate04-repo/asic/rtl/secded/secded_pipelined_72_64_v1.sv:138$3783[31:0]$7637
   151/204: $14\data_index[31:0]
   152/204: $14\data_d[63:0]
   153/204: $1$bitselwrite$pos$/gate04-repo/asic/rtl/secded/secded_pipelined_72_64_v1.sv:138$3781[31:0]$7628
   154/204: $13\data_index[31:0]
   155/204: $13\data_d[63:0]
   156/204: $1$bitselwrite$pos$/gate04-repo/asic/rtl/secded/secded_pipelined_72_64_v1.sv:138$3779[31:0]$7619
   157/204: $12\data_index[31:0]
   158/204: $12\data_d[63:0]
   159/204: $1$bitselwrite$pos$/gate04-repo/asic/rtl/secded/secded_pipelined_72_64_v1.sv:138$3777[31:0]$7610
   160/204: $11\data_index[31:0]
   161/204: $11\data_d[63:0]
   162/204: $1$bitselwrite$pos$/gate04-repo/asic/rtl/secded/secded_pipelined_72_64_v1.sv:138$3774[31:0]$7601
   163/204: $10\data_index[31:0]
   164/204: $10\data_d[63:0]
   165/204: $1$bitselwrite$pos$/gate04-repo/asic/rtl/secded/secded_pipelined_72_64_v1.sv:138$3772[31:0]$7592
   166/204: $9\data_index[31:0]
   167/204: $9\data_d[63:0]
   168/204: $1$bitselwrite$pos$/gate04-repo/asic/rtl/secded/secded_pipelined_72_64_v1.sv:138$3770[31:0]$7583
   169/204: $8\data_index[31:0]
   170/204: $8\data_d[63:0]
   171/204: $1$bitselwrite$pos$/gate04-repo/asic/rtl/secded/secded_pipelined_72_64_v1.sv:138$3768[31:0]$7574
   172/204: $7\data_index[31:0]
   173/204: $7\data_d[63:0]
   174/204: $1$bitselwrite$pos$/gate04-repo/asic/rtl/secded/secded_pipelined_72_64_v1.sv:138$3766[31:0]$7565
   175/204: $6\data_index[31:0]
   176/204: $6\data_d[63:0]
   177/204: $1$bitselwrite$pos$/gate04-repo/asic/rtl/secded/secded_pipelined_72_64_v1.sv:138$3764[31:0]$7556
   178/204: $5\data_index[31:0]
   179/204: $5\data_d[63:0]
   180/204: $1$bitselwrite$pos$/gate04-repo/asic/rtl/secded/secded_pipelined_72_64_v1.sv:138$3762[31:0]$7547
   181/204: $4\data_index[31:0]
   182/204: $4\data_d[63:0]
   183/204: $1$bitselwrite$pos$/gate04-repo/asic/rtl/secded/secded_pipelined_72_64_v1.sv:138$3759[31:0]$7538
   184/204: $3\data_index[31:0]
   185/204: $3\data_d[63:0]
   186/204: $1$bitselwrite$pos$/gate04-repo/asic/rtl/secded/secded_pipelined_72_64_v1.sv:138$3757[31:0]$7529
   187/204: $2\data_index[31:0]
   188/204: $2\data_d[63:0]
   189/204: $1$bitselwrite$pos$/gate04-repo/asic/rtl/secded/secded_pipelined_72_64_v1.sv:138$3755[31:0]$7520
   190/204: $1\data_index[31:0]
   191/204: $1\data_d[63:0]
   192/204: $1$bitselwrite$pos$/gate04-repo/asic/rtl/secded/secded_pipelined_72_64_v1.sv:138$3752[31:0]$7511
   193/204: $3\uncorrectable_d[0:0]
   194/204: $3\corrected_flag_d[0:0]
   195/204: $3\correction_mask_d[71:71]
   196/204: $2\uncorrectable_d[0:0]
   197/204: $1\correction_mask_d[71:0] [71]
   198/204: $1\correction_mask_d[71:0] [70:0]
   199/204: $2\correction_mask_d[71:0]
   200/204: $2$bitselwrite$pos$/gate04-repo/asic/rtl/secded/secded_pipelined_72_64_v1.sv:123$3748[31:0]$7496
   201/204: $1$bitselwrite$pos$/gate04-repo/asic/rtl/secded/secded_pipelined_72_64_v1.sv:123$3748[31:0]$7492
   202/204: $1\corrected_flag_d[0:0]
   203/204: $2\corrected_flag_d[0:0]
   204/204: $1\uncorrectable_d[0:0]
Creating decoders for process `\secded_pipelined_72_64_v1_decoder.$proc$/gate04-repo/asic/rtl/secded/secded_pipelined_72_64_v1.sv:96$3884'.
     1/504: $72\syndrome_group[6][8:8]
     2/504: $71\syndrome_group[6][8:8]
     3/504: $70\syndrome_group[6][8:8]
     4/504: $69\syndrome_group[6][8:8]
     5/504: $68\syndrome_group[6][8:8]
     6/504: $67\syndrome_group[6][8:8]
     7/504: $66\syndrome_group[6][8:8]
     8/504: $65\syndrome_group[6][8:8]
     9/504: $64\syndrome_group[6][7:7]
    10/504: $63\syndrome_group[6][7:7]
    11/504: $62\syndrome_group[6][7:7]
    12/504: $61\syndrome_group[6][7:7]
    13/504: $60\syndrome_group[6][7:7]
    14/504: $59\syndrome_group[6][7:7]
    15/504: $58\syndrome_group[6][7:7]
    16/504: $57\syndrome_group[6][7:7]
    17/504: $56\syndrome_group[6][6:6]
    18/504: $55\syndrome_group[6][6:6]
    19/504: $54\syndrome_group[6][6:6]
    20/504: $53\syndrome_group[6][6:6]
    21/504: $52\syndrome_group[6][6:6]
    22/504: $51\syndrome_group[6][6:6]
    23/504: $50\syndrome_group[6][6:6]
    24/504: $49\syndrome_group[6][6:6]
    25/504: $48\syndrome_group[6][5:5]
    26/504: $47\syndrome_group[6][5:5]
    27/504: $46\syndrome_group[6][5:5]
    28/504: $45\syndrome_group[6][5:5]
    29/504: $44\syndrome_group[6][5:5]
    30/504: $43\syndrome_group[6][5:5]
    31/504: $42\syndrome_group[6][5:5]
    32/504: $41\syndrome_group[6][5:5]
    33/504: $40\syndrome_group[6][4:4]
    34/504: $39\syndrome_group[6][4:4]
    35/504: $38\syndrome_group[6][4:4]
    36/504: $37\syndrome_group[6][4:4]
    37/504: $36\syndrome_group[6][4:4]
    38/504: $35\syndrome_group[6][4:4]
    39/504: $34\syndrome_group[6][4:4]
    40/504: $33\syndrome_group[6][4:4]
    41/504: $32\syndrome_group[6][3:3]
    42/504: $31\syndrome_group[6][3:3]
    43/504: $30\syndrome_group[6][3:3]
    44/504: $29\syndrome_group[6][3:3]
    45/504: $28\syndrome_group[6][3:3]
    46/504: $27\syndrome_group[6][3:3]
    47/504: $26\syndrome_group[6][3:3]
    48/504: $25\syndrome_group[6][3:3]
    49/504: $24\syndrome_group[6][2:2]
    50/504: $23\syndrome_group[6][2:2]
    51/504: $22\syndrome_group[6][2:2]
    52/504: $21\syndrome_group[6][2:2]
    53/504: $20\syndrome_group[6][2:2]
    54/504: $19\syndrome_group[6][2:2]
    55/504: $18\syndrome_group[6][2:2]
    56/504: $17\syndrome_group[6][2:2]
    57/504: $16\syndrome_group[6][1:1]
    58/504: $15\syndrome_group[6][1:1]
    59/504: $14\syndrome_group[6][1:1]
    60/504: $13\syndrome_group[6][1:1]
    61/504: $12\syndrome_group[6][1:1]
    62/504: $11\syndrome_group[6][1:1]
    63/504: $10\syndrome_group[6][1:1]
    64/504: $9\syndrome_group[6][1:1]
    65/504: $8\syndrome_group[6][0:0]
    66/504: $7\syndrome_group[6][0:0]
    67/504: $6\syndrome_group[6][0:0]
    68/504: $5\syndrome_group[6][0:0]
    69/504: $4\syndrome_group[6][0:0]
    70/504: $3\syndrome_group[6][0:0]
    71/504: $2\syndrome_group[6][0:0]
    72/504: $1\syndrome_group[6][0:0]
    73/504: $72\syndrome_group[5][8:8]
    74/504: $71\syndrome_group[5][8:8]
    75/504: $70\syndrome_group[5][8:8]
    76/504: $69\syndrome_group[5][8:8]
    77/504: $68\syndrome_group[5][8:8]
    78/504: $67\syndrome_group[5][8:8]
    79/504: $66\syndrome_group[5][8:8]
    80/504: $65\syndrome_group[5][8:8]
    81/504: $64\syndrome_group[5][7:7]
    82/504: $63\syndrome_group[5][7:7]
    83/504: $62\syndrome_group[5][7:7]
    84/504: $61\syndrome_group[5][7:7]
    85/504: $60\syndrome_group[5][7:7]
    86/504: $59\syndrome_group[5][7:7]
    87/504: $58\syndrome_group[5][7:7]
    88/504: $57\syndrome_group[5][7:7]
    89/504: $56\syndrome_group[5][6:6]
    90/504: $55\syndrome_group[5][6:6]
    91/504: $54\syndrome_group[5][6:6]
    92/504: $53\syndrome_group[5][6:6]
    93/504: $52\syndrome_group[5][6:6]
    94/504: $51\syndrome_group[5][6:6]
    95/504: $50\syndrome_group[5][6:6]
    96/504: $49\syndrome_group[5][6:6]
    97/504: $48\syndrome_group[5][5:5]
    98/504: $47\syndrome_group[5][5:5]
    99/504: $46\syndrome_group[5][5:5]
   100/504: $45\syndrome_group[5][5:5]
   101/504: $44\syndrome_group[5][5:5]
   102/504: $43\syndrome_group[5][5:5]
   103/504: $42\syndrome_group[5][5:5]
   104/504: $41\syndrome_group[5][5:5]
   105/504: $40\syndrome_group[5][4:4]
   106/504: $39\syndrome_group[5][4:4]
   107/504: $38\syndrome_group[5][4:4]
   108/504: $37\syndrome_group[5][4:4]
   109/504: $36\syndrome_group[5][4:4]
   110/504: $35\syndrome_group[5][4:4]
   111/504: $34\syndrome_group[5][4:4]
   112/504: $33\syndrome_group[5][4:4]
   113/504: $32\syndrome_group[5][3:3]
   114/504: $31\syndrome_group[5][3:3]
   115/504: $30\syndrome_group[5][3:3]
   116/504: $29\syndrome_group[5][3:3]
   117/504: $28\syndrome_group[5][3:3]
   118/504: $27\syndrome_group[5][3:3]
   119/504: $26\syndrome_group[5][3:3]
   120/504: $25\syndrome_group[5][3:3]
   121/504: $24\syndrome_group[5][2:2]
   122/504: $23\syndrome_group[5][2:2]
   123/504: $22\syndrome_group[5][2:2]
   124/504: $21\syndrome_group[5][2:2]
   125/504: $20\syndrome_group[5][2:2]
   126/504: $19\syndrome_group[5][2:2]
   127/504: $18\syndrome_group[5][2:2]
   128/504: $17\syndrome_group[5][2:2]
   129/504: $16\syndrome_group[5][1:1]
   130/504: $15\syndrome_group[5][1:1]
   131/504: $14\syndrome_group[5][1:1]
   132/504: $13\syndrome_group[5][1:1]
   133/504: $12\syndrome_group[5][1:1]
   134/504: $11\syndrome_group[5][1:1]
   135/504: $10\syndrome_group[5][1:1]
   136/504: $9\syndrome_group[5][1:1]
   137/504: $8\syndrome_group[5][0:0]
   138/504: $7\syndrome_group[5][0:0]
   139/504: $6\syndrome_group[5][0:0]
   140/504: $5\syndrome_group[5][0:0]
   141/504: $4\syndrome_group[5][0:0]
   142/504: $3\syndrome_group[5][0:0]
   143/504: $2\syndrome_group[5][0:0]
   144/504: $1\syndrome_group[5][0:0]
   145/504: $72\syndrome_group[4][8:8]
   146/504: $71\syndrome_group[4][8:8]
   147/504: $70\syndrome_group[4][8:8]
   148/504: $69\syndrome_group[4][8:8]
   149/504: $68\syndrome_group[4][8:8]
   150/504: $67\syndrome_group[4][8:8]
   151/504: $66\syndrome_group[4][8:8]
   152/504: $65\syndrome_group[4][8:8]
   153/504: $64\syndrome_group[4][7:7]
   154/504: $63\syndrome_group[4][7:7]
   155/504: $62\syndrome_group[4][7:7]
   156/504: $61\syndrome_group[4][7:7]
   157/504: $60\syndrome_group[4][7:7]
   158/504: $59\syndrome_group[4][7:7]
   159/504: $58\syndrome_group[4][7:7]
   160/504: $57\syndrome_group[4][7:7]
   161/504: $56\syndrome_group[4][6:6]
   162/504: $55\syndrome_group[4][6:6]
   163/504: $54\syndrome_group[4][6:6]
   164/504: $53\syndrome_group[4][6:6]
   165/504: $52\syndrome_group[4][6:6]
   166/504: $51\syndrome_group[4][6:6]
   167/504: $50\syndrome_group[4][6:6]
   168/504: $49\syndrome_group[4][6:6]
   169/504: $48\syndrome_group[4][5:5]
   170/504: $47\syndrome_group[4][5:5]
   171/504: $46\syndrome_group[4][5:5]
   172/504: $45\syndrome_group[4][5:5]
   173/504: $44\syndrome_group[4][5:5]
   174/504: $43\syndrome_group[4][5:5]
   175/504: $42\syndrome_group[4][5:5]
   176/504: $41\syndrome_group[4][5:5]
   177/504: $40\syndrome_group[4][4:4]
   178/504: $39\syndrome_group[4][4:4]
   179/504: $38\syndrome_group[4][4:4]
   180/504: $37\syndrome_group[4][4:4]
   181/504: $36\syndrome_group[4][4:4]
   182/504: $35\syndrome_group[4][4:4]
   183/504: $34\syndrome_group[4][4:4]
   184/504: $33\syndrome_group[4][4:4]
   185/504: $32\syndrome_group[4][3:3]
   186/504: $31\syndrome_group[4][3:3]
   187/504: $30\syndrome_group[4][3:3]
   188/504: $29\syndrome_group[4][3:3]
   189/504: $28\syndrome_group[4][3:3]
   190/504: $27\syndrome_group[4][3:3]
   191/504: $26\syndrome_group[4][3:3]
   192/504: $25\syndrome_group[4][3:3]
   193/504: $24\syndrome_group[4][2:2]
   194/504: $23\syndrome_group[4][2:2]
   195/504: $22\syndrome_group[4][2:2]
   196/504: $21\syndrome_group[4][2:2]
   197/504: $20\syndrome_group[4][2:2]
   198/504: $19\syndrome_group[4][2:2]
   199/504: $18\syndrome_group[4][2:2]
   200/504: $17\syndrome_group[4][2:2]
   201/504: $16\syndrome_group[4][1:1]
   202/504: $15\syndrome_group[4][1:1]
   203/504: $14\syndrome_group[4][1:1]
   204/504: $13\syndrome_group[4][1:1]
   205/504: $12\syndrome_group[4][1:1]
   206/504: $11\syndrome_group[4][1:1]
   207/504: $10\syndrome_group[4][1:1]
   208/504: $9\syndrome_group[4][1:1]
   209/504: $8\syndrome_group[4][0:0]
   210/504: $7\syndrome_group[4][0:0]
   211/504: $6\syndrome_group[4][0:0]
   212/504: $5\syndrome_group[4][0:0]
   213/504: $4\syndrome_group[4][0:0]
   214/504: $3\syndrome_group[4][0:0]
   215/504: $2\syndrome_group[4][0:0]
   216/504: $1\syndrome_group[4][0:0]
   217/504: $72\syndrome_group[3][8:8]
   218/504: $71\syndrome_group[3][8:8]
   219/504: $70\syndrome_group[3][8:8]
   220/504: $69\syndrome_group[3][8:8]
   221/504: $68\syndrome_group[3][8:8]
   222/504: $67\syndrome_group[3][8:8]
   223/504: $66\syndrome_group[3][8:8]
   224/504: $65\syndrome_group[3][8:8]
   225/504: $64\syndrome_group[3][7:7]
   226/504: $63\syndrome_group[3][7:7]
   227/504: $62\syndrome_group[3][7:7]
   228/504: $61\syndrome_group[3][7:7]
   229/504: $60\syndrome_group[3][7:7]
   230/504: $59\syndrome_group[3][7:7]
   231/504: $58\syndrome_group[3][7:7]
   232/504: $57\syndrome_group[3][7:7]
   233/504: $56\syndrome_group[3][6:6]
   234/504: $55\syndrome_group[3][6:6]
   235/504: $54\syndrome_group[3][6:6]
   236/504: $53\syndrome_group[3][6:6]
   237/504: $52\syndrome_group[3][6:6]
   238/504: $51\syndrome_group[3][6:6]
   239/504: $50\syndrome_group[3][6:6]
   240/504: $49\syndrome_group[3][6:6]
   241/504: $48\syndrome_group[3][5:5]
   242/504: $47\syndrome_group[3][5:5]
   243/504: $46\syndrome_group[3][5:5]
   244/504: $45\syndrome_group[3][5:5]
   245/504: $44\syndrome_group[3][5:5]
   246/504: $43\syndrome_group[3][5:5]
   247/504: $42\syndrome_group[3][5:5]
   248/504: $41\syndrome_group[3][5:5]
   249/504: $40\syndrome_group[3][4:4]
   250/504: $39\syndrome_group[3][4:4]
   251/504: $38\syndrome_group[3][4:4]
   252/504: $37\syndrome_group[3][4:4]
   253/504: $36\syndrome_group[3][4:4]
   254/504: $35\syndrome_group[3][4:4]
   255/504: $34\syndrome_group[3][4:4]
   256/504: $33\syndrome_group[3][4:4]
   257/504: $32\syndrome_group[3][3:3]
   258/504: $31\syndrome_group[3][3:3]
   259/504: $30\syndrome_group[3][3:3]
   260/504: $29\syndrome_group[3][3:3]
   261/504: $28\syndrome_group[3][3:3]
   262/504: $27\syndrome_group[3][3:3]
   263/504: $26\syndrome_group[3][3:3]
   264/504: $25\syndrome_group[3][3:3]
   265/504: $24\syndrome_group[3][2:2]
   266/504: $23\syndrome_group[3][2:2]
   267/504: $22\syndrome_group[3][2:2]
   268/504: $21\syndrome_group[3][2:2]
   269/504: $20\syndrome_group[3][2:2]
   270/504: $19\syndrome_group[3][2:2]
   271/504: $18\syndrome_group[3][2:2]
   272/504: $17\syndrome_group[3][2:2]
   273/504: $16\syndrome_group[3][1:1]
   274/504: $15\syndrome_group[3][1:1]
   275/504: $14\syndrome_group[3][1:1]
   276/504: $13\syndrome_group[3][1:1]
   277/504: $12\syndrome_group[3][1:1]
   278/504: $11\syndrome_group[3][1:1]
   279/504: $10\syndrome_group[3][1:1]
   280/504: $9\syndrome_group[3][1:1]
   281/504: $8\syndrome_group[3][0:0]
   282/504: $7\syndrome_group[3][0:0]
   283/504: $6\syndrome_group[3][0:0]
   284/504: $5\syndrome_group[3][0:0]
   285/504: $4\syndrome_group[3][0:0]
   286/504: $3\syndrome_group[3][0:0]
   287/504: $2\syndrome_group[3][0:0]
   288/504: $1\syndrome_group[3][0:0]
   289/504: $72\syndrome_group[2][8:8]
   290/504: $71\syndrome_group[2][8:8]
   291/504: $70\syndrome_group[2][8:8]
   292/504: $69\syndrome_group[2][8:8]
   293/504: $68\syndrome_group[2][8:8]
   294/504: $67\syndrome_group[2][8:8]
   295/504: $66\syndrome_group[2][8:8]
   296/504: $65\syndrome_group[2][8:8]
   297/504: $64\syndrome_group[2][7:7]
   298/504: $63\syndrome_group[2][7:7]
   299/504: $62\syndrome_group[2][7:7]
   300/504: $61\syndrome_group[2][7:7]
   301/504: $60\syndrome_group[2][7:7]
   302/504: $59\syndrome_group[2][7:7]
   303/504: $58\syndrome_group[2][7:7]
   304/504: $57\syndrome_group[2][7:7]
   305/504: $56\syndrome_group[2][6:6]
   306/504: $55\syndrome_group[2][6:6]
   307/504: $54\syndrome_group[2][6:6]
   308/504: $53\syndrome_group[2][6:6]
   309/504: $52\syndrome_group[2][6:6]
   310/504: $51\syndrome_group[2][6:6]
   311/504: $50\syndrome_group[2][6:6]
   312/504: $49\syndrome_group[2][6:6]
   313/504: $48\syndrome_group[2][5:5]
   314/504: $47\syndrome_group[2][5:5]
   315/504: $46\syndrome_group[2][5:5]
   316/504: $45\syndrome_group[2][5:5]
   317/504: $44\syndrome_group[2][5:5]
   318/504: $43\syndrome_group[2][5:5]
   319/504: $42\syndrome_group[2][5:5]
   320/504: $41\syndrome_group[2][5:5]
   321/504: $40\syndrome_group[2][4:4]
   322/504: $39\syndrome_group[2][4:4]
   323/504: $38\syndrome_group[2][4:4]
   324/504: $37\syndrome_group[2][4:4]
   325/504: $36\syndrome_group[2][4:4]
   326/504: $35\syndrome_group[2][4:4]
   327/504: $34\syndrome_group[2][4:4]
   328/504: $33\syndrome_group[2][4:4]
   329/504: $32\syndrome_group[2][3:3]
   330/504: $31\syndrome_group[2][3:3]
   331/504: $30\syndrome_group[2][3:3]
   332/504: $29\syndrome_group[2][3:3]
   333/504: $28\syndrome_group[2][3:3]
   334/504: $27\syndrome_group[2][3:3]
   335/504: $26\syndrome_group[2][3:3]
   336/504: $25\syndrome_group[2][3:3]
   337/504: $24\syndrome_group[2][2:2]
   338/504: $23\syndrome_group[2][2:2]
   339/504: $22\syndrome_group[2][2:2]
   340/504: $21\syndrome_group[2][2:2]
   341/504: $20\syndrome_group[2][2:2]
   342/504: $19\syndrome_group[2][2:2]
   343/504: $18\syndrome_group[2][2:2]
   344/504: $17\syndrome_group[2][2:2]
   345/504: $16\syndrome_group[2][1:1]
   346/504: $15\syndrome_group[2][1:1]
   347/504: $14\syndrome_group[2][1:1]
   348/504: $13\syndrome_group[2][1:1]
   349/504: $12\syndrome_group[2][1:1]
   350/504: $11\syndrome_group[2][1:1]
   351/504: $10\syndrome_group[2][1:1]
   352/504: $9\syndrome_group[2][1:1]
   353/504: $8\syndrome_group[2][0:0]
   354/504: $7\syndrome_group[2][0:0]
   355/504: $6\syndrome_group[2][0:0]
   356/504: $5\syndrome_group[2][0:0]
   357/504: $4\syndrome_group[2][0:0]
   358/504: $3\syndrome_group[2][0:0]
   359/504: $2\syndrome_group[2][0:0]
   360/504: $1\syndrome_group[2][0:0]
   361/504: $72\syndrome_group[1][8:8]
   362/504: $71\syndrome_group[1][8:8]
   363/504: $70\syndrome_group[1][8:8]
   364/504: $69\syndrome_group[1][8:8]
   365/504: $68\syndrome_group[1][8:8]
   366/504: $67\syndrome_group[1][8:8]
   367/504: $66\syndrome_group[1][8:8]
   368/504: $65\syndrome_group[1][8:8]
   369/504: $64\syndrome_group[1][7:7]
   370/504: $63\syndrome_group[1][7:7]
   371/504: $62\syndrome_group[1][7:7]
   372/504: $61\syndrome_group[1][7:7]
   373/504: $60\syndrome_group[1][7:7]
   374/504: $59\syndrome_group[1][7:7]
   375/504: $58\syndrome_group[1][7:7]
   376/504: $57\syndrome_group[1][7:7]
   377/504: $56\syndrome_group[1][6:6]
   378/504: $55\syndrome_group[1][6:6]
   379/504: $54\syndrome_group[1][6:6]
   380/504: $53\syndrome_group[1][6:6]
   381/504: $52\syndrome_group[1][6:6]
   382/504: $51\syndrome_group[1][6:6]
   383/504: $50\syndrome_group[1][6:6]
   384/504: $49\syndrome_group[1][6:6]
   385/504: $48\syndrome_group[1][5:5]
   386/504: $47\syndrome_group[1][5:5]
   387/504: $46\syndrome_group[1][5:5]
   388/504: $45\syndrome_group[1][5:5]
   389/504: $44\syndrome_group[1][5:5]
   390/504: $43\syndrome_group[1][5:5]
   391/504: $42\syndrome_group[1][5:5]
   392/504: $41\syndrome_group[1][5:5]
   393/504: $40\syndrome_group[1][4:4]
   394/504: $39\syndrome_group[1][4:4]
   395/504: $38\syndrome_group[1][4:4]
   396/504: $37\syndrome_group[1][4:4]
   397/504: $36\syndrome_group[1][4:4]
   398/504: $35\syndrome_group[1][4:4]
   399/504: $34\syndrome_group[1][4:4]
   400/504: $33\syndrome_group[1][4:4]
   401/504: $32\syndrome_group[1][3:3]
   402/504: $31\syndrome_group[1][3:3]
   403/504: $30\syndrome_group[1][3:3]
   404/504: $29\syndrome_group[1][3:3]
   405/504: $28\syndrome_group[1][3:3]
   406/504: $27\syndrome_group[1][3:3]
   407/504: $26\syndrome_group[1][3:3]
   408/504: $25\syndrome_group[1][3:3]
   409/504: $24\syndrome_group[1][2:2]
   410/504: $23\syndrome_group[1][2:2]
   411/504: $22\syndrome_group[1][2:2]
   412/504: $21\syndrome_group[1][2:2]
   413/504: $20\syndrome_group[1][2:2]
   414/504: $19\syndrome_group[1][2:2]
   415/504: $18\syndrome_group[1][2:2]
   416/504: $17\syndrome_group[1][2:2]
   417/504: $16\syndrome_group[1][1:1]
   418/504: $15\syndrome_group[1][1:1]
   419/504: $14\syndrome_group[1][1:1]
   420/504: $13\syndrome_group[1][1:1]
   421/504: $12\syndrome_group[1][1:1]
   422/504: $11\syndrome_group[1][1:1]
   423/504: $10\syndrome_group[1][1:1]
   424/504: $9\syndrome_group[1][1:1]
   425/504: $8\syndrome_group[1][0:0]
   426/504: $7\syndrome_group[1][0:0]
   427/504: $6\syndrome_group[1][0:0]
   428/504: $5\syndrome_group[1][0:0]
   429/504: $4\syndrome_group[1][0:0]
   430/504: $3\syndrome_group[1][0:0]
   431/504: $2\syndrome_group[1][0:0]
   432/504: $1\syndrome_group[1][0:0]
   433/504: $72\syndrome_group[0][8:8]
   434/504: $71\syndrome_group[0][8:8]
   435/504: $70\syndrome_group[0][8:8]
   436/504: $69\syndrome_group[0][8:8]
   437/504: $68\syndrome_group[0][8:8]
   438/504: $67\syndrome_group[0][8:8]
   439/504: $66\syndrome_group[0][8:8]
   440/504: $65\syndrome_group[0][8:8]
   441/504: $64\syndrome_group[0][7:7]
   442/504: $63\syndrome_group[0][7:7]
   443/504: $62\syndrome_group[0][7:7]
   444/504: $61\syndrome_group[0][7:7]
   445/504: $60\syndrome_group[0][7:7]
   446/504: $59\syndrome_group[0][7:7]
   447/504: $58\syndrome_group[0][7:7]
   448/504: $57\syndrome_group[0][7:7]
   449/504: $56\syndrome_group[0][6:6]
   450/504: $55\syndrome_group[0][6:6]
   451/504: $54\syndrome_group[0][6:6]
   452/504: $53\syndrome_group[0][6:6]
   453/504: $52\syndrome_group[0][6:6]
   454/504: $51\syndrome_group[0][6:6]
   455/504: $50\syndrome_group[0][6:6]
   456/504: $49\syndrome_group[0][6:6]
   457/504: $48\syndrome_group[0][5:5]
   458/504: $47\syndrome_group[0][5:5]
   459/504: $46\syndrome_group[0][5:5]
   460/504: $45\syndrome_group[0][5:5]
   461/504: $44\syndrome_group[0][5:5]
   462/504: $43\syndrome_group[0][5:5]
   463/504: $42\syndrome_group[0][5:5]
   464/504: $41\syndrome_group[0][5:5]
   465/504: $40\syndrome_group[0][4:4]
   466/504: $39\syndrome_group[0][4:4]
   467/504: $38\syndrome_group[0][4:4]
   468/504: $37\syndrome_group[0][4:4]
   469/504: $36\syndrome_group[0][4:4]
   470/504: $35\syndrome_group[0][4:4]
   471/504: $34\syndrome_group[0][4:4]
   472/504: $33\syndrome_group[0][4:4]
   473/504: $32\syndrome_group[0][3:3]
   474/504: $31\syndrome_group[0][3:3]
   475/504: $30\syndrome_group[0][3:3]
   476/504: $29\syndrome_group[0][3:3]
   477/504: $28\syndrome_group[0][3:3]
   478/504: $27\syndrome_group[0][3:3]
   479/504: $26\syndrome_group[0][3:3]
   480/504: $25\syndrome_group[0][3:3]
   481/504: $24\syndrome_group[0][2:2]
   482/504: $23\syndrome_group[0][2:2]
   483/504: $22\syndrome_group[0][2:2]
   484/504: $21\syndrome_group[0][2:2]
   485/504: $20\syndrome_group[0][2:2]
   486/504: $19\syndrome_group[0][2:2]
   487/504: $18\syndrome_group[0][2:2]
   488/504: $17\syndrome_group[0][2:2]
   489/504: $16\syndrome_group[0][1:1]
   490/504: $15\syndrome_group[0][1:1]
   491/504: $14\syndrome_group[0][1:1]
   492/504: $13\syndrome_group[0][1:1]
   493/504: $12\syndrome_group[0][1:1]
   494/504: $11\syndrome_group[0][1:1]
   495/504: $10\syndrome_group[0][1:1]
   496/504: $9\syndrome_group[0][1:1]
   497/504: $8\syndrome_group[0][0:0]
   498/504: $7\syndrome_group[0][0:0]
   499/504: $6\syndrome_group[0][0:0]
   500/504: $5\syndrome_group[0][0:0]
   501/504: $4\syndrome_group[0][0:0]
   502/504: $3\syndrome_group[0][0:0]
   503/504: $2\syndrome_group[0][0:0]
   504/504: $1\syndrome_group[0][0:0]
Creating decoders for process `\secded_pipelined_72_64_v1_encoder.$proc$/gate04-repo/asic/rtl/secded/secded_pipelined_72_64_v1.sv:56$3746'.
Creating decoders for process `\secded_pipelined_72_64_v1_encoder.$proc$/gate04-repo/asic/rtl/secded/secded_pipelined_72_64_v1.sv:26$82'.
     1/504: $72\parity_group[6][8:8]
     2/504: $71\parity_group[6][8:8]
     3/504: $70\parity_group[6][8:8]
     4/504: $69\parity_group[6][8:8]
     5/504: $68\parity_group[6][8:8]
     6/504: $67\parity_group[6][8:8]
     7/504: $66\parity_group[6][8:8]
     8/504: $65\parity_group[6][8:8]
     9/504: $64\parity_group[6][7:7]
    10/504: $63\parity_group[6][7:7]
    11/504: $62\parity_group[6][7:7]
    12/504: $61\parity_group[6][7:7]
    13/504: $60\parity_group[6][7:7]
    14/504: $59\parity_group[6][7:7]
    15/504: $58\parity_group[6][7:7]
    16/504: $57\parity_group[6][7:7]
    17/504: $56\parity_group[6][6:6]
    18/504: $55\parity_group[6][6:6]
    19/504: $54\parity_group[6][6:6]
    20/504: $53\parity_group[6][6:6]
    21/504: $52\parity_group[6][6:6]
    22/504: $51\parity_group[6][6:6]
    23/504: $50\parity_group[6][6:6]
    24/504: $49\parity_group[6][6:6]
    25/504: $48\parity_group[6][5:5]
    26/504: $47\parity_group[6][5:5]
    27/504: $46\parity_group[6][5:5]
    28/504: $45\parity_group[6][5:5]
    29/504: $44\parity_group[6][5:5]
    30/504: $43\parity_group[6][5:5]
    31/504: $42\parity_group[6][5:5]
    32/504: $41\parity_group[6][5:5]
    33/504: $40\parity_group[6][4:4]
    34/504: $39\parity_group[6][4:4]
    35/504: $38\parity_group[6][4:4]
    36/504: $37\parity_group[6][4:4]
    37/504: $36\parity_group[6][4:4]
    38/504: $35\parity_group[6][4:4]
    39/504: $34\parity_group[6][4:4]
    40/504: $33\parity_group[6][4:4]
    41/504: $32\parity_group[6][3:3]
    42/504: $31\parity_group[6][3:3]
    43/504: $30\parity_group[6][3:3]
    44/504: $29\parity_group[6][3:3]
    45/504: $28\parity_group[6][3:3]
    46/504: $27\parity_group[6][3:3]
    47/504: $26\parity_group[6][3:3]
    48/504: $25\parity_group[6][3:3]
    49/504: $24\parity_group[6][2:2]
    50/504: $23\parity_group[6][2:2]
    51/504: $22\parity_group[6][2:2]
    52/504: $21\parity_group[6][2:2]
    53/504: $20\parity_group[6][2:2]
    54/504: $19\parity_group[6][2:2]
    55/504: $18\parity_group[6][2:2]
    56/504: $17\parity_group[6][2:2]
    57/504: $16\parity_group[6][1:1]
    58/504: $15\parity_group[6][1:1]
    59/504: $14\parity_group[6][1:1]
    60/504: $13\parity_group[6][1:1]
    61/504: $12\parity_group[6][1:1]
    62/504: $11\parity_group[6][1:1]
    63/504: $10\parity_group[6][1:1]
    64/504: $9\parity_group[6][1:1]
    65/504: $8\parity_group[6][0:0]
    66/504: $7\parity_group[6][0:0]
    67/504: $6\parity_group[6][0:0]
    68/504: $5\parity_group[6][0:0]
    69/504: $4\parity_group[6][0:0]
    70/504: $3\parity_group[6][0:0]
    71/504: $2\parity_group[6][0:0]
    72/504: $1\parity_group[6][0:0]
    73/504: $72\parity_group[5][8:8]
    74/504: $71\parity_group[5][8:8]
    75/504: $70\parity_group[5][8:8]
    76/504: $69\parity_group[5][8:8]
    77/504: $68\parity_group[5][8:8]
    78/504: $67\parity_group[5][8:8]
    79/504: $66\parity_group[5][8:8]
    80/504: $65\parity_group[5][8:8]
    81/504: $64\parity_group[5][7:7]
    82/504: $63\parity_group[5][7:7]
    83/504: $62\parity_group[5][7:7]
    84/504: $61\parity_group[5][7:7]
    85/504: $60\parity_group[5][7:7]
    86/504: $59\parity_group[5][7:7]
    87/504: $58\parity_group[5][7:7]
    88/504: $57\parity_group[5][7:7]
    89/504: $56\parity_group[5][6:6]
    90/504: $55\parity_group[5][6:6]
    91/504: $54\parity_group[5][6:6]
    92/504: $53\parity_group[5][6:6]
    93/504: $52\parity_group[5][6:6]
    94/504: $51\parity_group[5][6:6]
    95/504: $50\parity_group[5][6:6]
    96/504: $49\parity_group[5][6:6]
    97/504: $48\parity_group[5][5:5]
    98/504: $47\parity_group[5][5:5]
    99/504: $46\parity_group[5][5:5]
   100/504: $45\parity_group[5][5:5]
   101/504: $44\parity_group[5][5:5]
   102/504: $43\parity_group[5][5:5]
   103/504: $42\parity_group[5][5:5]
   104/504: $41\parity_group[5][5:5]
   105/504: $40\parity_group[5][4:4]
   106/504: $39\parity_group[5][4:4]
   107/504: $38\parity_group[5][4:4]
   108/504: $37\parity_group[5][4:4]
   109/504: $36\parity_group[5][4:4]
   110/504: $35\parity_group[5][4:4]
   111/504: $34\parity_group[5][4:4]
   112/504: $33\parity_group[5][4:4]
   113/504: $32\parity_group[5][3:3]
   114/504: $31\parity_group[5][3:3]
   115/504: $30\parity_group[5][3:3]
   116/504: $29\parity_group[5][3:3]
   117/504: $28\parity_group[5][3:3]
   118/504: $27\parity_group[5][3:3]
   119/504: $26\parity_group[5][3:3]
   120/504: $25\parity_group[5][3:3]
   121/504: $24\parity_group[5][2:2]
   122/504: $23\parity_group[5][2:2]
   123/504: $22\parity_group[5][2:2]
   124/504: $21\parity_group[5][2:2]
   125/504: $20\parity_group[5][2:2]
   126/504: $19\parity_group[5][2:2]
   127/504: $18\parity_group[5][2:2]
   128/504: $17\parity_group[5][2:2]
   129/504: $16\parity_group[5][1:1]
   130/504: $15\parity_group[5][1:1]
   131/504: $14\parity_group[5][1:1]
   132/504: $13\parity_group[5][1:1]
   133/504: $12\parity_group[5][1:1]
   134/504: $11\parity_group[5][1:1]
   135/504: $10\parity_group[5][1:1]
   136/504: $9\parity_group[5][1:1]
   137/504: $8\parity_group[5][0:0]
   138/504: $7\parity_group[5][0:0]
   139/504: $6\parity_group[5][0:0]
   140/504: $5\parity_group[5][0:0]
   141/504: $4\parity_group[5][0:0]
   142/504: $3\parity_group[5][0:0]
   143/504: $2\parity_group[5][0:0]
   144/504: $1\parity_group[5][0:0]
   145/504: $72\parity_group[4][8:8]
   146/504: $71\parity_group[4][8:8]
   147/504: $70\parity_group[4][8:8]
   148/504: $69\parity_group[4][8:8]
   149/504: $68\parity_group[4][8:8]
   150/504: $67\parity_group[4][8:8]
   151/504: $66\parity_group[4][8:8]
   152/504: $65\parity_group[4][8:8]
   153/504: $64\parity_group[4][7:7]
   154/504: $63\parity_group[4][7:7]
   155/504: $62\parity_group[4][7:7]
   156/504: $61\parity_group[4][7:7]
   157/504: $60\parity_group[4][7:7]
   158/504: $59\parity_group[4][7:7]
   159/504: $58\parity_group[4][7:7]
   160/504: $57\parity_group[4][7:7]
   161/504: $56\parity_group[4][6:6]
   162/504: $55\parity_group[4][6:6]
   163/504: $54\parity_group[4][6:6]
   164/504: $53\parity_group[4][6:6]
   165/504: $52\parity_group[4][6:6]
   166/504: $51\parity_group[4][6:6]
   167/504: $50\parity_group[4][6:6]
   168/504: $49\parity_group[4][6:6]
   169/504: $48\parity_group[4][5:5]
   170/504: $47\parity_group[4][5:5]
   171/504: $46\parity_group[4][5:5]
   172/504: $45\parity_group[4][5:5]
   173/504: $44\parity_group[4][5:5]
   174/504: $43\parity_group[4][5:5]
   175/504: $42\parity_group[4][5:5]
   176/504: $41\parity_group[4][5:5]
   177/504: $40\parity_group[4][4:4]
   178/504: $39\parity_group[4][4:4]
   179/504: $38\parity_group[4][4:4]
   180/504: $37\parity_group[4][4:4]
   181/504: $36\parity_group[4][4:4]
   182/504: $35\parity_group[4][4:4]
   183/504: $34\parity_group[4][4:4]
   184/504: $33\parity_group[4][4:4]
   185/504: $32\parity_group[4][3:3]
   186/504: $31\parity_group[4][3:3]
   187/504: $30\parity_group[4][3:3]
   188/504: $29\parity_group[4][3:3]
   189/504: $28\parity_group[4][3:3]
   190/504: $27\parity_group[4][3:3]
   191/504: $26\parity_group[4][3:3]
   192/504: $25\parity_group[4][3:3]
   193/504: $24\parity_group[4][2:2]
   194/504: $23\parity_group[4][2:2]
   195/504: $22\parity_group[4][2:2]
   196/504: $21\parity_group[4][2:2]
   197/504: $20\parity_group[4][2:2]
   198/504: $19\parity_group[4][2:2]
   199/504: $18\parity_group[4][2:2]
   200/504: $17\parity_group[4][2:2]
   201/504: $16\parity_group[4][1:1]
   202/504: $15\parity_group[4][1:1]
   203/504: $14\parity_group[4][1:1]
   204/504: $13\parity_group[4][1:1]
   205/504: $12\parity_group[4][1:1]
   206/504: $11\parity_group[4][1:1]
   207/504: $10\parity_group[4][1:1]
   208/504: $9\parity_group[4][1:1]
   209/504: $8\parity_group[4][0:0]
   210/504: $7\parity_group[4][0:0]
   211/504: $6\parity_group[4][0:0]
   212/504: $5\parity_group[4][0:0]
   213/504: $4\parity_group[4][0:0]
   214/504: $3\parity_group[4][0:0]
   215/504: $2\parity_group[4][0:0]
   216/504: $1\parity_group[4][0:0]
   217/504: $72\parity_group[3][8:8]
   218/504: $71\parity_group[3][8:8]
   219/504: $70\parity_group[3][8:8]
   220/504: $69\parity_group[3][8:8]
   221/504: $68\parity_group[3][8:8]
   222/504: $67\parity_group[3][8:8]
   223/504: $66\parity_group[3][8:8]
   224/504: $65\parity_group[3][8:8]
   225/504: $64\parity_group[3][7:7]
   226/504: $63\parity_group[3][7:7]
   227/504: $62\parity_group[3][7:7]
   228/504: $61\parity_group[3][7:7]
   229/504: $60\parity_group[3][7:7]
   230/504: $59\parity_group[3][7:7]
   231/504: $58\parity_group[3][7:7]
   232/504: $57\parity_group[3][7:7]
   233/504: $56\parity_group[3][6:6]
   234/504: $55\parity_group[3][6:6]
   235/504: $54\parity_group[3][6:6]
   236/504: $53\parity_group[3][6:6]
   237/504: $52\parity_group[3][6:6]
   238/504: $51\parity_group[3][6:6]
   239/504: $50\parity_group[3][6:6]
   240/504: $49\parity_group[3][6:6]
   241/504: $48\parity_group[3][5:5]
   242/504: $47\parity_group[3][5:5]
   243/504: $46\parity_group[3][5:5]
   244/504: $45\parity_group[3][5:5]
   245/504: $44\parity_group[3][5:5]
   246/504: $43\parity_group[3][5:5]
   247/504: $42\parity_group[3][5:5]
   248/504: $41\parity_group[3][5:5]
   249/504: $40\parity_group[3][4:4]
   250/504: $39\parity_group[3][4:4]
   251/504: $38\parity_group[3][4:4]
   252/504: $37\parity_group[3][4:4]
   253/504: $36\parity_group[3][4:4]
   254/504: $35\parity_group[3][4:4]
   255/504: $34\parity_group[3][4:4]
   256/504: $33\parity_group[3][4:4]
   257/504: $32\parity_group[3][3:3]
   258/504: $31\parity_group[3][3:3]
   259/504: $30\parity_group[3][3:3]
   260/504: $29\parity_group[3][3:3]
   261/504: $28\parity_group[3][3:3]
   262/504: $27\parity_group[3][3:3]
   263/504: $26\parity_group[3][3:3]
   264/504: $25\parity_group[3][3:3]
   265/504: $24\parity_group[3][2:2]
   266/504: $23\parity_group[3][2:2]
   267/504: $22\parity_group[3][2:2]
   268/504: $21\parity_group[3][2:2]
   269/504: $20\parity_group[3][2:2]
   270/504: $19\parity_group[3][2:2]
   271/504: $18\parity_group[3][2:2]
   272/504: $17\parity_group[3][2:2]
   273/504: $16\parity_group[3][1:1]
   274/504: $15\parity_group[3][1:1]
   275/504: $14\parity_group[3][1:1]
   276/504: $13\parity_group[3][1:1]
   277/504: $12\parity_group[3][1:1]
   278/504: $11\parity_group[3][1:1]
   279/504: $10\parity_group[3][1:1]
   280/504: $9\parity_group[3][1:1]
   281/504: $8\parity_group[3][0:0]
   282/504: $7\parity_group[3][0:0]
   283/504: $6\parity_group[3][0:0]
   284/504: $5\parity_group[3][0:0]
   285/504: $4\parity_group[3][0:0]
   286/504: $3\parity_group[3][0:0]
   287/504: $2\parity_group[3][0:0]
   288/504: $1\parity_group[3][0:0]
   289/504: $72\parity_group[2][8:8]
   290/504: $71\parity_group[2][8:8]
   291/504: $70\parity_group[2][8:8]
   292/504: $69\parity_group[2][8:8]
   293/504: $68\parity_group[2][8:8]
   294/504: $67\parity_group[2][8:8]
   295/504: $66\parity_group[2][8:8]
   296/504: $65\parity_group[2][8:8]
   297/504: $64\parity_group[2][7:7]
   298/504: $63\parity_group[2][7:7]
   299/504: $62\parity_group[2][7:7]
   300/504: $61\parity_group[2][7:7]
   301/504: $60\parity_group[2][7:7]
   302/504: $59\parity_group[2][7:7]
   303/504: $58\parity_group[2][7:7]
   304/504: $57\parity_group[2][7:7]
   305/504: $56\parity_group[2][6:6]
   306/504: $55\parity_group[2][6:6]
   307/504: $54\parity_group[2][6:6]
   308/504: $53\parity_group[2][6:6]
   309/504: $52\parity_group[2][6:6]
   310/504: $51\parity_group[2][6:6]
   311/504: $50\parity_group[2][6:6]
   312/504: $49\parity_group[2][6:6]
   313/504: $48\parity_group[2][5:5]
   314/504: $47\parity_group[2][5:5]
   315/504: $46\parity_group[2][5:5]
   316/504: $45\parity_group[2][5:5]
   317/504: $44\parity_group[2][5:5]
   318/504: $43\parity_group[2][5:5]
   319/504: $42\parity_group[2][5:5]
   320/504: $41\parity_group[2][5:5]
   321/504: $40\parity_group[2][4:4]
   322/504: $39\parity_group[2][4:4]
   323/504: $38\parity_group[2][4:4]
   324/504: $37\parity_group[2][4:4]
   325/504: $36\parity_group[2][4:4]
   326/504: $35\parity_group[2][4:4]
   327/504: $34\parity_group[2][4:4]
   328/504: $33\parity_group[2][4:4]
   329/504: $32\parity_group[2][3:3]
   330/504: $31\parity_group[2][3:3]
   331/504: $30\parity_group[2][3:3]
   332/504: $29\parity_group[2][3:3]
   333/504: $28\parity_group[2][3:3]
   334/504: $27\parity_group[2][3:3]
   335/504: $26\parity_group[2][3:3]
   336/504: $25\parity_group[2][3:3]
   337/504: $24\parity_group[2][2:2]
   338/504: $23\parity_group[2][2:2]
   339/504: $22\parity_group[2][2:2]
   340/504: $21\parity_group[2][2:2]
   341/504: $20\parity_group[2][2:2]
   342/504: $19\parity_group[2][2:2]
   343/504: $18\parity_group[2][2:2]
   344/504: $17\parity_group[2][2:2]
   345/504: $16\parity_group[2][1:1]
   346/504: $15\parity_group[2][1:1]
   347/504: $14\parity_group[2][1:1]
   348/504: $13\parity_group[2][1:1]
   349/504: $12\parity_group[2][1:1]
   350/504: $11\parity_group[2][1:1]
   351/504: $10\parity_group[2][1:1]
   352/504: $9\parity_group[2][1:1]
   353/504: $8\parity_group[2][0:0]
   354/504: $7\parity_group[2][0:0]
   355/504: $6\parity_group[2][0:0]
   356/504: $5\parity_group[2][0:0]
   357/504: $4\parity_group[2][0:0]
   358/504: $3\parity_group[2][0:0]
   359/504: $2\parity_group[2][0:0]
   360/504: $1\parity_group[2][0:0]
   361/504: $72\parity_group[1][8:8]
   362/504: $71\parity_group[1][8:8]
   363/504: $70\parity_group[1][8:8]
   364/504: $69\parity_group[1][8:8]
   365/504: $68\parity_group[1][8:8]
   366/504: $67\parity_group[1][8:8]
   367/504: $66\parity_group[1][8:8]
   368/504: $65\parity_group[1][8:8]
   369/504: $64\parity_group[1][7:7]
   370/504: $63\parity_group[1][7:7]
   371/504: $62\parity_group[1][7:7]
   372/504: $61\parity_group[1][7:7]
   373/504: $60\parity_group[1][7:7]
   374/504: $59\parity_group[1][7:7]
   375/504: $58\parity_group[1][7:7]
   376/504: $57\parity_group[1][7:7]
   377/504: $56\parity_group[1][6:6]
   378/504: $55\parity_group[1][6:6]
   379/504: $54\parity_group[1][6:6]
   380/504: $53\parity_group[1][6:6]
   381/504: $52\parity_group[1][6:6]
   382/504: $51\parity_group[1][6:6]
   383/504: $50\parity_group[1][6:6]
   384/504: $49\parity_group[1][6:6]
   385/504: $48\parity_group[1][5:5]
   386/504: $47\parity_group[1][5:5]
   387/504: $46\parity_group[1][5:5]
   388/504: $45\parity_group[1][5:5]
   389/504: $44\parity_group[1][5:5]
   390/504: $43\parity_group[1][5:5]
   391/504: $42\parity_group[1][5:5]
   392/504: $41\parity_group[1][5:5]
   393/504: $40\parity_group[1][4:4]
   394/504: $39\parity_group[1][4:4]
   395/504: $38\parity_group[1][4:4]
   396/504: $37\parity_group[1][4:4]
   397/504: $36\parity_group[1][4:4]
   398/504: $35\parity_group[1][4:4]
   399/504: $34\parity_group[1][4:4]
   400/504: $33\parity_group[1][4:4]
   401/504: $32\parity_group[1][3:3]
   402/504: $31\parity_group[1][3:3]
   403/504: $30\parity_group[1][3:3]
   404/504: $29\parity_group[1][3:3]
   405/504: $28\parity_group[1][3:3]
   406/504: $27\parity_group[1][3:3]
   407/504: $26\parity_group[1][3:3]
   408/504: $25\parity_group[1][3:3]
   409/504: $24\parity_group[1][2:2]
   410/504: $23\parity_group[1][2:2]
   411/504: $22\parity_group[1][2:2]
   412/504: $21\parity_group[1][2:2]
   413/504: $20\parity_group[1][2:2]
   414/504: $19\parity_group[1][2:2]
   415/504: $18\parity_group[1][2:2]
   416/504: $17\parity_group[1][2:2]
   417/504: $16\parity_group[1][1:1]
   418/504: $15\parity_group[1][1:1]
   419/504: $14\parity_group[1][1:1]
   420/504: $13\parity_group[1][1:1]
   421/504: $12\parity_group[1][1:1]
   422/504: $11\parity_group[1][1:1]
   423/504: $10\parity_group[1][1:1]
   424/504: $9\parity_group[1][1:1]
   425/504: $8\parity_group[1][0:0]
   426/504: $7\parity_group[1][0:0]
   427/504: $6\parity_group[1][0:0]
   428/504: $5\parity_group[1][0:0]
   429/504: $4\parity_group[1][0:0]
   430/504: $3\parity_group[1][0:0]
   431/504: $2\parity_group[1][0:0]
   432/504: $1\parity_group[1][0:0]
   433/504: $72\parity_group[0][8:8]
   434/504: $71\parity_group[0][8:8]
   435/504: $70\parity_group[0][8:8]
   436/504: $69\parity_group[0][8:8]
   437/504: $68\parity_group[0][8:8]
   438/504: $67\parity_group[0][8:8]
   439/504: $66\parity_group[0][8:8]
   440/504: $65\parity_group[0][8:8]
   441/504: $64\parity_group[0][7:7]
   442/504: $63\parity_group[0][7:7]
   443/504: $62\parity_group[0][7:7]
   444/504: $61\parity_group[0][7:7]
   445/504: $60\parity_group[0][7:7]
   446/504: $59\parity_group[0][7:7]
   447/504: $58\parity_group[0][7:7]
   448/504: $57\parity_group[0][7:7]
   449/504: $56\parity_group[0][6:6]
   450/504: $55\parity_group[0][6:6]
   451/504: $54\parity_group[0][6:6]
   452/504: $53\parity_group[0][6:6]
   453/504: $52\parity_group[0][6:6]
   454/504: $51\parity_group[0][6:6]
   455/504: $50\parity_group[0][6:6]
   456/504: $49\parity_group[0][6:6]
   457/504: $48\parity_group[0][5:5]
   458/504: $47\parity_group[0][5:5]
   459/504: $46\parity_group[0][5:5]
   460/504: $45\parity_group[0][5:5]
   461/504: $44\parity_group[0][5:5]
   462/504: $43\parity_group[0][5:5]
   463/504: $42\parity_group[0][5:5]
   464/504: $41\parity_group[0][5:5]
   465/504: $40\parity_group[0][4:4]
   466/504: $39\parity_group[0][4:4]
   467/504: $38\parity_group[0][4:4]
   468/504: $37\parity_group[0][4:4]
   469/504: $36\parity_group[0][4:4]
   470/504: $35\parity_group[0][4:4]
   471/504: $34\parity_group[0][4:4]
   472/504: $33\parity_group[0][4:4]
   473/504: $32\parity_group[0][3:3]
   474/504: $31\parity_group[0][3:3]
   475/504: $30\parity_group[0][3:3]
   476/504: $29\parity_group[0][3:3]
   477/504: $28\parity_group[0][3:3]
   478/504: $27\parity_group[0][3:3]
   479/504: $26\parity_group[0][3:3]
   480/504: $25\parity_group[0][3:3]
   481/504: $24\parity_group[0][2:2]
   482/504: $23\parity_group[0][2:2]
   483/504: $22\parity_group[0][2:2]
   484/504: $21\parity_group[0][2:2]
   485/504: $20\parity_group[0][2:2]
   486/504: $19\parity_group[0][2:2]
   487/504: $18\parity_group[0][2:2]
   488/504: $17\parity_group[0][2:2]
   489/504: $16\parity_group[0][1:1]
   490/504: $15\parity_group[0][1:1]
   491/504: $14\parity_group[0][1:1]
   492/504: $13\parity_group[0][1:1]
   493/504: $12\parity_group[0][1:1]
   494/504: $11\parity_group[0][1:1]
   495/504: $10\parity_group[0][1:1]
   496/504: $9\parity_group[0][1:1]
   497/504: $8\parity_group[0][0:0]
   498/504: $7\parity_group[0][0:0]
   499/504: $6\parity_group[0][0:0]
   500/504: $5\parity_group[0][0:0]
   501/504: $4\parity_group[0][0:0]
   502/504: $3\parity_group[0][0:0]
   503/504: $2\parity_group[0][0:0]
   504/504: $1\parity_group[0][0:0]

4.8. Executing PROC_DLATCH pass (convert process syncs to latches).
No latch inferred for signal `\secded_pipelined_72_64_v1_decoder.\data_index' from process `\secded_pipelined_72_64_v1_decoder.$proc$/gate04-repo/asic/rtl/secded/secded_pipelined_72_64_v1.sv:114$7422'.
No latch inferred for signal `\secded_pipelined_72_64_v1_decoder.\position' from process `\secded_pipelined_72_64_v1_decoder.$proc$/gate04-repo/asic/rtl/secded/secded_pipelined_72_64_v1.sv:114$7422'.
No latch inferred for signal `\secded_pipelined_72_64_v1_decoder.\correction_mask_d' from process `\secded_pipelined_72_64_v1_decoder.$proc$/gate04-repo/asic/rtl/secded/secded_pipelined_72_64_v1.sv:114$7422'.
No latch inferred for signal `\secded_pipelined_72_64_v1_decoder.\corrected_d' from process `\secded_pipelined_72_64_v1_decoder.$proc$/gate04-repo/asic/rtl/secded/secded_pipelined_72_64_v1.sv:114$7422'.
No latch inferred for signal `\secded_pipelined_72_64_v1_decoder.\data_d' from process `\secded_pipelined_72_64_v1_decoder.$proc$/gate04-repo/asic/rtl/secded/secded_pipelined_72_64_v1.sv:114$7422'.
No latch inferred for signal `\secded_pipelined_72_64_v1_decoder.\detected_d' from process `\secded_pipelined_72_64_v1_decoder.$proc$/gate04-repo/asic/rtl/secded/secded_pipelined_72_64_v1.sv:114$7422'.
No latch inferred for signal `\secded_pipelined_72_64_v1_decoder.\corrected_flag_d' from process `\secded_pipelined_72_64_v1_decoder.$proc$/gate04-repo/asic/rtl/secded/secded_pipelined_72_64_v1.sv:114$7422'.
No latch inferred for signal `\secded_pipelined_72_64_v1_decoder.\uncorrectable_d' from process `\secded_pipelined_72_64_v1_decoder.$proc$/gate04-repo/asic/rtl/secded/secded_pipelined_72_64_v1.sv:114$7422'.
No latch inferred for signal `\secded_pipelined_72_64_v1_decoder.\error_position' from process `\secded_pipelined_72_64_v1_decoder.$proc$/gate04-repo/asic/rtl/secded/secded_pipelined_72_64_v1.sv:114$7422'.
No latch inferred for signal `\secded_pipelined_72_64_v1_decoder.\position' from process `\secded_pipelined_72_64_v1_decoder.$proc$/gate04-repo/asic/rtl/secded/secded_pipelined_72_64_v1.sv:96$3884'.
No latch inferred for signal `\secded_pipelined_72_64_v1_decoder.\parity_index' from process `\secded_pipelined_72_64_v1_decoder.$proc$/gate04-repo/asic/rtl/secded/secded_pipelined_72_64_v1.sv:96$3884'.
No latch inferred for signal `\secded_pipelined_72_64_v1_decoder.\group_index' from process `\secded_pipelined_72_64_v1_decoder.$proc$/gate04-repo/asic/rtl/secded/secded_pipelined_72_64_v1.sv:96$3884'.
No latch inferred for signal `\secded_pipelined_72_64_v1_decoder.\group_offset' from process `\secded_pipelined_72_64_v1_decoder.$proc$/gate04-repo/asic/rtl/secded/secded_pipelined_72_64_v1.sv:96$3884'.
No latch inferred for signal `\secded_pipelined_72_64_v1_decoder.\syndrome_d' from process `\secded_pipelined_72_64_v1_decoder.$proc$/gate04-repo/asic/rtl/secded/secded_pipelined_72_64_v1.sv:96$3884'.
No latch inferred for signal `\secded_pipelined_72_64_v1_decoder.\overall_mismatch_d' from process `\secded_pipelined_72_64_v1_decoder.$proc$/gate04-repo/asic/rtl/secded/secded_pipelined_72_64_v1.sv:96$3884'.
No latch inferred for signal `\secded_pipelined_72_64_v1_decoder.\syndrome_group[0]' from process `\secded_pipelined_72_64_v1_decoder.$proc$/gate04-repo/asic/rtl/secded/secded_pipelined_72_64_v1.sv:96$3884'.
No latch inferred for signal `\secded_pipelined_72_64_v1_decoder.\syndrome_group[1]' from process `\secded_pipelined_72_64_v1_decoder.$proc$/gate04-repo/asic/rtl/secded/secded_pipelined_72_64_v1.sv:96$3884'.
No latch inferred for signal `\secded_pipelined_72_64_v1_decoder.\syndrome_group[2]' from process `\secded_pipelined_72_64_v1_decoder.$proc$/gate04-repo/asic/rtl/secded/secded_pipelined_72_64_v1.sv:96$3884'.
No latch inferred for signal `\secded_pipelined_72_64_v1_decoder.\syndrome_group[3]' from process `\secded_pipelined_72_64_v1_decoder.$proc$/gate04-repo/asic/rtl/secded/secded_pipelined_72_64_v1.sv:96$3884'.
No latch inferred for signal `\secded_pipelined_72_64_v1_decoder.\syndrome_group[4]' from process `\secded_pipelined_72_64_v1_decoder.$proc$/gate04-repo/asic/rtl/secded/secded_pipelined_72_64_v1.sv:96$3884'.
No latch inferred for signal `\secded_pipelined_72_64_v1_decoder.\syndrome_group[5]' from process `\secded_pipelined_72_64_v1_decoder.$proc$/gate04-repo/asic/rtl/secded/secded_pipelined_72_64_v1.sv:96$3884'.
No latch inferred for signal `\secded_pipelined_72_64_v1_decoder.\syndrome_group[6]' from process `\secded_pipelined_72_64_v1_decoder.$proc$/gate04-repo/asic/rtl/secded/secded_pipelined_72_64_v1.sv:96$3884'.
No latch inferred for signal `\secded_pipelined_72_64_v1_encoder.\positional_d' from process `\secded_pipelined_72_64_v1_encoder.$proc$/gate04-repo/asic/rtl/secded/secded_pipelined_72_64_v1.sv:26$82'.
No latch inferred for signal `\secded_pipelined_72_64_v1_encoder.\parity_d' from process `\secded_pipelined_72_64_v1_encoder.$proc$/gate04-repo/asic/rtl/secded/secded_pipelined_72_64_v1.sv:26$82'.
No latch inferred for signal `\secded_pipelined_72_64_v1_encoder.\data_index' from process `\secded_pipelined_72_64_v1_encoder.$proc$/gate04-repo/asic/rtl/secded/secded_pipelined_72_64_v1.sv:26$82'.
No latch inferred for signal `\secded_pipelined_72_64_v1_encoder.\position' from process `\secded_pipelined_72_64_v1_encoder.$proc$/gate04-repo/asic/rtl/secded/secded_pipelined_72_64_v1.sv:26$82'.
No latch inferred for signal `\secded_pipelined_72_64_v1_encoder.\parity_index' from process `\secded_pipelined_72_64_v1_encoder.$proc$/gate04-repo/asic/rtl/secded/secded_pipelined_72_64_v1.sv:26$82'.
No latch inferred for signal `\secded_pipelined_72_64_v1_encoder.\group_index' from process `\secded_pipelined_72_64_v1_encoder.$proc$/gate04-repo/asic/rtl/secded/secded_pipelined_72_64_v1.sv:26$82'.
No latch inferred for signal `\secded_pipelined_72_64_v1_encoder.\group_offset' from process `\secded_pipelined_72_64_v1_encoder.$proc$/gate04-repo/asic/rtl/secded/secded_pipelined_72_64_v1.sv:26$82'.
No latch inferred for signal `\secded_pipelined_72_64_v1_encoder.\parity_group[0]' from process `\secded_pipelined_72_64_v1_encoder.$proc$/gate04-repo/asic/rtl/secded/secded_pipelined_72_64_v1.sv:26$82'.
No latch inferred for signal `\secded_pipelined_72_64_v1_encoder.\parity_group[1]' from process `\secded_pipelined_72_64_v1_encoder.$proc$/gate04-repo/asic/rtl/secded/secded_pipelined_72_64_v1.sv:26$82'.
No latch inferred for signal `\secded_pipelined_72_64_v1_encoder.\parity_group[2]' from process `\secded_pipelined_72_64_v1_encoder.$proc$/gate04-repo/asic/rtl/secded/secded_pipelined_72_64_v1.sv:26$82'.
No latch inferred for signal `\secded_pipelined_72_64_v1_encoder.\parity_group[3]' from process `\secded_pipelined_72_64_v1_encoder.$proc$/gate04-repo/asic/rtl/secded/secded_pipelined_72_64_v1.sv:26$82'.
No latch inferred for signal `\secded_pipelined_72_64_v1_encoder.\parity_group[4]' from process `\secded_pipelined_72_64_v1_encoder.$proc$/gate04-repo/asic/rtl/secded/secded_pipelined_72_64_v1.sv:26$82'.
No latch inferred for signal `\secded_pipelined_72_64_v1_encoder.\parity_group[5]' from process `\secded_pipelined_72_64_v1_encoder.$proc$/gate04-repo/asic/rtl/secded/secded_pipelined_72_64_v1.sv:26$82'.
No latch inferred for signal `\secded_pipelined_72_64_v1_encoder.\parity_group[6]' from process `\secded_pipelined_72_64_v1_encoder.$proc$/gate04-repo/asic/rtl/secded/secded_pipelined_72_64_v1.sv:26$82'.

4.9. Executing PROC_DFF pass (convert process syncs to FFs).
Creating register for signal `\gate04_secded_pipe_72_64.\enc_valid_o' using process `\gate04_secded_pipe_72_64.$proc$/gate04-repo/scripts/gate04/rtl/gate04_boundaries.sv:103$8090'.
  created $dff cell `$procdff$11410' with positive edge clock.
Creating register for signal `\gate04_secded_pipe_72_64.\enc_codeword_o' using process `\gate04_secded_pipe_72_64.$proc$/gate04-repo/scripts/gate04/rtl/gate04_boundaries.sv:103$8090'.
  created $dff cell `$procdff$11411' with positive edge clock.
Creating register for signal `\gate04_secded_pipe_72_64.\dec_valid_o' using process `\gate04_secded_pipe_72_64.$proc$/gate04-repo/scripts/gate04/rtl/gate04_boundaries.sv:103$8090'.
  created $dff cell `$procdff$11412' with positive edge clock.
Creating register for signal `\gate04_secded_pipe_72_64.\dec_data_o' using process `\gate04_secded_pipe_72_64.$proc$/gate04-repo/scripts/gate04/rtl/gate04_boundaries.sv:103$8090'.
  created $dff cell `$procdff$11413' with positive edge clock.
Creating register for signal `\gate04_secded_pipe_72_64.\dec_codeword_echo_o' using process `\gate04_secded_pipe_72_64.$proc$/gate04-repo/scripts/gate04/rtl/gate04_boundaries.sv:103$8090'.
  created $dff cell `$procdff$11414' with positive edge clock.
Creating register for signal `\gate04_secded_pipe_72_64.\dec_detected_o' using process `\gate04_secded_pipe_72_64.$proc$/gate04-repo/scripts/gate04/rtl/gate04_boundaries.sv:103$8090'.
  created $dff cell `$procdff$11415' with positive edge clock.
Creating register for signal `\gate04_secded_pipe_72_64.\dec_corrected_o' using process `\gate04_secded_pipe_72_64.$proc$/gate04-repo/scripts/gate04/rtl/gate04_boundaries.sv:103$8090'.
  created $dff cell `$procdff$11416' with positive edge clock.
Creating register for signal `\gate04_secded_pipe_72_64.\dec_uncorrectable_o' using process `\gate04_secded_pipe_72_64.$proc$/gate04-repo/scripts/gate04/rtl/gate04_boundaries.sv:103$8090'.
  created $dff cell `$procdff$11417' with positive edge clock.
Creating register for signal `\gate04_secded_pipe_72_64.\valid_q' using process `\gate04_secded_pipe_72_64.$proc$/gate04-repo/scripts/gate04/rtl/gate04_boundaries.sv:103$8090'.
  created $dff cell `$procdff$11418' with positive edge clock.
Creating register for signal `\gate04_secded_pipe_72_64.\enc_data_q' using process `\gate04_secded_pipe_72_64.$proc$/gate04-repo/scripts/gate04/rtl/gate04_boundaries.sv:103$8090'.
  created $dff cell `$procdff$11419' with positive edge clock.
Creating register for signal `\gate04_secded_pipe_72_64.\dec_codeword_q' using process `\gate04_secded_pipe_72_64.$proc$/gate04-repo/scripts/gate04/rtl/gate04_boundaries.sv:103$8090'.
  created $dff cell `$procdff$11420' with positive edge clock.
Creating register for signal `\secded_pipelined_72_64_v1_decoder.\stage1_valid_q' using process `\secded_pipelined_72_64_v1_decoder.$proc$/gate04-repo/asic/rtl/secded/secded_pipelined_72_64_v1.sv:144$8087'.
  created $dff cell `$procdff$11421' with positive edge clock.
Creating register for signal `\secded_pipelined_72_64_v1_decoder.\stage2_valid_q' using process `\secded_pipelined_72_64_v1_decoder.$proc$/gate04-repo/asic/rtl/secded/secded_pipelined_72_64_v1.sv:144$8087'.
  created $dff cell `$procdff$11422' with positive edge clock.
Creating register for signal `\secded_pipelined_72_64_v1_decoder.\syndrome_q' using process `\secded_pipelined_72_64_v1_decoder.$proc$/gate04-repo/asic/rtl/secded/secded_pipelined_72_64_v1.sv:144$8087'.
  created $dff cell `$procdff$11423' with positive edge clock.
Creating register for signal `\secded_pipelined_72_64_v1_decoder.\overall_mismatch_q' using process `\secded_pipelined_72_64_v1_decoder.$proc$/gate04-repo/asic/rtl/secded/secded_pipelined_72_64_v1.sv:144$8087'.
  created $dff cell `$procdff$11424' with positive edge clock.
Creating register for signal `\secded_pipelined_72_64_v1_decoder.\received_q' using process `\secded_pipelined_72_64_v1_decoder.$proc$/gate04-repo/asic/rtl/secded/secded_pipelined_72_64_v1.sv:144$8087'.
  created $dff cell `$procdff$11425' with positive edge clock.
Creating register for signal `\secded_pipelined_72_64_v1_decoder.\corrected_q' using process `\secded_pipelined_72_64_v1_decoder.$proc$/gate04-repo/asic/rtl/secded/secded_pipelined_72_64_v1.sv:144$8087'.
  created $dff cell `$procdff$11426' with positive edge clock.
Creating register for signal `\secded_pipelined_72_64_v1_decoder.\data_q' using process `\secded_pipelined_72_64_v1_decoder.$proc$/gate04-repo/asic/rtl/secded/secded_pipelined_72_64_v1.sv:144$8087'.
  created $dff cell `$procdff$11427' with positive edge clock.
Creating register for signal `\secded_pipelined_72_64_v1_decoder.\detected_q' using process `\secded_pipelined_72_64_v1_decoder.$proc$/gate04-repo/asic/rtl/secded/secded_pipelined_72_64_v1.sv:144$8087'.
  created $dff cell `$procdff$11428' with positive edge clock.
Creating register for signal `\secded_pipelined_72_64_v1_decoder.\corrected_flag_q' using process `\secded_pipelined_72_64_v1_decoder.$proc$/gate04-repo/asic/rtl/secded/secded_pipelined_72_64_v1.sv:144$8087'.
  created $dff cell `$procdff$11429' with positive edge clock.
Creating register for signal `\secded_pipelined_72_64_v1_decoder.\uncorrectable_q' using process `\secded_pipelined_72_64_v1_decoder.$proc$/gate04-repo/asic/rtl/secded/secded_pipelined_72_64_v1.sv:144$8087'.
  created $dff cell `$procdff$11430' with positive edge clock.
Creating register for signal `\secded_pipelined_72_64_v1_encoder.\positional_q' using process `\secded_pipelined_72_64_v1_encoder.$proc$/gate04-repo/asic/rtl/secded/secded_pipelined_72_64_v1.sv:56$3746'.
  created $dff cell `$procdff$11431' with positive edge clock.
Creating register for signal `\secded_pipelined_72_64_v1_encoder.\stage1_valid_q' using process `\secded_pipelined_72_64_v1_encoder.$proc$/gate04-repo/asic/rtl/secded/secded_pipelined_72_64_v1.sv:56$3746'.
  created $dff cell `$procdff$11432' with positive edge clock.
Creating register for signal `\secded_pipelined_72_64_v1_encoder.\stage2_valid_q' using process `\secded_pipelined_72_64_v1_encoder.$proc$/gate04-repo/asic/rtl/secded/secded_pipelined_72_64_v1.sv:56$3746'.
  created $dff cell `$procdff$11433' with positive edge clock.
Creating register for signal `\secded_pipelined_72_64_v1_encoder.\stage2_codeword_q' using process `\secded_pipelined_72_64_v1_encoder.$proc$/gate04-repo/asic/rtl/secded/secded_pipelined_72_64_v1.sv:56$3746'.
  created $dff cell `$procdff$11434' with positive edge clock.

4.10. Executing PROC_MEMWR pass (convert process memory writes to cells).

4.11. Executing PROC_CLEAN pass (remove empty switches from decision trees).
Found and cleaned up 1 empty switch in `\gate04_secded_pipe_72_64.$proc$/gate04-repo/scripts/gate04/rtl/gate04_boundaries.sv:103$8090'.
Removing empty process `gate04_secded_pipe_72_64.$proc$/gate04-repo/scripts/gate04/rtl/gate04_boundaries.sv:103$8090'.
Removing empty process `secded_pipelined_72_64_v1_decoder.$proc$/gate04-repo/asic/rtl/secded/secded_pipelined_72_64_v1.sv:144$8087'.
Found and cleaned up 68 empty switches in `\secded_pipelined_72_64_v1_decoder.$proc$/gate04-repo/asic/rtl/secded/secded_pipelined_72_64_v1.sv:114$7422'.
Removing empty process `secded_pipelined_72_64_v1_decoder.$proc$/gate04-repo/asic/rtl/secded/secded_pipelined_72_64_v1.sv:114$7422'.
Found and cleaned up 504 empty switches in `\secded_pipelined_72_64_v1_decoder.$proc$/gate04-repo/asic/rtl/secded/secded_pipelined_72_64_v1.sv:96$3884'.
Removing empty process `secded_pipelined_72_64_v1_decoder.$proc$/gate04-repo/asic/rtl/secded/secded_pipelined_72_64_v1.sv:96$3884'.
Removing empty process `secded_pipelined_72_64_v1_encoder.$proc$/gate04-repo/asic/rtl/secded/secded_pipelined_72_64_v1.sv:56$3746'.
Found and cleaned up 504 empty switches in `\secded_pipelined_72_64_v1_encoder.$proc$/gate04-repo/asic/rtl/secded/secded_pipelined_72_64_v1.sv:26$82'.
Removing empty process `secded_pipelined_72_64_v1_encoder.$proc$/gate04-repo/asic/rtl/secded/secded_pipelined_72_64_v1.sv:26$82'.
Cleaned up 1077 empty switches.

4.12. Executing OPT_EXPR pass (perform const folding).
Optimizing module gate04_secded_pipe_72_64.
<suppressed ~11 debug messages>
Optimizing module secded_pipelined_72_64_v1_decoder.
<suppressed ~4747 debug messages>
Optimizing module secded_pipelined_72_64_v1_encoder.
<suppressed ~4444 debug messages>

5. Executing CHECK pass (checking for obvious problems).
Checking module gate04_secded_pipe_72_64...
Checking module secded_pipelined_72_64_v1_decoder...
Checking module secded_pipelined_72_64_v1_encoder...
Found and reported 0 problems.

6. Printing statistics.

=== gate04_secded_pipe_72_64 ===

        +----------Local Count, excluding submodules.
        | 
       58 wires
     1414 wire bits
       24 public wires
      702 public wire bits
       13 ports
      352 port bits
       23 cells
       11   $dff
        1   $logic_not
       11   $mux
        2 submodules
        1   secded_pipelined_72_64_v1_decoder
        1   secded_pipelined_72_64_v1_encoder

=== secded_pipelined_72_64_v1_decoder ===

        +----------Local Count, excluding submodules.
        | 
     6027 wires
    78139 wire bits
       40 public wires
      909 public wire bits
        9 ports
      214 port bits
      365 cells
       10   $dff
        1   $ge
        1   $le
        4   $logic_and
        2   $logic_not
        1   $logic_or
       20   $mux
        1   $ne
        2   $neg
        1   $not
       63   $or
        3   $reduce_bool
        8   $reduce_xor
        2   $shift
        1   $sub
      245   $xor

=== secded_pipelined_72_64_v1_encoder ===

        +----------Local Count, excluding submodules.
        | 
     5345 wires
    41551 wire bits
       23 public wires
      585 public wire bits
        5 ports
      139 port bits
      232 cells
        4   $dff
        8   $reduce_xor
      220   $xor

=== design hierarchy ===

        +----------Count including submodules.
        | 
      620 gate04_secded_pipe_72_64
      365 secded_pipelined_72_64_v1_decoder
      232 secded_pipelined_72_64_v1_encoder

        +----------Count including submodules.
        | 
    11430 wires
   121104 wire bits
       87 public wires
     2196 public wire bits
       27 ports
      705 port bits
        - memories
        - memory bits
        - processes
      620 cells
       25   $dff
        1   $ge
        1   $le
        4   $logic_and
        3   $logic_not
        1   $logic_or
       31   $mux
        1   $ne
        2   $neg
        1   $not
       63   $or
        3   $reduce_bool
       16   $reduce_xor
        2   $shift
        1   $sub
      465   $xor
        2 submodules
        1   secded_pipelined_72_64_v1_decoder
        1   secded_pipelined_72_64_v1_encoder

Warnings: 2 unique messages, 2 total
End of script. Logfile hash: 67a79c6d64, time: 1.82s, user: 1.71s, system: 0.15s, MEM: 73.23 MB peak
Yosys 0.68+post (git sha1 UNKNOWN, Release, GNU /usr/local/bin/wrapped-cc/g++ 11.4.0)
Time spent: 63% 3x read_verilog (1 sec), 12% 1x proc_dlatch (0 sec), ...
PREFLIGHT_TOP=gate04_hsiao_72_64

 /----------------------------------------------------------------------------\
 |  yosys -- Yosys Open SYnthesis Suite                                       |
 |  Copyright (C) 2012 - 2026  Claire Xenia Wolf <claire@yosyshq.com>         |
 |  Distributed under an ISC-like license, type "license" to see terms        |
 \----------------------------------------------------------------------------/
 Yosys 0.68+post (git sha1 UNKNOWN, Release, GNU /usr/local/bin/wrapped-cc/g++ 11.4.0)

-- Running command `read_verilog -sv /gate04-repo/green_ecc_physical_simulation/rtl/hsiao_secded_72_64/hsiao_secded_72_64_v1_encoder.sv /gate04-repo/green_ecc_physical_simulation/rtl/hsiao_secded_72_64/hsiao_secded_72_64_v1_syndrome.sv /gate04-repo/green_ecc_physical_simulation/rtl/hsiao_secded_72_64/hsiao_secded_72_64_v1_decoder.sv /gate04-repo/scripts/gate04/rtl/gate04_boundaries.sv; hierarchy -check -top gate04_hsiao_72_64; proc; check -assert; stat' --

1. Executing Verilog-2005 frontend: /gate04-repo/green_ecc_physical_simulation/rtl/hsiao_secded_72_64/hsiao_secded_72_64_v1_encoder.sv
Parsing SystemVerilog input from `/gate04-repo/green_ecc_physical_simulation/rtl/hsiao_secded_72_64/hsiao_secded_72_64_v1_encoder.sv' to AST representation.
Generating RTLIL representation for module `\hsiao_secded_72_64_v1_encoder'.
Successfully finished Verilog frontend.

2. Executing Verilog-2005 frontend: /gate04-repo/green_ecc_physical_simulation/rtl/hsiao_secded_72_64/hsiao_secded_72_64_v1_syndrome.sv
Parsing SystemVerilog input from `/gate04-repo/green_ecc_physical_simulation/rtl/hsiao_secded_72_64/hsiao_secded_72_64_v1_syndrome.sv' to AST representation.
Generating RTLIL representation for module `\hsiao_secded_72_64_v1_syndrome'.
Successfully finished Verilog frontend.

3. Executing Verilog-2005 frontend: /gate04-repo/green_ecc_physical_simulation/rtl/hsiao_secded_72_64/hsiao_secded_72_64_v1_decoder.sv
Parsing SystemVerilog input from `/gate04-repo/green_ecc_physical_simulation/rtl/hsiao_secded_72_64/hsiao_secded_72_64_v1_decoder.sv' to AST representation.
Generating RTLIL representation for module `\hsiao_secded_72_64_v1_decoder'.
Successfully finished Verilog frontend.

4. Executing Verilog-2005 frontend: /gate04-repo/scripts/gate04/rtl/gate04_boundaries.sv
Parsing SystemVerilog input from `/gate04-repo/scripts/gate04/rtl/gate04_boundaries.sv' to AST representation.
Generating RTLIL representation for module `\gate04_secded_comb_72_64'.
Generating RTLIL representation for module `\gate04_secded_pipe_72_64'.
Generating RTLIL representation for module `\gate04_hsiao_72_64'.
Generating RTLIL representation for module `\gate04_bch_78_64'.
Generating RTLIL representation for module `\gate04_boundary_ref_72_64'.
Generating RTLIL representation for module `\gate04_boundary_ref_78_64'.
Successfully finished Verilog frontend.

5. Executing HIERARCHY pass (managing design hierarchy).

5.1. Analyzing design hierarchy..
Top module:  \gate04_hsiao_72_64
Used module:     \hsiao_secded_72_64_v1_decoder
Used module:         \hsiao_secded_72_64_v1_syndrome
Used module:     \hsiao_secded_72_64_v1_encoder

5.2. Analyzing design hierarchy..
Top module:  \gate04_hsiao_72_64
Used module:     \hsiao_secded_72_64_v1_decoder
Used module:         \hsiao_secded_72_64_v1_syndrome
Used module:     \hsiao_secded_72_64_v1_encoder
Removing unused module `\gate04_boundary_ref_78_64'.
Removing unused module `\gate04_boundary_ref_72_64'.
Removing unused module `\gate04_bch_78_64'.
Removing unused module `\gate04_secded_pipe_72_64'.
Removing unused module `\gate04_secded_comb_72_64'.
Removed 5 unused modules.

6. Executing PROC pass (convert processes to netlists).

6.1. Executing PROC_CLEAN pass (remove empty switches from decision trees).
Cleaned up 0 empty switches.

6.2. Executing PROC_RMDEAD pass (remove dead branches from decision trees).
Marked 1 switch rules as full_case in process $proc$/gate04-repo/scripts/gate04/rtl/gate04_boundaries.sv:163$420 in module gate04_hsiao_72_64.
Removed a total of 0 dead cases.

6.3. Executing PROC_PRUNE pass (remove redundant assignments in processes).
Removed 11 redundant assignments.
Promoted 2 assignments to connections.

6.4. Executing PROC_INIT pass (extract init attributes).

6.5. Executing PROC_ARST pass (detect async resets in processes).

6.6. Executing PROC_ROM pass (convert switches to ROMs).
Converted 1 switch.
<suppressed ~1 debug messages>

6.7. Executing PROC_MUX pass (convert decision trees to multiplexers).
Creating decoders for process `\gate04_hsiao_72_64.$proc$/gate04-repo/scripts/gate04/rtl/gate04_boundaries.sv:163$420'.
     1/11: $0\dec_uncorrectable_o[0:0]
     2/11: $0\dec_corrected_o[0:0]
     3/11: $0\dec_detected_o[0:0]
     4/11: $0\dec_codeword_echo_o[71:0]
     5/11: $0\dec_data_o[63:0]
     6/11: $0\dec_valid_o[0:0]
     7/11: $0\enc_codeword_o[71:0]
     8/11: $0\enc_valid_o[0:0]
     9/11: $0\dec_codeword_q[71:0]
    10/11: $0\enc_data_q[63:0]
    11/11: $0\valid_q[0:0]
Creating decoders for process `\hsiao_secded_72_64_v1_decoder.$proc$/gate04-repo/green_ecc_physical_simulation/rtl/hsiao_secded_72_64/hsiao_secded_72_64_v1_decoder.sv:13$409'.
     1/1: { $1\correction_mask[71:0] $1\correction_known[0:0] }

6.8. Executing PROC_DLATCH pass (convert process syncs to latches).
No latch inferred for signal `\hsiao_secded_72_64_v1_decoder.\correction_mask' from process `\hsiao_secded_72_64_v1_decoder.$proc$/gate04-repo/green_ecc_physical_simulation/rtl/hsiao_secded_72_64/hsiao_secded_72_64_v1_decoder.sv:13$409'.
No latch inferred for signal `\hsiao_secded_72_64_v1_decoder.\correction_known' from process `\hsiao_secded_72_64_v1_decoder.$proc$/gate04-repo/green_ecc_physical_simulation/rtl/hsiao_secded_72_64/hsiao_secded_72_64_v1_decoder.sv:13$409'.

6.9. Executing PROC_DFF pass (convert process syncs to FFs).
Creating register for signal `\gate04_hsiao_72_64.\enc_valid_o' using process `\gate04_hsiao_72_64.$proc$/gate04-repo/scripts/gate04/rtl/gate04_boundaries.sv:163$420'.
  created $dff cell `$procdff$467' with positive edge clock.
Creating register for signal `\gate04_hsiao_72_64.\enc_codeword_o' using process `\gate04_hsiao_72_64.$proc$/gate04-repo/scripts/gate04/rtl/gate04_boundaries.sv:163$420'.
  created $dff cell `$procdff$468' with positive edge clock.
Creating register for signal `\gate04_hsiao_72_64.\dec_valid_o' using process `\gate04_hsiao_72_64.$proc$/gate04-repo/scripts/gate04/rtl/gate04_boundaries.sv:163$420'.
  created $dff cell `$procdff$469' with positive edge clock.
Creating register for signal `\gate04_hsiao_72_64.\dec_data_o' using process `\gate04_hsiao_72_64.$proc$/gate04-repo/scripts/gate04/rtl/gate04_boundaries.sv:163$420'.
  created $dff cell `$procdff$470' with positive edge clock.
Creating register for signal `\gate04_hsiao_72_64.\dec_codeword_echo_o' using process `\gate04_hsiao_72_64.$proc$/gate04-repo/scripts/gate04/rtl/gate04_boundaries.sv:163$420'.
  created $dff cell `$procdff$471' with positive edge clock.
Creating register for signal `\gate04_hsiao_72_64.\dec_detected_o' using process `\gate04_hsiao_72_64.$proc$/gate04-repo/scripts/gate04/rtl/gate04_boundaries.sv:163$420'.
  created $dff cell `$procdff$472' with positive edge clock.
Creating register for signal `\gate04_hsiao_72_64.\dec_corrected_o' using process `\gate04_hsiao_72_64.$proc$/gate04-repo/scripts/gate04/rtl/gate04_boundaries.sv:163$420'.
  created $dff cell `$procdff$473' with positive edge clock.
Creating register for signal `\gate04_hsiao_72_64.\dec_uncorrectable_o' using process `\gate04_hsiao_72_64.$proc$/gate04-repo/scripts/gate04/rtl/gate04_boundaries.sv:163$420'.
  created $dff cell `$procdff$474' with positive edge clock.
Creating register for signal `\gate04_hsiao_72_64.\valid_q' using process `\gate04_hsiao_72_64.$proc$/gate04-repo/scripts/gate04/rtl/gate04_boundaries.sv:163$420'.
  created $dff cell `$procdff$475' with positive edge clock.
Creating register for signal `\gate04_hsiao_72_64.\enc_data_q' using process `\gate04_hsiao_72_64.$proc$/gate04-repo/scripts/gate04/rtl/gate04_boundaries.sv:163$420'.
  created $dff cell `$procdff$476' with positive edge clock.
Creating register for signal `\gate04_hsiao_72_64.\dec_codeword_q' using process `\gate04_hsiao_72_64.$proc$/gate04-repo/scripts/gate04/rtl/gate04_boundaries.sv:163$420'.
  created $dff cell `$procdff$477' with positive edge clock.

6.10. Executing PROC_MEMWR pass (convert process memory writes to cells).

6.11. Executing PROC_CLEAN pass (remove empty switches from decision trees).
Found and cleaned up 1 empty switch in `\gate04_hsiao_72_64.$proc$/gate04-repo/scripts/gate04/rtl/gate04_boundaries.sv:163$420'.
Removing empty process `gate04_hsiao_72_64.$proc$/gate04-repo/scripts/gate04/rtl/gate04_boundaries.sv:163$420'.
Found and cleaned up 1 empty switch in `\hsiao_secded_72_64_v1_decoder.$proc$/gate04-repo/green_ecc_physical_simulation/rtl/hsiao_secded_72_64/hsiao_secded_72_64_v1_decoder.sv:13$409'.
Removing empty process `hsiao_secded_72_64_v1_decoder.$proc$/gate04-repo/green_ecc_physical_simulation/rtl/hsiao_secded_72_64/hsiao_secded_72_64_v1_decoder.sv:13$409'.
Cleaned up 2 empty switches.

6.12. Executing OPT_EXPR pass (perform const folding).
Optimizing module gate04_hsiao_72_64.
<suppressed ~11 debug messages>
Optimizing module hsiao_secded_72_64_v1_decoder.
<suppressed ~2 debug messages>
Optimizing module hsiao_secded_72_64_v1_syndrome.
Optimizing module hsiao_secded_72_64_v1_encoder.

7. Executing CHECK pass (checking for obvious problems).
Checking module gate04_hsiao_72_64...
Checking module hsiao_secded_72_64_v1_decoder...
Checking module hsiao_secded_72_64_v1_syndrome...
Checking module hsiao_secded_72_64_v1_encoder...
Found and reported 0 problems.

8. Printing statistics.

=== gate04_hsiao_72_64 ===

        +----------Local Count, excluding submodules.
        | 
       55 wires
     1340 wire bits
       20 public wires
      627 public wire bits
       13 ports
      352 port bits
       24 cells
       11   $dff
        1   $logic_not
       11   $mux
        1   $or
        2 submodules
        1   hsiao_secded_72_64_v1_decoder
        1   hsiao_secded_72_64_v1_encoder

=== hsiao_secded_72_64_v1_decoder ===

        +----------Local Count, excluding submodules.
        | 
       19 wires
      587 wire bits
        8 public wires
      291 public wire bits
        4 ports
      138 port bits
        1 memories
    18688 memory bits
        8 cells
        2   $logic_and
        1   $logic_not
        1   $meminit
        1   $memrd_v2
        2   $reduce_bool
        1   $xor
        1 submodules
        1   hsiao_secded_72_64_v1_syndrome

=== hsiao_secded_72_64_v1_syndrome ===

        +----------Local Count, excluding submodules.
        | 
      210 wires
      288 wire bits
        2 public wires
       80 public wire bits
        2 ports
       80 port bits
      208 cells
      208   $xor

=== hsiao_secded_72_64_v1_encoder ===

        +----------Local Count, excluding submodules.
        | 
      202 wires
      336 wire bits
        2 public wires
      136 public wire bits
        2 ports
      136 port bits
      200 cells
      200   $xor

=== design hierarchy ===

        +----------Count including submodules.
        | 
      440 gate04_hsiao_72_64
        8 hsiao_secded_72_64_v1_decoder
      208   hsiao_secded_72_64_v1_syndrome
      200 hsiao_secded_72_64_v1_encoder

        +----------Count including submodules.
        | 
      486 wires
     2551 wire bits
       32 public wires
     1134 public wire bits
       21 ports
      706 port bits
        1 memories
    18688 memory bits
        - processes
      440 cells
       11   $dff
        2   $logic_and
        2   $logic_not
        1   $meminit
        1   $memrd_v2
       11   $mux
        1   $or
        2   $reduce_bool
      409   $xor
        2 submodules
        1   hsiao_secded_72_64_v1_decoder
        1   hsiao_secded_72_64_v1_encoder

End of script. Logfile hash: 7b3405a980, time: 0.13s, user: 0.09s, system: 0.06s, MEM: 27.18 MB peak
Yosys 0.68+post (git sha1 UNKNOWN, Release, GNU /usr/local/bin/wrapped-cc/g++ 11.4.0)
Time spent: 74% 5x read_verilog (0 sec), 7% 1x check (0 sec), ...
PREFLIGHT_TOP=gate04_bch_78_64

 /----------------------------------------------------------------------------\
 |  yosys -- Yosys Open SYnthesis Suite                                       |
 |  Copyright (C) 2012 - 2026  Claire Xenia Wolf <claire@yosyshq.com>         |
 |  Distributed under an ISC-like license, type "license" to see terms        |
 \----------------------------------------------------------------------------/
 Yosys 0.68+post (git sha1 UNKNOWN, Release, GNU /usr/local/bin/wrapped-cc/g++ 11.4.0)

-- Running command `read_verilog -sv /gate04-repo/asic/rtl/bch/bch_78_64_t2_v1.sv /gate04-repo/scripts/gate04/rtl/gate04_boundaries.sv; hierarchy -check -top gate04_bch_78_64; proc; check -assert; stat' --

1. Executing Verilog-2005 frontend: /gate04-repo/asic/rtl/bch/bch_78_64_t2_v1.sv
Parsing SystemVerilog input from `/gate04-repo/asic/rtl/bch/bch_78_64_t2_v1.sv' to AST representation.
Generating RTLIL representation for module `\bch_78_64_t2_v1_encoder'.
Note: Assuming pure combinatorial block at /gate04-repo/asic/rtl/bch/bch_78_64_t2_v1.sv:14.3-25.6 in
compliance with IEC 62142(E):2005 / IEEE Std. 1364.1(E):2002. Recommending
use of @* instead of @(...) for better match of synthesis and simulation.
Generating RTLIL representation for module `\bch_78_64_t2_v1_decoder'.
Note: Assuming pure combinatorial block at /gate04-repo/asic/rtl/bch/bch_78_64_t2_v1.sv:265.3-312.6 in
compliance with IEC 62142(E):2005 / IEEE Std. 1364.1(E):2002. Recommending
use of @* instead of @(...) for better match of synthesis and simulation.
Successfully finished Verilog frontend.

2. Executing Verilog-2005 frontend: /gate04-repo/scripts/gate04/rtl/gate04_boundaries.sv
Parsing SystemVerilog input from `/gate04-repo/scripts/gate04/rtl/gate04_boundaries.sv' to AST representation.
Generating RTLIL representation for module `\gate04_secded_comb_72_64'.
Generating RTLIL representation for module `\gate04_secded_pipe_72_64'.
Generating RTLIL representation for module `\gate04_hsiao_72_64'.
Generating RTLIL representation for module `\gate04_bch_78_64'.
Generating RTLIL representation for module `\gate04_boundary_ref_72_64'.
Generating RTLIL representation for module `\gate04_boundary_ref_78_64'.
Successfully finished Verilog frontend.

3. Executing HIERARCHY pass (managing design hierarchy).

3.1. Analyzing design hierarchy..
Top module:  \gate04_bch_78_64
Used module:     \bch_78_64_t2_v1_decoder
Used module:     \bch_78_64_t2_v1_encoder

3.2. Analyzing design hierarchy..
Top module:  \gate04_bch_78_64
Used module:     \bch_78_64_t2_v1_decoder
Used module:     \bch_78_64_t2_v1_encoder
Removing unused module `\gate04_boundary_ref_78_64'.
Removing unused module `\gate04_boundary_ref_72_64'.
Removing unused module `\gate04_hsiao_72_64'.
Removing unused module `\gate04_secded_pipe_72_64'.
Removing unused module `\gate04_secded_comb_72_64'.
Removed 5 unused modules.

4. Executing PROC pass (convert processes to netlists).

4.1. Executing PROC_CLEAN pass (remove empty switches from decision trees).
Found and cleaned up 2 empty switches in `\bch_78_64_t2_v1_decoder.$proc$/gate04-repo/asic/rtl/bch/bch_78_64_t2_v1.sv:265$1377'.
Cleaned up 2 empty switches.

4.2. Executing PROC_RMDEAD pass (remove dead branches from decision trees).
Marked 1 switch rules as full_case in process $proc$/gate04-repo/scripts/gate04/rtl/gate04_boundaries.sv:227$11606 in module gate04_bch_78_64.
Marked 2650 switch rules as full_case in process $proc$/gate04-repo/asic/rtl/bch/bch_78_64_t2_v1.sv:265$1377 in module bch_78_64_t2_v1_decoder.
Marked 64 switch rules as full_case in process $proc$/gate04-repo/asic/rtl/bch/bch_78_64_t2_v1.sv:14$7 in module bch_78_64_t2_v1_encoder.
Removed a total of 0 dead cases.

4.3. Executing PROC_PRUNE pass (remove redundant assignments in processes).
Removed 11 redundant assignments.
Promoted 1304 assignments to connections.

4.4. Executing PROC_INIT pass (extract init attributes).

4.5. Executing PROC_ARST pass (detect async resets in processes).

4.6. Executing PROC_ROM pass (convert switches to ROMs).
Converted 0 switches.
<suppressed ~2715 debug messages>

4.7. Executing PROC_MUX pass (convert decision trees to multiplexers).
Creating decoders for process `\gate04_bch_78_64.$proc$/gate04-repo/scripts/gate04/rtl/gate04_boundaries.sv:227$11606'.
     1/11: $0\dec_uncorrectable_o[0:0]
     2/11: $0\dec_corrected_o[0:0]
     3/11: $0\dec_detected_o[0:0]
     4/11: $0\dec_codeword_echo_o[77:0]
     5/11: $0\dec_data_o[63:0]
     6/11: $0\dec_valid_o[0:0]
     7/11: $0\enc_codeword_o[77:0]
     8/11: $0\enc_valid_o[0:0]
     9/11: $0\dec_codeword_q[77:0]
    10/11: $0\enc_data_q[63:0]
    11/11: $0\valid_q[0:0]
Creating decoders for process `\bch_78_64_t2_v1_decoder.$proc$/gate04-repo/asic/rtl/bch/bch_78_64_t2_v1.sv:265$1377'.
     1/3952: $2\err_corrected_o[0:0]
     2/3952: $2\data_o[63:0]
     3/3952: $2\corrected_codeword_o[77:0]
     4/3952: $2\correction_mask_o[77:0]
     5/3952: $2\err_uncorrectable_o[0:0]
     6/3952: $1\err_uncorrectable_o[0:0]
     7/3952: $1\err_corrected_o[0:0]
     8/3952: $1\correction_mask_o[77:0]
     9/3952: $1\corrected_codeword_o[77:0]
    10/3952: $1\data_o[63:0]
    11/3952: $78\calculate_syndrome$func$/gate04-repo/asic/rtl/bch/bch_78_64_t2_v1.sv:292$1298.packed_syndrome[27:0]$11588
    12/3952: $77\calculate_syndrome$func$/gate04-repo/asic/rtl/bch/bch_78_64_t2_v1.sv:292$1298.packed_syndrome[27:0]$11586
    13/3952: $76\calculate_syndrome$func$/gate04-repo/asic/rtl/bch/bch_78_64_t2_v1.sv:292$1298.packed_syndrome[27:0]$11584
    14/3952: $75\calculate_syndrome$func$/gate04-repo/asic/rtl/bch/bch_78_64_t2_v1.sv:292$1298.packed_syndrome[27:0]$11582
    15/3952: $74\calculate_syndrome$func$/gate04-repo/asic/rtl/bch/bch_78_64_t2_v1.sv:292$1298.packed_syndrome[27:0]$11580
    16/3952: $73\calculate_syndrome$func$/gate04-repo/asic/rtl/bch/bch_78_64_t2_v1.sv:292$1298.packed_syndrome[27:0]$11578
    17/3952: $72\calculate_syndrome$func$/gate04-repo/asic/rtl/bch/bch_78_64_t2_v1.sv:292$1298.packed_syndrome[27:0]$11576
    18/3952: $71\calculate_syndrome$func$/gate04-repo/asic/rtl/bch/bch_78_64_t2_v1.sv:292$1298.packed_syndrome[27:0]$11574
    19/3952: $70\calculate_syndrome$func$/gate04-repo/asic/rtl/bch/bch_78_64_t2_v1.sv:292$1298.packed_syndrome[27:0]$11572
    20/3952: $69\calculate_syndrome$func$/gate04-repo/asic/rtl/bch/bch_78_64_t2_v1.sv:292$1298.packed_syndrome[27:0]$11570
    21/3952: $68\calculate_syndrome$func$/gate04-repo/asic/rtl/bch/bch_78_64_t2_v1.sv:292$1298.packed_syndrome[27:0]$11568
    22/3952: $67\calculate_syndrome$func$/gate04-repo/asic/rtl/bch/bch_78_64_t2_v1.sv:292$1298.packed_syndrome[27:0]$11566
    23/3952: $66\calculate_syndrome$func$/gate04-repo/asic/rtl/bch/bch_78_64_t2_v1.sv:292$1298.packed_syndrome[27:0]$11564
    24/3952: $65\calculate_syndrome$func$/gate04-repo/asic/rtl/bch/bch_78_64_t2_v1.sv:292$1298.packed_syndrome[27:0]$11562
    25/3952: $64\calculate_syndrome$func$/gate04-repo/asic/rtl/bch/bch_78_64_t2_v1.sv:292$1298.packed_syndrome[27:0]$11560
    26/3952: $63\calculate_syndrome$func$/gate04-repo/asic/rtl/bch/bch_78_64_t2_v1.sv:292$1298.packed_syndrome[27:0]$11558
    27/3952: $62\calculate_syndrome$func$/gate04-repo/asic/rtl/bch/bch_78_64_t2_v1.sv:292$1298.packed_syndrome[27:0]$11556
    28/3952: $61\calculate_syndrome$func$/gate04-repo/asic/rtl/bch/bch_78_64_t2_v1.sv:292$1298.packed_syndrome[27:0]$11554
    29/3952: $60\calculate_syndrome$func$/gate04-repo/asic/rtl/bch/bch_78_64_t2_v1.sv:292$1298.packed_syndrome[27:0]$11552
    30/3952: $59\calculate_syndrome$func$/gate04-repo/asic/rtl/bch/bch_78_64_t2_v1.sv:292$1298.packed_syndrome[27:0]$11550
    31/3952: $58\calculate_syndrome$func$/gate04-repo/asic/rtl/bch/bch_78_64_t2_v1.sv:292$1298.packed_syndrome[27:0]$11548
    32/3952: $57\calculate_syndrome$func$/gate04-repo/asic/rtl/bch/bch_78_64_t2_v1.sv:292$1298.packed_syndrome[27:0]$11546
    33/3952: $56\calculate_syndrome$func$/gate04-repo/asic/rtl/bch/bch_78_64_t2_v1.sv:292$1298.packed_syndrome[27:0]$11544
    34/3952: $55\calculate_syndrome$func$/gate04-repo/asic/rtl/bch/bch_78_64_t2_v1.sv:292$1298.packed_syndrome[27:0]$11542
    35/3952: $54\calculate_syndrome$func$/gate04-repo/asic/rtl/bch/bch_78_64_t2_v1.sv:292$1298.packed_syndrome[27:0]$11540
    36/3952: $53\calculate_syndrome$func$/gate04-repo/asic/rtl/bch/bch_78_64_t2_v1.sv:292$1298.packed_syndrome[27:0]$11538
    37/3952: $52\calculate_syndrome$func$/gate04-repo/asic/rtl/bch/bch_78_64_t2_v1.sv:292$1298.packed_syndrome[27:0]$11536
    38/3952: $51\calculate_syndrome$func$/gate04-repo/asic/rtl/bch/bch_78_64_t2_v1.sv:292$1298.packed_syndrome[27:0]$11534
    39/3952: $50\calculate_syndrome$func$/gate04-repo/asic/rtl/bch/bch_78_64_t2_v1.sv:292$1298.packed_syndrome[27:0]$11532
    40/3952: $49\calculate_syndrome$func$/gate04-repo/asic/rtl/bch/bch_78_64_t2_v1.sv:292$1298.packed_syndrome[27:0]$11530
    41/3952: $48\calculate_syndrome$func$/gate04-repo/asic/rtl/bch/bch_78_64_t2_v1.sv:292$1298.packed_syndrome[27:0]$11528
    42/3952: $47\calculate_syndrome$func$/gate04-repo/asic/rtl/bch/bch_78_64_t2_v1.sv:292$1298.packed_syndrome[27:0]$11526
    43/3952: $46\calculate_syndrome$func$/gate04-repo/asic/rtl/bch/bch_78_64_t2_v1.sv:292$1298.packed_syndrome[27:0]$11524
    44/3952: $45\calculate_syndrome$func$/gate04-repo/asic/rtl/bch/bch_78_64_t2_v1.sv:292$1298.packed_syndrome[27:0]$11522
    45/3952: $44\calculate_syndrome$func$/gate04-repo/asic/rtl/bch/bch_78_64_t2_v1.sv:292$1298.packed_syndrome[27:0]$11520
    46/3952: $43\calculate_syndrome$func$/gate04-repo/asic/rtl/bch/bch_78_64_t2_v1.sv:292$1298.packed_syndrome[27:0]$11518
    47/3952: $42\calculate_syndrome$func$/gate04-repo/asic/rtl/bch/bch_78_64_t2_v1.sv:292$1298.packed_syndrome[27:0]$11516
    48/3952: $41\calculate_syndrome$func$/gate04-repo/asic/rtl/bch/bch_78_64_t2_v1.sv:292$1298.packed_syndrome[27:0]$11514
    49/3952: $40\calculate_syndrome$func$/gate04-repo/asic/rtl/bch/bch_78_64_t2_v1.sv:292$1298.packed_syndrome[27:0]$11512
    50/3952: $39\calculate_syndrome$func$/gate04-repo/asic/rtl/bch/bch_78_64_t2_v1.sv:292$1298.packed_syndrome[27:0]$11510
    51/3952: $38\calculate_syndrome$func$/gate04-repo/asic/rtl/bch/bch_78_64_t2_v1.sv:292$1298.packed_syndrome[27:0]$11508
    52/3952: $37\calculate_syndrome$func$/gate04-repo/asic/rtl/bch/bch_78_64_t2_v1.sv:292$1298.packed_syndrome[27:0]$11506
    53/3952: $36\calculate_syndrome$func$/gate04-repo/asic/rtl/bch/bch_78_64_t2_v1.sv:292$1298.packed_syndrome[27:0]$11504
    54/3952: $35\calculate_syndrome$func$/gate04-repo/asic/rtl/bch/bch_78_64_t2_v1.sv:292$1298.packed_syndrome[27:0]$11502
    55/3952: $34\calculate_syndrome$func$/gate04-repo/asic/rtl/bch/bch_78_64_t2_v1.sv:292$1298.packed_syndrome[27:0]$11500
    56/3952: $33\calculate_syndrome$func$/gate04-repo/asic/rtl/bch/bch_78_64_t2_v1.sv:292$1298.packed_syndrome[27:0]$11498
    57/3952: $32\calculate_syndrome$func$/gate04-repo/asic/rtl/bch/bch_78_64_t2_v1.sv:292$1298.packed_syndrome[27:0]$11496
    58/3952: $31\calculate_syndrome$func$/gate04-repo/asic/rtl/bch/bch_78_64_t2_v1.sv:292$1298.packed_syndrome[27:0]$11494
    59/3952: $30\calculate_syndrome$func$/gate04-repo/asic/rtl/bch/bch_78_64_t2_v1.sv:292$1298.packed_syndrome[27:0]$11492
    60/3952: $29\calculate_syndrome$func$/gate04-repo/asic/rtl/bch/bch_78_64_t2_v1.sv:292$1298.packed_syndrome[27:0]$11490
    61/3952: $28\calculate_syndrome$func$/gate04-repo/asic/rtl/bch/bch_78_64_t2_v1.sv:292$1298.packed_syndrome[27:0]$11488
    62/3952: $27\calculate_syndrome$func$/gate04-repo/asic/rtl/bch/bch_78_64_t2_v1.sv:292$1298.packed_syndrome[27:0]$11486
    63/3952: $26\calculate_syndrome$func$/gate04-repo/asic/rtl/bch/bch_78_64_t2_v1.sv:292$1298.packed_syndrome[27:0]$11484
    64/3952: $25\calculate_syndrome$func$/gate04-repo/asic/rtl/bch/bch_78_64_t2_v1.sv:292$1298.packed_syndrome[27:0]$11482
    65/3952: $24\calculate_syndrome$func$/gate04-repo/asic/rtl/bch/bch_78_64_t2_v1.sv:292$1298.packed_syndrome[27:0]$11480
    66/3952: $23\calculate_syndrome$func$/gate04-repo/asic/rtl/bch/bch_78_64_t2_v1.sv:292$1298.packed_syndrome[27:0]$11478
    67/3952: $22\calculate_syndrome$func$/gate04-repo/asic/rtl/bch/bch_78_64_t2_v1.sv:292$1298.packed_syndrome[27:0]$11476
    68/3952: $21\calculate_syndrome$func$/gate04-repo/asic/rtl/bch/bch_78_64_t2_v1.sv:292$1298.packed_syndrome[27:0]$11474
    69/3952: $20\calculate_syndrome$func$/gate04-repo/asic/rtl/bch/bch_78_64_t2_v1.sv:292$1298.packed_syndrome[27:0]$11472
    70/3952: $19\calculate_syndrome$func$/gate04-repo/asic/rtl/bch/bch_78_64_t2_v1.sv:292$1298.packed_syndrome[27:0]$11470
    71/3952: $18\calculate_syndrome$func$/gate04-repo/asic/rtl/bch/bch_78_64_t2_v1.sv:292$1298.packed_syndrome[27:0]$11468
    72/3952: $17\calculate_syndrome$func$/gate04-repo/asic/rtl/bch/bch_78_64_t2_v1.sv:292$1298.packed_syndrome[27:0]$11466
    73/3952: $16\calculate_syndrome$func$/gate04-repo/asic/rtl/bch/bch_78_64_t2_v1.sv:292$1298.packed_syndrome[27:0]$11464
    74/3952: $15\calculate_syndrome$func$/gate04-repo/asic/rtl/bch/bch_78_64_t2_v1.sv:292$1298.packed_syndrome[27:0]$11462
    75/3952: $14\calculate_syndrome$func$/gate04-repo/asic/rtl/bch/bch_78_64_t2_v1.sv:292$1298.packed_syndrome[27:0]$11460
    76/3952: $13\calculate_syndrome$func$/gate04-repo/asic/rtl/bch/bch_78_64_t2_v1.sv:292$1298.packed_syndrome[27:0]$11458
    77/3952: $12\calculate_syndrome$func$/gate04-repo/asic/rtl/bch/bch_78_64_t2_v1.sv:292$1298.packed_syndrome[27:0]$11456
    78/3952: $11\calculate_syndrome$func$/gate04-repo/asic/rtl/bch/bch_78_64_t2_v1.sv:292$1298.packed_syndrome[27:0]$11454
    79/3952: $10\calculate_syndrome$func$/gate04-repo/asic/rtl/bch/bch_78_64_t2_v1.sv:292$1298.packed_syndrome[27:0]$11452
    80/3952: $9\calculate_syndrome$func$/gate04-repo/asic/rtl/bch/bch_78_64_t2_v1.sv:292$1298.packed_syndrome[27:0]$11450
    81/3952: $8\calculate_syndrome$func$/gate04-repo/asic/rtl/bch/bch_78_64_t2_v1.sv:292$1298.packed_syndrome[27:0]$11448
    82/3952: $7\calculate_syndrome$func$/gate04-repo/asic/rtl/bch/bch_78_64_t2_v1.sv:292$1298.packed_syndrome[27:0]$11446
    83/3952: $6\calculate_syndrome$func$/gate04-repo/asic/rtl/bch/bch_78_64_t2_v1.sv:292$1298.packed_syndrome[27:0]$11444
    84/3952: $5\calculate_syndrome$func$/gate04-repo/asic/rtl/bch/bch_78_64_t2_v1.sv:292$1298.packed_syndrome[27:0]$11442
    85/3952: $4\calculate_syndrome$func$/gate04-repo/asic/rtl/bch/bch_78_64_t2_v1.sv:292$1298.packed_syndrome[27:0]$11440
    86/3952: $3\calculate_syndrome$func$/gate04-repo/asic/rtl/bch/bch_78_64_t2_v1.sv:292$1298.packed_syndrome[27:0]$11438
    87/3952: $2\calculate_syndrome$func$/gate04-repo/asic/rtl/bch/bch_78_64_t2_v1.sv:292$1298.packed_syndrome[27:0]$11436
    88/3952: $1\calculate_syndrome$func$/gate04-repo/asic/rtl/bch/bch_78_64_t2_v1.sv:292$1298.packed_syndrome[27:0]$11434
    89/3952: $1\candidate_mask[77:0] [77]
    90/3952: $79\candidate_mask[77:77]
    91/3952: $8\gf_mul$func$/gate04-repo/asic/rtl/bch/bch_78_64_t2_v1.sv:283$1297.a[7:0]$11427
    92/3952: $8\gf_mul$func$/gate04-repo/asic/rtl/bch/bch_78_64_t2_v1.sv:283$1297.result[6:0]$11423
    93/3952: $7\gf_mul$func$/gate04-repo/asic/rtl/bch/bch_78_64_t2_v1.sv:283$1297.a[7:0]$11421
    94/3952: $7\gf_mul$func$/gate04-repo/asic/rtl/bch/bch_78_64_t2_v1.sv:283$1297.result[6:0]$11417
    95/3952: $6\gf_mul$func$/gate04-repo/asic/rtl/bch/bch_78_64_t2_v1.sv:283$1297.a[7:0]$11415
    96/3952: $6\gf_mul$func$/gate04-repo/asic/rtl/bch/bch_78_64_t2_v1.sv:283$1297.result[6:0]$11411
    97/3952: $5\gf_mul$func$/gate04-repo/asic/rtl/bch/bch_78_64_t2_v1.sv:283$1297.a[7:0]$11409
    98/3952: $5\gf_mul$func$/gate04-repo/asic/rtl/bch/bch_78_64_t2_v1.sv:283$1297.result[6:0]$11405
    99/3952: $4\gf_mul$func$/gate04-repo/asic/rtl/bch/bch_78_64_t2_v1.sv:283$1297.a[7:0]$11403
   100/3952: $4\gf_mul$func$/gate04-repo/asic/rtl/bch/bch_78_64_t2_v1.sv:283$1297.result[6:0]$11399
   101/3952: $3\gf_mul$func$/gate04-repo/asic/rtl/bch/bch_78_64_t2_v1.sv:283$1297.a[7:0]$11397
   102/3952: $3\gf_mul$func$/gate04-repo/asic/rtl/bch/bch_78_64_t2_v1.sv:283$1297.result[6:0]$11393
   103/3952: $2\gf_mul$func$/gate04-repo/asic/rtl/bch/bch_78_64_t2_v1.sv:283$1297.a[7:0]$11391
   104/3952: $2\gf_mul$func$/gate04-repo/asic/rtl/bch/bch_78_64_t2_v1.sv:283$1297.result[6:0]$11387
   105/3952: $8\gf_mul$func$/gate04-repo/asic/rtl/bch/bch_78_64_t2_v1.sv:282$1296.a[7:0]$11385
   106/3952: $8\gf_mul$func$/gate04-repo/asic/rtl/bch/bch_78_64_t2_v1.sv:282$1296.result[6:0]$11381
   107/3952: $7\gf_mul$func$/gate04-repo/asic/rtl/bch/bch_78_64_t2_v1.sv:282$1296.a[7:0]$11379
   108/3952: $7\gf_mul$func$/gate04-repo/asic/rtl/bch/bch_78_64_t2_v1.sv:282$1296.result[6:0]$11375
   109/3952: $6\gf_mul$func$/gate04-repo/asic/rtl/bch/bch_78_64_t2_v1.sv:282$1296.a[7:0]$11373
   110/3952: $6\gf_mul$func$/gate04-repo/asic/rtl/bch/bch_78_64_t2_v1.sv:282$1296.result[6:0]$11369
   111/3952: $5\gf_mul$func$/gate04-repo/asic/rtl/bch/bch_78_64_t2_v1.sv:282$1296.a[7:0]$11367
   112/3952: $5\gf_mul$func$/gate04-repo/asic/rtl/bch/bch_78_64_t2_v1.sv:282$1296.result[6:0]$11363
   113/3952: $4\gf_mul$func$/gate04-repo/asic/rtl/bch/bch_78_64_t2_v1.sv:282$1296.a[7:0]$11361
   114/3952: $4\gf_mul$func$/gate04-repo/asic/rtl/bch/bch_78_64_t2_v1.sv:282$1296.result[6:0]$11357
   115/3952: $3\gf_mul$func$/gate04-repo/asic/rtl/bch/bch_78_64_t2_v1.sv:282$1296.a[7:0]$11355
   116/3952: $3\gf_mul$func$/gate04-repo/asic/rtl/bch/bch_78_64_t2_v1.sv:282$1296.result[6:0]$11351
   117/3952: $2\gf_mul$func$/gate04-repo/asic/rtl/bch/bch_78_64_t2_v1.sv:282$1296.a[7:0]$11349
   118/3952: $2\gf_mul$func$/gate04-repo/asic/rtl/bch/bch_78_64_t2_v1.sv:282$1296.result[6:0]$11345
   119/3952: $78\root_count[31:0]
   120/3952: $78\candidate_mask[76:76]
   121/3952: $8\gf_mul$func$/gate04-repo/asic/rtl/bch/bch_78_64_t2_v1.sv:283$1294.a[7:0]$11339
   122/3952: $8\gf_mul$func$/gate04-repo/asic/rtl/bch/bch_78_64_t2_v1.sv:283$1294.result[6:0]$11335
   123/3952: $7\gf_mul$func$/gate04-repo/asic/rtl/bch/bch_78_64_t2_v1.sv:283$1294.a[7:0]$11333
   124/3952: $7\gf_mul$func$/gate04-repo/asic/rtl/bch/bch_78_64_t2_v1.sv:283$1294.result[6:0]$11329
   125/3952: $6\gf_mul$func$/gate04-repo/asic/rtl/bch/bch_78_64_t2_v1.sv:283$1294.a[7:0]$11327
   126/3952: $6\gf_mul$func$/gate04-repo/asic/rtl/bch/bch_78_64_t2_v1.sv:283$1294.result[6:0]$11323
   127/3952: $5\gf_mul$func$/gate04-repo/asic/rtl/bch/bch_78_64_t2_v1.sv:283$1294.a[7:0]$11321
   128/3952: $5\gf_mul$func$/gate04-repo/asic/rtl/bch/bch_78_64_t2_v1.sv:283$1294.result[6:0]$11317
   129/3952: $4\gf_mul$func$/gate04-repo/asic/rtl/bch/bch_78_64_t2_v1.sv:283$1294.a[7:0]$11315
   130/3952: $4\gf_mul$func$/gate04-repo/asic/rtl/bch/bch_78_64_t2_v1.sv:283$1294.result[6:0]$11311
   131/3952: $3\gf_mul$func$/gate04-repo/asic/rtl/bch/bch_78_64_t2_v1.sv:283$1294.a[7:0]$11309
   132/3952: $3\gf_mul$func$/gate04-repo/asic/rtl/bch/bch_78_64_t2_v1.sv:283$1294.result[6:0]$11305
   133/3952: $2\gf_mul$func$/gate04-repo/asic/rtl/bch/bch_78_64_t2_v1.sv:283$1294.a[7:0]$11303
   134/3952: $2\gf_mul$func$/gate04-repo/asic/rtl/bch/bch_78_64_t2_v1.sv:283$1294.result[6:0]$11299
   135/3952: $8\gf_mul$func$/gate04-repo/asic/rtl/bch/bch_78_64_t2_v1.sv:282$1293.a[7:0]$11297
   136/3952: $8\gf_mul$func$/gate04-repo/asic/rtl/bch/bch_78_64_t2_v1.sv:282$1293.result[6:0]$11293
   137/3952: $7\gf_mul$func$/gate04-repo/asic/rtl/bch/bch_78_64_t2_v1.sv:282$1293.a[7:0]$11291
   138/3952: $7\gf_mul$func$/gate04-repo/asic/rtl/bch/bch_78_64_t2_v1.sv:282$1293.result[6:0]$11287
   139/3952: $6\gf_mul$func$/gate04-repo/asic/rtl/bch/bch_78_64_t2_v1.sv:282$1293.a[7:0]$11285
   140/3952: $6\gf_mul$func$/gate04-repo/asic/rtl/bch/bch_78_64_t2_v1.sv:282$1293.result[6:0]$11281
   141/3952: $5\gf_mul$func$/gate04-repo/asic/rtl/bch/bch_78_64_t2_v1.sv:282$1293.a[7:0]$11279
   142/3952: $5\gf_mul$func$/gate04-repo/asic/rtl/bch/bch_78_64_t2_v1.sv:282$1293.result[6:0]$11275
   143/3952: $4\gf_mul$func$/gate04-repo/asic/rtl/bch/bch_78_64_t2_v1.sv:282$1293.a[7:0]$11273
   144/3952: $4\gf_mul$func$/gate04-repo/asic/rtl/bch/bch_78_64_t2_v1.sv:282$1293.result[6:0]$11269
   145/3952: $3\gf_mul$func$/gate04-repo/asic/rtl/bch/bch_78_64_t2_v1.sv:282$1293.a[7:0]$11267
   146/3952: $3\gf_mul$func$/gate04-repo/asic/rtl/bch/bch_78_64_t2_v1.sv:282$1293.result[6:0]$11263
   147/3952: $2\gf_mul$func$/gate04-repo/asic/rtl/bch/bch_78_64_t2_v1.sv:282$1293.a[7:0]$11261
   148/3952: $2\gf_mul$func$/gate04-repo/asic/rtl/bch/bch_78_64_t2_v1.sv:282$1293.result[6:0]$11257
   149/3952: $77\root_count[31:0]
   150/3952: $77\candidate_mask[75:75]
   151/3952: $8\gf_mul$func$/gate04-repo/asic/rtl/bch/bch_78_64_t2_v1.sv:283$1291.a[7:0]$11251
   152/3952: $8\gf_mul$func$/gate04-repo/asic/rtl/bch/bch_78_64_t2_v1.sv:283$1291.result[6:0]$11247
   153/3952: $7\gf_mul$func$/gate04-repo/asic/rtl/bch/bch_78_64_t2_v1.sv:283$1291.a[7:0]$11245
   154/3952: $7\gf_mul$func$/gate04-repo/asic/rtl/bch/bch_78_64_t2_v1.sv:283$1291.result[6:0]$11241
   155/3952: $6\gf_mul$func$/gate04-repo/asic/rtl/bch/bch_78_64_t2_v1.sv:283$1291.a[7:0]$11239
   156/3952: $6\gf_mul$func$/gate04-repo/asic/rtl/bch/bch_78_64_t2_v1.sv:283$1291.result[6:0]$11235
   157/3952: $5\gf_mul$func$/gate04-repo/asic/rtl/bch/bch_78_64_t2_v1.sv:283$1291.a[7:0]$11233
   158/3952: $5\gf_mul$func$/gate04-repo/asic/rtl/bch/bch_78_64_t2_v1.sv:283$1291.result[6:0]$11229
   159/3952: $4\gf_mul$func$/gate04-repo/asic/rtl/bch/bch_78_64_t2_v1.sv:283$1291.a[7:0]$11227
   160/3952: $4\gf_mul$func$/gate04-repo/asic/rtl/bch/bch_78_64_t2_v1.sv:283$1291.result[6:0]$11223
   161/3952: $3\gf_mul$func$/gate04-repo/asic/rtl/bch/bch_78_64_t2_v1.sv:283$1291.a[7:0]$11221
   162/3952: $3\gf_mul$func$/gate04-repo/asic/rtl/bch/bch_78_64_t2_v1.sv:283$1291.result[6:0]$11217
   163/3952: $2\gf_mul$func$/gate04-repo/asic/rtl/bch/bch_78_64_t2_v1.sv:283$1291.a[7:0]$11215
   164/3952: $2\gf_mul$func$/gate04-repo/asic/rtl/bch/bch_78_64_t2_v1.sv:283$1291.result[6:0]$11211
   165/3952: $8\gf_mul$func$/gate04-repo/asic/rtl/bch/bch_78_64_t2_v1.sv:282$1290.a[7:0]$11209
   166/3952: $8\gf_mul$func$/gate04-repo/asic/rtl/bch/bch_78_64_t2_v1.sv:282$1290.result[6:0]$11205
   167/3952: $7\gf_mul$func$/gate04-repo/asic/rtl/bch/bch_78_64_t2_v1.sv:282$1290.a[7:0]$11203
   168/3952: $7\gf_mul$func$/gate04-repo/asic/rtl/bch/bch_78_64_t2_v1.sv:282$1290.result[6:0]$11199
   169/3952: $6\gf_mul$func$/gate04-repo/asic/rtl/bch/bch_78_64_t2_v1.sv:282$1290.a[7:0]$11197
   170/3952: $6\gf_mul$func$/gate04-repo/asic/rtl/bch/bch_78_64_t2_v1.sv:282$1290.result[6:0]$11193
   171/3952: $5\gf_mul$func$/gate04-repo/asic/rtl/bch/bch_78_64_t2_v1.sv:282$1290.a[7:0]$11191
   172/3952: $5\gf_mul$func$/gate04-repo/asic/rtl/bch/bch_78_64_t2_v1.sv:282$1290.result[6:0]$11187
   173/3952: $4\gf_mul$func$/gate04-repo/asic/rtl/bch/bch_78_64_t2_v1.sv:282$1290.a[7:0]$11185
   174/3952: $4\gf_mul$func$/gate04-repo/asic/rtl/bch/bch_78_64_t2_v1.sv:282$1290.result[6:0]$11181
   175/3952: $3\gf_mul$func$/gate04-repo/asic/rtl/bch/bch_78_64_t2_v1.sv:282$1290.a[7:0]$11179
   176/3952: $3\gf_mul$func$/gate04-repo/asic/rtl/bch/bch_78_64_t2_v1.sv:282$1290.result[6:0]$11175
   177/3952: $2\gf_mul$func$/gate04-repo/asic/rtl/bch/bch_78_64_t2_v1.sv:282$1290.a[7:0]$11173
   178/3952: $2\gf_mul$func$/gate04-repo/asic/rtl/bch/bch_78_64_t2_v1.sv:282$1290.result[6:0]$11169
   179/3952: $76\root_count[31:0]
   180/3952: $76\candidate_mask[74:74]
   181/3952: $8\gf_mul$func$/gate04-repo/asic/rtl/bch/bch_78_64_t2_v1.sv:283$1288.a[7:0]$11163
   182/3952: $8\gf_mul$func$/gate04-repo/asic/rtl/bch/bch_78_64_t2_v1.sv:283$1288.result[6:0]$11159
   183/3952: $7\gf_mul$func$/gate04-repo/asic/rtl/bch/bch_78_64_t2_v1.sv:283$1288.a[7:0]$11157
   184/3952: $7\gf_mul$func$/gate04-repo/asic/rtl/bch/bch_78_64_t2_v1.sv:283$1288.result[6:0]$11153
   185/3952: $6\gf_mul$func$/gate04-repo/asic/rtl/bch/bch_78_64_t2_v1.sv:283$1288.a[7:0]$11151
   186/3952: $6\gf_mul$func$/gate04-repo/asic/rtl/bch/bch_78_64_t2_v1.sv:283$1288.result[6:0]$11147
   187/3952: $5\gf_mul$func$/gate04-repo/asic/rtl/bch/bch_78_64_t2_v1.sv:283$1288.a[7:0]$11145
   188/3952: $5\gf_mul$func$/gate04-repo/asic/rtl/bch/bch_78_64_t2_v1.sv:283$1288.result[6:0]$11141
   189/3952: $4\gf_mul$func$/gate04-repo/asic/rtl/bch/bch_78_64_t2_v1.sv:283$1288.a[7:0]$11139
   190/3952: $4\gf_mul$func$/gate04-repo/asic/rtl/bch/bch_78_64_t2_v1.sv:283$1288.result[6:0]$11135
   191/3952: $3\gf_mul$func$/gate04-repo/asic/rtl/bch/bch_78_64_t2_v1.sv:283$1288.a[7:0]$11133
   192/3952: $3\gf_mul$func$/gate04-repo/asic/rtl/bch/bch_78_64_t2_v1.sv:283$1288.result[6:0]$11129
   193/3952: $2\gf_mul$func$/gate04-repo/asic/rtl/bch/bch_78_64_t2_v1.sv:283$1288.a[7:0]$11127
   194/3952: $2\gf_mul$func$/gate04-repo/asic/rtl/bch/bch_78_64_t2_v1.sv:283$1288.result[6:0]$11123
   195/3952: $8\gf_mul$func$/gate04-repo/asic/rtl/bch/bch_78_64_t2_v1.sv:282$1287.a[7:0]$11121
   196/3952: $8\gf_mul$func$/gate04-repo/asic/rtl/bch/bch_78_64_t2_v1.sv:282$1287.result[6:0]$11117
   197/3952: $7\gf_mul$func$/gate04-repo/asic/rtl/bch/bch_78_64_t2_v1.sv:282$1287.a[7:0]$11115
   198/3952: $7\gf_mul$func$/gate04-repo/asic/rtl/bch/bch_78_64_t2_v1.sv:282$1287.result[6:0]$11111
   199/3952: $6\gf_mul$func$/gate04-repo/asic/rtl/bch/bch_78_64_t2_v1.sv:282$1287.a[7:0]$11109
   200/3952: $6\gf_mul$func$/gate04-repo/asic/rtl/bch/bch_78_64_t2_v1.sv:282$1287.result[6:0]$11105
   201/3952: $5\gf_mul$func$/gate04-repo/asic/rtl/bch/bch_78_64_t2_v1.sv:282$1287.a[7:0]$11103
   202/3952: $5\gf_mul$func$/gate04-repo/asic/rtl/bch/bch_78_64_t2_v1.sv:282$1287.result[6:0]$11099
   203/3952: $4\gf_mul$func$/gate04-repo/asic/rtl/bch/bch_78_64_t2_v1.sv:282$1287.a[7:0]$11097
   204/3952: $4\gf_mul$func$/gate04-repo/asic/rtl/bch/bch_78_64_t2_v1.sv:282$1287.result[6:0]$11093
   205/3952: $3\gf_mul$func$/gate04-repo/asic/rtl/bch/bch_78_64_t2_v1.sv:282$1287.a[7:0]$11091
   206/3952: $3\gf_mul$func$/gate04-repo/asic/rtl/bch/bch_78_64_t2_v1.sv:282$1287.result[6:0]$11087
   207/3952: $2\gf_mul$func$/gate04-repo/asic/rtl/bch/bch_78_64_t2_v1.sv:282$1287.a[7:0]$11085
   208/3952: $2\gf_mul$func$/gate04-repo/asic/rtl/bch/bch_78_64_t2_v1.sv:282$1287.result[6:0]$11081
   209/3952: $75\root_count[31:0]
   210/3952: $75\candidate_mask[73:73]
   211/3952: $8\gf_mul$func$/gate04-repo/asic/rtl/bch/bch_78_64_t2_v1.sv:283$1285.a[7:0]$11075
   212/3952: $8\gf_mul$func$/gate04-repo/asic/rtl/bch/bch_78_64_t2_v1.sv:283$1285.result[6:0]$11071
   213/3952: $7\gf_mul$func$/gate04-repo/asic/rtl/bch/bch_78_64_t2_v1.sv:283$1285.a[7:0]$11069
   214/3952: $7\gf_mul$func$/gate04-repo/asic/rtl/bch/bch_78_64_t2_v1.sv:283$1285.result[6:0]$11065
   215/3952: $6\gf_mul$func$/gate04-repo/asic/rtl/bch/bch_78_64_t2_v1.sv:283$1285.a[7:0]$11063
   216/3952: $6\gf_mul$func$/gate04-repo/asic/rtl/bch/bch_78_64_t2_v1.sv:283$1285.result[6:0]$11059
   217/3952: $5\gf_mul$func$/gate04-repo/asic/rtl/bch/bch_78_64_t2_v1.sv:283$1285.a[7:0]$11057
   218/3952: $5\gf_mul$func$/gate04-repo/asic/rtl/bch/bch_78_64_t2_v1.sv:283$1285.result[6:0]$11053
   219/3952: $4\gf_mul$func$/gate04-repo/asic/rtl/bch/bch_78_64_t2_v1.sv:283$1285.a[7:0]$11051
   220/3952: $4\gf_mul$func$/gate04-repo/asic/rtl/bch/bch_78_64_t2_v1.sv:283$1285.result[6:0]$11047
   221/3952: $3\gf_mul$func$/gate04-repo/asic/rtl/bch/bch_78_64_t2_v1.sv:283$1285.a[7:0]$11045
   222/3952: $3\gf_mul$func$/gate04-repo/asic/rtl/bch/bch_78_64_t2_v1.sv:283$1285.result[6:0]$11041
   223/3952: $2\gf_mul$func$/gate04-repo/asic/rtl/bch/bch_78_64_t2_v1.sv:283$1285.a[7:0]$11039
   224/3952: $2\gf_mul$func$/gate04-repo/asic/rtl/bch/bch_78_64_t2_v1.sv:283$1285.result[6:0]$11035
   225/3952: $8\gf_mul$func$/gate04-repo/asic/rtl/bch/bch_78_64_t2_v1.sv:282$1284.a[7:0]$11033
   226/3952: $8\gf_mul$func$/gate04-repo/asic/rtl/bch/bch_78_64_t2_v1.sv:282$1284.result[6:0]$11029
   227/3952: $7\gf_mul$func$/gate04-repo/asic/rtl/bch/bch_78_64_t2_v1.sv:282$1284.a[7:0]$11027
   228/3952: $7\gf_mul$func$/gate04-repo/asic/rtl/bch/bch_78_64_t2_v1.sv:282$1284.result[6:0]$11023
   229/3952: $6\gf_mul$func$/gate04-repo/asic/rtl/bch/bch_78_64_t2_v1.sv:282$1284.a[7:0]$11021
   230/3952: $6\gf_mul$func$/gate04-repo/asic/rtl/bch/bch_78_64_t2_v1.sv:282$1284.result[6:0]$11017
   231/3952: $5\gf_mul$func$/gate04-repo/asic/rtl/bch/bch_78_64_t2_v1.sv:282$1284.a[7:0]$11015
   232/3952: $5\gf_mul$func$/gate04-repo/asic/rtl/bch/bch_78_64_t2_v1.sv:282$1284.result[6:0]$11011
   233/3952: $4\gf_mul$func$/gate04-repo/asic/rtl/bch/bch_78_64_t2_v1.sv:282$1284.a[7:0]$11009
   234/3952: $4\gf_mul$func$/gate04-repo/asic/rtl/bch/bch_78_64_t2_v1.sv:282$1284.result[6:0]$11005
   235/3952: $3\gf_mul$func$/gate04-repo/asic/rtl/bch/bch_78_64_t2_v1.sv:282$1284.a[7:0]$11003
   236/3952: $3\gf_mul$func$/gate04-repo/asic/rtl/bch/bch_78_64_t2_v1.sv:282$1284.result[6:0]$10999
   237/3952: $2\gf_mul$func$/gate04-repo/asic/rtl/bch/bch_78_64_t2_v1.sv:282$1284.a[7:0]$10997
   238/3952: $2\gf_mul$func$/gate04-repo/asic/rtl/bch/bch_78_64_t2_v1.sv:282$1284.result[6:0]$10993
   239/3952: $74\root_count[31:0]
   240/3952: $74\candidate_mask[72:72]
   241/3952: $8\gf_mul$func$/gate04-repo/asic/rtl/bch/bch_78_64_t2_v1.sv:283$1282.a[7:0]$10987
   242/3952: $8\gf_mul$func$/gate04-repo/asic/rtl/bch/bch_78_64_t2_v1.sv:283$1282.result[6:0]$10983
   243/3952: $7\gf_mul$func$/gate04-repo/asic/rtl/bch/bch_78_64_t2_v1.sv:283$1282.a[7:0]$10981
   244/3952: $7\gf_mul$func$/gate04-repo/asic/rtl/bch/bch_78_64_t2_v1.sv:283$1282.result[6:0]$10977
   245/3952: $6\gf_mul$func$/gate04-repo/asic/rtl/bch/bch_78_64_t2_v1.sv:283$1282.a[7:0]$10975
   246/3952: $6\gf_mul$func$/gate04-repo/asic/rtl/bch/bch_78_64_t2_v1.sv:283$1282.result[6:0]$10971
   247/3952: $5\gf_mul$func$/gate04-repo/asic/rtl/bch/bch_78_64_t2_v1.sv:283$1282.a[7:0]$10969
   248/3952: $5\gf_mul$func$/gate04-repo/asic/rtl/bch/bch_78_64_t2_v1.sv:283$1282.result[6:0]$10965
   249/3952: $4\gf_mul$func$/gate04-repo/asic/rtl/bch/bch_78_64_t2_v1.sv:283$1282.a[7:0]$10963
   250/3952: $4\gf_mul$func$/gate04-repo/asic/rtl/bch/bch_78_64_t2_v1.sv:283$1282.result[6:0]$10959
   251/3952: $3\gf_mul$func$/gate04-repo/asic/rtl/bch/bch_78_64_t2_v1.sv:283$1282.a[7:0]$10957
   252/3952: $3\gf_mul$func$/gate04-repo/asic/rtl/bch/bch_78_64_t2_v1.sv:283$1282.result[6:0]$10953
   253/3952: $2\gf_mul$func$/gate04-repo/asic/rtl/bch/bch_78_64_t2_v1.sv:283$1282.a[7:0]$10951
   254/3952: $2\gf_mul$func$/gate04-repo/asic/rtl/bch/bch_78_64_t2_v1.sv:283$1282.result[6:0]$10947
   255/3952: $8\gf_mul$func$/gate04-repo/asic/rtl/bch/bch_78_64_t2_v1.sv:282$1281.a[7:0]$10945
   256/3952: $8\gf_mul$func$/gate04-repo/asic/rtl/bch/bch_78_64_t2_v1.sv:282$1281.result[6:0]$10941
   257/3952: $7\gf_mul$func$/gate04-repo/asic/rtl/bch/bch_78_64_t2_v1.sv:282$1281.a[7:0]$10939
   258/3952: $7\gf_mul$func$/gate04-repo/asic/rtl/bch/bch_78_64_t2_v1.sv:282$1281.result[6:0]$10935
   259/3952: $6\gf_mul$func$/gate04-repo/asic/rtl/bch/bch_78_64_t2_v1.sv:282$1281.a[7:0]$10933
   260/3952: $6\gf_mul$func$/gate04-repo/asic/rtl/bch/bch_78_64_t2_v1.sv:282$1281.result[6:0]$10929
   261/3952: $5\gf_mul$func$/gate04-repo/asic/rtl/bch/bch_78_64_t2_v1.sv:282$1281.a[7:0]$10927
   262/3952: $5\gf_mul$func$/gate04-repo/asic/rtl/bch/bch_78_64_t2_v1.sv:282$1281.result[6:0]$10923
   263/3952: $4\gf_mul$func$/gate04-repo/asic/rtl/bch/bch_78_64_t2_v1.sv:282$1281.a[7:0]$10921
   264/3952: $4\gf_mul$func$/gate04-repo/asic/rtl/bch/bch_78_64_t2_v1.sv:282$1281.result[6:0]$10917
   265/3952: $3\gf_mul$func$/gate04-repo/asic/rtl/bch/bch_78_64_t2_v1.sv:282$1281.a[7:0]$10915
   266/3952: $3\gf_mul$func$/gate04-repo/asic/rtl/bch/bch_78_64_t2_v1.sv:282$1281.result[6:0]$10911
   267/3952: $2\gf_mul$func$/gate04-repo/asic/rtl/bch/bch_78_64_t2_v1.sv:282$1281.a[7:0]$10909
   268/3952: $2\gf_mul$func$/gate04-repo/asic/rtl/bch/bch_78_64_t2_v1.sv:282$1281.result[6:0]$10905
   269/3952: $73\root_count[31:0]
   270/3952: $73\candidate_mask[71:71]
   271/3952: $8\gf_mul$func$/gate04-repo/asic/rtl/bch/bch_78_64_t2_v1.sv:283$1279.a[7:0]$10899
   272/3952: $8\gf_mul$func$/gate04-repo/asic/rtl/bch/bch_78_64_t2_v1.sv:283$1279.result[6:0]$10895
   273/3952: $7\gf_mul$func$/gate04-repo/asic/rtl/bch/bch_78_64_t2_v1.sv:283$1279.a[7:0]$10893
   274/3952: $7\gf_mul$func$/gate04-repo/asic/rtl/bch/bch_78_64_t2_v1.sv:283$1279.result[6:0]$10889
   275/3952: $6\gf_mul$func$/gate04-repo/asic/rtl/bch/bch_78_64_t2_v1.sv:283$1279.a[7:0]$10887
   276/3952: $6\gf_mul$func$/gate04-repo/asic/rtl/bch/bch_78_64_t2_v1.sv:283$1279.result[6:0]$10883
   277/3952: $5\gf_mul$func$/gate04-repo/asic/rtl/bch/bch_78_64_t2_v1.sv:283$1279.a[7:0]$10881
   278/3952: $5\gf_mul$func$/gate04-repo/asic/rtl/bch/bch_78_64_t2_v1.sv:283$1279.result[6:0]$10877
   279/3952: $4\gf_mul$func$/gate04-repo/asic/rtl/bch/bch_78_64_t2_v1.sv:283$1279.a[7:0]$10875
   280/3952: $4\gf_mul$func$/gate04-repo/asic/rtl/bch/bch_78_64_t2_v1.sv:283$1279.result[6:0]$10871
   281/3952: $3\gf_mul$func$/gate04-repo/asic/rtl/bch/bch_78_64_t2_v1.sv:283$1279.a[7:0]$10869
   282/3952: $3\gf_mul$func$/gate04-repo/asic/rtl/bch/bch_78_64_t2_v1.sv:283$1279.result[6:0]$10865
   283/3952: $2\gf_mul$func$/gate04-repo/asic/rtl/bch/bch_78_64_t2_v1.sv:283$1279.a[7:0]$10863
   284/3952: $2\gf_mul$func$/gate04-repo/asic/rtl/bch/bch_78_64_t2_v1.sv:283$1279.result[6:0]$10859
   285/3952: $8\gf_mul$func$/gate04-repo/asic/rtl/bch/bch_78_64_t2_v1.sv:282$1278.a[7:0]$10857
   286/3952: $8\gf_mul$func$/gate04-repo/asic/rtl/bch/bch_78_64_t2_v1.sv:282$1278.result[6:0]$10853
   287/3952: $7\gf_mul$func$/gate04-repo/asic/rtl/bch/bch_78_64_t2_v1.sv:282$1278.a[7:0]$10851
   288/3952: $7\gf_mul$func$/gate04-repo/asic/rtl/bch/bch_78_64_t2_v1.sv:282$1278.result[6:0]$10847
   289/3952: $6\gf_mul$func$/gate04-repo/asic/rtl/bch/bch_78_64_t2_v1.sv:282$1278.a[7:0]$10845
   290/3952: $6\gf_mul$func$/gate04-repo/asic/rtl/bch/bch_78_64_t2_v1.sv:282$1278.result[6:0]$10841
   291/3952: $5\gf_mul$func$/gate04-repo/asic/rtl/bch/bch_78_64_t2_v1.sv:282$1278.a[7:0]$10839
   292/3952: $5\gf_mul$func$/gate04-repo/asic/rtl/bch/bch_78_64_t2_v1.sv:282$1278.result[6:0]$10835
   293/3952: $4\gf_mul$func$/gate04-repo/asic/rtl/bch/bch_78_64_t2_v1.sv:282$1278.a[7:0]$10833
   294/3952: $4\gf_mul$func$/gate04-repo/asic/rtl/bch/bch_78_64_t2_v1.sv:282$1278.result[6:0]$10829
   295/3952: $3\gf_mul$func$/gate04-repo/asic/rtl/bch/bch_78_64_t2_v1.sv:282$1278.a[7:0]$10827
   296/3952: $3\gf_mul$func$/gate04-repo/asic/rtl/bch/bch_78_64_t2_v1.sv:282$1278.result[6:0]$10823
   297/3952: $2\gf_mul$func$/gate04-repo/asic/rtl/bch/bch_78_64_t2_v1.sv:282$1278.a[7:0]$10821
   298/3952: $2\gf_mul$func$/gate04-repo/asic/rtl/bch/bch_78_64_t2_v1.sv:282$1278.result[6:0]$10817
   299/3952: $72\root_count[31:0]
   300/3952: $72\candidate_mask[70:70]
   301/3952: $8\gf_mul$func$/gate04-repo/asic/rtl/bch/bch_78_64_t2_v1.sv:283$1276.a[7:0]$10811
   302/3952: $8\gf_mul$func$/gate04-repo/asic/rtl/bch/bch_78_64_t2_v1.sv:283$1276.result[6:0]$10807
   303/3952: $7\gf_mul$func$/gate04-repo/asic/rtl/bch/bch_78_64_t2_v1.sv:283$1276.a[7:0]$10805
   304/3952: $7\gf_mul$func$/gate04-repo/asic/rtl/bch/bch_78_64_t2_v1.sv:283$1276.result[6:0]$10801
   305/3952: $6\gf_mul$func$/gate04-repo/asic/rtl/bch/bch_78_64_t2_v1.sv:283$1276.a[7:0]$10799
   306/3952: $6\gf_mul$func$/gate04-repo/asic/rtl/bch/bch_78_64_t2_v1.sv:283$1276.result[6:0]$10795
   307/3952: $5\gf_mul$func$/gate04-repo/asic/rtl/bch/bch_78_64_t2_v1.sv:283$1276.a[7:0]$10793
   308/3952: $5\gf_mul$func$/gate04-repo/asic/rtl/bch/bch_78_64_t2_v1.sv:283$1276.result[6:0]$10789
   309/3952: $4\gf_mul$func$/gate04-repo/asic/rtl/bch/bch_78_64_t2_v1.sv:283$1276.a[7:0]$10787
   310/3952: $4\gf_mul$func$/gate04-repo/asic/rtl/bch/bch_78_64_t2_v1.sv:283$1276.result[6:0]$10783
   311/3952: $3\gf_mul$func$/gate04-repo/asic/rtl/bch/bch_78_64_t2_v1.sv:283$1276.a[7:0]$10781
   312/3952: $3\gf_mul$func$/gate04-repo/asic/rtl/bch/bch_78_64_t2_v1.sv:283$1276.result[6:0]$10777
   313/3952: $2\gf_mul$func$/gate04-repo/asic/rtl/bch/bch_78_64_t2_v1.sv:283$1276.a[7:0]$10775
   314/3952: $2\gf_mul$func$/gate04-repo/asic/rtl/bch/bch_78_64_t2_v1.sv:283$1276.result[6:0]$10771
   315/3952: $8\gf_mul$func$/gate04-repo/asic/rtl/bch/bch_78_64_t2_v1.sv:282$1275.a[7:0]$10769
   316/3952: $8\gf_mul$func$/gate04-repo/asic/rtl/bch/bch_78_64_t2_v1.sv:282$1275.result[6:0]$10765
   317/3952: $7\gf_mul$func$/gate04-repo/asic/rtl/bch/bch_78_64_t2_v1.sv:282$1275.a[7:0]$10763
   318/3952: $7\gf_mul$func$/gate04-repo/asic/rtl/bch/bch_78_64_t2_v1.sv:282$1275.result[6:0]$10759
   319/3952: $6\gf_mul$func$/gate04-repo/asic/rtl/bch/bch_78_64_t2_v1.sv:282$1275.a[7:0]$10757
   320/3952: $6\gf_mul$func$/gate04-repo/asic/rtl/bch/bch_78_64_t2_v1.sv:282$1275.result[6:0]$10753
   321/3952: $5\gf_mul$func$/gate04-repo/asic/rtl/bch/bch_78_64_t2_v1.sv:282$1275.a[7:0]$10751
   322/3952: $5\gf_mul$func$/gate04-repo/asic/rtl/bch/bch_78_64_t2_v1.sv:282$1275.result[6:0]$10747
   323/3952: $4\gf_mul$func$/gate04-repo/asic/rtl/bch/bch_78_64_t2_v1.sv:282$1275.a[7:0]$10745
   324/3952: $4\gf_mul$func$/gate04-repo/asic/rtl/bch/bch_78_64_t2_v1.sv:282$1275.result[6:0]$10741
   325/3952: $3\gf_mul$func$/gate04-repo/asic/rtl/bch/bch_78_64_t2_v1.sv:282$1275.a[7:0]$10739
   326/3952: $3\gf_mul$func$/gate04-repo/asic/rtl/bch/bch_78_64_t2_v1.sv:282$1275.result[6:0]$10735
   327/3952: $2\gf_mul$func$/gate04-repo/asic/rtl/bch/bch_78_64_t2_v1.sv:282$1275.a[7:0]$10733
   328/3952: $2\gf_mul$func$/gate04-repo/asic/rtl/bch/bch_78_64_t2_v1.sv:282$1275.result[6:0]$10729
   329/3952: $71\root_count[31:0]
   330/3952: $71\candidate_mask[69:69]
   331/3952: $8\gf_mul$func$/gate04-repo/asic/rtl/bch/bch_78_64_t2_v1.sv:283$1273.a[7:0]$10723
   332/3952: $8\gf_mul$func$/gate04-repo/asic/rtl/bch/bch_78_64_t2_v1.sv:283$1273.result[6:0]$10719
   333/3952: $7\gf_mul$func$/gate04-repo/asic/rtl/bch/bch_78_64_t2_v1.sv:283$1273.a[7:0]$10717
   334/3952: $7\gf_mul$func$/gate04-repo/asic/rtl/bch/bch_78_64_t2_v1.sv:283$1273.result[6:0]$10713
   335/3952: $6\gf_mul$func$/gate04-repo/asic/rtl/bch/bch_78_64_t2_v1.sv:283$1273.a[7:0]$10711
   336/3952: $6\gf_mul$func$/gate04-repo/asic/rtl/bch/bch_78_64_t2_v1.sv:283$1273.result[6:0]$10707
   337/3952: $5\gf_mul$func$/gate04-repo/asic/rtl/bch/bch_78_64_t2_v1.sv:283$1273.a[7:0]$10705
   338/3952: $5\gf_mul$func$/gate04-repo/asic/rtl/bch/bch_78_64_t2_v1.sv:283$1273.result[6:0]$10701
   339/3952: $4\gf_mul$func$/gate04-repo/asic/rtl/bch/bch_78_64_t2_v1.sv:283$1273.a[7:0]$10699
   340/3952: $4\gf_mul$func$/gate04-repo/asic/rtl/bch/bch_78_64_t2_v1.sv:283$1273.result[6:0]$10695
   341/3952: $3\gf_mul$func$/gate04-repo/asic/rtl/bch/bch_78_64_t2_v1.sv:283$1273.a[7:0]$10693
   342/3952: $3\gf_mul$func$/gate04-repo/asic/rtl/bch/bch_78_64_t2_v1.sv:283$1273.result[6:0]$10689
   343/3952: $2\gf_mul$func$/gate04-repo/asic/rtl/bch/bch_78_64_t2_v1.sv:283$1273.a[7:0]$10687
   344/3952: $2\gf_mul$func$/gate04-repo/asic/rtl/bch/bch_78_64_t2_v1.sv:283$1273.result[6:0]$10683
   345/3952: $8\gf_mul$func$/gate04-repo/asic/rtl/bch/bch_78_64_t2_v1.sv:282$1272.a[7:0]$10681
   346/3952: $8\gf_mul$func$/gate04-repo/asic/rtl/bch/bch_78_64_t2_v1.sv:282$1272.result[6:0]$10677
   347/3952: $7\gf_mul$func$/gate04-repo/asic/rtl/bch/bch_78_64_t2_v1.sv:282$1272.a[7:0]$10675
   348/3952: $7\gf_mul$func$/gate04-repo/asic/rtl/bch/bch_78_64_t2_v1.sv:282$1272.result[6:0]$10671
   349/3952: $6\gf_mul$func$/gate04-repo/asic/rtl/bch/bch_78_64_t2_v1.sv:282$1272.a[7:0]$10669
   350/3952: $6\gf_mul$func$/gate04-repo/asic/rtl/bch/bch_78_64_t2_v1.sv:282$1272.result[6:0]$10665
   351/3952: $5\gf_mul$func$/gate04-repo/asic/rtl/bch/bch_78_64_t2_v1.sv:282$1272.a[7:0]$10663
   352/3952: $5\gf_mul$func$/gate04-repo/asic/rtl/bch/bch_78_64_t2_v1.sv:282$1272.result[6:0]$10659
   353/3952: $4\gf_mul$func$/gate04-repo/asic/rtl/bch/bch_78_64_t2_v1.sv:282$1272.a[7:0]$10657
   354/3952: $4\gf_mul$func$/gate04-repo/asic/rtl/bch/bch_78_64_t2_v1.sv:282$1272.result[6:0]$10653
   355/3952: $3\gf_mul$func$/gate04-repo/asic/rtl/bch/bch_78_64_t2_v1.sv:282$1272.a[7:0]$10651
   356/3952: $3\gf_mul$func$/gate04-repo/asic/rtl/bch/bch_78_64_t2_v1.sv:282$1272.result[6:0]$10647
   357/3952: $2\gf_mul$func$/gate04-repo/asic/rtl/bch/bch_78_64_t2_v1.sv:282$1272.a[7:0]$10645
   358/3952: $2\gf_mul$func$/gate04-repo/asic/rtl/bch/bch_78_64_t2_v1.sv:282$1272.result[6:0]$10641
   359/3952: $70\root_count[31:0]
   360/3952: $70\candidate_mask[68:68]
   361/3952: $8\gf_mul$func$/gate04-repo/asic/rtl/bch/bch_78_64_t2_v1.sv:283$1270.a[7:0]$10635
   362/3952: $8\gf_mul$func$/gate04-repo/asic/rtl/bch/bch_78_64_t2_v1.sv:283$1270.result[6:0]$10631
   363/3952: $7\gf_mul$func$/gate04-repo/asic/rtl/bch/bch_78_64_t2_v1.sv:283$1270.a[7:0]$10629
   364/3952: $7\gf_mul$func$/gate04-repo/asic/rtl/bch/bch_78_64_t2_v1.sv:283$1270.result[6:0]$10625
   365/3952: $6\gf_mul$func$/gate04-repo/asic/rtl/bch/bch_78_64_t2_v1.sv:283$1270.a[7:0]$10623
   366/3952: $6\gf_mul$func$/gate04-repo/asic/rtl/bch/bch_78_64_t2_v1.sv:283$1270.result[6:0]$10619
   367/3952: $5\gf_mul$func$/gate04-repo/asic/rtl/bch/bch_78_64_t2_v1.sv:283$1270.a[7:0]$10617
   368/3952: $5\gf_mul$func$/gate04-repo/asic/rtl/bch/bch_78_64_t2_v1.sv:283$1270.result[6:0]$10613
   369/3952: $4\gf_mul$func$/gate04-repo/asic/rtl/bch/bch_78_64_t2_v1.sv:283$1270.a[7:0]$10611
   370/3952: $4\gf_mul$func$/gate04-repo/asic/rtl/bch/bch_78_64_t2_v1.sv:283$1270.result[6:0]$10607
   371/3952: $3\gf_mul$func$/gate04-repo/asic/rtl/bch/bch_78_64_t2_v1.sv:283$1270.a[7:0]$10605
   372/3952: $3\gf_mul$func$/gate04-repo/asic/rtl/bch/bch_78_64_t2_v1.sv:283$1270.result[6:0]$10601
   373/3952: $2\gf_mul$func$/gate04-repo/asic/rtl/bch/bch_78_64_t2_v1.sv:283$1270.a[7:0]$10599
   374/3952: $2\gf_mul$func$/gate04-repo/asic/rtl/bch/bch_78_64_t2_v1.sv:283$1270.result[6:0]$10595
   375/3952: $8\gf_mul$func$/gate04-repo/asic/rtl/bch/bch_78_64_t2_v1.sv:282$1269.a[7:0]$10593
   376/3952: $8\gf_mul$func$/gate04-repo/asic/rtl/bch/bch_78_64_t2_v1.sv:282$1269.result[6:0]$10589
   377/3952: $7\gf_mul$func$/gate04-repo/asic/rtl/bch/bch_78_64_t2_v1.sv:282$1269.a[7:0]$10587
   378/3952: $7\gf_mul$func$/gate04-repo/asic/rtl/bch/bch_78_64_t2_v1.sv:282$1269.result[6:0]$10583
   379/3952: $6\gf_mul$func$/gate04-repo/asic/rtl/bch/bch_78_64_t2_v1.sv:282$1269.a[7:0]$10581
   380/3952: $6\gf_mul$func$/gate04-repo/asic/rtl/bch/bch_78_64_t2_v1.sv:282$1269.result[6:0]$10577
   381/3952: $5\gf_mul$func$/gate04-repo/asic/rtl/bch/bch_78_64_t2_v1.sv:282$1269.a[7:0]$10575
   382/3952: $5\gf_mul$func$/gate04-repo/asic/rtl/bch/bch_78_64_t2_v1.sv:282$1269.result[6:0]$10571
   383/3952: $4\gf_mul$func$/gate04-repo/asic/rtl/bch/bch_78_64_t2_v1.sv:282$1269.a[7:0]$10569
   384/3952: $4\gf_mul$func$/gate04-repo/asic/rtl/bch/bch_78_64_t2_v1.sv:282$1269.result[6:0]$10565
   385/3952: $3\gf_mul$func$/gate04-repo/asic/rtl/bch/bch_78_64_t2_v1.sv:282$1269.a[7:0]$10563
   386/3952: $3\gf_mul$func$/gate04-repo/asic/rtl/bch/bch_78_64_t2_v1.sv:282$1269.result[6:0]$10559
   387/3952: $2\gf_mul$func$/gate04-repo/asic/rtl/bch/bch_78_64_t2_v1.sv:282$1269.a[7:0]$10557
   388/3952: $2\gf_mul$func$/gate04-repo/asic/rtl/bch/bch_78_64_t2_v1.sv:282$1269.result[6:0]$10553
   389/3952: $69\root_count[31:0]
   390/3952: $69\candidate_mask[67:67]
   391/3952: $8\gf_mul$func$/gate04-repo/asic/rtl/bch/bch_78_64_t2_v1.sv:283$1267.a[7:0]$10547
   392/3952: $8\gf_mul$func$/gate04-repo/asic/rtl/bch/bch_78_64_t2_v1.sv:283$1267.result[6:0]$10543
   393/3952: $7\gf_mul$func$/gate04-repo/asic/rtl/bch/bch_78_64_t2_v1.sv:283$1267.a[7:0]$10541
   394/3952: $7\gf_mul$func$/gate04-repo/asic/rtl/bch/bch_78_64_t2_v1.sv:283$1267.result[6:0]$10537
   395/3952: $6\gf_mul$func$/gate04-repo/asic/rtl/bch/bch_78_64_t2_v1.sv:283$1267.a[7:0]$10535
   396/3952: $6\gf_mul$func$/gate04-repo/asic/rtl/bch/bch_78_64_t2_v1.sv:283$1267.result[6:0]$10531
   397/3952: $5\gf_mul$func$/gate04-repo/asic/rtl/bch/bch_78_64_t2_v1.sv:283$1267.a[7:0]$10529
   398/3952: $5\gf_mul$func$/gate04-repo/asic/rtl/bch/bch_78_64_t2_v1.sv:283$1267.result[6:0]$10525
   399/3952: $4\gf_mul$func$/gate04-repo/asic/rtl/bch/bch_78_64_t2_v1.sv:283$1267.a[7:0]$10523
   400/3952: $4\gf_mul$func$/gate04-repo/asic/rtl/bch/bch_78_64_t2_v1.sv:283$1267.result[6:0]$10519
   401/3952: $3\gf_mul$func$/gate04-repo/asic/rtl/bch/bch_78_64_t2_v1.sv:283$1267.a[7:0]$10517
   402/3952: $3\gf_mul$func$/gate04-repo/asic/rtl/bch/bch_78_64_t2_v1.sv:283$1267.result[6:0]$10513
   403/3952: $2\gf_mul$func$/gate04-repo/asic/rtl/bch/bch_78_64_t2_v1.sv:283$1267.a[7:0]$10511
   404/3952: $2\gf_mul$func$/gate04-repo/asic/rtl/bch/bch_78_64_t2_v1.sv:283$1267.result[6:0]$10507
   405/3952: $8\gf_mul$func$/gate04-repo/asic/rtl/bch/bch_78_64_t2_v1.sv:282$1266.a[7:0]$10505
   406/3952: $8\gf_mul$func$/gate04-repo/asic/rtl/bch/bch_78_64_t2_v1.sv:282$1266.result[6:0]$10501
   407/3952: $7\gf_mul$func$/gate04-repo/asic/rtl/bch/bch_78_64_t2_v1.sv:282$1266.a[7:0]$10499
   408/3952: $7\gf_mul$func$/gate04-repo/asic/rtl/bch/bch_78_64_t2_v1.sv:282$1266.result[6:0]$10495
   409/3952: $6\gf_mul$func$/gate04-repo/asic/rtl/bch/bch_78_64_t2_v1.sv:282$1266.a[7:0]$10493
   410/3952: $6\gf_mul$func$/gate04-repo/asic/rtl/bch/bch_78_64_t2_v1.sv:282$1266.result[6:0]$10489
   411/3952: $5\gf_mul$func$/gate04-repo/asic/rtl/bch/bch_78_64_t2_v1.sv:282$1266.a[7:0]$10487
   412/3952: $5\gf_mul$func$/gate04-repo/asic/rtl/bch/bch_78_64_t2_v1.sv:282$1266.result[6:0]$10483
   413/3952: $4\gf_mul$func$/gate04-repo/asic/rtl/bch/bch_78_64_t2_v1.sv:282$1266.a[7:0]$10481
   414/3952: $4\gf_mul$func$/gate04-repo/asic/rtl/bch/bch_78_64_t2_v1.sv:282$1266.result[6:0]$10477
   415/3952: $3\gf_mul$func$/gate04-repo/asic/rtl/bch/bch_78_64_t2_v1.sv:282$1266.a[7:0]$10475
   416/3952: $3\gf_mul$func$/gate04-repo/asic/rtl/bch/bch_78_64_t2_v1.sv:282$1266.result[6:0]$10471
   417/3952: $2\gf_mul$func$/gate04-repo/asic/rtl/bch/bch_78_64_t2_v1.sv:282$1266.a[7:0]$10469
   418/3952: $2\gf_mul$func$/gate04-repo/asic/rtl/bch/bch_78_64_t2_v1.sv:282$1266.result[6:0]$10465
   419/3952: $68\root_count[31:0]
   420/3952: $68\candidate_mask[66:66]
   421/3952: $8\gf_mul$func$/gate04-repo/asic/rtl/bch/bch_78_64_t2_v1.sv:283$1264.a[7:0]$10459
   422/3952: $8\gf_mul$func$/gate04-repo/asic/rtl/bch/bch_78_64_t2_v1.sv:283$1264.result[6:0]$10455
   423/3952: $7\gf_mul$func$/gate04-repo/asic/rtl/bch/bch_78_64_t2_v1.sv:283$1264.a[7:0]$10453
   424/3952: $7\gf_mul$func$/gate04-repo/asic/rtl/bch/bch_78_64_t2_v1.sv:283$1264.result[6:0]$10449
   425/3952: $6\gf_mul$func$/gate04-repo/asic/rtl/bch/bch_78_64_t2_v1.sv:283$1264.a[7:0]$10447
   426/3952: $6\gf_mul$func$/gate04-repo/asic/rtl/bch/bch_78_64_t2_v1.sv:283$1264.result[6:0]$10443
   427/3952: $5\gf_mul$func$/gate04-repo/asic/rtl/bch/bch_78_64_t2_v1.sv:283$1264.a[7:0]$10441
   428/3952: $5\gf_mul$func$/gate04-repo/asic/rtl/bch/bch_78_64_t2_v1.sv:283$1264.result[6:0]$10437
   429/3952: $4\gf_mul$func$/gate04-repo/asic/rtl/bch/bch_78_64_t2_v1.sv:283$1264.a[7:0]$10435
   430/3952: $4\gf_mul$func$/gate04-repo/asic/rtl/bch/bch_78_64_t2_v1.sv:283$1264.result[6:0]$10431
   431/3952: $3\gf_mul$func$/gate04-repo/asic/rtl/bch/bch_78_64_t2_v1.sv:283$1264.a[7:0]$10429
   432/3952: $3\gf_mul$func$/gate04-repo/asic/rtl/bch/bch_78_64_t2_v1.sv:283$1264.result[6:0]$10425
   433/3952: $2\gf_mul$func$/gate04-repo/asic/rtl/bch/bch_78_64_t2_v1.sv:283$1264.a[7:0]$10423
   434/3952: $2\gf_mul$func$/gate04-repo/asic/rtl/bch/bch_78_64_t2_v1.sv:283$1264.result[6:0]$10419
   435/3952: $8\gf_mul$func$/gate04-repo/asic/rtl/bch/bch_78_64_t2_v1.sv:282$1263.a[7:0]$10417
   436/3952: $8\gf_mul$func$/gate04-repo/asic/rtl/bch/bch_78_64_t2_v1.sv:282$1263.result[6:0]$10413
   437/3952: $7\gf_mul$func$/gate04-repo/asic/rtl/bch/bch_78_64_t2_v1.sv:282$1263.a[7:0]$10411
   438/3952: $7\gf_mul$func$/gate04-repo/asic/rtl/bch/bch_78_64_t2_v1.sv:282$1263.result[6:0]$10407
   439/3952: $6\gf_mul$func$/gate04-repo/asic/rtl/bch/bch_78_64_t2_v1.sv:282$1263.a[7:0]$10405
   440/3952: $6\gf_mul$func$/gate04-repo/asic/rtl/bch/bch_78_64_t2_v1.sv:282$1263.result[6:0]$10401
   441/3952: $5\gf_mul$func$/gate04-repo/asic/rtl/bch/bch_78_64_t2_v1.sv:282$1263.a[7:0]$10399
   442/3952: $5\gf_mul$func$/gate04-repo/asic/rtl/bch/bch_78_64_t2_v1.sv:282$1263.result[6:0]$10395
   443/3952: $4\gf_mul$func$/gate04-repo/asic/rtl/bch/bch_78_64_t2_v1.sv:282$1263.a[7:0]$10393
   444/3952: $4\gf_mul$func$/gate04-repo/asic/rtl/bch/bch_78_64_t2_v1.sv:282$1263.result[6:0]$10389
   445/3952: $3\gf_mul$func$/gate04-repo/asic/rtl/bch/bch_78_64_t2_v1.sv:282$1263.a[7:0]$10387
   446/3952: $3\gf_mul$func$/gate04-repo/asic/rtl/bch/bch_78_64_t2_v1.sv:282$1263.result[6:0]$10383
   447/3952: $2\gf_mul$func$/gate04-repo/asic/rtl/bch/bch_78_64_t2_v1.sv:282$1263.a[7:0]$10381
   448/3952: $2\gf_mul$func$/gate04-repo/asic/rtl/bch/bch_78_64_t2_v1.sv:282$1263.result[6:0]$10377
   449/3952: $67\root_count[31:0]
   450/3952: $67\candidate_mask[65:65]
   451/3952: $8\gf_mul$func$/gate04-repo/asic/rtl/bch/bch_78_64_t2_v1.sv:283$1261.a[7:0]$10371
   452/3952: $8\gf_mul$func$/gate04-repo/asic/rtl/bch/bch_78_64_t2_v1.sv:283$1261.result[6:0]$10367
   453/3952: $7\gf_mul$func$/gate04-repo/asic/rtl/bch/bch_78_64_t2_v1.sv:283$1261.a[7:0]$10365
   454/3952: $7\gf_mul$func$/gate04-repo/asic/rtl/bch/bch_78_64_t2_v1.sv:283$1261.result[6:0]$10361
   455/3952: $6\gf_mul$func$/gate04-repo/asic/rtl/bch/bch_78_64_t2_v1.sv:283$1261.a[7:0]$10359
   456/3952: $6\gf_mul$func$/gate04-repo/asic/rtl/bch/bch_78_64_t2_v1.sv:283$1261.result[6:0]$10355
   457/3952: $5\gf_mul$func$/gate04-repo/asic/rtl/bch/bch_78_64_t2_v1.sv:283$1261.a[7:0]$10353
   458/3952: $5\gf_mul$func$/gate04-repo/asic/rtl/bch/bch_78_64_t2_v1.sv:283$1261.result[6:0]$10349
   459/3952: $4\gf_mul$func$/gate04-repo/asic/rtl/bch/bch_78_64_t2_v1.sv:283$1261.a[7:0]$10347
   460/3952: $4\gf_mul$func$/gate04-repo/asic/rtl/bch/bch_78_64_t2_v1.sv:283$1261.result[6:0]$10343
   461/3952: $3\gf_mul$func$/gate04-repo/asic/rtl/bch/bch_78_64_t2_v1.sv:283$1261.a[7:0]$10341
   462/3952: $3\gf_mul$func$/gate04-repo/asic/rtl/bch/bch_78_64_t2_v1.sv:283$1261.result[6:0]$10337
   463/3952: $2\gf_mul$func$/gate04-repo/asic/rtl/bch/bch_78_64_t2_v1.sv:283$1261.a[7:0]$10335
   464/3952: $2\gf_mul$func$/gate04-repo/asic/rtl/bch/bch_78_64_t2_v1.sv:283$1261.result[6:0]$10331
   465/3952: $8\gf_mul$func$/gate04-repo/asic/rtl/bch/bch_78_64_t2_v1.sv:282$1260.a[7:0]$10329
   466/3952: $8\gf_mul$func$/gate04-repo/asic/rtl/bch/bch_78_64_t2_v1.sv:282$1260.result[6:0]$10325
   467/3952: $7\gf_mul$func$/gate04-repo/asic/rtl/bch/bch_78_64_t2_v1.sv:282$1260.a[7:0]$10323
   468/3952: $7\gf_mul$func$/gate04-repo/asic/rtl/bch/bch_78_64_t2_v1.sv:282$1260.result[6:0]$10319
   469/3952: $6\gf_mul$func$/gate04-repo/asic/rtl/bch/bch_78_64_t2_v1.sv:282$1260.a[7:0]$10317
   470/3952: $6\gf_mul$func$/gate04-repo/asic/rtl/bch/bch_78_64_t2_v1.sv:282$1260.result[6:0]$10313
   471/3952: $5\gf_mul$func$/gate04-repo/asic/rtl/bch/bch_78_64_t2_v1.sv:282$1260.a[7:0]$10311
   472/3952: $5\gf_mul$func$/gate04-repo/asic/rtl/bch/bch_78_64_t2_v1.sv:282$1260.result[6:0]$10307
   473/3952: $4\gf_mul$func$/gate04-repo/asic/rtl/bch/bch_78_64_t2_v1.sv:282$1260.a[7:0]$10305
   474/3952: $4\gf_mul$func$/gate04-repo/asic/rtl/bch/bch_78_64_t2_v1.sv:282$1260.result[6:0]$10301
   475/3952: $3\gf_mul$func$/gate04-repo/asic/rtl/bch/bch_78_64_t2_v1.sv:282$1260.a[7:0]$10299
   476/3952: $3\gf_mul$func$/gate04-repo/asic/rtl/bch/bch_78_64_t2_v1.sv:282$1260.result[6:0]$10295
   477/3952: $2\gf_mul$func$/gate04-repo/asic/rtl/bch/bch_78_64_t2_v1.sv:282$1260.a[7:0]$10293
   478/3952: $2\gf_mul$func$/gate04-repo/asic/rtl/bch/bch_78_64_t2_v1.sv:282$1260.result[6:0]$10289
   479/3952: $66\root_count[31:0]
   480/3952: $66\candidate_mask[64:64]
   481/3952: $8\gf_mul$func$/gate04-repo/asic/rtl/bch/bch_78_64_t2_v1.sv:283$1258.a[7:0]$10283
   482/3952: $8\gf_mul$func$/gate04-repo/asic/rtl/bch/bch_78_64_t2_v1.sv:283$1258.result[6:0]$10279
   483/3952: $7\gf_mul$func$/gate04-repo/asic/rtl/bch/bch_78_64_t2_v1.sv:283$1258.a[7:0]$10277
   484/3952: $7\gf_mul$func$/gate04-repo/asic/rtl/bch/bch_78_64_t2_v1.sv:283$1258.result[6:0]$10273
   485/3952: $6\gf_mul$func$/gate04-repo/asic/rtl/bch/bch_78_64_t2_v1.sv:283$1258.a[7:0]$10271
   486/3952: $6\gf_mul$func$/gate04-repo/asic/rtl/bch/bch_78_64_t2_v1.sv:283$1258.result[6:0]$10267
   487/3952: $5\gf_mul$func$/gate04-repo/asic/rtl/bch/bch_78_64_t2_v1.sv:283$1258.a[7:0]$10265
   488/3952: $5\gf_mul$func$/gate04-repo/asic/rtl/bch/bch_78_64_t2_v1.sv:283$1258.result[6:0]$10261
   489/3952: $4\gf_mul$func$/gate04-repo/asic/rtl/bch/bch_78_64_t2_v1.sv:283$1258.a[7:0]$10259
   490/3952: $4\gf_mul$func$/gate04-repo/asic/rtl/bch/bch_78_64_t2_v1.sv:283$1258.result[6:0]$10255
   491/3952: $3\gf_mul$func$/gate04-repo/asic/rtl/bch/bch_78_64_t2_v1.sv:283$1258.a[7:0]$10253
   492/3952: $3\gf_mul$func$/gate04-repo/asic/rtl/bch/bch_78_64_t2_v1.sv:283$1258.result[6:0]$10249
   493/3952: $2\gf_mul$func$/gate04-repo/asic/rtl/bch/bch_78_64_t2_v1.sv:283$1258.a[7:0]$10247
   494/3952: $2\gf_mul$func$/gate04-repo/asic/rtl/bch/bch_78_64_t2_v1.sv:283$1258.result[6:0]$10243
   495/3952: $8\gf_mul$func$/gate04-repo/asic/rtl/bch/bch_78_64_t2_v1.sv:282$1257.a[7:0]$10241
   496/3952: $8\gf_mul$func$/gate04-repo/asic/rtl/bch/bch_78_64_t2_v1.sv:282$1257.result[6:0]$10237
   497/3952: $7\gf_mul$func$/gate04-repo/asic/rtl/bch/bch_78_64_t2_v1.sv:282$1257.a[7:0]$10235
   498/3952: $7\gf_mul$func$/gate04-repo/asic/rtl/bch/bch_78_64_t2_v1.sv:282$1257.result[6:0]$10231
   499/3952: $6\gf_mul$func$/gate04-repo/asic/rtl/bch/bch_78_64_t2_v1.sv:282$1257.a[7:0]$10229
   500/3952: $6\gf_mul$func$/gate04-repo/asic/rtl/bch/bch_78_64_t2_v1.sv:282$1257.result[6:0]$10225
   501/3952: $5\gf_mul$func$/gate04-repo/asic/rtl/bch/bch_78_64_t2_v1.sv:282$1257.a[7:0]$10223
   502/3952: $5\gf_mul$func$/gate04-repo/asic/rtl/bch/bch_78_64_t2_v1.sv:282$1257.result[6:0]$10219
   503/3952: $4\gf_mul$func$/gate04-repo/asic/rtl/bch/bch_78_64_t2_v1.sv:282$1257.a[7:0]$10217
   504/3952: $4\gf_mul$func$/gate04-repo/asic/rtl/bch/bch_78_64_t2_v1.sv:282$1257.result[6:0]$10213
   505/3952: $3\gf_mul$func$/gate04-repo/asic/rtl/bch/bch_78_64_t2_v1.sv:282$1257.a[7:0]$10211
   506/3952: $3\gf_mul$func$/gate04-repo/asic/rtl/bch/bch_78_64_t2_v1.sv:282$1257.result[6:0]$10207
   507/3952: $2\gf_mul$func$/gate04-repo/asic/rtl/bch/bch_78_64_t2_v1.sv:282$1257.a[7:0]$10205
   508/3952: $2\gf_mul$func$/gate04-repo/asic/rtl/bch/bch_78_64_t2_v1.sv:282$1257.result[6:0]$10201
   509/3952: $65\root_count[31:0]
   510/3952: $65\candidate_mask[63:63]
   511/3952: $8\gf_mul$func$/gate04-repo/asic/rtl/bch/bch_78_64_t2_v1.sv:283$1255.a[7:0]$10195
   512/3952: $8\gf_mul$func$/gate04-repo/asic/rtl/bch/bch_78_64_t2_v1.sv:283$1255.result[6:0]$10191
   513/3952: $7\gf_mul$func$/gate04-repo/asic/rtl/bch/bch_78_64_t2_v1.sv:283$1255.a[7:0]$10189
   514/3952: $7\gf_mul$func$/gate04-repo/asic/rtl/bch/bch_78_64_t2_v1.sv:283$1255.result[6:0]$10185
   515/3952: $6\gf_mul$func$/gate04-repo/asic/rtl/bch/bch_78_64_t2_v1.sv:283$1255.a[7:0]$10183
   516/3952: $6\gf_mul$func$/gate04-repo/asic/rtl/bch/bch_78_64_t2_v1.sv:283$1255.result[6:0]$10179
   517/3952: $5\gf_mul$func$/gate04-repo/asic/rtl/bch/bch_78_64_t2_v1.sv:283$1255.a[7:0]$10177
   518/3952: $5\gf_mul$func$/gate04-repo/asic/rtl/bch/bch_78_64_t2_v1.sv:283$1255.result[6:0]$10173
   519/3952: $4\gf_mul$func$/gate04-repo/asic/rtl/bch/bch_78_64_t2_v1.sv:283$1255.a[7:0]$10171
   520/3952: $4\gf_mul$func$/gate04-repo/asic/rtl/bch/bch_78_64_t2_v1.sv:283$1255.result[6:0]$10167
   521/3952: $3\gf_mul$func$/gate04-repo/asic/rtl/bch/bch_78_64_t2_v1.sv:283$1255.a[7:0]$10165
   522/3952: $3\gf_mul$func$/gate04-repo/asic/rtl/bch/bch_78_64_t2_v1.sv:283$1255.result[6:0]$10161
   523/3952: $2\gf_mul$func$/gate04-repo/asic/rtl/bch/bch_78_64_t2_v1.sv:283$1255.a[7:0]$10159
   524/3952: $2\gf_mul$func$/gate04-repo/asic/rtl/bch/bch_78_64_t2_v1.sv:283$1255.result[6:0]$10155
   525/3952: $8\gf_mul$func$/gate04-repo/asic/rtl/bch/bch_78_64_t2_v1.sv:282$1254.a[7:0]$10153
   526/3952: $8\gf_mul$func$/gate04-repo/asic/rtl/bch/bch_78_64_t2_v1.sv:282$1254.result[6:0]$10149
   527/3952: $7\gf_mul$func$/gate04-repo/asic/rtl/bch/bch_78_64_t2_v1.sv:282$1254.a[7:0]$10147
   528/3952: $7\gf_mul$func$/gate04-repo/asic/rtl/bch/bch_78_64_t2_v1.sv:282$1254.result[6:0]$10143
   529/3952: $6\gf_mul$func$/gate04-repo/asic/rtl/bch/bch_78_64_t2_v1.sv:282$1254.a[7:0]$10141
   530/3952: $6\gf_mul$func$/gate04-repo/asic/rtl/bch/bch_78_64_t2_v1.sv:282$1254.result[6:0]$10137
   531/3952: $5\gf_mul$func$/gate04-repo/asic/rtl/bch/bch_78_64_t2_v1.sv:282$1254.a[7:0]$10135
   532/3952: $5\gf_mul$func$/gate04-repo/asic/rtl/bch/bch_78_64_t2_v1.sv:282$1254.result[6:0]$10131
   533/3952: $4\gf_mul$func$/gate04-repo/asic/rtl/bch/bch_78_64_t2_v1.sv:282$1254.a[7:0]$10129
   534/3952: $4\gf_mul$func$/gate04-repo/asic/rtl/bch/bch_78_64_t2_v1.sv:282$1254.result[6:0]$10125
   535/3952: $3\gf_mul$func$/gate04-repo/asic/rtl/bch/bch_78_64_t2_v1.sv:282$1254.a[7:0]$10123
   536/3952: $3\gf_mul$func$/gate04-repo/asic/rtl/bch/bch_78_64_t2_v1.sv:282$1254.result[6:0]$10119
   537/3952: $2\gf_mul$func$/gate04-repo/asic/rtl/bch/bch_78_64_t2_v1.sv:282$1254.a[7:0]$10117
   538/3952: $2\gf_mul$func$/gate04-repo/asic/rtl/bch/bch_78_64_t2_v1.sv:282$1254.result[6:0]$10113
   539/3952: $64\root_count[31:0]
   540/3952: $64\candidate_mask[62:62]
   541/3952: $8\gf_mul$func$/gate04-repo/asic/rtl/bch/bch_78_64_t2_v1.sv:283$1252.a[7:0]$10107
   542/3952: $8\gf_mul$func$/gate04-repo/asic/rtl/bch/bch_78_64_t2_v1.sv:283$1252.result[6:0]$10103
   543/3952: $7\gf_mul$func$/gate04-repo/asic/rtl/bch/bch_78_64_t2_v1.sv:283$1252.a[7:0]$10101
   544/3952: $7\gf_mul$func$/gate04-repo/asic/rtl/bch/bch_78_64_t2_v1.sv:283$1252.result[6:0]$10097
   545/3952: $6\gf_mul$func$/gate04-repo/asic/rtl/bch/bch_78_64_t2_v1.sv:283$1252.a[7:0]$10095
   546/3952: $6\gf_mul$func$/gate04-repo/asic/rtl/bch/bch_78_64_t2_v1.sv:283$1252.result[6:0]$10091
   547/3952: $5\gf_mul$func$/gate04-repo/asic/rtl/bch/bch_78_64_t2_v1.sv:283$1252.a[7:0]$10089
   548/3952: $5\gf_mul$func$/gate04-repo/asic/rtl/bch/bch_78_64_t2_v1.sv:283$1252.result[6:0]$10085
   549/3952: $4\gf_mul$func$/gate04-repo/asic/rtl/bch/bch_78_64_t2_v1.sv:283$1252.a[7:0]$10083
   550/3952: $4\gf_mul$func$/gate04-repo/asic/rtl/bch/bch_78_64_t2_v1.sv:283$1252.result[6:0]$10079
   551/3952: $3\gf_mul$func$/gate04-repo/asic/rtl/bch/bch_78_64_t2_v1.sv:283$1252.a[7:0]$10077
   552/3952: $3\gf_mul$func$/gate04-repo/asic/rtl/bch/bch_78_64_t2_v1.sv:283$1252.result[6:0]$10073
   553/3952: $2\gf_mul$func$/gate04-repo/asic/rtl/bch/bch_78_64_t2_v1.sv:283$1252.a[7:0]$10071
   554/3952: $2\gf_mul$func$/gate04-repo/asic/rtl/bch/bch_78_64_t2_v1.sv:283$1252.result[6:0]$10067
   555/3952: $8\gf_mul$func$/gate04-repo/asic/rtl/bch/bch_78_64_t2_v1.sv:282$1251.a[7:0]$10065
   556/3952: $8\gf_mul$func$/gate04-repo/asic/rtl/bch/bch_78_64_t2_v1.sv:282$1251.result[6:0]$10061
   557/3952: $7\gf_mul$func$/gate04-repo/asic/rtl/bch/bch_78_64_t2_v1.sv:282$1251.a[7:0]$10059
   558/3952: $7\gf_mul$func$/gate04-repo/asic/rtl/bch/bch_78_64_t2_v1.sv:282$1251.result[6:0]$10055
   559/3952: $6\gf_mul$func$/gate04-repo/asic/rtl/bch/bch_78_64_t2_v1.sv:282$1251.a[7:0]$10053
   560/3952: $6\gf_mul$func$/gate04-repo/asic/rtl/bch/bch_78_64_t2_v1.sv:282$1251.result[6:0]$10049
   561/3952: $5\gf_mul$func$/gate04-repo/asic/rtl/bch/bch_78_64_t2_v1.sv:282$1251.a[7:0]$10047
   562/3952: $5\gf_mul$func$/gate04-repo/asic/rtl/bch/bch_78_64_t2_v1.sv:282$1251.result[6:0]$10043
   563/3952: $4\gf_mul$func$/gate04-repo/asic/rtl/bch/bch_78_64_t2_v1.sv:282$1251.a[7:0]$10041
   564/3952: $4\gf_mul$func$/gate04-repo/asic/rtl/bch/bch_78_64_t2_v1.sv:282$1251.result[6:0]$10037
   565/3952: $3\gf_mul$func$/gate04-repo/asic/rtl/bch/bch_78_64_t2_v1.sv:282$1251.a[7:0]$10035
   566/3952: $3\gf_mul$func$/gate04-repo/asic/rtl/bch/bch_78_64_t2_v1.sv:282$1251.result[6:0]$10031
   567/3952: $2\gf_mul$func$/gate04-repo/asic/rtl/bch/bch_78_64_t2_v1.sv:282$1251.a[7:0]$10029
   568/3952: $2\gf_mul$func$/gate04-repo/asic/rtl/bch/bch_78_64_t2_v1.sv:282$1251.result[6:0]$10025
   569/3952: $63\root_count[31:0]
   570/3952: $63\candidate_mask[61:61]
   571/3952: $8\gf_mul$func$/gate04-repo/asic/rtl/bch/bch_78_64_t2_v1.sv:283$1249.a[7:0]$10019
   572/3952: $8\gf_mul$func$/gate04-repo/asic/rtl/bch/bch_78_64_t2_v1.sv:283$1249.result[6:0]$10015
   573/3952: $7\gf_mul$func$/gate04-repo/asic/rtl/bch/bch_78_64_t2_v1.sv:283$1249.a[7:0]$10013
   574/3952: $7\gf_mul$func$/gate04-repo/asic/rtl/bch/bch_78_64_t2_v1.sv:283$1249.result[6:0]$10009
   575/3952: $6\gf_mul$func$/gate04-repo/asic/rtl/bch/bch_78_64_t2_v1.sv:283$1249.a[7:0]$10007
   576/3952: $6\gf_mul$func$/gate04-repo/asic/rtl/bch/bch_78_64_t2_v1.sv:283$1249.result[6:0]$10003
   577/3952: $5\gf_mul$func$/gate04-repo/asic/rtl/bch/bch_78_64_t2_v1.sv:283$1249.a[7:0]$10001
   578/3952: $5\gf_mul$func$/gate04-repo/asic/rtl/bch/bch_78_64_t2_v1.sv:283$1249.result[6:0]$9997
   579/3952: $4\gf_mul$func$/gate04-repo/asic/rtl/bch/bch_78_64_t2_v1.sv:283$1249.a[7:0]$9995
   580/3952: $4\gf_mul$func$/gate04-repo/asic/rtl/bch/bch_78_64_t2_v1.sv:283$1249.result[6:0]$9991
   581/3952: $3\gf_mul$func$/gate04-repo/asic/rtl/bch/bch_78_64_t2_v1.sv:283$1249.a[7:0]$9989
   582/3952: $3\gf_mul$func$/gate04-repo/asic/rtl/bch/bch_78_64_t2_v1.sv:283$1249.result[6:0]$9985
   583/3952: $2\gf_mul$func$/gate04-repo/asic/rtl/bch/bch_78_64_t2_v1.sv:283$1249.a[7:0]$9983
   584/3952: $2\gf_mul$func$/gate04-repo/asic/rtl/bch/bch_78_64_t2_v1.sv:283$1249.result[6:0]$9979
   585/3952: $8\gf_mul$func$/gate04-repo/asic/rtl/bch/bch_78_64_t2_v1.sv:282$1248.a[7:0]$9977
   586/3952: $8\gf_mul$func$/gate04-repo/asic/rtl/bch/bch_78_64_t2_v1.sv:282$1248.result[6:0]$9973
   587/3952: $7\gf_mul$func$/gate04-repo/asic/rtl/bch/bch_78_64_t2_v1.sv:282$1248.a[7:0]$9971
   588/3952: $7\gf_mul$func$/gate04-repo/asic/rtl/bch/bch_78_64_t2_v1.sv:282$1248.result[6:0]$9967
   589/3952: $6\gf_mul$func$/gate04-repo/asic/rtl/bch/bch_78_64_t2_v1.sv:282$1248.a[7:0]$9965
   590/3952: $6\gf_mul$func$/gate04-repo/asic/rtl/bch/bch_78_64_t2_v1.sv:282$1248.result[6:0]$9961
   591/3952: $5\gf_mul$func$/gate04-repo/asic/rtl/bch/bch_78_64_t2_v1.sv:282$1248.a[7:0]$9959
   592/3952: $5\gf_mul$func$/gate04-repo/asic/rtl/bch/bch_78_64_t2_v1.sv:282$1248.result[6:0]$9955
   593/3952: $4\gf_mul$func$/gate04-repo/asic/rtl/bch/bch_78_64_t2_v1.sv:282$1248.a[7:0]$9953
   594/3952: $4\gf_mul$func$/gate04-repo/asic/rtl/bch/bch_78_64_t2_v1.sv:282$1248.result[6:0]$9949
   595/3952: $3\gf_mul$func$/gate04-repo/asic/rtl/bch/bch_78_64_t2_v1.sv:282$1248.a[7:0]$9947
   596/3952: $3\gf_mul$func$/gate04-repo/asic/rtl/bch/bch_78_64_t2_v1.sv:282$1248.result[6:0]$9943
   597/3952: $2\gf_mul$func$/gate04-repo/asic/rtl/bch/bch_78_64_t2_v1.sv:282$1248.a[7:0]$9941
   598/3952: $2\gf_mul$func$/gate04-repo/asic/rtl/bch/bch_78_64_t2_v1.sv:282$1248.result[6:0]$9937
   599/3952: $62\root_count[31:0]
   600/3952: $62\candidate_mask[60:60]
   601/3952: $8\gf_mul$func$/gate04-repo/asic/rtl/bch/bch_78_64_t2_v1.sv:283$1246.a[7:0]$9931
   602/3952: $8\gf_mul$func$/gate04-repo/asic/rtl/bch/bch_78_64_t2_v1.sv:283$1246.result[6:0]$9927
   603/3952: $7\gf_mul$func$/gate04-repo/asic/rtl/bch/bch_78_64_t2_v1.sv:283$1246.a[7:0]$9925
   604/3952: $7\gf_mul$func$/gate04-repo/asic/rtl/bch/bch_78_64_t2_v1.sv:283$1246.result[6:0]$9921
   605/3952: $6\gf_mul$func$/gate04-repo/asic/rtl/bch/bch_78_64_t2_v1.sv:283$1246.a[7:0]$9919
   606/3952: $6\gf_mul$func$/gate04-repo/asic/rtl/bch/bch_78_64_t2_v1.sv:283$1246.result[6:0]$9915
   607/3952: $5\gf_mul$func$/gate04-repo/asic/rtl/bch/bch_78_64_t2_v1.sv:283$1246.a[7:0]$9913
   608/3952: $5\gf_mul$func$/gate04-repo/asic/rtl/bch/bch_78_64_t2_v1.sv:283$1246.result[6:0]$9909
   609/3952: $4\gf_mul$func$/gate04-repo/asic/rtl/bch/bch_78_64_t2_v1.sv:283$1246.a[7:0]$9907
   610/3952: $4\gf_mul$func$/gate04-repo/asic/rtl/bch/bch_78_64_t2_v1.sv:283$1246.result[6:0]$9903
   611/3952: $3\gf_mul$func$/gate04-repo/asic/rtl/bch/bch_78_64_t2_v1.sv:283$1246.a[7:0]$9901
   612/3952: $3\gf_mul$func$/gate04-repo/asic/rtl/bch/bch_78_64_t2_v1.sv:283$1246.result[6:0]$9897
   613/3952: $2\gf_mul$func$/gate04-repo/asic/rtl/bch/bch_78_64_t2_v1.sv:283$1246.a[7:0]$9895
   614/3952: $2\gf_mul$func$/gate04-repo/asic/rtl/bch/bch_78_64_t2_v1.sv:283$1246.result[6:0]$9891
   615/3952: $8\gf_mul$func$/gate04-repo/asic/rtl/bch/bch_78_64_t2_v1.sv:282$1245.a[7:0]$9889
   616/3952: $8\gf_mul$func$/gate04-repo/asic/rtl/bch/bch_78_64_t2_v1.sv:282$1245.result[6:0]$9885
   617/3952: $7\gf_mul$func$/gate04-repo/asic/rtl/bch/bch_78_64_t2_v1.sv:282$1245.a[7:0]$9883
   618/3952: $7\gf_mul$func$/gate04-repo/asic/rtl/bch/bch_78_64_t2_v1.sv:282$1245.result[6:0]$9879
   619/3952: $6\gf_mul$func$/gate04-repo/asic/rtl/bch/bch_78_64_t2_v1.sv:282$1245.a[7:0]$9877
   620/3952: $6\gf_mul$func$/gate04-repo/asic/rtl/bch/bch_78_64_t2_v1.sv:282$1245.result[6:0]$9873
   621/3952: $5\gf_mul$func$/gate04-repo/asic/rtl/bch/bch_78_64_t2_v1.sv:282$1245.a[7:0]$9871
   622/3952: $5\gf_mul$func$/gate04-repo/asic/rtl/bch/bch_78_64_t2_v1.sv:282$1245.result[6:0]$9867
   623/3952: $4\gf_mul$func$/gate04-repo/asic/rtl/bch/bch_78_64_t2_v1.sv:282$1245.a[7:0]$9865
   624/3952: $4\gf_mul$func$/gate04-repo/asic/rtl/bch/bch_78_64_t2_v1.sv:282$1245.result[6:0]$9861
   625/3952: $3\gf_mul$func$/gate04-repo/asic/rtl/bch/bch_78_64_t2_v1.sv:282$1245.a[7:0]$9859
   626/3952: $3\gf_mul$func$/gate04-repo/asic/rtl/bch/bch_78_64_t2_v1.sv:282$1245.result[6:0]$9855
   627/3952: $2\gf_mul$func$/gate04-repo/asic/rtl/bch/bch_78_64_t2_v1.sv:282$1245.a[7:0]$9853
   628/3952: $2\gf_mul$func$/gate04-repo/asic/rtl/bch/bch_78_64_t2_v1.sv:282$1245.result[6:0]$9849
   629/3952: $61\root_count[31:0]
   630/3952: $61\candidate_mask[59:59]
   631/3952: $8\gf_mul$func$/gate04-repo/asic/rtl/bch/bch_78_64_t2_v1.sv:283$1243.a[7:0]$9843
   632/3952: $8\gf_mul$func$/gate04-repo/asic/rtl/bch/bch_78_64_t2_v1.sv:283$1243.result[6:0]$9839
   633/3952: $7\gf_mul$func$/gate04-repo/asic/rtl/bch/bch_78_64_t2_v1.sv:283$1243.a[7:0]$9837
   634/3952: $7\gf_mul$func$/gate04-repo/asic/rtl/bch/bch_78_64_t2_v1.sv:283$1243.result[6:0]$9833
   635/3952: $6\gf_mul$func$/gate04-repo/asic/rtl/bch/bch_78_64_t2_v1.sv:283$1243.a[7:0]$9831
   636/3952: $6\gf_mul$func$/gate04-repo/asic/rtl/bch/bch_78_64_t2_v1.sv:283$1243.result[6:0]$9827
   637/3952: $5\gf_mul$func$/gate04-repo/asic/rtl/bch/bch_78_64_t2_v1.sv:283$1243.a[7:0]$9825
   638/3952: $5\gf_mul$func$/gate04-repo/asic/rtl/bch/bch_78_64_t2_v1.sv:283$1243.result[6:0]$9821
   639/3952: $4\gf_mul$func$/gate04-repo/asic/rtl/bch/bch_78_64_t2_v1.sv:283$1243.a[7:0]$9819
   640/3952: $4\gf_mul$func$/gate04-repo/asic/rtl/bch/bch_78_64_t2_v1.sv:283$1243.result[6:0]$9815
   641/3952: $3\gf_mul$func$/gate04-repo/asic/rtl/bch/bch_78_64_t2_v1.sv:283$1243.a[7:0]$9813
   642/3952: $3\gf_mul$func$/gate04-repo/asic/rtl/bch/bch_78_64_t2_v1.sv:283$1243.result[6:0]$9809
   643/3952: $2\gf_mul$func$/gate04-repo/asic/rtl/bch/bch_78_64_t2_v1.sv:283$1243.a[7:0]$9807
   644/3952: $2\gf_mul$func$/gate04-repo/asic/rtl/bch/bch_78_64_t2_v1.sv:283$1243.result[6:0]$9803
   645/3952: $8\gf_mul$func$/gate04-repo/asic/rtl/bch/bch_78_64_t2_v1.sv:282$1242.a[7:0]$9801
   646/3952: $8\gf_mul$func$/gate04-repo/asic/rtl/bch/bch_78_64_t2_v1.sv:282$1242.result[6:0]$9797
   647/3952: $7\gf_mul$func$/gate04-repo/asic/rtl/bch/bch_78_64_t2_v1.sv:282$1242.a[7:0]$9795
   648/3952: $7\gf_mul$func$/gate04-repo/asic/rtl/bch/bch_78_64_t2_v1.sv:282$1242.result[6:0]$9791
   649/3952: $6\gf_mul$func$/gate04-repo/asic/rtl/bch/bch_78_64_t2_v1.sv:282$1242.a[7:0]$9789
   650/3952: $6\gf_mul$func$/gate04-repo/asic/rtl/bch/bch_78_64_t2_v1.sv:282$1242.result[6:0]$9785
   651/3952: $5\gf_mul$func$/gate04-repo/asic/rtl/bch/bch_78_64_t2_v1.sv:282$1242.a[7:0]$9783
   652/3952: $5\gf_mul$func$/gate04-repo/asic/rtl/bch/bch_78_64_t2_v1.sv:282$1242.result[6:0]$9779
   653/3952: $4\gf_mul$func$/gate04-repo/asic/rtl/bch/bch_78_64_t2_v1.sv:282$1242.a[7:0]$9777
   654/3952: $4\gf_mul$func$/gate04-repo/asic/rtl/bch/bch_78_64_t2_v1.sv:282$1242.result[6:0]$9773
   655/3952: $3\gf_mul$func$/gate04-repo/asic/rtl/bch/bch_78_64_t2_v1.sv:282$1242.a[7:0]$9771
   656/3952: $3\gf_mul$func$/gate04-repo/asic/rtl/bch/bch_78_64_t2_v1.sv:282$1242.result[6:0]$9767
   657/3952: $2\gf_mul$func$/gate04-repo/asic/rtl/bch/bch_78_64_t2_v1.sv:282$1242.a[7:0]$9765
   658/3952: $2\gf_mul$func$/gate04-repo/asic/rtl/bch/bch_78_64_t2_v1.sv:282$1242.result[6:0]$9761
   659/3952: $60\root_count[31:0]
   660/3952: $60\candidate_mask[58:58]
   661/3952: $8\gf_mul$func$/gate04-repo/asic/rtl/bch/bch_78_64_t2_v1.sv:283$1240.a[7:0]$9755
   662/3952: $8\gf_mul$func$/gate04-repo/asic/rtl/bch/bch_78_64_t2_v1.sv:283$1240.result[6:0]$9751
   663/3952: $7\gf_mul$func$/gate04-repo/asic/rtl/bch/bch_78_64_t2_v1.sv:283$1240.a[7:0]$9749
   664/3952: $7\gf_mul$func$/gate04-repo/asic/rtl/bch/bch_78_64_t2_v1.sv:283$1240.result[6:0]$9745
   665/3952: $6\gf_mul$func$/gate04-repo/asic/rtl/bch/bch_78_64_t2_v1.sv:283$1240.a[7:0]$9743
   666/3952: $6\gf_mul$func$/gate04-repo/asic/rtl/bch/bch_78_64_t2_v1.sv:283$1240.result[6:0]$9739
   667/3952: $5\gf_mul$func$/gate04-repo/asic/rtl/bch/bch_78_64_t2_v1.sv:283$1240.a[7:0]$9737
   668/3952: $5\gf_mul$func$/gate04-repo/asic/rtl/bch/bch_78_64_t2_v1.sv:283$1240.result[6:0]$9733
   669/3952: $4\gf_mul$func$/gate04-repo/asic/rtl/bch/bch_78_64_t2_v1.sv:283$1240.a[7:0]$9731
   670/3952: $4\gf_mul$func$/gate04-repo/asic/rtl/bch/bch_78_64_t2_v1.sv:283$1240.result[6:0]$9727
   671/3952: $3\gf_mul$func$/gate04-repo/asic/rtl/bch/bch_78_64_t2_v1.sv:283$1240.a[7:0]$9725
   672/3952: $3\gf_mul$func$/gate04-repo/asic/rtl/bch/bch_78_64_t2_v1.sv:283$1240.result[6:0]$9721
   673/3952: $2\gf_mul$func$/gate04-repo/asic/rtl/bch/bch_78_64_t2_v1.sv:283$1240.a[7:0]$9719
   674/3952: $2\gf_mul$func$/gate04-repo/asic/rtl/bch/bch_78_64_t2_v1.sv:283$1240.result[6:0]$9715
   675/3952: $8\gf_mul$func$/gate04-repo/asic/rtl/bch/bch_78_64_t2_v1.sv:282$1239.a[7:0]$9713
   676/3952: $8\gf_mul$func$/gate04-repo/asic/rtl/bch/bch_78_64_t2_v1.sv:282$1239.result[6:0]$9709
   677/3952: $7\gf_mul$func$/gate04-repo/asic/rtl/bch/bch_78_64_t2_v1.sv:282$1239.a[7:0]$9707
   678/3952: $7\gf_mul$func$/gate04-repo/asic/rtl/bch/bch_78_64_t2_v1.sv:282$1239.result[6:0]$9703
   679/3952: $6\gf_mul$func$/gate04-repo/asic/rtl/bch/bch_78_64_t2_v1.sv:282$1239.a[7:0]$9701
   680/3952: $6\gf_mul$func$/gate04-repo/asic/rtl/bch/bch_78_64_t2_v1.sv:282$1239.result[6:0]$9697
   681/3952: $5\gf_mul$func$/gate04-repo/asic/rtl/bch/bch_78_64_t2_v1.sv:282$1239.a[7:0]$9695
   682/3952: $5\gf_mul$func$/gate04-repo/asic/rtl/bch/bch_78_64_t2_v1.sv:282$1239.result[6:0]$9691
   683/3952: $4\gf_mul$func$/gate04-repo/asic/rtl/bch/bch_78_64_t2_v1.sv:282$1239.a[7:0]$9689
   684/3952: $4\gf_mul$func$/gate04-repo/asic/rtl/bch/bch_78_64_t2_v1.sv:282$1239.result[6:0]$9685
   685/3952: $3\gf_mul$func$/gate04-repo/asic/rtl/bch/bch_78_64_t2_v1.sv:282$1239.a[7:0]$9683
   686/3952: $3\gf_mul$func$/gate04-repo/asic/rtl/bch/bch_78_64_t2_v1.sv:282$1239.result[6:0]$9679
   687/3952: $2\gf_mul$func$/gate04-repo/asic/rtl/bch/bch_78_64_t2_v1.sv:282$1239.a[7:0]$9677
   688/3952: $2\gf_mul$func$/gate04-repo/asic/rtl/bch/bch_78_64_t2_v1.sv:282$1239.result[6:0]$9673
   689/3952: $59\root_count[31:0]
   690/3952: $59\candidate_mask[57:57]
   691/3952: $8\gf_mul$func$/gate04-repo/asic/rtl/bch/bch_78_64_t2_v1.sv:283$1237.a[7:0]$9667
   692/3952: $8\gf_mul$func$/gate04-repo/asic/rtl/bch/bch_78_64_t2_v1.sv:283$1237.result[6:0]$9663
   693/3952: $7\gf_mul$func$/gate04-repo/asic/rtl/bch/bch_78_64_t2_v1.sv:283$1237.a[7:0]$9661
   694/3952: $7\gf_mul$func$/gate04-repo/asic/rtl/bch/bch_78_64_t2_v1.sv:283$1237.result[6:0]$9657
   695/3952: $6\gf_mul$func$/gate04-repo/asic/rtl/bch/bch_78_64_t2_v1.sv:283$1237.a[7:0]$9655
   696/3952: $6\gf_mul$func$/gate04-repo/asic/rtl/bch/bch_78_64_t2_v1.sv:283$1237.result[6:0]$9651
   697/3952: $5\gf_mul$func$/gate04-repo/asic/rtl/bch/bch_78_64_t2_v1.sv:283$1237.a[7:0]$9649
   698/3952: $5\gf_mul$func$/gate04-repo/asic/rtl/bch/bch_78_64_t2_v1.sv:283$1237.result[6:0]$9645
   699/3952: $4\gf_mul$func$/gate04-repo/asic/rtl/bch/bch_78_64_t2_v1.sv:283$1237.a[7:0]$9643
   700/3952: $4\gf_mul$func$/gate04-repo/asic/rtl/bch/bch_78_64_t2_v1.sv:283$1237.result[6:0]$9639
   701/3952: $3\gf_mul$func$/gate04-repo/asic/rtl/bch/bch_78_64_t2_v1.sv:283$1237.a[7:0]$9637
   702/3952: $3\gf_mul$func$/gate04-repo/asic/rtl/bch/bch_78_64_t2_v1.sv:283$1237.result[6:0]$9633
   703/3952: $2\gf_mul$func$/gate04-repo/asic/rtl/bch/bch_78_64_t2_v1.sv:283$1237.a[7:0]$9631
   704/3952: $2\gf_mul$func$/gate04-repo/asic/rtl/bch/bch_78_64_t2_v1.sv:283$1237.result[6:0]$9627
   705/3952: $8\gf_mul$func$/gate04-repo/asic/rtl/bch/bch_78_64_t2_v1.sv:282$1236.a[7:0]$9625
   706/3952: $8\gf_mul$func$/gate04-repo/asic/rtl/bch/bch_78_64_t2_v1.sv:282$1236.result[6:0]$9621
   707/3952: $7\gf_mul$func$/gate04-repo/asic/rtl/bch/bch_78_64_t2_v1.sv:282$1236.a[7:0]$9619
   708/3952: $7\gf_mul$func$/gate04-repo/asic/rtl/bch/bch_78_64_t2_v1.sv:282$1236.result[6:0]$9615
   709/3952: $6\gf_mul$func$/gate04-repo/asic/rtl/bch/bch_78_64_t2_v1.sv:282$1236.a[7:0]$9613
   710/3952: $6\gf_mul$func$/gate04-repo/asic/rtl/bch/bch_78_64_t2_v1.sv:282$1236.result[6:0]$9609
   711/3952: $5\gf_mul$func$/gate04-repo/asic/rtl/bch/bch_78_64_t2_v1.sv:282$1236.a[7:0]$9607
   712/3952: $5\gf_mul$func$/gate04-repo/asic/rtl/bch/bch_78_64_t2_v1.sv:282$1236.result[6:0]$9603
   713/3952: $4\gf_mul$func$/gate04-repo/asic/rtl/bch/bch_78_64_t2_v1.sv:282$1236.a[7:0]$9601
   714/3952: $4\gf_mul$func$/gate04-repo/asic/rtl/bch/bch_78_64_t2_v1.sv:282$1236.result[6:0]$9597
   715/3952: $3\gf_mul$func$/gate04-repo/asic/rtl/bch/bch_78_64_t2_v1.sv:282$1236.a[7:0]$9595
   716/3952: $3\gf_mul$func$/gate04-repo/asic/rtl/bch/bch_78_64_t2_v1.sv:282$1236.result[6:0]$9591
   717/3952: $2\gf_mul$func$/gate04-repo/asic/rtl/bch/bch_78_64_t2_v1.sv:282$1236.a[7:0]$9589
   718/3952: $2\gf_mul$func$/gate04-repo/asic/rtl/bch/bch_78_64_t2_v1.sv:282$1236.result[6:0]$9585
   719/3952: $58\root_count[31:0]
   720/3952: $58\candidate_mask[56:56]
   721/3952: $8\gf_mul$func$/gate04-repo/asic/rtl/bch/bch_78_64_t2_v1.sv:283$1234.a[7:0]$9579
   722/3952: $8\gf_mul$func$/gate04-repo/asic/rtl/bch/bch_78_64_t2_v1.sv:283$1234.result[6:0]$9575
   723/3952: $7\gf_mul$func$/gate04-repo/asic/rtl/bch/bch_78_64_t2_v1.sv:283$1234.a[7:0]$9573
   724/3952: $7\gf_mul$func$/gate04-repo/asic/rtl/bch/bch_78_64_t2_v1.sv:283$1234.result[6:0]$9569
   725/3952: $6\gf_mul$func$/gate04-repo/asic/rtl/bch/bch_78_64_t2_v1.sv:283$1234.a[7:0]$9567
   726/3952: $6\gf_mul$func$/gate04-repo/asic/rtl/bch/bch_78_64_t2_v1.sv:283$1234.result[6:0]$9563
   727/3952: $5\gf_mul$func$/gate04-repo/asic/rtl/bch/bch_78_64_t2_v1.sv:283$1234.a[7:0]$9561
   728/3952: $5\gf_mul$func$/gate04-repo/asic/rtl/bch/bch_78_64_t2_v1.sv:283$1234.result[6:0]$9557
   729/3952: $4\gf_mul$func$/gate04-repo/asic/rtl/bch/bch_78_64_t2_v1.sv:283$1234.a[7:0]$9555
   730/3952: $4\gf_mul$func$/gate04-repo/asic/rtl/bch/bch_78_64_t2_v1.sv:283$1234.result[6:0]$9551
   731/3952: $3\gf_mul$func$/gate04-repo/asic/rtl/bch/bch_78_64_t2_v1.sv:283$1234.a[7:0]$9549
   732/3952: $3\gf_mul$func$/gate04-repo/asic/rtl/bch/bch_78_64_t2_v1.sv:283$1234.result[6:0]$9545
   733/3952: $2\gf_mul$func$/gate04-repo/asic/rtl/bch/bch_78_64_t2_v1.sv:283$1234.a[7:0]$9543
   734/3952: $2\gf_mul$func$/gate04-repo/asic/rtl/bch/bch_78_64_t2_v1.sv:283$1234.result[6:0]$9539
   735/3952: $8\gf_mul$func$/gate04-repo/asic/rtl/bch/bch_78_64_t2_v1.sv:282$1233.a[7:0]$9537
   736/3952: $8\gf_mul$func$/gate04-repo/asic/rtl/bch/bch_78_64_t2_v1.sv:282$1233.result[6:0]$9533
   737/3952: $7\gf_mul$func$/gate04-repo/asic/rtl/bch/bch_78_64_t2_v1.sv:282$1233.a[7:0]$9531
   738/3952: $7\gf_mul$func$/gate04-repo/asic/rtl/bch/bch_78_64_t2_v1.sv:282$1233.result[6:0]$9527
   739/3952: $6\gf_mul$func$/gate04-repo/asic/rtl/bch/bch_78_64_t2_v1.sv:282$1233.a[7:0]$9525
   740/3952: $6\gf_mul$func$/gate04-repo/asic/rtl/bch/bch_78_64_t2_v1.sv:282$1233.result[6:0]$9521
   741/3952: $5\gf_mul$func$/gate04-repo/asic/rtl/bch/bch_78_64_t2_v1.sv:282$1233.a[7:0]$9519
   742/3952: $5\gf_mul$func$/gate04-repo/asic/rtl/bch/bch_78_64_t2_v1.sv:282$1233.result[6:0]$9515
   743/3952: $4\gf_mul$func$/gate04-repo/asic/rtl/bch/bch_78_64_t2_v1.sv:282$1233.a[7:0]$9513
   744/3952: $4\gf_mul$func$/gate04-repo/asic/rtl/bch/bch_78_64_t2_v1.sv:282$1233.result[6:0]$9509
   745/3952: $3\gf_mul$func$/gate04-repo/asic/rtl/bch/bch_78_64_t2_v1.sv:282$1233.a[7:0]$9507
   746/3952: $3\gf_mul$func$/gate04-repo/asic/rtl/bch/bch_78_64_t2_v1.sv:282$1233.result[6:0]$9503
   747/3952: $2\gf_mul$func$/gate04-repo/asic/rtl/bch/bch_78_64_t2_v1.sv:282$1233.a[7:0]$9501
   748/3952: $2\gf_mul$func$/gate04-repo/asic/rtl/bch/bch_78_64_t2_v1.sv:282$1233.result[6:0]$9497
   749/3952: $57\root_count[31:0]
   750/3952: $57\candidate_mask[55:55]
   751/3952: $8\gf_mul$func$/gate04-repo/asic/rtl/bch/bch_78_64_t2_v1.sv:283$1231.a[7:0]$9491
   752/3952: $8\gf_mul$func$/gate04-repo/asic/rtl/bch/bch_78_64_t2_v1.sv:283$1231.result[6:0]$9487
   753/3952: $7\gf_mul$func$/gate04-repo/asic/rtl/bch/bch_78_64_t2_v1.sv:283$1231.a[7:0]$9485
   754/3952: $7\gf_mul$func$/gate04-repo/asic/rtl/bch/bch_78_64_t2_v1.sv:283$1231.result[6:0]$9481
   755/3952: $6\gf_mul$func$/gate04-repo/asic/rtl/bch/bch_78_64_t2_v1.sv:283$1231.a[7:0]$9479
   756/3952: $6\gf_mul$func$/gate04-repo/asic/rtl/bch/bch_78_64_t2_v1.sv:283$1231.result[6:0]$9475
   757/3952: $5\gf_mul$func$/gate04-repo/asic/rtl/bch/bch_78_64_t2_v1.sv:283$1231.a[7:0]$9473
   758/3952: $5\gf_mul$func$/gate04-repo/asic/rtl/bch/bch_78_64_t2_v1.sv:283$1231.result[6:0]$9469
   759/3952: $4\gf_mul$func$/gate04-repo/asic/rtl/bch/bch_78_64_t2_v1.sv:283$1231.a[7:0]$9467
   760/3952: $4\gf_mul$func$/gate04-repo/asic/rtl/bch/bch_78_64_t2_v1.sv:283$1231.result[6:0]$9463
   761/3952: $3\gf_mul$func$/gate04-repo/asic/rtl/bch/bch_78_64_t2_v1.sv:283$1231.a[7:0]$9461
   762/3952: $3\gf_mul$func$/gate04-repo/asic/rtl/bch/bch_78_64_t2_v1.sv:283$1231.result[6:0]$9457
   763/3952: $2\gf_mul$func$/gate04-repo/asic/rtl/bch/bch_78_64_t2_v1.sv:283$1231.a[7:0]$9455
   764/3952: $2\gf_mul$func$/gate04-repo/asic/rtl/bch/bch_78_64_t2_v1.sv:283$1231.result[6:0]$9451
   765/3952: $8\gf_mul$func$/gate04-repo/asic/rtl/bch/bch_78_64_t2_v1.sv:282$1230.a[7:0]$9449
   766/3952: $8\gf_mul$func$/gate04-repo/asic/rtl/bch/bch_78_64_t2_v1.sv:282$1230.result[6:0]$9445
   767/3952: $7\gf_mul$func$/gate04-repo/asic/rtl/bch/bch_78_64_t2_v1.sv:282$1230.a[7:0]$9443
   768/3952: $7\gf_mul$func$/gate04-repo/asic/rtl/bch/bch_78_64_t2_v1.sv:282$1230.result[6:0]$9439
   769/3952: $6\gf_mul$func$/gate04-repo/asic/rtl/bch/bch_78_64_t2_v1.sv:282$1230.a[7:0]$9437
   770/3952: $6\gf_mul$func$/gate04-repo/asic/rtl/bch/bch_78_64_t2_v1.sv:282$1230.result[6:0]$9433
   771/3952: $5\gf_mul$func$/gate04-repo/asic/rtl/bch/bch_78_64_t2_v1.sv:282$1230.a[7:0]$9431
   772/3952: $5\gf_mul$func$/gate04-repo/asic/rtl/bch/bch_78_64_t2_v1.sv:282$1230.result[6:0]$9427
   773/3952: $4\gf_mul$func$/gate04-repo/asic/rtl/bch/bch_78_64_t2_v1.sv:282$1230.a[7:0]$9425
   774/3952: $4\gf_mul$func$/gate04-repo/asic/rtl/bch/bch_78_64_t2_v1.sv:282$1230.result[6:0]$9421
   775/3952: $3\gf_mul$func$/gate04-repo/asic/rtl/bch/bch_78_64_t2_v1.sv:282$1230.a[7:0]$9419
   776/3952: $3\gf_mul$func$/gate04-repo/asic/rtl/bch/bch_78_64_t2_v1.sv:282$1230.result[6:0]$9415
   777/3952: $2\gf_mul$func$/gate04-repo/asic/rtl/bch/bch_78_64_t2_v1.sv:282$1230.a[7:0]$9413
   778/3952: $2\gf_mul$func$/gate04-repo/asic/rtl/bch/bch_78_64_t2_v1.sv:282$1230.result[6:0]$9409
   779/3952: $56\root_count[31:0]
   780/3952: $56\candidate_mask[54:54]
   781/3952: $8\gf_mul$func$/gate04-repo/asic/rtl/bch/bch_78_64_t2_v1.sv:283$1228.a[7:0]$9403
   782/3952: $8\gf_mul$func$/gate04-repo/asic/rtl/bch/bch_78_64_t2_v1.sv:283$1228.result[6:0]$9399
   783/3952: $7\gf_mul$func$/gate04-repo/asic/rtl/bch/bch_78_64_t2_v1.sv:283$1228.a[7:0]$9397
   784/3952: $7\gf_mul$func$/gate04-repo/asic/rtl/bch/bch_78_64_t2_v1.sv:283$1228.result[6:0]$9393
   785/3952: $6\gf_mul$func$/gate04-repo/asic/rtl/bch/bch_78_64_t2_v1.sv:283$1228.a[7:0]$9391
   786/3952: $6\gf_mul$func$/gate04-repo/asic/rtl/bch/bch_78_64_t2_v1.sv:283$1228.result[6:0]$9387
   787/3952: $5\gf_mul$func$/gate04-repo/asic/rtl/bch/bch_78_64_t2_v1.sv:283$1228.a[7:0]$9385
   788/3952: $5\gf_mul$func$/gate04-repo/asic/rtl/bch/bch_78_64_t2_v1.sv:283$1228.result[6:0]$9381
   789/3952: $4\gf_mul$func$/gate04-repo/asic/rtl/bch/bch_78_64_t2_v1.sv:283$1228.a[7:0]$9379
   790/3952: $4\gf_mul$func$/gate04-repo/asic/rtl/bch/bch_78_64_t2_v1.sv:283$1228.result[6:0]$9375
   791/3952: $3\gf_mul$func$/gate04-repo/asic/rtl/bch/bch_78_64_t2_v1.sv:283$1228.a[7:0]$9373
   792/3952: $3\gf_mul$func$/gate04-repo/asic/rtl/bch/bch_78_64_t2_v1.sv:283$1228.result[6:0]$9369
   793/3952: $2\gf_mul$func$/gate04-repo/asic/rtl/bch/bch_78_64_t2_v1.sv:283$1228.a[7:0]$9367
   794/3952: $2\gf_mul$func$/gate04-repo/asic/rtl/bch/bch_78_64_t2_v1.sv:283$1228.result[6:0]$9363
   795/3952: $8\gf_mul$func$/gate04-repo/asic/rtl/bch/bch_78_64_t2_v1.sv:282$1227.a[7:0]$9361
   796/3952: $8\gf_mul$func$/gate04-repo/asic/rtl/bch/bch_78_64_t2_v1.sv:282$1227.result[6:0]$9357
   797/3952: $7\gf_mul$func$/gate04-repo/asic/rtl/bch/bch_78_64_t2_v1.sv:282$1227.a[7:0]$9355
   798/3952: $7\gf_mul$func$/gate04-repo/asic/rtl/bch/bch_78_64_t2_v1.sv:282$1227.result[6:0]$9351
   799/3952: $6\gf_mul$func$/gate04-repo/asic/rtl/bch/bch_78_64_t2_v1.sv:282$1227.a[7:0]$9349
   800/3952: $6\gf_mul$func$/gate04-repo/asic/rtl/bch/bch_78_64_t2_v1.sv:282$1227.result[6:0]$9345
   801/3952: $5\gf_mul$func$/gate04-repo/asic/rtl/bch/bch_78_64_t2_v1.sv:282$1227.a[7:0]$9343
   802/3952: $5\gf_mul$func$/gate04-repo/asic/rtl/bch/bch_78_64_t2_v1.sv:282$1227.result[6:0]$9339
   803/3952: $4\gf_mul$func$/gate04-repo/asic/rtl/bch/bch_78_64_t2_v1.sv:282$1227.a[7:0]$9337
   804/3952: $4\gf_mul$func$/gate04-repo/asic/rtl/bch/bch_78_64_t2_v1.sv:282$1227.result[6:0]$9333
   805/3952: $3\gf_mul$func$/gate04-repo/asic/rtl/bch/bch_78_64_t2_v1.sv:282$1227.a[7:0]$9331
   806/3952: $3\gf_mul$func$/gate04-repo/asic/rtl/bch/bch_78_64_t2_v1.sv:282$1227.result[6:0]$9327
   807/3952: $2\gf_mul$func$/gate04-repo/asic/rtl/bch/bch_78_64_t2_v1.sv:282$1227.a[7:0]$9325
   808/3952: $2\gf_mul$func$/gate04-repo/asic/rtl/bch/bch_78_64_t2_v1.sv:282$1227.result[6:0]$9321
   809/3952: $55\root_count[31:0]
   810/3952: $55\candidate_mask[53:53]
   811/3952: $8\gf_mul$func$/gate04-repo/asic/rtl/bch/bch_78_64_t2_v1.sv:283$1225.a[7:0]$9315
   812/3952: $8\gf_mul$func$/gate04-repo/asic/rtl/bch/bch_78_64_t2_v1.sv:283$1225.result[6:0]$9311
   813/3952: $7\gf_mul$func$/gate04-repo/asic/rtl/bch/bch_78_64_t2_v1.sv:283$1225.a[7:0]$9309
   814/3952: $7\gf_mul$func$/gate04-repo/asic/rtl/bch/bch_78_64_t2_v1.sv:283$1225.result[6:0]$9305
   815/3952: $6\gf_mul$func$/gate04-repo/asic/rtl/bch/bch_78_64_t2_v1.sv:283$1225.a[7:0]$9303
   816/3952: $6\gf_mul$func$/gate04-repo/asic/rtl/bch/bch_78_64_t2_v1.sv:283$1225.result[6:0]$9299
   817/3952: $5\gf_mul$func$/gate04-repo/asic/rtl/bch/bch_78_64_t2_v1.sv:283$1225.a[7:0]$9297
   818/3952: $5\gf_mul$func$/gate04-repo/asic/rtl/bch/bch_78_64_t2_v1.sv:283$1225.result[6:0]$9293
   819/3952: $4\gf_mul$func$/gate04-repo/asic/rtl/bch/bch_78_64_t2_v1.sv:283$1225.a[7:0]$9291
   820/3952: $4\gf_mul$func$/gate04-repo/asic/rtl/bch/bch_78_64_t2_v1.sv:283$1225.result[6:0]$9287
   821/3952: $3\gf_mul$func$/gate04-repo/asic/rtl/bch/bch_78_64_t2_v1.sv:283$1225.a[7:0]$9285
   822/3952: $3\gf_mul$func$/gate04-repo/asic/rtl/bch/bch_78_64_t2_v1.sv:283$1225.result[6:0]$9281
   823/3952: $2\gf_mul$func$/gate04-repo/asic/rtl/bch/bch_78_64_t2_v1.sv:283$1225.a[7:0]$9279
   824/3952: $2\gf_mul$func$/gate04-repo/asic/rtl/bch/bch_78_64_t2_v1.sv:283$1225.result[6:0]$9275
   825/3952: $8\gf_mul$func$/gate04-repo/asic/rtl/bch/bch_78_64_t2_v1.sv:282$1224.a[7:0]$9273
   826/3952: $8\gf_mul$func$/gate04-repo/asic/rtl/bch/bch_78_64_t2_v1.sv:282$1224.result[6:0]$9269
   827/3952: $7\gf_mul$func$/gate04-repo/asic/rtl/bch/bch_78_64_t2_v1.sv:282$1224.a[7:0]$9267
   828/3952: $7\gf_mul$func$/gate04-repo/asic/rtl/bch/bch_78_64_t2_v1.sv:282$1224.result[6:0]$9263
   829/3952: $6\gf_mul$func$/gate04-repo/asic/rtl/bch/bch_78_64_t2_v1.sv:282$1224.a[7:0]$9261
   830/3952: $6\gf_mul$func$/gate04-repo/asic/rtl/bch/bch_78_64_t2_v1.sv:282$1224.result[6:0]$9257
   831/3952: $5\gf_mul$func$/gate04-repo/asic/rtl/bch/bch_78_64_t2_v1.sv:282$1224.a[7:0]$9255
   832/3952: $5\gf_mul$func$/gate04-repo/asic/rtl/bch/bch_78_64_t2_v1.sv:282$1224.result[6:0]$9251
   833/3952: $4\gf_mul$func$/gate04-repo/asic/rtl/bch/bch_78_64_t2_v1.sv:282$1224.a[7:0]$9249
   834/3952: $4\gf_mul$func$/gate04-repo/asic/rtl/bch/bch_78_64_t2_v1.sv:282$1224.result[6:0]$9245
   835/3952: $3\gf_mul$func$/gate04-repo/asic/rtl/bch/bch_78_64_t2_v1.sv:282$1224.a[7:0]$9243
   836/3952: $3\gf_mul$func$/gate04-repo/asic/rtl/bch/bch_78_64_t2_v1.sv:282$1224.result[6:0]$9239
   837/3952: $2\gf_mul$func$/gate04-repo/asic/rtl/bch/bch_78_64_t2_v1.sv:282$1224.a[7:0]$9237
   838/3952: $2\gf_mul$func$/gate04-repo/asic/rtl/bch/bch_78_64_t2_v1.sv:282$1224.result[6:0]$9233
   839/3952: $54\root_count[31:0]
   840/3952: $54\candidate_mask[52:52]
   841/3952: $8\gf_mul$func$/gate04-repo/asic/rtl/bch/bch_78_64_t2_v1.sv:283$1222.a[7:0]$9227
   842/3952: $8\gf_mul$func$/gate04-repo/asic/rtl/bch/bch_78_64_t2_v1.sv:283$1222.result[6:0]$9223
   843/3952: $7\gf_mul$func$/gate04-repo/asic/rtl/bch/bch_78_64_t2_v1.sv:283$1222.a[7:0]$9221
   844/3952: $7\gf_mul$func$/gate04-repo/asic/rtl/bch/bch_78_64_t2_v1.sv:283$1222.result[6:0]$9217
   845/3952: $6\gf_mul$func$/gate04-repo/asic/rtl/bch/bch_78_64_t2_v1.sv:283$1222.a[7:0]$9215
   846/3952: $6\gf_mul$func$/gate04-repo/asic/rtl/bch/bch_78_64_t2_v1.sv:283$1222.result[6:0]$9211
   847/3952: $5\gf_mul$func$/gate04-repo/asic/rtl/bch/bch_78_64_t2_v1.sv:283$1222.a[7:0]$9209
   848/3952: $5\gf_mul$func$/gate04-repo/asic/rtl/bch/bch_78_64_t2_v1.sv:283$1222.result[6:0]$9205
   849/3952: $4\gf_mul$func$/gate04-repo/asic/rtl/bch/bch_78_64_t2_v1.sv:283$1222.a[7:0]$9203
   850/3952: $4\gf_mul$func$/gate04-repo/asic/rtl/bch/bch_78_64_t2_v1.sv:283$1222.result[6:0]$9199
   851/3952: $3\gf_mul$func$/gate04-repo/asic/rtl/bch/bch_78_64_t2_v1.sv:283$1222.a[7:0]$9197
   852/3952: $3\gf_mul$func$/gate04-repo/asic/rtl/bch/bch_78_64_t2_v1.sv:283$1222.result[6:0]$9193
   853/3952: $2\gf_mul$func$/gate04-repo/asic/rtl/bch/bch_78_64_t2_v1.sv:283$1222.a[7:0]$9191
   854/3952: $2\gf_mul$func$/gate04-repo/asic/rtl/bch/bch_78_64_t2_v1.sv:283$1222.result[6:0]$9187
   855/3952: $8\gf_mul$func$/gate04-repo/asic/rtl/bch/bch_78_64_t2_v1.sv:282$1221.a[7:0]$9185
   856/3952: $8\gf_mul$func$/gate04-repo/asic/rtl/bch/bch_78_64_t2_v1.sv:282$1221.result[6:0]$9181
   857/3952: $7\gf_mul$func$/gate04-repo/asic/rtl/bch/bch_78_64_t2_v1.sv:282$1221.a[7:0]$9179
   858/3952: $7\gf_mul$func$/gate04-repo/asic/rtl/bch/bch_78_64_t2_v1.sv:282$1221.result[6:0]$9175
   859/3952: $6\gf_mul$func$/gate04-repo/asic/rtl/bch/bch_78_64_t2_v1.sv:282$1221.a[7:0]$9173
   860/3952: $6\gf_mul$func$/gate04-repo/asic/rtl/bch/bch_78_64_t2_v1.sv:282$1221.result[6:0]$9169
   861/3952: $5\gf_mul$func$/gate04-repo/asic/rtl/bch/bch_78_64_t2_v1.sv:282$1221.a[7:0]$9167
   862/3952: $5\gf_mul$func$/gate04-repo/asic/rtl/bch/bch_78_64_t2_v1.sv:282$1221.result[6:0]$9163
   863/3952: $4\gf_mul$func$/gate04-repo/asic/rtl/bch/bch_78_64_t2_v1.sv:282$1221.a[7:0]$9161
   864/3952: $4\gf_mul$func$/gate04-repo/asic/rtl/bch/bch_78_64_t2_v1.sv:282$1221.result[6:0]$9157
   865/3952: $3\gf_mul$func$/gate04-repo/asic/rtl/bch/bch_78_64_t2_v1.sv:282$1221.a[7:0]$9155
   866/3952: $3\gf_mul$func$/gate04-repo/asic/rtl/bch/bch_78_64_t2_v1.sv:282$1221.result[6:0]$9151
   867/3952: $2\gf_mul$func$/gate04-repo/asic/rtl/bch/bch_78_64_t2_v1.sv:282$1221.a[7:0]$9149
   868/3952: $2\gf_mul$func$/gate04-repo/asic/rtl/bch/bch_78_64_t2_v1.sv:282$1221.result[6:0]$9145
   869/3952: $53\root_count[31:0]
   870/3952: $53\candidate_mask[51:51]
   871/3952: $8\gf_mul$func$/gate04-repo/asic/rtl/bch/bch_78_64_t2_v1.sv:283$1219.a[7:0]$9139
   872/3952: $8\gf_mul$func$/gate04-repo/asic/rtl/bch/bch_78_64_t2_v1.sv:283$1219.result[6:0]$9135
   873/3952: $7\gf_mul$func$/gate04-repo/asic/rtl/bch/bch_78_64_t2_v1.sv:283$1219.a[7:0]$9133
   874/3952: $7\gf_mul$func$/gate04-repo/asic/rtl/bch/bch_78_64_t2_v1.sv:283$1219.result[6:0]$9129
   875/3952: $6\gf_mul$func$/gate04-repo/asic/rtl/bch/bch_78_64_t2_v1.sv:283$1219.a[7:0]$9127
   876/3952: $6\gf_mul$func$/gate04-repo/asic/rtl/bch/bch_78_64_t2_v1.sv:283$1219.result[6:0]$9123
   877/3952: $5\gf_mul$func$/gate04-repo/asic/rtl/bch/bch_78_64_t2_v1.sv:283$1219.a[7:0]$9121
   878/3952: $5\gf_mul$func$/gate04-repo/asic/rtl/bch/bch_78_64_t2_v1.sv:283$1219.result[6:0]$9117
   879/3952: $4\gf_mul$func$/gate04-repo/asic/rtl/bch/bch_78_64_t2_v1.sv:283$1219.a[7:0]$9115
   880/3952: $4\gf_mul$func$/gate04-repo/asic/rtl/bch/bch_78_64_t2_v1.sv:283$1219.result[6:0]$9111
   881/3952: $3\gf_mul$func$/gate04-repo/asic/rtl/bch/bch_78_64_t2_v1.sv:283$1219.a[7:0]$9109
   882/3952: $3\gf_mul$func$/gate04-repo/asic/rtl/bch/bch_78_64_t2_v1.sv:283$1219.result[6:0]$9105
   883/3952: $2\gf_mul$func$/gate04-repo/asic/rtl/bch/bch_78_64_t2_v1.sv:283$1219.a[7:0]$9103
   884/3952: $2\gf_mul$func$/gate04-repo/asic/rtl/bch/bch_78_64_t2_v1.sv:283$1219.result[6:0]$9099
   885/3952: $8\gf_mul$func$/gate04-repo/asic/rtl/bch/bch_78_64_t2_v1.sv:282$1218.a[7:0]$9097
   886/3952: $8\gf_mul$func$/gate04-repo/asic/rtl/bch/bch_78_64_t2_v1.sv:282$1218.result[6:0]$9093
   887/3952: $7\gf_mul$func$/gate04-repo/asic/rtl/bch/bch_78_64_t2_v1.sv:282$1218.a[7:0]$9091
   888/3952: $7\gf_mul$func$/gate04-repo/asic/rtl/bch/bch_78_64_t2_v1.sv:282$1218.result[6:0]$9087
   889/3952: $6\gf_mul$func$/gate04-repo/asic/rtl/bch/bch_78_64_t2_v1.sv:282$1218.a[7:0]$9085
   890/3952: $6\gf_mul$func$/gate04-repo/asic/rtl/bch/bch_78_64_t2_v1.sv:282$1218.result[6:0]$9081
   891/3952: $5\gf_mul$func$/gate04-repo/asic/rtl/bch/bch_78_64_t2_v1.sv:282$1218.a[7:0]$9079
   892/3952: $5\gf_mul$func$/gate04-repo/asic/rtl/bch/bch_78_64_t2_v1.sv:282$1218.result[6:0]$9075
   893/3952: $4\gf_mul$func$/gate04-repo/asic/rtl/bch/bch_78_64_t2_v1.sv:282$1218.a[7:0]$9073
   894/3952: $4\gf_mul$func$/gate04-repo/asic/rtl/bch/bch_78_64_t2_v1.sv:282$1218.result[6:0]$9069
   895/3952: $3\gf_mul$func$/gate04-repo/asic/rtl/bch/bch_78_64_t2_v1.sv:282$1218.a[7:0]$9067
   896/3952: $3\gf_mul$func$/gate04-repo/asic/rtl/bch/bch_78_64_t2_v1.sv:282$1218.result[6:0]$9063
   897/3952: $2\gf_mul$func$/gate04-repo/asic/rtl/bch/bch_78_64_t2_v1.sv:282$1218.a[7:0]$9061
   898/3952: $2\gf_mul$func$/gate04-repo/asic/rtl/bch/bch_78_64_t2_v1.sv:282$1218.result[6:0]$9057
   899/3952: $52\root_count[31:0]
   900/3952: $52\candidate_mask[50:50]
   901/3952: $8\gf_mul$func$/gate04-repo/asic/rtl/bch/bch_78_64_t2_v1.sv:283$1216.a[7:0]$9051
   902/3952: $8\gf_mul$func$/gate04-repo/asic/rtl/bch/bch_78_64_t2_v1.sv:283$1216.result[6:0]$9047
   903/3952: $7\gf_mul$func$/gate04-repo/asic/rtl/bch/bch_78_64_t2_v1.sv:283$1216.a[7:0]$9045
   904/3952: $7\gf_mul$func$/gate04-repo/asic/rtl/bch/bch_78_64_t2_v1.sv:283$1216.result[6:0]$9041
   905/3952: $6\gf_mul$func$/gate04-repo/asic/rtl/bch/bch_78_64_t2_v1.sv:283$1216.a[7:0]$9039
   906/3952: $6\gf_mul$func$/gate04-repo/asic/rtl/bch/bch_78_64_t2_v1.sv:283$1216.result[6:0]$9035
   907/3952: $5\gf_mul$func$/gate04-repo/asic/rtl/bch/bch_78_64_t2_v1.sv:283$1216.a[7:0]$9033
   908/3952: $5\gf_mul$func$/gate04-repo/asic/rtl/bch/bch_78_64_t2_v1.sv:283$1216.result[6:0]$9029
   909/3952: $4\gf_mul$func$/gate04-repo/asic/rtl/bch/bch_78_64_t2_v1.sv:283$1216.a[7:0]$9027
   910/3952: $4\gf_mul$func$/gate04-repo/asic/rtl/bch/bch_78_64_t2_v1.sv:283$1216.result[6:0]$9023
   911/3952: $3\gf_mul$func$/gate04-repo/asic/rtl/bch/bch_78_64_t2_v1.sv:283$1216.a[7:0]$9021
   912/3952: $3\gf_mul$func$/gate04-repo/asic/rtl/bch/bch_78_64_t2_v1.sv:283$1216.result[6:0]$9017
   913/3952: $2\gf_mul$func$/gate04-repo/asic/rtl/bch/bch_78_64_t2_v1.sv:283$1216.a[7:0]$9015
   914/3952: $2\gf_mul$func$/gate04-repo/asic/rtl/bch/bch_78_64_t2_v1.sv:283$1216.result[6:0]$9011
   915/3952: $8\gf_mul$func$/gate04-repo/asic/rtl/bch/bch_78_64_t2_v1.sv:282$1215.a[7:0]$9009
   916/3952: $8\gf_mul$func$/gate04-repo/asic/rtl/bch/bch_78_64_t2_v1.sv:282$1215.result[6:0]$9005
   917/3952: $7\gf_mul$func$/gate04-repo/asic/rtl/bch/bch_78_64_t2_v1.sv:282$1215.a[7:0]$9003
   918/3952: $7\gf_mul$func$/gate04-repo/asic/rtl/bch/bch_78_64_t2_v1.sv:282$1215.result[6:0]$8999
   919/3952: $6\gf_mul$func$/gate04-repo/asic/rtl/bch/bch_78_64_t2_v1.sv:282$1215.a[7:0]$8997
   920/3952: $6\gf_mul$func$/gate04-repo/asic/rtl/bch/bch_78_64_t2_v1.sv:282$1215.result[6:0]$8993
   921/3952: $5\gf_mul$func$/gate04-repo/asic/rtl/bch/bch_78_64_t2_v1.sv:282$1215.a[7:0]$8991
   922/3952: $5\gf_mul$func$/gate04-repo/asic/rtl/bch/bch_78_64_t2_v1.sv:282$1215.result[6:0]$8987
   923/3952: $4\gf_mul$func$/gate04-repo/asic/rtl/bch/bch_78_64_t2_v1.sv:282$1215.a[7:0]$8985
   924/3952: $4\gf_mul$func$/gate04-repo/asic/rtl/bch/bch_78_64_t2_v1.sv:282$1215.result[6:0]$8981
   925/3952: $3\gf_mul$func$/gate04-repo/asic/rtl/bch/bch_78_64_t2_v1.sv:282$1215.a[7:0]$8979
   926/3952: $3\gf_mul$func$/gate04-repo/asic/rtl/bch/bch_78_64_t2_v1.sv:282$1215.result[6:0]$8975
   927/3952: $2\gf_mul$func$/gate04-repo/asic/rtl/bch/bch_78_64_t2_v1.sv:282$1215.a[7:0]$8973
   928/3952: $2\gf_mul$func$/gate04-repo/asic/rtl/bch/bch_78_64_t2_v1.sv:282$1215.result[6:0]$8969
   929/3952: $51\root_count[31:0]
   930/3952: $51\candidate_mask[49:49]
   931/3952: $8\gf_mul$func$/gate04-repo/asic/rtl/bch/bch_78_64_t2_v1.sv:283$1213.a[7:0]$8963
   932/3952: $8\gf_mul$func$/gate04-repo/asic/rtl/bch/bch_78_64_t2_v1.sv:283$1213.result[6:0]$8959
   933/3952: $7\gf_mul$func$/gate04-repo/asic/rtl/bch/bch_78_64_t2_v1.sv:283$1213.a[7:0]$8957
   934/3952: $7\gf_mul$func$/gate04-repo/asic/rtl/bch/bch_78_64_t2_v1.sv:283$1213.result[6:0]$8953
   935/3952: $6\gf_mul$func$/gate04-repo/asic/rtl/bch/bch_78_64_t2_v1.sv:283$1213.a[7:0]$8951
   936/3952: $6\gf_mul$func$/gate04-repo/asic/rtl/bch/bch_78_64_t2_v1.sv:283$1213.result[6:0]$8947
   937/3952: $5\gf_mul$func$/gate04-repo/asic/rtl/bch/bch_78_64_t2_v1.sv:283$1213.a[7:0]$8945
   938/3952: $5\gf_mul$func$/gate04-repo/asic/rtl/bch/bch_78_64_t2_v1.sv:283$1213.result[6:0]$8941
   939/3952: $4\gf_mul$func$/gate04-repo/asic/rtl/bch/bch_78_64_t2_v1.sv:283$1213.a[7:0]$8939
   940/3952: $4\gf_mul$func$/gate04-repo/asic/rtl/bch/bch_78_64_t2_v1.sv:283$1213.result[6:0]$8935
   941/3952: $3\gf_mul$func$/gate04-repo/asic/rtl/bch/bch_78_64_t2_v1.sv:283$1213.a[7:0]$8933
   942/3952: $3\gf_mul$func$/gate04-repo/asic/rtl/bch/bch_78_64_t2_v1.sv:283$1213.result[6:0]$8929
   943/3952: $2\gf_mul$func$/gate04-repo/asic/rtl/bch/bch_78_64_t2_v1.sv:283$1213.a[7:0]$8927
   944/3952: $2\gf_mul$func$/gate04-repo/asic/rtl/bch/bch_78_64_t2_v1.sv:283$1213.result[6:0]$8923
   945/3952: $8\gf_mul$func$/gate04-repo/asic/rtl/bch/bch_78_64_t2_v1.sv:282$1212.a[7:0]$8921
   946/3952: $8\gf_mul$func$/gate04-repo/asic/rtl/bch/bch_78_64_t2_v1.sv:282$1212.result[6:0]$8917
   947/3952: $7\gf_mul$func$/gate04-repo/asic/rtl/bch/bch_78_64_t2_v1.sv:282$1212.a[7:0]$8915
   948/3952: $7\gf_mul$func$/gate04-repo/asic/rtl/bch/bch_78_64_t2_v1.sv:282$1212.result[6:0]$8911
   949/3952: $6\gf_mul$func$/gate04-repo/asic/rtl/bch/bch_78_64_t2_v1.sv:282$1212.a[7:0]$8909
   950/3952: $6\gf_mul$func$/gate04-repo/asic/rtl/bch/bch_78_64_t2_v1.sv:282$1212.result[6:0]$8905
   951/3952: $5\gf_mul$func$/gate04-repo/asic/rtl/bch/bch_78_64_t2_v1.sv:282$1212.a[7:0]$8903
   952/3952: $5\gf_mul$func$/gate04-repo/asic/rtl/bch/bch_78_64_t2_v1.sv:282$1212.result[6:0]$8899
   953/3952: $4\gf_mul$func$/gate04-repo/asic/rtl/bch/bch_78_64_t2_v1.sv:282$1212.a[7:0]$8897
   954/3952: $4\gf_mul$func$/gate04-repo/asic/rtl/bch/bch_78_64_t2_v1.sv:282$1212.result[6:0]$8893
   955/3952: $3\gf_mul$func$/gate04-repo/asic/rtl/bch/bch_78_64_t2_v1.sv:282$1212.a[7:0]$8891
   956/3952: $3\gf_mul$func$/gate04-repo/asic/rtl/bch/bch_78_64_t2_v1.sv:282$1212.result[6:0]$8887
   957/3952: $2\gf_mul$func$/gate04-repo/asic/rtl/bch/bch_78_64_t2_v1.sv:282$1212.a[7:0]$8885
   958/3952: $2\gf_mul$func$/gate04-repo/asic/rtl/bch/bch_78_64_t2_v1.sv:282$1212.result[6:0]$8881
   959/3952: $50\root_count[31:0]
   960/3952: $50\candidate_mask[48:48]
   961/3952: $8\gf_mul$func$/gate04-repo/asic/rtl/bch/bch_78_64_t2_v1.sv:283$1210.a[7:0]$8875
   962/3952: $8\gf_mul$func$/gate04-repo/asic/rtl/bch/bch_78_64_t2_v1.sv:283$1210.result[6:0]$8871
   963/3952: $7\gf_mul$func$/gate04-repo/asic/rtl/bch/bch_78_64_t2_v1.sv:283$1210.a[7:0]$8869
   964/3952: $7\gf_mul$func$/gate04-repo/asic/rtl/bch/bch_78_64_t2_v1.sv:283$1210.result[6:0]$8865
   965/3952: $6\gf_mul$func$/gate04-repo/asic/rtl/bch/bch_78_64_t2_v1.sv:283$1210.a[7:0]$8863
   966/3952: $6\gf_mul$func$/gate04-repo/asic/rtl/bch/bch_78_64_t2_v1.sv:283$1210.result[6:0]$8859
   967/3952: $5\gf_mul$func$/gate04-repo/asic/rtl/bch/bch_78_64_t2_v1.sv:283$1210.a[7:0]$8857
   968/3952: $5\gf_mul$func$/gate04-repo/asic/rtl/bch/bch_78_64_t2_v1.sv:283$1210.result[6:0]$8853
   969/3952: $4\gf_mul$func$/gate04-repo/asic/rtl/bch/bch_78_64_t2_v1.sv:283$1210.a[7:0]$8851
   970/3952: $4\gf_mul$func$/gate04-repo/asic/rtl/bch/bch_78_64_t2_v1.sv:283$1210.result[6:0]$8847
   971/3952: $3\gf_mul$func$/gate04-repo/asic/rtl/bch/bch_78_64_t2_v1.sv:283$1210.a[7:0]$8845
   972/3952: $3\gf_mul$func$/gate04-repo/asic/rtl/bch/bch_78_64_t2_v1.sv:283$1210.result[6:0]$8841
   973/3952: $2\gf_mul$func$/gate04-repo/asic/rtl/bch/bch_78_64_t2_v1.sv:283$1210.a[7:0]$8839
   974/3952: $2\gf_mul$func$/gate04-repo/asic/rtl/bch/bch_78_64_t2_v1.sv:283$1210.result[6:0]$8835
   975/3952: $8\gf_mul$func$/gate04-repo/asic/rtl/bch/bch_78_64_t2_v1.sv:282$1209.a[7:0]$8833
   976/3952: $8\gf_mul$func$/gate04-repo/asic/rtl/bch/bch_78_64_t2_v1.sv:282$1209.result[6:0]$8829
   977/3952: $7\gf_mul$func$/gate04-repo/asic/rtl/bch/bch_78_64_t2_v1.sv:282$1209.a[7:0]$8827
   978/3952: $7\gf_mul$func$/gate04-repo/asic/rtl/bch/bch_78_64_t2_v1.sv:282$1209.result[6:0]$8823
   979/3952: $6\gf_mul$func$/gate04-repo/asic/rtl/bch/bch_78_64_t2_v1.sv:282$1209.a[7:0]$8821
   980/3952: $6\gf_mul$func$/gate04-repo/asic/rtl/bch/bch_78_64_t2_v1.sv:282$1209.result[6:0]$8817
   981/3952: $5\gf_mul$func$/gate04-repo/asic/rtl/bch/bch_78_64_t2_v1.sv:282$1209.a[7:0]$8815
   982/3952: $5\gf_mul$func$/gate04-repo/asic/rtl/bch/bch_78_64_t2_v1.sv:282$1209.result[6:0]$8811
   983/3952: $4\gf_mul$func$/gate04-repo/asic/rtl/bch/bch_78_64_t2_v1.sv:282$1209.a[7:0]$8809
   984/3952: $4\gf_mul$func$/gate04-repo/asic/rtl/bch/bch_78_64_t2_v1.sv:282$1209.result[6:0]$8805
   985/3952: $3\gf_mul$func$/gate04-repo/asic/rtl/bch/bch_78_64_t2_v1.sv:282$1209.a[7:0]$8803
   986/3952: $3\gf_mul$func$/gate04-repo/asic/rtl/bch/bch_78_64_t2_v1.sv:282$1209.result[6:0]$8799
   987/3952: $2\gf_mul$func$/gate04-repo/asic/rtl/bch/bch_78_64_t2_v1.sv:282$1209.a[7:0]$8797
   988/3952: $2\gf_mul$func$/gate04-repo/asic/rtl/bch/bch_78_64_t2_v1.sv:282$1209.result[6:0]$8793
   989/3952: $49\root_count[31:0]
   990/3952: $49\candidate_mask[47:47]
   991/3952: $8\gf_mul$func$/gate04-repo/asic/rtl/bch/bch_78_64_t2_v1.sv:283$1207.a[7:0]$8787
   992/3952: $8\gf_mul$func$/gate04-repo/asic/rtl/bch/bch_78_64_t2_v1.sv:283$1207.result[6:0]$8783
   993/3952: $7\gf_mul$func$/gate04-repo/asic/rtl/bch/bch_78_64_t2_v1.sv:283$1207.a[7:0]$8781
   994/3952: $7\gf_mul$func$/gate04-repo/asic/rtl/bch/bch_78_64_t2_v1.sv:283$1207.result[6:0]$8777
   995/3952: $6\gf_mul$func$/gate04-repo/asic/rtl/bch/bch_78_64_t2_v1.sv:283$1207.a[7:0]$8775
   996/3952: $6\gf_mul$func$/gate04-repo/asic/rtl/bch/bch_78_64_t2_v1.sv:283$1207.result[6:0]$8771
   997/3952: $5\gf_mul$func$/gate04-repo/asic/rtl/bch/bch_78_64_t2_v1.sv:283$1207.a[7:0]$8769
   998/3952: $5\gf_mul$func$/gate04-repo/asic/rtl/bch/bch_78_64_t2_v1.sv:283$1207.result[6:0]$8765
   999/3952: $4\gf_mul$func$/gate04-repo/asic/rtl/bch/bch_78_64_t2_v1.sv:283$1207.a[7:0]$8763
  1000/3952: $4\gf_mul$func$/gate04-repo/asic/rtl/bch/bch_78_64_t2_v1.sv:283$1207.result[6:0]$8759
  1001/3952: $3\gf_mul$func$/gate04-repo/asic/rtl/bch/bch_78_64_t2_v1.sv:283$1207.a[7:0]$8757
  1002/3952: $3\gf_mul$func$/gate04-repo/asic/rtl/bch/bch_78_64_t2_v1.sv:283$1207.result[6:0]$8753
  1003/3952: $2\gf_mul$func$/gate04-repo/asic/rtl/bch/bch_78_64_t2_v1.sv:283$1207.a[7:0]$8751
  1004/3952: $2\gf_mul$func$/gate04-repo/asic/rtl/bch/bch_78_64_t2_v1.sv:283$1207.result[6:0]$8747
  1005/3952: $8\gf_mul$func$/gate04-repo/asic/rtl/bch/bch_78_64_t2_v1.sv:282$1206.a[7:0]$8745
  1006/3952: $8\gf_mul$func$/gate04-repo/asic/rtl/bch/bch_78_64_t2_v1.sv:282$1206.result[6:0]$8741
  1007/3952: $7\gf_mul$func$/gate04-repo/asic/rtl/bch/bch_78_64_t2_v1.sv:282$1206.a[7:0]$8739
  1008/3952: $7\gf_mul$func$/gate04-repo/asic/rtl/bch/bch_78_64_t2_v1.sv:282$1206.result[6:0]$8735
  1009/3952: $6\gf_mul$func$/gate04-repo/asic/rtl/bch/bch_78_64_t2_v1.sv:282$1206.a[7:0]$8733
  1010/3952: $6\gf_mul$func$/gate04-repo/asic/rtl/bch/bch_78_64_t2_v1.sv:282$1206.result[6:0]$8729
  1011/3952: $5\gf_mul$func$/gate04-repo/asic/rtl/bch/bch_78_64_t2_v1.sv:282$1206.a[7:0]$8727
  1012/3952: $5\gf_mul$func$/gate04-repo/asic/rtl/bch/bch_78_64_t2_v1.sv:282$1206.result[6:0]$8723
  1013/3952: $4\gf_mul$func$/gate04-repo/asic/rtl/bch/bch_78_64_t2_v1.sv:282$1206.a[7:0]$8721
  1014/3952: $4\gf_mul$func$/gate04-repo/asic/rtl/bch/bch_78_64_t2_v1.sv:282$1206.result[6:0]$8717
  1015/3952: $3\gf_mul$func$/gate04-repo/asic/rtl/bch/bch_78_64_t2_v1.sv:282$1206.a[7:0]$8715
  1016/3952: $3\gf_mul$func$/gate04-repo/asic/rtl/bch/bch_78_64_t2_v1.sv:282$1206.result[6:0]$8711
  1017/3952: $2\gf_mul$func$/gate04-repo/asic/rtl/bch/bch_78_64_t2_v1.sv:282$1206.a[7:0]$8709
  1018/3952: $2\gf_mul$func$/gate04-repo/asic/rtl/bch/bch_78_64_t2_v1.sv:282$1206.result[6:0]$8705
  1019/3952: $48\root_count[31:0]
  1020/3952: $48\candidate_mask[46:46]
  1021/3952: $8\gf_mul$func$/gate04-repo/asic/rtl/bch/bch_78_64_t2_v1.sv:283$1204.a[7:0]$8699
  1022/3952: $8\gf_mul$func$/gate04-repo/asic/rtl/bch/bch_78_64_t2_v1.sv:283$1204.result[6:0]$8695
  1023/3952: $7\gf_mul$func$/gate04-repo/asic/rtl/bch/bch_78_64_t2_v1.sv:283$1204.a[7:0]$8693
  1024/3952: $7\gf_mul$func$/gate04-repo/asic/rtl/bch/bch_78_64_t2_v1.sv:283$1204.result[6:0]$8689
  1025/3952: $6\gf_mul$func$/gate04-repo/asic/rtl/bch/bch_78_64_t2_v1.sv:283$1204.a[7:0]$8687
  1026/3952: $6\gf_mul$func$/gate04-repo/asic/rtl/bch/bch_78_64_t2_v1.sv:283$1204.result[6:0]$8683
  1027/3952: $5\gf_mul$func$/gate04-repo/asic/rtl/bch/bch_78_64_t2_v1.sv:283$1204.a[7:0]$8681
  1028/3952: $5\gf_mul$func$/gate04-repo/asic/rtl/bch/bch_78_64_t2_v1.sv:283$1204.result[6:0]$8677
  1029/3952: $4\gf_mul$func$/gate04-repo/asic/rtl/bch/bch_78_64_t2_v1.sv:283$1204.a[7:0]$8675
  1030/3952: $4\gf_mul$func$/gate04-repo/asic/rtl/bch/bch_78_64_t2_v1.sv:283$1204.result[6:0]$8671
  1031/3952: $3\gf_mul$func$/gate04-repo/asic/rtl/bch/bch_78_64_t2_v1.sv:283$1204.a[7:0]$8669
  1032/3952: $3\gf_mul$func$/gate04-repo/asic/rtl/bch/bch_78_64_t2_v1.sv:283$1204.result[6:0]$8665
  1033/3952: $2\gf_mul$func$/gate04-repo/asic/rtl/bch/bch_78_64_t2_v1.sv:283$1204.a[7:0]$8663
  1034/3952: $2\gf_mul$func$/gate04-repo/asic/rtl/bch/bch_78_64_t2_v1.sv:283$1204.result[6:0]$8659
  1035/3952: $8\gf_mul$func$/gate04-repo/asic/rtl/bch/bch_78_64_t2_v1.sv:282$1203.a[7:0]$8657
  1036/3952: $8\gf_mul$func$/gate04-repo/asic/rtl/bch/bch_78_64_t2_v1.sv:282$1203.result[6:0]$8653
  1037/3952: $7\gf_mul$func$/gate04-repo/asic/rtl/bch/bch_78_64_t2_v1.sv:282$1203.a[7:0]$8651
  1038/3952: $7\gf_mul$func$/gate04-repo/asic/rtl/bch/bch_78_64_t2_v1.sv:282$1203.result[6:0]$8647
  1039/3952: $6\gf_mul$func$/gate04-repo/asic/rtl/bch/bch_78_64_t2_v1.sv:282$1203.a[7:0]$8645
  1040/3952: $6\gf_mul$func$/gate04-repo/asic/rtl/bch/bch_78_64_t2_v1.sv:282$1203.result[6:0]$8641
  1041/3952: $5\gf_mul$func$/gate04-repo/asic/rtl/bch/bch_78_64_t2_v1.sv:282$1203.a[7:0]$8639
  1042/3952: $5\gf_mul$func$/gate04-repo/asic/rtl/bch/bch_78_64_t2_v1.sv:282$1203.result[6:0]$8635
  1043/3952: $4\gf_mul$func$/gate04-repo/asic/rtl/bch/bch_78_64_t2_v1.sv:282$1203.a[7:0]$8633
  1044/3952: $4\gf_mul$func$/gate04-repo/asic/rtl/bch/bch_78_64_t2_v1.sv:282$1203.result[6:0]$8629
  1045/3952: $3\gf_mul$func$/gate04-repo/asic/rtl/bch/bch_78_64_t2_v1.sv:282$1203.a[7:0]$8627
  1046/3952: $3\gf_mul$func$/gate04-repo/asic/rtl/bch/bch_78_64_t2_v1.sv:282$1203.result[6:0]$8623
  1047/3952: $2\gf_mul$func$/gate04-repo/asic/rtl/bch/bch_78_64_t2_v1.sv:282$1203.a[7:0]$8621
  1048/3952: $2\gf_mul$func$/gate04-repo/asic/rtl/bch/bch_78_64_t2_v1.sv:282$1203.result[6:0]$8617
  1049/3952: $47\root_count[31:0]
  1050/3952: $47\candidate_mask[45:45]
  1051/3952: $8\gf_mul$func$/gate04-repo/asic/rtl/bch/bch_78_64_t2_v1.sv:283$1201.a[7:0]$8611
  1052/3952: $8\gf_mul$func$/gate04-repo/asic/rtl/bch/bch_78_64_t2_v1.sv:283$1201.result[6:0]$8607
  1053/3952: $7\gf_mul$func$/gate04-repo/asic/rtl/bch/bch_78_64_t2_v1.sv:283$1201.a[7:0]$8605
  1054/3952: $7\gf_mul$func$/gate04-repo/asic/rtl/bch/bch_78_64_t2_v1.sv:283$1201.result[6:0]$8601
  1055/3952: $6\gf_mul$func$/gate04-repo/asic/rtl/bch/bch_78_64_t2_v1.sv:283$1201.a[7:0]$8599
  1056/3952: $6\gf_mul$func$/gate04-repo/asic/rtl/bch/bch_78_64_t2_v1.sv:283$1201.result[6:0]$8595
  1057/3952: $5\gf_mul$func$/gate04-repo/asic/rtl/bch/bch_78_64_t2_v1.sv:283$1201.a[7:0]$8593
  1058/3952: $5\gf_mul$func$/gate04-repo/asic/rtl/bch/bch_78_64_t2_v1.sv:283$1201.result[6:0]$8589
  1059/3952: $4\gf_mul$func$/gate04-repo/asic/rtl/bch/bch_78_64_t2_v1.sv:283$1201.a[7:0]$8587
  1060/3952: $4\gf_mul$func$/gate04-repo/asic/rtl/bch/bch_78_64_t2_v1.sv:283$1201.result[6:0]$8583
  1061/3952: $3\gf_mul$func$/gate04-repo/asic/rtl/bch/bch_78_64_t2_v1.sv:283$1201.a[7:0]$8581
  1062/3952: $3\gf_mul$func$/gate04-repo/asic/rtl/bch/bch_78_64_t2_v1.sv:283$1201.result[6:0]$8577
  1063/3952: $2\gf_mul$func$/gate04-repo/asic/rtl/bch/bch_78_64_t2_v1.sv:283$1201.a[7:0]$8575
  1064/3952: $2\gf_mul$func$/gate04-repo/asic/rtl/bch/bch_78_64_t2_v1.sv:283$1201.result[6:0]$8571
  1065/3952: $8\gf_mul$func$/gate04-repo/asic/rtl/bch/bch_78_64_t2_v1.sv:282$1200.a[7:0]$8569
  1066/3952: $8\gf_mul$func$/gate04-repo/asic/rtl/bch/bch_78_64_t2_v1.sv:282$1200.result[6:0]$8565
  1067/3952: $7\gf_mul$func$/gate04-repo/asic/rtl/bch/bch_78_64_t2_v1.sv:282$1200.a[7:0]$8563
  1068/3952: $7\gf_mul$func$/gate04-repo/asic/rtl/bch/bch_78_64_t2_v1.sv:282$1200.result[6:0]$8559
  1069/3952: $6\gf_mul$func$/gate04-repo/asic/rtl/bch/bch_78_64_t2_v1.sv:282$1200.a[7:0]$8557
  1070/3952: $6\gf_mul$func$/gate04-repo/asic/rtl/bch/bch_78_64_t2_v1.sv:282$1200.result[6:0]$8553
  1071/3952: $5\gf_mul$func$/gate04-repo/asic/rtl/bch/bch_78_64_t2_v1.sv:282$1200.a[7:0]$8551
  1072/3952: $5\gf_mul$func$/gate04-repo/asic/rtl/bch/bch_78_64_t2_v1.sv:282$1200.result[6:0]$8547
  1073/3952: $4\gf_mul$func$/gate04-repo/asic/rtl/bch/bch_78_64_t2_v1.sv:282$1200.a[7:0]$8545
  1074/3952: $4\gf_mul$func$/gate04-repo/asic/rtl/bch/bch_78_64_t2_v1.sv:282$1200.result[6:0]$8541
  1075/3952: $3\gf_mul$func$/gate04-repo/asic/rtl/bch/bch_78_64_t2_v1.sv:282$1200.a[7:0]$8539
  1076/3952: $3\gf_mul$func$/gate04-repo/asic/rtl/bch/bch_78_64_t2_v1.sv:282$1200.result[6:0]$8535
  1077/3952: $2\gf_mul$func$/gate04-repo/asic/rtl/bch/bch_78_64_t2_v1.sv:282$1200.a[7:0]$8533
  1078/3952: $2\gf_mul$func$/gate04-repo/asic/rtl/bch/bch_78_64_t2_v1.sv:282$1200.result[6:0]$8529
  1079/3952: $46\root_count[31:0]
  1080/3952: $46\candidate_mask[44:44]
  1081/3952: $8\gf_mul$func$/gate04-repo/asic/rtl/bch/bch_78_64_t2_v1.sv:283$1198.a[7:0]$8523
  1082/3952: $8\gf_mul$func$/gate04-repo/asic/rtl/bch/bch_78_64_t2_v1.sv:283$1198.result[6:0]$8519
  1083/3952: $7\gf_mul$func$/gate04-repo/asic/rtl/bch/bch_78_64_t2_v1.sv:283$1198.a[7:0]$8517
  1084/3952: $7\gf_mul$func$/gate04-repo/asic/rtl/bch/bch_78_64_t2_v1.sv:283$1198.result[6:0]$8513
  1085/3952: $6\gf_mul$func$/gate04-repo/asic/rtl/bch/bch_78_64_t2_v1.sv:283$1198.a[7:0]$8511
  1086/3952: $6\gf_mul$func$/gate04-repo/asic/rtl/bch/bch_78_64_t2_v1.sv:283$1198.result[6:0]$8507
  1087/3952: $5\gf_mul$func$/gate04-repo/asic/rtl/bch/bch_78_64_t2_v1.sv:283$1198.a[7:0]$8505
  1088/3952: $5\gf_mul$func$/gate04-repo/asic/rtl/bch/bch_78_64_t2_v1.sv:283$1198.result[6:0]$8501
  1089/3952: $4\gf_mul$func$/gate04-repo/asic/rtl/bch/bch_78_64_t2_v1.sv:283$1198.a[7:0]$8499
  1090/3952: $4\gf_mul$func$/gate04-repo/asic/rtl/bch/bch_78_64_t2_v1.sv:283$1198.result[6:0]$8495
  1091/3952: $3\gf_mul$func$/gate04-repo/asic/rtl/bch/bch_78_64_t2_v1.sv:283$1198.a[7:0]$8493
  1092/3952: $3\gf_mul$func$/gate04-repo/asic/rtl/bch/bch_78_64_t2_v1.sv:283$1198.result[6:0]$8489
  1093/3952: $2\gf_mul$func$/gate04-repo/asic/rtl/bch/bch_78_64_t2_v1.sv:283$1198.a[7:0]$8487
  1094/3952: $2\gf_mul$func$/gate04-repo/asic/rtl/bch/bch_78_64_t2_v1.sv:283$1198.result[6:0]$8483
  1095/3952: $8\gf_mul$func$/gate04-repo/asic/rtl/bch/bch_78_64_t2_v1.sv:282$1197.a[7:0]$8481
  1096/3952: $8\gf_mul$func$/gate04-repo/asic/rtl/bch/bch_78_64_t2_v1.sv:282$1197.result[6:0]$8477
  1097/3952: $7\gf_mul$func$/gate04-repo/asic/rtl/bch/bch_78_64_t2_v1.sv:282$1197.a[7:0]$8475
  1098/3952: $7\gf_mul$func$/gate04-repo/asic/rtl/bch/bch_78_64_t2_v1.sv:282$1197.result[6:0]$8471
  1099/3952: $6\gf_mul$func$/gate04-repo/asic/rtl/bch/bch_78_64_t2_v1.sv:282$1197.a[7:0]$8469
  1100/3952: $6\gf_mul$func$/gate04-repo/asic/rtl/bch/bch_78_64_t2_v1.sv:282$1197.result[6:0]$8465
  1101/3952: $5\gf_mul$func$/gate04-repo/asic/rtl/bch/bch_78_64_t2_v1.sv:282$1197.a[7:0]$8463
  1102/3952: $5\gf_mul$func$/gate04-repo/asic/rtl/bch/bch_78_64_t2_v1.sv:282$1197.result[6:0]$8459
  1103/3952: $4\gf_mul$func$/gate04-repo/asic/rtl/bch/bch_78_64_t2_v1.sv:282$1197.a[7:0]$8457
  1104/3952: $4\gf_mul$func$/gate04-repo/asic/rtl/bch/bch_78_64_t2_v1.sv:282$1197.result[6:0]$8453
  1105/3952: $3\gf_mul$func$/gate04-repo/asic/rtl/bch/bch_78_64_t2_v1.sv:282$1197.a[7:0]$8451
  1106/3952: $3\gf_mul$func$/gate04-repo/asic/rtl/bch/bch_78_64_t2_v1.sv:282$1197.result[6:0]$8447
  1107/3952: $2\gf_mul$func$/gate04-repo/asic/rtl/bch/bch_78_64_t2_v1.sv:282$1197.a[7:0]$8445
  1108/3952: $2\gf_mul$func$/gate04-repo/asic/rtl/bch/bch_78_64_t2_v1.sv:282$1197.result[6:0]$8441
  1109/3952: $45\root_count[31:0]
  1110/3952: $45\candidate_mask[43:43]
  1111/3952: $8\gf_mul$func$/gate04-repo/asic/rtl/bch/bch_78_64_t2_v1.sv:283$1195.a[7:0]$8435
  1112/3952: $8\gf_mul$func$/gate04-repo/asic/rtl/bch/bch_78_64_t2_v1.sv:283$1195.result[6:0]$8431
  1113/3952: $7\gf_mul$func$/gate04-repo/asic/rtl/bch/bch_78_64_t2_v1.sv:283$1195.a[7:0]$8429
  1114/3952: $7\gf_mul$func$/gate04-repo/asic/rtl/bch/bch_78_64_t2_v1.sv:283$1195.result[6:0]$8425
  1115/3952: $6\gf_mul$func$/gate04-repo/asic/rtl/bch/bch_78_64_t2_v1.sv:283$1195.a[7:0]$8423
  1116/3952: $6\gf_mul$func$/gate04-repo/asic/rtl/bch/bch_78_64_t2_v1.sv:283$1195.result[6:0]$8419
  1117/3952: $5\gf_mul$func$/gate04-repo/asic/rtl/bch/bch_78_64_t2_v1.sv:283$1195.a[7:0]$8417
  1118/3952: $5\gf_mul$func$/gate04-repo/asic/rtl/bch/bch_78_64_t2_v1.sv:283$1195.result[6:0]$8413
  1119/3952: $4\gf_mul$func$/gate04-repo/asic/rtl/bch/bch_78_64_t2_v1.sv:283$1195.a[7:0]$8411
  1120/3952: $4\gf_mul$func$/gate04-repo/asic/rtl/bch/bch_78_64_t2_v1.sv:283$1195.result[6:0]$8407
  1121/3952: $3\gf_mul$func$/gate04-repo/asic/rtl/bch/bch_78_64_t2_v1.sv:283$1195.a[7:0]$8405
  1122/3952: $3\gf_mul$func$/gate04-repo/asic/rtl/bch/bch_78_64_t2_v1.sv:283$1195.result[6:0]$8401
  1123/3952: $2\gf_mul$func$/gate04-repo/asic/rtl/bch/bch_78_64_t2_v1.sv:283$1195.a[7:0]$8399
  1124/3952: $2\gf_mul$func$/gate04-repo/asic/rtl/bch/bch_78_64_t2_v1.sv:283$1195.result[6:0]$8395
  1125/3952: $8\gf_mul$func$/gate04-repo/asic/rtl/bch/bch_78_64_t2_v1.sv:282$1194.a[7:0]$8393
  1126/3952: $8\gf_mul$func$/gate04-repo/asic/rtl/bch/bch_78_64_t2_v1.sv:282$1194.result[6:0]$8389
  1127/3952: $7\gf_mul$func$/gate04-repo/asic/rtl/bch/bch_78_64_t2_v1.sv:282$1194.a[7:0]$8387
  1128/3952: $7\gf_mul$func$/gate04-repo/asic/rtl/bch/bch_78_64_t2_v1.sv:282$1194.result[6:0]$8383
  1129/3952: $6\gf_mul$func$/gate04-repo/asic/rtl/bch/bch_78_64_t2_v1.sv:282$1194.a[7:0]$8381
  1130/3952: $6\gf_mul$func$/gate04-repo/asic/rtl/bch/bch_78_64_t2_v1.sv:282$1194.result[6:0]$8377
  1131/3952: $5\gf_mul$func$/gate04-repo/asic/rtl/bch/bch_78_64_t2_v1.sv:282$1194.a[7:0]$8375
  1132/3952: $5\gf_mul$func$/gate04-repo/asic/rtl/bch/bch_78_64_t2_v1.sv:282$1194.result[6:0]$8371
  1133/3952: $4\gf_mul$func$/gate04-repo/asic/rtl/bch/bch_78_64_t2_v1.sv:282$1194.a[7:0]$8369
  1134/3952: $4\gf_mul$func$/gate04-repo/asic/rtl/bch/bch_78_64_t2_v1.sv:282$1194.result[6:0]$8365
  1135/3952: $3\gf_mul$func$/gate04-repo/asic/rtl/bch/bch_78_64_t2_v1.sv:282$1194.a[7:0]$8363
  1136/3952: $3\gf_mul$func$/gate04-repo/asic/rtl/bch/bch_78_64_t2_v1.sv:282$1194.result[6:0]$8359
  1137/3952: $2\gf_mul$func$/gate04-repo/asic/rtl/bch/bch_78_64_t2_v1.sv:282$1194.a[7:0]$8357
  1138/3952: $2\gf_mul$func$/gate04-repo/asic/rtl/bch/bch_78_64_t2_v1.sv:282$1194.result[6:0]$8353
  1139/3952: $44\root_count[31:0]
  1140/3952: $44\candidate_mask[42:42]
  1141/3952: $8\gf_mul$func$/gate04-repo/asic/rtl/bch/bch_78_64_t2_v1.sv:283$1192.a[7:0]$8347
  1142/3952: $8\gf_mul$func$/gate04-repo/asic/rtl/bch/bch_78_64_t2_v1.sv:283$1192.result[6:0]$8343
  1143/3952: $7\gf_mul$func$/gate04-repo/asic/rtl/bch/bch_78_64_t2_v1.sv:283$1192.a[7:0]$8341
  1144/3952: $7\gf_mul$func$/gate04-repo/asic/rtl/bch/bch_78_64_t2_v1.sv:283$1192.result[6:0]$8337
  1145/3952: $6\gf_mul$func$/gate04-repo/asic/rtl/bch/bch_78_64_t2_v1.sv:283$1192.a[7:0]$8335
  1146/3952: $6\gf_mul$func$/gate04-repo/asic/rtl/bch/bch_78_64_t2_v1.sv:283$1192.result[6:0]$8331
  1147/3952: $5\gf_mul$func$/gate04-repo/asic/rtl/bch/bch_78_64_t2_v1.sv:283$1192.a[7:0]$8329
  1148/3952: $5\gf_mul$func$/gate04-repo/asic/rtl/bch/bch_78_64_t2_v1.sv:283$1192.result[6:0]$8325
  1149/3952: $4\gf_mul$func$/gate04-repo/asic/rtl/bch/bch_78_64_t2_v1.sv:283$1192.a[7:0]$8323
  1150/3952: $4\gf_mul$func$/gate04-repo/asic/rtl/bch/bch_78_64_t2_v1.sv:283$1192.result[6:0]$8319
  1151/3952: $3\gf_mul$func$/gate04-repo/asic/rtl/bch/bch_78_64_t2_v1.sv:283$1192.a[7:0]$8317
  1152/3952: $3\gf_mul$func$/gate04-repo/asic/rtl/bch/bch_78_64_t2_v1.sv:283$1192.result[6:0]$8313
  1153/3952: $2\gf_mul$func$/gate04-repo/asic/rtl/bch/bch_78_64_t2_v1.sv:283$1192.a[7:0]$8311
  1154/3952: $2\gf_mul$func$/gate04-repo/asic/rtl/bch/bch_78_64_t2_v1.sv:283$1192.result[6:0]$8307
  1155/3952: $8\gf_mul$func$/gate04-repo/asic/rtl/bch/bch_78_64_t2_v1.sv:282$1191.a[7:0]$8305
  1156/3952: $8\gf_mul$func$/gate04-repo/asic/rtl/bch/bch_78_64_t2_v1.sv:282$1191.result[6:0]$8301
  1157/3952: $7\gf_mul$func$/gate04-repo/asic/rtl/bch/bch_78_64_t2_v1.sv:282$1191.a[7:0]$8299
  1158/3952: $7\gf_mul$func$/gate04-repo/asic/rtl/bch/bch_78_64_t2_v1.sv:282$1191.result[6:0]$8295
  1159/3952: $6\gf_mul$func$/gate04-repo/asic/rtl/bch/bch_78_64_t2_v1.sv:282$1191.a[7:0]$8293
  1160/3952: $6\gf_mul$func$/gate04-repo/asic/rtl/bch/bch_78_64_t2_v1.sv:282$1191.result[6:0]$8289
  1161/3952: $5\gf_mul$func$/gate04-repo/asic/rtl/bch/bch_78_64_t2_v1.sv:282$1191.a[7:0]$8287
  1162/3952: $5\gf_mul$func$/gate04-repo/asic/rtl/bch/bch_78_64_t2_v1.sv:282$1191.result[6:0]$8283
  1163/3952: $4\gf_mul$func$/gate04-repo/asic/rtl/bch/bch_78_64_t2_v1.sv:282$1191.a[7:0]$8281
  1164/3952: $4\gf_mul$func$/gate04-repo/asic/rtl/bch/bch_78_64_t2_v1.sv:282$1191.result[6:0]$8277
  1165/3952: $3\gf_mul$func$/gate04-repo/asic/rtl/bch/bch_78_64_t2_v1.sv:282$1191.a[7:0]$8275
  1166/3952: $3\gf_mul$func$/gate04-repo/asic/rtl/bch/bch_78_64_t2_v1.sv:282$1191.result[6:0]$8271
  1167/3952: $2\gf_mul$func$/gate04-repo/asic/rtl/bch/bch_78_64_t2_v1.sv:282$1191.a[7:0]$8269
  1168/3952: $2\gf_mul$func$/gate04-repo/asic/rtl/bch/bch_78_64_t2_v1.sv:282$1191.result[6:0]$8265
  1169/3952: $43\root_count[31:0]
  1170/3952: $43\candidate_mask[41:41]
  1171/3952: $8\gf_mul$func$/gate04-repo/asic/rtl/bch/bch_78_64_t2_v1.sv:283$1189.a[7:0]$8259
  1172/3952: $8\gf_mul$func$/gate04-repo/asic/rtl/bch/bch_78_64_t2_v1.sv:283$1189.result[6:0]$8255
  1173/3952: $7\gf_mul$func$/gate04-repo/asic/rtl/bch/bch_78_64_t2_v1.sv:283$1189.a[7:0]$8253
  1174/3952: $7\gf_mul$func$/gate04-repo/asic/rtl/bch/bch_78_64_t2_v1.sv:283$1189.result[6:0]$8249
  1175/3952: $6\gf_mul$func$/gate04-repo/asic/rtl/bch/bch_78_64_t2_v1.sv:283$1189.a[7:0]$8247
  1176/3952: $6\gf_mul$func$/gate04-repo/asic/rtl/bch/bch_78_64_t2_v1.sv:283$1189.result[6:0]$8243
  1177/3952: $5\gf_mul$func$/gate04-repo/asic/rtl/bch/bch_78_64_t2_v1.sv:283$1189.a[7:0]$8241
  1178/3952: $5\gf_mul$func$/gate04-repo/asic/rtl/bch/bch_78_64_t2_v1.sv:283$1189.result[6:0]$8237
  1179/3952: $4\gf_mul$func$/gate04-repo/asic/rtl/bch/bch_78_64_t2_v1.sv:283$1189.a[7:0]$8235
  1180/3952: $4\gf_mul$func$/gate04-repo/asic/rtl/bch/bch_78_64_t2_v1.sv:283$1189.result[6:0]$8231
  1181/3952: $3\gf_mul$func$/gate04-repo/asic/rtl/bch/bch_78_64_t2_v1.sv:283$1189.a[7:0]$8229
  1182/3952: $3\gf_mul$func$/gate04-repo/asic/rtl/bch/bch_78_64_t2_v1.sv:283$1189.result[6:0]$8225
  1183/3952: $2\gf_mul$func$/gate04-repo/asic/rtl/bch/bch_78_64_t2_v1.sv:283$1189.a[7:0]$8223
  1184/3952: $2\gf_mul$func$/gate04-repo/asic/rtl/bch/bch_78_64_t2_v1.sv:283$1189.result[6:0]$8219
  1185/3952: $8\gf_mul$func$/gate04-repo/asic/rtl/bch/bch_78_64_t2_v1.sv:282$1188.a[7:0]$8217
  1186/3952: $8\gf_mul$func$/gate04-repo/asic/rtl/bch/bch_78_64_t2_v1.sv:282$1188.result[6:0]$8213
  1187/3952: $7\gf_mul$func$/gate04-repo/asic/rtl/bch/bch_78_64_t2_v1.sv:282$1188.a[7:0]$8211
  1188/3952: $7\gf_mul$func$/gate04-repo/asic/rtl/bch/bch_78_64_t2_v1.sv:282$1188.result[6:0]$8207
  1189/3952: $6\gf_mul$func$/gate04-repo/asic/rtl/bch/bch_78_64_t2_v1.sv:282$1188.a[7:0]$8205
  1190/3952: $6\gf_mul$func$/gate04-repo/asic/rtl/bch/bch_78_64_t2_v1.sv:282$1188.result[6:0]$8201
  1191/3952: $5\gf_mul$func$/gate04-repo/asic/rtl/bch/bch_78_64_t2_v1.sv:282$1188.a[7:0]$8199
  1192/3952: $5\gf_mul$func$/gate04-repo/asic/rtl/bch/bch_78_64_t2_v1.sv:282$1188.result[6:0]$8195
  1193/3952: $4\gf_mul$func$/gate04-repo/asic/rtl/bch/bch_78_64_t2_v1.sv:282$1188.a[7:0]$8193
  1194/3952: $4\gf_mul$func$/gate04-repo/asic/rtl/bch/bch_78_64_t2_v1.sv:282$1188.result[6:0]$8189
  1195/3952: $3\gf_mul$func$/gate04-repo/asic/rtl/bch/bch_78_64_t2_v1.sv:282$1188.a[7:0]$8187
  1196/3952: $3\gf_mul$func$/gate04-repo/asic/rtl/bch/bch_78_64_t2_v1.sv:282$1188.result[6:0]$8183
  1197/3952: $2\gf_mul$func$/gate04-repo/asic/rtl/bch/bch_78_64_t2_v1.sv:282$1188.a[7:0]$8181
  1198/3952: $2\gf_mul$func$/gate04-repo/asic/rtl/bch/bch_78_64_t2_v1.sv:282$1188.result[6:0]$8177
  1199/3952: $42\root_count[31:0]
  1200/3952: $42\candidate_mask[40:40]
  1201/3952: $8\gf_mul$func$/gate04-repo/asic/rtl/bch/bch_78_64_t2_v1.sv:283$1186.a[7:0]$8171
  1202/3952: $8\gf_mul$func$/gate04-repo/asic/rtl/bch/bch_78_64_t2_v1.sv:283$1186.result[6:0]$8167
  1203/3952: $7\gf_mul$func$/gate04-repo/asic/rtl/bch/bch_78_64_t2_v1.sv:283$1186.a[7:0]$8165
  1204/3952: $7\gf_mul$func$/gate04-repo/asic/rtl/bch/bch_78_64_t2_v1.sv:283$1186.result[6:0]$8161
  1205/3952: $6\gf_mul$func$/gate04-repo/asic/rtl/bch/bch_78_64_t2_v1.sv:283$1186.a[7:0]$8159
  1206/3952: $6\gf_mul$func$/gate04-repo/asic/rtl/bch/bch_78_64_t2_v1.sv:283$1186.result[6:0]$8155
  1207/3952: $5\gf_mul$func$/gate04-repo/asic/rtl/bch/bch_78_64_t2_v1.sv:283$1186.a[7:0]$8153
  1208/3952: $5\gf_mul$func$/gate04-repo/asic/rtl/bch/bch_78_64_t2_v1.sv:283$1186.result[6:0]$8149
  1209/3952: $4\gf_mul$func$/gate04-repo/asic/rtl/bch/bch_78_64_t2_v1.sv:283$1186.a[7:0]$8147
  1210/3952: $4\gf_mul$func$/gate04-repo/asic/rtl/bch/bch_78_64_t2_v1.sv:283$1186.result[6:0]$8143
  1211/3952: $3\gf_mul$func$/gate04-repo/asic/rtl/bch/bch_78_64_t2_v1.sv:283$1186.a[7:0]$8141
  1212/3952: $3\gf_mul$func$/gate04-repo/asic/rtl/bch/bch_78_64_t2_v1.sv:283$1186.result[6:0]$8137
  1213/3952: $2\gf_mul$func$/gate04-repo/asic/rtl/bch/bch_78_64_t2_v1.sv:283$1186.a[7:0]$8135
  1214/3952: $2\gf_mul$func$/gate04-repo/asic/rtl/bch/bch_78_64_t2_v1.sv:283$1186.result[6:0]$8131
  1215/3952: $8\gf_mul$func$/gate04-repo/asic/rtl/bch/bch_78_64_t2_v1.sv:282$1185.a[7:0]$8129
  1216/3952: $8\gf_mul$func$/gate04-repo/asic/rtl/bch/bch_78_64_t2_v1.sv:282$1185.result[6:0]$8125
  1217/3952: $7\gf_mul$func$/gate04-repo/asic/rtl/bch/bch_78_64_t2_v1.sv:282$1185.a[7:0]$8123
  1218/3952: $7\gf_mul$func$/gate04-repo/asic/rtl/bch/bch_78_64_t2_v1.sv:282$1185.result[6:0]$8119
  1219/3952: $6\gf_mul$func$/gate04-repo/asic/rtl/bch/bch_78_64_t2_v1.sv:282$1185.a[7:0]$8117
  1220/3952: $6\gf_mul$func$/gate04-repo/asic/rtl/bch/bch_78_64_t2_v1.sv:282$1185.result[6:0]$8113
  1221/3952: $5\gf_mul$func$/gate04-repo/asic/rtl/bch/bch_78_64_t2_v1.sv:282$1185.a[7:0]$8111
  1222/3952: $5\gf_mul$func$/gate04-repo/asic/rtl/bch/bch_78_64_t2_v1.sv:282$1185.result[6:0]$8107
  1223/3952: $4\gf_mul$func$/gate04-repo/asic/rtl/bch/bch_78_64_t2_v1.sv:282$1185.a[7:0]$8105
  1224/3952: $4\gf_mul$func$/gate04-repo/asic/rtl/bch/bch_78_64_t2_v1.sv:282$1185.result[6:0]$8101
  1225/3952: $3\gf_mul$func$/gate04-repo/asic/rtl/bch/bch_78_64_t2_v1.sv:282$1185.a[7:0]$8099
  1226/3952: $3\gf_mul$func$/gate04-repo/asic/rtl/bch/bch_78_64_t2_v1.sv:282$1185.result[6:0]$8095
  1227/3952: $2\gf_mul$func$/gate04-repo/asic/rtl/bch/bch_78_64_t2_v1.sv:282$1185.a[7:0]$8093
  1228/3952: $2\gf_mul$func$/gate04-repo/asic/rtl/bch/bch_78_64_t2_v1.sv:282$1185.result[6:0]$8089
  1229/3952: $41\root_count[31:0]
  1230/3952: $41\candidate_mask[39:39]
  1231/3952: $8\gf_mul$func$/gate04-repo/asic/rtl/bch/bch_78_64_t2_v1.sv:283$1183.a[7:0]$8083
  1232/3952: $8\gf_mul$func$/gate04-repo/asic/rtl/bch/bch_78_64_t2_v1.sv:283$1183.result[6:0]$8079
  1233/3952: $7\gf_mul$func$/gate04-repo/asic/rtl/bch/bch_78_64_t2_v1.sv:283$1183.a[7:0]$8077
  1234/3952: $7\gf_mul$func$/gate04-repo/asic/rtl/bch/bch_78_64_t2_v1.sv:283$1183.result[6:0]$8073
  1235/3952: $6\gf_mul$func$/gate04-repo/asic/rtl/bch/bch_78_64_t2_v1.sv:283$1183.a[7:0]$8071
  1236/3952: $6\gf_mul$func$/gate04-repo/asic/rtl/bch/bch_78_64_t2_v1.sv:283$1183.result[6:0]$8067
  1237/3952: $5\gf_mul$func$/gate04-repo/asic/rtl/bch/bch_78_64_t2_v1.sv:283$1183.a[7:0]$8065
  1238/3952: $5\gf_mul$func$/gate04-repo/asic/rtl/bch/bch_78_64_t2_v1.sv:283$1183.result[6:0]$8061
  1239/3952: $4\gf_mul$func$/gate04-repo/asic/rtl/bch/bch_78_64_t2_v1.sv:283$1183.a[7:0]$8059
  1240/3952: $4\gf_mul$func$/gate04-repo/asic/rtl/bch/bch_78_64_t2_v1.sv:283$1183.result[6:0]$8055
  1241/3952: $3\gf_mul$func$/gate04-repo/asic/rtl/bch/bch_78_64_t2_v1.sv:283$1183.a[7:0]$8053
  1242/3952: $3\gf_mul$func$/gate04-repo/asic/rtl/bch/bch_78_64_t2_v1.sv:283$1183.result[6:0]$8049
  1243/3952: $2\gf_mul$func$/gate04-repo/asic/rtl/bch/bch_78_64_t2_v1.sv:283$1183.a[7:0]$8047
  1244/3952: $2\gf_mul$func$/gate04-repo/asic/rtl/bch/bch_78_64_t2_v1.sv:283$1183.result[6:0]$8043
  1245/3952: $8\gf_mul$func$/gate04-repo/asic/rtl/bch/bch_78_64_t2_v1.sv:282$1182.a[7:0]$8041
  1246/3952: $8\gf_mul$func$/gate04-repo/asic/rtl/bch/bch_78_64_t2_v1.sv:282$1182.result[6:0]$8037
  1247/3952: $7\gf_mul$func$/gate04-repo/asic/rtl/bch/bch_78_64_t2_v1.sv:282$1182.a[7:0]$8035
  1248/3952: $7\gf_mul$func$/gate04-repo/asic/rtl/bch/bch_78_64_t2_v1.sv:282$1182.result[6:0]$8031
  1249/3952: $6\gf_mul$func$/gate04-repo/asic/rtl/bch/bch_78_64_t2_v1.sv:282$1182.a[7:0]$8029
  1250/3952: $6\gf_mul$func$/gate04-repo/asic/rtl/bch/bch_78_64_t2_v1.sv:282$1182.result[6:0]$8025
  1251/3952: $5\gf_mul$func$/gate04-repo/asic/rtl/bch/bch_78_64_t2_v1.sv:282$1182.a[7:0]$8023
  1252/3952: $5\gf_mul$func$/gate04-repo/asic/rtl/bch/bch_78_64_t2_v1.sv:282$1182.result[6:0]$8019
  1253/3952: $4\gf_mul$func$/gate04-repo/asic/rtl/bch/bch_78_64_t2_v1.sv:282$1182.a[7:0]$8017
  1254/3952: $4\gf_mul$func$/gate04-repo/asic/rtl/bch/bch_78_64_t2_v1.sv:282$1182.result[6:0]$8013
  1255/3952: $3\gf_mul$func$/gate04-repo/asic/rtl/bch/bch_78_64_t2_v1.sv:282$1182.a[7:0]$8011
  1256/3952: $3\gf_mul$func$/gate04-repo/asic/rtl/bch/bch_78_64_t2_v1.sv:282$1182.result[6:0]$8007
  1257/3952: $2\gf_mul$func$/gate04-repo/asic/rtl/bch/bch_78_64_t2_v1.sv:282$1182.a[7:0]$8005
  1258/3952: $2\gf_mul$func$/gate04-repo/asic/rtl/bch/bch_78_64_t2_v1.sv:282$1182.result[6:0]$8001
  1259/3952: $40\root_count[31:0]
  1260/3952: $40\candidate_mask[38:38]
  1261/3952: $8\gf_mul$func$/gate04-repo/asic/rtl/bch/bch_78_64_t2_v1.sv:283$1180.a[7:0]$7995
  1262/3952: $8\gf_mul$func$/gate04-repo/asic/rtl/bch/bch_78_64_t2_v1.sv:283$1180.result[6:0]$7991
  1263/3952: $7\gf_mul$func$/gate04-repo/asic/rtl/bch/bch_78_64_t2_v1.sv:283$1180.a[7:0]$7989
  1264/3952: $7\gf_mul$func$/gate04-repo/asic/rtl/bch/bch_78_64_t2_v1.sv:283$1180.result[6:0]$7985
  1265/3952: $6\gf_mul$func$/gate04-repo/asic/rtl/bch/bch_78_64_t2_v1.sv:283$1180.a[7:0]$7983
  1266/3952: $6\gf_mul$func$/gate04-repo/asic/rtl/bch/bch_78_64_t2_v1.sv:283$1180.result[6:0]$7979
  1267/3952: $5\gf_mul$func$/gate04-repo/asic/rtl/bch/bch_78_64_t2_v1.sv:283$1180.a[7:0]$7977
  1268/3952: $5\gf_mul$func$/gate04-repo/asic/rtl/bch/bch_78_64_t2_v1.sv:283$1180.result[6:0]$7973
  1269/3952: $4\gf_mul$func$/gate04-repo/asic/rtl/bch/bch_78_64_t2_v1.sv:283$1180.a[7:0]$7971
  1270/3952: $4\gf_mul$func$/gate04-repo/asic/rtl/bch/bch_78_64_t2_v1.sv:283$1180.result[6:0]$7967
  1271/3952: $3\gf_mul$func$/gate04-repo/asic/rtl/bch/bch_78_64_t2_v1.sv:283$1180.a[7:0]$7965
  1272/3952: $3\gf_mul$func$/gate04-repo/asic/rtl/bch/bch_78_64_t2_v1.sv:283$1180.result[6:0]$7961
  1273/3952: $2\gf_mul$func$/gate04-repo/asic/rtl/bch/bch_78_64_t2_v1.sv:283$1180.a[7:0]$7959
  1274/3952: $2\gf_mul$func$/gate04-repo/asic/rtl/bch/bch_78_64_t2_v1.sv:283$1180.result[6:0]$7955
  1275/3952: $8\gf_mul$func$/gate04-repo/asic/rtl/bch/bch_78_64_t2_v1.sv:282$1179.a[7:0]$7953
  1276/3952: $8\gf_mul$func$/gate04-repo/asic/rtl/bch/bch_78_64_t2_v1.sv:282$1179.result[6:0]$7949
  1277/3952: $7\gf_mul$func$/gate04-repo/asic/rtl/bch/bch_78_64_t2_v1.sv:282$1179.a[7:0]$7947
  1278/3952: $7\gf_mul$func$/gate04-repo/asic/rtl/bch/bch_78_64_t2_v1.sv:282$1179.result[6:0]$7943
  1279/3952: $6\gf_mul$func$/gate04-repo/asic/rtl/bch/bch_78_64_t2_v1.sv:282$1179.a[7:0]$7941
  1280/3952: $6\gf_mul$func$/gate04-repo/asic/rtl/bch/bch_78_64_t2_v1.sv:282$1179.result[6:0]$7937
  1281/3952: $5\gf_mul$func$/gate04-repo/asic/rtl/bch/bch_78_64_t2_v1.sv:282$1179.a[7:0]$7935
  1282/3952: $5\gf_mul$func$/gate04-repo/asic/rtl/bch/bch_78_64_t2_v1.sv:282$1179.result[6:0]$7931
  1283/3952: $4\gf_mul$func$/gate04-repo/asic/rtl/bch/bch_78_64_t2_v1.sv:282$1179.a[7:0]$7929
  1284/3952: $4\gf_mul$func$/gate04-repo/asic/rtl/bch/bch_78_64_t2_v1.sv:282$1179.result[6:0]$7925
  1285/3952: $3\gf_mul$func$/gate04-repo/asic/rtl/bch/bch_78_64_t2_v1.sv:282$1179.a[7:0]$7923
  1286/3952: $3\gf_mul$func$/gate04-repo/asic/rtl/bch/bch_78_64_t2_v1.sv:282$1179.result[6:0]$7919
  1287/3952: $2\gf_mul$func$/gate04-repo/asic/rtl/bch/bch_78_64_t2_v1.sv:282$1179.a[7:0]$7917
  1288/3952: $2\gf_mul$func$/gate04-repo/asic/rtl/bch/bch_78_64_t2_v1.sv:282$1179.result[6:0]$7913
  1289/3952: $39\root_count[31:0]
  1290/3952: $39\candidate_mask[37:37]
  1291/3952: $8\gf_mul$func$/gate04-repo/asic/rtl/bch/bch_78_64_t2_v1.sv:283$1177.a[7:0]$7907
  1292/3952: $8\gf_mul$func$/gate04-repo/asic/rtl/bch/bch_78_64_t2_v1.sv:283$1177.result[6:0]$7903
  1293/3952: $7\gf_mul$func$/gate04-repo/asic/rtl/bch/bch_78_64_t2_v1.sv:283$1177.a[7:0]$7901
  1294/3952: $7\gf_mul$func$/gate04-repo/asic/rtl/bch/bch_78_64_t2_v1.sv:283$1177.result[6:0]$7897
  1295/3952: $6\gf_mul$func$/gate04-repo/asic/rtl/bch/bch_78_64_t2_v1.sv:283$1177.a[7:0]$7895
  1296/3952: $6\gf_mul$func$/gate04-repo/asic/rtl/bch/bch_78_64_t2_v1.sv:283$1177.result[6:0]$7891
  1297/3952: $5\gf_mul$func$/gate04-repo/asic/rtl/bch/bch_78_64_t2_v1.sv:283$1177.a[7:0]$7889
  1298/3952: $5\gf_mul$func$/gate04-repo/asic/rtl/bch/bch_78_64_t2_v1.sv:283$1177.result[6:0]$7885
  1299/3952: $4\gf_mul$func$/gate04-repo/asic/rtl/bch/bch_78_64_t2_v1.sv:283$1177.a[7:0]$7883
  1300/3952: $4\gf_mul$func$/gate04-repo/asic/rtl/bch/bch_78_64_t2_v1.sv:283$1177.result[6:0]$7879
  1301/3952: $3\gf_mul$func$/gate04-repo/asic/rtl/bch/bch_78_64_t2_v1.sv:283$1177.a[7:0]$7877
  1302/3952: $3\gf_mul$func$/gate04-repo/asic/rtl/bch/bch_78_64_t2_v1.sv:283$1177.result[6:0]$7873
  1303/3952: $2\gf_mul$func$/gate04-repo/asic/rtl/bch/bch_78_64_t2_v1.sv:283$1177.a[7:0]$7871
  1304/3952: $2\gf_mul$func$/gate04-repo/asic/rtl/bch/bch_78_64_t2_v1.sv:283$1177.result[6:0]$7867
  1305/3952: $8\gf_mul$func$/gate04-repo/asic/rtl/bch/bch_78_64_t2_v1.sv:282$1176.a[7:0]$7865
  1306/3952: $8\gf_mul$func$/gate04-repo/asic/rtl/bch/bch_78_64_t2_v1.sv:282$1176.result[6:0]$7861
  1307/3952: $7\gf_mul$func$/gate04-repo/asic/rtl/bch/bch_78_64_t2_v1.sv:282$1176.a[7:0]$7859
  1308/3952: $7\gf_mul$func$/gate04-repo/asic/rtl/bch/bch_78_64_t2_v1.sv:282$1176.result[6:0]$7855
  1309/3952: $6\gf_mul$func$/gate04-repo/asic/rtl/bch/bch_78_64_t2_v1.sv:282$1176.a[7:0]$7853
  1310/3952: $6\gf_mul$func$/gate04-repo/asic/rtl/bch/bch_78_64_t2_v1.sv:282$1176.result[6:0]$7849
  1311/3952: $5\gf_mul$func$/gate04-repo/asic/rtl/bch/bch_78_64_t2_v1.sv:282$1176.a[7:0]$7847
  1312/3952: $5\gf_mul$func$/gate04-repo/asic/rtl/bch/bch_78_64_t2_v1.sv:282$1176.result[6:0]$7843
  1313/3952: $4\gf_mul$func$/gate04-repo/asic/rtl/bch/bch_78_64_t2_v1.sv:282$1176.a[7:0]$7841
  1314/3952: $4\gf_mul$func$/gate04-repo/asic/rtl/bch/bch_78_64_t2_v1.sv:282$1176.result[6:0]$7837
  1315/3952: $3\gf_mul$func$/gate04-repo/asic/rtl/bch/bch_78_64_t2_v1.sv:282$1176.a[7:0]$7835
  1316/3952: $3\gf_mul$func$/gate04-repo/asic/rtl/bch/bch_78_64_t2_v1.sv:282$1176.result[6:0]$7831
  1317/3952: $2\gf_mul$func$/gate04-repo/asic/rtl/bch/bch_78_64_t2_v1.sv:282$1176.a[7:0]$7829
  1318/3952: $2\gf_mul$func$/gate04-repo/asic/rtl/bch/bch_78_64_t2_v1.sv:282$1176.result[6:0]$7825
  1319/3952: $38\root_count[31:0]
  1320/3952: $38\candidate_mask[36:36]
  1321/3952: $8\gf_mul$func$/gate04-repo/asic/rtl/bch/bch_78_64_t2_v1.sv:283$1174.a[7:0]$7819
  1322/3952: $8\gf_mul$func$/gate04-repo/asic/rtl/bch/bch_78_64_t2_v1.sv:283$1174.result[6:0]$7815
  1323/3952: $7\gf_mul$func$/gate04-repo/asic/rtl/bch/bch_78_64_t2_v1.sv:283$1174.a[7:0]$7813
  1324/3952: $7\gf_mul$func$/gate04-repo/asic/rtl/bch/bch_78_64_t2_v1.sv:283$1174.result[6:0]$7809
  1325/3952: $6\gf_mul$func$/gate04-repo/asic/rtl/bch/bch_78_64_t2_v1.sv:283$1174.a[7:0]$7807
  1326/3952: $6\gf_mul$func$/gate04-repo/asic/rtl/bch/bch_78_64_t2_v1.sv:283$1174.result[6:0]$7803
  1327/3952: $5\gf_mul$func$/gate04-repo/asic/rtl/bch/bch_78_64_t2_v1.sv:283$1174.a[7:0]$7801
  1328/3952: $5\gf_mul$func$/gate04-repo/asic/rtl/bch/bch_78_64_t2_v1.sv:283$1174.result[6:0]$7797
  1329/3952: $4\gf_mul$func$/gate04-repo/asic/rtl/bch/bch_78_64_t2_v1.sv:283$1174.a[7:0]$7795
  1330/3952: $4\gf_mul$func$/gate04-repo/asic/rtl/bch/bch_78_64_t2_v1.sv:283$1174.result[6:0]$7791
  1331/3952: $3\gf_mul$func$/gate04-repo/asic/rtl/bch/bch_78_64_t2_v1.sv:283$1174.a[7:0]$7789
  1332/3952: $3\gf_mul$func$/gate04-repo/asic/rtl/bch/bch_78_64_t2_v1.sv:283$1174.result[6:0]$7785
  1333/3952: $2\gf_mul$func$/gate04-repo/asic/rtl/bch/bch_78_64_t2_v1.sv:283$1174.a[7:0]$7783
  1334/3952: $2\gf_mul$func$/gate04-repo/asic/rtl/bch/bch_78_64_t2_v1.sv:283$1174.result[6:0]$7779
  1335/3952: $8\gf_mul$func$/gate04-repo/asic/rtl/bch/bch_78_64_t2_v1.sv:282$1173.a[7:0]$7777
  1336/3952: $8\gf_mul$func$/gate04-repo/asic/rtl/bch/bch_78_64_t2_v1.sv:282$1173.result[6:0]$7773
  1337/3952: $7\gf_mul$func$/gate04-repo/asic/rtl/bch/bch_78_64_t2_v1.sv:282$1173.a[7:0]$7771
  1338/3952: $7\gf_mul$func$/gate04-repo/asic/rtl/bch/bch_78_64_t2_v1.sv:282$1173.result[6:0]$7767
  1339/3952: $6\gf_mul$func$/gate04-repo/asic/rtl/bch/bch_78_64_t2_v1.sv:282$1173.a[7:0]$7765
  1340/3952: $6\gf_mul$func$/gate04-repo/asic/rtl/bch/bch_78_64_t2_v1.sv:282$1173.result[6:0]$7761
  1341/3952: $5\gf_mul$func$/gate04-repo/asic/rtl/bch/bch_78_64_t2_v1.sv:282$1173.a[7:0]$7759
  1342/3952: $5\gf_mul$func$/gate04-repo/asic/rtl/bch/bch_78_64_t2_v1.sv:282$1173.result[6:0]$7755
  1343/3952: $4\gf_mul$func$/gate04-repo/asic/rtl/bch/bch_78_64_t2_v1.sv:282$1173.a[7:0]$7753
  1344/3952: $4\gf_mul$func$/gate04-repo/asic/rtl/bch/bch_78_64_t2_v1.sv:282$1173.result[6:0]$7749
  1345/3952: $3\gf_mul$func$/gate04-repo/asic/rtl/bch/bch_78_64_t2_v1.sv:282$1173.a[7:0]$7747
  1346/3952: $3\gf_mul$func$/gate04-repo/asic/rtl/bch/bch_78_64_t2_v1.sv:282$1173.result[6:0]$7743
  1347/3952: $2\gf_mul$func$/gate04-repo/asic/rtl/bch/bch_78_64_t2_v1.sv:282$1173.a[7:0]$7741
  1348/3952: $2\gf_mul$func$/gate04-repo/asic/rtl/bch/bch_78_64_t2_v1.sv:282$1173.result[6:0]$7737
  1349/3952: $37\root_count[31:0]
  1350/3952: $37\candidate_mask[35:35]
  1351/3952: $8\gf_mul$func$/gate04-repo/asic/rtl/bch/bch_78_64_t2_v1.sv:283$1171.a[7:0]$7731
  1352/3952: $8\gf_mul$func$/gate04-repo/asic/rtl/bch/bch_78_64_t2_v1.sv:283$1171.result[6:0]$7727
  1353/3952: $7\gf_mul$func$/gate04-repo/asic/rtl/bch/bch_78_64_t2_v1.sv:283$1171.a[7:0]$7725
  1354/3952: $7\gf_mul$func$/gate04-repo/asic/rtl/bch/bch_78_64_t2_v1.sv:283$1171.result[6:0]$7721
  1355/3952: $6\gf_mul$func$/gate04-repo/asic/rtl/bch/bch_78_64_t2_v1.sv:283$1171.a[7:0]$7719
  1356/3952: $6\gf_mul$func$/gate04-repo/asic/rtl/bch/bch_78_64_t2_v1.sv:283$1171.result[6:0]$7715
  1357/3952: $5\gf_mul$func$/gate04-repo/asic/rtl/bch/bch_78_64_t2_v1.sv:283$1171.a[7:0]$7713
  1358/3952: $5\gf_mul$func$/gate04-repo/asic/rtl/bch/bch_78_64_t2_v1.sv:283$1171.result[6:0]$7709
  1359/3952: $4\gf_mul$func$/gate04-repo/asic/rtl/bch/bch_78_64_t2_v1.sv:283$1171.a[7:0]$7707
  1360/3952: $4\gf_mul$func$/gate04-repo/asic/rtl/bch/bch_78_64_t2_v1.sv:283$1171.result[6:0]$7703
  1361/3952: $3\gf_mul$func$/gate04-repo/asic/rtl/bch/bch_78_64_t2_v1.sv:283$1171.a[7:0]$7701
  1362/3952: $3\gf_mul$func$/gate04-repo/asic/rtl/bch/bch_78_64_t2_v1.sv:283$1171.result[6:0]$7697
  1363/3952: $2\gf_mul$func$/gate04-repo/asic/rtl/bch/bch_78_64_t2_v1.sv:283$1171.a[7:0]$7695
  1364/3952: $2\gf_mul$func$/gate04-repo/asic/rtl/bch/bch_78_64_t2_v1.sv:283$1171.result[6:0]$7691
  1365/3952: $8\gf_mul$func$/gate04-repo/asic/rtl/bch/bch_78_64_t2_v1.sv:282$1170.a[7:0]$7689
  1366/3952: $8\gf_mul$func$/gate04-repo/asic/rtl/bch/bch_78_64_t2_v1.sv:282$1170.result[6:0]$7685
  1367/3952: $7\gf_mul$func$/gate04-repo/asic/rtl/bch/bch_78_64_t2_v1.sv:282$1170.a[7:0]$7683
  1368/3952: $7\gf_mul$func$/gate04-repo/asic/rtl/bch/bch_78_64_t2_v1.sv:282$1170.result[6:0]$7679
  1369/3952: $6\gf_mul$func$/gate04-repo/asic/rtl/bch/bch_78_64_t2_v1.sv:282$1170.a[7:0]$7677
  1370/3952: $6\gf_mul$func$/gate04-repo/asic/rtl/bch/bch_78_64_t2_v1.sv:282$1170.result[6:0]$7673
  1371/3952: $5\gf_mul$func$/gate04-repo/asic/rtl/bch/bch_78_64_t2_v1.sv:282$1170.a[7:0]$7671
  1372/3952: $5\gf_mul$func$/gate04-repo/asic/rtl/bch/bch_78_64_t2_v1.sv:282$1170.result[6:0]$7667
  1373/3952: $4\gf_mul$func$/gate04-repo/asic/rtl/bch/bch_78_64_t2_v1.sv:282$1170.a[7:0]$7665
  1374/3952: $4\gf_mul$func$/gate04-repo/asic/rtl/bch/bch_78_64_t2_v1.sv:282$1170.result[6:0]$7661
  1375/3952: $3\gf_mul$func$/gate04-repo/asic/rtl/bch/bch_78_64_t2_v1.sv:282$1170.a[7:0]$7659
  1376/3952: $3\gf_mul$func$/gate04-repo/asic/rtl/bch/bch_78_64_t2_v1.sv:282$1170.result[6:0]$7655
  1377/3952: $2\gf_mul$func$/gate04-repo/asic/rtl/bch/bch_78_64_t2_v1.sv:282$1170.a[7:0]$7653
  1378/3952: $2\gf_mul$func$/gate04-repo/asic/rtl/bch/bch_78_64_t2_v1.sv:282$1170.result[6:0]$7649
  1379/3952: $36\root_count[31:0]
  1380/3952: $36\candidate_mask[34:34]
  1381/3952: $8\gf_mul$func$/gate04-repo/asic/rtl/bch/bch_78_64_t2_v1.sv:283$1168.a[7:0]$7643
  1382/3952: $8\gf_mul$func$/gate04-repo/asic/rtl/bch/bch_78_64_t2_v1.sv:283$1168.result[6:0]$7639
  1383/3952: $7\gf_mul$func$/gate04-repo/asic/rtl/bch/bch_78_64_t2_v1.sv:283$1168.a[7:0]$7637
  1384/3952: $7\gf_mul$func$/gate04-repo/asic/rtl/bch/bch_78_64_t2_v1.sv:283$1168.result[6:0]$7633
  1385/3952: $6\gf_mul$func$/gate04-repo/asic/rtl/bch/bch_78_64_t2_v1.sv:283$1168.a[7:0]$7631
  1386/3952: $6\gf_mul$func$/gate04-repo/asic/rtl/bch/bch_78_64_t2_v1.sv:283$1168.result[6:0]$7627
  1387/3952: $5\gf_mul$func$/gate04-repo/asic/rtl/bch/bch_78_64_t2_v1.sv:283$1168.a[7:0]$7625
  1388/3952: $5\gf_mul$func$/gate04-repo/asic/rtl/bch/bch_78_64_t2_v1.sv:283$1168.result[6:0]$7621
  1389/3952: $4\gf_mul$func$/gate04-repo/asic/rtl/bch/bch_78_64_t2_v1.sv:283$1168.a[7:0]$7619
  1390/3952: $4\gf_mul$func$/gate04-repo/asic/rtl/bch/bch_78_64_t2_v1.sv:283$1168.result[6:0]$7615
  1391/3952: $3\gf_mul$func$/gate04-repo/asic/rtl/bch/bch_78_64_t2_v1.sv:283$1168.a[7:0]$7613
  1392/3952: $3\gf_mul$func$/gate04-repo/asic/rtl/bch/bch_78_64_t2_v1.sv:283$1168.result[6:0]$7609
  1393/3952: $2\gf_mul$func$/gate04-repo/asic/rtl/bch/bch_78_64_t2_v1.sv:283$1168.a[7:0]$7607
  1394/3952: $2\gf_mul$func$/gate04-repo/asic/rtl/bch/bch_78_64_t2_v1.sv:283$1168.result[6:0]$7603
  1395/3952: $8\gf_mul$func$/gate04-repo/asic/rtl/bch/bch_78_64_t2_v1.sv:282$1167.a[7:0]$7601
  1396/3952: $8\gf_mul$func$/gate04-repo/asic/rtl/bch/bch_78_64_t2_v1.sv:282$1167.result[6:0]$7597
  1397/3952: $7\gf_mul$func$/gate04-repo/asic/rtl/bch/bch_78_64_t2_v1.sv:282$1167.a[7:0]$7595
  1398/3952: $7\gf_mul$func$/gate04-repo/asic/rtl/bch/bch_78_64_t2_v1.sv:282$1167.result[6:0]$7591
  1399/3952: $6\gf_mul$func$/gate04-repo/asic/rtl/bch/bch_78_64_t2_v1.sv:282$1167.a[7:0]$7589
  1400/3952: $6\gf_mul$func$/gate04-repo/asic/rtl/bch/bch_78_64_t2_v1.sv:282$1167.result[6:0]$7585
  1401/3952: $5\gf_mul$func$/gate04-repo/asic/rtl/bch/bch_78_64_t2_v1.sv:282$1167.a[7:0]$7583
  1402/3952: $5\gf_mul$func$/gate04-repo/asic/rtl/bch/bch_78_64_t2_v1.sv:282$1167.result[6:0]$7579
  1403/3952: $4\gf_mul$func$/gate04-repo/asic/rtl/bch/bch_78_64_t2_v1.sv:282$1167.a[7:0]$7577
  1404/3952: $4\gf_mul$func$/gate04-repo/asic/rtl/bch/bch_78_64_t2_v1.sv:282$1167.result[6:0]$7573
  1405/3952: $3\gf_mul$func$/gate04-repo/asic/rtl/bch/bch_78_64_t2_v1.sv:282$1167.a[7:0]$7571
  1406/3952: $3\gf_mul$func$/gate04-repo/asic/rtl/bch/bch_78_64_t2_v1.sv:282$1167.result[6:0]$7567
  1407/3952: $2\gf_mul$func$/gate04-repo/asic/rtl/bch/bch_78_64_t2_v1.sv:282$1167.a[7:0]$7565
  1408/3952: $2\gf_mul$func$/gate04-repo/asic/rtl/bch/bch_78_64_t2_v1.sv:282$1167.result[6:0]$7561
  1409/3952: $35\root_count[31:0]
  1410/3952: $35\candidate_mask[33:33]
  1411/3952: $8\gf_mul$func$/gate04-repo/asic/rtl/bch/bch_78_64_t2_v1.sv:283$1165.a[7:0]$7555
  1412/3952: $8\gf_mul$func$/gate04-repo/asic/rtl/bch/bch_78_64_t2_v1.sv:283$1165.result[6:0]$7551
  1413/3952: $7\gf_mul$func$/gate04-repo/asic/rtl/bch/bch_78_64_t2_v1.sv:283$1165.a[7:0]$7549
  1414/3952: $7\gf_mul$func$/gate04-repo/asic/rtl/bch/bch_78_64_t2_v1.sv:283$1165.result[6:0]$7545
  1415/3952: $6\gf_mul$func$/gate04-repo/asic/rtl/bch/bch_78_64_t2_v1.sv:283$1165.a[7:0]$7543
  1416/3952: $6\gf_mul$func$/gate04-repo/asic/rtl/bch/bch_78_64_t2_v1.sv:283$1165.result[6:0]$7539
  1417/3952: $5\gf_mul$func$/gate04-repo/asic/rtl/bch/bch_78_64_t2_v1.sv:283$1165.a[7:0]$7537
  1418/3952: $5\gf_mul$func$/gate04-repo/asic/rtl/bch/bch_78_64_t2_v1.sv:283$1165.result[6:0]$7533
  1419/3952: $4\gf_mul$func$/gate04-repo/asic/rtl/bch/bch_78_64_t2_v1.sv:283$1165.a[7:0]$7531
  1420/3952: $4\gf_mul$func$/gate04-repo/asic/rtl/bch/bch_78_64_t2_v1.sv:283$1165.result[6:0]$7527
  1421/3952: $3\gf_mul$func$/gate04-repo/asic/rtl/bch/bch_78_64_t2_v1.sv:283$1165.a[7:0]$7525
  1422/3952: $3\gf_mul$func$/gate04-repo/asic/rtl/bch/bch_78_64_t2_v1.sv:283$1165.result[6:0]$7521
  1423/3952: $2\gf_mul$func$/gate04-repo/asic/rtl/bch/bch_78_64_t2_v1.sv:283$1165.a[7:0]$7519
  1424/3952: $2\gf_mul$func$/gate04-repo/asic/rtl/bch/bch_78_64_t2_v1.sv:283$1165.result[6:0]$7515
  1425/3952: $8\gf_mul$func$/gate04-repo/asic/rtl/bch/bch_78_64_t2_v1.sv:282$1164.a[7:0]$7513
  1426/3952: $8\gf_mul$func$/gate04-repo/asic/rtl/bch/bch_78_64_t2_v1.sv:282$1164.result[6:0]$7509
  1427/3952: $7\gf_mul$func$/gate04-repo/asic/rtl/bch/bch_78_64_t2_v1.sv:282$1164.a[7:0]$7507
  1428/3952: $7\gf_mul$func$/gate04-repo/asic/rtl/bch/bch_78_64_t2_v1.sv:282$1164.result[6:0]$7503
  1429/3952: $6\gf_mul$func$/gate04-repo/asic/rtl/bch/bch_78_64_t2_v1.sv:282$1164.a[7:0]$7501
  1430/3952: $6\gf_mul$func$/gate04-repo/asic/rtl/bch/bch_78_64_t2_v1.sv:282$1164.result[6:0]$7497
  1431/3952: $5\gf_mul$func$/gate04-repo/asic/rtl/bch/bch_78_64_t2_v1.sv:282$1164.a[7:0]$7495
  1432/3952: $5\gf_mul$func$/gate04-repo/asic/rtl/bch/bch_78_64_t2_v1.sv:282$1164.result[6:0]$7491
  1433/3952: $4\gf_mul$func$/gate04-repo/asic/rtl/bch/bch_78_64_t2_v1.sv:282$1164.a[7:0]$7489
  1434/3952: $4\gf_mul$func$/gate04-repo/asic/rtl/bch/bch_78_64_t2_v1.sv:282$1164.result[6:0]$7485
  1435/3952: $3\gf_mul$func$/gate04-repo/asic/rtl/bch/bch_78_64_t2_v1.sv:282$1164.a[7:0]$7483
  1436/3952: $3\gf_mul$func$/gate04-repo/asic/rtl/bch/bch_78_64_t2_v1.sv:282$1164.result[6:0]$7479
  1437/3952: $2\gf_mul$func$/gate04-repo/asic/rtl/bch/bch_78_64_t2_v1.sv:282$1164.a[7:0]$7477
  1438/3952: $2\gf_mul$func$/gate04-repo/asic/rtl/bch/bch_78_64_t2_v1.sv:282$1164.result[6:0]$7473
  1439/3952: $34\root_count[31:0]
  1440/3952: $34\candidate_mask[32:32]
  1441/3952: $8\gf_mul$func$/gate04-repo/asic/rtl/bch/bch_78_64_t2_v1.sv:283$1162.a[7:0]$7467
  1442/3952: $8\gf_mul$func$/gate04-repo/asic/rtl/bch/bch_78_64_t2_v1.sv:283$1162.result[6:0]$7463
  1443/3952: $7\gf_mul$func$/gate04-repo/asic/rtl/bch/bch_78_64_t2_v1.sv:283$1162.a[7:0]$7461
  1444/3952: $7\gf_mul$func$/gate04-repo/asic/rtl/bch/bch_78_64_t2_v1.sv:283$1162.result[6:0]$7457
  1445/3952: $6\gf_mul$func$/gate04-repo/asic/rtl/bch/bch_78_64_t2_v1.sv:283$1162.a[7:0]$7455
  1446/3952: $6\gf_mul$func$/gate04-repo/asic/rtl/bch/bch_78_64_t2_v1.sv:283$1162.result[6:0]$7451
  1447/3952: $5\gf_mul$func$/gate04-repo/asic/rtl/bch/bch_78_64_t2_v1.sv:283$1162.a[7:0]$7449
  1448/3952: $5\gf_mul$func$/gate04-repo/asic/rtl/bch/bch_78_64_t2_v1.sv:283$1162.result[6:0]$7445
  1449/3952: $4\gf_mul$func$/gate04-repo/asic/rtl/bch/bch_78_64_t2_v1.sv:283$1162.a[7:0]$7443
  1450/3952: $4\gf_mul$func$/gate04-repo/asic/rtl/bch/bch_78_64_t2_v1.sv:283$1162.result[6:0]$7439
  1451/3952: $3\gf_mul$func$/gate04-repo/asic/rtl/bch/bch_78_64_t2_v1.sv:283$1162.a[7:0]$7437
  1452/3952: $3\gf_mul$func$/gate04-repo/asic/rtl/bch/bch_78_64_t2_v1.sv:283$1162.result[6:0]$7433
  1453/3952: $2\gf_mul$func$/gate04-repo/asic/rtl/bch/bch_78_64_t2_v1.sv:283$1162.a[7:0]$7431
  1454/3952: $2\gf_mul$func$/gate04-repo/asic/rtl/bch/bch_78_64_t2_v1.sv:283$1162.result[6:0]$7427
  1455/3952: $8\gf_mul$func$/gate04-repo/asic/rtl/bch/bch_78_64_t2_v1.sv:282$1161.a[7:0]$7425
  1456/3952: $8\gf_mul$func$/gate04-repo/asic/rtl/bch/bch_78_64_t2_v1.sv:282$1161.result[6:0]$7421
  1457/3952: $7\gf_mul$func$/gate04-repo/asic/rtl/bch/bch_78_64_t2_v1.sv:282$1161.a[7:0]$7419
  1458/3952: $7\gf_mul$func$/gate04-repo/asic/rtl/bch/bch_78_64_t2_v1.sv:282$1161.result[6:0]$7415
  1459/3952: $6\gf_mul$func$/gate04-repo/asic/rtl/bch/bch_78_64_t2_v1.sv:282$1161.a[7:0]$7413
  1460/3952: $6\gf_mul$func$/gate04-repo/asic/rtl/bch/bch_78_64_t2_v1.sv:282$1161.result[6:0]$7409
  1461/3952: $5\gf_mul$func$/gate04-repo/asic/rtl/bch/bch_78_64_t2_v1.sv:282$1161.a[7:0]$7407
  1462/3952: $5\gf_mul$func$/gate04-repo/asic/rtl/bch/bch_78_64_t2_v1.sv:282$1161.result[6:0]$7403
  1463/3952: $4\gf_mul$func$/gate04-repo/asic/rtl/bch/bch_78_64_t2_v1.sv:282$1161.a[7:0]$7401
  1464/3952: $4\gf_mul$func$/gate04-repo/asic/rtl/bch/bch_78_64_t2_v1.sv:282$1161.result[6:0]$7397
  1465/3952: $3\gf_mul$func$/gate04-repo/asic/rtl/bch/bch_78_64_t2_v1.sv:282$1161.a[7:0]$7395
  1466/3952: $3\gf_mul$func$/gate04-repo/asic/rtl/bch/bch_78_64_t2_v1.sv:282$1161.result[6:0]$7391
  1467/3952: $2\gf_mul$func$/gate04-repo/asic/rtl/bch/bch_78_64_t2_v1.sv:282$1161.a[7:0]$7389
  1468/3952: $2\gf_mul$func$/gate04-repo/asic/rtl/bch/bch_78_64_t2_v1.sv:282$1161.result[6:0]$7385
  1469/3952: $33\root_count[31:0]
  1470/3952: $33\candidate_mask[31:31]
  1471/3952: $8\gf_mul$func$/gate04-repo/asic/rtl/bch/bch_78_64_t2_v1.sv:283$1159.a[7:0]$7379
  1472/3952: $8\gf_mul$func$/gate04-repo/asic/rtl/bch/bch_78_64_t2_v1.sv:283$1159.result[6:0]$7375
  1473/3952: $7\gf_mul$func$/gate04-repo/asic/rtl/bch/bch_78_64_t2_v1.sv:283$1159.a[7:0]$7373
  1474/3952: $7\gf_mul$func$/gate04-repo/asic/rtl/bch/bch_78_64_t2_v1.sv:283$1159.result[6:0]$7369
  1475/3952: $6\gf_mul$func$/gate04-repo/asic/rtl/bch/bch_78_64_t2_v1.sv:283$1159.a[7:0]$7367
  1476/3952: $6\gf_mul$func$/gate04-repo/asic/rtl/bch/bch_78_64_t2_v1.sv:283$1159.result[6:0]$7363
  1477/3952: $5\gf_mul$func$/gate04-repo/asic/rtl/bch/bch_78_64_t2_v1.sv:283$1159.a[7:0]$7361
  1478/3952: $5\gf_mul$func$/gate04-repo/asic/rtl/bch/bch_78_64_t2_v1.sv:283$1159.result[6:0]$7357
  1479/3952: $4\gf_mul$func$/gate04-repo/asic/rtl/bch/bch_78_64_t2_v1.sv:283$1159.a[7:0]$7355
  1480/3952: $4\gf_mul$func$/gate04-repo/asic/rtl/bch/bch_78_64_t2_v1.sv:283$1159.result[6:0]$7351
  1481/3952: $3\gf_mul$func$/gate04-repo/asic/rtl/bch/bch_78_64_t2_v1.sv:283$1159.a[7:0]$7349
  1482/3952: $3\gf_mul$func$/gate04-repo/asic/rtl/bch/bch_78_64_t2_v1.sv:283$1159.result[6:0]$7345
  1483/3952: $2\gf_mul$func$/gate04-repo/asic/rtl/bch/bch_78_64_t2_v1.sv:283$1159.a[7:0]$7343
  1484/3952: $2\gf_mul$func$/gate04-repo/asic/rtl/bch/bch_78_64_t2_v1.sv:283$1159.result[6:0]$7339
  1485/3952: $8\gf_mul$func$/gate04-repo/asic/rtl/bch/bch_78_64_t2_v1.sv:282$1158.a[7:0]$7337
  1486/3952: $8\gf_mul$func$/gate04-repo/asic/rtl/bch/bch_78_64_t2_v1.sv:282$1158.result[6:0]$7333
  1487/3952: $7\gf_mul$func$/gate04-repo/asic/rtl/bch/bch_78_64_t2_v1.sv:282$1158.a[7:0]$7331
  1488/3952: $7\gf_mul$func$/gate04-repo/asic/rtl/bch/bch_78_64_t2_v1.sv:282$1158.result[6:0]$7327
  1489/3952: $6\gf_mul$func$/gate04-repo/asic/rtl/bch/bch_78_64_t2_v1.sv:282$1158.a[7:0]$7325
  1490/3952: $6\gf_mul$func$/gate04-repo/asic/rtl/bch/bch_78_64_t2_v1.sv:282$1158.result[6:0]$7321
  1491/3952: $5\gf_mul$func$/gate04-repo/asic/rtl/bch/bch_78_64_t2_v1.sv:282$1158.a[7:0]$7319
  1492/3952: $5\gf_mul$func$/gate04-repo/asic/rtl/bch/bch_78_64_t2_v1.sv:282$1158.result[6:0]$7315
  1493/3952: $4\gf_mul$func$/gate04-repo/asic/rtl/bch/bch_78_64_t2_v1.sv:282$1158.a[7:0]$7313
  1494/3952: $4\gf_mul$func$/gate04-repo/asic/rtl/bch/bch_78_64_t2_v1.sv:282$1158.result[6:0]$7309
  1495/3952: $3\gf_mul$func$/gate04-repo/asic/rtl/bch/bch_78_64_t2_v1.sv:282$1158.a[7:0]$7307
  1496/3952: $3\gf_mul$func$/gate04-repo/asic/rtl/bch/bch_78_64_t2_v1.sv:282$1158.result[6:0]$7303
  1497/3952: $2\gf_mul$func$/gate04-repo/asic/rtl/bch/bch_78_64_t2_v1.sv:282$1158.a[7:0]$7301
  1498/3952: $2\gf_mul$func$/gate04-repo/asic/rtl/bch/bch_78_64_t2_v1.sv:282$1158.result[6:0]$7297
  1499/3952: $32\root_count[31:0]
  1500/3952: $32\candidate_mask[30:30]
  1501/3952: $8\gf_mul$func$/gate04-repo/asic/rtl/bch/bch_78_64_t2_v1.sv:283$1156.a[7:0]$7291
  1502/3952: $8\gf_mul$func$/gate04-repo/asic/rtl/bch/bch_78_64_t2_v1.sv:283$1156.result[6:0]$7287
  1503/3952: $7\gf_mul$func$/gate04-repo/asic/rtl/bch/bch_78_64_t2_v1.sv:283$1156.a[7:0]$7285
  1504/3952: $7\gf_mul$func$/gate04-repo/asic/rtl/bch/bch_78_64_t2_v1.sv:283$1156.result[6:0]$7281
  1505/3952: $6\gf_mul$func$/gate04-repo/asic/rtl/bch/bch_78_64_t2_v1.sv:283$1156.a[7:0]$7279
  1506/3952: $6\gf_mul$func$/gate04-repo/asic/rtl/bch/bch_78_64_t2_v1.sv:283$1156.result[6:0]$7275
  1507/3952: $5\gf_mul$func$/gate04-repo/asic/rtl/bch/bch_78_64_t2_v1.sv:283$1156.a[7:0]$7273
  1508/3952: $5\gf_mul$func$/gate04-repo/asic/rtl/bch/bch_78_64_t2_v1.sv:283$1156.result[6:0]$7269
  1509/3952: $4\gf_mul$func$/gate04-repo/asic/rtl/bch/bch_78_64_t2_v1.sv:283$1156.a[7:0]$7267
  1510/3952: $4\gf_mul$func$/gate04-repo/asic/rtl/bch/bch_78_64_t2_v1.sv:283$1156.result[6:0]$7263
  1511/3952: $3\gf_mul$func$/gate04-repo/asic/rtl/bch/bch_78_64_t2_v1.sv:283$1156.a[7:0]$7261
  1512/3952: $3\gf_mul$func$/gate04-repo/asic/rtl/bch/bch_78_64_t2_v1.sv:283$1156.result[6:0]$7257
  1513/3952: $2\gf_mul$func$/gate04-repo/asic/rtl/bch/bch_78_64_t2_v1.sv:283$1156.a[7:0]$7255
  1514/3952: $2\gf_mul$func$/gate04-repo/asic/rtl/bch/bch_78_64_t2_v1.sv:283$1156.result[6:0]$7251
  1515/3952: $8\gf_mul$func$/gate04-repo/asic/rtl/bch/bch_78_64_t2_v1.sv:282$1155.a[7:0]$7249
  1516/3952: $8\gf_mul$func$/gate04-repo/asic/rtl/bch/bch_78_64_t2_v1.sv:282$1155.result[6:0]$7245
  1517/3952: $7\gf_mul$func$/gate04-repo/asic/rtl/bch/bch_78_64_t2_v1.sv:282$1155.a[7:0]$7243
  1518/3952: $7\gf_mul$func$/gate04-repo/asic/rtl/bch/bch_78_64_t2_v1.sv:282$1155.result[6:0]$7239
  1519/3952: $6\gf_mul$func$/gate04-repo/asic/rtl/bch/bch_78_64_t2_v1.sv:282$1155.a[7:0]$7237
  1520/3952: $6\gf_mul$func$/gate04-repo/asic/rtl/bch/bch_78_64_t2_v1.sv:282$1155.result[6:0]$7233
  1521/3952: $5\gf_mul$func$/gate04-repo/asic/rtl/bch/bch_78_64_t2_v1.sv:282$1155.a[7:0]$7231
  1522/3952: $5\gf_mul$func$/gate04-repo/asic/rtl/bch/bch_78_64_t2_v1.sv:282$1155.result[6:0]$7227
  1523/3952: $4\gf_mul$func$/gate04-repo/asic/rtl/bch/bch_78_64_t2_v1.sv:282$1155.a[7:0]$7225
  1524/3952: $4\gf_mul$func$/gate04-repo/asic/rtl/bch/bch_78_64_t2_v1.sv:282$1155.result[6:0]$7221
  1525/3952: $3\gf_mul$func$/gate04-repo/asic/rtl/bch/bch_78_64_t2_v1.sv:282$1155.a[7:0]$7219
  1526/3952: $3\gf_mul$func$/gate04-repo/asic/rtl/bch/bch_78_64_t2_v1.sv:282$1155.result[6:0]$7215
  1527/3952: $2\gf_mul$func$/gate04-repo/asic/rtl/bch/bch_78_64_t2_v1.sv:282$1155.a[7:0]$7213
  1528/3952: $2\gf_mul$func$/gate04-repo/asic/rtl/bch/bch_78_64_t2_v1.sv:282$1155.result[6:0]$7209
  1529/3952: $31\root_count[31:0]
  1530/3952: $31\candidate_mask[29:29]
  1531/3952: $8\gf_mul$func$/gate04-repo/asic/rtl/bch/bch_78_64_t2_v1.sv:283$1153.a[7:0]$7203
  1532/3952: $8\gf_mul$func$/gate04-repo/asic/rtl/bch/bch_78_64_t2_v1.sv:283$1153.result[6:0]$7199
  1533/3952: $7\gf_mul$func$/gate04-repo/asic/rtl/bch/bch_78_64_t2_v1.sv:283$1153.a[7:0]$7197
  1534/3952: $7\gf_mul$func$/gate04-repo/asic/rtl/bch/bch_78_64_t2_v1.sv:283$1153.result[6:0]$7193
  1535/3952: $6\gf_mul$func$/gate04-repo/asic/rtl/bch/bch_78_64_t2_v1.sv:283$1153.a[7:0]$7191
  1536/3952: $6\gf_mul$func$/gate04-repo/asic/rtl/bch/bch_78_64_t2_v1.sv:283$1153.result[6:0]$7187
  1537/3952: $5\gf_mul$func$/gate04-repo/asic/rtl/bch/bch_78_64_t2_v1.sv:283$1153.a[7:0]$7185
  1538/3952: $5\gf_mul$func$/gate04-repo/asic/rtl/bch/bch_78_64_t2_v1.sv:283$1153.result[6:0]$7181
  1539/3952: $4\gf_mul$func$/gate04-repo/asic/rtl/bch/bch_78_64_t2_v1.sv:283$1153.a[7:0]$7179
  1540/3952: $4\gf_mul$func$/gate04-repo/asic/rtl/bch/bch_78_64_t2_v1.sv:283$1153.result[6:0]$7175
  1541/3952: $3\gf_mul$func$/gate04-repo/asic/rtl/bch/bch_78_64_t2_v1.sv:283$1153.a[7:0]$7173
  1542/3952: $3\gf_mul$func$/gate04-repo/asic/rtl/bch/bch_78_64_t2_v1.sv:283$1153.result[6:0]$7169
  1543/3952: $2\gf_mul$func$/gate04-repo/asic/rtl/bch/bch_78_64_t2_v1.sv:283$1153.a[7:0]$7167
  1544/3952: $2\gf_mul$func$/gate04-repo/asic/rtl/bch/bch_78_64_t2_v1.sv:283$1153.result[6:0]$7163
  1545/3952: $8\gf_mul$func$/gate04-repo/asic/rtl/bch/bch_78_64_t2_v1.sv:282$1152.a[7:0]$7161
  1546/3952: $8\gf_mul$func$/gate04-repo/asic/rtl/bch/bch_78_64_t2_v1.sv:282$1152.result[6:0]$7157
  1547/3952: $7\gf_mul$func$/gate04-repo/asic/rtl/bch/bch_78_64_t2_v1.sv:282$1152.a[7:0]$7155
  1548/3952: $7\gf_mul$func$/gate04-repo/asic/rtl/bch/bch_78_64_t2_v1.sv:282$1152.result[6:0]$7151
  1549/3952: $6\gf_mul$func$/gate04-repo/asic/rtl/bch/bch_78_64_t2_v1.sv:282$1152.a[7:0]$7149
  1550/3952: $6\gf_mul$func$/gate04-repo/asic/rtl/bch/bch_78_64_t2_v1.sv:282$1152.result[6:0]$7145
  1551/3952: $5\gf_mul$func$/gate04-repo/asic/rtl/bch/bch_78_64_t2_v1.sv:282$1152.a[7:0]$7143
  1552/3952: $5\gf_mul$func$/gate04-repo/asic/rtl/bch/bch_78_64_t2_v1.sv:282$1152.result[6:0]$7139
  1553/3952: $4\gf_mul$func$/gate04-repo/asic/rtl/bch/bch_78_64_t2_v1.sv:282$1152.a[7:0]$7137
  1554/3952: $4\gf_mul$func$/gate04-repo/asic/rtl/bch/bch_78_64_t2_v1.sv:282$1152.result[6:0]$7133
  1555/3952: $3\gf_mul$func$/gate04-repo/asic/rtl/bch/bch_78_64_t2_v1.sv:282$1152.a[7:0]$7131
  1556/3952: $3\gf_mul$func$/gate04-repo/asic/rtl/bch/bch_78_64_t2_v1.sv:282$1152.result[6:0]$7127
  1557/3952: $2\gf_mul$func$/gate04-repo/asic/rtl/bch/bch_78_64_t2_v1.sv:282$1152.a[7:0]$7125
  1558/3952: $2\gf_mul$func$/gate04-repo/asic/rtl/bch/bch_78_64_t2_v1.sv:282$1152.result[6:0]$7121
  1559/3952: $30\root_count[31:0]
  1560/3952: $30\candidate_mask[28:28]
  1561/3952: $8\gf_mul$func$/gate04-repo/asic/rtl/bch/bch_78_64_t2_v1.sv:283$1150.a[7:0]$7115
  1562/3952: $8\gf_mul$func$/gate04-repo/asic/rtl/bch/bch_78_64_t2_v1.sv:283$1150.result[6:0]$7111
  1563/3952: $7\gf_mul$func$/gate04-repo/asic/rtl/bch/bch_78_64_t2_v1.sv:283$1150.a[7:0]$7109
  1564/3952: $7\gf_mul$func$/gate04-repo/asic/rtl/bch/bch_78_64_t2_v1.sv:283$1150.result[6:0]$7105
  1565/3952: $6\gf_mul$func$/gate04-repo/asic/rtl/bch/bch_78_64_t2_v1.sv:283$1150.a[7:0]$7103
  1566/3952: $6\gf_mul$func$/gate04-repo/asic/rtl/bch/bch_78_64_t2_v1.sv:283$1150.result[6:0]$7099
  1567/3952: $5\gf_mul$func$/gate04-repo/asic/rtl/bch/bch_78_64_t2_v1.sv:283$1150.a[7:0]$7097
  1568/3952: $5\gf_mul$func$/gate04-repo/asic/rtl/bch/bch_78_64_t2_v1.sv:283$1150.result[6:0]$7093
  1569/3952: $4\gf_mul$func$/gate04-repo/asic/rtl/bch/bch_78_64_t2_v1.sv:283$1150.a[7:0]$7091
  1570/3952: $4\gf_mul$func$/gate04-repo/asic/rtl/bch/bch_78_64_t2_v1.sv:283$1150.result[6:0]$7087
  1571/3952: $3\gf_mul$func$/gate04-repo/asic/rtl/bch/bch_78_64_t2_v1.sv:283$1150.a[7:0]$7085
  1572/3952: $3\gf_mul$func$/gate04-repo/asic/rtl/bch/bch_78_64_t2_v1.sv:283$1150.result[6:0]$7081
  1573/3952: $2\gf_mul$func$/gate04-repo/asic/rtl/bch/bch_78_64_t2_v1.sv:283$1150.a[7:0]$7079
  1574/3952: $2\gf_mul$func$/gate04-repo/asic/rtl/bch/bch_78_64_t2_v1.sv:283$1150.result[6:0]$7075
  1575/3952: $8\gf_mul$func$/gate04-repo/asic/rtl/bch/bch_78_64_t2_v1.sv:282$1149.a[7:0]$7073
  1576/3952: $8\gf_mul$func$/gate04-repo/asic/rtl/bch/bch_78_64_t2_v1.sv:282$1149.result[6:0]$7069
  1577/3952: $7\gf_mul$func$/gate04-repo/asic/rtl/bch/bch_78_64_t2_v1.sv:282$1149.a[7:0]$7067
  1578/3952: $7\gf_mul$func$/gate04-repo/asic/rtl/bch/bch_78_64_t2_v1.sv:282$1149.result[6:0]$7063
  1579/3952: $6\gf_mul$func$/gate04-repo/asic/rtl/bch/bch_78_64_t2_v1.sv:282$1149.a[7:0]$7061
  1580/3952: $6\gf_mul$func$/gate04-repo/asic/rtl/bch/bch_78_64_t2_v1.sv:282$1149.result[6:0]$7057
  1581/3952: $5\gf_mul$func$/gate04-repo/asic/rtl/bch/bch_78_64_t2_v1.sv:282$1149.a[7:0]$7055
  1582/3952: $5\gf_mul$func$/gate04-repo/asic/rtl/bch/bch_78_64_t2_v1.sv:282$1149.result[6:0]$7051
  1583/3952: $4\gf_mul$func$/gate04-repo/asic/rtl/bch/bch_78_64_t2_v1.sv:282$1149.a[7:0]$7049
  1584/3952: $4\gf_mul$func$/gate04-repo/asic/rtl/bch/bch_78_64_t2_v1.sv:282$1149.result[6:0]$7045
  1585/3952: $3\gf_mul$func$/gate04-repo/asic/rtl/bch/bch_78_64_t2_v1.sv:282$1149.a[7:0]$7043
  1586/3952: $3\gf_mul$func$/gate04-repo/asic/rtl/bch/bch_78_64_t2_v1.sv:282$1149.result[6:0]$7039
  1587/3952: $2\gf_mul$func$/gate04-repo/asic/rtl/bch/bch_78_64_t2_v1.sv:282$1149.a[7:0]$7037
  1588/3952: $2\gf_mul$func$/gate04-repo/asic/rtl/bch/bch_78_64_t2_v1.sv:282$1149.result[6:0]$7033
  1589/3952: $29\root_count[31:0]
  1590/3952: $29\candidate_mask[27:27]
  1591/3952: $8\gf_mul$func$/gate04-repo/asic/rtl/bch/bch_78_64_t2_v1.sv:283$1147.a[7:0]$7027
  1592/3952: $8\gf_mul$func$/gate04-repo/asic/rtl/bch/bch_78_64_t2_v1.sv:283$1147.result[6:0]$7023
  1593/3952: $7\gf_mul$func$/gate04-repo/asic/rtl/bch/bch_78_64_t2_v1.sv:283$1147.a[7:0]$7021
  1594/3952: $7\gf_mul$func$/gate04-repo/asic/rtl/bch/bch_78_64_t2_v1.sv:283$1147.result[6:0]$7017
  1595/3952: $6\gf_mul$func$/gate04-repo/asic/rtl/bch/bch_78_64_t2_v1.sv:283$1147.a[7:0]$7015
  1596/3952: $6\gf_mul$func$/gate04-repo/asic/rtl/bch/bch_78_64_t2_v1.sv:283$1147.result[6:0]$7011
  1597/3952: $5\gf_mul$func$/gate04-repo/asic/rtl/bch/bch_78_64_t2_v1.sv:283$1147.a[7:0]$7009
  1598/3952: $5\gf_mul$func$/gate04-repo/asic/rtl/bch/bch_78_64_t2_v1.sv:283$1147.result[6:0]$7005
  1599/3952: $4\gf_mul$func$/gate04-repo/asic/rtl/bch/bch_78_64_t2_v1.sv:283$1147.a[7:0]$7003
  1600/3952: $4\gf_mul$func$/gate04-repo/asic/rtl/bch/bch_78_64_t2_v1.sv:283$1147.result[6:0]$6999
  1601/3952: $3\gf_mul$func$/gate04-repo/asic/rtl/bch/bch_78_64_t2_v1.sv:283$1147.a[7:0]$6997
  1602/3952: $3\gf_mul$func$/gate04-repo/asic/rtl/bch/bch_78_64_t2_v1.sv:283$1147.result[6:0]$6993
  1603/3952: $2\gf_mul$func$/gate04-repo/asic/rtl/bch/bch_78_64_t2_v1.sv:283$1147.a[7:0]$6991
  1604/3952: $2\gf_mul$func$/gate04-repo/asic/rtl/bch/bch_78_64_t2_v1.sv:283$1147.result[6:0]$6987
  1605/3952: $8\gf_mul$func$/gate04-repo/asic/rtl/bch/bch_78_64_t2_v1.sv:282$1146.a[7:0]$6985
  1606/3952: $8\gf_mul$func$/gate04-repo/asic/rtl/bch/bch_78_64_t2_v1.sv:282$1146.result[6:0]$6981
  1607/3952: $7\gf_mul$func$/gate04-repo/asic/rtl/bch/bch_78_64_t2_v1.sv:282$1146.a[7:0]$6979
  1608/3952: $7\gf_mul$func$/gate04-repo/asic/rtl/bch/bch_78_64_t2_v1.sv:282$1146.result[6:0]$6975
  1609/3952: $6\gf_mul$func$/gate04-repo/asic/rtl/bch/bch_78_64_t2_v1.sv:282$1146.a[7:0]$6973
  1610/3952: $6\gf_mul$func$/gate04-repo/asic/rtl/bch/bch_78_64_t2_v1.sv:282$1146.result[6:0]$6969
  1611/3952: $5\gf_mul$func$/gate04-repo/asic/rtl/bch/bch_78_64_t2_v1.sv:282$1146.a[7:0]$6967
  1612/3952: $5\gf_mul$func$/gate04-repo/asic/rtl/bch/bch_78_64_t2_v1.sv:282$1146.result[6:0]$6963
  1613/3952: $4\gf_mul$func$/gate04-repo/asic/rtl/bch/bch_78_64_t2_v1.sv:282$1146.a[7:0]$6961
  1614/3952: $4\gf_mul$func$/gate04-repo/asic/rtl/bch/bch_78_64_t2_v1.sv:282$1146.result[6:0]$6957
  1615/3952: $3\gf_mul$func$/gate04-repo/asic/rtl/bch/bch_78_64_t2_v1.sv:282$1146.a[7:0]$6955
  1616/3952: $3\gf_mul$func$/gate04-repo/asic/rtl/bch/bch_78_64_t2_v1.sv:282$1146.result[6:0]$6951
  1617/3952: $2\gf_mul$func$/gate04-repo/asic/rtl/bch/bch_78_64_t2_v1.sv:282$1146.a[7:0]$6949
  1618/3952: $2\gf_mul$func$/gate04-repo/asic/rtl/bch/bch_78_64_t2_v1.sv:282$1146.result[6:0]$6945
  1619/3952: $28\root_count[31:0]
  1620/3952: $28\candidate_mask[26:26]
  1621/3952: $8\gf_mul$func$/gate04-repo/asic/rtl/bch/bch_78_64_t2_v1.sv:283$1144.a[7:0]$6939
  1622/3952: $8\gf_mul$func$/gate04-repo/asic/rtl/bch/bch_78_64_t2_v1.sv:283$1144.result[6:0]$6935
  1623/3952: $7\gf_mul$func$/gate04-repo/asic/rtl/bch/bch_78_64_t2_v1.sv:283$1144.a[7:0]$6933
  1624/3952: $7\gf_mul$func$/gate04-repo/asic/rtl/bch/bch_78_64_t2_v1.sv:283$1144.result[6:0]$6929
  1625/3952: $6\gf_mul$func$/gate04-repo/asic/rtl/bch/bch_78_64_t2_v1.sv:283$1144.a[7:0]$6927
  1626/3952: $6\gf_mul$func$/gate04-repo/asic/rtl/bch/bch_78_64_t2_v1.sv:283$1144.result[6:0]$6923
  1627/3952: $5\gf_mul$func$/gate04-repo/asic/rtl/bch/bch_78_64_t2_v1.sv:283$1144.a[7:0]$6921
  1628/3952: $5\gf_mul$func$/gate04-repo/asic/rtl/bch/bch_78_64_t2_v1.sv:283$1144.result[6:0]$6917
  1629/3952: $4\gf_mul$func$/gate04-repo/asic/rtl/bch/bch_78_64_t2_v1.sv:283$1144.a[7:0]$6915
  1630/3952: $4\gf_mul$func$/gate04-repo/asic/rtl/bch/bch_78_64_t2_v1.sv:283$1144.result[6:0]$6911
  1631/3952: $3\gf_mul$func$/gate04-repo/asic/rtl/bch/bch_78_64_t2_v1.sv:283$1144.a[7:0]$6909
  1632/3952: $3\gf_mul$func$/gate04-repo/asic/rtl/bch/bch_78_64_t2_v1.sv:283$1144.result[6:0]$6905
  1633/3952: $2\gf_mul$func$/gate04-repo/asic/rtl/bch/bch_78_64_t2_v1.sv:283$1144.a[7:0]$6903
  1634/3952: $2\gf_mul$func$/gate04-repo/asic/rtl/bch/bch_78_64_t2_v1.sv:283$1144.result[6:0]$6899
  1635/3952: $8\gf_mul$func$/gate04-repo/asic/rtl/bch/bch_78_64_t2_v1.sv:282$1143.a[7:0]$6897
  1636/3952: $8\gf_mul$func$/gate04-repo/asic/rtl/bch/bch_78_64_t2_v1.sv:282$1143.result[6:0]$6893
  1637/3952: $7\gf_mul$func$/gate04-repo/asic/rtl/bch/bch_78_64_t2_v1.sv:282$1143.a[7:0]$6891
  1638/3952: $7\gf_mul$func$/gate04-repo/asic/rtl/bch/bch_78_64_t2_v1.sv:282$1143.result[6:0]$6887
  1639/3952: $6\gf_mul$func$/gate04-repo/asic/rtl/bch/bch_78_64_t2_v1.sv:282$1143.a[7:0]$6885
  1640/3952: $6\gf_mul$func$/gate04-repo/asic/rtl/bch/bch_78_64_t2_v1.sv:282$1143.result[6:0]$6881
  1641/3952: $5\gf_mul$func$/gate04-repo/asic/rtl/bch/bch_78_64_t2_v1.sv:282$1143.a[7:0]$6879
  1642/3952: $5\gf_mul$func$/gate04-repo/asic/rtl/bch/bch_78_64_t2_v1.sv:282$1143.result[6:0]$6875
  1643/3952: $4\gf_mul$func$/gate04-repo/asic/rtl/bch/bch_78_64_t2_v1.sv:282$1143.a[7:0]$6873
  1644/3952: $4\gf_mul$func$/gate04-repo/asic/rtl/bch/bch_78_64_t2_v1.sv:282$1143.result[6:0]$6869
  1645/3952: $3\gf_mul$func$/gate04-repo/asic/rtl/bch/bch_78_64_t2_v1.sv:282$1143.a[7:0]$6867
  1646/3952: $3\gf_mul$func$/gate04-repo/asic/rtl/bch/bch_78_64_t2_v1.sv:282$1143.result[6:0]$6863
  1647/3952: $2\gf_mul$func$/gate04-repo/asic/rtl/bch/bch_78_64_t2_v1.sv:282$1143.a[7:0]$6861
  1648/3952: $2\gf_mul$func$/gate04-repo/asic/rtl/bch/bch_78_64_t2_v1.sv:282$1143.result[6:0]$6857
  1649/3952: $27\root_count[31:0]
  1650/3952: $27\candidate_mask[25:25]
  1651/3952: $8\gf_mul$func$/gate04-repo/asic/rtl/bch/bch_78_64_t2_v1.sv:283$1141.a[7:0]$6851
  1652/3952: $8\gf_mul$func$/gate04-repo/asic/rtl/bch/bch_78_64_t2_v1.sv:283$1141.result[6:0]$6847
  1653/3952: $7\gf_mul$func$/gate04-repo/asic/rtl/bch/bch_78_64_t2_v1.sv:283$1141.a[7:0]$6845
  1654/3952: $7\gf_mul$func$/gate04-repo/asic/rtl/bch/bch_78_64_t2_v1.sv:283$1141.result[6:0]$6841
  1655/3952: $6\gf_mul$func$/gate04-repo/asic/rtl/bch/bch_78_64_t2_v1.sv:283$1141.a[7:0]$6839
  1656/3952: $6\gf_mul$func$/gate04-repo/asic/rtl/bch/bch_78_64_t2_v1.sv:283$1141.result[6:0]$6835
  1657/3952: $5\gf_mul$func$/gate04-repo/asic/rtl/bch/bch_78_64_t2_v1.sv:283$1141.a[7:0]$6833
  1658/3952: $5\gf_mul$func$/gate04-repo/asic/rtl/bch/bch_78_64_t2_v1.sv:283$1141.result[6:0]$6829
  1659/3952: $4\gf_mul$func$/gate04-repo/asic/rtl/bch/bch_78_64_t2_v1.sv:283$1141.a[7:0]$6827
  1660/3952: $4\gf_mul$func$/gate04-repo/asic/rtl/bch/bch_78_64_t2_v1.sv:283$1141.result[6:0]$6823
  1661/3952: $3\gf_mul$func$/gate04-repo/asic/rtl/bch/bch_78_64_t2_v1.sv:283$1141.a[7:0]$6821
  1662/3952: $3\gf_mul$func$/gate04-repo/asic/rtl/bch/bch_78_64_t2_v1.sv:283$1141.result[6:0]$6817
  1663/3952: $2\gf_mul$func$/gate04-repo/asic/rtl/bch/bch_78_64_t2_v1.sv:283$1141.a[7:0]$6815
  1664/3952: $2\gf_mul$func$/gate04-repo/asic/rtl/bch/bch_78_64_t2_v1.sv:283$1141.result[6:0]$6811
  1665/3952: $8\gf_mul$func$/gate04-repo/asic/rtl/bch/bch_78_64_t2_v1.sv:282$1140.a[7:0]$6809
  1666/3952: $8\gf_mul$func$/gate04-repo/asic/rtl/bch/bch_78_64_t2_v1.sv:282$1140.result[6:0]$6805
  1667/3952: $7\gf_mul$func$/gate04-repo/asic/rtl/bch/bch_78_64_t2_v1.sv:282$1140.a[7:0]$6803
  1668/3952: $7\gf_mul$func$/gate04-repo/asic/rtl/bch/bch_78_64_t2_v1.sv:282$1140.result[6:0]$6799
  1669/3952: $6\gf_mul$func$/gate04-repo/asic/rtl/bch/bch_78_64_t2_v1.sv:282$1140.a[7:0]$6797
  1670/3952: $6\gf_mul$func$/gate04-repo/asic/rtl/bch/bch_78_64_t2_v1.sv:282$1140.result[6:0]$6793
  1671/3952: $5\gf_mul$func$/gate04-repo/asic/rtl/bch/bch_78_64_t2_v1.sv:282$1140.a[7:0]$6791
  1672/3952: $5\gf_mul$func$/gate04-repo/asic/rtl/bch/bch_78_64_t2_v1.sv:282$1140.result[6:0]$6787
  1673/3952: $4\gf_mul$func$/gate04-repo/asic/rtl/bch/bch_78_64_t2_v1.sv:282$1140.a[7:0]$6785
  1674/3952: $4\gf_mul$func$/gate04-repo/asic/rtl/bch/bch_78_64_t2_v1.sv:282$1140.result[6:0]$6781
  1675/3952: $3\gf_mul$func$/gate04-repo/asic/rtl/bch/bch_78_64_t2_v1.sv:282$1140.a[7:0]$6779
  1676/3952: $3\gf_mul$func$/gate04-repo/asic/rtl/bch/bch_78_64_t2_v1.sv:282$1140.result[6:0]$6775
  1677/3952: $2\gf_mul$func$/gate04-repo/asic/rtl/bch/bch_78_64_t2_v1.sv:282$1140.a[7:0]$6773
  1678/3952: $2\gf_mul$func$/gate04-repo/asic/rtl/bch/bch_78_64_t2_v1.sv:282$1140.result[6:0]$6769
  1679/3952: $26\root_count[31:0]
  1680/3952: $26\candidate_mask[24:24]
  1681/3952: $8\gf_mul$func$/gate04-repo/asic/rtl/bch/bch_78_64_t2_v1.sv:283$1138.a[7:0]$6763
  1682/3952: $8\gf_mul$func$/gate04-repo/asic/rtl/bch/bch_78_64_t2_v1.sv:283$1138.result[6:0]$6759
  1683/3952: $7\gf_mul$func$/gate04-repo/asic/rtl/bch/bch_78_64_t2_v1.sv:283$1138.a[7:0]$6757
  1684/3952: $7\gf_mul$func$/gate04-repo/asic/rtl/bch/bch_78_64_t2_v1.sv:283$1138.result[6:0]$6753
  1685/3952: $6\gf_mul$func$/gate04-repo/asic/rtl/bch/bch_78_64_t2_v1.sv:283$1138.a[7:0]$6751
  1686/3952: $6\gf_mul$func$/gate04-repo/asic/rtl/bch/bch_78_64_t2_v1.sv:283$1138.result[6:0]$6747
  1687/3952: $5\gf_mul$func$/gate04-repo/asic/rtl/bch/bch_78_64_t2_v1.sv:283$1138.a[7:0]$6745
  1688/3952: $5\gf_mul$func$/gate04-repo/asic/rtl/bch/bch_78_64_t2_v1.sv:283$1138.result[6:0]$6741
  1689/3952: $4\gf_mul$func$/gate04-repo/asic/rtl/bch/bch_78_64_t2_v1.sv:283$1138.a[7:0]$6739
  1690/3952: $4\gf_mul$func$/gate04-repo/asic/rtl/bch/bch_78_64_t2_v1.sv:283$1138.result[6:0]$6735
  1691/3952: $3\gf_mul$func$/gate04-repo/asic/rtl/bch/bch_78_64_t2_v1.sv:283$1138.a[7:0]$6733
  1692/3952: $3\gf_mul$func$/gate04-repo/asic/rtl/bch/bch_78_64_t2_v1.sv:283$1138.result[6:0]$6729
  1693/3952: $2\gf_mul$func$/gate04-repo/asic/rtl/bch/bch_78_64_t2_v1.sv:283$1138.a[7:0]$6727
  1694/3952: $2\gf_mul$func$/gate04-repo/asic/rtl/bch/bch_78_64_t2_v1.sv:283$1138.result[6:0]$6723
  1695/3952: $8\gf_mul$func$/gate04-repo/asic/rtl/bch/bch_78_64_t2_v1.sv:282$1137.a[7:0]$6721
  1696/3952: $8\gf_mul$func$/gate04-repo/asic/rtl/bch/bch_78_64_t2_v1.sv:282$1137.result[6:0]$6717
  1697/3952: $7\gf_mul$func$/gate04-repo/asic/rtl/bch/bch_78_64_t2_v1.sv:282$1137.a[7:0]$6715
  1698/3952: $7\gf_mul$func$/gate04-repo/asic/rtl/bch/bch_78_64_t2_v1.sv:282$1137.result[6:0]$6711
  1699/3952: $6\gf_mul$func$/gate04-repo/asic/rtl/bch/bch_78_64_t2_v1.sv:282$1137.a[7:0]$6709
  1700/3952: $6\gf_mul$func$/gate04-repo/asic/rtl/bch/bch_78_64_t2_v1.sv:282$1137.result[6:0]$6705
  1701/3952: $5\gf_mul$func$/gate04-repo/asic/rtl/bch/bch_78_64_t2_v1.sv:282$1137.a[7:0]$6703
  1702/3952: $5\gf_mul$func$/gate04-repo/asic/rtl/bch/bch_78_64_t2_v1.sv:282$1137.result[6:0]$6699
  1703/3952: $4\gf_mul$func$/gate04-repo/asic/rtl/bch/bch_78_64_t2_v1.sv:282$1137.a[7:0]$6697
  1704/3952: $4\gf_mul$func$/gate04-repo/asic/rtl/bch/bch_78_64_t2_v1.sv:282$1137.result[6:0]$6693
  1705/3952: $3\gf_mul$func$/gate04-repo/asic/rtl/bch/bch_78_64_t2_v1.sv:282$1137.a[7:0]$6691
  1706/3952: $3\gf_mul$func$/gate04-repo/asic/rtl/bch/bch_78_64_t2_v1.sv:282$1137.result[6:0]$6687
  1707/3952: $2\gf_mul$func$/gate04-repo/asic/rtl/bch/bch_78_64_t2_v1.sv:282$1137.a[7:0]$6685
  1708/3952: $2\gf_mul$func$/gate04-repo/asic/rtl/bch/bch_78_64_t2_v1.sv:282$1137.result[6:0]$6681
  1709/3952: $25\root_count[31:0]
  1710/3952: $25\candidate_mask[23:23]
  1711/3952: $8\gf_mul$func$/gate04-repo/asic/rtl/bch/bch_78_64_t2_v1.sv:283$1135.a[7:0]$6675
  1712/3952: $8\gf_mul$func$/gate04-repo/asic/rtl/bch/bch_78_64_t2_v1.sv:283$1135.result[6:0]$6671
  1713/3952: $7\gf_mul$func$/gate04-repo/asic/rtl/bch/bch_78_64_t2_v1.sv:283$1135.a[7:0]$6669
  1714/3952: $7\gf_mul$func$/gate04-repo/asic/rtl/bch/bch_78_64_t2_v1.sv:283$1135.result[6:0]$6665
  1715/3952: $6\gf_mul$func$/gate04-repo/asic/rtl/bch/bch_78_64_t2_v1.sv:283$1135.a[7:0]$6663
  1716/3952: $6\gf_mul$func$/gate04-repo/asic/rtl/bch/bch_78_64_t2_v1.sv:283$1135.result[6:0]$6659
  1717/3952: $5\gf_mul$func$/gate04-repo/asic/rtl/bch/bch_78_64_t2_v1.sv:283$1135.a[7:0]$6657
  1718/3952: $5\gf_mul$func$/gate04-repo/asic/rtl/bch/bch_78_64_t2_v1.sv:283$1135.result[6:0]$6653
  1719/3952: $4\gf_mul$func$/gate04-repo/asic/rtl/bch/bch_78_64_t2_v1.sv:283$1135.a[7:0]$6651
  1720/3952: $4\gf_mul$func$/gate04-repo/asic/rtl/bch/bch_78_64_t2_v1.sv:283$1135.result[6:0]$6647
  1721/3952: $3\gf_mul$func$/gate04-repo/asic/rtl/bch/bch_78_64_t2_v1.sv:283$1135.a[7:0]$6645
  1722/3952: $3\gf_mul$func$/gate04-repo/asic/rtl/bch/bch_78_64_t2_v1.sv:283$1135.result[6:0]$6641
  1723/3952: $2\gf_mul$func$/gate04-repo/asic/rtl/bch/bch_78_64_t2_v1.sv:283$1135.a[7:0]$6639
  1724/3952: $2\gf_mul$func$/gate04-repo/asic/rtl/bch/bch_78_64_t2_v1.sv:283$1135.result[6:0]$6635
  1725/3952: $8\gf_mul$func$/gate04-repo/asic/rtl/bch/bch_78_64_t2_v1.sv:282$1134.a[7:0]$6633
  1726/3952: $8\gf_mul$func$/gate04-repo/asic/rtl/bch/bch_78_64_t2_v1.sv:282$1134.result[6:0]$6629
  1727/3952: $7\gf_mul$func$/gate04-repo/asic/rtl/bch/bch_78_64_t2_v1.sv:282$1134.a[7:0]$6627
  1728/3952: $7\gf_mul$func$/gate04-repo/asic/rtl/bch/bch_78_64_t2_v1.sv:282$1134.result[6:0]$6623
  1729/3952: $6\gf_mul$func$/gate04-repo/asic/rtl/bch/bch_78_64_t2_v1.sv:282$1134.a[7:0]$6621
  1730/3952: $6\gf_mul$func$/gate04-repo/asic/rtl/bch/bch_78_64_t2_v1.sv:282$1134.result[6:0]$6617
  1731/3952: $5\gf_mul$func$/gate04-repo/asic/rtl/bch/bch_78_64_t2_v1.sv:282$1134.a[7:0]$6615
  1732/3952: $5\gf_mul$func$/gate04-repo/asic/rtl/bch/bch_78_64_t2_v1.sv:282$1134.result[6:0]$6611
  1733/3952: $4\gf_mul$func$/gate04-repo/asic/rtl/bch/bch_78_64_t2_v1.sv:282$1134.a[7:0]$6609
  1734/3952: $4\gf_mul$func$/gate04-repo/asic/rtl/bch/bch_78_64_t2_v1.sv:282$1134.result[6:0]$6605
  1735/3952: $3\gf_mul$func$/gate04-repo/asic/rtl/bch/bch_78_64_t2_v1.sv:282$1134.a[7:0]$6603
  1736/3952: $3\gf_mul$func$/gate04-repo/asic/rtl/bch/bch_78_64_t2_v1.sv:282$1134.result[6:0]$6599
  1737/3952: $2\gf_mul$func$/gate04-repo/asic/rtl/bch/bch_78_64_t2_v1.sv:282$1134.a[7:0]$6597
  1738/3952: $2\gf_mul$func$/gate04-repo/asic/rtl/bch/bch_78_64_t2_v1.sv:282$1134.result[6:0]$6593
  1739/3952: $24\root_count[31:0]
  1740/3952: $24\candidate_mask[22:22]
  1741/3952: $8\gf_mul$func$/gate04-repo/asic/rtl/bch/bch_78_64_t2_v1.sv:283$1132.a[7:0]$6587
  1742/3952: $8\gf_mul$func$/gate04-repo/asic/rtl/bch/bch_78_64_t2_v1.sv:283$1132.result[6:0]$6583
  1743/3952: $7\gf_mul$func$/gate04-repo/asic/rtl/bch/bch_78_64_t2_v1.sv:283$1132.a[7:0]$6581
  1744/3952: $7\gf_mul$func$/gate04-repo/asic/rtl/bch/bch_78_64_t2_v1.sv:283$1132.result[6:0]$6577
  1745/3952: $6\gf_mul$func$/gate04-repo/asic/rtl/bch/bch_78_64_t2_v1.sv:283$1132.a[7:0]$6575
  1746/3952: $6\gf_mul$func$/gate04-repo/asic/rtl/bch/bch_78_64_t2_v1.sv:283$1132.result[6:0]$6571
  1747/3952: $5\gf_mul$func$/gate04-repo/asic/rtl/bch/bch_78_64_t2_v1.sv:283$1132.a[7:0]$6569
  1748/3952: $5\gf_mul$func$/gate04-repo/asic/rtl/bch/bch_78_64_t2_v1.sv:283$1132.result[6:0]$6565
  1749/3952: $4\gf_mul$func$/gate04-repo/asic/rtl/bch/bch_78_64_t2_v1.sv:283$1132.a[7:0]$6563
  1750/3952: $4\gf_mul$func$/gate04-repo/asic/rtl/bch/bch_78_64_t2_v1.sv:283$1132.result[6:0]$6559
  1751/3952: $3\gf_mul$func$/gate04-repo/asic/rtl/bch/bch_78_64_t2_v1.sv:283$1132.a[7:0]$6557
  1752/3952: $3\gf_mul$func$/gate04-repo/asic/rtl/bch/bch_78_64_t2_v1.sv:283$1132.result[6:0]$6553
  1753/3952: $2\gf_mul$func$/gate04-repo/asic/rtl/bch/bch_78_64_t2_v1.sv:283$1132.a[7:0]$6551
  1754/3952: $2\gf_mul$func$/gate04-repo/asic/rtl/bch/bch_78_64_t2_v1.sv:283$1132.result[6:0]$6547
  1755/3952: $8\gf_mul$func$/gate04-repo/asic/rtl/bch/bch_78_64_t2_v1.sv:282$1131.a[7:0]$6545
  1756/3952: $8\gf_mul$func$/gate04-repo/asic/rtl/bch/bch_78_64_t2_v1.sv:282$1131.result[6:0]$6541
  1757/3952: $7\gf_mul$func$/gate04-repo/asic/rtl/bch/bch_78_64_t2_v1.sv:282$1131.a[7:0]$6539
  1758/3952: $7\gf_mul$func$/gate04-repo/asic/rtl/bch/bch_78_64_t2_v1.sv:282$1131.result[6:0]$6535
  1759/3952: $6\gf_mul$func$/gate04-repo/asic/rtl/bch/bch_78_64_t2_v1.sv:282$1131.a[7:0]$6533
  1760/3952: $6\gf_mul$func$/gate04-repo/asic/rtl/bch/bch_78_64_t2_v1.sv:282$1131.result[6:0]$6529
  1761/3952: $5\gf_mul$func$/gate04-repo/asic/rtl/bch/bch_78_64_t2_v1.sv:282$1131.a[7:0]$6527
  1762/3952: $5\gf_mul$func$/gate04-repo/asic/rtl/bch/bch_78_64_t2_v1.sv:282$1131.result[6:0]$6523
  1763/3952: $4\gf_mul$func$/gate04-repo/asic/rtl/bch/bch_78_64_t2_v1.sv:282$1131.a[7:0]$6521
  1764/3952: $4\gf_mul$func$/gate04-repo/asic/rtl/bch/bch_78_64_t2_v1.sv:282$1131.result[6:0]$6517
  1765/3952: $3\gf_mul$func$/gate04-repo/asic/rtl/bch/bch_78_64_t2_v1.sv:282$1131.a[7:0]$6515
  1766/3952: $3\gf_mul$func$/gate04-repo/asic/rtl/bch/bch_78_64_t2_v1.sv:282$1131.result[6:0]$6511
  1767/3952: $2\gf_mul$func$/gate04-repo/asic/rtl/bch/bch_78_64_t2_v1.sv:282$1131.a[7:0]$6509
  1768/3952: $2\gf_mul$func$/gate04-repo/asic/rtl/bch/bch_78_64_t2_v1.sv:282$1131.result[6:0]$6505
  1769/3952: $23\root_count[31:0]
  1770/3952: $23\candidate_mask[21:21]
  1771/3952: $8\gf_mul$func$/gate04-repo/asic/rtl/bch/bch_78_64_t2_v1.sv:283$1129.a[7:0]$6499
  1772/3952: $8\gf_mul$func$/gate04-repo/asic/rtl/bch/bch_78_64_t2_v1.sv:283$1129.result[6:0]$6495
  1773/3952: $7\gf_mul$func$/gate04-repo/asic/rtl/bch/bch_78_64_t2_v1.sv:283$1129.a[7:0]$6493
  1774/3952: $7\gf_mul$func$/gate04-repo/asic/rtl/bch/bch_78_64_t2_v1.sv:283$1129.result[6:0]$6489
  1775/3952: $6\gf_mul$func$/gate04-repo/asic/rtl/bch/bch_78_64_t2_v1.sv:283$1129.a[7:0]$6487
  1776/3952: $6\gf_mul$func$/gate04-repo/asic/rtl/bch/bch_78_64_t2_v1.sv:283$1129.result[6:0]$6483
  1777/3952: $5\gf_mul$func$/gate04-repo/asic/rtl/bch/bch_78_64_t2_v1.sv:283$1129.a[7:0]$6481
  1778/3952: $5\gf_mul$func$/gate04-repo/asic/rtl/bch/bch_78_64_t2_v1.sv:283$1129.result[6:0]$6477
  1779/3952: $4\gf_mul$func$/gate04-repo/asic/rtl/bch/bch_78_64_t2_v1.sv:283$1129.a[7:0]$6475
  1780/3952: $4\gf_mul$func$/gate04-repo/asic/rtl/bch/bch_78_64_t2_v1.sv:283$1129.result[6:0]$6471
  1781/3952: $3\gf_mul$func$/gate04-repo/asic/rtl/bch/bch_78_64_t2_v1.sv:283$1129.a[7:0]$6469
  1782/3952: $3\gf_mul$func$/gate04-repo/asic/rtl/bch/bch_78_64_t2_v1.sv:283$1129.result[6:0]$6465
  1783/3952: $2\gf_mul$func$/gate04-repo/asic/rtl/bch/bch_78_64_t2_v1.sv:283$1129.a[7:0]$6463
  1784/3952: $2\gf_mul$func$/gate04-repo/asic/rtl/bch/bch_78_64_t2_v1.sv:283$1129.result[6:0]$6459
  1785/3952: $8\gf_mul$func$/gate04-repo/asic/rtl/bch/bch_78_64_t2_v1.sv:282$1128.a[7:0]$6457
  1786/3952: $8\gf_mul$func$/gate04-repo/asic/rtl/bch/bch_78_64_t2_v1.sv:282$1128.result[6:0]$6453
  1787/3952: $7\gf_mul$func$/gate04-repo/asic/rtl/bch/bch_78_64_t2_v1.sv:282$1128.a[7:0]$6451
  1788/3952: $7\gf_mul$func$/gate04-repo/asic/rtl/bch/bch_78_64_t2_v1.sv:282$1128.result[6:0]$6447
  1789/3952: $6\gf_mul$func$/gate04-repo/asic/rtl/bch/bch_78_64_t2_v1.sv:282$1128.a[7:0]$6445
  1790/3952: $6\gf_mul$func$/gate04-repo/asic/rtl/bch/bch_78_64_t2_v1.sv:282$1128.result[6:0]$6441
  1791/3952: $5\gf_mul$func$/gate04-repo/asic/rtl/bch/bch_78_64_t2_v1.sv:282$1128.a[7:0]$6439
  1792/3952: $5\gf_mul$func$/gate04-repo/asic/rtl/bch/bch_78_64_t2_v1.sv:282$1128.result[6:0]$6435
  1793/3952: $4\gf_mul$func$/gate04-repo/asic/rtl/bch/bch_78_64_t2_v1.sv:282$1128.a[7:0]$6433
  1794/3952: $4\gf_mul$func$/gate04-repo/asic/rtl/bch/bch_78_64_t2_v1.sv:282$1128.result[6:0]$6429
  1795/3952: $3\gf_mul$func$/gate04-repo/asic/rtl/bch/bch_78_64_t2_v1.sv:282$1128.a[7:0]$6427
  1796/3952: $3\gf_mul$func$/gate04-repo/asic/rtl/bch/bch_78_64_t2_v1.sv:282$1128.result[6:0]$6423
  1797/3952: $2\gf_mul$func$/gate04-repo/asic/rtl/bch/bch_78_64_t2_v1.sv:282$1128.a[7:0]$6421
  1798/3952: $2\gf_mul$func$/gate04-repo/asic/rtl/bch/bch_78_64_t2_v1.sv:282$1128.result[6:0]$6417
  1799/3952: $22\root_count[31:0]
  1800/3952: $22\candidate_mask[20:20]
  1801/3952: $8\gf_mul$func$/gate04-repo/asic/rtl/bch/bch_78_64_t2_v1.sv:283$1126.a[7:0]$6411
  1802/3952: $8\gf_mul$func$/gate04-repo/asic/rtl/bch/bch_78_64_t2_v1.sv:283$1126.result[6:0]$6407
  1803/3952: $7\gf_mul$func$/gate04-repo/asic/rtl/bch/bch_78_64_t2_v1.sv:283$1126.a[7:0]$6405
  1804/3952: $7\gf_mul$func$/gate04-repo/asic/rtl/bch/bch_78_64_t2_v1.sv:283$1126.result[6:0]$6401
  1805/3952: $6\gf_mul$func$/gate04-repo/asic/rtl/bch/bch_78_64_t2_v1.sv:283$1126.a[7:0]$6399
  1806/3952: $6\gf_mul$func$/gate04-repo/asic/rtl/bch/bch_78_64_t2_v1.sv:283$1126.result[6:0]$6395
  1807/3952: $5\gf_mul$func$/gate04-repo/asic/rtl/bch/bch_78_64_t2_v1.sv:283$1126.a[7:0]$6393
  1808/3952: $5\gf_mul$func$/gate04-repo/asic/rtl/bch/bch_78_64_t2_v1.sv:283$1126.result[6:0]$6389
  1809/3952: $4\gf_mul$func$/gate04-repo/asic/rtl/bch/bch_78_64_t2_v1.sv:283$1126.a[7:0]$6387
  1810/3952: $4\gf_mul$func$/gate04-repo/asic/rtl/bch/bch_78_64_t2_v1.sv:283$1126.result[6:0]$6383
  1811/3952: $3\gf_mul$func$/gate04-repo/asic/rtl/bch/bch_78_64_t2_v1.sv:283$1126.a[7:0]$6381
  1812/3952: $3\gf_mul$func$/gate04-repo/asic/rtl/bch/bch_78_64_t2_v1.sv:283$1126.result[6:0]$6377
  1813/3952: $2\gf_mul$func$/gate04-repo/asic/rtl/bch/bch_78_64_t2_v1.sv:283$1126.a[7:0]$6375
  1814/3952: $2\gf_mul$func$/gate04-repo/asic/rtl/bch/bch_78_64_t2_v1.sv:283$1126.result[6:0]$6371
  1815/3952: $8\gf_mul$func$/gate04-repo/asic/rtl/bch/bch_78_64_t2_v1.sv:282$1125.a[7:0]$6369
  1816/3952: $8\gf_mul$func$/gate04-repo/asic/rtl/bch/bch_78_64_t2_v1.sv:282$1125.result[6:0]$6365
  1817/3952: $7\gf_mul$func$/gate04-repo/asic/rtl/bch/bch_78_64_t2_v1.sv:282$1125.a[7:0]$6363
  1818/3952: $7\gf_mul$func$/gate04-repo/asic/rtl/bch/bch_78_64_t2_v1.sv:282$1125.result[6:0]$6359
  1819/3952: $6\gf_mul$func$/gate04-repo/asic/rtl/bch/bch_78_64_t2_v1.sv:282$1125.a[7:0]$6357
  1820/3952: $6\gf_mul$func$/gate04-repo/asic/rtl/bch/bch_78_64_t2_v1.sv:282$1125.result[6:0]$6353
  1821/3952: $5\gf_mul$func$/gate04-repo/asic/rtl/bch/bch_78_64_t2_v1.sv:282$1125.a[7:0]$6351
  1822/3952: $5\gf_mul$func$/gate04-repo/asic/rtl/bch/bch_78_64_t2_v1.sv:282$1125.result[6:0]$6347
  1823/3952: $4\gf_mul$func$/gate04-repo/asic/rtl/bch/bch_78_64_t2_v1.sv:282$1125.a[7:0]$6345
  1824/3952: $4\gf_mul$func$/gate04-repo/asic/rtl/bch/bch_78_64_t2_v1.sv:282$1125.result[6:0]$6341
  1825/3952: $3\gf_mul$func$/gate04-repo/asic/rtl/bch/bch_78_64_t2_v1.sv:282$1125.a[7:0]$6339
  1826/3952: $3\gf_mul$func$/gate04-repo/asic/rtl/bch/bch_78_64_t2_v1.sv:282$1125.result[6:0]$6335
  1827/3952: $2\gf_mul$func$/gate04-repo/asic/rtl/bch/bch_78_64_t2_v1.sv:282$1125.a[7:0]$6333
  1828/3952: $2\gf_mul$func$/gate04-repo/asic/rtl/bch/bch_78_64_t2_v1.sv:282$1125.result[6:0]$6329
  1829/3952: $21\root_count[31:0]
  1830/3952: $21\candidate_mask[19:19]
  1831/3952: $8\gf_mul$func$/gate04-repo/asic/rtl/bch/bch_78_64_t2_v1.sv:283$1123.a[7:0]$6323
  1832/3952: $8\gf_mul$func$/gate04-repo/asic/rtl/bch/bch_78_64_t2_v1.sv:283$1123.result[6:0]$6319
  1833/3952: $7\gf_mul$func$/gate04-repo/asic/rtl/bch/bch_78_64_t2_v1.sv:283$1123.a[7:0]$6317
  1834/3952: $7\gf_mul$func$/gate04-repo/asic/rtl/bch/bch_78_64_t2_v1.sv:283$1123.result[6:0]$6313
  1835/3952: $6\gf_mul$func$/gate04-repo/asic/rtl/bch/bch_78_64_t2_v1.sv:283$1123.a[7:0]$6311
  1836/3952: $6\gf_mul$func$/gate04-repo/asic/rtl/bch/bch_78_64_t2_v1.sv:283$1123.result[6:0]$6307
  1837/3952: $5\gf_mul$func$/gate04-repo/asic/rtl/bch/bch_78_64_t2_v1.sv:283$1123.a[7:0]$6305
  1838/3952: $5\gf_mul$func$/gate04-repo/asic/rtl/bch/bch_78_64_t2_v1.sv:283$1123.result[6:0]$6301
  1839/3952: $4\gf_mul$func$/gate04-repo/asic/rtl/bch/bch_78_64_t2_v1.sv:283$1123.a[7:0]$6299
  1840/3952: $4\gf_mul$func$/gate04-repo/asic/rtl/bch/bch_78_64_t2_v1.sv:283$1123.result[6:0]$6295
  1841/3952: $3\gf_mul$func$/gate04-repo/asic/rtl/bch/bch_78_64_t2_v1.sv:283$1123.a[7:0]$6293
  1842/3952: $3\gf_mul$func$/gate04-repo/asic/rtl/bch/bch_78_64_t2_v1.sv:283$1123.result[6:0]$6289
  1843/3952: $2\gf_mul$func$/gate04-repo/asic/rtl/bch/bch_78_64_t2_v1.sv:283$1123.a[7:0]$6287
  1844/3952: $2\gf_mul$func$/gate04-repo/asic/rtl/bch/bch_78_64_t2_v1.sv:283$1123.result[6:0]$6283
  1845/3952: $8\gf_mul$func$/gate04-repo/asic/rtl/bch/bch_78_64_t2_v1.sv:282$1122.a[7:0]$6281
  1846/3952: $8\gf_mul$func$/gate04-repo/asic/rtl/bch/bch_78_64_t2_v1.sv:282$1122.result[6:0]$6277
  1847/3952: $7\gf_mul$func$/gate04-repo/asic/rtl/bch/bch_78_64_t2_v1.sv:282$1122.a[7:0]$6275
  1848/3952: $7\gf_mul$func$/gate04-repo/asic/rtl/bch/bch_78_64_t2_v1.sv:282$1122.result[6:0]$6271
  1849/3952: $6\gf_mul$func$/gate04-repo/asic/rtl/bch/bch_78_64_t2_v1.sv:282$1122.a[7:0]$6269
  1850/3952: $6\gf_mul$func$/gate04-repo/asic/rtl/bch/bch_78_64_t2_v1.sv:282$1122.result[6:0]$6265
  1851/3952: $5\gf_mul$func$/gate04-repo/asic/rtl/bch/bch_78_64_t2_v1.sv:282$1122.a[7:0]$6263
  1852/3952: $5\gf_mul$func$/gate04-repo/asic/rtl/bch/bch_78_64_t2_v1.sv:282$1122.result[6:0]$6259
  1853/3952: $4\gf_mul$func$/gate04-repo/asic/rtl/bch/bch_78_64_t2_v1.sv:282$1122.a[7:0]$6257
  1854/3952: $4\gf_mul$func$/gate04-repo/asic/rtl/bch/bch_78_64_t2_v1.sv:282$1122.result[6:0]$6253
  1855/3952: $3\gf_mul$func$/gate04-repo/asic/rtl/bch/bch_78_64_t2_v1.sv:282$1122.a[7:0]$6251
  1856/3952: $3\gf_mul$func$/gate04-repo/asic/rtl/bch/bch_78_64_t2_v1.sv:282$1122.result[6:0]$6247
  1857/3952: $2\gf_mul$func$/gate04-repo/asic/rtl/bch/bch_78_64_t2_v1.sv:282$1122.a[7:0]$6245
  1858/3952: $2\gf_mul$func$/gate04-repo/asic/rtl/bch/bch_78_64_t2_v1.sv:282$1122.result[6:0]$6241
  1859/3952: $20\root_count[31:0]
  1860/3952: $20\candidate_mask[18:18]
  1861/3952: $8\gf_mul$func$/gate04-repo/asic/rtl/bch/bch_78_64_t2_v1.sv:283$1120.a[7:0]$6235
  1862/3952: $8\gf_mul$func$/gate04-repo/asic/rtl/bch/bch_78_64_t2_v1.sv:283$1120.result[6:0]$6231
  1863/3952: $7\gf_mul$func$/gate04-repo/asic/rtl/bch/bch_78_64_t2_v1.sv:283$1120.a[7:0]$6229
  1864/3952: $7\gf_mul$func$/gate04-repo/asic/rtl/bch/bch_78_64_t2_v1.sv:283$1120.result[6:0]$6225
  1865/3952: $6\gf_mul$func$/gate04-repo/asic/rtl/bch/bch_78_64_t2_v1.sv:283$1120.a[7:0]$6223
  1866/3952: $6\gf_mul$func$/gate04-repo/asic/rtl/bch/bch_78_64_t2_v1.sv:283$1120.result[6:0]$6219
  1867/3952: $5\gf_mul$func$/gate04-repo/asic/rtl/bch/bch_78_64_t2_v1.sv:283$1120.a[7:0]$6217
  1868/3952: $5\gf_mul$func$/gate04-repo/asic/rtl/bch/bch_78_64_t2_v1.sv:283$1120.result[6:0]$6213
  1869/3952: $4\gf_mul$func$/gate04-repo/asic/rtl/bch/bch_78_64_t2_v1.sv:283$1120.a[7:0]$6211
  1870/3952: $4\gf_mul$func$/gate04-repo/asic/rtl/bch/bch_78_64_t2_v1.sv:283$1120.result[6:0]$6207
  1871/3952: $3\gf_mul$func$/gate04-repo/asic/rtl/bch/bch_78_64_t2_v1.sv:283$1120.a[7:0]$6205
  1872/3952: $3\gf_mul$func$/gate04-repo/asic/rtl/bch/bch_78_64_t2_v1.sv:283$1120.result[6:0]$6201
  1873/3952: $2\gf_mul$func$/gate04-repo/asic/rtl/bch/bch_78_64_t2_v1.sv:283$1120.a[7:0]$6199
  1874/3952: $2\gf_mul$func$/gate04-repo/asic/rtl/bch/bch_78_64_t2_v1.sv:283$1120.result[6:0]$6195
  1875/3952: $8\gf_mul$func$/gate04-repo/asic/rtl/bch/bch_78_64_t2_v1.sv:282$1119.a[7:0]$6193
  1876/3952: $8\gf_mul$func$/gate04-repo/asic/rtl/bch/bch_78_64_t2_v1.sv:282$1119.result[6:0]$6189
  1877/3952: $7\gf_mul$func$/gate04-repo/asic/rtl/bch/bch_78_64_t2_v1.sv:282$1119.a[7:0]$6187
  1878/3952: $7\gf_mul$func$/gate04-repo/asic/rtl/bch/bch_78_64_t2_v1.sv:282$1119.result[6:0]$6183
  1879/3952: $6\gf_mul$func$/gate04-repo/asic/rtl/bch/bch_78_64_t2_v1.sv:282$1119.a[7:0]$6181
  1880/3952: $6\gf_mul$func$/gate04-repo/asic/rtl/bch/bch_78_64_t2_v1.sv:282$1119.result[6:0]$6177
  1881/3952: $5\gf_mul$func$/gate04-repo/asic/rtl/bch/bch_78_64_t2_v1.sv:282$1119.a[7:0]$6175
  1882/3952: $5\gf_mul$func$/gate04-repo/asic/rtl/bch/bch_78_64_t2_v1.sv:282$1119.result[6:0]$6171
  1883/3952: $4\gf_mul$func$/gate04-repo/asic/rtl/bch/bch_78_64_t2_v1.sv:282$1119.a[7:0]$6169
  1884/3952: $4\gf_mul$func$/gate04-repo/asic/rtl/bch/bch_78_64_t2_v1.sv:282$1119.result[6:0]$6165
  1885/3952: $3\gf_mul$func$/gate04-repo/asic/rtl/bch/bch_78_64_t2_v1.sv:282$1119.a[7:0]$6163
  1886/3952: $3\gf_mul$func$/gate04-repo/asic/rtl/bch/bch_78_64_t2_v1.sv:282$1119.result[6:0]$6159
  1887/3952: $2\gf_mul$func$/gate04-repo/asic/rtl/bch/bch_78_64_t2_v1.sv:282$1119.a[7:0]$6157
  1888/3952: $2\gf_mul$func$/gate04-repo/asic/rtl/bch/bch_78_64_t2_v1.sv:282$1119.result[6:0]$6153
  1889/3952: $19\root_count[31:0]
  1890/3952: $19\candidate_mask[17:17]
  1891/3952: $8\gf_mul$func$/gate04-repo/asic/rtl/bch/bch_78_64_t2_v1.sv:283$1117.a[7:0]$6147
  1892/3952: $8\gf_mul$func$/gate04-repo/asic/rtl/bch/bch_78_64_t2_v1.sv:283$1117.result[6:0]$6143
  1893/3952: $7\gf_mul$func$/gate04-repo/asic/rtl/bch/bch_78_64_t2_v1.sv:283$1117.a[7:0]$6141
  1894/3952: $7\gf_mul$func$/gate04-repo/asic/rtl/bch/bch_78_64_t2_v1.sv:283$1117.result[6:0]$6137
  1895/3952: $6\gf_mul$func$/gate04-repo/asic/rtl/bch/bch_78_64_t2_v1.sv:283$1117.a[7:0]$6135
  1896/3952: $6\gf_mul$func$/gate04-repo/asic/rtl/bch/bch_78_64_t2_v1.sv:283$1117.result[6:0]$6131
  1897/3952: $5\gf_mul$func$/gate04-repo/asic/rtl/bch/bch_78_64_t2_v1.sv:283$1117.a[7:0]$6129
  1898/3952: $5\gf_mul$func$/gate04-repo/asic/rtl/bch/bch_78_64_t2_v1.sv:283$1117.result[6:0]$6125
  1899/3952: $4\gf_mul$func$/gate04-repo/asic/rtl/bch/bch_78_64_t2_v1.sv:283$1117.a[7:0]$6123
  1900/3952: $4\gf_mul$func$/gate04-repo/asic/rtl/bch/bch_78_64_t2_v1.sv:283$1117.result[6:0]$6119
  1901/3952: $3\gf_mul$func$/gate04-repo/asic/rtl/bch/bch_78_64_t2_v1.sv:283$1117.a[7:0]$6117
  1902/3952: $3\gf_mul$func$/gate04-repo/asic/rtl/bch/bch_78_64_t2_v1.sv:283$1117.result[6:0]$6113
  1903/3952: $2\gf_mul$func$/gate04-repo/asic/rtl/bch/bch_78_64_t2_v1.sv:283$1117.a[7:0]$6111
  1904/3952: $2\gf_mul$func$/gate04-repo/asic/rtl/bch/bch_78_64_t2_v1.sv:283$1117.result[6:0]$6107
  1905/3952: $8\gf_mul$func$/gate04-repo/asic/rtl/bch/bch_78_64_t2_v1.sv:282$1116.a[7:0]$6105
  1906/3952: $8\gf_mul$func$/gate04-repo/asic/rtl/bch/bch_78_64_t2_v1.sv:282$1116.result[6:0]$6101
  1907/3952: $7\gf_mul$func$/gate04-repo/asic/rtl/bch/bch_78_64_t2_v1.sv:282$1116.a[7:0]$6099
  1908/3952: $7\gf_mul$func$/gate04-repo/asic/rtl/bch/bch_78_64_t2_v1.sv:282$1116.result[6:0]$6095
  1909/3952: $6\gf_mul$func$/gate04-repo/asic/rtl/bch/bch_78_64_t2_v1.sv:282$1116.a[7:0]$6093
  1910/3952: $6\gf_mul$func$/gate04-repo/asic/rtl/bch/bch_78_64_t2_v1.sv:282$1116.result[6:0]$6089
  1911/3952: $5\gf_mul$func$/gate04-repo/asic/rtl/bch/bch_78_64_t2_v1.sv:282$1116.a[7:0]$6087
  1912/3952: $5\gf_mul$func$/gate04-repo/asic/rtl/bch/bch_78_64_t2_v1.sv:282$1116.result[6:0]$6083
  1913/3952: $4\gf_mul$func$/gate04-repo/asic/rtl/bch/bch_78_64_t2_v1.sv:282$1116.a[7:0]$6081
  1914/3952: $4\gf_mul$func$/gate04-repo/asic/rtl/bch/bch_78_64_t2_v1.sv:282$1116.result[6:0]$6077
  1915/3952: $3\gf_mul$func$/gate04-repo/asic/rtl/bch/bch_78_64_t2_v1.sv:282$1116.a[7:0]$6075
  1916/3952: $3\gf_mul$func$/gate04-repo/asic/rtl/bch/bch_78_64_t2_v1.sv:282$1116.result[6:0]$6071
  1917/3952: $2\gf_mul$func$/gate04-repo/asic/rtl/bch/bch_78_64_t2_v1.sv:282$1116.a[7:0]$6069
  1918/3952: $2\gf_mul$func$/gate04-repo/asic/rtl/bch/bch_78_64_t2_v1.sv:282$1116.result[6:0]$6065
  1919/3952: $18\root_count[31:0]
  1920/3952: $18\candidate_mask[16:16]
  1921/3952: $8\gf_mul$func$/gate04-repo/asic/rtl/bch/bch_78_64_t2_v1.sv:283$1114.a[7:0]$6059
  1922/3952: $8\gf_mul$func$/gate04-repo/asic/rtl/bch/bch_78_64_t2_v1.sv:283$1114.result[6:0]$6055
  1923/3952: $7\gf_mul$func$/gate04-repo/asic/rtl/bch/bch_78_64_t2_v1.sv:283$1114.a[7:0]$6053
  1924/3952: $7\gf_mul$func$/gate04-repo/asic/rtl/bch/bch_78_64_t2_v1.sv:283$1114.result[6:0]$6049
  1925/3952: $6\gf_mul$func$/gate04-repo/asic/rtl/bch/bch_78_64_t2_v1.sv:283$1114.a[7:0]$6047
  1926/3952: $6\gf_mul$func$/gate04-repo/asic/rtl/bch/bch_78_64_t2_v1.sv:283$1114.result[6:0]$6043
  1927/3952: $5\gf_mul$func$/gate04-repo/asic/rtl/bch/bch_78_64_t2_v1.sv:283$1114.a[7:0]$6041
  1928/3952: $5\gf_mul$func$/gate04-repo/asic/rtl/bch/bch_78_64_t2_v1.sv:283$1114.result[6:0]$6037
  1929/3952: $4\gf_mul$func$/gate04-repo/asic/rtl/bch/bch_78_64_t2_v1.sv:283$1114.a[7:0]$6035
  1930/3952: $4\gf_mul$func$/gate04-repo/asic/rtl/bch/bch_78_64_t2_v1.sv:283$1114.result[6:0]$6031
  1931/3952: $3\gf_mul$func$/gate04-repo/asic/rtl/bch/bch_78_64_t2_v1.sv:283$1114.a[7:0]$6029
  1932/3952: $3\gf_mul$func$/gate04-repo/asic/rtl/bch/bch_78_64_t2_v1.sv:283$1114.result[6:0]$6025
  1933/3952: $2\gf_mul$func$/gate04-repo/asic/rtl/bch/bch_78_64_t2_v1.sv:283$1114.a[7:0]$6023
  1934/3952: $2\gf_mul$func$/gate04-repo/asic/rtl/bch/bch_78_64_t2_v1.sv:283$1114.result[6:0]$6019
  1935/3952: $8\gf_mul$func$/gate04-repo/asic/rtl/bch/bch_78_64_t2_v1.sv:282$1113.a[7:0]$6017
  1936/3952: $8\gf_mul$func$/gate04-repo/asic/rtl/bch/bch_78_64_t2_v1.sv:282$1113.result[6:0]$6013
  1937/3952: $7\gf_mul$func$/gate04-repo/asic/rtl/bch/bch_78_64_t2_v1.sv:282$1113.a[7:0]$6011
  1938/3952: $7\gf_mul$func$/gate04-repo/asic/rtl/bch/bch_78_64_t2_v1.sv:282$1113.result[6:0]$6007
  1939/3952: $6\gf_mul$func$/gate04-repo/asic/rtl/bch/bch_78_64_t2_v1.sv:282$1113.a[7:0]$6005
  1940/3952: $6\gf_mul$func$/gate04-repo/asic/rtl/bch/bch_78_64_t2_v1.sv:282$1113.result[6:0]$6001
  1941/3952: $5\gf_mul$func$/gate04-repo/asic/rtl/bch/bch_78_64_t2_v1.sv:282$1113.a[7:0]$5999
  1942/3952: $5\gf_mul$func$/gate04-repo/asic/rtl/bch/bch_78_64_t2_v1.sv:282$1113.result[6:0]$5995
  1943/3952: $4\gf_mul$func$/gate04-repo/asic/rtl/bch/bch_78_64_t2_v1.sv:282$1113.a[7:0]$5993
  1944/3952: $4\gf_mul$func$/gate04-repo/asic/rtl/bch/bch_78_64_t2_v1.sv:282$1113.result[6:0]$5989
  1945/3952: $3\gf_mul$func$/gate04-repo/asic/rtl/bch/bch_78_64_t2_v1.sv:282$1113.a[7:0]$5987
  1946/3952: $3\gf_mul$func$/gate04-repo/asic/rtl/bch/bch_78_64_t2_v1.sv:282$1113.result[6:0]$5983
  1947/3952: $2\gf_mul$func$/gate04-repo/asic/rtl/bch/bch_78_64_t2_v1.sv:282$1113.a[7:0]$5981
  1948/3952: $2\gf_mul$func$/gate04-repo/asic/rtl/bch/bch_78_64_t2_v1.sv:282$1113.result[6:0]$5977
  1949/3952: $17\root_count[31:0]
  1950/3952: $17\candidate_mask[15:15]
  1951/3952: $8\gf_mul$func$/gate04-repo/asic/rtl/bch/bch_78_64_t2_v1.sv:283$1111.a[7:0]$5971
  1952/3952: $8\gf_mul$func$/gate04-repo/asic/rtl/bch/bch_78_64_t2_v1.sv:283$1111.result[6:0]$5967
  1953/3952: $7\gf_mul$func$/gate04-repo/asic/rtl/bch/bch_78_64_t2_v1.sv:283$1111.a[7:0]$5965
  1954/3952: $7\gf_mul$func$/gate04-repo/asic/rtl/bch/bch_78_64_t2_v1.sv:283$1111.result[6:0]$5961
  1955/3952: $6\gf_mul$func$/gate04-repo/asic/rtl/bch/bch_78_64_t2_v1.sv:283$1111.a[7:0]$5959
  1956/3952: $6\gf_mul$func$/gate04-repo/asic/rtl/bch/bch_78_64_t2_v1.sv:283$1111.result[6:0]$5955
  1957/3952: $5\gf_mul$func$/gate04-repo/asic/rtl/bch/bch_78_64_t2_v1.sv:283$1111.a[7:0]$5953
  1958/3952: $5\gf_mul$func$/gate04-repo/asic/rtl/bch/bch_78_64_t2_v1.sv:283$1111.result[6:0]$5949
  1959/3952: $4\gf_mul$func$/gate04-repo/asic/rtl/bch/bch_78_64_t2_v1.sv:283$1111.a[7:0]$5947
  1960/3952: $4\gf_mul$func$/gate04-repo/asic/rtl/bch/bch_78_64_t2_v1.sv:283$1111.result[6:0]$5943
  1961/3952: $3\gf_mul$func$/gate04-repo/asic/rtl/bch/bch_78_64_t2_v1.sv:283$1111.a[7:0]$5941
  1962/3952: $3\gf_mul$func$/gate04-repo/asic/rtl/bch/bch_78_64_t2_v1.sv:283$1111.result[6:0]$5937
  1963/3952: $2\gf_mul$func$/gate04-repo/asic/rtl/bch/bch_78_64_t2_v1.sv:283$1111.a[7:0]$5935
  1964/3952: $2\gf_mul$func$/gate04-repo/asic/rtl/bch/bch_78_64_t2_v1.sv:283$1111.result[6:0]$5931
  1965/3952: $8\gf_mul$func$/gate04-repo/asic/rtl/bch/bch_78_64_t2_v1.sv:282$1110.a[7:0]$5929
  1966/3952: $8\gf_mul$func$/gate04-repo/asic/rtl/bch/bch_78_64_t2_v1.sv:282$1110.result[6:0]$5925
  1967/3952: $7\gf_mul$func$/gate04-repo/asic/rtl/bch/bch_78_64_t2_v1.sv:282$1110.a[7:0]$5923
  1968/3952: $7\gf_mul$func$/gate04-repo/asic/rtl/bch/bch_78_64_t2_v1.sv:282$1110.result[6:0]$5919
  1969/3952: $6\gf_mul$func$/gate04-repo/asic/rtl/bch/bch_78_64_t2_v1.sv:282$1110.a[7:0]$5917
  1970/3952: $6\gf_mul$func$/gate04-repo/asic/rtl/bch/bch_78_64_t2_v1.sv:282$1110.result[6:0]$5913
  1971/3952: $5\gf_mul$func$/gate04-repo/asic/rtl/bch/bch_78_64_t2_v1.sv:282$1110.a[7:0]$5911
  1972/3952: $5\gf_mul$func$/gate04-repo/asic/rtl/bch/bch_78_64_t2_v1.sv:282$1110.result[6:0]$5907
  1973/3952: $4\gf_mul$func$/gate04-repo/asic/rtl/bch/bch_78_64_t2_v1.sv:282$1110.a[7:0]$5905
  1974/3952: $4\gf_mul$func$/gate04-repo/asic/rtl/bch/bch_78_64_t2_v1.sv:282$1110.result[6:0]$5901
  1975/3952: $3\gf_mul$func$/gate04-repo/asic/rtl/bch/bch_78_64_t2_v1.sv:282$1110.a[7:0]$5899
  1976/3952: $3\gf_mul$func$/gate04-repo/asic/rtl/bch/bch_78_64_t2_v1.sv:282$1110.result[6:0]$5895
  1977/3952: $2\gf_mul$func$/gate04-repo/asic/rtl/bch/bch_78_64_t2_v1.sv:282$1110.a[7:0]$5893
  1978/3952: $2\gf_mul$func$/gate04-repo/asic/rtl/bch/bch_78_64_t2_v1.sv:282$1110.result[6:0]$5889
  1979/3952: $16\root_count[31:0]
  1980/3952: $16\candidate_mask[14:14]
  1981/3952: $8\gf_mul$func$/gate04-repo/asic/rtl/bch/bch_78_64_t2_v1.sv:283$1108.a[7:0]$5883
  1982/3952: $8\gf_mul$func$/gate04-repo/asic/rtl/bch/bch_78_64_t2_v1.sv:283$1108.result[6:0]$5879
  1983/3952: $7\gf_mul$func$/gate04-repo/asic/rtl/bch/bch_78_64_t2_v1.sv:283$1108.a[7:0]$5877
  1984/3952: $7\gf_mul$func$/gate04-repo/asic/rtl/bch/bch_78_64_t2_v1.sv:283$1108.result[6:0]$5873
  1985/3952: $6\gf_mul$func$/gate04-repo/asic/rtl/bch/bch_78_64_t2_v1.sv:283$1108.a[7:0]$5871
  1986/3952: $6\gf_mul$func$/gate04-repo/asic/rtl/bch/bch_78_64_t2_v1.sv:283$1108.result[6:0]$5867
  1987/3952: $5\gf_mul$func$/gate04-repo/asic/rtl/bch/bch_78_64_t2_v1.sv:283$1108.a[7:0]$5865
  1988/3952: $5\gf_mul$func$/gate04-repo/asic/rtl/bch/bch_78_64_t2_v1.sv:283$1108.result[6:0]$5861
  1989/3952: $4\gf_mul$func$/gate04-repo/asic/rtl/bch/bch_78_64_t2_v1.sv:283$1108.a[7:0]$5859
  1990/3952: $4\gf_mul$func$/gate04-repo/asic/rtl/bch/bch_78_64_t2_v1.sv:283$1108.result[6:0]$5855
  1991/3952: $3\gf_mul$func$/gate04-repo/asic/rtl/bch/bch_78_64_t2_v1.sv:283$1108.a[7:0]$5853
  1992/3952: $3\gf_mul$func$/gate04-repo/asic/rtl/bch/bch_78_64_t2_v1.sv:283$1108.result[6:0]$5849
  1993/3952: $2\gf_mul$func$/gate04-repo/asic/rtl/bch/bch_78_64_t2_v1.sv:283$1108.a[7:0]$5847
  1994/3952: $2\gf_mul$func$/gate04-repo/asic/rtl/bch/bch_78_64_t2_v1.sv:283$1108.result[6:0]$5843
  1995/3952: $8\gf_mul$func$/gate04-repo/asic/rtl/bch/bch_78_64_t2_v1.sv:282$1107.a[7:0]$5841
  1996/3952: $8\gf_mul$func$/gate04-repo/asic/rtl/bch/bch_78_64_t2_v1.sv:282$1107.result[6:0]$5837
  1997/3952: $7\gf_mul$func$/gate04-repo/asic/rtl/bch/bch_78_64_t2_v1.sv:282$1107.a[7:0]$5835
  1998/3952: $7\gf_mul$func$/gate04-repo/asic/rtl/bch/bch_78_64_t2_v1.sv:282$1107.result[6:0]$5831
  1999/3952: $6\gf_mul$func$/gate04-repo/asic/rtl/bch/bch_78_64_t2_v1.sv:282$1107.a[7:0]$5829
  2000/3952: $6\gf_mul$func$/gate04-repo/asic/rtl/bch/bch_78_64_t2_v1.sv:282$1107.result[6:0]$5825
  2001/3952: $5\gf_mul$func$/gate04-repo/asic/rtl/bch/bch_78_64_t2_v1.sv:282$1107.a[7:0]$5823
  2002/3952: $5\gf_mul$func$/gate04-repo/asic/rtl/bch/bch_78_64_t2_v1.sv:282$1107.result[6:0]$5819
  2003/3952: $4\gf_mul$func$/gate04-repo/asic/rtl/bch/bch_78_64_t2_v1.sv:282$1107.a[7:0]$5817
  2004/3952: $4\gf_mul$func$/gate04-repo/asic/rtl/bch/bch_78_64_t2_v1.sv:282$1107.result[6:0]$5813
  2005/3952: $3\gf_mul$func$/gate04-repo/asic/rtl/bch/bch_78_64_t2_v1.sv:282$1107.a[7:0]$5811
  2006/3952: $3\gf_mul$func$/gate04-repo/asic/rtl/bch/bch_78_64_t2_v1.sv:282$1107.result[6:0]$5807
  2007/3952: $2\gf_mul$func$/gate04-repo/asic/rtl/bch/bch_78_64_t2_v1.sv:282$1107.a[7:0]$5805
  2008/3952: $2\gf_mul$func$/gate04-repo/asic/rtl/bch/bch_78_64_t2_v1.sv:282$1107.result[6:0]$5801
  2009/3952: $15\root_count[31:0]
  2010/3952: $15\candidate_mask[13:13]
  2011/3952: $8\gf_mul$func$/gate04-repo/asic/rtl/bch/bch_78_64_t2_v1.sv:283$1105.a[7:0]$5795
  2012/3952: $8\gf_mul$func$/gate04-repo/asic/rtl/bch/bch_78_64_t2_v1.sv:283$1105.result[6:0]$5791
  2013/3952: $7\gf_mul$func$/gate04-repo/asic/rtl/bch/bch_78_64_t2_v1.sv:283$1105.a[7:0]$5789
  2014/3952: $7\gf_mul$func$/gate04-repo/asic/rtl/bch/bch_78_64_t2_v1.sv:283$1105.result[6:0]$5785
  2015/3952: $6\gf_mul$func$/gate04-repo/asic/rtl/bch/bch_78_64_t2_v1.sv:283$1105.a[7:0]$5783
  2016/3952: $6\gf_mul$func$/gate04-repo/asic/rtl/bch/bch_78_64_t2_v1.sv:283$1105.result[6:0]$5779
  2017/3952: $5\gf_mul$func$/gate04-repo/asic/rtl/bch/bch_78_64_t2_v1.sv:283$1105.a[7:0]$5777
  2018/3952: $5\gf_mul$func$/gate04-repo/asic/rtl/bch/bch_78_64_t2_v1.sv:283$1105.result[6:0]$5773
  2019/3952: $4\gf_mul$func$/gate04-repo/asic/rtl/bch/bch_78_64_t2_v1.sv:283$1105.a[7:0]$5771
  2020/3952: $4\gf_mul$func$/gate04-repo/asic/rtl/bch/bch_78_64_t2_v1.sv:283$1105.result[6:0]$5767
  2021/3952: $3\gf_mul$func$/gate04-repo/asic/rtl/bch/bch_78_64_t2_v1.sv:283$1105.a[7:0]$5765
  2022/3952: $3\gf_mul$func$/gate04-repo/asic/rtl/bch/bch_78_64_t2_v1.sv:283$1105.result[6:0]$5761
  2023/3952: $2\gf_mul$func$/gate04-repo/asic/rtl/bch/bch_78_64_t2_v1.sv:283$1105.a[7:0]$5759
  2024/3952: $2\gf_mul$func$/gate04-repo/asic/rtl/bch/bch_78_64_t2_v1.sv:283$1105.result[6:0]$5755
  2025/3952: $8\gf_mul$func$/gate04-repo/asic/rtl/bch/bch_78_64_t2_v1.sv:282$1104.a[7:0]$5753
  2026/3952: $8\gf_mul$func$/gate04-repo/asic/rtl/bch/bch_78_64_t2_v1.sv:282$1104.result[6:0]$5749
  2027/3952: $7\gf_mul$func$/gate04-repo/asic/rtl/bch/bch_78_64_t2_v1.sv:282$1104.a[7:0]$5747
  2028/3952: $7\gf_mul$func$/gate04-repo/asic/rtl/bch/bch_78_64_t2_v1.sv:282$1104.result[6:0]$5743
  2029/3952: $6\gf_mul$func$/gate04-repo/asic/rtl/bch/bch_78_64_t2_v1.sv:282$1104.a[7:0]$5741
  2030/3952: $6\gf_mul$func$/gate04-repo/asic/rtl/bch/bch_78_64_t2_v1.sv:282$1104.result[6:0]$5737
  2031/3952: $5\gf_mul$func$/gate04-repo/asic/rtl/bch/bch_78_64_t2_v1.sv:282$1104.a[7:0]$5735
  2032/3952: $5\gf_mul$func$/gate04-repo/asic/rtl/bch/bch_78_64_t2_v1.sv:282$1104.result[6:0]$5731
  2033/3952: $4\gf_mul$func$/gate04-repo/asic/rtl/bch/bch_78_64_t2_v1.sv:282$1104.a[7:0]$5729
  2034/3952: $4\gf_mul$func$/gate04-repo/asic/rtl/bch/bch_78_64_t2_v1.sv:282$1104.result[6:0]$5725
  2035/3952: $3\gf_mul$func$/gate04-repo/asic/rtl/bch/bch_78_64_t2_v1.sv:282$1104.a[7:0]$5723
  2036/3952: $3\gf_mul$func$/gate04-repo/asic/rtl/bch/bch_78_64_t2_v1.sv:282$1104.result[6:0]$5719
  2037/3952: $2\gf_mul$func$/gate04-repo/asic/rtl/bch/bch_78_64_t2_v1.sv:282$1104.a[7:0]$5717
  2038/3952: $2\gf_mul$func$/gate04-repo/asic/rtl/bch/bch_78_64_t2_v1.sv:282$1104.result[6:0]$5713
  2039/3952: $14\root_count[31:0]
  2040/3952: $14\candidate_mask[12:12]
  2041/3952: $8\gf_mul$func$/gate04-repo/asic/rtl/bch/bch_78_64_t2_v1.sv:283$1102.a[7:0]$5707
  2042/3952: $8\gf_mul$func$/gate04-repo/asic/rtl/bch/bch_78_64_t2_v1.sv:283$1102.result[6:0]$5703
  2043/3952: $7\gf_mul$func$/gate04-repo/asic/rtl/bch/bch_78_64_t2_v1.sv:283$1102.a[7:0]$5701
  2044/3952: $7\gf_mul$func$/gate04-repo/asic/rtl/bch/bch_78_64_t2_v1.sv:283$1102.result[6:0]$5697
  2045/3952: $6\gf_mul$func$/gate04-repo/asic/rtl/bch/bch_78_64_t2_v1.sv:283$1102.a[7:0]$5695
  2046/3952: $6\gf_mul$func$/gate04-repo/asic/rtl/bch/bch_78_64_t2_v1.sv:283$1102.result[6:0]$5691
  2047/3952: $5\gf_mul$func$/gate04-repo/asic/rtl/bch/bch_78_64_t2_v1.sv:283$1102.a[7:0]$5689
  2048/3952: $5\gf_mul$func$/gate04-repo/asic/rtl/bch/bch_78_64_t2_v1.sv:283$1102.result[6:0]$5685
  2049/3952: $4\gf_mul$func$/gate04-repo/asic/rtl/bch/bch_78_64_t2_v1.sv:283$1102.a[7:0]$5683
  2050/3952: $4\gf_mul$func$/gate04-repo/asic/rtl/bch/bch_78_64_t2_v1.sv:283$1102.result[6:0]$5679
  2051/3952: $3\gf_mul$func$/gate04-repo/asic/rtl/bch/bch_78_64_t2_v1.sv:283$1102.a[7:0]$5677
  2052/3952: $3\gf_mul$func$/gate04-repo/asic/rtl/bch/bch_78_64_t2_v1.sv:283$1102.result[6:0]$5673
  2053/3952: $2\gf_mul$func$/gate04-repo/asic/rtl/bch/bch_78_64_t2_v1.sv:283$1102.a[7:0]$5671
  2054/3952: $2\gf_mul$func$/gate04-repo/asic/rtl/bch/bch_78_64_t2_v1.sv:283$1102.result[6:0]$5667
  2055/3952: $8\gf_mul$func$/gate04-repo/asic/rtl/bch/bch_78_64_t2_v1.sv:282$1101.a[7:0]$5665
  2056/3952: $8\gf_mul$func$/gate04-repo/asic/rtl/bch/bch_78_64_t2_v1.sv:282$1101.result[6:0]$5661
  2057/3952: $7\gf_mul$func$/gate04-repo/asic/rtl/bch/bch_78_64_t2_v1.sv:282$1101.a[7:0]$5659
  2058/3952: $7\gf_mul$func$/gate04-repo/asic/rtl/bch/bch_78_64_t2_v1.sv:282$1101.result[6:0]$5655
  2059/3952: $6\gf_mul$func$/gate04-repo/asic/rtl/bch/bch_78_64_t2_v1.sv:282$1101.a[7:0]$5653
  2060/3952: $6\gf_mul$func$/gate04-repo/asic/rtl/bch/bch_78_64_t2_v1.sv:282$1101.result[6:0]$5649
  2061/3952: $5\gf_mul$func$/gate04-repo/asic/rtl/bch/bch_78_64_t2_v1.sv:282$1101.a[7:0]$5647
  2062/3952: $5\gf_mul$func$/gate04-repo/asic/rtl/bch/bch_78_64_t2_v1.sv:282$1101.result[6:0]$5643
  2063/3952: $4\gf_mul$func$/gate04-repo/asic/rtl/bch/bch_78_64_t2_v1.sv:282$1101.a[7:0]$5641
  2064/3952: $4\gf_mul$func$/gate04-repo/asic/rtl/bch/bch_78_64_t2_v1.sv:282$1101.result[6:0]$5637
  2065/3952: $3\gf_mul$func$/gate04-repo/asic/rtl/bch/bch_78_64_t2_v1.sv:282$1101.a[7:0]$5635
  2066/3952: $3\gf_mul$func$/gate04-repo/asic/rtl/bch/bch_78_64_t2_v1.sv:282$1101.result[6:0]$5631
  2067/3952: $2\gf_mul$func$/gate04-repo/asic/rtl/bch/bch_78_64_t2_v1.sv:282$1101.a[7:0]$5629
  2068/3952: $2\gf_mul$func$/gate04-repo/asic/rtl/bch/bch_78_64_t2_v1.sv:282$1101.result[6:0]$5625
  2069/3952: $13\root_count[31:0]
  2070/3952: $13\candidate_mask[11:11]
  2071/3952: $8\gf_mul$func$/gate04-repo/asic/rtl/bch/bch_78_64_t2_v1.sv:283$1099.a[7:0]$5619
  2072/3952: $8\gf_mul$func$/gate04-repo/asic/rtl/bch/bch_78_64_t2_v1.sv:283$1099.result[6:0]$5615
  2073/3952: $7\gf_mul$func$/gate04-repo/asic/rtl/bch/bch_78_64_t2_v1.sv:283$1099.a[7:0]$5613
  2074/3952: $7\gf_mul$func$/gate04-repo/asic/rtl/bch/bch_78_64_t2_v1.sv:283$1099.result[6:0]$5609
  2075/3952: $6\gf_mul$func$/gate04-repo/asic/rtl/bch/bch_78_64_t2_v1.sv:283$1099.a[7:0]$5607
  2076/3952: $6\gf_mul$func$/gate04-repo/asic/rtl/bch/bch_78_64_t2_v1.sv:283$1099.result[6:0]$5603
  2077/3952: $5\gf_mul$func$/gate04-repo/asic/rtl/bch/bch_78_64_t2_v1.sv:283$1099.a[7:0]$5601
  2078/3952: $5\gf_mul$func$/gate04-repo/asic/rtl/bch/bch_78_64_t2_v1.sv:283$1099.result[6:0]$5597
  2079/3952: $4\gf_mul$func$/gate04-repo/asic/rtl/bch/bch_78_64_t2_v1.sv:283$1099.a[7:0]$5595
  2080/3952: $4\gf_mul$func$/gate04-repo/asic/rtl/bch/bch_78_64_t2_v1.sv:283$1099.result[6:0]$5591
  2081/3952: $3\gf_mul$func$/gate04-repo/asic/rtl/bch/bch_78_64_t2_v1.sv:283$1099.a[7:0]$5589
  2082/3952: $3\gf_mul$func$/gate04-repo/asic/rtl/bch/bch_78_64_t2_v1.sv:283$1099.result[6:0]$5585
  2083/3952: $2\gf_mul$func$/gate04-repo/asic/rtl/bch/bch_78_64_t2_v1.sv:283$1099.a[7:0]$5583
  2084/3952: $2\gf_mul$func$/gate04-repo/asic/rtl/bch/bch_78_64_t2_v1.sv:283$1099.result[6:0]$5579
  2085/3952: $8\gf_mul$func$/gate04-repo/asic/rtl/bch/bch_78_64_t2_v1.sv:282$1098.a[7:0]$5577
  2086/3952: $8\gf_mul$func$/gate04-repo/asic/rtl/bch/bch_78_64_t2_v1.sv:282$1098.result[6:0]$5573
  2087/3952: $7\gf_mul$func$/gate04-repo/asic/rtl/bch/bch_78_64_t2_v1.sv:282$1098.a[7:0]$5571
  2088/3952: $7\gf_mul$func$/gate04-repo/asic/rtl/bch/bch_78_64_t2_v1.sv:282$1098.result[6:0]$5567
  2089/3952: $6\gf_mul$func$/gate04-repo/asic/rtl/bch/bch_78_64_t2_v1.sv:282$1098.a[7:0]$5565
  2090/3952: $6\gf_mul$func$/gate04-repo/asic/rtl/bch/bch_78_64_t2_v1.sv:282$1098.result[6:0]$5561
  2091/3952: $5\gf_mul$func$/gate04-repo/asic/rtl/bch/bch_78_64_t2_v1.sv:282$1098.a[7:0]$5559
  2092/3952: $5\gf_mul$func$/gate04-repo/asic/rtl/bch/bch_78_64_t2_v1.sv:282$1098.result[6:0]$5555
  2093/3952: $4\gf_mul$func$/gate04-repo/asic/rtl/bch/bch_78_64_t2_v1.sv:282$1098.a[7:0]$5553
  2094/3952: $4\gf_mul$func$/gate04-repo/asic/rtl/bch/bch_78_64_t2_v1.sv:282$1098.result[6:0]$5549
  2095/3952: $3\gf_mul$func$/gate04-repo/asic/rtl/bch/bch_78_64_t2_v1.sv:282$1098.a[7:0]$5547
  2096/3952: $3\gf_mul$func$/gate04-repo/asic/rtl/bch/bch_78_64_t2_v1.sv:282$1098.result[6:0]$5543
  2097/3952: $2\gf_mul$func$/gate04-repo/asic/rtl/bch/bch_78_64_t2_v1.sv:282$1098.a[7:0]$5541
  2098/3952: $2\gf_mul$func$/gate04-repo/asic/rtl/bch/bch_78_64_t2_v1.sv:282$1098.result[6:0]$5537
  2099/3952: $12\root_count[31:0]
  2100/3952: $12\candidate_mask[10:10]
  2101/3952: $8\gf_mul$func$/gate04-repo/asic/rtl/bch/bch_78_64_t2_v1.sv:283$1096.a[7:0]$5531
  2102/3952: $8\gf_mul$func$/gate04-repo/asic/rtl/bch/bch_78_64_t2_v1.sv:283$1096.result[6:0]$5527
  2103/3952: $7\gf_mul$func$/gate04-repo/asic/rtl/bch/bch_78_64_t2_v1.sv:283$1096.a[7:0]$5525
  2104/3952: $7\gf_mul$func$/gate04-repo/asic/rtl/bch/bch_78_64_t2_v1.sv:283$1096.result[6:0]$5521
  2105/3952: $6\gf_mul$func$/gate04-repo/asic/rtl/bch/bch_78_64_t2_v1.sv:283$1096.a[7:0]$5519
  2106/3952: $6\gf_mul$func$/gate04-repo/asic/rtl/bch/bch_78_64_t2_v1.sv:283$1096.result[6:0]$5515
  2107/3952: $5\gf_mul$func$/gate04-repo/asic/rtl/bch/bch_78_64_t2_v1.sv:283$1096.a[7:0]$5513
  2108/3952: $5\gf_mul$func$/gate04-repo/asic/rtl/bch/bch_78_64_t2_v1.sv:283$1096.result[6:0]$5509
  2109/3952: $4\gf_mul$func$/gate04-repo/asic/rtl/bch/bch_78_64_t2_v1.sv:283$1096.a[7:0]$5507
  2110/3952: $4\gf_mul$func$/gate04-repo/asic/rtl/bch/bch_78_64_t2_v1.sv:283$1096.result[6:0]$5503
  2111/3952: $3\gf_mul$func$/gate04-repo/asic/rtl/bch/bch_78_64_t2_v1.sv:283$1096.a[7:0]$5501
  2112/3952: $3\gf_mul$func$/gate04-repo/asic/rtl/bch/bch_78_64_t2_v1.sv:283$1096.result[6:0]$5497
  2113/3952: $2\gf_mul$func$/gate04-repo/asic/rtl/bch/bch_78_64_t2_v1.sv:283$1096.a[7:0]$5495
  2114/3952: $2\gf_mul$func$/gate04-repo/asic/rtl/bch/bch_78_64_t2_v1.sv:283$1096.result[6:0]$5491
  2115/3952: $8\gf_mul$func$/gate04-repo/asic/rtl/bch/bch_78_64_t2_v1.sv:282$1095.a[7:0]$5489
  2116/3952: $8\gf_mul$func$/gate04-repo/asic/rtl/bch/bch_78_64_t2_v1.sv:282$1095.result[6:0]$5485
  2117/3952: $7\gf_mul$func$/gate04-repo/asic/rtl/bch/bch_78_64_t2_v1.sv:282$1095.a[7:0]$5483
  2118/3952: $7\gf_mul$func$/gate04-repo/asic/rtl/bch/bch_78_64_t2_v1.sv:282$1095.result[6:0]$5479
  2119/3952: $6\gf_mul$func$/gate04-repo/asic/rtl/bch/bch_78_64_t2_v1.sv:282$1095.a[7:0]$5477
  2120/3952: $6\gf_mul$func$/gate04-repo/asic/rtl/bch/bch_78_64_t2_v1.sv:282$1095.result[6:0]$5473
  2121/3952: $5\gf_mul$func$/gate04-repo/asic/rtl/bch/bch_78_64_t2_v1.sv:282$1095.a[7:0]$5471
  2122/3952: $5\gf_mul$func$/gate04-repo/asic/rtl/bch/bch_78_64_t2_v1.sv:282$1095.result[6:0]$5467
  2123/3952: $4\gf_mul$func$/gate04-repo/asic/rtl/bch/bch_78_64_t2_v1.sv:282$1095.a[7:0]$5465
  2124/3952: $4\gf_mul$func$/gate04-repo/asic/rtl/bch/bch_78_64_t2_v1.sv:282$1095.result[6:0]$5461
  2125/3952: $3\gf_mul$func$/gate04-repo/asic/rtl/bch/bch_78_64_t2_v1.sv:282$1095.a[7:0]$5459
  2126/3952: $3\gf_mul$func$/gate04-repo/asic/rtl/bch/bch_78_64_t2_v1.sv:282$1095.result[6:0]$5455
  2127/3952: $2\gf_mul$func$/gate04-repo/asic/rtl/bch/bch_78_64_t2_v1.sv:282$1095.a[7:0]$5453
  2128/3952: $2\gf_mul$func$/gate04-repo/asic/rtl/bch/bch_78_64_t2_v1.sv:282$1095.result[6:0]$5449
  2129/3952: $11\root_count[31:0]
  2130/3952: $11\candidate_mask[9:9]
  2131/3952: $8\gf_mul$func$/gate04-repo/asic/rtl/bch/bch_78_64_t2_v1.sv:283$1093.a[7:0]$5443
  2132/3952: $8\gf_mul$func$/gate04-repo/asic/rtl/bch/bch_78_64_t2_v1.sv:283$1093.result[6:0]$5439
  2133/3952: $7\gf_mul$func$/gate04-repo/asic/rtl/bch/bch_78_64_t2_v1.sv:283$1093.a[7:0]$5437
  2134/3952: $7\gf_mul$func$/gate04-repo/asic/rtl/bch/bch_78_64_t2_v1.sv:283$1093.result[6:0]$5433
  2135/3952: $6\gf_mul$func$/gate04-repo/asic/rtl/bch/bch_78_64_t2_v1.sv:283$1093.a[7:0]$5431
  2136/3952: $6\gf_mul$func$/gate04-repo/asic/rtl/bch/bch_78_64_t2_v1.sv:283$1093.result[6:0]$5427
  2137/3952: $5\gf_mul$func$/gate04-repo/asic/rtl/bch/bch_78_64_t2_v1.sv:283$1093.a[7:0]$5425
  2138/3952: $5\gf_mul$func$/gate04-repo/asic/rtl/bch/bch_78_64_t2_v1.sv:283$1093.result[6:0]$5421
  2139/3952: $4\gf_mul$func$/gate04-repo/asic/rtl/bch/bch_78_64_t2_v1.sv:283$1093.a[7:0]$5419
  2140/3952: $4\gf_mul$func$/gate04-repo/asic/rtl/bch/bch_78_64_t2_v1.sv:283$1093.result[6:0]$5415
  2141/3952: $3\gf_mul$func$/gate04-repo/asic/rtl/bch/bch_78_64_t2_v1.sv:283$1093.a[7:0]$5413
  2142/3952: $3\gf_mul$func$/gate04-repo/asic/rtl/bch/bch_78_64_t2_v1.sv:283$1093.result[6:0]$5409
  2143/3952: $2\gf_mul$func$/gate04-repo/asic/rtl/bch/bch_78_64_t2_v1.sv:283$1093.a[7:0]$5407
  2144/3952: $2\gf_mul$func$/gate04-repo/asic/rtl/bch/bch_78_64_t2_v1.sv:283$1093.result[6:0]$5403
  2145/3952: $8\gf_mul$func$/gate04-repo/asic/rtl/bch/bch_78_64_t2_v1.sv:282$1092.a[7:0]$5401
  2146/3952: $8\gf_mul$func$/gate04-repo/asic/rtl/bch/bch_78_64_t2_v1.sv:282$1092.result[6:0]$5397
  2147/3952: $7\gf_mul$func$/gate04-repo/asic/rtl/bch/bch_78_64_t2_v1.sv:282$1092.a[7:0]$5395
  2148/3952: $7\gf_mul$func$/gate04-repo/asic/rtl/bch/bch_78_64_t2_v1.sv:282$1092.result[6:0]$5391
  2149/3952: $6\gf_mul$func$/gate04-repo/asic/rtl/bch/bch_78_64_t2_v1.sv:282$1092.a[7:0]$5389
  2150/3952: $6\gf_mul$func$/gate04-repo/asic/rtl/bch/bch_78_64_t2_v1.sv:282$1092.result[6:0]$5385
  2151/3952: $5\gf_mul$func$/gate04-repo/asic/rtl/bch/bch_78_64_t2_v1.sv:282$1092.a[7:0]$5383
  2152/3952: $5\gf_mul$func$/gate04-repo/asic/rtl/bch/bch_78_64_t2_v1.sv:282$1092.result[6:0]$5379
  2153/3952: $4\gf_mul$func$/gate04-repo/asic/rtl/bch/bch_78_64_t2_v1.sv:282$1092.a[7:0]$5377
  2154/3952: $4\gf_mul$func$/gate04-repo/asic/rtl/bch/bch_78_64_t2_v1.sv:282$1092.result[6:0]$5373
  2155/3952: $3\gf_mul$func$/gate04-repo/asic/rtl/bch/bch_78_64_t2_v1.sv:282$1092.a[7:0]$5371
  2156/3952: $3\gf_mul$func$/gate04-repo/asic/rtl/bch/bch_78_64_t2_v1.sv:282$1092.result[6:0]$5367
  2157/3952: $2\gf_mul$func$/gate04-repo/asic/rtl/bch/bch_78_64_t2_v1.sv:282$1092.a[7:0]$5365
  2158/3952: $2\gf_mul$func$/gate04-repo/asic/rtl/bch/bch_78_64_t2_v1.sv:282$1092.result[6:0]$5361
  2159/3952: $10\root_count[31:0]
  2160/3952: $10\candidate_mask[8:8]
  2161/3952: $8\gf_mul$func$/gate04-repo/asic/rtl/bch/bch_78_64_t2_v1.sv:283$1090.a[7:0]$5355
  2162/3952: $8\gf_mul$func$/gate04-repo/asic/rtl/bch/bch_78_64_t2_v1.sv:283$1090.result[6:0]$5351
  2163/3952: $7\gf_mul$func$/gate04-repo/asic/rtl/bch/bch_78_64_t2_v1.sv:283$1090.a[7:0]$5349
  2164/3952: $7\gf_mul$func$/gate04-repo/asic/rtl/bch/bch_78_64_t2_v1.sv:283$1090.result[6:0]$5345
  2165/3952: $6\gf_mul$func$/gate04-repo/asic/rtl/bch/bch_78_64_t2_v1.sv:283$1090.a[7:0]$5343
  2166/3952: $6\gf_mul$func$/gate04-repo/asic/rtl/bch/bch_78_64_t2_v1.sv:283$1090.result[6:0]$5339
  2167/3952: $5\gf_mul$func$/gate04-repo/asic/rtl/bch/bch_78_64_t2_v1.sv:283$1090.a[7:0]$5337
  2168/3952: $5\gf_mul$func$/gate04-repo/asic/rtl/bch/bch_78_64_t2_v1.sv:283$1090.result[6:0]$5333
  2169/3952: $4\gf_mul$func$/gate04-repo/asic/rtl/bch/bch_78_64_t2_v1.sv:283$1090.a[7:0]$5331
  2170/3952: $4\gf_mul$func$/gate04-repo/asic/rtl/bch/bch_78_64_t2_v1.sv:283$1090.result[6:0]$5327
  2171/3952: $3\gf_mul$func$/gate04-repo/asic/rtl/bch/bch_78_64_t2_v1.sv:283$1090.a[7:0]$5325
  2172/3952: $3\gf_mul$func$/gate04-repo/asic/rtl/bch/bch_78_64_t2_v1.sv:283$1090.result[6:0]$5321
  2173/3952: $2\gf_mul$func$/gate04-repo/asic/rtl/bch/bch_78_64_t2_v1.sv:283$1090.a[7:0]$5319
  2174/3952: $2\gf_mul$func$/gate04-repo/asic/rtl/bch/bch_78_64_t2_v1.sv:283$1090.result[6:0]$5315
  2175/3952: $8\gf_mul$func$/gate04-repo/asic/rtl/bch/bch_78_64_t2_v1.sv:282$1089.a[7:0]$5313
  2176/3952: $8\gf_mul$func$/gate04-repo/asic/rtl/bch/bch_78_64_t2_v1.sv:282$1089.result[6:0]$5309
  2177/3952: $7\gf_mul$func$/gate04-repo/asic/rtl/bch/bch_78_64_t2_v1.sv:282$1089.a[7:0]$5307
  2178/3952: $7\gf_mul$func$/gate04-repo/asic/rtl/bch/bch_78_64_t2_v1.sv:282$1089.result[6:0]$5303
  2179/3952: $6\gf_mul$func$/gate04-repo/asic/rtl/bch/bch_78_64_t2_v1.sv:282$1089.a[7:0]$5301
  2180/3952: $6\gf_mul$func$/gate04-repo/asic/rtl/bch/bch_78_64_t2_v1.sv:282$1089.result[6:0]$5297
  2181/3952: $5\gf_mul$func$/gate04-repo/asic/rtl/bch/bch_78_64_t2_v1.sv:282$1089.a[7:0]$5295
  2182/3952: $5\gf_mul$func$/gate04-repo/asic/rtl/bch/bch_78_64_t2_v1.sv:282$1089.result[6:0]$5291
  2183/3952: $4\gf_mul$func$/gate04-repo/asic/rtl/bch/bch_78_64_t2_v1.sv:282$1089.a[7:0]$5289
  2184/3952: $4\gf_mul$func$/gate04-repo/asic/rtl/bch/bch_78_64_t2_v1.sv:282$1089.result[6:0]$5285
  2185/3952: $3\gf_mul$func$/gate04-repo/asic/rtl/bch/bch_78_64_t2_v1.sv:282$1089.a[7:0]$5283
  2186/3952: $3\gf_mul$func$/gate04-repo/asic/rtl/bch/bch_78_64_t2_v1.sv:282$1089.result[6:0]$5279
  2187/3952: $2\gf_mul$func$/gate04-repo/asic/rtl/bch/bch_78_64_t2_v1.sv:282$1089.a[7:0]$5277
  2188/3952: $2\gf_mul$func$/gate04-repo/asic/rtl/bch/bch_78_64_t2_v1.sv:282$1089.result[6:0]$5273
  2189/3952: $9\root_count[31:0]
  2190/3952: $9\candidate_mask[7:7]
  2191/3952: $8\gf_mul$func$/gate04-repo/asic/rtl/bch/bch_78_64_t2_v1.sv:283$1087.a[7:0]$5267
  2192/3952: $8\gf_mul$func$/gate04-repo/asic/rtl/bch/bch_78_64_t2_v1.sv:283$1087.result[6:0]$5263
  2193/3952: $7\gf_mul$func$/gate04-repo/asic/rtl/bch/bch_78_64_t2_v1.sv:283$1087.a[7:0]$5261
  2194/3952: $7\gf_mul$func$/gate04-repo/asic/rtl/bch/bch_78_64_t2_v1.sv:283$1087.result[6:0]$5257
  2195/3952: $6\gf_mul$func$/gate04-repo/asic/rtl/bch/bch_78_64_t2_v1.sv:283$1087.a[7:0]$5255
  2196/3952: $6\gf_mul$func$/gate04-repo/asic/rtl/bch/bch_78_64_t2_v1.sv:283$1087.result[6:0]$5251
  2197/3952: $5\gf_mul$func$/gate04-repo/asic/rtl/bch/bch_78_64_t2_v1.sv:283$1087.a[7:0]$5249
  2198/3952: $5\gf_mul$func$/gate04-repo/asic/rtl/bch/bch_78_64_t2_v1.sv:283$1087.result[6:0]$5245
  2199/3952: $4\gf_mul$func$/gate04-repo/asic/rtl/bch/bch_78_64_t2_v1.sv:283$1087.a[7:0]$5243
  2200/3952: $4\gf_mul$func$/gate04-repo/asic/rtl/bch/bch_78_64_t2_v1.sv:283$1087.result[6:0]$5239
  2201/3952: $3\gf_mul$func$/gate04-repo/asic/rtl/bch/bch_78_64_t2_v1.sv:283$1087.a[7:0]$5237
  2202/3952: $3\gf_mul$func$/gate04-repo/asic/rtl/bch/bch_78_64_t2_v1.sv:283$1087.result[6:0]$5233
  2203/3952: $2\gf_mul$func$/gate04-repo/asic/rtl/bch/bch_78_64_t2_v1.sv:283$1087.a[7:0]$5231
  2204/3952: $2\gf_mul$func$/gate04-repo/asic/rtl/bch/bch_78_64_t2_v1.sv:283$1087.result[6:0]$5227
  2205/3952: $8\gf_mul$func$/gate04-repo/asic/rtl/bch/bch_78_64_t2_v1.sv:282$1086.a[7:0]$5225
  2206/3952: $8\gf_mul$func$/gate04-repo/asic/rtl/bch/bch_78_64_t2_v1.sv:282$1086.result[6:0]$5221
  2207/3952: $7\gf_mul$func$/gate04-repo/asic/rtl/bch/bch_78_64_t2_v1.sv:282$1086.a[7:0]$5219
  2208/3952: $7\gf_mul$func$/gate04-repo/asic/rtl/bch/bch_78_64_t2_v1.sv:282$1086.result[6:0]$5215
  2209/3952: $6\gf_mul$func$/gate04-repo/asic/rtl/bch/bch_78_64_t2_v1.sv:282$1086.a[7:0]$5213
  2210/3952: $6\gf_mul$func$/gate04-repo/asic/rtl/bch/bch_78_64_t2_v1.sv:282$1086.result[6:0]$5209
  2211/3952: $5\gf_mul$func$/gate04-repo/asic/rtl/bch/bch_78_64_t2_v1.sv:282$1086.a[7:0]$5207
  2212/3952: $5\gf_mul$func$/gate04-repo/asic/rtl/bch/bch_78_64_t2_v1.sv:282$1086.result[6:0]$5203
  2213/3952: $4\gf_mul$func$/gate04-repo/asic/rtl/bch/bch_78_64_t2_v1.sv:282$1086.a[7:0]$5201
  2214/3952: $4\gf_mul$func$/gate04-repo/asic/rtl/bch/bch_78_64_t2_v1.sv:282$1086.result[6:0]$5197
  2215/3952: $3\gf_mul$func$/gate04-repo/asic/rtl/bch/bch_78_64_t2_v1.sv:282$1086.a[7:0]$5195
  2216/3952: $3\gf_mul$func$/gate04-repo/asic/rtl/bch/bch_78_64_t2_v1.sv:282$1086.result[6:0]$5191
  2217/3952: $2\gf_mul$func$/gate04-repo/asic/rtl/bch/bch_78_64_t2_v1.sv:282$1086.a[7:0]$5189
  2218/3952: $2\gf_mul$func$/gate04-repo/asic/rtl/bch/bch_78_64_t2_v1.sv:282$1086.result[6:0]$5185
  2219/3952: $8\root_count[31:0]
  2220/3952: $8\candidate_mask[6:6]
  2221/3952: $8\gf_mul$func$/gate04-repo/asic/rtl/bch/bch_78_64_t2_v1.sv:283$1084.a[7:0]$5179
  2222/3952: $8\gf_mul$func$/gate04-repo/asic/rtl/bch/bch_78_64_t2_v1.sv:283$1084.result[6:0]$5175
  2223/3952: $7\gf_mul$func$/gate04-repo/asic/rtl/bch/bch_78_64_t2_v1.sv:283$1084.a[7:0]$5173
  2224/3952: $7\gf_mul$func$/gate04-repo/asic/rtl/bch/bch_78_64_t2_v1.sv:283$1084.result[6:0]$5169
  2225/3952: $6\gf_mul$func$/gate04-repo/asic/rtl/bch/bch_78_64_t2_v1.sv:283$1084.a[7:0]$5167
  2226/3952: $6\gf_mul$func$/gate04-repo/asic/rtl/bch/bch_78_64_t2_v1.sv:283$1084.result[6:0]$5163
  2227/3952: $5\gf_mul$func$/gate04-repo/asic/rtl/bch/bch_78_64_t2_v1.sv:283$1084.a[7:0]$5161
  2228/3952: $5\gf_mul$func$/gate04-repo/asic/rtl/bch/bch_78_64_t2_v1.sv:283$1084.result[6:0]$5157
  2229/3952: $4\gf_mul$func$/gate04-repo/asic/rtl/bch/bch_78_64_t2_v1.sv:283$1084.a[7:0]$5155
  2230/3952: $4\gf_mul$func$/gate04-repo/asic/rtl/bch/bch_78_64_t2_v1.sv:283$1084.result[6:0]$5151
  2231/3952: $3\gf_mul$func$/gate04-repo/asic/rtl/bch/bch_78_64_t2_v1.sv:283$1084.a[7:0]$5149
  2232/3952: $3\gf_mul$func$/gate04-repo/asic/rtl/bch/bch_78_64_t2_v1.sv:283$1084.result[6:0]$5145
  2233/3952: $2\gf_mul$func$/gate04-repo/asic/rtl/bch/bch_78_64_t2_v1.sv:283$1084.a[7:0]$5143
  2234/3952: $2\gf_mul$func$/gate04-repo/asic/rtl/bch/bch_78_64_t2_v1.sv:283$1084.result[6:0]$5139
  2235/3952: $8\gf_mul$func$/gate04-repo/asic/rtl/bch/bch_78_64_t2_v1.sv:282$1083.a[7:0]$5137
  2236/3952: $8\gf_mul$func$/gate04-repo/asic/rtl/bch/bch_78_64_t2_v1.sv:282$1083.result[6:0]$5133
  2237/3952: $7\gf_mul$func$/gate04-repo/asic/rtl/bch/bch_78_64_t2_v1.sv:282$1083.a[7:0]$5131
  2238/3952: $7\gf_mul$func$/gate04-repo/asic/rtl/bch/bch_78_64_t2_v1.sv:282$1083.result[6:0]$5127
  2239/3952: $6\gf_mul$func$/gate04-repo/asic/rtl/bch/bch_78_64_t2_v1.sv:282$1083.a[7:0]$5125
  2240/3952: $6\gf_mul$func$/gate04-repo/asic/rtl/bch/bch_78_64_t2_v1.sv:282$1083.result[6:0]$5121
  2241/3952: $5\gf_mul$func$/gate04-repo/asic/rtl/bch/bch_78_64_t2_v1.sv:282$1083.a[7:0]$5119
  2242/3952: $5\gf_mul$func$/gate04-repo/asic/rtl/bch/bch_78_64_t2_v1.sv:282$1083.result[6:0]$5115
  2243/3952: $4\gf_mul$func$/gate04-repo/asic/rtl/bch/bch_78_64_t2_v1.sv:282$1083.a[7:0]$5113
  2244/3952: $4\gf_mul$func$/gate04-repo/asic/rtl/bch/bch_78_64_t2_v1.sv:282$1083.result[6:0]$5109
  2245/3952: $3\gf_mul$func$/gate04-repo/asic/rtl/bch/bch_78_64_t2_v1.sv:282$1083.a[7:0]$5107
  2246/3952: $3\gf_mul$func$/gate04-repo/asic/rtl/bch/bch_78_64_t2_v1.sv:282$1083.result[6:0]$5103
  2247/3952: $2\gf_mul$func$/gate04-repo/asic/rtl/bch/bch_78_64_t2_v1.sv:282$1083.a[7:0]$5101
  2248/3952: $2\gf_mul$func$/gate04-repo/asic/rtl/bch/bch_78_64_t2_v1.sv:282$1083.result[6:0]$5097
  2249/3952: $7\root_count[31:0]
  2250/3952: $7\candidate_mask[5:5]
  2251/3952: $8\gf_mul$func$/gate04-repo/asic/rtl/bch/bch_78_64_t2_v1.sv:283$1081.a[7:0]$5091
  2252/3952: $8\gf_mul$func$/gate04-repo/asic/rtl/bch/bch_78_64_t2_v1.sv:283$1081.result[6:0]$5087
  2253/3952: $7\gf_mul$func$/gate04-repo/asic/rtl/bch/bch_78_64_t2_v1.sv:283$1081.a[7:0]$5085
  2254/3952: $7\gf_mul$func$/gate04-repo/asic/rtl/bch/bch_78_64_t2_v1.sv:283$1081.result[6:0]$5081
  2255/3952: $6\gf_mul$func$/gate04-repo/asic/rtl/bch/bch_78_64_t2_v1.sv:283$1081.a[7:0]$5079
  2256/3952: $6\gf_mul$func$/gate04-repo/asic/rtl/bch/bch_78_64_t2_v1.sv:283$1081.result[6:0]$5075
  2257/3952: $5\gf_mul$func$/gate04-repo/asic/rtl/bch/bch_78_64_t2_v1.sv:283$1081.a[7:0]$5073
  2258/3952: $5\gf_mul$func$/gate04-repo/asic/rtl/bch/bch_78_64_t2_v1.sv:283$1081.result[6:0]$5069
  2259/3952: $4\gf_mul$func$/gate04-repo/asic/rtl/bch/bch_78_64_t2_v1.sv:283$1081.a[7:0]$5067
  2260/3952: $4\gf_mul$func$/gate04-repo/asic/rtl/bch/bch_78_64_t2_v1.sv:283$1081.result[6:0]$5063
  2261/3952: $3\gf_mul$func$/gate04-repo/asic/rtl/bch/bch_78_64_t2_v1.sv:283$1081.a[7:0]$5061
  2262/3952: $3\gf_mul$func$/gate04-repo/asic/rtl/bch/bch_78_64_t2_v1.sv:283$1081.result[6:0]$5057
  2263/3952: $2\gf_mul$func$/gate04-repo/asic/rtl/bch/bch_78_64_t2_v1.sv:283$1081.a[7:0]$5055
  2264/3952: $2\gf_mul$func$/gate04-repo/asic/rtl/bch/bch_78_64_t2_v1.sv:283$1081.result[6:0]$5051
  2265/3952: $8\gf_mul$func$/gate04-repo/asic/rtl/bch/bch_78_64_t2_v1.sv:282$1080.a[7:0]$5049
  2266/3952: $8\gf_mul$func$/gate04-repo/asic/rtl/bch/bch_78_64_t2_v1.sv:282$1080.result[6:0]$5045
  2267/3952: $7\gf_mul$func$/gate04-repo/asic/rtl/bch/bch_78_64_t2_v1.sv:282$1080.a[7:0]$5043
  2268/3952: $7\gf_mul$func$/gate04-repo/asic/rtl/bch/bch_78_64_t2_v1.sv:282$1080.result[6:0]$5039
  2269/3952: $6\gf_mul$func$/gate04-repo/asic/rtl/bch/bch_78_64_t2_v1.sv:282$1080.a[7:0]$5037
  2270/3952: $6\gf_mul$func$/gate04-repo/asic/rtl/bch/bch_78_64_t2_v1.sv:282$1080.result[6:0]$5033
  2271/3952: $5\gf_mul$func$/gate04-repo/asic/rtl/bch/bch_78_64_t2_v1.sv:282$1080.a[7:0]$5031
  2272/3952: $5\gf_mul$func$/gate04-repo/asic/rtl/bch/bch_78_64_t2_v1.sv:282$1080.result[6:0]$5027
  2273/3952: $4\gf_mul$func$/gate04-repo/asic/rtl/bch/bch_78_64_t2_v1.sv:282$1080.a[7:0]$5025
  2274/3952: $4\gf_mul$func$/gate04-repo/asic/rtl/bch/bch_78_64_t2_v1.sv:282$1080.result[6:0]$5021
  2275/3952: $3\gf_mul$func$/gate04-repo/asic/rtl/bch/bch_78_64_t2_v1.sv:282$1080.a[7:0]$5019
  2276/3952: $3\gf_mul$func$/gate04-repo/asic/rtl/bch/bch_78_64_t2_v1.sv:282$1080.result[6:0]$5015
  2277/3952: $2\gf_mul$func$/gate04-repo/asic/rtl/bch/bch_78_64_t2_v1.sv:282$1080.a[7:0]$5013
  2278/3952: $2\gf_mul$func$/gate04-repo/asic/rtl/bch/bch_78_64_t2_v1.sv:282$1080.result[6:0]$5009
  2279/3952: $6\root_count[31:0]
  2280/3952: $6\candidate_mask[4:4]
  2281/3952: $8\gf_mul$func$/gate04-repo/asic/rtl/bch/bch_78_64_t2_v1.sv:283$1078.a[7:0]$5003
  2282/3952: $8\gf_mul$func$/gate04-repo/asic/rtl/bch/bch_78_64_t2_v1.sv:283$1078.result[6:0]$4999
  2283/3952: $7\gf_mul$func$/gate04-repo/asic/rtl/bch/bch_78_64_t2_v1.sv:283$1078.a[7:0]$4997
  2284/3952: $7\gf_mul$func$/gate04-repo/asic/rtl/bch/bch_78_64_t2_v1.sv:283$1078.result[6:0]$4993
  2285/3952: $6\gf_mul$func$/gate04-repo/asic/rtl/bch/bch_78_64_t2_v1.sv:283$1078.a[7:0]$4991
  2286/3952: $6\gf_mul$func$/gate04-repo/asic/rtl/bch/bch_78_64_t2_v1.sv:283$1078.result[6:0]$4987
  2287/3952: $5\gf_mul$func$/gate04-repo/asic/rtl/bch/bch_78_64_t2_v1.sv:283$1078.a[7:0]$4985
  2288/3952: $5\gf_mul$func$/gate04-repo/asic/rtl/bch/bch_78_64_t2_v1.sv:283$1078.result[6:0]$4981
  2289/3952: $4\gf_mul$func$/gate04-repo/asic/rtl/bch/bch_78_64_t2_v1.sv:283$1078.a[7:0]$4979
  2290/3952: $4\gf_mul$func$/gate04-repo/asic/rtl/bch/bch_78_64_t2_v1.sv:283$1078.result[6:0]$4975
  2291/3952: $3\gf_mul$func$/gate04-repo/asic/rtl/bch/bch_78_64_t2_v1.sv:283$1078.a[7:0]$4973
  2292/3952: $3\gf_mul$func$/gate04-repo/asic/rtl/bch/bch_78_64_t2_v1.sv:283$1078.result[6:0]$4969
  2293/3952: $2\gf_mul$func$/gate04-repo/asic/rtl/bch/bch_78_64_t2_v1.sv:283$1078.a[7:0]$4967
  2294/3952: $2\gf_mul$func$/gate04-repo/asic/rtl/bch/bch_78_64_t2_v1.sv:283$1078.result[6:0]$4963
  2295/3952: $8\gf_mul$func$/gate04-repo/asic/rtl/bch/bch_78_64_t2_v1.sv:282$1077.a[7:0]$4961
  2296/3952: $8\gf_mul$func$/gate04-repo/asic/rtl/bch/bch_78_64_t2_v1.sv:282$1077.result[6:0]$4957
  2297/3952: $7\gf_mul$func$/gate04-repo/asic/rtl/bch/bch_78_64_t2_v1.sv:282$1077.a[7:0]$4955
  2298/3952: $7\gf_mul$func$/gate04-repo/asic/rtl/bch/bch_78_64_t2_v1.sv:282$1077.result[6:0]$4951
  2299/3952: $6\gf_mul$func$/gate04-repo/asic/rtl/bch/bch_78_64_t2_v1.sv:282$1077.a[7:0]$4949
  2300/3952: $6\gf_mul$func$/gate04-repo/asic/rtl/bch/bch_78_64_t2_v1.sv:282$1077.result[6:0]$4945
  2301/3952: $5\gf_mul$func$/gate04-repo/asic/rtl/bch/bch_78_64_t2_v1.sv:282$1077.a[7:0]$4943
  2302/3952: $5\gf_mul$func$/gate04-repo/asic/rtl/bch/bch_78_64_t2_v1.sv:282$1077.result[6:0]$4939
  2303/3952: $4\gf_mul$func$/gate04-repo/asic/rtl/bch/bch_78_64_t2_v1.sv:282$1077.a[7:0]$4937
  2304/3952: $4\gf_mul$func$/gate04-repo/asic/rtl/bch/bch_78_64_t2_v1.sv:282$1077.result[6:0]$4933
  2305/3952: $3\gf_mul$func$/gate04-repo/asic/rtl/bch/bch_78_64_t2_v1.sv:282$1077.a[7:0]$4931
  2306/3952: $3\gf_mul$func$/gate04-repo/asic/rtl/bch/bch_78_64_t2_v1.sv:282$1077.result[6:0]$4927
  2307/3952: $2\gf_mul$func$/gate04-repo/asic/rtl/bch/bch_78_64_t2_v1.sv:282$1077.a[7:0]$4925
  2308/3952: $2\gf_mul$func$/gate04-repo/asic/rtl/bch/bch_78_64_t2_v1.sv:282$1077.result[6:0]$4921
  2309/3952: $5\root_count[31:0]
  2310/3952: $5\candidate_mask[3:3]
  2311/3952: $8\gf_mul$func$/gate04-repo/asic/rtl/bch/bch_78_64_t2_v1.sv:283$1075.a[7:0]$4915
  2312/3952: $8\gf_mul$func$/gate04-repo/asic/rtl/bch/bch_78_64_t2_v1.sv:283$1075.result[6:0]$4911
  2313/3952: $7\gf_mul$func$/gate04-repo/asic/rtl/bch/bch_78_64_t2_v1.sv:283$1075.a[7:0]$4909
  2314/3952: $7\gf_mul$func$/gate04-repo/asic/rtl/bch/bch_78_64_t2_v1.sv:283$1075.result[6:0]$4905
  2315/3952: $6\gf_mul$func$/gate04-repo/asic/rtl/bch/bch_78_64_t2_v1.sv:283$1075.a[7:0]$4903
  2316/3952: $6\gf_mul$func$/gate04-repo/asic/rtl/bch/bch_78_64_t2_v1.sv:283$1075.result[6:0]$4899
  2317/3952: $5\gf_mul$func$/gate04-repo/asic/rtl/bch/bch_78_64_t2_v1.sv:283$1075.a[7:0]$4897
  2318/3952: $5\gf_mul$func$/gate04-repo/asic/rtl/bch/bch_78_64_t2_v1.sv:283$1075.result[6:0]$4893
  2319/3952: $4\gf_mul$func$/gate04-repo/asic/rtl/bch/bch_78_64_t2_v1.sv:283$1075.a[7:0]$4891
  2320/3952: $4\gf_mul$func$/gate04-repo/asic/rtl/bch/bch_78_64_t2_v1.sv:283$1075.result[6:0]$4887
  2321/3952: $3\gf_mul$func$/gate04-repo/asic/rtl/bch/bch_78_64_t2_v1.sv:283$1075.a[7:0]$4885
  2322/3952: $3\gf_mul$func$/gate04-repo/asic/rtl/bch/bch_78_64_t2_v1.sv:283$1075.result[6:0]$4881
  2323/3952: $2\gf_mul$func$/gate04-repo/asic/rtl/bch/bch_78_64_t2_v1.sv:283$1075.a[7:0]$4879
  2324/3952: $2\gf_mul$func$/gate04-repo/asic/rtl/bch/bch_78_64_t2_v1.sv:283$1075.result[6:0]$4875
  2325/3952: $8\gf_mul$func$/gate04-repo/asic/rtl/bch/bch_78_64_t2_v1.sv:282$1074.a[7:0]$4873
  2326/3952: $8\gf_mul$func$/gate04-repo/asic/rtl/bch/bch_78_64_t2_v1.sv:282$1074.result[6:0]$4869
  2327/3952: $7\gf_mul$func$/gate04-repo/asic/rtl/bch/bch_78_64_t2_v1.sv:282$1074.a[7:0]$4867
  2328/3952: $7\gf_mul$func$/gate04-repo/asic/rtl/bch/bch_78_64_t2_v1.sv:282$1074.result[6:0]$4863
  2329/3952: $6\gf_mul$func$/gate04-repo/asic/rtl/bch/bch_78_64_t2_v1.sv:282$1074.a[7:0]$4861
  2330/3952: $6\gf_mul$func$/gate04-repo/asic/rtl/bch/bch_78_64_t2_v1.sv:282$1074.result[6:0]$4857
  2331/3952: $5\gf_mul$func$/gate04-repo/asic/rtl/bch/bch_78_64_t2_v1.sv:282$1074.a[7:0]$4855
  2332/3952: $5\gf_mul$func$/gate04-repo/asic/rtl/bch/bch_78_64_t2_v1.sv:282$1074.result[6:0]$4851
  2333/3952: $4\gf_mul$func$/gate04-repo/asic/rtl/bch/bch_78_64_t2_v1.sv:282$1074.a[7:0]$4849
  2334/3952: $4\gf_mul$func$/gate04-repo/asic/rtl/bch/bch_78_64_t2_v1.sv:282$1074.result[6:0]$4845
  2335/3952: $3\gf_mul$func$/gate04-repo/asic/rtl/bch/bch_78_64_t2_v1.sv:282$1074.a[7:0]$4843
  2336/3952: $3\gf_mul$func$/gate04-repo/asic/rtl/bch/bch_78_64_t2_v1.sv:282$1074.result[6:0]$4839
  2337/3952: $2\gf_mul$func$/gate04-repo/asic/rtl/bch/bch_78_64_t2_v1.sv:282$1074.a[7:0]$4837
  2338/3952: $2\gf_mul$func$/gate04-repo/asic/rtl/bch/bch_78_64_t2_v1.sv:282$1074.result[6:0]$4833
  2339/3952: $4\root_count[31:0]
  2340/3952: $4\candidate_mask[2:2]
  2341/3952: $8\gf_mul$func$/gate04-repo/asic/rtl/bch/bch_78_64_t2_v1.sv:283$1072.a[7:0]$4827
  2342/3952: $8\gf_mul$func$/gate04-repo/asic/rtl/bch/bch_78_64_t2_v1.sv:283$1072.result[6:0]$4823
  2343/3952: $7\gf_mul$func$/gate04-repo/asic/rtl/bch/bch_78_64_t2_v1.sv:283$1072.a[7:0]$4821
  2344/3952: $7\gf_mul$func$/gate04-repo/asic/rtl/bch/bch_78_64_t2_v1.sv:283$1072.result[6:0]$4817
  2345/3952: $6\gf_mul$func$/gate04-repo/asic/rtl/bch/bch_78_64_t2_v1.sv:283$1072.a[7:0]$4815
  2346/3952: $6\gf_mul$func$/gate04-repo/asic/rtl/bch/bch_78_64_t2_v1.sv:283$1072.result[6:0]$4811
  2347/3952: $5\gf_mul$func$/gate04-repo/asic/rtl/bch/bch_78_64_t2_v1.sv:283$1072.a[7:0]$4809
  2348/3952: $5\gf_mul$func$/gate04-repo/asic/rtl/bch/bch_78_64_t2_v1.sv:283$1072.result[6:0]$4805
  2349/3952: $4\gf_mul$func$/gate04-repo/asic/rtl/bch/bch_78_64_t2_v1.sv:283$1072.a[7:0]$4803
  2350/3952: $4\gf_mul$func$/gate04-repo/asic/rtl/bch/bch_78_64_t2_v1.sv:283$1072.result[6:0]$4799
  2351/3952: $3\gf_mul$func$/gate04-repo/asic/rtl/bch/bch_78_64_t2_v1.sv:283$1072.a[7:0]$4797
  2352/3952: $3\gf_mul$func$/gate04-repo/asic/rtl/bch/bch_78_64_t2_v1.sv:283$1072.result[6:0]$4793
  2353/3952: $2\gf_mul$func$/gate04-repo/asic/rtl/bch/bch_78_64_t2_v1.sv:283$1072.a[7:0]$4791
  2354/3952: $2\gf_mul$func$/gate04-repo/asic/rtl/bch/bch_78_64_t2_v1.sv:283$1072.result[6:0]$4787
  2355/3952: $8\gf_mul$func$/gate04-repo/asic/rtl/bch/bch_78_64_t2_v1.sv:282$1071.a[7:0]$4785
  2356/3952: $8\gf_mul$func$/gate04-repo/asic/rtl/bch/bch_78_64_t2_v1.sv:282$1071.result[6:0]$4781
  2357/3952: $7\gf_mul$func$/gate04-repo/asic/rtl/bch/bch_78_64_t2_v1.sv:282$1071.a[7:0]$4779
  2358/3952: $7\gf_mul$func$/gate04-repo/asic/rtl/bch/bch_78_64_t2_v1.sv:282$1071.result[6:0]$4775
  2359/3952: $6\gf_mul$func$/gate04-repo/asic/rtl/bch/bch_78_64_t2_v1.sv:282$1071.a[7:0]$4773
  2360/3952: $6\gf_mul$func$/gate04-repo/asic/rtl/bch/bch_78_64_t2_v1.sv:282$1071.result[6:0]$4769
  2361/3952: $5\gf_mul$func$/gate04-repo/asic/rtl/bch/bch_78_64_t2_v1.sv:282$1071.a[7:0]$4767
  2362/3952: $5\gf_mul$func$/gate04-repo/asic/rtl/bch/bch_78_64_t2_v1.sv:282$1071.result[6:0]$4763
  2363/3952: $4\gf_mul$func$/gate04-repo/asic/rtl/bch/bch_78_64_t2_v1.sv:282$1071.a[7:0]$4761
  2364/3952: $4\gf_mul$func$/gate04-repo/asic/rtl/bch/bch_78_64_t2_v1.sv:282$1071.result[6:0]$4757
  2365/3952: $3\gf_mul$func$/gate04-repo/asic/rtl/bch/bch_78_64_t2_v1.sv:282$1071.a[7:0]$4755
  2366/3952: $3\gf_mul$func$/gate04-repo/asic/rtl/bch/bch_78_64_t2_v1.sv:282$1071.result[6:0]$4751
  2367/3952: $2\gf_mul$func$/gate04-repo/asic/rtl/bch/bch_78_64_t2_v1.sv:282$1071.a[7:0]$4749
  2368/3952: $2\gf_mul$func$/gate04-repo/asic/rtl/bch/bch_78_64_t2_v1.sv:282$1071.result[6:0]$4745
  2369/3952: $3\root_count[31:0]
  2370/3952: $3\candidate_mask[1:1]
  2371/3952: $8\gf_mul$func$/gate04-repo/asic/rtl/bch/bch_78_64_t2_v1.sv:283$1069.a[7:0]$4739
  2372/3952: $8\gf_mul$func$/gate04-repo/asic/rtl/bch/bch_78_64_t2_v1.sv:283$1069.result[6:0]$4735
  2373/3952: $7\gf_mul$func$/gate04-repo/asic/rtl/bch/bch_78_64_t2_v1.sv:283$1069.a[7:0]$4733
  2374/3952: $7\gf_mul$func$/gate04-repo/asic/rtl/bch/bch_78_64_t2_v1.sv:283$1069.result[6:0]$4729
  2375/3952: $6\gf_mul$func$/gate04-repo/asic/rtl/bch/bch_78_64_t2_v1.sv:283$1069.a[7:0]$4727
  2376/3952: $6\gf_mul$func$/gate04-repo/asic/rtl/bch/bch_78_64_t2_v1.sv:283$1069.result[6:0]$4723
  2377/3952: $5\gf_mul$func$/gate04-repo/asic/rtl/bch/bch_78_64_t2_v1.sv:283$1069.a[7:0]$4721
  2378/3952: $5\gf_mul$func$/gate04-repo/asic/rtl/bch/bch_78_64_t2_v1.sv:283$1069.result[6:0]$4717
  2379/3952: $4\gf_mul$func$/gate04-repo/asic/rtl/bch/bch_78_64_t2_v1.sv:283$1069.a[7:0]$4715
  2380/3952: $4\gf_mul$func$/gate04-repo/asic/rtl/bch/bch_78_64_t2_v1.sv:283$1069.result[6:0]$4711
  2381/3952: $3\gf_mul$func$/gate04-repo/asic/rtl/bch/bch_78_64_t2_v1.sv:283$1069.a[7:0]$4709
  2382/3952: $3\gf_mul$func$/gate04-repo/asic/rtl/bch/bch_78_64_t2_v1.sv:283$1069.result[6:0]$4705
  2383/3952: $2\gf_mul$func$/gate04-repo/asic/rtl/bch/bch_78_64_t2_v1.sv:283$1069.a[7:0]$4703
  2384/3952: $2\gf_mul$func$/gate04-repo/asic/rtl/bch/bch_78_64_t2_v1.sv:283$1069.result[6:0]$4699
  2385/3952: $8\gf_mul$func$/gate04-repo/asic/rtl/bch/bch_78_64_t2_v1.sv:282$1068.a[7:0]$4697
  2386/3952: $8\gf_mul$func$/gate04-repo/asic/rtl/bch/bch_78_64_t2_v1.sv:282$1068.result[6:0]$4693
  2387/3952: $7\gf_mul$func$/gate04-repo/asic/rtl/bch/bch_78_64_t2_v1.sv:282$1068.a[7:0]$4691
  2388/3952: $7\gf_mul$func$/gate04-repo/asic/rtl/bch/bch_78_64_t2_v1.sv:282$1068.result[6:0]$4687
  2389/3952: $6\gf_mul$func$/gate04-repo/asic/rtl/bch/bch_78_64_t2_v1.sv:282$1068.a[7:0]$4685
  2390/3952: $6\gf_mul$func$/gate04-repo/asic/rtl/bch/bch_78_64_t2_v1.sv:282$1068.result[6:0]$4681
  2391/3952: $5\gf_mul$func$/gate04-repo/asic/rtl/bch/bch_78_64_t2_v1.sv:282$1068.a[7:0]$4679
  2392/3952: $5\gf_mul$func$/gate04-repo/asic/rtl/bch/bch_78_64_t2_v1.sv:282$1068.result[6:0]$4675
  2393/3952: $4\gf_mul$func$/gate04-repo/asic/rtl/bch/bch_78_64_t2_v1.sv:282$1068.a[7:0]$4673
  2394/3952: $4\gf_mul$func$/gate04-repo/asic/rtl/bch/bch_78_64_t2_v1.sv:282$1068.result[6:0]$4669
  2395/3952: $3\gf_mul$func$/gate04-repo/asic/rtl/bch/bch_78_64_t2_v1.sv:282$1068.a[7:0]$4667
  2396/3952: $3\gf_mul$func$/gate04-repo/asic/rtl/bch/bch_78_64_t2_v1.sv:282$1068.result[6:0]$4663
  2397/3952: $2\gf_mul$func$/gate04-repo/asic/rtl/bch/bch_78_64_t2_v1.sv:282$1068.a[7:0]$4661
  2398/3952: $2\gf_mul$func$/gate04-repo/asic/rtl/bch/bch_78_64_t2_v1.sv:282$1068.result[6:0]$4657
  2399/3952: $2\root_count[31:0]
  2400/3952: $2\candidate_mask[0:0]
  2401/3952: $8\gf_mul$func$/gate04-repo/asic/rtl/bch/bch_78_64_t2_v1.sv:283$1066.a[7:0]$4651
  2402/3952: $8\gf_mul$func$/gate04-repo/asic/rtl/bch/bch_78_64_t2_v1.sv:283$1066.result[6:0]$4647
  2403/3952: $7\gf_mul$func$/gate04-repo/asic/rtl/bch/bch_78_64_t2_v1.sv:283$1066.a[7:0]$4645
  2404/3952: $7\gf_mul$func$/gate04-repo/asic/rtl/bch/bch_78_64_t2_v1.sv:283$1066.result[6:0]$4641
  2405/3952: $6\gf_mul$func$/gate04-repo/asic/rtl/bch/bch_78_64_t2_v1.sv:283$1066.a[7:0]$4639
  2406/3952: $6\gf_mul$func$/gate04-repo/asic/rtl/bch/bch_78_64_t2_v1.sv:283$1066.result[6:0]$4635
  2407/3952: $5\gf_mul$func$/gate04-repo/asic/rtl/bch/bch_78_64_t2_v1.sv:283$1066.a[7:0]$4633
  2408/3952: $5\gf_mul$func$/gate04-repo/asic/rtl/bch/bch_78_64_t2_v1.sv:283$1066.result[6:0]$4629
  2409/3952: $4\gf_mul$func$/gate04-repo/asic/rtl/bch/bch_78_64_t2_v1.sv:283$1066.a[7:0]$4627
  2410/3952: $4\gf_mul$func$/gate04-repo/asic/rtl/bch/bch_78_64_t2_v1.sv:283$1066.result[6:0]$4623
  2411/3952: $3\gf_mul$func$/gate04-repo/asic/rtl/bch/bch_78_64_t2_v1.sv:283$1066.a[7:0]$4621
  2412/3952: $3\gf_mul$func$/gate04-repo/asic/rtl/bch/bch_78_64_t2_v1.sv:283$1066.result[6:0]$4617
  2413/3952: $2\gf_mul$func$/gate04-repo/asic/rtl/bch/bch_78_64_t2_v1.sv:283$1066.a[7:0]$4615
  2414/3952: $2\gf_mul$func$/gate04-repo/asic/rtl/bch/bch_78_64_t2_v1.sv:283$1066.result[6:0]$4611
  2415/3952: $8\gf_mul$func$/gate04-repo/asic/rtl/bch/bch_78_64_t2_v1.sv:282$1065.a[7:0]$4609
  2416/3952: $8\gf_mul$func$/gate04-repo/asic/rtl/bch/bch_78_64_t2_v1.sv:282$1065.result[6:0]$4605
  2417/3952: $7\gf_mul$func$/gate04-repo/asic/rtl/bch/bch_78_64_t2_v1.sv:282$1065.a[7:0]$4603
  2418/3952: $7\gf_mul$func$/gate04-repo/asic/rtl/bch/bch_78_64_t2_v1.sv:282$1065.result[6:0]$4599
  2419/3952: $6\gf_mul$func$/gate04-repo/asic/rtl/bch/bch_78_64_t2_v1.sv:282$1065.a[7:0]$4597
  2420/3952: $6\gf_mul$func$/gate04-repo/asic/rtl/bch/bch_78_64_t2_v1.sv:282$1065.result[6:0]$4593
  2421/3952: $5\gf_mul$func$/gate04-repo/asic/rtl/bch/bch_78_64_t2_v1.sv:282$1065.a[7:0]$4591
  2422/3952: $5\gf_mul$func$/gate04-repo/asic/rtl/bch/bch_78_64_t2_v1.sv:282$1065.result[6:0]$4587
  2423/3952: $4\gf_mul$func$/gate04-repo/asic/rtl/bch/bch_78_64_t2_v1.sv:282$1065.a[7:0]$4585
  2424/3952: $4\gf_mul$func$/gate04-repo/asic/rtl/bch/bch_78_64_t2_v1.sv:282$1065.result[6:0]$4581
  2425/3952: $3\gf_mul$func$/gate04-repo/asic/rtl/bch/bch_78_64_t2_v1.sv:282$1065.a[7:0]$4579
  2426/3952: $3\gf_mul$func$/gate04-repo/asic/rtl/bch/bch_78_64_t2_v1.sv:282$1065.result[6:0]$4575
  2427/3952: $2\gf_mul$func$/gate04-repo/asic/rtl/bch/bch_78_64_t2_v1.sv:282$1065.a[7:0]$4573
  2428/3952: $2\gf_mul$func$/gate04-repo/asic/rtl/bch/bch_78_64_t2_v1.sv:282$1065.result[6:0]$4569
  2429/3952: $1\position[31:0]
  2430/3952: $1\root_count[31:0]
  2431/3952: $1\candidate_mask[77:0] [76]
  2432/3952: $1\locator_value[6:0]
  2433/3952: $1\gf_mul$func$/gate04-repo/asic/rtl/bch/bch_78_64_t2_v1.sv:283$1297.$result[6:0]$4562
  2434/3952: $1\gf_mul$func$/gate04-repo/asic/rtl/bch/bch_78_64_t2_v1.sv:283$1297.bit_index[31:0]$4568
  2435/3952: $1\gf_mul$func$/gate04-repo/asic/rtl/bch/bch_78_64_t2_v1.sv:283$1297.a[7:0]$4565
  2436/3952: $1\gf_mul$func$/gate04-repo/asic/rtl/bch/bch_78_64_t2_v1.sv:283$1297.b[6:0]$4566
  2437/3952: $1\gf_mul$func$/gate04-repo/asic/rtl/bch/bch_78_64_t2_v1.sv:283$1297.result[6:0]$4567
  2438/3952: $1\gf_mul$func$/gate04-repo/asic/rtl/bch/bch_78_64_t2_v1.sv:283$1297.right[6:0]$4564
  2439/3952: $1\gf_mul$func$/gate04-repo/asic/rtl/bch/bch_78_64_t2_v1.sv:283$1297.left[6:0]$4563
  2440/3952: $1\gf_mul$func$/gate04-repo/asic/rtl/bch/bch_78_64_t2_v1.sv:282$1296.$result[6:0]$4555
  2441/3952: $1\gf_mul$func$/gate04-repo/asic/rtl/bch/bch_78_64_t2_v1.sv:282$1296.bit_index[31:0]$4561
  2442/3952: $1\gf_mul$func$/gate04-repo/asic/rtl/bch/bch_78_64_t2_v1.sv:282$1296.a[7:0]$4558
  2443/3952: $1\gf_mul$func$/gate04-repo/asic/rtl/bch/bch_78_64_t2_v1.sv:282$1296.b[6:0]$4559
  2444/3952: $1\gf_mul$func$/gate04-repo/asic/rtl/bch/bch_78_64_t2_v1.sv:282$1296.result[6:0]$4560
  2445/3952: $1\gf_mul$func$/gate04-repo/asic/rtl/bch/bch_78_64_t2_v1.sv:282$1296.right[6:0]$4557
  2446/3952: $1\gf_mul$func$/gate04-repo/asic/rtl/bch/bch_78_64_t2_v1.sv:282$1296.left[6:0]$4556
  2447/3952: $1\location_value[6:0]
  2448/3952: $1\candidate_mask[77:0] [75]
  2449/3952: $1\gf_mul$func$/gate04-repo/asic/rtl/bch/bch_78_64_t2_v1.sv:283$1294.$result[6:0]$4548
  2450/3952: $1\gf_mul$func$/gate04-repo/asic/rtl/bch/bch_78_64_t2_v1.sv:283$1294.bit_index[31:0]$4554
  2451/3952: $1\gf_mul$func$/gate04-repo/asic/rtl/bch/bch_78_64_t2_v1.sv:283$1294.a[7:0]$4551
  2452/3952: $1\gf_mul$func$/gate04-repo/asic/rtl/bch/bch_78_64_t2_v1.sv:283$1294.b[6:0]$4552
  2453/3952: $1\gf_mul$func$/gate04-repo/asic/rtl/bch/bch_78_64_t2_v1.sv:283$1294.result[6:0]$4553
  2454/3952: $1\gf_mul$func$/gate04-repo/asic/rtl/bch/bch_78_64_t2_v1.sv:283$1294.right[6:0]$4550
  2455/3952: $1\gf_mul$func$/gate04-repo/asic/rtl/bch/bch_78_64_t2_v1.sv:283$1294.left[6:0]$4549
  2456/3952: $1\gf_mul$func$/gate04-repo/asic/rtl/bch/bch_78_64_t2_v1.sv:282$1293.$result[6:0]$4541
  2457/3952: $1\gf_mul$func$/gate04-repo/asic/rtl/bch/bch_78_64_t2_v1.sv:282$1293.bit_index[31:0]$4547
  2458/3952: $1\gf_mul$func$/gate04-repo/asic/rtl/bch/bch_78_64_t2_v1.sv:282$1293.a[7:0]$4544
  2459/3952: $1\gf_mul$func$/gate04-repo/asic/rtl/bch/bch_78_64_t2_v1.sv:282$1293.b[6:0]$4545
  2460/3952: $1\gf_mul$func$/gate04-repo/asic/rtl/bch/bch_78_64_t2_v1.sv:282$1293.result[6:0]$4546
  2461/3952: $1\gf_mul$func$/gate04-repo/asic/rtl/bch/bch_78_64_t2_v1.sv:282$1293.right[6:0]$4543
  2462/3952: $1\gf_mul$func$/gate04-repo/asic/rtl/bch/bch_78_64_t2_v1.sv:282$1293.left[6:0]$4542
  2463/3952: $1\candidate_mask[77:0] [74]
  2464/3952: $1\gf_mul$func$/gate04-repo/asic/rtl/bch/bch_78_64_t2_v1.sv:283$1291.$result[6:0]$4534
  2465/3952: $1\gf_mul$func$/gate04-repo/asic/rtl/bch/bch_78_64_t2_v1.sv:283$1291.bit_index[31:0]$4540
  2466/3952: $1\gf_mul$func$/gate04-repo/asic/rtl/bch/bch_78_64_t2_v1.sv:283$1291.a[7:0]$4537
  2467/3952: $1\gf_mul$func$/gate04-repo/asic/rtl/bch/bch_78_64_t2_v1.sv:283$1291.b[6:0]$4538
  2468/3952: $1\gf_mul$func$/gate04-repo/asic/rtl/bch/bch_78_64_t2_v1.sv:283$1291.result[6:0]$4539
  2469/3952: $1\gf_mul$func$/gate04-repo/asic/rtl/bch/bch_78_64_t2_v1.sv:283$1291.right[6:0]$4536
  2470/3952: $1\gf_mul$func$/gate04-repo/asic/rtl/bch/bch_78_64_t2_v1.sv:283$1291.left[6:0]$4535
  2471/3952: $1\gf_mul$func$/gate04-repo/asic/rtl/bch/bch_78_64_t2_v1.sv:282$1290.$result[6:0]$4527
  2472/3952: $1\gf_mul$func$/gate04-repo/asic/rtl/bch/bch_78_64_t2_v1.sv:282$1290.bit_index[31:0]$4533
  2473/3952: $1\gf_mul$func$/gate04-repo/asic/rtl/bch/bch_78_64_t2_v1.sv:282$1290.a[7:0]$4530
  2474/3952: $1\gf_mul$func$/gate04-repo/asic/rtl/bch/bch_78_64_t2_v1.sv:282$1290.b[6:0]$4531
  2475/3952: $1\gf_mul$func$/gate04-repo/asic/rtl/bch/bch_78_64_t2_v1.sv:282$1290.result[6:0]$4532
  2476/3952: $1\gf_mul$func$/gate04-repo/asic/rtl/bch/bch_78_64_t2_v1.sv:282$1290.right[6:0]$4529
  2477/3952: $1\gf_mul$func$/gate04-repo/asic/rtl/bch/bch_78_64_t2_v1.sv:282$1290.left[6:0]$4528
  2478/3952: $1\candidate_mask[77:0] [73]
  2479/3952: $1\gf_mul$func$/gate04-repo/asic/rtl/bch/bch_78_64_t2_v1.sv:283$1288.$result[6:0]$4520
  2480/3952: $1\gf_mul$func$/gate04-repo/asic/rtl/bch/bch_78_64_t2_v1.sv:283$1288.bit_index[31:0]$4526
  2481/3952: $1\gf_mul$func$/gate04-repo/asic/rtl/bch/bch_78_64_t2_v1.sv:283$1288.a[7:0]$4523
  2482/3952: $1\gf_mul$func$/gate04-repo/asic/rtl/bch/bch_78_64_t2_v1.sv:283$1288.b[6:0]$4524
  2483/3952: $1\gf_mul$func$/gate04-repo/asic/rtl/bch/bch_78_64_t2_v1.sv:283$1288.result[6:0]$4525
  2484/3952: $1\gf_mul$func$/gate04-repo/asic/rtl/bch/bch_78_64_t2_v1.sv:283$1288.right[6:0]$4522
  2485/3952: $1\gf_mul$func$/gate04-repo/asic/rtl/bch/bch_78_64_t2_v1.sv:283$1288.left[6:0]$4521
  2486/3952: $1\gf_mul$func$/gate04-repo/asic/rtl/bch/bch_78_64_t2_v1.sv:282$1287.$result[6:0]$4513
  2487/3952: $1\gf_mul$func$/gate04-repo/asic/rtl/bch/bch_78_64_t2_v1.sv:282$1287.bit_index[31:0]$4519
  2488/3952: $1\gf_mul$func$/gate04-repo/asic/rtl/bch/bch_78_64_t2_v1.sv:282$1287.a[7:0]$4516
  2489/3952: $1\gf_mul$func$/gate04-repo/asic/rtl/bch/bch_78_64_t2_v1.sv:282$1287.b[6:0]$4517
  2490/3952: $1\gf_mul$func$/gate04-repo/asic/rtl/bch/bch_78_64_t2_v1.sv:282$1287.result[6:0]$4518
  2491/3952: $1\gf_mul$func$/gate04-repo/asic/rtl/bch/bch_78_64_t2_v1.sv:282$1287.right[6:0]$4515
  2492/3952: $1\gf_mul$func$/gate04-repo/asic/rtl/bch/bch_78_64_t2_v1.sv:282$1287.left[6:0]$4514
  2493/3952: $1\candidate_mask[77:0] [72]
  2494/3952: $1\gf_mul$func$/gate04-repo/asic/rtl/bch/bch_78_64_t2_v1.sv:283$1285.$result[6:0]$4506
  2495/3952: $1\gf_mul$func$/gate04-repo/asic/rtl/bch/bch_78_64_t2_v1.sv:283$1285.bit_index[31:0]$4512
  2496/3952: $1\gf_mul$func$/gate04-repo/asic/rtl/bch/bch_78_64_t2_v1.sv:283$1285.a[7:0]$4509
  2497/3952: $1\gf_mul$func$/gate04-repo/asic/rtl/bch/bch_78_64_t2_v1.sv:283$1285.b[6:0]$4510
  2498/3952: $1\gf_mul$func$/gate04-repo/asic/rtl/bch/bch_78_64_t2_v1.sv:283$1285.result[6:0]$4511
  2499/3952: $1\gf_mul$func$/gate04-repo/asic/rtl/bch/bch_78_64_t2_v1.sv:283$1285.right[6:0]$4508
  2500/3952: $1\gf_mul$func$/gate04-repo/asic/rtl/bch/bch_78_64_t2_v1.sv:283$1285.left[6:0]$4507
  2501/3952: $1\gf_mul$func$/gate04-repo/asic/rtl/bch/bch_78_64_t2_v1.sv:282$1284.$result[6:0]$4499
  2502/3952: $1\gf_mul$func$/gate04-repo/asic/rtl/bch/bch_78_64_t2_v1.sv:282$1284.bit_index[31:0]$4505
  2503/3952: $1\gf_mul$func$/gate04-repo/asic/rtl/bch/bch_78_64_t2_v1.sv:282$1284.a[7:0]$4502
  2504/3952: $1\gf_mul$func$/gate04-repo/asic/rtl/bch/bch_78_64_t2_v1.sv:282$1284.b[6:0]$4503
  2505/3952: $1\gf_mul$func$/gate04-repo/asic/rtl/bch/bch_78_64_t2_v1.sv:282$1284.result[6:0]$4504
  2506/3952: $1\gf_mul$func$/gate04-repo/asic/rtl/bch/bch_78_64_t2_v1.sv:282$1284.right[6:0]$4501
  2507/3952: $1\gf_mul$func$/gate04-repo/asic/rtl/bch/bch_78_64_t2_v1.sv:282$1284.left[6:0]$4500
  2508/3952: $1\candidate_mask[77:0] [71]
  2509/3952: $1\gf_mul$func$/gate04-repo/asic/rtl/bch/bch_78_64_t2_v1.sv:283$1282.$result[6:0]$4492
  2510/3952: $1\gf_mul$func$/gate04-repo/asic/rtl/bch/bch_78_64_t2_v1.sv:283$1282.bit_index[31:0]$4498
  2511/3952: $1\gf_mul$func$/gate04-repo/asic/rtl/bch/bch_78_64_t2_v1.sv:283$1282.a[7:0]$4495
  2512/3952: $1\gf_mul$func$/gate04-repo/asic/rtl/bch/bch_78_64_t2_v1.sv:283$1282.b[6:0]$4496
  2513/3952: $1\gf_mul$func$/gate04-repo/asic/rtl/bch/bch_78_64_t2_v1.sv:283$1282.result[6:0]$4497
  2514/3952: $1\gf_mul$func$/gate04-repo/asic/rtl/bch/bch_78_64_t2_v1.sv:283$1282.right[6:0]$4494
  2515/3952: $1\gf_mul$func$/gate04-repo/asic/rtl/bch/bch_78_64_t2_v1.sv:283$1282.left[6:0]$4493
  2516/3952: $1\gf_mul$func$/gate04-repo/asic/rtl/bch/bch_78_64_t2_v1.sv:282$1281.$result[6:0]$4485
  2517/3952: $1\gf_mul$func$/gate04-repo/asic/rtl/bch/bch_78_64_t2_v1.sv:282$1281.bit_index[31:0]$4491
  2518/3952: $1\gf_mul$func$/gate04-repo/asic/rtl/bch/bch_78_64_t2_v1.sv:282$1281.a[7:0]$4488
  2519/3952: $1\gf_mul$func$/gate04-repo/asic/rtl/bch/bch_78_64_t2_v1.sv:282$1281.b[6:0]$4489
  2520/3952: $1\gf_mul$func$/gate04-repo/asic/rtl/bch/bch_78_64_t2_v1.sv:282$1281.result[6:0]$4490
  2521/3952: $1\gf_mul$func$/gate04-repo/asic/rtl/bch/bch_78_64_t2_v1.sv:282$1281.right[6:0]$4487
  2522/3952: $1\gf_mul$func$/gate04-repo/asic/rtl/bch/bch_78_64_t2_v1.sv:282$1281.left[6:0]$4486
  2523/3952: $1\candidate_mask[77:0] [70]
  2524/3952: $1\gf_mul$func$/gate04-repo/asic/rtl/bch/bch_78_64_t2_v1.sv:283$1279.$result[6:0]$4478
  2525/3952: $1\gf_mul$func$/gate04-repo/asic/rtl/bch/bch_78_64_t2_v1.sv:283$1279.bit_index[31:0]$4484
  2526/3952: $1\gf_mul$func$/gate04-repo/asic/rtl/bch/bch_78_64_t2_v1.sv:283$1279.a[7:0]$4481
  2527/3952: $1\gf_mul$func$/gate04-repo/asic/rtl/bch/bch_78_64_t2_v1.sv:283$1279.b[6:0]$4482
  2528/3952: $1\gf_mul$func$/gate04-repo/asic/rtl/bch/bch_78_64_t2_v1.sv:283$1279.result[6:0]$4483
  2529/3952: $1\gf_mul$func$/gate04-repo/asic/rtl/bch/bch_78_64_t2_v1.sv:283$1279.right[6:0]$4480
  2530/3952: $1\gf_mul$func$/gate04-repo/asic/rtl/bch/bch_78_64_t2_v1.sv:283$1279.left[6:0]$4479
  2531/3952: $1\gf_mul$func$/gate04-repo/asic/rtl/bch/bch_78_64_t2_v1.sv:282$1278.$result[6:0]$4471
  2532/3952: $1\gf_mul$func$/gate04-repo/asic/rtl/bch/bch_78_64_t2_v1.sv:282$1278.bit_index[31:0]$4477
  2533/3952: $1\gf_mul$func$/gate04-repo/asic/rtl/bch/bch_78_64_t2_v1.sv:282$1278.a[7:0]$4474
  2534/3952: $1\gf_mul$func$/gate04-repo/asic/rtl/bch/bch_78_64_t2_v1.sv:282$1278.b[6:0]$4475
  2535/3952: $1\gf_mul$func$/gate04-repo/asic/rtl/bch/bch_78_64_t2_v1.sv:282$1278.result[6:0]$4476
  2536/3952: $1\gf_mul$func$/gate04-repo/asic/rtl/bch/bch_78_64_t2_v1.sv:282$1278.right[6:0]$4473
  2537/3952: $1\gf_mul$func$/gate04-repo/asic/rtl/bch/bch_78_64_t2_v1.sv:282$1278.left[6:0]$4472
  2538/3952: $1\candidate_mask[77:0] [69]
  2539/3952: $1\gf_mul$func$/gate04-repo/asic/rtl/bch/bch_78_64_t2_v1.sv:283$1276.$result[6:0]$4464
  2540/3952: $1\gf_mul$func$/gate04-repo/asic/rtl/bch/bch_78_64_t2_v1.sv:283$1276.bit_index[31:0]$4470
  2541/3952: $1\gf_mul$func$/gate04-repo/asic/rtl/bch/bch_78_64_t2_v1.sv:283$1276.a[7:0]$4467
  2542/3952: $1\gf_mul$func$/gate04-repo/asic/rtl/bch/bch_78_64_t2_v1.sv:283$1276.b[6:0]$4468
  2543/3952: $1\gf_mul$func$/gate04-repo/asic/rtl/bch/bch_78_64_t2_v1.sv:283$1276.result[6:0]$4469
  2544/3952: $1\gf_mul$func$/gate04-repo/asic/rtl/bch/bch_78_64_t2_v1.sv:283$1276.right[6:0]$4466
  2545/3952: $1\gf_mul$func$/gate04-repo/asic/rtl/bch/bch_78_64_t2_v1.sv:283$1276.left[6:0]$4465
  2546/3952: $1\gf_mul$func$/gate04-repo/asic/rtl/bch/bch_78_64_t2_v1.sv:282$1275.$result[6:0]$4457
  2547/3952: $1\gf_mul$func$/gate04-repo/asic/rtl/bch/bch_78_64_t2_v1.sv:282$1275.bit_index[31:0]$4463
  2548/3952: $1\gf_mul$func$/gate04-repo/asic/rtl/bch/bch_78_64_t2_v1.sv:282$1275.a[7:0]$4460
  2549/3952: $1\gf_mul$func$/gate04-repo/asic/rtl/bch/bch_78_64_t2_v1.sv:282$1275.b[6:0]$4461
  2550/3952: $1\gf_mul$func$/gate04-repo/asic/rtl/bch/bch_78_64_t2_v1.sv:282$1275.result[6:0]$4462
  2551/3952: $1\gf_mul$func$/gate04-repo/asic/rtl/bch/bch_78_64_t2_v1.sv:282$1275.right[6:0]$4459
  2552/3952: $1\gf_mul$func$/gate04-repo/asic/rtl/bch/bch_78_64_t2_v1.sv:282$1275.left[6:0]$4458
  2553/3952: $1\candidate_mask[77:0] [68]
  2554/3952: $1\gf_mul$func$/gate04-repo/asic/rtl/bch/bch_78_64_t2_v1.sv:283$1273.$result[6:0]$4450
  2555/3952: $1\gf_mul$func$/gate04-repo/asic/rtl/bch/bch_78_64_t2_v1.sv:283$1273.bit_index[31:0]$4456
  2556/3952: $1\gf_mul$func$/gate04-repo/asic/rtl/bch/bch_78_64_t2_v1.sv:283$1273.a[7:0]$4453
  2557/3952: $1\gf_mul$func$/gate04-repo/asic/rtl/bch/bch_78_64_t2_v1.sv:283$1273.b[6:0]$4454
  2558/3952: $1\gf_mul$func$/gate04-repo/asic/rtl/bch/bch_78_64_t2_v1.sv:283$1273.result[6:0]$4455
  2559/3952: $1\gf_mul$func$/gate04-repo/asic/rtl/bch/bch_78_64_t2_v1.sv:283$1273.right[6:0]$4452
  2560/3952: $1\gf_mul$func$/gate04-repo/asic/rtl/bch/bch_78_64_t2_v1.sv:283$1273.left[6:0]$4451
  2561/3952: $1\gf_mul$func$/gate04-repo/asic/rtl/bch/bch_78_64_t2_v1.sv:282$1272.$result[6:0]$4443
  2562/3952: $1\gf_mul$func$/gate04-repo/asic/rtl/bch/bch_78_64_t2_v1.sv:282$1272.bit_index[31:0]$4449
  2563/3952: $1\gf_mul$func$/gate04-repo/asic/rtl/bch/bch_78_64_t2_v1.sv:282$1272.a[7:0]$4446
  2564/3952: $1\gf_mul$func$/gate04-repo/asic/rtl/bch/bch_78_64_t2_v1.sv:282$1272.b[6:0]$4447
  2565/3952: $1\gf_mul$func$/gate04-repo/asic/rtl/bch/bch_78_64_t2_v1.sv:282$1272.result[6:0]$4448
  2566/3952: $1\gf_mul$func$/gate04-repo/asic/rtl/bch/bch_78_64_t2_v1.sv:282$1272.right[6:0]$4445
  2567/3952: $1\gf_mul$func$/gate04-repo/asic/rtl/bch/bch_78_64_t2_v1.sv:282$1272.left[6:0]$4444
  2568/3952: $1\candidate_mask[77:0] [67]
  2569/3952: $1\gf_mul$func$/gate04-repo/asic/rtl/bch/bch_78_64_t2_v1.sv:283$1270.$result[6:0]$4436
  2570/3952: $1\gf_mul$func$/gate04-repo/asic/rtl/bch/bch_78_64_t2_v1.sv:283$1270.bit_index[31:0]$4442
  2571/3952: $1\gf_mul$func$/gate04-repo/asic/rtl/bch/bch_78_64_t2_v1.sv:283$1270.a[7:0]$4439
  2572/3952: $1\gf_mul$func$/gate04-repo/asic/rtl/bch/bch_78_64_t2_v1.sv:283$1270.b[6:0]$4440
  2573/3952: $1\gf_mul$func$/gate04-repo/asic/rtl/bch/bch_78_64_t2_v1.sv:283$1270.result[6:0]$4441
  2574/3952: $1\gf_mul$func$/gate04-repo/asic/rtl/bch/bch_78_64_t2_v1.sv:283$1270.right[6:0]$4438
  2575/3952: $1\gf_mul$func$/gate04-repo/asic/rtl/bch/bch_78_64_t2_v1.sv:283$1270.left[6:0]$4437
  2576/3952: $1\gf_mul$func$/gate04-repo/asic/rtl/bch/bch_78_64_t2_v1.sv:282$1269.$result[6:0]$4429
  2577/3952: $1\gf_mul$func$/gate04-repo/asic/rtl/bch/bch_78_64_t2_v1.sv:282$1269.bit_index[31:0]$4435
  2578/3952: $1\gf_mul$func$/gate04-repo/asic/rtl/bch/bch_78_64_t2_v1.sv:282$1269.a[7:0]$4432
  2579/3952: $1\gf_mul$func$/gate04-repo/asic/rtl/bch/bch_78_64_t2_v1.sv:282$1269.b[6:0]$4433
  2580/3952: $1\gf_mul$func$/gate04-repo/asic/rtl/bch/bch_78_64_t2_v1.sv:282$1269.result[6:0]$4434
  2581/3952: $1\gf_mul$func$/gate04-repo/asic/rtl/bch/bch_78_64_t2_v1.sv:282$1269.right[6:0]$4431
  2582/3952: $1\gf_mul$func$/gate04-repo/asic/rtl/bch/bch_78_64_t2_v1.sv:282$1269.left[6:0]$4430
  2583/3952: $1\candidate_mask[77:0] [66]
  2584/3952: $1\gf_mul$func$/gate04-repo/asic/rtl/bch/bch_78_64_t2_v1.sv:283$1267.$result[6:0]$4422
  2585/3952: $1\gf_mul$func$/gate04-repo/asic/rtl/bch/bch_78_64_t2_v1.sv:283$1267.bit_index[31:0]$4428
  2586/3952: $1\gf_mul$func$/gate04-repo/asic/rtl/bch/bch_78_64_t2_v1.sv:283$1267.a[7:0]$4425
  2587/3952: $1\gf_mul$func$/gate04-repo/asic/rtl/bch/bch_78_64_t2_v1.sv:283$1267.b[6:0]$4426
  2588/3952: $1\gf_mul$func$/gate04-repo/asic/rtl/bch/bch_78_64_t2_v1.sv:283$1267.result[6:0]$4427
  2589/3952: $1\gf_mul$func$/gate04-repo/asic/rtl/bch/bch_78_64_t2_v1.sv:283$1267.right[6:0]$4424
  2590/3952: $1\gf_mul$func$/gate04-repo/asic/rtl/bch/bch_78_64_t2_v1.sv:283$1267.left[6:0]$4423
  2591/3952: $1\gf_mul$func$/gate04-repo/asic/rtl/bch/bch_78_64_t2_v1.sv:282$1266.$result[6:0]$4415
  2592/3952: $1\gf_mul$func$/gate04-repo/asic/rtl/bch/bch_78_64_t2_v1.sv:282$1266.bit_index[31:0]$4421
  2593/3952: $1\gf_mul$func$/gate04-repo/asic/rtl/bch/bch_78_64_t2_v1.sv:282$1266.a[7:0]$4418
  2594/3952: $1\gf_mul$func$/gate04-repo/asic/rtl/bch/bch_78_64_t2_v1.sv:282$1266.b[6:0]$4419
  2595/3952: $1\gf_mul$func$/gate04-repo/asic/rtl/bch/bch_78_64_t2_v1.sv:282$1266.result[6:0]$4420
  2596/3952: $1\gf_mul$func$/gate04-repo/asic/rtl/bch/bch_78_64_t2_v1.sv:282$1266.right[6:0]$4417
  2597/3952: $1\gf_mul$func$/gate04-repo/asic/rtl/bch/bch_78_64_t2_v1.sv:282$1266.left[6:0]$4416
  2598/3952: $1\candidate_mask[77:0] [65]
  2599/3952: $1\gf_mul$func$/gate04-repo/asic/rtl/bch/bch_78_64_t2_v1.sv:283$1264.$result[6:0]$4408
  2600/3952: $1\gf_mul$func$/gate04-repo/asic/rtl/bch/bch_78_64_t2_v1.sv:283$1264.bit_index[31:0]$4414
  2601/3952: $1\gf_mul$func$/gate04-repo/asic/rtl/bch/bch_78_64_t2_v1.sv:283$1264.a[7:0]$4411
  2602/3952: $1\gf_mul$func$/gate04-repo/asic/rtl/bch/bch_78_64_t2_v1.sv:283$1264.b[6:0]$4412
  2603/3952: $1\gf_mul$func$/gate04-repo/asic/rtl/bch/bch_78_64_t2_v1.sv:283$1264.result[6:0]$4413
  2604/3952: $1\gf_mul$func$/gate04-repo/asic/rtl/bch/bch_78_64_t2_v1.sv:283$1264.right[6:0]$4410
  2605/3952: $1\gf_mul$func$/gate04-repo/asic/rtl/bch/bch_78_64_t2_v1.sv:283$1264.left[6:0]$4409
  2606/3952: $1\gf_mul$func$/gate04-repo/asic/rtl/bch/bch_78_64_t2_v1.sv:282$1263.$result[6:0]$4401
  2607/3952: $1\gf_mul$func$/gate04-repo/asic/rtl/bch/bch_78_64_t2_v1.sv:282$1263.bit_index[31:0]$4407
  2608/3952: $1\gf_mul$func$/gate04-repo/asic/rtl/bch/bch_78_64_t2_v1.sv:282$1263.a[7:0]$4404
  2609/3952: $1\gf_mul$func$/gate04-repo/asic/rtl/bch/bch_78_64_t2_v1.sv:282$1263.b[6:0]$4405
  2610/3952: $1\gf_mul$func$/gate04-repo/asic/rtl/bch/bch_78_64_t2_v1.sv:282$1263.result[6:0]$4406
  2611/3952: $1\gf_mul$func$/gate04-repo/asic/rtl/bch/bch_78_64_t2_v1.sv:282$1263.right[6:0]$4403
  2612/3952: $1\gf_mul$func$/gate04-repo/asic/rtl/bch/bch_78_64_t2_v1.sv:282$1263.left[6:0]$4402
  2613/3952: $1\candidate_mask[77:0] [64]
  2614/3952: $1\gf_mul$func$/gate04-repo/asic/rtl/bch/bch_78_64_t2_v1.sv:283$1261.$result[6:0]$4394
  2615/3952: $1\gf_mul$func$/gate04-repo/asic/rtl/bch/bch_78_64_t2_v1.sv:283$1261.bit_index[31:0]$4400
  2616/3952: $1\gf_mul$func$/gate04-repo/asic/rtl/bch/bch_78_64_t2_v1.sv:283$1261.a[7:0]$4397
  2617/3952: $1\gf_mul$func$/gate04-repo/asic/rtl/bch/bch_78_64_t2_v1.sv:283$1261.b[6:0]$4398
  2618/3952: $1\gf_mul$func$/gate04-repo/asic/rtl/bch/bch_78_64_t2_v1.sv:283$1261.result[6:0]$4399
  2619/3952: $1\gf_mul$func$/gate04-repo/asic/rtl/bch/bch_78_64_t2_v1.sv:283$1261.right[6:0]$4396
  2620/3952: $1\gf_mul$func$/gate04-repo/asic/rtl/bch/bch_78_64_t2_v1.sv:283$1261.left[6:0]$4395
  2621/3952: $1\gf_mul$func$/gate04-repo/asic/rtl/bch/bch_78_64_t2_v1.sv:282$1260.$result[6:0]$4387
  2622/3952: $1\gf_mul$func$/gate04-repo/asic/rtl/bch/bch_78_64_t2_v1.sv:282$1260.bit_index[31:0]$4393
  2623/3952: $1\gf_mul$func$/gate04-repo/asic/rtl/bch/bch_78_64_t2_v1.sv:282$1260.a[7:0]$4390
  2624/3952: $1\gf_mul$func$/gate04-repo/asic/rtl/bch/bch_78_64_t2_v1.sv:282$1260.b[6:0]$4391
  2625/3952: $1\gf_mul$func$/gate04-repo/asic/rtl/bch/bch_78_64_t2_v1.sv:282$1260.result[6:0]$4392
  2626/3952: $1\gf_mul$func$/gate04-repo/asic/rtl/bch/bch_78_64_t2_v1.sv:282$1260.right[6:0]$4389
  2627/3952: $1\gf_mul$func$/gate04-repo/asic/rtl/bch/bch_78_64_t2_v1.sv:282$1260.left[6:0]$4388
  2628/3952: $1\candidate_mask[77:0] [63]
  2629/3952: $1\gf_mul$func$/gate04-repo/asic/rtl/bch/bch_78_64_t2_v1.sv:283$1258.$result[6:0]$4380
  2630/3952: $1\gf_mul$func$/gate04-repo/asic/rtl/bch/bch_78_64_t2_v1.sv:283$1258.bit_index[31:0]$4386
  2631/3952: $1\gf_mul$func$/gate04-repo/asic/rtl/bch/bch_78_64_t2_v1.sv:283$1258.a[7:0]$4383
  2632/3952: $1\gf_mul$func$/gate04-repo/asic/rtl/bch/bch_78_64_t2_v1.sv:283$1258.b[6:0]$4384
  2633/3952: $1\gf_mul$func$/gate04-repo/asic/rtl/bch/bch_78_64_t2_v1.sv:283$1258.result[6:0]$4385
  2634/3952: $1\gf_mul$func$/gate04-repo/asic/rtl/bch/bch_78_64_t2_v1.sv:283$1258.right[6:0]$4382
  2635/3952: $1\gf_mul$func$/gate04-repo/asic/rtl/bch/bch_78_64_t2_v1.sv:283$1258.left[6:0]$4381
  2636/3952: $1\gf_mul$func$/gate04-repo/asic/rtl/bch/bch_78_64_t2_v1.sv:282$1257.$result[6:0]$4373
  2637/3952: $1\gf_mul$func$/gate04-repo/asic/rtl/bch/bch_78_64_t2_v1.sv:282$1257.bit_index[31:0]$4379
  2638/3952: $1\gf_mul$func$/gate04-repo/asic/rtl/bch/bch_78_64_t2_v1.sv:282$1257.a[7:0]$4376
  2639/3952: $1\gf_mul$func$/gate04-repo/asic/rtl/bch/bch_78_64_t2_v1.sv:282$1257.b[6:0]$4377
  2640/3952: $1\gf_mul$func$/gate04-repo/asic/rtl/bch/bch_78_64_t2_v1.sv:282$1257.result[6:0]$4378
  2641/3952: $1\gf_mul$func$/gate04-repo/asic/rtl/bch/bch_78_64_t2_v1.sv:282$1257.right[6:0]$4375
  2642/3952: $1\gf_mul$func$/gate04-repo/asic/rtl/bch/bch_78_64_t2_v1.sv:282$1257.left[6:0]$4374
  2643/3952: $1\candidate_mask[77:0] [62]
  2644/3952: $1\gf_mul$func$/gate04-repo/asic/rtl/bch/bch_78_64_t2_v1.sv:283$1255.$result[6:0]$4366
  2645/3952: $1\gf_mul$func$/gate04-repo/asic/rtl/bch/bch_78_64_t2_v1.sv:283$1255.bit_index[31:0]$4372
  2646/3952: $1\gf_mul$func$/gate04-repo/asic/rtl/bch/bch_78_64_t2_v1.sv:283$1255.a[7:0]$4369
  2647/3952: $1\gf_mul$func$/gate04-repo/asic/rtl/bch/bch_78_64_t2_v1.sv:283$1255.b[6:0]$4370
  2648/3952: $1\gf_mul$func$/gate04-repo/asic/rtl/bch/bch_78_64_t2_v1.sv:283$1255.result[6:0]$4371
  2649/3952: $1\gf_mul$func$/gate04-repo/asic/rtl/bch/bch_78_64_t2_v1.sv:283$1255.right[6:0]$4368
  2650/3952: $1\gf_mul$func$/gate04-repo/asic/rtl/bch/bch_78_64_t2_v1.sv:283$1255.left[6:0]$4367
  2651/3952: $1\gf_mul$func$/gate04-repo/asic/rtl/bch/bch_78_64_t2_v1.sv:282$1254.$result[6:0]$4359
  2652/3952: $1\gf_mul$func$/gate04-repo/asic/rtl/bch/bch_78_64_t2_v1.sv:282$1254.bit_index[31:0]$4365
  2653/3952: $1\gf_mul$func$/gate04-repo/asic/rtl/bch/bch_78_64_t2_v1.sv:282$1254.a[7:0]$4362
  2654/3952: $1\gf_mul$func$/gate04-repo/asic/rtl/bch/bch_78_64_t2_v1.sv:282$1254.b[6:0]$4363
  2655/3952: $1\gf_mul$func$/gate04-repo/asic/rtl/bch/bch_78_64_t2_v1.sv:282$1254.result[6:0]$4364
  2656/3952: $1\gf_mul$func$/gate04-repo/asic/rtl/bch/bch_78_64_t2_v1.sv:282$1254.right[6:0]$4361
  2657/3952: $1\gf_mul$func$/gate04-repo/asic/rtl/bch/bch_78_64_t2_v1.sv:282$1254.left[6:0]$4360
  2658/3952: $1\candidate_mask[77:0] [61]
  2659/3952: $1\gf_mul$func$/gate04-repo/asic/rtl/bch/bch_78_64_t2_v1.sv:283$1252.$result[6:0]$4352
  2660/3952: $1\gf_mul$func$/gate04-repo/asic/rtl/bch/bch_78_64_t2_v1.sv:283$1252.bit_index[31:0]$4358
  2661/3952: $1\gf_mul$func$/gate04-repo/asic/rtl/bch/bch_78_64_t2_v1.sv:283$1252.a[7:0]$4355
  2662/3952: $1\gf_mul$func$/gate04-repo/asic/rtl/bch/bch_78_64_t2_v1.sv:283$1252.b[6:0]$4356
  2663/3952: $1\gf_mul$func$/gate04-repo/asic/rtl/bch/bch_78_64_t2_v1.sv:283$1252.result[6:0]$4357
  2664/3952: $1\gf_mul$func$/gate04-repo/asic/rtl/bch/bch_78_64_t2_v1.sv:283$1252.right[6:0]$4354
  2665/3952: $1\gf_mul$func$/gate04-repo/asic/rtl/bch/bch_78_64_t2_v1.sv:283$1252.left[6:0]$4353
  2666/3952: $1\gf_mul$func$/gate04-repo/asic/rtl/bch/bch_78_64_t2_v1.sv:282$1251.$result[6:0]$4345
  2667/3952: $1\gf_mul$func$/gate04-repo/asic/rtl/bch/bch_78_64_t2_v1.sv:282$1251.bit_index[31:0]$4351
  2668/3952: $1\gf_mul$func$/gate04-repo/asic/rtl/bch/bch_78_64_t2_v1.sv:282$1251.a[7:0]$4348
  2669/3952: $1\gf_mul$func$/gate04-repo/asic/rtl/bch/bch_78_64_t2_v1.sv:282$1251.b[6:0]$4349
  2670/3952: $1\gf_mul$func$/gate04-repo/asic/rtl/bch/bch_78_64_t2_v1.sv:282$1251.result[6:0]$4350
  2671/3952: $1\gf_mul$func$/gate04-repo/asic/rtl/bch/bch_78_64_t2_v1.sv:282$1251.right[6:0]$4347
  2672/3952: $1\gf_mul$func$/gate04-repo/asic/rtl/bch/bch_78_64_t2_v1.sv:282$1251.left[6:0]$4346
  2673/3952: $1\candidate_mask[77:0] [60]
  2674/3952: $1\gf_mul$func$/gate04-repo/asic/rtl/bch/bch_78_64_t2_v1.sv:283$1249.$result[6:0]$4338
  2675/3952: $1\gf_mul$func$/gate04-repo/asic/rtl/bch/bch_78_64_t2_v1.sv:283$1249.bit_index[31:0]$4344
  2676/3952: $1\gf_mul$func$/gate04-repo/asic/rtl/bch/bch_78_64_t2_v1.sv:283$1249.a[7:0]$4341
  2677/3952: $1\gf_mul$func$/gate04-repo/asic/rtl/bch/bch_78_64_t2_v1.sv:283$1249.b[6:0]$4342
  2678/3952: $1\gf_mul$func$/gate04-repo/asic/rtl/bch/bch_78_64_t2_v1.sv:283$1249.result[6:0]$4343
  2679/3952: $1\gf_mul$func$/gate04-repo/asic/rtl/bch/bch_78_64_t2_v1.sv:283$1249.right[6:0]$4340
  2680/3952: $1\gf_mul$func$/gate04-repo/asic/rtl/bch/bch_78_64_t2_v1.sv:283$1249.left[6:0]$4339
  2681/3952: $1\gf_mul$func$/gate04-repo/asic/rtl/bch/bch_78_64_t2_v1.sv:282$1248.$result[6:0]$4331
  2682/3952: $1\gf_mul$func$/gate04-repo/asic/rtl/bch/bch_78_64_t2_v1.sv:282$1248.bit_index[31:0]$4337
  2683/3952: $1\gf_mul$func$/gate04-repo/asic/rtl/bch/bch_78_64_t2_v1.sv:282$1248.a[7:0]$4334
  2684/3952: $1\gf_mul$func$/gate04-repo/asic/rtl/bch/bch_78_64_t2_v1.sv:282$1248.b[6:0]$4335
  2685/3952: $1\gf_mul$func$/gate04-repo/asic/rtl/bch/bch_78_64_t2_v1.sv:282$1248.result[6:0]$4336
  2686/3952: $1\gf_mul$func$/gate04-repo/asic/rtl/bch/bch_78_64_t2_v1.sv:282$1248.right[6:0]$4333
  2687/3952: $1\gf_mul$func$/gate04-repo/asic/rtl/bch/bch_78_64_t2_v1.sv:282$1248.left[6:0]$4332
  2688/3952: $1\candidate_mask[77:0] [59]
  2689/3952: $1\gf_mul$func$/gate04-repo/asic/rtl/bch/bch_78_64_t2_v1.sv:283$1246.$result[6:0]$4324
  2690/3952: $1\gf_mul$func$/gate04-repo/asic/rtl/bch/bch_78_64_t2_v1.sv:283$1246.bit_index[31:0]$4330
  2691/3952: $1\gf_mul$func$/gate04-repo/asic/rtl/bch/bch_78_64_t2_v1.sv:283$1246.a[7:0]$4327
  2692/3952: $1\gf_mul$func$/gate04-repo/asic/rtl/bch/bch_78_64_t2_v1.sv:283$1246.b[6:0]$4328
  2693/3952: $1\gf_mul$func$/gate04-repo/asic/rtl/bch/bch_78_64_t2_v1.sv:283$1246.result[6:0]$4329
  2694/3952: $1\gf_mul$func$/gate04-repo/asic/rtl/bch/bch_78_64_t2_v1.sv:283$1246.right[6:0]$4326
  2695/3952: $1\gf_mul$func$/gate04-repo/asic/rtl/bch/bch_78_64_t2_v1.sv:283$1246.left[6:0]$4325
  2696/3952: $1\gf_mul$func$/gate04-repo/asic/rtl/bch/bch_78_64_t2_v1.sv:282$1245.$result[6:0]$4317
  2697/3952: $1\gf_mul$func$/gate04-repo/asic/rtl/bch/bch_78_64_t2_v1.sv:282$1245.bit_index[31:0]$4323
  2698/3952: $1\gf_mul$func$/gate04-repo/asic/rtl/bch/bch_78_64_t2_v1.sv:282$1245.a[7:0]$4320
  2699/3952: $1\gf_mul$func$/gate04-repo/asic/rtl/bch/bch_78_64_t2_v1.sv:282$1245.b[6:0]$4321
  2700/3952: $1\gf_mul$func$/gate04-repo/asic/rtl/bch/bch_78_64_t2_v1.sv:282$1245.result[6:0]$4322
  2701/3952: $1\gf_mul$func$/gate04-repo/asic/rtl/bch/bch_78_64_t2_v1.sv:282$1245.right[6:0]$4319
  2702/3952: $1\gf_mul$func$/gate04-repo/asic/rtl/bch/bch_78_64_t2_v1.sv:282$1245.left[6:0]$4318
  2703/3952: $1\candidate_mask[77:0] [58]
  2704/3952: $1\gf_mul$func$/gate04-repo/asic/rtl/bch/bch_78_64_t2_v1.sv:283$1243.$result[6:0]$4310
  2705/3952: $1\gf_mul$func$/gate04-repo/asic/rtl/bch/bch_78_64_t2_v1.sv:283$1243.bit_index[31:0]$4316
  2706/3952: $1\gf_mul$func$/gate04-repo/asic/rtl/bch/bch_78_64_t2_v1.sv:283$1243.a[7:0]$4313
  2707/3952: $1\gf_mul$func$/gate04-repo/asic/rtl/bch/bch_78_64_t2_v1.sv:283$1243.b[6:0]$4314
  2708/3952: $1\gf_mul$func$/gate04-repo/asic/rtl/bch/bch_78_64_t2_v1.sv:283$1243.result[6:0]$4315
  2709/3952: $1\gf_mul$func$/gate04-repo/asic/rtl/bch/bch_78_64_t2_v1.sv:283$1243.right[6:0]$4312
  2710/3952: $1\gf_mul$func$/gate04-repo/asic/rtl/bch/bch_78_64_t2_v1.sv:283$1243.left[6:0]$4311
  2711/3952: $1\gf_mul$func$/gate04-repo/asic/rtl/bch/bch_78_64_t2_v1.sv:282$1242.$result[6:0]$4303
  2712/3952: $1\gf_mul$func$/gate04-repo/asic/rtl/bch/bch_78_64_t2_v1.sv:282$1242.bit_index[31:0]$4309
  2713/3952: $1\gf_mul$func$/gate04-repo/asic/rtl/bch/bch_78_64_t2_v1.sv:282$1242.a[7:0]$4306
  2714/3952: $1\gf_mul$func$/gate04-repo/asic/rtl/bch/bch_78_64_t2_v1.sv:282$1242.b[6:0]$4307
  2715/3952: $1\gf_mul$func$/gate04-repo/asic/rtl/bch/bch_78_64_t2_v1.sv:282$1242.result[6:0]$4308
  2716/3952: $1\gf_mul$func$/gate04-repo/asic/rtl/bch/bch_78_64_t2_v1.sv:282$1242.right[6:0]$4305
  2717/3952: $1\gf_mul$func$/gate04-repo/asic/rtl/bch/bch_78_64_t2_v1.sv:282$1242.left[6:0]$4304
  2718/3952: $1\candidate_mask[77:0] [57]
  2719/3952: $1\gf_mul$func$/gate04-repo/asic/rtl/bch/bch_78_64_t2_v1.sv:283$1240.$result[6:0]$4296
  2720/3952: $1\gf_mul$func$/gate04-repo/asic/rtl/bch/bch_78_64_t2_v1.sv:283$1240.bit_index[31:0]$4302
  2721/3952: $1\gf_mul$func$/gate04-repo/asic/rtl/bch/bch_78_64_t2_v1.sv:283$1240.a[7:0]$4299
  2722/3952: $1\gf_mul$func$/gate04-repo/asic/rtl/bch/bch_78_64_t2_v1.sv:283$1240.b[6:0]$4300
  2723/3952: $1\gf_mul$func$/gate04-repo/asic/rtl/bch/bch_78_64_t2_v1.sv:283$1240.result[6:0]$4301
  2724/3952: $1\gf_mul$func$/gate04-repo/asic/rtl/bch/bch_78_64_t2_v1.sv:283$1240.right[6:0]$4298
  2725/3952: $1\gf_mul$func$/gate04-repo/asic/rtl/bch/bch_78_64_t2_v1.sv:283$1240.left[6:0]$4297
  2726/3952: $1\gf_mul$func$/gate04-repo/asic/rtl/bch/bch_78_64_t2_v1.sv:282$1239.$result[6:0]$4289
  2727/3952: $1\gf_mul$func$/gate04-repo/asic/rtl/bch/bch_78_64_t2_v1.sv:282$1239.bit_index[31:0]$4295
  2728/3952: $1\gf_mul$func$/gate04-repo/asic/rtl/bch/bch_78_64_t2_v1.sv:282$1239.a[7:0]$4292
  2729/3952: $1\gf_mul$func$/gate04-repo/asic/rtl/bch/bch_78_64_t2_v1.sv:282$1239.b[6:0]$4293
  2730/3952: $1\gf_mul$func$/gate04-repo/asic/rtl/bch/bch_78_64_t2_v1.sv:282$1239.result[6:0]$4294
  2731/3952: $1\gf_mul$func$/gate04-repo/asic/rtl/bch/bch_78_64_t2_v1.sv:282$1239.right[6:0]$4291
  2732/3952: $1\gf_mul$func$/gate04-repo/asic/rtl/bch/bch_78_64_t2_v1.sv:282$1239.left[6:0]$4290
  2733/3952: $1\candidate_mask[77:0] [56]
  2734/3952: $1\gf_mul$func$/gate04-repo/asic/rtl/bch/bch_78_64_t2_v1.sv:283$1237.$result[6:0]$4282
  2735/3952: $1\gf_mul$func$/gate04-repo/asic/rtl/bch/bch_78_64_t2_v1.sv:283$1237.bit_index[31:0]$4288
  2736/3952: $1\gf_mul$func$/gate04-repo/asic/rtl/bch/bch_78_64_t2_v1.sv:283$1237.a[7:0]$4285
  2737/3952: $1\gf_mul$func$/gate04-repo/asic/rtl/bch/bch_78_64_t2_v1.sv:283$1237.b[6:0]$4286
  2738/3952: $1\gf_mul$func$/gate04-repo/asic/rtl/bch/bch_78_64_t2_v1.sv:283$1237.result[6:0]$4287
  2739/3952: $1\gf_mul$func$/gate04-repo/asic/rtl/bch/bch_78_64_t2_v1.sv:283$1237.right[6:0]$4284
  2740/3952: $1\gf_mul$func$/gate04-repo/asic/rtl/bch/bch_78_64_t2_v1.sv:283$1237.left[6:0]$4283
  2741/3952: $1\gf_mul$func$/gate04-repo/asic/rtl/bch/bch_78_64_t2_v1.sv:282$1236.$result[6:0]$4275
  2742/3952: $1\gf_mul$func$/gate04-repo/asic/rtl/bch/bch_78_64_t2_v1.sv:282$1236.bit_index[31:0]$4281
  2743/3952: $1\gf_mul$func$/gate04-repo/asic/rtl/bch/bch_78_64_t2_v1.sv:282$1236.a[7:0]$4278
  2744/3952: $1\gf_mul$func$/gate04-repo/asic/rtl/bch/bch_78_64_t2_v1.sv:282$1236.b[6:0]$4279
  2745/3952: $1\gf_mul$func$/gate04-repo/asic/rtl/bch/bch_78_64_t2_v1.sv:282$1236.result[6:0]$4280
  2746/3952: $1\gf_mul$func$/gate04-repo/asic/rtl/bch/bch_78_64_t2_v1.sv:282$1236.right[6:0]$4277
  2747/3952: $1\gf_mul$func$/gate04-repo/asic/rtl/bch/bch_78_64_t2_v1.sv:282$1236.left[6:0]$4276
  2748/3952: $1\candidate_mask[77:0] [55]
  2749/3952: $1\gf_mul$func$/gate04-repo/asic/rtl/bch/bch_78_64_t2_v1.sv:283$1234.$result[6:0]$4268
  2750/3952: $1\gf_mul$func$/gate04-repo/asic/rtl/bch/bch_78_64_t2_v1.sv:283$1234.bit_index[31:0]$4274
  2751/3952: $1\gf_mul$func$/gate04-repo/asic/rtl/bch/bch_78_64_t2_v1.sv:283$1234.a[7:0]$4271
  2752/3952: $1\gf_mul$func$/gate04-repo/asic/rtl/bch/bch_78_64_t2_v1.sv:283$1234.b[6:0]$4272
  2753/3952: $1\gf_mul$func$/gate04-repo/asic/rtl/bch/bch_78_64_t2_v1.sv:283$1234.result[6:0]$4273
  2754/3952: $1\gf_mul$func$/gate04-repo/asic/rtl/bch/bch_78_64_t2_v1.sv:283$1234.right[6:0]$4270
  2755/3952: $1\gf_mul$func$/gate04-repo/asic/rtl/bch/bch_78_64_t2_v1.sv:283$1234.left[6:0]$4269
  2756/3952: $1\gf_mul$func$/gate04-repo/asic/rtl/bch/bch_78_64_t2_v1.sv:282$1233.$result[6:0]$4261
  2757/3952: $1\gf_mul$func$/gate04-repo/asic/rtl/bch/bch_78_64_t2_v1.sv:282$1233.bit_index[31:0]$4267
  2758/3952: $1\gf_mul$func$/gate04-repo/asic/rtl/bch/bch_78_64_t2_v1.sv:282$1233.a[7:0]$4264
  2759/3952: $1\gf_mul$func$/gate04-repo/asic/rtl/bch/bch_78_64_t2_v1.sv:282$1233.b[6:0]$4265
  2760/3952: $1\gf_mul$func$/gate04-repo/asic/rtl/bch/bch_78_64_t2_v1.sv:282$1233.result[6:0]$4266
  2761/3952: $1\gf_mul$func$/gate04-repo/asic/rtl/bch/bch_78_64_t2_v1.sv:282$1233.right[6:0]$4263
  2762/3952: $1\gf_mul$func$/gate04-repo/asic/rtl/bch/bch_78_64_t2_v1.sv:282$1233.left[6:0]$4262
  2763/3952: $1\candidate_mask[77:0] [54]
  2764/3952: $1\gf_mul$func$/gate04-repo/asic/rtl/bch/bch_78_64_t2_v1.sv:283$1231.$result[6:0]$4254
  2765/3952: $1\gf_mul$func$/gate04-repo/asic/rtl/bch/bch_78_64_t2_v1.sv:283$1231.bit_index[31:0]$4260
  2766/3952: $1\gf_mul$func$/gate04-repo/asic/rtl/bch/bch_78_64_t2_v1.sv:283$1231.a[7:0]$4257
  2767/3952: $1\gf_mul$func$/gate04-repo/asic/rtl/bch/bch_78_64_t2_v1.sv:283$1231.b[6:0]$4258
  2768/3952: $1\gf_mul$func$/gate04-repo/asic/rtl/bch/bch_78_64_t2_v1.sv:283$1231.result[6:0]$4259
  2769/3952: $1\gf_mul$func$/gate04-repo/asic/rtl/bch/bch_78_64_t2_v1.sv:283$1231.right[6:0]$4256
  2770/3952: $1\gf_mul$func$/gate04-repo/asic/rtl/bch/bch_78_64_t2_v1.sv:283$1231.left[6:0]$4255
  2771/3952: $1\gf_mul$func$/gate04-repo/asic/rtl/bch/bch_78_64_t2_v1.sv:282$1230.$result[6:0]$4247
  2772/3952: $1\gf_mul$func$/gate04-repo/asic/rtl/bch/bch_78_64_t2_v1.sv:282$1230.bit_index[31:0]$4253
  2773/3952: $1\gf_mul$func$/gate04-repo/asic/rtl/bch/bch_78_64_t2_v1.sv:282$1230.a[7:0]$4250
  2774/3952: $1\gf_mul$func$/gate04-repo/asic/rtl/bch/bch_78_64_t2_v1.sv:282$1230.b[6:0]$4251
  2775/3952: $1\gf_mul$func$/gate04-repo/asic/rtl/bch/bch_78_64_t2_v1.sv:282$1230.result[6:0]$4252
  2776/3952: $1\gf_mul$func$/gate04-repo/asic/rtl/bch/bch_78_64_t2_v1.sv:282$1230.right[6:0]$4249
  2777/3952: $1\gf_mul$func$/gate04-repo/asic/rtl/bch/bch_78_64_t2_v1.sv:282$1230.left[6:0]$4248
  2778/3952: $1\candidate_mask[77:0] [53]
  2779/3952: $1\gf_mul$func$/gate04-repo/asic/rtl/bch/bch_78_64_t2_v1.sv:283$1228.$result[6:0]$4240
  2780/3952: $1\gf_mul$func$/gate04-repo/asic/rtl/bch/bch_78_64_t2_v1.sv:283$1228.bit_index[31:0]$4246
  2781/3952: $1\gf_mul$func$/gate04-repo/asic/rtl/bch/bch_78_64_t2_v1.sv:283$1228.a[7:0]$4243
  2782/3952: $1\gf_mul$func$/gate04-repo/asic/rtl/bch/bch_78_64_t2_v1.sv:283$1228.b[6:0]$4244
  2783/3952: $1\gf_mul$func$/gate04-repo/asic/rtl/bch/bch_78_64_t2_v1.sv:283$1228.result[6:0]$4245
  2784/3952: $1\gf_mul$func$/gate04-repo/asic/rtl/bch/bch_78_64_t2_v1.sv:283$1228.right[6:0]$4242
  2785/3952: $1\gf_mul$func$/gate04-repo/asic/rtl/bch/bch_78_64_t2_v1.sv:283$1228.left[6:0]$4241
  2786/3952: $1\gf_mul$func$/gate04-repo/asic/rtl/bch/bch_78_64_t2_v1.sv:282$1227.$result[6:0]$4233
  2787/3952: $1\gf_mul$func$/gate04-repo/asic/rtl/bch/bch_78_64_t2_v1.sv:282$1227.bit_index[31:0]$4239
  2788/3952: $1\gf_mul$func$/gate04-repo/asic/rtl/bch/bch_78_64_t2_v1.sv:282$1227.a[7:0]$4236
  2789/3952: $1\gf_mul$func$/gate04-repo/asic/rtl/bch/bch_78_64_t2_v1.sv:282$1227.b[6:0]$4237
  2790/3952: $1\gf_mul$func$/gate04-repo/asic/rtl/bch/bch_78_64_t2_v1.sv:282$1227.result[6:0]$4238
  2791/3952: $1\gf_mul$func$/gate04-repo/asic/rtl/bch/bch_78_64_t2_v1.sv:282$1227.right[6:0]$4235
  2792/3952: $1\gf_mul$func$/gate04-repo/asic/rtl/bch/bch_78_64_t2_v1.sv:282$1227.left[6:0]$4234
  2793/3952: $1\candidate_mask[77:0] [52]
  2794/3952: $1\gf_mul$func$/gate04-repo/asic/rtl/bch/bch_78_64_t2_v1.sv:283$1225.$result[6:0]$4226
  2795/3952: $1\gf_mul$func$/gate04-repo/asic/rtl/bch/bch_78_64_t2_v1.sv:283$1225.bit_index[31:0]$4232
  2796/3952: $1\gf_mul$func$/gate04-repo/asic/rtl/bch/bch_78_64_t2_v1.sv:283$1225.a[7:0]$4229
  2797/3952: $1\gf_mul$func$/gate04-repo/asic/rtl/bch/bch_78_64_t2_v1.sv:283$1225.b[6:0]$4230
  2798/3952: $1\gf_mul$func$/gate04-repo/asic/rtl/bch/bch_78_64_t2_v1.sv:283$1225.result[6:0]$4231
  2799/3952: $1\gf_mul$func$/gate04-repo/asic/rtl/bch/bch_78_64_t2_v1.sv:283$1225.right[6:0]$4228
  2800/3952: $1\gf_mul$func$/gate04-repo/asic/rtl/bch/bch_78_64_t2_v1.sv:283$1225.left[6:0]$4227
  2801/3952: $1\gf_mul$func$/gate04-repo/asic/rtl/bch/bch_78_64_t2_v1.sv:282$1224.$result[6:0]$4219
  2802/3952: $1\gf_mul$func$/gate04-repo/asic/rtl/bch/bch_78_64_t2_v1.sv:282$1224.bit_index[31:0]$4225
  2803/3952: $1\gf_mul$func$/gate04-repo/asic/rtl/bch/bch_78_64_t2_v1.sv:282$1224.a[7:0]$4222
  2804/3952: $1\gf_mul$func$/gate04-repo/asic/rtl/bch/bch_78_64_t2_v1.sv:282$1224.b[6:0]$4223
  2805/3952: $1\gf_mul$func$/gate04-repo/asic/rtl/bch/bch_78_64_t2_v1.sv:282$1224.result[6:0]$4224
  2806/3952: $1\gf_mul$func$/gate04-repo/asic/rtl/bch/bch_78_64_t2_v1.sv:282$1224.right[6:0]$4221
  2807/3952: $1\gf_mul$func$/gate04-repo/asic/rtl/bch/bch_78_64_t2_v1.sv:282$1224.left[6:0]$4220
  2808/3952: $1\candidate_mask[77:0] [51]
  2809/3952: $1\gf_mul$func$/gate04-repo/asic/rtl/bch/bch_78_64_t2_v1.sv:283$1222.$result[6:0]$4212
  2810/3952: $1\gf_mul$func$/gate04-repo/asic/rtl/bch/bch_78_64_t2_v1.sv:283$1222.bit_index[31:0]$4218
  2811/3952: $1\gf_mul$func$/gate04-repo/asic/rtl/bch/bch_78_64_t2_v1.sv:283$1222.a[7:0]$4215
  2812/3952: $1\gf_mul$func$/gate04-repo/asic/rtl/bch/bch_78_64_t2_v1.sv:283$1222.b[6:0]$4216
  2813/3952: $1\gf_mul$func$/gate04-repo/asic/rtl/bch/bch_78_64_t2_v1.sv:283$1222.result[6:0]$4217
  2814/3952: $1\gf_mul$func$/gate04-repo/asic/rtl/bch/bch_78_64_t2_v1.sv:283$1222.right[6:0]$4214
  2815/3952: $1\gf_mul$func$/gate04-repo/asic/rtl/bch/bch_78_64_t2_v1.sv:283$1222.left[6:0]$4213
  2816/3952: $1\gf_mul$func$/gate04-repo/asic/rtl/bch/bch_78_64_t2_v1.sv:282$1221.$result[6:0]$4205
  2817/3952: $1\gf_mul$func$/gate04-repo/asic/rtl/bch/bch_78_64_t2_v1.sv:282$1221.bit_index[31:0]$4211
  2818/3952: $1\gf_mul$func$/gate04-repo/asic/rtl/bch/bch_78_64_t2_v1.sv:282$1221.a[7:0]$4208
  2819/3952: $1\gf_mul$func$/gate04-repo/asic/rtl/bch/bch_78_64_t2_v1.sv:282$1221.b[6:0]$4209
  2820/3952: $1\gf_mul$func$/gate04-repo/asic/rtl/bch/bch_78_64_t2_v1.sv:282$1221.result[6:0]$4210
  2821/3952: $1\gf_mul$func$/gate04-repo/asic/rtl/bch/bch_78_64_t2_v1.sv:282$1221.right[6:0]$4207
  2822/3952: $1\gf_mul$func$/gate04-repo/asic/rtl/bch/bch_78_64_t2_v1.sv:282$1221.left[6:0]$4206
  2823/3952: $1\candidate_mask[77:0] [50]
  2824/3952: $1\gf_mul$func$/gate04-repo/asic/rtl/bch/bch_78_64_t2_v1.sv:283$1219.$result[6:0]$4198
  2825/3952: $1\gf_mul$func$/gate04-repo/asic/rtl/bch/bch_78_64_t2_v1.sv:283$1219.bit_index[31:0]$4204
  2826/3952: $1\gf_mul$func$/gate04-repo/asic/rtl/bch/bch_78_64_t2_v1.sv:283$1219.a[7:0]$4201
  2827/3952: $1\gf_mul$func$/gate04-repo/asic/rtl/bch/bch_78_64_t2_v1.sv:283$1219.b[6:0]$4202
  2828/3952: $1\gf_mul$func$/gate04-repo/asic/rtl/bch/bch_78_64_t2_v1.sv:283$1219.result[6:0]$4203
  2829/3952: $1\gf_mul$func$/gate04-repo/asic/rtl/bch/bch_78_64_t2_v1.sv:283$1219.right[6:0]$4200
  2830/3952: $1\gf_mul$func$/gate04-repo/asic/rtl/bch/bch_78_64_t2_v1.sv:283$1219.left[6:0]$4199
  2831/3952: $1\gf_mul$func$/gate04-repo/asic/rtl/bch/bch_78_64_t2_v1.sv:282$1218.$result[6:0]$4191
  2832/3952: $1\gf_mul$func$/gate04-repo/asic/rtl/bch/bch_78_64_t2_v1.sv:282$1218.bit_index[31:0]$4197
  2833/3952: $1\gf_mul$func$/gate04-repo/asic/rtl/bch/bch_78_64_t2_v1.sv:282$1218.a[7:0]$4194
  2834/3952: $1\gf_mul$func$/gate04-repo/asic/rtl/bch/bch_78_64_t2_v1.sv:282$1218.b[6:0]$4195
  2835/3952: $1\gf_mul$func$/gate04-repo/asic/rtl/bch/bch_78_64_t2_v1.sv:282$1218.result[6:0]$4196
  2836/3952: $1\gf_mul$func$/gate04-repo/asic/rtl/bch/bch_78_64_t2_v1.sv:282$1218.right[6:0]$4193
  2837/3952: $1\gf_mul$func$/gate04-repo/asic/rtl/bch/bch_78_64_t2_v1.sv:282$1218.left[6:0]$4192
  2838/3952: $1\candidate_mask[77:0] [49]
  2839/3952: $1\gf_mul$func$/gate04-repo/asic/rtl/bch/bch_78_64_t2_v1.sv:283$1216.$result[6:0]$4184
  2840/3952: $1\gf_mul$func$/gate04-repo/asic/rtl/bch/bch_78_64_t2_v1.sv:283$1216.bit_index[31:0]$4190
  2841/3952: $1\gf_mul$func$/gate04-repo/asic/rtl/bch/bch_78_64_t2_v1.sv:283$1216.a[7:0]$4187
  2842/3952: $1\gf_mul$func$/gate04-repo/asic/rtl/bch/bch_78_64_t2_v1.sv:283$1216.b[6:0]$4188
  2843/3952: $1\gf_mul$func$/gate04-repo/asic/rtl/bch/bch_78_64_t2_v1.sv:283$1216.result[6:0]$4189
  2844/3952: $1\gf_mul$func$/gate04-repo/asic/rtl/bch/bch_78_64_t2_v1.sv:283$1216.right[6:0]$4186
  2845/3952: $1\gf_mul$func$/gate04-repo/asic/rtl/bch/bch_78_64_t2_v1.sv:283$1216.left[6:0]$4185
  2846/3952: $1\gf_mul$func$/gate04-repo/asic/rtl/bch/bch_78_64_t2_v1.sv:282$1215.$result[6:0]$4177
  2847/3952: $1\gf_mul$func$/gate04-repo/asic/rtl/bch/bch_78_64_t2_v1.sv:282$1215.bit_index[31:0]$4183
  2848/3952: $1\gf_mul$func$/gate04-repo/asic/rtl/bch/bch_78_64_t2_v1.sv:282$1215.a[7:0]$4180
  2849/3952: $1\gf_mul$func$/gate04-repo/asic/rtl/bch/bch_78_64_t2_v1.sv:282$1215.b[6:0]$4181
  2850/3952: $1\gf_mul$func$/gate04-repo/asic/rtl/bch/bch_78_64_t2_v1.sv:282$1215.result[6:0]$4182
  2851/3952: $1\gf_mul$func$/gate04-repo/asic/rtl/bch/bch_78_64_t2_v1.sv:282$1215.right[6:0]$4179
  2852/3952: $1\gf_mul$func$/gate04-repo/asic/rtl/bch/bch_78_64_t2_v1.sv:282$1215.left[6:0]$4178
  2853/3952: $1\candidate_mask[77:0] [48]
  2854/3952: $1\gf_mul$func$/gate04-repo/asic/rtl/bch/bch_78_64_t2_v1.sv:283$1213.$result[6:0]$4170
  2855/3952: $1\gf_mul$func$/gate04-repo/asic/rtl/bch/bch_78_64_t2_v1.sv:283$1213.bit_index[31:0]$4176
  2856/3952: $1\gf_mul$func$/gate04-repo/asic/rtl/bch/bch_78_64_t2_v1.sv:283$1213.a[7:0]$4173
  2857/3952: $1\gf_mul$func$/gate04-repo/asic/rtl/bch/bch_78_64_t2_v1.sv:283$1213.b[6:0]$4174
  2858/3952: $1\gf_mul$func$/gate04-repo/asic/rtl/bch/bch_78_64_t2_v1.sv:283$1213.result[6:0]$4175
  2859/3952: $1\gf_mul$func$/gate04-repo/asic/rtl/bch/bch_78_64_t2_v1.sv:283$1213.right[6:0]$4172
  2860/3952: $1\gf_mul$func$/gate04-repo/asic/rtl/bch/bch_78_64_t2_v1.sv:283$1213.left[6:0]$4171
  2861/3952: $1\gf_mul$func$/gate04-repo/asic/rtl/bch/bch_78_64_t2_v1.sv:282$1212.$result[6:0]$4163
  2862/3952: $1\gf_mul$func$/gate04-repo/asic/rtl/bch/bch_78_64_t2_v1.sv:282$1212.bit_index[31:0]$4169
  2863/3952: $1\gf_mul$func$/gate04-repo/asic/rtl/bch/bch_78_64_t2_v1.sv:282$1212.a[7:0]$4166
  2864/3952: $1\gf_mul$func$/gate04-repo/asic/rtl/bch/bch_78_64_t2_v1.sv:282$1212.b[6:0]$4167
  2865/3952: $1\gf_mul$func$/gate04-repo/asic/rtl/bch/bch_78_64_t2_v1.sv:282$1212.result[6:0]$4168
  2866/3952: $1\gf_mul$func$/gate04-repo/asic/rtl/bch/bch_78_64_t2_v1.sv:282$1212.right[6:0]$4165
  2867/3952: $1\gf_mul$func$/gate04-repo/asic/rtl/bch/bch_78_64_t2_v1.sv:282$1212.left[6:0]$4164
  2868/3952: $1\candidate_mask[77:0] [47]
  2869/3952: $1\gf_mul$func$/gate04-repo/asic/rtl/bch/bch_78_64_t2_v1.sv:283$1210.$result[6:0]$4156
  2870/3952: $1\gf_mul$func$/gate04-repo/asic/rtl/bch/bch_78_64_t2_v1.sv:283$1210.bit_index[31:0]$4162
  2871/3952: $1\gf_mul$func$/gate04-repo/asic/rtl/bch/bch_78_64_t2_v1.sv:283$1210.a[7:0]$4159
  2872/3952: $1\gf_mul$func$/gate04-repo/asic/rtl/bch/bch_78_64_t2_v1.sv:283$1210.b[6:0]$4160
  2873/3952: $1\gf_mul$func$/gate04-repo/asic/rtl/bch/bch_78_64_t2_v1.sv:283$1210.result[6:0]$4161
  2874/3952: $1\gf_mul$func$/gate04-repo/asic/rtl/bch/bch_78_64_t2_v1.sv:283$1210.right[6:0]$4158
  2875/3952: $1\gf_mul$func$/gate04-repo/asic/rtl/bch/bch_78_64_t2_v1.sv:283$1210.left[6:0]$4157
  2876/3952: $1\gf_mul$func$/gate04-repo/asic/rtl/bch/bch_78_64_t2_v1.sv:282$1209.$result[6:0]$4149
  2877/3952: $1\gf_mul$func$/gate04-repo/asic/rtl/bch/bch_78_64_t2_v1.sv:282$1209.bit_index[31:0]$4155
  2878/3952: $1\gf_mul$func$/gate04-repo/asic/rtl/bch/bch_78_64_t2_v1.sv:282$1209.a[7:0]$4152
  2879/3952: $1\gf_mul$func$/gate04-repo/asic/rtl/bch/bch_78_64_t2_v1.sv:282$1209.b[6:0]$4153
  2880/3952: $1\gf_mul$func$/gate04-repo/asic/rtl/bch/bch_78_64_t2_v1.sv:282$1209.result[6:0]$4154
  2881/3952: $1\gf_mul$func$/gate04-repo/asic/rtl/bch/bch_78_64_t2_v1.sv:282$1209.right[6:0]$4151
  2882/3952: $1\gf_mul$func$/gate04-repo/asic/rtl/bch/bch_78_64_t2_v1.sv:282$1209.left[6:0]$4150
  2883/3952: $1\candidate_mask[77:0] [46]
  2884/3952: $1\gf_mul$func$/gate04-repo/asic/rtl/bch/bch_78_64_t2_v1.sv:283$1207.$result[6:0]$4142
  2885/3952: $1\gf_mul$func$/gate04-repo/asic/rtl/bch/bch_78_64_t2_v1.sv:283$1207.bit_index[31:0]$4148
  2886/3952: $1\gf_mul$func$/gate04-repo/asic/rtl/bch/bch_78_64_t2_v1.sv:283$1207.a[7:0]$4145
  2887/3952: $1\gf_mul$func$/gate04-repo/asic/rtl/bch/bch_78_64_t2_v1.sv:283$1207.b[6:0]$4146
  2888/3952: $1\gf_mul$func$/gate04-repo/asic/rtl/bch/bch_78_64_t2_v1.sv:283$1207.result[6:0]$4147
  2889/3952: $1\gf_mul$func$/gate04-repo/asic/rtl/bch/bch_78_64_t2_v1.sv:283$1207.right[6:0]$4144
  2890/3952: $1\gf_mul$func$/gate04-repo/asic/rtl/bch/bch_78_64_t2_v1.sv:283$1207.left[6:0]$4143
  2891/3952: $1\gf_mul$func$/gate04-repo/asic/rtl/bch/bch_78_64_t2_v1.sv:282$1206.$result[6:0]$4135
  2892/3952: $1\gf_mul$func$/gate04-repo/asic/rtl/bch/bch_78_64_t2_v1.sv:282$1206.bit_index[31:0]$4141
  2893/3952: $1\gf_mul$func$/gate04-repo/asic/rtl/bch/bch_78_64_t2_v1.sv:282$1206.a[7:0]$4138
  2894/3952: $1\gf_mul$func$/gate04-repo/asic/rtl/bch/bch_78_64_t2_v1.sv:282$1206.b[6:0]$4139
  2895/3952: $1\gf_mul$func$/gate04-repo/asic/rtl/bch/bch_78_64_t2_v1.sv:282$1206.result[6:0]$4140
  2896/3952: $1\gf_mul$func$/gate04-repo/asic/rtl/bch/bch_78_64_t2_v1.sv:282$1206.right[6:0]$4137
  2897/3952: $1\gf_mul$func$/gate04-repo/asic/rtl/bch/bch_78_64_t2_v1.sv:282$1206.left[6:0]$4136
  2898/3952: $1\candidate_mask[77:0] [45]
  2899/3952: $1\gf_mul$func$/gate04-repo/asic/rtl/bch/bch_78_64_t2_v1.sv:283$1204.$result[6:0]$4128
  2900/3952: $1\gf_mul$func$/gate04-repo/asic/rtl/bch/bch_78_64_t2_v1.sv:283$1204.bit_index[31:0]$4134
  2901/3952: $1\gf_mul$func$/gate04-repo/asic/rtl/bch/bch_78_64_t2_v1.sv:283$1204.a[7:0]$4131
  2902/3952: $1\gf_mul$func$/gate04-repo/asic/rtl/bch/bch_78_64_t2_v1.sv:283$1204.b[6:0]$4132
  2903/3952: $1\gf_mul$func$/gate04-repo/asic/rtl/bch/bch_78_64_t2_v1.sv:283$1204.result[6:0]$4133
  2904/3952: $1\gf_mul$func$/gate04-repo/asic/rtl/bch/bch_78_64_t2_v1.sv:283$1204.right[6:0]$4130
  2905/3952: $1\gf_mul$func$/gate04-repo/asic/rtl/bch/bch_78_64_t2_v1.sv:283$1204.left[6:0]$4129
  2906/3952: $1\gf_mul$func$/gate04-repo/asic/rtl/bch/bch_78_64_t2_v1.sv:282$1203.$result[6:0]$4121
  2907/3952: $1\gf_mul$func$/gate04-repo/asic/rtl/bch/bch_78_64_t2_v1.sv:282$1203.bit_index[31:0]$4127
  2908/3952: $1\gf_mul$func$/gate04-repo/asic/rtl/bch/bch_78_64_t2_v1.sv:282$1203.a[7:0]$4124
  2909/3952: $1\gf_mul$func$/gate04-repo/asic/rtl/bch/bch_78_64_t2_v1.sv:282$1203.b[6:0]$4125
  2910/3952: $1\gf_mul$func$/gate04-repo/asic/rtl/bch/bch_78_64_t2_v1.sv:282$1203.result[6:0]$4126
  2911/3952: $1\gf_mul$func$/gate04-repo/asic/rtl/bch/bch_78_64_t2_v1.sv:282$1203.right[6:0]$4123
  2912/3952: $1\gf_mul$func$/gate04-repo/asic/rtl/bch/bch_78_64_t2_v1.sv:282$1203.left[6:0]$4122
  2913/3952: $1\candidate_mask[77:0] [44]
  2914/3952: $1\gf_mul$func$/gate04-repo/asic/rtl/bch/bch_78_64_t2_v1.sv:283$1201.$result[6:0]$4114
  2915/3952: $1\gf_mul$func$/gate04-repo/asic/rtl/bch/bch_78_64_t2_v1.sv:283$1201.bit_index[31:0]$4120
  2916/3952: $1\gf_mul$func$/gate04-repo/asic/rtl/bch/bch_78_64_t2_v1.sv:283$1201.a[7:0]$4117
  2917/3952: $1\gf_mul$func$/gate04-repo/asic/rtl/bch/bch_78_64_t2_v1.sv:283$1201.b[6:0]$4118
  2918/3952: $1\gf_mul$func$/gate04-repo/asic/rtl/bch/bch_78_64_t2_v1.sv:283$1201.result[6:0]$4119
  2919/3952: $1\gf_mul$func$/gate04-repo/asic/rtl/bch/bch_78_64_t2_v1.sv:283$1201.right[6:0]$4116
  2920/3952: $1\gf_mul$func$/gate04-repo/asic/rtl/bch/bch_78_64_t2_v1.sv:283$1201.left[6:0]$4115
  2921/3952: $1\gf_mul$func$/gate04-repo/asic/rtl/bch/bch_78_64_t2_v1.sv:282$1200.$result[6:0]$4107
  2922/3952: $1\gf_mul$func$/gate04-repo/asic/rtl/bch/bch_78_64_t2_v1.sv:282$1200.bit_index[31:0]$4113
  2923/3952: $1\gf_mul$func$/gate04-repo/asic/rtl/bch/bch_78_64_t2_v1.sv:282$1200.a[7:0]$4110
  2924/3952: $1\gf_mul$func$/gate04-repo/asic/rtl/bch/bch_78_64_t2_v1.sv:282$1200.b[6:0]$4111
  2925/3952: $1\gf_mul$func$/gate04-repo/asic/rtl/bch/bch_78_64_t2_v1.sv:282$1200.result[6:0]$4112
  2926/3952: $1\gf_mul$func$/gate04-repo/asic/rtl/bch/bch_78_64_t2_v1.sv:282$1200.right[6:0]$4109
  2927/3952: $1\gf_mul$func$/gate04-repo/asic/rtl/bch/bch_78_64_t2_v1.sv:282$1200.left[6:0]$4108
  2928/3952: $1\candidate_mask[77:0] [43]
  2929/3952: $1\gf_mul$func$/gate04-repo/asic/rtl/bch/bch_78_64_t2_v1.sv:283$1198.$result[6:0]$4100
  2930/3952: $1\gf_mul$func$/gate04-repo/asic/rtl/bch/bch_78_64_t2_v1.sv:283$1198.bit_index[31:0]$4106
  2931/3952: $1\gf_mul$func$/gate04-repo/asic/rtl/bch/bch_78_64_t2_v1.sv:283$1198.a[7:0]$4103
  2932/3952: $1\gf_mul$func$/gate04-repo/asic/rtl/bch/bch_78_64_t2_v1.sv:283$1198.b[6:0]$4104
  2933/3952: $1\gf_mul$func$/gate04-repo/asic/rtl/bch/bch_78_64_t2_v1.sv:283$1198.result[6:0]$4105
  2934/3952: $1\gf_mul$func$/gate04-repo/asic/rtl/bch/bch_78_64_t2_v1.sv:283$1198.right[6:0]$4102
  2935/3952: $1\gf_mul$func$/gate04-repo/asic/rtl/bch/bch_78_64_t2_v1.sv:283$1198.left[6:0]$4101
  2936/3952: $1\gf_mul$func$/gate04-repo/asic/rtl/bch/bch_78_64_t2_v1.sv:282$1197.$result[6:0]$4093
  2937/3952: $1\gf_mul$func$/gate04-repo/asic/rtl/bch/bch_78_64_t2_v1.sv:282$1197.bit_index[31:0]$4099
  2938/3952: $1\gf_mul$func$/gate04-repo/asic/rtl/bch/bch_78_64_t2_v1.sv:282$1197.a[7:0]$4096
  2939/3952: $1\gf_mul$func$/gate04-repo/asic/rtl/bch/bch_78_64_t2_v1.sv:282$1197.b[6:0]$4097
  2940/3952: $1\gf_mul$func$/gate04-repo/asic/rtl/bch/bch_78_64_t2_v1.sv:282$1197.result[6:0]$4098
  2941/3952: $1\gf_mul$func$/gate04-repo/asic/rtl/bch/bch_78_64_t2_v1.sv:282$1197.right[6:0]$4095
  2942/3952: $1\gf_mul$func$/gate04-repo/asic/rtl/bch/bch_78_64_t2_v1.sv:282$1197.left[6:0]$4094
  2943/3952: $1\candidate_mask[77:0] [42]
  2944/3952: $1\gf_mul$func$/gate04-repo/asic/rtl/bch/bch_78_64_t2_v1.sv:283$1195.$result[6:0]$4086
  2945/3952: $1\gf_mul$func$/gate04-repo/asic/rtl/bch/bch_78_64_t2_v1.sv:283$1195.bit_index[31:0]$4092
  2946/3952: $1\gf_mul$func$/gate04-repo/asic/rtl/bch/bch_78_64_t2_v1.sv:283$1195.a[7:0]$4089
  2947/3952: $1\gf_mul$func$/gate04-repo/asic/rtl/bch/bch_78_64_t2_v1.sv:283$1195.b[6:0]$4090
  2948/3952: $1\gf_mul$func$/gate04-repo/asic/rtl/bch/bch_78_64_t2_v1.sv:283$1195.result[6:0]$4091
  2949/3952: $1\gf_mul$func$/gate04-repo/asic/rtl/bch/bch_78_64_t2_v1.sv:283$1195.right[6:0]$4088
  2950/3952: $1\gf_mul$func$/gate04-repo/asic/rtl/bch/bch_78_64_t2_v1.sv:283$1195.left[6:0]$4087
  2951/3952: $1\gf_mul$func$/gate04-repo/asic/rtl/bch/bch_78_64_t2_v1.sv:282$1194.$result[6:0]$4079
  2952/3952: $1\gf_mul$func$/gate04-repo/asic/rtl/bch/bch_78_64_t2_v1.sv:282$1194.bit_index[31:0]$4085
  2953/3952: $1\gf_mul$func$/gate04-repo/asic/rtl/bch/bch_78_64_t2_v1.sv:282$1194.a[7:0]$4082
  2954/3952: $1\gf_mul$func$/gate04-repo/asic/rtl/bch/bch_78_64_t2_v1.sv:282$1194.b[6:0]$4083
  2955/3952: $1\gf_mul$func$/gate04-repo/asic/rtl/bch/bch_78_64_t2_v1.sv:282$1194.result[6:0]$4084
  2956/3952: $1\gf_mul$func$/gate04-repo/asic/rtl/bch/bch_78_64_t2_v1.sv:282$1194.right[6:0]$4081
  2957/3952: $1\gf_mul$func$/gate04-repo/asic/rtl/bch/bch_78_64_t2_v1.sv:282$1194.left[6:0]$4080
  2958/3952: $1\candidate_mask[77:0] [41]
  2959/3952: $1\gf_mul$func$/gate04-repo/asic/rtl/bch/bch_78_64_t2_v1.sv:283$1192.$result[6:0]$4072
  2960/3952: $1\gf_mul$func$/gate04-repo/asic/rtl/bch/bch_78_64_t2_v1.sv:283$1192.bit_index[31:0]$4078
  2961/3952: $1\gf_mul$func$/gate04-repo/asic/rtl/bch/bch_78_64_t2_v1.sv:283$1192.a[7:0]$4075
  2962/3952: $1\gf_mul$func$/gate04-repo/asic/rtl/bch/bch_78_64_t2_v1.sv:283$1192.b[6:0]$4076
  2963/3952: $1\gf_mul$func$/gate04-repo/asic/rtl/bch/bch_78_64_t2_v1.sv:283$1192.result[6:0]$4077
  2964/3952: $1\gf_mul$func$/gate04-repo/asic/rtl/bch/bch_78_64_t2_v1.sv:283$1192.right[6:0]$4074
  2965/3952: $1\gf_mul$func$/gate04-repo/asic/rtl/bch/bch_78_64_t2_v1.sv:283$1192.left[6:0]$4073
  2966/3952: $1\gf_mul$func$/gate04-repo/asic/rtl/bch/bch_78_64_t2_v1.sv:282$1191.$result[6:0]$4065
  2967/3952: $1\gf_mul$func$/gate04-repo/asic/rtl/bch/bch_78_64_t2_v1.sv:282$1191.bit_index[31:0]$4071
  2968/3952: $1\gf_mul$func$/gate04-repo/asic/rtl/bch/bch_78_64_t2_v1.sv:282$1191.a[7:0]$4068
  2969/3952: $1\gf_mul$func$/gate04-repo/asic/rtl/bch/bch_78_64_t2_v1.sv:282$1191.b[6:0]$4069
  2970/3952: $1\gf_mul$func$/gate04-repo/asic/rtl/bch/bch_78_64_t2_v1.sv:282$1191.result[6:0]$4070
  2971/3952: $1\gf_mul$func$/gate04-repo/asic/rtl/bch/bch_78_64_t2_v1.sv:282$1191.right[6:0]$4067
  2972/3952: $1\gf_mul$func$/gate04-repo/asic/rtl/bch/bch_78_64_t2_v1.sv:282$1191.left[6:0]$4066
  2973/3952: $1\candidate_mask[77:0] [40]
  2974/3952: $1\gf_mul$func$/gate04-repo/asic/rtl/bch/bch_78_64_t2_v1.sv:283$1189.$result[6:0]$4058
  2975/3952: $1\gf_mul$func$/gate04-repo/asic/rtl/bch/bch_78_64_t2_v1.sv:283$1189.bit_index[31:0]$4064
  2976/3952: $1\gf_mul$func$/gate04-repo/asic/rtl/bch/bch_78_64_t2_v1.sv:283$1189.a[7:0]$4061
  2977/3952: $1\gf_mul$func$/gate04-repo/asic/rtl/bch/bch_78_64_t2_v1.sv:283$1189.b[6:0]$4062
  2978/3952: $1\gf_mul$func$/gate04-repo/asic/rtl/bch/bch_78_64_t2_v1.sv:283$1189.result[6:0]$4063
  2979/3952: $1\gf_mul$func$/gate04-repo/asic/rtl/bch/bch_78_64_t2_v1.sv:283$1189.right[6:0]$4060
  2980/3952: $1\gf_mul$func$/gate04-repo/asic/rtl/bch/bch_78_64_t2_v1.sv:283$1189.left[6:0]$4059
  2981/3952: $1\gf_mul$func$/gate04-repo/asic/rtl/bch/bch_78_64_t2_v1.sv:282$1188.$result[6:0]$4051
  2982/3952: $1\gf_mul$func$/gate04-repo/asic/rtl/bch/bch_78_64_t2_v1.sv:282$1188.bit_index[31:0]$4057
  2983/3952: $1\gf_mul$func$/gate04-repo/asic/rtl/bch/bch_78_64_t2_v1.sv:282$1188.a[7:0]$4054
  2984/3952: $1\gf_mul$func$/gate04-repo/asic/rtl/bch/bch_78_64_t2_v1.sv:282$1188.b[6:0]$4055
  2985/3952: $1\gf_mul$func$/gate04-repo/asic/rtl/bch/bch_78_64_t2_v1.sv:282$1188.result[6:0]$4056
  2986/3952: $1\gf_mul$func$/gate04-repo/asic/rtl/bch/bch_78_64_t2_v1.sv:282$1188.right[6:0]$4053
  2987/3952: $1\gf_mul$func$/gate04-repo/asic/rtl/bch/bch_78_64_t2_v1.sv:282$1188.left[6:0]$4052
  2988/3952: $1\candidate_mask[77:0] [39]
  2989/3952: $1\gf_mul$func$/gate04-repo/asic/rtl/bch/bch_78_64_t2_v1.sv:283$1186.$result[6:0]$4044
  2990/3952: $1\gf_mul$func$/gate04-repo/asic/rtl/bch/bch_78_64_t2_v1.sv:283$1186.bit_index[31:0]$4050
  2991/3952: $1\gf_mul$func$/gate04-repo/asic/rtl/bch/bch_78_64_t2_v1.sv:283$1186.a[7:0]$4047
  2992/3952: $1\gf_mul$func$/gate04-repo/asic/rtl/bch/bch_78_64_t2_v1.sv:283$1186.b[6:0]$4048
  2993/3952: $1\gf_mul$func$/gate04-repo/asic/rtl/bch/bch_78_64_t2_v1.sv:283$1186.result[6:0]$4049
  2994/3952: $1\gf_mul$func$/gate04-repo/asic/rtl/bch/bch_78_64_t2_v1.sv:283$1186.right[6:0]$4046
  2995/3952: $1\gf_mul$func$/gate04-repo/asic/rtl/bch/bch_78_64_t2_v1.sv:283$1186.left[6:0]$4045
  2996/3952: $1\gf_mul$func$/gate04-repo/asic/rtl/bch/bch_78_64_t2_v1.sv:282$1185.$result[6:0]$4037
  2997/3952: $1\gf_mul$func$/gate04-repo/asic/rtl/bch/bch_78_64_t2_v1.sv:282$1185.bit_index[31:0]$4043
  2998/3952: $1\gf_mul$func$/gate04-repo/asic/rtl/bch/bch_78_64_t2_v1.sv:282$1185.a[7:0]$4040
  2999/3952: $1\gf_mul$func$/gate04-repo/asic/rtl/bch/bch_78_64_t2_v1.sv:282$1185.b[6:0]$4041
  3000/3952: $1\gf_mul$func$/gate04-repo/asic/rtl/bch/bch_78_64_t2_v1.sv:282$1185.result[6:0]$4042
  3001/3952: $1\gf_mul$func$/gate04-repo/asic/rtl/bch/bch_78_64_t2_v1.sv:282$1185.right[6:0]$4039
  3002/3952: $1\gf_mul$func$/gate04-repo/asic/rtl/bch/bch_78_64_t2_v1.sv:282$1185.left[6:0]$4038
  3003/3952: $1\candidate_mask[77:0] [38]
  3004/3952: $1\gf_mul$func$/gate04-repo/asic/rtl/bch/bch_78_64_t2_v1.sv:283$1183.$result[6:0]$4030
  3005/3952: $1\gf_mul$func$/gate04-repo/asic/rtl/bch/bch_78_64_t2_v1.sv:283$1183.bit_index[31:0]$4036
  3006/3952: $1\gf_mul$func$/gate04-repo/asic/rtl/bch/bch_78_64_t2_v1.sv:283$1183.a[7:0]$4033
  3007/3952: $1\gf_mul$func$/gate04-repo/asic/rtl/bch/bch_78_64_t2_v1.sv:283$1183.b[6:0]$4034
  3008/3952: $1\gf_mul$func$/gate04-repo/asic/rtl/bch/bch_78_64_t2_v1.sv:283$1183.result[6:0]$4035
  3009/3952: $1\gf_mul$func$/gate04-repo/asic/rtl/bch/bch_78_64_t2_v1.sv:283$1183.right[6:0]$4032
  3010/3952: $1\gf_mul$func$/gate04-repo/asic/rtl/bch/bch_78_64_t2_v1.sv:283$1183.left[6:0]$4031
  3011/3952: $1\gf_mul$func$/gate04-repo/asic/rtl/bch/bch_78_64_t2_v1.sv:282$1182.$result[6:0]$4023
  3012/3952: $1\gf_mul$func$/gate04-repo/asic/rtl/bch/bch_78_64_t2_v1.sv:282$1182.bit_index[31:0]$4029
  3013/3952: $1\gf_mul$func$/gate04-repo/asic/rtl/bch/bch_78_64_t2_v1.sv:282$1182.a[7:0]$4026
  3014/3952: $1\gf_mul$func$/gate04-repo/asic/rtl/bch/bch_78_64_t2_v1.sv:282$1182.b[6:0]$4027
  3015/3952: $1\gf_mul$func$/gate04-repo/asic/rtl/bch/bch_78_64_t2_v1.sv:282$1182.result[6:0]$4028
  3016/3952: $1\gf_mul$func$/gate04-repo/asic/rtl/bch/bch_78_64_t2_v1.sv:282$1182.right[6:0]$4025
  3017/3952: $1\gf_mul$func$/gate04-repo/asic/rtl/bch/bch_78_64_t2_v1.sv:282$1182.left[6:0]$4024
  3018/3952: $1\candidate_mask[77:0] [37]
  3019/3952: $1\gf_mul$func$/gate04-repo/asic/rtl/bch/bch_78_64_t2_v1.sv:283$1180.$result[6:0]$4016
  3020/3952: $1\gf_mul$func$/gate04-repo/asic/rtl/bch/bch_78_64_t2_v1.sv:283$1180.bit_index[31:0]$4022
  3021/3952: $1\gf_mul$func$/gate04-repo/asic/rtl/bch/bch_78_64_t2_v1.sv:283$1180.a[7:0]$4019
  3022/3952: $1\gf_mul$func$/gate04-repo/asic/rtl/bch/bch_78_64_t2_v1.sv:283$1180.b[6:0]$4020
  3023/3952: $1\gf_mul$func$/gate04-repo/asic/rtl/bch/bch_78_64_t2_v1.sv:283$1180.result[6:0]$4021
  3024/3952: $1\gf_mul$func$/gate04-repo/asic/rtl/bch/bch_78_64_t2_v1.sv:283$1180.right[6:0]$4018
  3025/3952: $1\gf_mul$func$/gate04-repo/asic/rtl/bch/bch_78_64_t2_v1.sv:283$1180.left[6:0]$4017
  3026/3952: $1\gf_mul$func$/gate04-repo/asic/rtl/bch/bch_78_64_t2_v1.sv:282$1179.$result[6:0]$4009
  3027/3952: $1\gf_mul$func$/gate04-repo/asic/rtl/bch/bch_78_64_t2_v1.sv:282$1179.bit_index[31:0]$4015
  3028/3952: $1\gf_mul$func$/gate04-repo/asic/rtl/bch/bch_78_64_t2_v1.sv:282$1179.a[7:0]$4012
  3029/3952: $1\gf_mul$func$/gate04-repo/asic/rtl/bch/bch_78_64_t2_v1.sv:282$1179.b[6:0]$4013
  3030/3952: $1\gf_mul$func$/gate04-repo/asic/rtl/bch/bch_78_64_t2_v1.sv:282$1179.result[6:0]$4014
  3031/3952: $1\gf_mul$func$/gate04-repo/asic/rtl/bch/bch_78_64_t2_v1.sv:282$1179.right[6:0]$4011
  3032/3952: $1\gf_mul$func$/gate04-repo/asic/rtl/bch/bch_78_64_t2_v1.sv:282$1179.left[6:0]$4010
  3033/3952: $1\candidate_mask[77:0] [36]
  3034/3952: $1\gf_mul$func$/gate04-repo/asic/rtl/bch/bch_78_64_t2_v1.sv:283$1177.$result[6:0]$4002
  3035/3952: $1\gf_mul$func$/gate04-repo/asic/rtl/bch/bch_78_64_t2_v1.sv:283$1177.bit_index[31:0]$4008
  3036/3952: $1\gf_mul$func$/gate04-repo/asic/rtl/bch/bch_78_64_t2_v1.sv:283$1177.a[7:0]$4005
  3037/3952: $1\gf_mul$func$/gate04-repo/asic/rtl/bch/bch_78_64_t2_v1.sv:283$1177.b[6:0]$4006
  3038/3952: $1\gf_mul$func$/gate04-repo/asic/rtl/bch/bch_78_64_t2_v1.sv:283$1177.result[6:0]$4007
  3039/3952: $1\gf_mul$func$/gate04-repo/asic/rtl/bch/bch_78_64_t2_v1.sv:283$1177.right[6:0]$4004
  3040/3952: $1\gf_mul$func$/gate04-repo/asic/rtl/bch/bch_78_64_t2_v1.sv:283$1177.left[6:0]$4003
  3041/3952: $1\gf_mul$func$/gate04-repo/asic/rtl/bch/bch_78_64_t2_v1.sv:282$1176.$result[6:0]$3995
  3042/3952: $1\gf_mul$func$/gate04-repo/asic/rtl/bch/bch_78_64_t2_v1.sv:282$1176.bit_index[31:0]$4001
  3043/3952: $1\gf_mul$func$/gate04-repo/asic/rtl/bch/bch_78_64_t2_v1.sv:282$1176.a[7:0]$3998
  3044/3952: $1\gf_mul$func$/gate04-repo/asic/rtl/bch/bch_78_64_t2_v1.sv:282$1176.b[6:0]$3999
  3045/3952: $1\gf_mul$func$/gate04-repo/asic/rtl/bch/bch_78_64_t2_v1.sv:282$1176.result[6:0]$4000
  3046/3952: $1\gf_mul$func$/gate04-repo/asic/rtl/bch/bch_78_64_t2_v1.sv:282$1176.right[6:0]$3997
  3047/3952: $1\gf_mul$func$/gate04-repo/asic/rtl/bch/bch_78_64_t2_v1.sv:282$1176.left[6:0]$3996
  3048/3952: $1\candidate_mask[77:0] [35]
  3049/3952: $1\gf_mul$func$/gate04-repo/asic/rtl/bch/bch_78_64_t2_v1.sv:283$1174.$result[6:0]$3988
  3050/3952: $1\gf_mul$func$/gate04-repo/asic/rtl/bch/bch_78_64_t2_v1.sv:283$1174.bit_index[31:0]$3994
  3051/3952: $1\gf_mul$func$/gate04-repo/asic/rtl/bch/bch_78_64_t2_v1.sv:283$1174.a[7:0]$3991
  3052/3952: $1\gf_mul$func$/gate04-repo/asic/rtl/bch/bch_78_64_t2_v1.sv:283$1174.b[6:0]$3992
  3053/3952: $1\gf_mul$func$/gate04-repo/asic/rtl/bch/bch_78_64_t2_v1.sv:283$1174.result[6:0]$3993
  3054/3952: $1\gf_mul$func$/gate04-repo/asic/rtl/bch/bch_78_64_t2_v1.sv:283$1174.right[6:0]$3990
  3055/3952: $1\gf_mul$func$/gate04-repo/asic/rtl/bch/bch_78_64_t2_v1.sv:283$1174.left[6:0]$3989
  3056/3952: $1\gf_mul$func$/gate04-repo/asic/rtl/bch/bch_78_64_t2_v1.sv:282$1173.$result[6:0]$3981
  3057/3952: $1\gf_mul$func$/gate04-repo/asic/rtl/bch/bch_78_64_t2_v1.sv:282$1173.bit_index[31:0]$3987
  3058/3952: $1\gf_mul$func$/gate04-repo/asic/rtl/bch/bch_78_64_t2_v1.sv:282$1173.a[7:0]$3984
  3059/3952: $1\gf_mul$func$/gate04-repo/asic/rtl/bch/bch_78_64_t2_v1.sv:282$1173.b[6:0]$3985
  3060/3952: $1\gf_mul$func$/gate04-repo/asic/rtl/bch/bch_78_64_t2_v1.sv:282$1173.result[6:0]$3986
  3061/3952: $1\gf_mul$func$/gate04-repo/asic/rtl/bch/bch_78_64_t2_v1.sv:282$1173.right[6:0]$3983
  3062/3952: $1\gf_mul$func$/gate04-repo/asic/rtl/bch/bch_78_64_t2_v1.sv:282$1173.left[6:0]$3982
  3063/3952: $1\candidate_mask[77:0] [34]
  3064/3952: $1\gf_mul$func$/gate04-repo/asic/rtl/bch/bch_78_64_t2_v1.sv:283$1171.$result[6:0]$3974
  3065/3952: $1\gf_mul$func$/gate04-repo/asic/rtl/bch/bch_78_64_t2_v1.sv:283$1171.bit_index[31:0]$3980
  3066/3952: $1\gf_mul$func$/gate04-repo/asic/rtl/bch/bch_78_64_t2_v1.sv:283$1171.a[7:0]$3977
  3067/3952: $1\gf_mul$func$/gate04-repo/asic/rtl/bch/bch_78_64_t2_v1.sv:283$1171.b[6:0]$3978
  3068/3952: $1\gf_mul$func$/gate04-repo/asic/rtl/bch/bch_78_64_t2_v1.sv:283$1171.result[6:0]$3979
  3069/3952: $1\gf_mul$func$/gate04-repo/asic/rtl/bch/bch_78_64_t2_v1.sv:283$1171.right[6:0]$3976
  3070/3952: $1\gf_mul$func$/gate04-repo/asic/rtl/bch/bch_78_64_t2_v1.sv:283$1171.left[6:0]$3975
  3071/3952: $1\gf_mul$func$/gate04-repo/asic/rtl/bch/bch_78_64_t2_v1.sv:282$1170.$result[6:0]$3967
  3072/3952: $1\gf_mul$func$/gate04-repo/asic/rtl/bch/bch_78_64_t2_v1.sv:282$1170.bit_index[31:0]$3973
  3073/3952: $1\gf_mul$func$/gate04-repo/asic/rtl/bch/bch_78_64_t2_v1.sv:282$1170.a[7:0]$3970
  3074/3952: $1\gf_mul$func$/gate04-repo/asic/rtl/bch/bch_78_64_t2_v1.sv:282$1170.b[6:0]$3971
  3075/3952: $1\gf_mul$func$/gate04-repo/asic/rtl/bch/bch_78_64_t2_v1.sv:282$1170.result[6:0]$3972
  3076/3952: $1\gf_mul$func$/gate04-repo/asic/rtl/bch/bch_78_64_t2_v1.sv:282$1170.right[6:0]$3969
  3077/3952: $1\gf_mul$func$/gate04-repo/asic/rtl/bch/bch_78_64_t2_v1.sv:282$1170.left[6:0]$3968
  3078/3952: $1\candidate_mask[77:0] [33]
  3079/3952: $1\gf_mul$func$/gate04-repo/asic/rtl/bch/bch_78_64_t2_v1.sv:283$1168.$result[6:0]$3960
  3080/3952: $1\gf_mul$func$/gate04-repo/asic/rtl/bch/bch_78_64_t2_v1.sv:283$1168.bit_index[31:0]$3966
  3081/3952: $1\gf_mul$func$/gate04-repo/asic/rtl/bch/bch_78_64_t2_v1.sv:283$1168.a[7:0]$3963
  3082/3952: $1\gf_mul$func$/gate04-repo/asic/rtl/bch/bch_78_64_t2_v1.sv:283$1168.b[6:0]$3964
  3083/3952: $1\gf_mul$func$/gate04-repo/asic/rtl/bch/bch_78_64_t2_v1.sv:283$1168.result[6:0]$3965
  3084/3952: $1\gf_mul$func$/gate04-repo/asic/rtl/bch/bch_78_64_t2_v1.sv:283$1168.right[6:0]$3962
  3085/3952: $1\gf_mul$func$/gate04-repo/asic/rtl/bch/bch_78_64_t2_v1.sv:283$1168.left[6:0]$3961
  3086/3952: $1\gf_mul$func$/gate04-repo/asic/rtl/bch/bch_78_64_t2_v1.sv:282$1167.$result[6:0]$3953
  3087/3952: $1\gf_mul$func$/gate04-repo/asic/rtl/bch/bch_78_64_t2_v1.sv:282$1167.bit_index[31:0]$3959
  3088/3952: $1\gf_mul$func$/gate04-repo/asic/rtl/bch/bch_78_64_t2_v1.sv:282$1167.a[7:0]$3956
  3089/3952: $1\gf_mul$func$/gate04-repo/asic/rtl/bch/bch_78_64_t2_v1.sv:282$1167.b[6:0]$3957
  3090/3952: $1\gf_mul$func$/gate04-repo/asic/rtl/bch/bch_78_64_t2_v1.sv:282$1167.result[6:0]$3958
  3091/3952: $1\gf_mul$func$/gate04-repo/asic/rtl/bch/bch_78_64_t2_v1.sv:282$1167.right[6:0]$3955
  3092/3952: $1\gf_mul$func$/gate04-repo/asic/rtl/bch/bch_78_64_t2_v1.sv:282$1167.left[6:0]$3954
  3093/3952: $1\candidate_mask[77:0] [32]
  3094/3952: $1\gf_mul$func$/gate04-repo/asic/rtl/bch/bch_78_64_t2_v1.sv:283$1165.$result[6:0]$3946
  3095/3952: $1\gf_mul$func$/gate04-repo/asic/rtl/bch/bch_78_64_t2_v1.sv:283$1165.bit_index[31:0]$3952
  3096/3952: $1\gf_mul$func$/gate04-repo/asic/rtl/bch/bch_78_64_t2_v1.sv:283$1165.a[7:0]$3949
  3097/3952: $1\gf_mul$func$/gate04-repo/asic/rtl/bch/bch_78_64_t2_v1.sv:283$1165.b[6:0]$3950
  3098/3952: $1\gf_mul$func$/gate04-repo/asic/rtl/bch/bch_78_64_t2_v1.sv:283$1165.result[6:0]$3951
  3099/3952: $1\gf_mul$func$/gate04-repo/asic/rtl/bch/bch_78_64_t2_v1.sv:283$1165.right[6:0]$3948
  3100/3952: $1\gf_mul$func$/gate04-repo/asic/rtl/bch/bch_78_64_t2_v1.sv:283$1165.left[6:0]$3947
  3101/3952: $1\gf_mul$func$/gate04-repo/asic/rtl/bch/bch_78_64_t2_v1.sv:282$1164.$result[6:0]$3939
  3102/3952: $1\gf_mul$func$/gate04-repo/asic/rtl/bch/bch_78_64_t2_v1.sv:282$1164.bit_index[31:0]$3945
  3103/3952: $1\gf_mul$func$/gate04-repo/asic/rtl/bch/bch_78_64_t2_v1.sv:282$1164.a[7:0]$3942
  3104/3952: $1\gf_mul$func$/gate04-repo/asic/rtl/bch/bch_78_64_t2_v1.sv:282$1164.b[6:0]$3943
  3105/3952: $1\gf_mul$func$/gate04-repo/asic/rtl/bch/bch_78_64_t2_v1.sv:282$1164.result[6:0]$3944
  3106/3952: $1\gf_mul$func$/gate04-repo/asic/rtl/bch/bch_78_64_t2_v1.sv:282$1164.right[6:0]$3941
  3107/3952: $1\gf_mul$func$/gate04-repo/asic/rtl/bch/bch_78_64_t2_v1.sv:282$1164.left[6:0]$3940
  3108/3952: $1\candidate_mask[77:0] [31]
  3109/3952: $1\gf_mul$func$/gate04-repo/asic/rtl/bch/bch_78_64_t2_v1.sv:283$1162.$result[6:0]$3932
  3110/3952: $1\gf_mul$func$/gate04-repo/asic/rtl/bch/bch_78_64_t2_v1.sv:283$1162.bit_index[31:0]$3938
  3111/3952: $1\gf_mul$func$/gate04-repo/asic/rtl/bch/bch_78_64_t2_v1.sv:283$1162.a[7:0]$3935
  3112/3952: $1\gf_mul$func$/gate04-repo/asic/rtl/bch/bch_78_64_t2_v1.sv:283$1162.b[6:0]$3936
  3113/3952: $1\gf_mul$func$/gate04-repo/asic/rtl/bch/bch_78_64_t2_v1.sv:283$1162.result[6:0]$3937
  3114/3952: $1\gf_mul$func$/gate04-repo/asic/rtl/bch/bch_78_64_t2_v1.sv:283$1162.right[6:0]$3934
  3115/3952: $1\gf_mul$func$/gate04-repo/asic/rtl/bch/bch_78_64_t2_v1.sv:283$1162.left[6:0]$3933
  3116/3952: $1\gf_mul$func$/gate04-repo/asic/rtl/bch/bch_78_64_t2_v1.sv:282$1161.$result[6:0]$3925
  3117/3952: $1\gf_mul$func$/gate04-repo/asic/rtl/bch/bch_78_64_t2_v1.sv:282$1161.bit_index[31:0]$3931
  3118/3952: $1\gf_mul$func$/gate04-repo/asic/rtl/bch/bch_78_64_t2_v1.sv:282$1161.a[7:0]$3928
  3119/3952: $1\gf_mul$func$/gate04-repo/asic/rtl/bch/bch_78_64_t2_v1.sv:282$1161.b[6:0]$3929
  3120/3952: $1\gf_mul$func$/gate04-repo/asic/rtl/bch/bch_78_64_t2_v1.sv:282$1161.result[6:0]$3930
  3121/3952: $1\gf_mul$func$/gate04-repo/asic/rtl/bch/bch_78_64_t2_v1.sv:282$1161.right[6:0]$3927
  3122/3952: $1\gf_mul$func$/gate04-repo/asic/rtl/bch/bch_78_64_t2_v1.sv:282$1161.left[6:0]$3926
  3123/3952: $1\candidate_mask[77:0] [30]
  3124/3952: $1\gf_mul$func$/gate04-repo/asic/rtl/bch/bch_78_64_t2_v1.sv:283$1159.$result[6:0]$3918
  3125/3952: $1\gf_mul$func$/gate04-repo/asic/rtl/bch/bch_78_64_t2_v1.sv:283$1159.bit_index[31:0]$3924
  3126/3952: $1\gf_mul$func$/gate04-repo/asic/rtl/bch/bch_78_64_t2_v1.sv:283$1159.a[7:0]$3921
  3127/3952: $1\gf_mul$func$/gate04-repo/asic/rtl/bch/bch_78_64_t2_v1.sv:283$1159.b[6:0]$3922
  3128/3952: $1\gf_mul$func$/gate04-repo/asic/rtl/bch/bch_78_64_t2_v1.sv:283$1159.result[6:0]$3923
  3129/3952: $1\gf_mul$func$/gate04-repo/asic/rtl/bch/bch_78_64_t2_v1.sv:283$1159.right[6:0]$3920
  3130/3952: $1\gf_mul$func$/gate04-repo/asic/rtl/bch/bch_78_64_t2_v1.sv:283$1159.left[6:0]$3919
  3131/3952: $1\gf_mul$func$/gate04-repo/asic/rtl/bch/bch_78_64_t2_v1.sv:282$1158.$result[6:0]$3911
  3132/3952: $1\gf_mul$func$/gate04-repo/asic/rtl/bch/bch_78_64_t2_v1.sv:282$1158.bit_index[31:0]$3917
  3133/3952: $1\gf_mul$func$/gate04-repo/asic/rtl/bch/bch_78_64_t2_v1.sv:282$1158.a[7:0]$3914
  3134/3952: $1\gf_mul$func$/gate04-repo/asic/rtl/bch/bch_78_64_t2_v1.sv:282$1158.b[6:0]$3915
  3135/3952: $1\gf_mul$func$/gate04-repo/asic/rtl/bch/bch_78_64_t2_v1.sv:282$1158.result[6:0]$3916
  3136/3952: $1\gf_mul$func$/gate04-repo/asic/rtl/bch/bch_78_64_t2_v1.sv:282$1158.right[6:0]$3913
  3137/3952: $1\gf_mul$func$/gate04-repo/asic/rtl/bch/bch_78_64_t2_v1.sv:282$1158.left[6:0]$3912
  3138/3952: $1\candidate_mask[77:0] [29]
  3139/3952: $1\gf_mul$func$/gate04-repo/asic/rtl/bch/bch_78_64_t2_v1.sv:283$1156.$result[6:0]$3904
  3140/3952: $1\gf_mul$func$/gate04-repo/asic/rtl/bch/bch_78_64_t2_v1.sv:283$1156.bit_index[31:0]$3910
  3141/3952: $1\gf_mul$func$/gate04-repo/asic/rtl/bch/bch_78_64_t2_v1.sv:283$1156.a[7:0]$3907
  3142/3952: $1\gf_mul$func$/gate04-repo/asic/rtl/bch/bch_78_64_t2_v1.sv:283$1156.b[6:0]$3908
  3143/3952: $1\gf_mul$func$/gate04-repo/asic/rtl/bch/bch_78_64_t2_v1.sv:283$1156.result[6:0]$3909
  3144/3952: $1\gf_mul$func$/gate04-repo/asic/rtl/bch/bch_78_64_t2_v1.sv:283$1156.right[6:0]$3906
  3145/3952: $1\gf_mul$func$/gate04-repo/asic/rtl/bch/bch_78_64_t2_v1.sv:283$1156.left[6:0]$3905
  3146/3952: $1\gf_mul$func$/gate04-repo/asic/rtl/bch/bch_78_64_t2_v1.sv:282$1155.$result[6:0]$3897
  3147/3952: $1\gf_mul$func$/gate04-repo/asic/rtl/bch/bch_78_64_t2_v1.sv:282$1155.bit_index[31:0]$3903
  3148/3952: $1\gf_mul$func$/gate04-repo/asic/rtl/bch/bch_78_64_t2_v1.sv:282$1155.a[7:0]$3900
  3149/3952: $1\gf_mul$func$/gate04-repo/asic/rtl/bch/bch_78_64_t2_v1.sv:282$1155.b[6:0]$3901
  3150/3952: $1\gf_mul$func$/gate04-repo/asic/rtl/bch/bch_78_64_t2_v1.sv:282$1155.result[6:0]$3902
  3151/3952: $1\gf_mul$func$/gate04-repo/asic/rtl/bch/bch_78_64_t2_v1.sv:282$1155.right[6:0]$3899
  3152/3952: $1\gf_mul$func$/gate04-repo/asic/rtl/bch/bch_78_64_t2_v1.sv:282$1155.left[6:0]$3898
  3153/3952: $1\candidate_mask[77:0] [28]
  3154/3952: $1\gf_mul$func$/gate04-repo/asic/rtl/bch/bch_78_64_t2_v1.sv:283$1153.$result[6:0]$3890
  3155/3952: $1\gf_mul$func$/gate04-repo/asic/rtl/bch/bch_78_64_t2_v1.sv:283$1153.bit_index[31:0]$3896
  3156/3952: $1\gf_mul$func$/gate04-repo/asic/rtl/bch/bch_78_64_t2_v1.sv:283$1153.a[7:0]$3893
  3157/3952: $1\gf_mul$func$/gate04-repo/asic/rtl/bch/bch_78_64_t2_v1.sv:283$1153.b[6:0]$3894
  3158/3952: $1\gf_mul$func$/gate04-repo/asic/rtl/bch/bch_78_64_t2_v1.sv:283$1153.result[6:0]$3895
  3159/3952: $1\gf_mul$func$/gate04-repo/asic/rtl/bch/bch_78_64_t2_v1.sv:283$1153.right[6:0]$3892
  3160/3952: $1\gf_mul$func$/gate04-repo/asic/rtl/bch/bch_78_64_t2_v1.sv:283$1153.left[6:0]$3891
  3161/3952: $1\gf_mul$func$/gate04-repo/asic/rtl/bch/bch_78_64_t2_v1.sv:282$1152.$result[6:0]$3883
  3162/3952: $1\gf_mul$func$/gate04-repo/asic/rtl/bch/bch_78_64_t2_v1.sv:282$1152.bit_index[31:0]$3889
  3163/3952: $1\gf_mul$func$/gate04-repo/asic/rtl/bch/bch_78_64_t2_v1.sv:282$1152.a[7:0]$3886
  3164/3952: $1\gf_mul$func$/gate04-repo/asic/rtl/bch/bch_78_64_t2_v1.sv:282$1152.b[6:0]$3887
  3165/3952: $1\gf_mul$func$/gate04-repo/asic/rtl/bch/bch_78_64_t2_v1.sv:282$1152.result[6:0]$3888
  3166/3952: $1\gf_mul$func$/gate04-repo/asic/rtl/bch/bch_78_64_t2_v1.sv:282$1152.right[6:0]$3885
  3167/3952: $1\gf_mul$func$/gate04-repo/asic/rtl/bch/bch_78_64_t2_v1.sv:282$1152.left[6:0]$3884
  3168/3952: $1\candidate_mask[77:0] [27]
  3169/3952: $1\gf_mul$func$/gate04-repo/asic/rtl/bch/bch_78_64_t2_v1.sv:283$1150.$result[6:0]$3876
  3170/3952: $1\gf_mul$func$/gate04-repo/asic/rtl/bch/bch_78_64_t2_v1.sv:283$1150.bit_index[31:0]$3882
  3171/3952: $1\gf_mul$func$/gate04-repo/asic/rtl/bch/bch_78_64_t2_v1.sv:283$1150.a[7:0]$3879
  3172/3952: $1\gf_mul$func$/gate04-repo/asic/rtl/bch/bch_78_64_t2_v1.sv:283$1150.b[6:0]$3880
  3173/3952: $1\gf_mul$func$/gate04-repo/asic/rtl/bch/bch_78_64_t2_v1.sv:283$1150.result[6:0]$3881
  3174/3952: $1\gf_mul$func$/gate04-repo/asic/rtl/bch/bch_78_64_t2_v1.sv:283$1150.right[6:0]$3878
  3175/3952: $1\gf_mul$func$/gate04-repo/asic/rtl/bch/bch_78_64_t2_v1.sv:283$1150.left[6:0]$3877
  3176/3952: $1\gf_mul$func$/gate04-repo/asic/rtl/bch/bch_78_64_t2_v1.sv:282$1149.$result[6:0]$3869
  3177/3952: $1\gf_mul$func$/gate04-repo/asic/rtl/bch/bch_78_64_t2_v1.sv:282$1149.bit_index[31:0]$3875
  3178/3952: $1\gf_mul$func$/gate04-repo/asic/rtl/bch/bch_78_64_t2_v1.sv:282$1149.a[7:0]$3872
  3179/3952: $1\gf_mul$func$/gate04-repo/asic/rtl/bch/bch_78_64_t2_v1.sv:282$1149.b[6:0]$3873
  3180/3952: $1\gf_mul$func$/gate04-repo/asic/rtl/bch/bch_78_64_t2_v1.sv:282$1149.result[6:0]$3874
  3181/3952: $1\gf_mul$func$/gate04-repo/asic/rtl/bch/bch_78_64_t2_v1.sv:282$1149.right[6:0]$3871
  3182/3952: $1\gf_mul$func$/gate04-repo/asic/rtl/bch/bch_78_64_t2_v1.sv:282$1149.left[6:0]$3870
  3183/3952: $1\candidate_mask[77:0] [26]
  3184/3952: $1\gf_mul$func$/gate04-repo/asic/rtl/bch/bch_78_64_t2_v1.sv:283$1147.$result[6:0]$3862
  3185/3952: $1\gf_mul$func$/gate04-repo/asic/rtl/bch/bch_78_64_t2_v1.sv:283$1147.bit_index[31:0]$3868
  3186/3952: $1\gf_mul$func$/gate04-repo/asic/rtl/bch/bch_78_64_t2_v1.sv:283$1147.a[7:0]$3865
  3187/3952: $1\gf_mul$func$/gate04-repo/asic/rtl/bch/bch_78_64_t2_v1.sv:283$1147.b[6:0]$3866
  3188/3952: $1\gf_mul$func$/gate04-repo/asic/rtl/bch/bch_78_64_t2_v1.sv:283$1147.result[6:0]$3867
  3189/3952: $1\gf_mul$func$/gate04-repo/asic/rtl/bch/bch_78_64_t2_v1.sv:283$1147.right[6:0]$3864
  3190/3952: $1\gf_mul$func$/gate04-repo/asic/rtl/bch/bch_78_64_t2_v1.sv:283$1147.left[6:0]$3863
  3191/3952: $1\gf_mul$func$/gate04-repo/asic/rtl/bch/bch_78_64_t2_v1.sv:282$1146.$result[6:0]$3855
  3192/3952: $1\gf_mul$func$/gate04-repo/asic/rtl/bch/bch_78_64_t2_v1.sv:282$1146.bit_index[31:0]$3861
  3193/3952: $1\gf_mul$func$/gate04-repo/asic/rtl/bch/bch_78_64_t2_v1.sv:282$1146.a[7:0]$3858
  3194/3952: $1\gf_mul$func$/gate04-repo/asic/rtl/bch/bch_78_64_t2_v1.sv:282$1146.b[6:0]$3859
  3195/3952: $1\gf_mul$func$/gate04-repo/asic/rtl/bch/bch_78_64_t2_v1.sv:282$1146.result[6:0]$3860
  3196/3952: $1\gf_mul$func$/gate04-repo/asic/rtl/bch/bch_78_64_t2_v1.sv:282$1146.right[6:0]$3857
  3197/3952: $1\gf_mul$func$/gate04-repo/asic/rtl/bch/bch_78_64_t2_v1.sv:282$1146.left[6:0]$3856
  3198/3952: $1\candidate_mask[77:0] [25]
  3199/3952: $1\gf_mul$func$/gate04-repo/asic/rtl/bch/bch_78_64_t2_v1.sv:283$1144.$result[6:0]$3848
  3200/3952: $1\gf_mul$func$/gate04-repo/asic/rtl/bch/bch_78_64_t2_v1.sv:283$1144.bit_index[31:0]$3854
  3201/3952: $1\gf_mul$func$/gate04-repo/asic/rtl/bch/bch_78_64_t2_v1.sv:283$1144.a[7:0]$3851
  3202/3952: $1\gf_mul$func$/gate04-repo/asic/rtl/bch/bch_78_64_t2_v1.sv:283$1144.b[6:0]$3852
  3203/3952: $1\gf_mul$func$/gate04-repo/asic/rtl/bch/bch_78_64_t2_v1.sv:283$1144.result[6:0]$3853
  3204/3952: $1\gf_mul$func$/gate04-repo/asic/rtl/bch/bch_78_64_t2_v1.sv:283$1144.right[6:0]$3850
  3205/3952: $1\gf_mul$func$/gate04-repo/asic/rtl/bch/bch_78_64_t2_v1.sv:283$1144.left[6:0]$3849
  3206/3952: $1\gf_mul$func$/gate04-repo/asic/rtl/bch/bch_78_64_t2_v1.sv:282$1143.$result[6:0]$3841
  3207/3952: $1\gf_mul$func$/gate04-repo/asic/rtl/bch/bch_78_64_t2_v1.sv:282$1143.bit_index[31:0]$3847
  3208/3952: $1\gf_mul$func$/gate04-repo/asic/rtl/bch/bch_78_64_t2_v1.sv:282$1143.a[7:0]$3844
  3209/3952: $1\gf_mul$func$/gate04-repo/asic/rtl/bch/bch_78_64_t2_v1.sv:282$1143.b[6:0]$3845
  3210/3952: $1\gf_mul$func$/gate04-repo/asic/rtl/bch/bch_78_64_t2_v1.sv:282$1143.result[6:0]$3846
  3211/3952: $1\gf_mul$func$/gate04-repo/asic/rtl/bch/bch_78_64_t2_v1.sv:282$1143.right[6:0]$3843
  3212/3952: $1\gf_mul$func$/gate04-repo/asic/rtl/bch/bch_78_64_t2_v1.sv:282$1143.left[6:0]$3842
  3213/3952: $1\candidate_mask[77:0] [24]
  3214/3952: $1\gf_mul$func$/gate04-repo/asic/rtl/bch/bch_78_64_t2_v1.sv:283$1141.$result[6:0]$3834
  3215/3952: $1\gf_mul$func$/gate04-repo/asic/rtl/bch/bch_78_64_t2_v1.sv:283$1141.bit_index[31:0]$3840
  3216/3952: $1\gf_mul$func$/gate04-repo/asic/rtl/bch/bch_78_64_t2_v1.sv:283$1141.a[7:0]$3837
  3217/3952: $1\gf_mul$func$/gate04-repo/asic/rtl/bch/bch_78_64_t2_v1.sv:283$1141.b[6:0]$3838
  3218/3952: $1\gf_mul$func$/gate04-repo/asic/rtl/bch/bch_78_64_t2_v1.sv:283$1141.result[6:0]$3839
  3219/3952: $1\gf_mul$func$/gate04-repo/asic/rtl/bch/bch_78_64_t2_v1.sv:283$1141.right[6:0]$3836
  3220/3952: $1\gf_mul$func$/gate04-repo/asic/rtl/bch/bch_78_64_t2_v1.sv:283$1141.left[6:0]$3835
  3221/3952: $1\gf_mul$func$/gate04-repo/asic/rtl/bch/bch_78_64_t2_v1.sv:282$1140.$result[6:0]$3827
  3222/3952: $1\gf_mul$func$/gate04-repo/asic/rtl/bch/bch_78_64_t2_v1.sv:282$1140.bit_index[31:0]$3833
  3223/3952: $1\gf_mul$func$/gate04-repo/asic/rtl/bch/bch_78_64_t2_v1.sv:282$1140.a[7:0]$3830
  3224/3952: $1\gf_mul$func$/gate04-repo/asic/rtl/bch/bch_78_64_t2_v1.sv:282$1140.b[6:0]$3831
  3225/3952: $1\gf_mul$func$/gate04-repo/asic/rtl/bch/bch_78_64_t2_v1.sv:282$1140.result[6:0]$3832
  3226/3952: $1\gf_mul$func$/gate04-repo/asic/rtl/bch/bch_78_64_t2_v1.sv:282$1140.right[6:0]$3829
  3227/3952: $1\gf_mul$func$/gate04-repo/asic/rtl/bch/bch_78_64_t2_v1.sv:282$1140.left[6:0]$3828
  3228/3952: $1\candidate_mask[77:0] [23]
  3229/3952: $1\gf_mul$func$/gate04-repo/asic/rtl/bch/bch_78_64_t2_v1.sv:283$1138.$result[6:0]$3820
  3230/3952: $1\gf_mul$func$/gate04-repo/asic/rtl/bch/bch_78_64_t2_v1.sv:283$1138.bit_index[31:0]$3826
  3231/3952: $1\gf_mul$func$/gate04-repo/asic/rtl/bch/bch_78_64_t2_v1.sv:283$1138.a[7:0]$3823
  3232/3952: $1\gf_mul$func$/gate04-repo/asic/rtl/bch/bch_78_64_t2_v1.sv:283$1138.b[6:0]$3824
  3233/3952: $1\gf_mul$func$/gate04-repo/asic/rtl/bch/bch_78_64_t2_v1.sv:283$1138.result[6:0]$3825
  3234/3952: $1\gf_mul$func$/gate04-repo/asic/rtl/bch/bch_78_64_t2_v1.sv:283$1138.right[6:0]$3822
  3235/3952: $1\gf_mul$func$/gate04-repo/asic/rtl/bch/bch_78_64_t2_v1.sv:283$1138.left[6:0]$3821
  3236/3952: $1\gf_mul$func$/gate04-repo/asic/rtl/bch/bch_78_64_t2_v1.sv:282$1137.$result[6:0]$3813
  3237/3952: $1\gf_mul$func$/gate04-repo/asic/rtl/bch/bch_78_64_t2_v1.sv:282$1137.bit_index[31:0]$3819
  3238/3952: $1\gf_mul$func$/gate04-repo/asic/rtl/bch/bch_78_64_t2_v1.sv:282$1137.a[7:0]$3816
  3239/3952: $1\gf_mul$func$/gate04-repo/asic/rtl/bch/bch_78_64_t2_v1.sv:282$1137.b[6:0]$3817
  3240/3952: $1\gf_mul$func$/gate04-repo/asic/rtl/bch/bch_78_64_t2_v1.sv:282$1137.result[6:0]$3818
  3241/3952: $1\gf_mul$func$/gate04-repo/asic/rtl/bch/bch_78_64_t2_v1.sv:282$1137.right[6:0]$3815
  3242/3952: $1\gf_mul$func$/gate04-repo/asic/rtl/bch/bch_78_64_t2_v1.sv:282$1137.left[6:0]$3814
  3243/3952: $1\candidate_mask[77:0] [22]
  3244/3952: $1\gf_mul$func$/gate04-repo/asic/rtl/bch/bch_78_64_t2_v1.sv:283$1135.$result[6:0]$3806
  3245/3952: $1\gf_mul$func$/gate04-repo/asic/rtl/bch/bch_78_64_t2_v1.sv:283$1135.bit_index[31:0]$3812
  3246/3952: $1\gf_mul$func$/gate04-repo/asic/rtl/bch/bch_78_64_t2_v1.sv:283$1135.a[7:0]$3809
  3247/3952: $1\gf_mul$func$/gate04-repo/asic/rtl/bch/bch_78_64_t2_v1.sv:283$1135.b[6:0]$3810
  3248/3952: $1\gf_mul$func$/gate04-repo/asic/rtl/bch/bch_78_64_t2_v1.sv:283$1135.result[6:0]$3811
  3249/3952: $1\gf_mul$func$/gate04-repo/asic/rtl/bch/bch_78_64_t2_v1.sv:283$1135.right[6:0]$3808
  3250/3952: $1\gf_mul$func$/gate04-repo/asic/rtl/bch/bch_78_64_t2_v1.sv:283$1135.left[6:0]$3807
  3251/3952: $1\gf_mul$func$/gate04-repo/asic/rtl/bch/bch_78_64_t2_v1.sv:282$1134.$result[6:0]$3799
  3252/3952: $1\gf_mul$func$/gate04-repo/asic/rtl/bch/bch_78_64_t2_v1.sv:282$1134.bit_index[31:0]$3805
  3253/3952: $1\gf_mul$func$/gate04-repo/asic/rtl/bch/bch_78_64_t2_v1.sv:282$1134.a[7:0]$3802
  3254/3952: $1\gf_mul$func$/gate04-repo/asic/rtl/bch/bch_78_64_t2_v1.sv:282$1134.b[6:0]$3803
  3255/3952: $1\gf_mul$func$/gate04-repo/asic/rtl/bch/bch_78_64_t2_v1.sv:282$1134.result[6:0]$3804
  3256/3952: $1\gf_mul$func$/gate04-repo/asic/rtl/bch/bch_78_64_t2_v1.sv:282$1134.right[6:0]$3801
  3257/3952: $1\gf_mul$func$/gate04-repo/asic/rtl/bch/bch_78_64_t2_v1.sv:282$1134.left[6:0]$3800
  3258/3952: $1\candidate_mask[77:0] [21]
  3259/3952: $1\gf_mul$func$/gate04-repo/asic/rtl/bch/bch_78_64_t2_v1.sv:283$1132.$result[6:0]$3792
  3260/3952: $1\gf_mul$func$/gate04-repo/asic/rtl/bch/bch_78_64_t2_v1.sv:283$1132.bit_index[31:0]$3798
  3261/3952: $1\gf_mul$func$/gate04-repo/asic/rtl/bch/bch_78_64_t2_v1.sv:283$1132.a[7:0]$3795
  3262/3952: $1\gf_mul$func$/gate04-repo/asic/rtl/bch/bch_78_64_t2_v1.sv:283$1132.b[6:0]$3796
  3263/3952: $1\gf_mul$func$/gate04-repo/asic/rtl/bch/bch_78_64_t2_v1.sv:283$1132.result[6:0]$3797
  3264/3952: $1\gf_mul$func$/gate04-repo/asic/rtl/bch/bch_78_64_t2_v1.sv:283$1132.right[6:0]$3794
  3265/3952: $1\gf_mul$func$/gate04-repo/asic/rtl/bch/bch_78_64_t2_v1.sv:283$1132.left[6:0]$3793
  3266/3952: $1\gf_mul$func$/gate04-repo/asic/rtl/bch/bch_78_64_t2_v1.sv:282$1131.$result[6:0]$3785
  3267/3952: $1\gf_mul$func$/gate04-repo/asic/rtl/bch/bch_78_64_t2_v1.sv:282$1131.bit_index[31:0]$3791
  3268/3952: $1\gf_mul$func$/gate04-repo/asic/rtl/bch/bch_78_64_t2_v1.sv:282$1131.a[7:0]$3788
  3269/3952: $1\gf_mul$func$/gate04-repo/asic/rtl/bch/bch_78_64_t2_v1.sv:282$1131.b[6:0]$3789
  3270/3952: $1\gf_mul$func$/gate04-repo/asic/rtl/bch/bch_78_64_t2_v1.sv:282$1131.result[6:0]$3790
  3271/3952: $1\gf_mul$func$/gate04-repo/asic/rtl/bch/bch_78_64_t2_v1.sv:282$1131.right[6:0]$3787
  3272/3952: $1\gf_mul$func$/gate04-repo/asic/rtl/bch/bch_78_64_t2_v1.sv:282$1131.left[6:0]$3786
  3273/3952: $1\candidate_mask[77:0] [20]
  3274/3952: $1\gf_mul$func$/gate04-repo/asic/rtl/bch/bch_78_64_t2_v1.sv:283$1129.$result[6:0]$3778
  3275/3952: $1\gf_mul$func$/gate04-repo/asic/rtl/bch/bch_78_64_t2_v1.sv:283$1129.bit_index[31:0]$3784
  3276/3952: $1\gf_mul$func$/gate04-repo/asic/rtl/bch/bch_78_64_t2_v1.sv:283$1129.a[7:0]$3781
  3277/3952: $1\gf_mul$func$/gate04-repo/asic/rtl/bch/bch_78_64_t2_v1.sv:283$1129.b[6:0]$3782
  3278/3952: $1\gf_mul$func$/gate04-repo/asic/rtl/bch/bch_78_64_t2_v1.sv:283$1129.result[6:0]$3783
  3279/3952: $1\gf_mul$func$/gate04-repo/asic/rtl/bch/bch_78_64_t2_v1.sv:283$1129.right[6:0]$3780
  3280/3952: $1\gf_mul$func$/gate04-repo/asic/rtl/bch/bch_78_64_t2_v1.sv:283$1129.left[6:0]$3779
  3281/3952: $1\gf_mul$func$/gate04-repo/asic/rtl/bch/bch_78_64_t2_v1.sv:282$1128.$result[6:0]$3771
  3282/3952: $1\gf_mul$func$/gate04-repo/asic/rtl/bch/bch_78_64_t2_v1.sv:282$1128.bit_index[31:0]$3777
  3283/3952: $1\gf_mul$func$/gate04-repo/asic/rtl/bch/bch_78_64_t2_v1.sv:282$1128.a[7:0]$3774
  3284/3952: $1\gf_mul$func$/gate04-repo/asic/rtl/bch/bch_78_64_t2_v1.sv:282$1128.b[6:0]$3775
  3285/3952: $1\gf_mul$func$/gate04-repo/asic/rtl/bch/bch_78_64_t2_v1.sv:282$1128.result[6:0]$3776
  3286/3952: $1\gf_mul$func$/gate04-repo/asic/rtl/bch/bch_78_64_t2_v1.sv:282$1128.right[6:0]$3773
  3287/3952: $1\gf_mul$func$/gate04-repo/asic/rtl/bch/bch_78_64_t2_v1.sv:282$1128.left[6:0]$3772
  3288/3952: $1\candidate_mask[77:0] [19]
  3289/3952: $1\gf_mul$func$/gate04-repo/asic/rtl/bch/bch_78_64_t2_v1.sv:283$1126.$result[6:0]$3764
  3290/3952: $1\gf_mul$func$/gate04-repo/asic/rtl/bch/bch_78_64_t2_v1.sv:283$1126.bit_index[31:0]$3770
  3291/3952: $1\gf_mul$func$/gate04-repo/asic/rtl/bch/bch_78_64_t2_v1.sv:283$1126.a[7:0]$3767
  3292/3952: $1\gf_mul$func$/gate04-repo/asic/rtl/bch/bch_78_64_t2_v1.sv:283$1126.b[6:0]$3768
  3293/3952: $1\gf_mul$func$/gate04-repo/asic/rtl/bch/bch_78_64_t2_v1.sv:283$1126.result[6:0]$3769
  3294/3952: $1\gf_mul$func$/gate04-repo/asic/rtl/bch/bch_78_64_t2_v1.sv:283$1126.right[6:0]$3766
  3295/3952: $1\gf_mul$func$/gate04-repo/asic/rtl/bch/bch_78_64_t2_v1.sv:283$1126.left[6:0]$3765
  3296/3952: $1\gf_mul$func$/gate04-repo/asic/rtl/bch/bch_78_64_t2_v1.sv:282$1125.$result[6:0]$3757
  3297/3952: $1\gf_mul$func$/gate04-repo/asic/rtl/bch/bch_78_64_t2_v1.sv:282$1125.bit_index[31:0]$3763
  3298/3952: $1\gf_mul$func$/gate04-repo/asic/rtl/bch/bch_78_64_t2_v1.sv:282$1125.a[7:0]$3760
  3299/3952: $1\gf_mul$func$/gate04-repo/asic/rtl/bch/bch_78_64_t2_v1.sv:282$1125.b[6:0]$3761
  3300/3952: $1\gf_mul$func$/gate04-repo/asic/rtl/bch/bch_78_64_t2_v1.sv:282$1125.result[6:0]$3762
  3301/3952: $1\gf_mul$func$/gate04-repo/asic/rtl/bch/bch_78_64_t2_v1.sv:282$1125.right[6:0]$3759
  3302/3952: $1\gf_mul$func$/gate04-repo/asic/rtl/bch/bch_78_64_t2_v1.sv:282$1125.left[6:0]$3758
  3303/3952: $1\candidate_mask[77:0] [18]
  3304/3952: $1\gf_mul$func$/gate04-repo/asic/rtl/bch/bch_78_64_t2_v1.sv:283$1123.$result[6:0]$3750
  3305/3952: $1\gf_mul$func$/gate04-repo/asic/rtl/bch/bch_78_64_t2_v1.sv:283$1123.bit_index[31:0]$3756
  3306/3952: $1\gf_mul$func$/gate04-repo/asic/rtl/bch/bch_78_64_t2_v1.sv:283$1123.a[7:0]$3753
  3307/3952: $1\gf_mul$func$/gate04-repo/asic/rtl/bch/bch_78_64_t2_v1.sv:283$1123.b[6:0]$3754
  3308/3952: $1\gf_mul$func$/gate04-repo/asic/rtl/bch/bch_78_64_t2_v1.sv:283$1123.result[6:0]$3755
  3309/3952: $1\gf_mul$func$/gate04-repo/asic/rtl/bch/bch_78_64_t2_v1.sv:283$1123.right[6:0]$3752
  3310/3952: $1\gf_mul$func$/gate04-repo/asic/rtl/bch/bch_78_64_t2_v1.sv:283$1123.left[6:0]$3751
  3311/3952: $1\gf_mul$func$/gate04-repo/asic/rtl/bch/bch_78_64_t2_v1.sv:282$1122.$result[6:0]$3743
  3312/3952: $1\gf_mul$func$/gate04-repo/asic/rtl/bch/bch_78_64_t2_v1.sv:282$1122.bit_index[31:0]$3749
  3313/3952: $1\gf_mul$func$/gate04-repo/asic/rtl/bch/bch_78_64_t2_v1.sv:282$1122.a[7:0]$3746
  3314/3952: $1\gf_mul$func$/gate04-repo/asic/rtl/bch/bch_78_64_t2_v1.sv:282$1122.b[6:0]$3747
  3315/3952: $1\gf_mul$func$/gate04-repo/asic/rtl/bch/bch_78_64_t2_v1.sv:282$1122.result[6:0]$3748
  3316/3952: $1\gf_mul$func$/gate04-repo/asic/rtl/bch/bch_78_64_t2_v1.sv:282$1122.right[6:0]$3745
  3317/3952: $1\gf_mul$func$/gate04-repo/asic/rtl/bch/bch_78_64_t2_v1.sv:282$1122.left[6:0]$3744
  3318/3952: $1\candidate_mask[77:0] [17]
  3319/3952: $1\gf_mul$func$/gate04-repo/asic/rtl/bch/bch_78_64_t2_v1.sv:283$1120.$result[6:0]$3736
  3320/3952: $1\gf_mul$func$/gate04-repo/asic/rtl/bch/bch_78_64_t2_v1.sv:283$1120.bit_index[31:0]$3742
  3321/3952: $1\gf_mul$func$/gate04-repo/asic/rtl/bch/bch_78_64_t2_v1.sv:283$1120.a[7:0]$3739
  3322/3952: $1\gf_mul$func$/gate04-repo/asic/rtl/bch/bch_78_64_t2_v1.sv:283$1120.b[6:0]$3740
  3323/3952: $1\gf_mul$func$/gate04-repo/asic/rtl/bch/bch_78_64_t2_v1.sv:283$1120.result[6:0]$3741
  3324/3952: $1\gf_mul$func$/gate04-repo/asic/rtl/bch/bch_78_64_t2_v1.sv:283$1120.right[6:0]$3738
  3325/3952: $1\gf_mul$func$/gate04-repo/asic/rtl/bch/bch_78_64_t2_v1.sv:283$1120.left[6:0]$3737
  3326/3952: $1\gf_mul$func$/gate04-repo/asic/rtl/bch/bch_78_64_t2_v1.sv:282$1119.$result[6:0]$3729
  3327/3952: $1\gf_mul$func$/gate04-repo/asic/rtl/bch/bch_78_64_t2_v1.sv:282$1119.bit_index[31:0]$3735
  3328/3952: $1\gf_mul$func$/gate04-repo/asic/rtl/bch/bch_78_64_t2_v1.sv:282$1119.a[7:0]$3732
  3329/3952: $1\gf_mul$func$/gate04-repo/asic/rtl/bch/bch_78_64_t2_v1.sv:282$1119.b[6:0]$3733
  3330/3952: $1\gf_mul$func$/gate04-repo/asic/rtl/bch/bch_78_64_t2_v1.sv:282$1119.result[6:0]$3734
  3331/3952: $1\gf_mul$func$/gate04-repo/asic/rtl/bch/bch_78_64_t2_v1.sv:282$1119.right[6:0]$3731
  3332/3952: $1\gf_mul$func$/gate04-repo/asic/rtl/bch/bch_78_64_t2_v1.sv:282$1119.left[6:0]$3730
  3333/3952: $1\candidate_mask[77:0] [16]
  3334/3952: $1\gf_mul$func$/gate04-repo/asic/rtl/bch/bch_78_64_t2_v1.sv:283$1117.$result[6:0]$3722
  3335/3952: $1\gf_mul$func$/gate04-repo/asic/rtl/bch/bch_78_64_t2_v1.sv:283$1117.bit_index[31:0]$3728
  3336/3952: $1\gf_mul$func$/gate04-repo/asic/rtl/bch/bch_78_64_t2_v1.sv:283$1117.a[7:0]$3725
  3337/3952: $1\gf_mul$func$/gate04-repo/asic/rtl/bch/bch_78_64_t2_v1.sv:283$1117.b[6:0]$3726
  3338/3952: $1\gf_mul$func$/gate04-repo/asic/rtl/bch/bch_78_64_t2_v1.sv:283$1117.result[6:0]$3727
  3339/3952: $1\gf_mul$func$/gate04-repo/asic/rtl/bch/bch_78_64_t2_v1.sv:283$1117.right[6:0]$3724
  3340/3952: $1\gf_mul$func$/gate04-repo/asic/rtl/bch/bch_78_64_t2_v1.sv:283$1117.left[6:0]$3723
  3341/3952: $1\gf_mul$func$/gate04-repo/asic/rtl/bch/bch_78_64_t2_v1.sv:282$1116.$result[6:0]$3715
  3342/3952: $1\gf_mul$func$/gate04-repo/asic/rtl/bch/bch_78_64_t2_v1.sv:282$1116.bit_index[31:0]$3721
  3343/3952: $1\gf_mul$func$/gate04-repo/asic/rtl/bch/bch_78_64_t2_v1.sv:282$1116.a[7:0]$3718
  3344/3952: $1\gf_mul$func$/gate04-repo/asic/rtl/bch/bch_78_64_t2_v1.sv:282$1116.b[6:0]$3719
  3345/3952: $1\gf_mul$func$/gate04-repo/asic/rtl/bch/bch_78_64_t2_v1.sv:282$1116.result[6:0]$3720
  3346/3952: $1\gf_mul$func$/gate04-repo/asic/rtl/bch/bch_78_64_t2_v1.sv:282$1116.right[6:0]$3717
  3347/3952: $1\gf_mul$func$/gate04-repo/asic/rtl/bch/bch_78_64_t2_v1.sv:282$1116.left[6:0]$3716
  3348/3952: $1\candidate_mask[77:0] [15]
  3349/3952: $1\gf_mul$func$/gate04-repo/asic/rtl/bch/bch_78_64_t2_v1.sv:283$1114.$result[6:0]$3708
  3350/3952: $1\gf_mul$func$/gate04-repo/asic/rtl/bch/bch_78_64_t2_v1.sv:283$1114.bit_index[31:0]$3714
  3351/3952: $1\gf_mul$func$/gate04-repo/asic/rtl/bch/bch_78_64_t2_v1.sv:283$1114.a[7:0]$3711
  3352/3952: $1\gf_mul$func$/gate04-repo/asic/rtl/bch/bch_78_64_t2_v1.sv:283$1114.b[6:0]$3712
  3353/3952: $1\gf_mul$func$/gate04-repo/asic/rtl/bch/bch_78_64_t2_v1.sv:283$1114.result[6:0]$3713
  3354/3952: $1\gf_mul$func$/gate04-repo/asic/rtl/bch/bch_78_64_t2_v1.sv:283$1114.right[6:0]$3710
  3355/3952: $1\gf_mul$func$/gate04-repo/asic/rtl/bch/bch_78_64_t2_v1.sv:283$1114.left[6:0]$3709
  3356/3952: $1\gf_mul$func$/gate04-repo/asic/rtl/bch/bch_78_64_t2_v1.sv:282$1113.$result[6:0]$3701
  3357/3952: $1\gf_mul$func$/gate04-repo/asic/rtl/bch/bch_78_64_t2_v1.sv:282$1113.bit_index[31:0]$3707
  3358/3952: $1\gf_mul$func$/gate04-repo/asic/rtl/bch/bch_78_64_t2_v1.sv:282$1113.a[7:0]$3704
  3359/3952: $1\gf_mul$func$/gate04-repo/asic/rtl/bch/bch_78_64_t2_v1.sv:282$1113.b[6:0]$3705
  3360/3952: $1\gf_mul$func$/gate04-repo/asic/rtl/bch/bch_78_64_t2_v1.sv:282$1113.result[6:0]$3706
  3361/3952: $1\gf_mul$func$/gate04-repo/asic/rtl/bch/bch_78_64_t2_v1.sv:282$1113.right[6:0]$3703
  3362/3952: $1\gf_mul$func$/gate04-repo/asic/rtl/bch/bch_78_64_t2_v1.sv:282$1113.left[6:0]$3702
  3363/3952: $1\candidate_mask[77:0] [14]
  3364/3952: $1\gf_mul$func$/gate04-repo/asic/rtl/bch/bch_78_64_t2_v1.sv:283$1111.$result[6:0]$3694
  3365/3952: $1\gf_mul$func$/gate04-repo/asic/rtl/bch/bch_78_64_t2_v1.sv:283$1111.bit_index[31:0]$3700
  3366/3952: $1\gf_mul$func$/gate04-repo/asic/rtl/bch/bch_78_64_t2_v1.sv:283$1111.a[7:0]$3697
  3367/3952: $1\gf_mul$func$/gate04-repo/asic/rtl/bch/bch_78_64_t2_v1.sv:283$1111.b[6:0]$3698
  3368/3952: $1\gf_mul$func$/gate04-repo/asic/rtl/bch/bch_78_64_t2_v1.sv:283$1111.result[6:0]$3699
  3369/3952: $1\gf_mul$func$/gate04-repo/asic/rtl/bch/bch_78_64_t2_v1.sv:283$1111.right[6:0]$3696
  3370/3952: $1\gf_mul$func$/gate04-repo/asic/rtl/bch/bch_78_64_t2_v1.sv:283$1111.left[6:0]$3695
  3371/3952: $1\gf_mul$func$/gate04-repo/asic/rtl/bch/bch_78_64_t2_v1.sv:282$1110.$result[6:0]$3687
  3372/3952: $1\gf_mul$func$/gate04-repo/asic/rtl/bch/bch_78_64_t2_v1.sv:282$1110.bit_index[31:0]$3693
  3373/3952: $1\gf_mul$func$/gate04-repo/asic/rtl/bch/bch_78_64_t2_v1.sv:282$1110.a[7:0]$3690
  3374/3952: $1\gf_mul$func$/gate04-repo/asic/rtl/bch/bch_78_64_t2_v1.sv:282$1110.b[6:0]$3691
  3375/3952: $1\gf_mul$func$/gate04-repo/asic/rtl/bch/bch_78_64_t2_v1.sv:282$1110.result[6:0]$3692
  3376/3952: $1\gf_mul$func$/gate04-repo/asic/rtl/bch/bch_78_64_t2_v1.sv:282$1110.right[6:0]$3689
  3377/3952: $1\gf_mul$func$/gate04-repo/asic/rtl/bch/bch_78_64_t2_v1.sv:282$1110.left[6:0]$3688
  3378/3952: $1\candidate_mask[77:0] [13]
  3379/3952: $1\gf_mul$func$/gate04-repo/asic/rtl/bch/bch_78_64_t2_v1.sv:283$1108.$result[6:0]$3680
  3380/3952: $1\gf_mul$func$/gate04-repo/asic/rtl/bch/bch_78_64_t2_v1.sv:283$1108.bit_index[31:0]$3686
  3381/3952: $1\gf_mul$func$/gate04-repo/asic/rtl/bch/bch_78_64_t2_v1.sv:283$1108.a[7:0]$3683
  3382/3952: $1\gf_mul$func$/gate04-repo/asic/rtl/bch/bch_78_64_t2_v1.sv:283$1108.b[6:0]$3684
  3383/3952: $1\gf_mul$func$/gate04-repo/asic/rtl/bch/bch_78_64_t2_v1.sv:283$1108.result[6:0]$3685
  3384/3952: $1\gf_mul$func$/gate04-repo/asic/rtl/bch/bch_78_64_t2_v1.sv:283$1108.right[6:0]$3682
  3385/3952: $1\gf_mul$func$/gate04-repo/asic/rtl/bch/bch_78_64_t2_v1.sv:283$1108.left[6:0]$3681
  3386/3952: $1\gf_mul$func$/gate04-repo/asic/rtl/bch/bch_78_64_t2_v1.sv:282$1107.$result[6:0]$3673
  3387/3952: $1\gf_mul$func$/gate04-repo/asic/rtl/bch/bch_78_64_t2_v1.sv:282$1107.bit_index[31:0]$3679
  3388/3952: $1\gf_mul$func$/gate04-repo/asic/rtl/bch/bch_78_64_t2_v1.sv:282$1107.a[7:0]$3676
  3389/3952: $1\gf_mul$func$/gate04-repo/asic/rtl/bch/bch_78_64_t2_v1.sv:282$1107.b[6:0]$3677
  3390/3952: $1\gf_mul$func$/gate04-repo/asic/rtl/bch/bch_78_64_t2_v1.sv:282$1107.result[6:0]$3678
  3391/3952: $1\gf_mul$func$/gate04-repo/asic/rtl/bch/bch_78_64_t2_v1.sv:282$1107.right[6:0]$3675
  3392/3952: $1\gf_mul$func$/gate04-repo/asic/rtl/bch/bch_78_64_t2_v1.sv:282$1107.left[6:0]$3674
  3393/3952: $1\candidate_mask[77:0] [12]
  3394/3952: $1\gf_mul$func$/gate04-repo/asic/rtl/bch/bch_78_64_t2_v1.sv:283$1105.$result[6:0]$3666
  3395/3952: $1\gf_mul$func$/gate04-repo/asic/rtl/bch/bch_78_64_t2_v1.sv:283$1105.bit_index[31:0]$3672
  3396/3952: $1\gf_mul$func$/gate04-repo/asic/rtl/bch/bch_78_64_t2_v1.sv:283$1105.a[7:0]$3669
  3397/3952: $1\gf_mul$func$/gate04-repo/asic/rtl/bch/bch_78_64_t2_v1.sv:283$1105.b[6:0]$3670
  3398/3952: $1\gf_mul$func$/gate04-repo/asic/rtl/bch/bch_78_64_t2_v1.sv:283$1105.result[6:0]$3671
  3399/3952: $1\gf_mul$func$/gate04-repo/asic/rtl/bch/bch_78_64_t2_v1.sv:283$1105.right[6:0]$3668
  3400/3952: $1\gf_mul$func$/gate04-repo/asic/rtl/bch/bch_78_64_t2_v1.sv:283$1105.left[6:0]$3667
  3401/3952: $1\gf_mul$func$/gate04-repo/asic/rtl/bch/bch_78_64_t2_v1.sv:282$1104.$result[6:0]$3659
  3402/3952: $1\gf_mul$func$/gate04-repo/asic/rtl/bch/bch_78_64_t2_v1.sv:282$1104.bit_index[31:0]$3665
  3403/3952: $1\gf_mul$func$/gate04-repo/asic/rtl/bch/bch_78_64_t2_v1.sv:282$1104.a[7:0]$3662
  3404/3952: $1\gf_mul$func$/gate04-repo/asic/rtl/bch/bch_78_64_t2_v1.sv:282$1104.b[6:0]$3663
  3405/3952: $1\gf_mul$func$/gate04-repo/asic/rtl/bch/bch_78_64_t2_v1.sv:282$1104.result[6:0]$3664
  3406/3952: $1\gf_mul$func$/gate04-repo/asic/rtl/bch/bch_78_64_t2_v1.sv:282$1104.right[6:0]$3661
  3407/3952: $1\gf_mul$func$/gate04-repo/asic/rtl/bch/bch_78_64_t2_v1.sv:282$1104.left[6:0]$3660
  3408/3952: $1\candidate_mask[77:0] [11]
  3409/3952: $1\gf_mul$func$/gate04-repo/asic/rtl/bch/bch_78_64_t2_v1.sv:283$1102.$result[6:0]$3652
  3410/3952: $1\gf_mul$func$/gate04-repo/asic/rtl/bch/bch_78_64_t2_v1.sv:283$1102.bit_index[31:0]$3658
  3411/3952: $1\gf_mul$func$/gate04-repo/asic/rtl/bch/bch_78_64_t2_v1.sv:283$1102.a[7:0]$3655
  3412/3952: $1\gf_mul$func$/gate04-repo/asic/rtl/bch/bch_78_64_t2_v1.sv:283$1102.b[6:0]$3656
  3413/3952: $1\gf_mul$func$/gate04-repo/asic/rtl/bch/bch_78_64_t2_v1.sv:283$1102.result[6:0]$3657
  3414/3952: $1\gf_mul$func$/gate04-repo/asic/rtl/bch/bch_78_64_t2_v1.sv:283$1102.right[6:0]$3654
  3415/3952: $1\gf_mul$func$/gate04-repo/asic/rtl/bch/bch_78_64_t2_v1.sv:283$1102.left[6:0]$3653
  3416/3952: $1\gf_mul$func$/gate04-repo/asic/rtl/bch/bch_78_64_t2_v1.sv:282$1101.$result[6:0]$3645
  3417/3952: $1\gf_mul$func$/gate04-repo/asic/rtl/bch/bch_78_64_t2_v1.sv:282$1101.bit_index[31:0]$3651
  3418/3952: $1\gf_mul$func$/gate04-repo/asic/rtl/bch/bch_78_64_t2_v1.sv:282$1101.a[7:0]$3648
  3419/3952: $1\gf_mul$func$/gate04-repo/asic/rtl/bch/bch_78_64_t2_v1.sv:282$1101.b[6:0]$3649
  3420/3952: $1\gf_mul$func$/gate04-repo/asic/rtl/bch/bch_78_64_t2_v1.sv:282$1101.result[6:0]$3650
  3421/3952: $1\gf_mul$func$/gate04-repo/asic/rtl/bch/bch_78_64_t2_v1.sv:282$1101.right[6:0]$3647
  3422/3952: $1\gf_mul$func$/gate04-repo/asic/rtl/bch/bch_78_64_t2_v1.sv:282$1101.left[6:0]$3646
  3423/3952: $1\candidate_mask[77:0] [10]
  3424/3952: $1\gf_mul$func$/gate04-repo/asic/rtl/bch/bch_78_64_t2_v1.sv:283$1099.$result[6:0]$3638
  3425/3952: $1\gf_mul$func$/gate04-repo/asic/rtl/bch/bch_78_64_t2_v1.sv:283$1099.bit_index[31:0]$3644
  3426/3952: $1\gf_mul$func$/gate04-repo/asic/rtl/bch/bch_78_64_t2_v1.sv:283$1099.a[7:0]$3641
  3427/3952: $1\gf_mul$func$/gate04-repo/asic/rtl/bch/bch_78_64_t2_v1.sv:283$1099.b[6:0]$3642
  3428/3952: $1\gf_mul$func$/gate04-repo/asic/rtl/bch/bch_78_64_t2_v1.sv:283$1099.result[6:0]$3643
  3429/3952: $1\gf_mul$func$/gate04-repo/asic/rtl/bch/bch_78_64_t2_v1.sv:283$1099.right[6:0]$3640
  3430/3952: $1\gf_mul$func$/gate04-repo/asic/rtl/bch/bch_78_64_t2_v1.sv:283$1099.left[6:0]$3639
  3431/3952: $1\gf_mul$func$/gate04-repo/asic/rtl/bch/bch_78_64_t2_v1.sv:282$1098.$result[6:0]$3631
  3432/3952: $1\gf_mul$func$/gate04-repo/asic/rtl/bch/bch_78_64_t2_v1.sv:282$1098.bit_index[31:0]$3637
  3433/3952: $1\gf_mul$func$/gate04-repo/asic/rtl/bch/bch_78_64_t2_v1.sv:282$1098.a[7:0]$3634
  3434/3952: $1\gf_mul$func$/gate04-repo/asic/rtl/bch/bch_78_64_t2_v1.sv:282$1098.b[6:0]$3635
  3435/3952: $1\gf_mul$func$/gate04-repo/asic/rtl/bch/bch_78_64_t2_v1.sv:282$1098.result[6:0]$3636
  3436/3952: $1\gf_mul$func$/gate04-repo/asic/rtl/bch/bch_78_64_t2_v1.sv:282$1098.right[6:0]$3633
  3437/3952: $1\gf_mul$func$/gate04-repo/asic/rtl/bch/bch_78_64_t2_v1.sv:282$1098.left[6:0]$3632
  3438/3952: $1\candidate_mask[77:0] [9]
  3439/3952: $1\gf_mul$func$/gate04-repo/asic/rtl/bch/bch_78_64_t2_v1.sv:283$1096.$result[6:0]$3624
  3440/3952: $1\gf_mul$func$/gate04-repo/asic/rtl/bch/bch_78_64_t2_v1.sv:283$1096.bit_index[31:0]$3630
  3441/3952: $1\gf_mul$func$/gate04-repo/asic/rtl/bch/bch_78_64_t2_v1.sv:283$1096.a[7:0]$3627
  3442/3952: $1\gf_mul$func$/gate04-repo/asic/rtl/bch/bch_78_64_t2_v1.sv:283$1096.b[6:0]$3628
  3443/3952: $1\gf_mul$func$/gate04-repo/asic/rtl/bch/bch_78_64_t2_v1.sv:283$1096.result[6:0]$3629
  3444/3952: $1\gf_mul$func$/gate04-repo/asic/rtl/bch/bch_78_64_t2_v1.sv:283$1096.right[6:0]$3626
  3445/3952: $1\gf_mul$func$/gate04-repo/asic/rtl/bch/bch_78_64_t2_v1.sv:283$1096.left[6:0]$3625
  3446/3952: $1\gf_mul$func$/gate04-repo/asic/rtl/bch/bch_78_64_t2_v1.sv:282$1095.$result[6:0]$3617
  3447/3952: $1\gf_mul$func$/gate04-repo/asic/rtl/bch/bch_78_64_t2_v1.sv:282$1095.bit_index[31:0]$3623
  3448/3952: $1\gf_mul$func$/gate04-repo/asic/rtl/bch/bch_78_64_t2_v1.sv:282$1095.a[7:0]$3620
  3449/3952: $1\gf_mul$func$/gate04-repo/asic/rtl/bch/bch_78_64_t2_v1.sv:282$1095.b[6:0]$3621
  3450/3952: $1\gf_mul$func$/gate04-repo/asic/rtl/bch/bch_78_64_t2_v1.sv:282$1095.result[6:0]$3622
  3451/3952: $1\gf_mul$func$/gate04-repo/asic/rtl/bch/bch_78_64_t2_v1.sv:282$1095.right[6:0]$3619
  3452/3952: $1\gf_mul$func$/gate04-repo/asic/rtl/bch/bch_78_64_t2_v1.sv:282$1095.left[6:0]$3618
  3453/3952: $1\candidate_mask[77:0] [8]
  3454/3952: $1\gf_mul$func$/gate04-repo/asic/rtl/bch/bch_78_64_t2_v1.sv:283$1093.$result[6:0]$3610
  3455/3952: $1\gf_mul$func$/gate04-repo/asic/rtl/bch/bch_78_64_t2_v1.sv:283$1093.bit_index[31:0]$3616
  3456/3952: $1\gf_mul$func$/gate04-repo/asic/rtl/bch/bch_78_64_t2_v1.sv:283$1093.a[7:0]$3613
  3457/3952: $1\gf_mul$func$/gate04-repo/asic/rtl/bch/bch_78_64_t2_v1.sv:283$1093.b[6:0]$3614
  3458/3952: $1\gf_mul$func$/gate04-repo/asic/rtl/bch/bch_78_64_t2_v1.sv:283$1093.result[6:0]$3615
  3459/3952: $1\gf_mul$func$/gate04-repo/asic/rtl/bch/bch_78_64_t2_v1.sv:283$1093.right[6:0]$3612
  3460/3952: $1\gf_mul$func$/gate04-repo/asic/rtl/bch/bch_78_64_t2_v1.sv:283$1093.left[6:0]$3611
  3461/3952: $1\gf_mul$func$/gate04-repo/asic/rtl/bch/bch_78_64_t2_v1.sv:282$1092.$result[6:0]$3603
  3462/3952: $1\gf_mul$func$/gate04-repo/asic/rtl/bch/bch_78_64_t2_v1.sv:282$1092.bit_index[31:0]$3609
  3463/3952: $1\gf_mul$func$/gate04-repo/asic/rtl/bch/bch_78_64_t2_v1.sv:282$1092.a[7:0]$3606
  3464/3952: $1\gf_mul$func$/gate04-repo/asic/rtl/bch/bch_78_64_t2_v1.sv:282$1092.b[6:0]$3607
  3465/3952: $1\gf_mul$func$/gate04-repo/asic/rtl/bch/bch_78_64_t2_v1.sv:282$1092.result[6:0]$3608
  3466/3952: $1\gf_mul$func$/gate04-repo/asic/rtl/bch/bch_78_64_t2_v1.sv:282$1092.right[6:0]$3605
  3467/3952: $1\gf_mul$func$/gate04-repo/asic/rtl/bch/bch_78_64_t2_v1.sv:282$1092.left[6:0]$3604
  3468/3952: $1\candidate_mask[77:0] [7]
  3469/3952: $1\gf_mul$func$/gate04-repo/asic/rtl/bch/bch_78_64_t2_v1.sv:283$1090.$result[6:0]$3596
  3470/3952: $1\gf_mul$func$/gate04-repo/asic/rtl/bch/bch_78_64_t2_v1.sv:283$1090.bit_index[31:0]$3602
  3471/3952: $1\gf_mul$func$/gate04-repo/asic/rtl/bch/bch_78_64_t2_v1.sv:283$1090.a[7:0]$3599
  3472/3952: $1\gf_mul$func$/gate04-repo/asic/rtl/bch/bch_78_64_t2_v1.sv:283$1090.b[6:0]$3600
  3473/3952: $1\gf_mul$func$/gate04-repo/asic/rtl/bch/bch_78_64_t2_v1.sv:283$1090.result[6:0]$3601
  3474/3952: $1\gf_mul$func$/gate04-repo/asic/rtl/bch/bch_78_64_t2_v1.sv:283$1090.right[6:0]$3598
  3475/3952: $1\gf_mul$func$/gate04-repo/asic/rtl/bch/bch_78_64_t2_v1.sv:283$1090.left[6:0]$3597
  3476/3952: $1\gf_mul$func$/gate04-repo/asic/rtl/bch/bch_78_64_t2_v1.sv:282$1089.$result[6:0]$3589
  3477/3952: $1\gf_mul$func$/gate04-repo/asic/rtl/bch/bch_78_64_t2_v1.sv:282$1089.bit_index[31:0]$3595
  3478/3952: $1\gf_mul$func$/gate04-repo/asic/rtl/bch/bch_78_64_t2_v1.sv:282$1089.a[7:0]$3592
  3479/3952: $1\gf_mul$func$/gate04-repo/asic/rtl/bch/bch_78_64_t2_v1.sv:282$1089.b[6:0]$3593
  3480/3952: $1\gf_mul$func$/gate04-repo/asic/rtl/bch/bch_78_64_t2_v1.sv:282$1089.result[6:0]$3594
  3481/3952: $1\gf_mul$func$/gate04-repo/asic/rtl/bch/bch_78_64_t2_v1.sv:282$1089.right[6:0]$3591
  3482/3952: $1\gf_mul$func$/gate04-repo/asic/rtl/bch/bch_78_64_t2_v1.sv:282$1089.left[6:0]$3590
  3483/3952: $1\candidate_mask[77:0] [6]
  3484/3952: $1\gf_mul$func$/gate04-repo/asic/rtl/bch/bch_78_64_t2_v1.sv:283$1087.$result[6:0]$3582
  3485/3952: $1\gf_mul$func$/gate04-repo/asic/rtl/bch/bch_78_64_t2_v1.sv:283$1087.bit_index[31:0]$3588
  3486/3952: $1\gf_mul$func$/gate04-repo/asic/rtl/bch/bch_78_64_t2_v1.sv:283$1087.a[7:0]$3585
  3487/3952: $1\gf_mul$func$/gate04-repo/asic/rtl/bch/bch_78_64_t2_v1.sv:283$1087.b[6:0]$3586
  3488/3952: $1\gf_mul$func$/gate04-repo/asic/rtl/bch/bch_78_64_t2_v1.sv:283$1087.result[6:0]$3587
  3489/3952: $1\gf_mul$func$/gate04-repo/asic/rtl/bch/bch_78_64_t2_v1.sv:283$1087.right[6:0]$3584
  3490/3952: $1\gf_mul$func$/gate04-repo/asic/rtl/bch/bch_78_64_t2_v1.sv:283$1087.left[6:0]$3583
  3491/3952: $1\gf_mul$func$/gate04-repo/asic/rtl/bch/bch_78_64_t2_v1.sv:282$1086.$result[6:0]$3575
  3492/3952: $1\gf_mul$func$/gate04-repo/asic/rtl/bch/bch_78_64_t2_v1.sv:282$1086.bit_index[31:0]$3581
  3493/3952: $1\gf_mul$func$/gate04-repo/asic/rtl/bch/bch_78_64_t2_v1.sv:282$1086.a[7:0]$3578
  3494/3952: $1\gf_mul$func$/gate04-repo/asic/rtl/bch/bch_78_64_t2_v1.sv:282$1086.b[6:0]$3579
  3495/3952: $1\gf_mul$func$/gate04-repo/asic/rtl/bch/bch_78_64_t2_v1.sv:282$1086.result[6:0]$3580
  3496/3952: $1\gf_mul$func$/gate04-repo/asic/rtl/bch/bch_78_64_t2_v1.sv:282$1086.right[6:0]$3577
  3497/3952: $1\gf_mul$func$/gate04-repo/asic/rtl/bch/bch_78_64_t2_v1.sv:282$1086.left[6:0]$3576
  3498/3952: $1\candidate_mask[77:0] [5]
  3499/3952: $1\gf_mul$func$/gate04-repo/asic/rtl/bch/bch_78_64_t2_v1.sv:283$1084.$result[6:0]$3568
  3500/3952: $1\gf_mul$func$/gate04-repo/asic/rtl/bch/bch_78_64_t2_v1.sv:283$1084.bit_index[31:0]$3574
  3501/3952: $1\gf_mul$func$/gate04-repo/asic/rtl/bch/bch_78_64_t2_v1.sv:283$1084.a[7:0]$3571
  3502/3952: $1\gf_mul$func$/gate04-repo/asic/rtl/bch/bch_78_64_t2_v1.sv:283$1084.b[6:0]$3572
  3503/3952: $1\gf_mul$func$/gate04-repo/asic/rtl/bch/bch_78_64_t2_v1.sv:283$1084.result[6:0]$3573
  3504/3952: $1\gf_mul$func$/gate04-repo/asic/rtl/bch/bch_78_64_t2_v1.sv:283$1084.right[6:0]$3570
  3505/3952: $1\gf_mul$func$/gate04-repo/asic/rtl/bch/bch_78_64_t2_v1.sv:283$1084.left[6:0]$3569
  3506/3952: $1\gf_mul$func$/gate04-repo/asic/rtl/bch/bch_78_64_t2_v1.sv:282$1083.$result[6:0]$3561
  3507/3952: $1\gf_mul$func$/gate04-repo/asic/rtl/bch/bch_78_64_t2_v1.sv:282$1083.bit_index[31:0]$3567
  3508/3952: $1\gf_mul$func$/gate04-repo/asic/rtl/bch/bch_78_64_t2_v1.sv:282$1083.a[7:0]$3564
  3509/3952: $1\gf_mul$func$/gate04-repo/asic/rtl/bch/bch_78_64_t2_v1.sv:282$1083.b[6:0]$3565
  3510/3952: $1\gf_mul$func$/gate04-repo/asic/rtl/bch/bch_78_64_t2_v1.sv:282$1083.result[6:0]$3566
  3511/3952: $1\gf_mul$func$/gate04-repo/asic/rtl/bch/bch_78_64_t2_v1.sv:282$1083.right[6:0]$3563
  3512/3952: $1\gf_mul$func$/gate04-repo/asic/rtl/bch/bch_78_64_t2_v1.sv:282$1083.left[6:0]$3562
  3513/3952: $1\candidate_mask[77:0] [4]
  3514/3952: $1\gf_mul$func$/gate04-repo/asic/rtl/bch/bch_78_64_t2_v1.sv:283$1081.$result[6:0]$3554
  3515/3952: $1\gf_mul$func$/gate04-repo/asic/rtl/bch/bch_78_64_t2_v1.sv:283$1081.bit_index[31:0]$3560
  3516/3952: $1\gf_mul$func$/gate04-repo/asic/rtl/bch/bch_78_64_t2_v1.sv:283$1081.a[7:0]$3557
  3517/3952: $1\gf_mul$func$/gate04-repo/asic/rtl/bch/bch_78_64_t2_v1.sv:283$1081.b[6:0]$3558
  3518/3952: $1\gf_mul$func$/gate04-repo/asic/rtl/bch/bch_78_64_t2_v1.sv:283$1081.result[6:0]$3559
  3519/3952: $1\gf_mul$func$/gate04-repo/asic/rtl/bch/bch_78_64_t2_v1.sv:283$1081.right[6:0]$3556
  3520/3952: $1\gf_mul$func$/gate04-repo/asic/rtl/bch/bch_78_64_t2_v1.sv:283$1081.left[6:0]$3555
  3521/3952: $1\gf_mul$func$/gate04-repo/asic/rtl/bch/bch_78_64_t2_v1.sv:282$1080.$result[6:0]$3547
  3522/3952: $1\gf_mul$func$/gate04-repo/asic/rtl/bch/bch_78_64_t2_v1.sv:282$1080.bit_index[31:0]$3553
  3523/3952: $1\gf_mul$func$/gate04-repo/asic/rtl/bch/bch_78_64_t2_v1.sv:282$1080.a[7:0]$3550
  3524/3952: $1\gf_mul$func$/gate04-repo/asic/rtl/bch/bch_78_64_t2_v1.sv:282$1080.b[6:0]$3551
  3525/3952: $1\gf_mul$func$/gate04-repo/asic/rtl/bch/bch_78_64_t2_v1.sv:282$1080.result[6:0]$3552
  3526/3952: $1\gf_mul$func$/gate04-repo/asic/rtl/bch/bch_78_64_t2_v1.sv:282$1080.right[6:0]$3549
  3527/3952: $1\gf_mul$func$/gate04-repo/asic/rtl/bch/bch_78_64_t2_v1.sv:282$1080.left[6:0]$3548
  3528/3952: $1\candidate_mask[77:0] [3]
  3529/3952: $1\gf_mul$func$/gate04-repo/asic/rtl/bch/bch_78_64_t2_v1.sv:283$1078.$result[6:0]$3540
  3530/3952: $1\gf_mul$func$/gate04-repo/asic/rtl/bch/bch_78_64_t2_v1.sv:283$1078.bit_index[31:0]$3546
  3531/3952: $1\gf_mul$func$/gate04-repo/asic/rtl/bch/bch_78_64_t2_v1.sv:283$1078.a[7:0]$3543
  3532/3952: $1\gf_mul$func$/gate04-repo/asic/rtl/bch/bch_78_64_t2_v1.sv:283$1078.b[6:0]$3544
  3533/3952: $1\gf_mul$func$/gate04-repo/asic/rtl/bch/bch_78_64_t2_v1.sv:283$1078.result[6:0]$3545
  3534/3952: $1\gf_mul$func$/gate04-repo/asic/rtl/bch/bch_78_64_t2_v1.sv:283$1078.right[6:0]$3542
  3535/3952: $1\gf_mul$func$/gate04-repo/asic/rtl/bch/bch_78_64_t2_v1.sv:283$1078.left[6:0]$3541
  3536/3952: $1\gf_mul$func$/gate04-repo/asic/rtl/bch/bch_78_64_t2_v1.sv:282$1077.$result[6:0]$3533
  3537/3952: $1\gf_mul$func$/gate04-repo/asic/rtl/bch/bch_78_64_t2_v1.sv:282$1077.bit_index[31:0]$3539
  3538/3952: $1\gf_mul$func$/gate04-repo/asic/rtl/bch/bch_78_64_t2_v1.sv:282$1077.a[7:0]$3536
  3539/3952: $1\gf_mul$func$/gate04-repo/asic/rtl/bch/bch_78_64_t2_v1.sv:282$1077.b[6:0]$3537
  3540/3952: $1\gf_mul$func$/gate04-repo/asic/rtl/bch/bch_78_64_t2_v1.sv:282$1077.result[6:0]$3538
  3541/3952: $1\gf_mul$func$/gate04-repo/asic/rtl/bch/bch_78_64_t2_v1.sv:282$1077.right[6:0]$3535
  3542/3952: $1\gf_mul$func$/gate04-repo/asic/rtl/bch/bch_78_64_t2_v1.sv:282$1077.left[6:0]$3534
  3543/3952: $1\candidate_mask[77:0] [2]
  3544/3952: $1\gf_mul$func$/gate04-repo/asic/rtl/bch/bch_78_64_t2_v1.sv:283$1075.$result[6:0]$3526
  3545/3952: $1\gf_mul$func$/gate04-repo/asic/rtl/bch/bch_78_64_t2_v1.sv:283$1075.bit_index[31:0]$3532
  3546/3952: $1\gf_mul$func$/gate04-repo/asic/rtl/bch/bch_78_64_t2_v1.sv:283$1075.a[7:0]$3529
  3547/3952: $1\gf_mul$func$/gate04-repo/asic/rtl/bch/bch_78_64_t2_v1.sv:283$1075.b[6:0]$3530
  3548/3952: $1\gf_mul$func$/gate04-repo/asic/rtl/bch/bch_78_64_t2_v1.sv:283$1075.result[6:0]$3531
  3549/3952: $1\gf_mul$func$/gate04-repo/asic/rtl/bch/bch_78_64_t2_v1.sv:283$1075.right[6:0]$3528
  3550/3952: $1\gf_mul$func$/gate04-repo/asic/rtl/bch/bch_78_64_t2_v1.sv:283$1075.left[6:0]$3527
  3551/3952: $1\gf_mul$func$/gate04-repo/asic/rtl/bch/bch_78_64_t2_v1.sv:282$1074.$result[6:0]$3519
  3552/3952: $1\gf_mul$func$/gate04-repo/asic/rtl/bch/bch_78_64_t2_v1.sv:282$1074.bit_index[31:0]$3525
  3553/3952: $1\gf_mul$func$/gate04-repo/asic/rtl/bch/bch_78_64_t2_v1.sv:282$1074.a[7:0]$3522
  3554/3952: $1\gf_mul$func$/gate04-repo/asic/rtl/bch/bch_78_64_t2_v1.sv:282$1074.b[6:0]$3523
  3555/3952: $1\gf_mul$func$/gate04-repo/asic/rtl/bch/bch_78_64_t2_v1.sv:282$1074.result[6:0]$3524
  3556/3952: $1\gf_mul$func$/gate04-repo/asic/rtl/bch/bch_78_64_t2_v1.sv:282$1074.right[6:0]$3521
  3557/3952: $1\gf_mul$func$/gate04-repo/asic/rtl/bch/bch_78_64_t2_v1.sv:282$1074.left[6:0]$3520
  3558/3952: $1\candidate_mask[77:0] [1]
  3559/3952: $1\gf_mul$func$/gate04-repo/asic/rtl/bch/bch_78_64_t2_v1.sv:283$1072.$result[6:0]$3512
  3560/3952: $1\gf_mul$func$/gate04-repo/asic/rtl/bch/bch_78_64_t2_v1.sv:283$1072.bit_index[31:0]$3518
  3561/3952: $1\gf_mul$func$/gate04-repo/asic/rtl/bch/bch_78_64_t2_v1.sv:283$1072.a[7:0]$3515
  3562/3952: $1\gf_mul$func$/gate04-repo/asic/rtl/bch/bch_78_64_t2_v1.sv:283$1072.b[6:0]$3516
  3563/3952: $1\gf_mul$func$/gate04-repo/asic/rtl/bch/bch_78_64_t2_v1.sv:283$1072.result[6:0]$3517
  3564/3952: $1\gf_mul$func$/gate04-repo/asic/rtl/bch/bch_78_64_t2_v1.sv:283$1072.right[6:0]$3514
  3565/3952: $1\gf_mul$func$/gate04-repo/asic/rtl/bch/bch_78_64_t2_v1.sv:283$1072.left[6:0]$3513
  3566/3952: $1\gf_mul$func$/gate04-repo/asic/rtl/bch/bch_78_64_t2_v1.sv:282$1071.$result[6:0]$3505
  3567/3952: $1\gf_mul$func$/gate04-repo/asic/rtl/bch/bch_78_64_t2_v1.sv:282$1071.bit_index[31:0]$3511
  3568/3952: $1\gf_mul$func$/gate04-repo/asic/rtl/bch/bch_78_64_t2_v1.sv:282$1071.a[7:0]$3508
  3569/3952: $1\gf_mul$func$/gate04-repo/asic/rtl/bch/bch_78_64_t2_v1.sv:282$1071.b[6:0]$3509
  3570/3952: $1\gf_mul$func$/gate04-repo/asic/rtl/bch/bch_78_64_t2_v1.sv:282$1071.result[6:0]$3510
  3571/3952: $1\gf_mul$func$/gate04-repo/asic/rtl/bch/bch_78_64_t2_v1.sv:282$1071.right[6:0]$3507
  3572/3952: $1\gf_mul$func$/gate04-repo/asic/rtl/bch/bch_78_64_t2_v1.sv:282$1071.left[6:0]$3506
  3573/3952: $1\candidate_mask[77:0] [0]
  3574/3952: $1\gf_mul$func$/gate04-repo/asic/rtl/bch/bch_78_64_t2_v1.sv:283$1069.$result[6:0]$3498
  3575/3952: $1\gf_mul$func$/gate04-repo/asic/rtl/bch/bch_78_64_t2_v1.sv:283$1069.bit_index[31:0]$3504
  3576/3952: $1\gf_mul$func$/gate04-repo/asic/rtl/bch/bch_78_64_t2_v1.sv:283$1069.a[7:0]$3501
  3577/3952: $1\gf_mul$func$/gate04-repo/asic/rtl/bch/bch_78_64_t2_v1.sv:283$1069.b[6:0]$3502
  3578/3952: $1\gf_mul$func$/gate04-repo/asic/rtl/bch/bch_78_64_t2_v1.sv:283$1069.result[6:0]$3503
  3579/3952: $1\gf_mul$func$/gate04-repo/asic/rtl/bch/bch_78_64_t2_v1.sv:283$1069.right[6:0]$3500
  3580/3952: $1\gf_mul$func$/gate04-repo/asic/rtl/bch/bch_78_64_t2_v1.sv:283$1069.left[6:0]$3499
  3581/3952: $1\gf_mul$func$/gate04-repo/asic/rtl/bch/bch_78_64_t2_v1.sv:282$1068.$result[6:0]$3491
  3582/3952: $1\gf_mul$func$/gate04-repo/asic/rtl/bch/bch_78_64_t2_v1.sv:282$1068.bit_index[31:0]$3497
  3583/3952: $1\gf_mul$func$/gate04-repo/asic/rtl/bch/bch_78_64_t2_v1.sv:282$1068.a[7:0]$3494
  3584/3952: $1\gf_mul$func$/gate04-repo/asic/rtl/bch/bch_78_64_t2_v1.sv:282$1068.b[6:0]$3495
  3585/3952: $1\gf_mul$func$/gate04-repo/asic/rtl/bch/bch_78_64_t2_v1.sv:282$1068.result[6:0]$3496
  3586/3952: $1\gf_mul$func$/gate04-repo/asic/rtl/bch/bch_78_64_t2_v1.sv:282$1068.right[6:0]$3493
  3587/3952: $1\gf_mul$func$/gate04-repo/asic/rtl/bch/bch_78_64_t2_v1.sv:282$1068.left[6:0]$3492
  3588/3952: $79\root_count[31:0]
  3589/3952: $1\gf_mul$func$/gate04-repo/asic/rtl/bch/bch_78_64_t2_v1.sv:283$1066.$result[6:0]$3484
  3590/3952: $1\gf_mul$func$/gate04-repo/asic/rtl/bch/bch_78_64_t2_v1.sv:283$1066.bit_index[31:0]$3490
  3591/3952: $1\gf_mul$func$/gate04-repo/asic/rtl/bch/bch_78_64_t2_v1.sv:283$1066.a[7:0]$3487
  3592/3952: $1\gf_mul$func$/gate04-repo/asic/rtl/bch/bch_78_64_t2_v1.sv:283$1066.b[6:0]$3488
  3593/3952: $1\gf_mul$func$/gate04-repo/asic/rtl/bch/bch_78_64_t2_v1.sv:283$1066.result[6:0]$3489
  3594/3952: $1\gf_mul$func$/gate04-repo/asic/rtl/bch/bch_78_64_t2_v1.sv:283$1066.right[6:0]$3486
  3595/3952: $1\gf_mul$func$/gate04-repo/asic/rtl/bch/bch_78_64_t2_v1.sv:283$1066.left[6:0]$3485
  3596/3952: $1\gf_mul$func$/gate04-repo/asic/rtl/bch/bch_78_64_t2_v1.sv:282$1065.$result[6:0]$3477
  3597/3952: $1\gf_mul$func$/gate04-repo/asic/rtl/bch/bch_78_64_t2_v1.sv:282$1065.bit_index[31:0]$3483
  3598/3952: $1\gf_mul$func$/gate04-repo/asic/rtl/bch/bch_78_64_t2_v1.sv:282$1065.a[7:0]$3480
  3599/3952: $1\gf_mul$func$/gate04-repo/asic/rtl/bch/bch_78_64_t2_v1.sv:282$1065.b[6:0]$3481
  3600/3952: $1\gf_mul$func$/gate04-repo/asic/rtl/bch/bch_78_64_t2_v1.sv:282$1065.result[6:0]$3482
  3601/3952: $1\gf_mul$func$/gate04-repo/asic/rtl/bch/bch_78_64_t2_v1.sv:282$1065.right[6:0]$3479
  3602/3952: $1\gf_mul$func$/gate04-repo/asic/rtl/bch/bch_78_64_t2_v1.sv:282$1065.left[6:0]$3478
  3603/3952: $7\gf_mul$func$/gate04-repo/asic/rtl/bch/bch_78_64_t2_v1.sv:272$1050.a[7:0]$3472
  3604/3952: $7\gf_mul$func$/gate04-repo/asic/rtl/bch/bch_78_64_t2_v1.sv:272$1050.result[6:0]$3468
  3605/3952: $6\gf_mul$func$/gate04-repo/asic/rtl/bch/bch_78_64_t2_v1.sv:272$1050.a[7:0]$3466
  3606/3952: $6\gf_mul$func$/gate04-repo/asic/rtl/bch/bch_78_64_t2_v1.sv:272$1050.result[6:0]$3462
  3607/3952: $5\gf_mul$func$/gate04-repo/asic/rtl/bch/bch_78_64_t2_v1.sv:272$1050.a[7:0]$3460
  3608/3952: $5\gf_mul$func$/gate04-repo/asic/rtl/bch/bch_78_64_t2_v1.sv:272$1050.result[6:0]$3456
  3609/3952: $4\gf_mul$func$/gate04-repo/asic/rtl/bch/bch_78_64_t2_v1.sv:272$1050.a[7:0]$3454
  3610/3952: $4\gf_mul$func$/gate04-repo/asic/rtl/bch/bch_78_64_t2_v1.sv:272$1050.result[6:0]$3450
  3611/3952: $3\gf_mul$func$/gate04-repo/asic/rtl/bch/bch_78_64_t2_v1.sv:272$1050.a[7:0]$3448
  3612/3952: $3\gf_mul$func$/gate04-repo/asic/rtl/bch/bch_78_64_t2_v1.sv:272$1050.result[6:0]$3444
  3613/3952: $2\gf_mul$func$/gate04-repo/asic/rtl/bch/bch_78_64_t2_v1.sv:272$1050.a[7:0]$3442
  3614/3952: $2\gf_mul$func$/gate04-repo/asic/rtl/bch/bch_78_64_t2_v1.sv:272$1050.result[6:0]$3438
  3615/3952: $1\gf_mul$func$/gate04-repo/asic/rtl/bch/bch_78_64_t2_v1.sv:272$1050.a[7:0]$3436
  3616/3952: $1\gf_mul$func$/gate04-repo/asic/rtl/bch/bch_78_64_t2_v1.sv:272$1050.result[6:0]$3432
  3617/3952: $7\gf_mul$func$/gate04-repo/asic/rtl/bch/bch_78_64_t2_v1.sv:71$1063.a[7:0]$3427
  3618/3952: $7\gf_mul$func$/gate04-repo/asic/rtl/bch/bch_78_64_t2_v1.sv:71$1063.result[6:0]$3423
  3619/3952: $6\gf_mul$func$/gate04-repo/asic/rtl/bch/bch_78_64_t2_v1.sv:71$1063.a[7:0]$3421
  3620/3952: $6\gf_mul$func$/gate04-repo/asic/rtl/bch/bch_78_64_t2_v1.sv:71$1063.result[6:0]$3417
  3621/3952: $5\gf_mul$func$/gate04-repo/asic/rtl/bch/bch_78_64_t2_v1.sv:71$1063.a[7:0]$3415
  3622/3952: $5\gf_mul$func$/gate04-repo/asic/rtl/bch/bch_78_64_t2_v1.sv:71$1063.result[6:0]$3411
  3623/3952: $4\gf_mul$func$/gate04-repo/asic/rtl/bch/bch_78_64_t2_v1.sv:71$1063.a[7:0]$3409
  3624/3952: $4\gf_mul$func$/gate04-repo/asic/rtl/bch/bch_78_64_t2_v1.sv:71$1063.result[6:0]$3405
  3625/3952: $3\gf_mul$func$/gate04-repo/asic/rtl/bch/bch_78_64_t2_v1.sv:71$1063.a[7:0]$3403
  3626/3952: $3\gf_mul$func$/gate04-repo/asic/rtl/bch/bch_78_64_t2_v1.sv:71$1063.result[6:0]$3399
  3627/3952: $2\gf_mul$func$/gate04-repo/asic/rtl/bch/bch_78_64_t2_v1.sv:71$1063.a[7:0]$3397
  3628/3952: $2\gf_mul$func$/gate04-repo/asic/rtl/bch/bch_78_64_t2_v1.sv:71$1063.result[6:0]$3393
  3629/3952: $1\gf_mul$func$/gate04-repo/asic/rtl/bch/bch_78_64_t2_v1.sv:71$1063.a[7:0]$3391
  3630/3952: $1\gf_mul$func$/gate04-repo/asic/rtl/bch/bch_78_64_t2_v1.sv:71$1063.result[6:0]$3387
  3631/3952: $8\gf_mul$func$/gate04-repo/asic/rtl/bch/bch_78_64_t2_v1.sv:70$1062.a[7:0]$3385
  3632/3952: $8\gf_mul$func$/gate04-repo/asic/rtl/bch/bch_78_64_t2_v1.sv:70$1062.result[6:0]$3381
  3633/3952: $7\gf_mul$func$/gate04-repo/asic/rtl/bch/bch_78_64_t2_v1.sv:70$1062.a[7:0]$3379
  3634/3952: $7\gf_mul$func$/gate04-repo/asic/rtl/bch/bch_78_64_t2_v1.sv:70$1062.result[6:0]$3375
  3635/3952: $6\gf_mul$func$/gate04-repo/asic/rtl/bch/bch_78_64_t2_v1.sv:70$1062.a[7:0]$3373
  3636/3952: $6\gf_mul$func$/gate04-repo/asic/rtl/bch/bch_78_64_t2_v1.sv:70$1062.result[6:0]$3369
  3637/3952: $5\gf_mul$func$/gate04-repo/asic/rtl/bch/bch_78_64_t2_v1.sv:70$1062.a[7:0]$3367
  3638/3952: $5\gf_mul$func$/gate04-repo/asic/rtl/bch/bch_78_64_t2_v1.sv:70$1062.result[6:0]$3363
  3639/3952: $4\gf_mul$func$/gate04-repo/asic/rtl/bch/bch_78_64_t2_v1.sv:70$1062.a[7:0]$3361
  3640/3952: $4\gf_mul$func$/gate04-repo/asic/rtl/bch/bch_78_64_t2_v1.sv:70$1062.result[6:0]$3357
  3641/3952: $3\gf_mul$func$/gate04-repo/asic/rtl/bch/bch_78_64_t2_v1.sv:70$1062.a[7:0]$3355
  3642/3952: $3\gf_mul$func$/gate04-repo/asic/rtl/bch/bch_78_64_t2_v1.sv:70$1062.result[6:0]$3351
  3643/3952: $2\gf_mul$func$/gate04-repo/asic/rtl/bch/bch_78_64_t2_v1.sv:70$1062.a[7:0]$3349
  3644/3952: $2\gf_mul$func$/gate04-repo/asic/rtl/bch/bch_78_64_t2_v1.sv:70$1062.result[6:0]$3345
  3645/3952: $6\gf_inverse$func$/gate04-repo/asic/rtl/bch/bch_78_64_t2_v1.sv:272$1049.result[6:0]$3337
  3646/3952: $1\gf_mul$func$/gate04-repo/asic/rtl/bch/bch_78_64_t2_v1.sv:70$1062.$result[6:0]$3338
  3647/3952: $1\gf_mul$func$/gate04-repo/asic/rtl/bch/bch_78_64_t2_v1.sv:70$1062.bit_index[31:0]$3344
  3648/3952: $1\gf_mul$func$/gate04-repo/asic/rtl/bch/bch_78_64_t2_v1.sv:70$1062.a[7:0]$3341
  3649/3952: $1\gf_mul$func$/gate04-repo/asic/rtl/bch/bch_78_64_t2_v1.sv:70$1062.b[6:0]$3342
  3650/3952: $1\gf_mul$func$/gate04-repo/asic/rtl/bch/bch_78_64_t2_v1.sv:70$1062.result[6:0]$3343
  3651/3952: $1\gf_mul$func$/gate04-repo/asic/rtl/bch/bch_78_64_t2_v1.sv:70$1062.right[6:0]$3340
  3652/3952: $1\gf_mul$func$/gate04-repo/asic/rtl/bch/bch_78_64_t2_v1.sv:70$1062.left[6:0]$3339
  3653/3952: $7\gf_mul$func$/gate04-repo/asic/rtl/bch/bch_78_64_t2_v1.sv:71$1061.a[7:0]$3335
  3654/3952: $7\gf_mul$func$/gate04-repo/asic/rtl/bch/bch_78_64_t2_v1.sv:71$1061.result[6:0]$3331
  3655/3952: $6\gf_mul$func$/gate04-repo/asic/rtl/bch/bch_78_64_t2_v1.sv:71$1061.a[7:0]$3329
  3656/3952: $6\gf_mul$func$/gate04-repo/asic/rtl/bch/bch_78_64_t2_v1.sv:71$1061.result[6:0]$3325
  3657/3952: $5\gf_mul$func$/gate04-repo/asic/rtl/bch/bch_78_64_t2_v1.sv:71$1061.a[7:0]$3323
  3658/3952: $5\gf_mul$func$/gate04-repo/asic/rtl/bch/bch_78_64_t2_v1.sv:71$1061.result[6:0]$3319
  3659/3952: $4\gf_mul$func$/gate04-repo/asic/rtl/bch/bch_78_64_t2_v1.sv:71$1061.a[7:0]$3317
  3660/3952: $4\gf_mul$func$/gate04-repo/asic/rtl/bch/bch_78_64_t2_v1.sv:71$1061.result[6:0]$3313
  3661/3952: $3\gf_mul$func$/gate04-repo/asic/rtl/bch/bch_78_64_t2_v1.sv:71$1061.a[7:0]$3311
  3662/3952: $3\gf_mul$func$/gate04-repo/asic/rtl/bch/bch_78_64_t2_v1.sv:71$1061.result[6:0]$3307
  3663/3952: $2\gf_mul$func$/gate04-repo/asic/rtl/bch/bch_78_64_t2_v1.sv:71$1061.a[7:0]$3305
  3664/3952: $2\gf_mul$func$/gate04-repo/asic/rtl/bch/bch_78_64_t2_v1.sv:71$1061.result[6:0]$3301
  3665/3952: $1\gf_mul$func$/gate04-repo/asic/rtl/bch/bch_78_64_t2_v1.sv:71$1061.a[7:0]$3299
  3666/3952: $1\gf_mul$func$/gate04-repo/asic/rtl/bch/bch_78_64_t2_v1.sv:71$1061.result[6:0]$3295
  3667/3952: $8\gf_mul$func$/gate04-repo/asic/rtl/bch/bch_78_64_t2_v1.sv:70$1060.a[7:0]$3293
  3668/3952: $8\gf_mul$func$/gate04-repo/asic/rtl/bch/bch_78_64_t2_v1.sv:70$1060.result[6:0]$3289
  3669/3952: $7\gf_mul$func$/gate04-repo/asic/rtl/bch/bch_78_64_t2_v1.sv:70$1060.a[7:0]$3287
  3670/3952: $7\gf_mul$func$/gate04-repo/asic/rtl/bch/bch_78_64_t2_v1.sv:70$1060.result[6:0]$3283
  3671/3952: $6\gf_mul$func$/gate04-repo/asic/rtl/bch/bch_78_64_t2_v1.sv:70$1060.a[7:0]$3281
  3672/3952: $6\gf_mul$func$/gate04-repo/asic/rtl/bch/bch_78_64_t2_v1.sv:70$1060.result[6:0]$3277
  3673/3952: $5\gf_mul$func$/gate04-repo/asic/rtl/bch/bch_78_64_t2_v1.sv:70$1060.a[7:0]$3275
  3674/3952: $5\gf_mul$func$/gate04-repo/asic/rtl/bch/bch_78_64_t2_v1.sv:70$1060.result[6:0]$3271
  3675/3952: $4\gf_mul$func$/gate04-repo/asic/rtl/bch/bch_78_64_t2_v1.sv:70$1060.a[7:0]$3269
  3676/3952: $4\gf_mul$func$/gate04-repo/asic/rtl/bch/bch_78_64_t2_v1.sv:70$1060.result[6:0]$3265
  3677/3952: $3\gf_mul$func$/gate04-repo/asic/rtl/bch/bch_78_64_t2_v1.sv:70$1060.a[7:0]$3263
  3678/3952: $3\gf_mul$func$/gate04-repo/asic/rtl/bch/bch_78_64_t2_v1.sv:70$1060.result[6:0]$3259
  3679/3952: $2\gf_mul$func$/gate04-repo/asic/rtl/bch/bch_78_64_t2_v1.sv:70$1060.a[7:0]$3257
  3680/3952: $2\gf_mul$func$/gate04-repo/asic/rtl/bch/bch_78_64_t2_v1.sv:70$1060.result[6:0]$3253
  3681/3952: $5\gf_inverse$func$/gate04-repo/asic/rtl/bch/bch_78_64_t2_v1.sv:272$1049.result[6:0]$3245
  3682/3952: $1\gf_mul$func$/gate04-repo/asic/rtl/bch/bch_78_64_t2_v1.sv:70$1060.$result[6:0]$3246
  3683/3952: $1\gf_mul$func$/gate04-repo/asic/rtl/bch/bch_78_64_t2_v1.sv:70$1060.bit_index[31:0]$3252
  3684/3952: $1\gf_mul$func$/gate04-repo/asic/rtl/bch/bch_78_64_t2_v1.sv:70$1060.a[7:0]$3249
  3685/3952: $1\gf_mul$func$/gate04-repo/asic/rtl/bch/bch_78_64_t2_v1.sv:70$1060.b[6:0]$3250
  3686/3952: $1\gf_mul$func$/gate04-repo/asic/rtl/bch/bch_78_64_t2_v1.sv:70$1060.result[6:0]$3251
  3687/3952: $1\gf_mul$func$/gate04-repo/asic/rtl/bch/bch_78_64_t2_v1.sv:70$1060.right[6:0]$3248
  3688/3952: $1\gf_mul$func$/gate04-repo/asic/rtl/bch/bch_78_64_t2_v1.sv:70$1060.left[6:0]$3247
  3689/3952: $7\gf_mul$func$/gate04-repo/asic/rtl/bch/bch_78_64_t2_v1.sv:71$1059.a[7:0]$3243
  3690/3952: $7\gf_mul$func$/gate04-repo/asic/rtl/bch/bch_78_64_t2_v1.sv:71$1059.result[6:0]$3239
  3691/3952: $6\gf_mul$func$/gate04-repo/asic/rtl/bch/bch_78_64_t2_v1.sv:71$1059.a[7:0]$3237
  3692/3952: $6\gf_mul$func$/gate04-repo/asic/rtl/bch/bch_78_64_t2_v1.sv:71$1059.result[6:0]$3233
  3693/3952: $5\gf_mul$func$/gate04-repo/asic/rtl/bch/bch_78_64_t2_v1.sv:71$1059.a[7:0]$3231
  3694/3952: $5\gf_mul$func$/gate04-repo/asic/rtl/bch/bch_78_64_t2_v1.sv:71$1059.result[6:0]$3227
  3695/3952: $4\gf_mul$func$/gate04-repo/asic/rtl/bch/bch_78_64_t2_v1.sv:71$1059.a[7:0]$3225
  3696/3952: $4\gf_mul$func$/gate04-repo/asic/rtl/bch/bch_78_64_t2_v1.sv:71$1059.result[6:0]$3221
  3697/3952: $3\gf_mul$func$/gate04-repo/asic/rtl/bch/bch_78_64_t2_v1.sv:71$1059.a[7:0]$3219
  3698/3952: $3\gf_mul$func$/gate04-repo/asic/rtl/bch/bch_78_64_t2_v1.sv:71$1059.result[6:0]$3215
  3699/3952: $2\gf_mul$func$/gate04-repo/asic/rtl/bch/bch_78_64_t2_v1.sv:71$1059.a[7:0]$3213
  3700/3952: $2\gf_mul$func$/gate04-repo/asic/rtl/bch/bch_78_64_t2_v1.sv:71$1059.result[6:0]$3209
  3701/3952: $1\gf_mul$func$/gate04-repo/asic/rtl/bch/bch_78_64_t2_v1.sv:71$1059.a[7:0]$3207
  3702/3952: $1\gf_mul$func$/gate04-repo/asic/rtl/bch/bch_78_64_t2_v1.sv:71$1059.result[6:0]$3203
  3703/3952: $8\gf_mul$func$/gate04-repo/asic/rtl/bch/bch_78_64_t2_v1.sv:70$1058.a[7:0]$3201
  3704/3952: $8\gf_mul$func$/gate04-repo/asic/rtl/bch/bch_78_64_t2_v1.sv:70$1058.result[6:0]$3197
  3705/3952: $7\gf_mul$func$/gate04-repo/asic/rtl/bch/bch_78_64_t2_v1.sv:70$1058.a[7:0]$3195
  3706/3952: $7\gf_mul$func$/gate04-repo/asic/rtl/bch/bch_78_64_t2_v1.sv:70$1058.result[6:0]$3191
  3707/3952: $6\gf_mul$func$/gate04-repo/asic/rtl/bch/bch_78_64_t2_v1.sv:70$1058.a[7:0]$3189
  3708/3952: $6\gf_mul$func$/gate04-repo/asic/rtl/bch/bch_78_64_t2_v1.sv:70$1058.result[6:0]$3185
  3709/3952: $5\gf_mul$func$/gate04-repo/asic/rtl/bch/bch_78_64_t2_v1.sv:70$1058.a[7:0]$3183
  3710/3952: $5\gf_mul$func$/gate04-repo/asic/rtl/bch/bch_78_64_t2_v1.sv:70$1058.result[6:0]$3179
  3711/3952: $4\gf_mul$func$/gate04-repo/asic/rtl/bch/bch_78_64_t2_v1.sv:70$1058.a[7:0]$3177
  3712/3952: $4\gf_mul$func$/gate04-repo/asic/rtl/bch/bch_78_64_t2_v1.sv:70$1058.result[6:0]$3173
  3713/3952: $3\gf_mul$func$/gate04-repo/asic/rtl/bch/bch_78_64_t2_v1.sv:70$1058.a[7:0]$3171
  3714/3952: $3\gf_mul$func$/gate04-repo/asic/rtl/bch/bch_78_64_t2_v1.sv:70$1058.result[6:0]$3167
  3715/3952: $2\gf_mul$func$/gate04-repo/asic/rtl/bch/bch_78_64_t2_v1.sv:70$1058.a[7:0]$3165
  3716/3952: $2\gf_mul$func$/gate04-repo/asic/rtl/bch/bch_78_64_t2_v1.sv:70$1058.result[6:0]$3161
  3717/3952: $4\gf_inverse$func$/gate04-repo/asic/rtl/bch/bch_78_64_t2_v1.sv:272$1049.result[6:0]$3153
  3718/3952: $1\gf_mul$func$/gate04-repo/asic/rtl/bch/bch_78_64_t2_v1.sv:70$1058.$result[6:0]$3154
  3719/3952: $1\gf_mul$func$/gate04-repo/asic/rtl/bch/bch_78_64_t2_v1.sv:70$1058.bit_index[31:0]$3160
  3720/3952: $1\gf_mul$func$/gate04-repo/asic/rtl/bch/bch_78_64_t2_v1.sv:70$1058.a[7:0]$3157
  3721/3952: $1\gf_mul$func$/gate04-repo/asic/rtl/bch/bch_78_64_t2_v1.sv:70$1058.b[6:0]$3158
  3722/3952: $1\gf_mul$func$/gate04-repo/asic/rtl/bch/bch_78_64_t2_v1.sv:70$1058.result[6:0]$3159
  3723/3952: $1\gf_mul$func$/gate04-repo/asic/rtl/bch/bch_78_64_t2_v1.sv:70$1058.right[6:0]$3156
  3724/3952: $1\gf_mul$func$/gate04-repo/asic/rtl/bch/bch_78_64_t2_v1.sv:70$1058.left[6:0]$3155
  3725/3952: $7\gf_mul$func$/gate04-repo/asic/rtl/bch/bch_78_64_t2_v1.sv:71$1057.a[7:0]$3151
  3726/3952: $7\gf_mul$func$/gate04-repo/asic/rtl/bch/bch_78_64_t2_v1.sv:71$1057.result[6:0]$3147
  3727/3952: $6\gf_mul$func$/gate04-repo/asic/rtl/bch/bch_78_64_t2_v1.sv:71$1057.a[7:0]$3145
  3728/3952: $6\gf_mul$func$/gate04-repo/asic/rtl/bch/bch_78_64_t2_v1.sv:71$1057.result[6:0]$3141
  3729/3952: $5\gf_mul$func$/gate04-repo/asic/rtl/bch/bch_78_64_t2_v1.sv:71$1057.a[7:0]$3139
  3730/3952: $5\gf_mul$func$/gate04-repo/asic/rtl/bch/bch_78_64_t2_v1.sv:71$1057.result[6:0]$3135
  3731/3952: $4\gf_mul$func$/gate04-repo/asic/rtl/bch/bch_78_64_t2_v1.sv:71$1057.a[7:0]$3133
  3732/3952: $4\gf_mul$func$/gate04-repo/asic/rtl/bch/bch_78_64_t2_v1.sv:71$1057.result[6:0]$3129
  3733/3952: $3\gf_mul$func$/gate04-repo/asic/rtl/bch/bch_78_64_t2_v1.sv:71$1057.a[7:0]$3127
  3734/3952: $3\gf_mul$func$/gate04-repo/asic/rtl/bch/bch_78_64_t2_v1.sv:71$1057.result[6:0]$3123
  3735/3952: $2\gf_mul$func$/gate04-repo/asic/rtl/bch/bch_78_64_t2_v1.sv:71$1057.a[7:0]$3121
  3736/3952: $2\gf_mul$func$/gate04-repo/asic/rtl/bch/bch_78_64_t2_v1.sv:71$1057.result[6:0]$3117
  3737/3952: $1\gf_mul$func$/gate04-repo/asic/rtl/bch/bch_78_64_t2_v1.sv:71$1057.a[7:0]$3115
  3738/3952: $1\gf_mul$func$/gate04-repo/asic/rtl/bch/bch_78_64_t2_v1.sv:71$1057.result[6:0]$3111
  3739/3952: $8\gf_mul$func$/gate04-repo/asic/rtl/bch/bch_78_64_t2_v1.sv:70$1056.a[7:0]$3109
  3740/3952: $8\gf_mul$func$/gate04-repo/asic/rtl/bch/bch_78_64_t2_v1.sv:70$1056.result[6:0]$3105
  3741/3952: $7\gf_mul$func$/gate04-repo/asic/rtl/bch/bch_78_64_t2_v1.sv:70$1056.a[7:0]$3103
  3742/3952: $7\gf_mul$func$/gate04-repo/asic/rtl/bch/bch_78_64_t2_v1.sv:70$1056.result[6:0]$3099
  3743/3952: $6\gf_mul$func$/gate04-repo/asic/rtl/bch/bch_78_64_t2_v1.sv:70$1056.a[7:0]$3097
  3744/3952: $6\gf_mul$func$/gate04-repo/asic/rtl/bch/bch_78_64_t2_v1.sv:70$1056.result[6:0]$3093
  3745/3952: $5\gf_mul$func$/gate04-repo/asic/rtl/bch/bch_78_64_t2_v1.sv:70$1056.a[7:0]$3091
  3746/3952: $5\gf_mul$func$/gate04-repo/asic/rtl/bch/bch_78_64_t2_v1.sv:70$1056.result[6:0]$3087
  3747/3952: $4\gf_mul$func$/gate04-repo/asic/rtl/bch/bch_78_64_t2_v1.sv:70$1056.a[7:0]$3085
  3748/3952: $4\gf_mul$func$/gate04-repo/asic/rtl/bch/bch_78_64_t2_v1.sv:70$1056.result[6:0]$3081
  3749/3952: $3\gf_mul$func$/gate04-repo/asic/rtl/bch/bch_78_64_t2_v1.sv:70$1056.a[7:0]$3079
  3750/3952: $3\gf_mul$func$/gate04-repo/asic/rtl/bch/bch_78_64_t2_v1.sv:70$1056.result[6:0]$3075
  3751/3952: $2\gf_mul$func$/gate04-repo/asic/rtl/bch/bch_78_64_t2_v1.sv:70$1056.a[7:0]$3073
  3752/3952: $2\gf_mul$func$/gate04-repo/asic/rtl/bch/bch_78_64_t2_v1.sv:70$1056.result[6:0]$3069
  3753/3952: $3\gf_inverse$func$/gate04-repo/asic/rtl/bch/bch_78_64_t2_v1.sv:272$1049.result[6:0]$3061
  3754/3952: $1\gf_mul$func$/gate04-repo/asic/rtl/bch/bch_78_64_t2_v1.sv:70$1056.$result[6:0]$3062
  3755/3952: $1\gf_mul$func$/gate04-repo/asic/rtl/bch/bch_78_64_t2_v1.sv:70$1056.bit_index[31:0]$3068
  3756/3952: $1\gf_mul$func$/gate04-repo/asic/rtl/bch/bch_78_64_t2_v1.sv:70$1056.a[7:0]$3065
  3757/3952: $1\gf_mul$func$/gate04-repo/asic/rtl/bch/bch_78_64_t2_v1.sv:70$1056.b[6:0]$3066
  3758/3952: $1\gf_mul$func$/gate04-repo/asic/rtl/bch/bch_78_64_t2_v1.sv:70$1056.result[6:0]$3067
  3759/3952: $1\gf_mul$func$/gate04-repo/asic/rtl/bch/bch_78_64_t2_v1.sv:70$1056.right[6:0]$3064
  3760/3952: $1\gf_mul$func$/gate04-repo/asic/rtl/bch/bch_78_64_t2_v1.sv:70$1056.left[6:0]$3063
  3761/3952: $7\gf_mul$func$/gate04-repo/asic/rtl/bch/bch_78_64_t2_v1.sv:71$1055.a[7:0]$3059
  3762/3952: $7\gf_mul$func$/gate04-repo/asic/rtl/bch/bch_78_64_t2_v1.sv:71$1055.result[6:0]$3055
  3763/3952: $6\gf_mul$func$/gate04-repo/asic/rtl/bch/bch_78_64_t2_v1.sv:71$1055.a[7:0]$3053
  3764/3952: $6\gf_mul$func$/gate04-repo/asic/rtl/bch/bch_78_64_t2_v1.sv:71$1055.result[6:0]$3049
  3765/3952: $5\gf_mul$func$/gate04-repo/asic/rtl/bch/bch_78_64_t2_v1.sv:71$1055.a[7:0]$3047
  3766/3952: $5\gf_mul$func$/gate04-repo/asic/rtl/bch/bch_78_64_t2_v1.sv:71$1055.result[6:0]$3043
  3767/3952: $4\gf_mul$func$/gate04-repo/asic/rtl/bch/bch_78_64_t2_v1.sv:71$1055.a[7:0]$3041
  3768/3952: $4\gf_mul$func$/gate04-repo/asic/rtl/bch/bch_78_64_t2_v1.sv:71$1055.result[6:0]$3037
  3769/3952: $3\gf_mul$func$/gate04-repo/asic/rtl/bch/bch_78_64_t2_v1.sv:71$1055.a[7:0]$3035
  3770/3952: $3\gf_mul$func$/gate04-repo/asic/rtl/bch/bch_78_64_t2_v1.sv:71$1055.result[6:0]$3031
  3771/3952: $2\gf_mul$func$/gate04-repo/asic/rtl/bch/bch_78_64_t2_v1.sv:71$1055.a[7:0]$3029
  3772/3952: $2\gf_mul$func$/gate04-repo/asic/rtl/bch/bch_78_64_t2_v1.sv:71$1055.result[6:0]$3025
  3773/3952: $1\gf_mul$func$/gate04-repo/asic/rtl/bch/bch_78_64_t2_v1.sv:71$1055.a[7:0]$3023
  3774/3952: $1\gf_mul$func$/gate04-repo/asic/rtl/bch/bch_78_64_t2_v1.sv:71$1055.result[6:0]$3019
  3775/3952: $8\gf_mul$func$/gate04-repo/asic/rtl/bch/bch_78_64_t2_v1.sv:70$1054.a[7:0]$3017
  3776/3952: $8\gf_mul$func$/gate04-repo/asic/rtl/bch/bch_78_64_t2_v1.sv:70$1054.result[6:0]$3013
  3777/3952: $7\gf_mul$func$/gate04-repo/asic/rtl/bch/bch_78_64_t2_v1.sv:70$1054.a[7:0]$3011
  3778/3952: $7\gf_mul$func$/gate04-repo/asic/rtl/bch/bch_78_64_t2_v1.sv:70$1054.result[6:0]$3007
  3779/3952: $6\gf_mul$func$/gate04-repo/asic/rtl/bch/bch_78_64_t2_v1.sv:70$1054.a[7:0]$3005
  3780/3952: $6\gf_mul$func$/gate04-repo/asic/rtl/bch/bch_78_64_t2_v1.sv:70$1054.result[6:0]$3001
  3781/3952: $5\gf_mul$func$/gate04-repo/asic/rtl/bch/bch_78_64_t2_v1.sv:70$1054.a[7:0]$2999
  3782/3952: $5\gf_mul$func$/gate04-repo/asic/rtl/bch/bch_78_64_t2_v1.sv:70$1054.result[6:0]$2995
  3783/3952: $4\gf_mul$func$/gate04-repo/asic/rtl/bch/bch_78_64_t2_v1.sv:70$1054.a[7:0]$2993
  3784/3952: $4\gf_mul$func$/gate04-repo/asic/rtl/bch/bch_78_64_t2_v1.sv:70$1054.result[6:0]$2989
  3785/3952: $3\gf_mul$func$/gate04-repo/asic/rtl/bch/bch_78_64_t2_v1.sv:70$1054.a[7:0]$2987
  3786/3952: $3\gf_mul$func$/gate04-repo/asic/rtl/bch/bch_78_64_t2_v1.sv:70$1054.result[6:0]$2983
  3787/3952: $2\gf_mul$func$/gate04-repo/asic/rtl/bch/bch_78_64_t2_v1.sv:70$1054.a[7:0]$2981
  3788/3952: $2\gf_mul$func$/gate04-repo/asic/rtl/bch/bch_78_64_t2_v1.sv:70$1054.result[6:0]$2977
  3789/3952: $2\gf_inverse$func$/gate04-repo/asic/rtl/bch/bch_78_64_t2_v1.sv:272$1049.result[6:0]$2969
  3790/3952: $1\gf_mul$func$/gate04-repo/asic/rtl/bch/bch_78_64_t2_v1.sv:70$1054.$result[6:0]$2970
  3791/3952: $1\gf_mul$func$/gate04-repo/asic/rtl/bch/bch_78_64_t2_v1.sv:70$1054.bit_index[31:0]$2976
  3792/3952: $1\gf_mul$func$/gate04-repo/asic/rtl/bch/bch_78_64_t2_v1.sv:70$1054.a[7:0]$2973
  3793/3952: $1\gf_mul$func$/gate04-repo/asic/rtl/bch/bch_78_64_t2_v1.sv:70$1054.b[6:0]$2974
  3794/3952: $1\gf_mul$func$/gate04-repo/asic/rtl/bch/bch_78_64_t2_v1.sv:70$1054.result[6:0]$2975
  3795/3952: $1\gf_mul$func$/gate04-repo/asic/rtl/bch/bch_78_64_t2_v1.sv:70$1054.right[6:0]$2972
  3796/3952: $1\gf_mul$func$/gate04-repo/asic/rtl/bch/bch_78_64_t2_v1.sv:70$1054.left[6:0]$2971
  3797/3952: $7\gf_mul$func$/gate04-repo/asic/rtl/bch/bch_78_64_t2_v1.sv:71$1053.a[7:0]$2967
  3798/3952: $7\gf_mul$func$/gate04-repo/asic/rtl/bch/bch_78_64_t2_v1.sv:71$1053.result[6:0]$2963
  3799/3952: $6\gf_mul$func$/gate04-repo/asic/rtl/bch/bch_78_64_t2_v1.sv:71$1053.a[7:0]$2961
  3800/3952: $6\gf_mul$func$/gate04-repo/asic/rtl/bch/bch_78_64_t2_v1.sv:71$1053.result[6:0]$2957
  3801/3952: $5\gf_mul$func$/gate04-repo/asic/rtl/bch/bch_78_64_t2_v1.sv:71$1053.a[7:0]$2955
  3802/3952: $5\gf_mul$func$/gate04-repo/asic/rtl/bch/bch_78_64_t2_v1.sv:71$1053.result[6:0]$2951
  3803/3952: $4\gf_mul$func$/gate04-repo/asic/rtl/bch/bch_78_64_t2_v1.sv:71$1053.a[7:0]$2949
  3804/3952: $4\gf_mul$func$/gate04-repo/asic/rtl/bch/bch_78_64_t2_v1.sv:71$1053.result[6:0]$2945
  3805/3952: $3\gf_mul$func$/gate04-repo/asic/rtl/bch/bch_78_64_t2_v1.sv:71$1053.a[7:0]$2943
  3806/3952: $3\gf_mul$func$/gate04-repo/asic/rtl/bch/bch_78_64_t2_v1.sv:71$1053.result[6:0]$2939
  3807/3952: $2\gf_mul$func$/gate04-repo/asic/rtl/bch/bch_78_64_t2_v1.sv:71$1053.a[7:0]$2937
  3808/3952: $2\gf_mul$func$/gate04-repo/asic/rtl/bch/bch_78_64_t2_v1.sv:71$1053.result[6:0]$2933
  3809/3952: $1\gf_mul$func$/gate04-repo/asic/rtl/bch/bch_78_64_t2_v1.sv:71$1053.a[7:0]$2931
  3810/3952: $1\gf_mul$func$/gate04-repo/asic/rtl/bch/bch_78_64_t2_v1.sv:71$1053.result[6:0]$2927
  3811/3952: $8\gf_mul$func$/gate04-repo/asic/rtl/bch/bch_78_64_t2_v1.sv:70$1052.a[7:0]$2925
  3812/3952: $8\gf_mul$func$/gate04-repo/asic/rtl/bch/bch_78_64_t2_v1.sv:70$1052.result[6:0]$2921
  3813/3952: $7\gf_mul$func$/gate04-repo/asic/rtl/bch/bch_78_64_t2_v1.sv:70$1052.a[7:0]$2919
  3814/3952: $7\gf_mul$func$/gate04-repo/asic/rtl/bch/bch_78_64_t2_v1.sv:70$1052.result[6:0]$2915
  3815/3952: $6\gf_mul$func$/gate04-repo/asic/rtl/bch/bch_78_64_t2_v1.sv:70$1052.a[7:0]$2913
  3816/3952: $6\gf_mul$func$/gate04-repo/asic/rtl/bch/bch_78_64_t2_v1.sv:70$1052.result[6:0]$2909
  3817/3952: $5\gf_mul$func$/gate04-repo/asic/rtl/bch/bch_78_64_t2_v1.sv:70$1052.a[7:0]$2907
  3818/3952: $5\gf_mul$func$/gate04-repo/asic/rtl/bch/bch_78_64_t2_v1.sv:70$1052.result[6:0]$2903
  3819/3952: $4\gf_mul$func$/gate04-repo/asic/rtl/bch/bch_78_64_t2_v1.sv:70$1052.a[7:0]$2901
  3820/3952: $4\gf_mul$func$/gate04-repo/asic/rtl/bch/bch_78_64_t2_v1.sv:70$1052.result[6:0]$2897
  3821/3952: $3\gf_mul$func$/gate04-repo/asic/rtl/bch/bch_78_64_t2_v1.sv:70$1052.a[7:0]$2895
  3822/3952: $3\gf_mul$func$/gate04-repo/asic/rtl/bch/bch_78_64_t2_v1.sv:70$1052.result[6:0]$2891
  3823/3952: $2\gf_mul$func$/gate04-repo/asic/rtl/bch/bch_78_64_t2_v1.sv:70$1052.a[7:0]$2889
  3824/3952: $2\gf_mul$func$/gate04-repo/asic/rtl/bch/bch_78_64_t2_v1.sv:70$1052.result[6:0]$2885
  3825/3952: $1\gf_inverse$func$/gate04-repo/asic/rtl/bch/bch_78_64_t2_v1.sv:272$1049.result[6:0]$2877
  3826/3952: $1\gf_mul$func$/gate04-repo/asic/rtl/bch/bch_78_64_t2_v1.sv:70$1052.$result[6:0]$2878
  3827/3952: $1\gf_mul$func$/gate04-repo/asic/rtl/bch/bch_78_64_t2_v1.sv:70$1052.bit_index[31:0]$2884
  3828/3952: $1\gf_mul$func$/gate04-repo/asic/rtl/bch/bch_78_64_t2_v1.sv:70$1052.a[7:0]$2881
  3829/3952: $1\gf_mul$func$/gate04-repo/asic/rtl/bch/bch_78_64_t2_v1.sv:70$1052.b[6:0]$2882
  3830/3952: $1\gf_mul$func$/gate04-repo/asic/rtl/bch/bch_78_64_t2_v1.sv:70$1052.result[6:0]$2883
  3831/3952: $1\gf_mul$func$/gate04-repo/asic/rtl/bch/bch_78_64_t2_v1.sv:70$1052.right[6:0]$2880
  3832/3952: $1\gf_mul$func$/gate04-repo/asic/rtl/bch/bch_78_64_t2_v1.sv:70$1052.left[6:0]$2879
  3833/3952: $7\gf_mul$func$/gate04-repo/asic/rtl/bch/bch_78_64_t2_v1.sv:71$1051.a[7:0]$2875
  3834/3952: $7\gf_mul$func$/gate04-repo/asic/rtl/bch/bch_78_64_t2_v1.sv:71$1051.result[6:0]$2871
  3835/3952: $6\gf_mul$func$/gate04-repo/asic/rtl/bch/bch_78_64_t2_v1.sv:71$1051.a[7:0]$2869
  3836/3952: $6\gf_mul$func$/gate04-repo/asic/rtl/bch/bch_78_64_t2_v1.sv:71$1051.result[6:0]$2865
  3837/3952: $5\gf_mul$func$/gate04-repo/asic/rtl/bch/bch_78_64_t2_v1.sv:71$1051.a[7:0]$2863
  3838/3952: $5\gf_mul$func$/gate04-repo/asic/rtl/bch/bch_78_64_t2_v1.sv:71$1051.result[6:0]$2859
  3839/3952: $4\gf_mul$func$/gate04-repo/asic/rtl/bch/bch_78_64_t2_v1.sv:71$1051.a[7:0]$2857
  3840/3952: $4\gf_mul$func$/gate04-repo/asic/rtl/bch/bch_78_64_t2_v1.sv:71$1051.result[6:0]$2853
  3841/3952: $3\gf_mul$func$/gate04-repo/asic/rtl/bch/bch_78_64_t2_v1.sv:71$1051.a[7:0]$2851
  3842/3952: $3\gf_mul$func$/gate04-repo/asic/rtl/bch/bch_78_64_t2_v1.sv:71$1051.result[6:0]$2847
  3843/3952: $2\gf_mul$func$/gate04-repo/asic/rtl/bch/bch_78_64_t2_v1.sv:71$1051.a[7:0]$2845
  3844/3952: $2\gf_mul$func$/gate04-repo/asic/rtl/bch/bch_78_64_t2_v1.sv:71$1051.result[6:0]$2841
  3845/3952: $1\gf_mul$func$/gate04-repo/asic/rtl/bch/bch_78_64_t2_v1.sv:71$1051.a[7:0]$2839
  3846/3952: $1\gf_mul$func$/gate04-repo/asic/rtl/bch/bch_78_64_t2_v1.sv:71$1051.result[6:0]$2835
  3847/3952: $7\gf_mul$func$/gate04-repo/asic/rtl/bch/bch_78_64_t2_v1.sv:271$1048.a[7:0]$2833
  3848/3952: $7\gf_mul$func$/gate04-repo/asic/rtl/bch/bch_78_64_t2_v1.sv:271$1048.result[6:0]$2829
  3849/3952: $6\gf_mul$func$/gate04-repo/asic/rtl/bch/bch_78_64_t2_v1.sv:271$1048.a[7:0]$2827
  3850/3952: $6\gf_mul$func$/gate04-repo/asic/rtl/bch/bch_78_64_t2_v1.sv:271$1048.result[6:0]$2823
  3851/3952: $5\gf_mul$func$/gate04-repo/asic/rtl/bch/bch_78_64_t2_v1.sv:271$1048.a[7:0]$2821
  3852/3952: $5\gf_mul$func$/gate04-repo/asic/rtl/bch/bch_78_64_t2_v1.sv:271$1048.result[6:0]$2817
  3853/3952: $4\gf_mul$func$/gate04-repo/asic/rtl/bch/bch_78_64_t2_v1.sv:271$1048.a[7:0]$2815
  3854/3952: $4\gf_mul$func$/gate04-repo/asic/rtl/bch/bch_78_64_t2_v1.sv:271$1048.result[6:0]$2811
  3855/3952: $3\gf_mul$func$/gate04-repo/asic/rtl/bch/bch_78_64_t2_v1.sv:271$1048.a[7:0]$2809
  3856/3952: $3\gf_mul$func$/gate04-repo/asic/rtl/bch/bch_78_64_t2_v1.sv:271$1048.result[6:0]$2805
  3857/3952: $2\gf_mul$func$/gate04-repo/asic/rtl/bch/bch_78_64_t2_v1.sv:271$1048.a[7:0]$2803
  3858/3952: $2\gf_mul$func$/gate04-repo/asic/rtl/bch/bch_78_64_t2_v1.sv:271$1048.result[6:0]$2799
  3859/3952: $1\gf_mul$func$/gate04-repo/asic/rtl/bch/bch_78_64_t2_v1.sv:271$1048.a[7:0]$2797
  3860/3952: $1\gf_mul$func$/gate04-repo/asic/rtl/bch/bch_78_64_t2_v1.sv:271$1048.result[6:0]$2793
  3861/3952: $7\gf_mul$func$/gate04-repo/asic/rtl/bch/bch_78_64_t2_v1.sv:270$1047.a[7:0]$2791
  3862/3952: $7\gf_mul$func$/gate04-repo/asic/rtl/bch/bch_78_64_t2_v1.sv:270$1047.result[6:0]$2787
  3863/3952: $6\gf_mul$func$/gate04-repo/asic/rtl/bch/bch_78_64_t2_v1.sv:270$1047.a[7:0]$2785
  3864/3952: $6\gf_mul$func$/gate04-repo/asic/rtl/bch/bch_78_64_t2_v1.sv:270$1047.result[6:0]$2781
  3865/3952: $5\gf_mul$func$/gate04-repo/asic/rtl/bch/bch_78_64_t2_v1.sv:270$1047.a[7:0]$2779
  3866/3952: $5\gf_mul$func$/gate04-repo/asic/rtl/bch/bch_78_64_t2_v1.sv:270$1047.result[6:0]$2775
  3867/3952: $4\gf_mul$func$/gate04-repo/asic/rtl/bch/bch_78_64_t2_v1.sv:270$1047.a[7:0]$2773
  3868/3952: $4\gf_mul$func$/gate04-repo/asic/rtl/bch/bch_78_64_t2_v1.sv:270$1047.result[6:0]$2769
  3869/3952: $3\gf_mul$func$/gate04-repo/asic/rtl/bch/bch_78_64_t2_v1.sv:270$1047.a[7:0]$2767
  3870/3952: $3\gf_mul$func$/gate04-repo/asic/rtl/bch/bch_78_64_t2_v1.sv:270$1047.result[6:0]$2763
  3871/3952: $2\gf_mul$func$/gate04-repo/asic/rtl/bch/bch_78_64_t2_v1.sv:270$1047.a[7:0]$2761
  3872/3952: $2\gf_mul$func$/gate04-repo/asic/rtl/bch/bch_78_64_t2_v1.sv:270$1047.result[6:0]$2757
  3873/3952: $1\gf_mul$func$/gate04-repo/asic/rtl/bch/bch_78_64_t2_v1.sv:270$1047.a[7:0]$2755
  3874/3952: $1\gf_mul$func$/gate04-repo/asic/rtl/bch/bch_78_64_t2_v1.sv:270$1047.result[6:0]$2751
  3875/3952: $78\calculate_syndrome$func$/gate04-repo/asic/rtl/bch/bch_78_64_t2_v1.sv:266$968.packed_syndrome[27:0]$2749
  3876/3952: $77\calculate_syndrome$func$/gate04-repo/asic/rtl/bch/bch_78_64_t2_v1.sv:266$968.packed_syndrome[27:0]$2747
  3877/3952: $76\calculate_syndrome$func$/gate04-repo/asic/rtl/bch/bch_78_64_t2_v1.sv:266$968.packed_syndrome[27:0]$2745
  3878/3952: $75\calculate_syndrome$func$/gate04-repo/asic/rtl/bch/bch_78_64_t2_v1.sv:266$968.packed_syndrome[27:0]$2743
  3879/3952: $74\calculate_syndrome$func$/gate04-repo/asic/rtl/bch/bch_78_64_t2_v1.sv:266$968.packed_syndrome[27:0]$2741
  3880/3952: $73\calculate_syndrome$func$/gate04-repo/asic/rtl/bch/bch_78_64_t2_v1.sv:266$968.packed_syndrome[27:0]$2739
  3881/3952: $72\calculate_syndrome$func$/gate04-repo/asic/rtl/bch/bch_78_64_t2_v1.sv:266$968.packed_syndrome[27:0]$2737
  3882/3952: $71\calculate_syndrome$func$/gate04-repo/asic/rtl/bch/bch_78_64_t2_v1.sv:266$968.packed_syndrome[27:0]$2735
  3883/3952: $70\calculate_syndrome$func$/gate04-repo/asic/rtl/bch/bch_78_64_t2_v1.sv:266$968.packed_syndrome[27:0]$2733
  3884/3952: $69\calculate_syndrome$func$/gate04-repo/asic/rtl/bch/bch_78_64_t2_v1.sv:266$968.packed_syndrome[27:0]$2731
  3885/3952: $68\calculate_syndrome$func$/gate04-repo/asic/rtl/bch/bch_78_64_t2_v1.sv:266$968.packed_syndrome[27:0]$2729
  3886/3952: $67\calculate_syndrome$func$/gate04-repo/asic/rtl/bch/bch_78_64_t2_v1.sv:266$968.packed_syndrome[27:0]$2727
  3887/3952: $66\calculate_syndrome$func$/gate04-repo/asic/rtl/bch/bch_78_64_t2_v1.sv:266$968.packed_syndrome[27:0]$2725
  3888/3952: $65\calculate_syndrome$func$/gate04-repo/asic/rtl/bch/bch_78_64_t2_v1.sv:266$968.packed_syndrome[27:0]$2723
  3889/3952: $64\calculate_syndrome$func$/gate04-repo/asic/rtl/bch/bch_78_64_t2_v1.sv:266$968.packed_syndrome[27:0]$2721
  3890/3952: $63\calculate_syndrome$func$/gate04-repo/asic/rtl/bch/bch_78_64_t2_v1.sv:266$968.packed_syndrome[27:0]$2719
  3891/3952: $62\calculate_syndrome$func$/gate04-repo/asic/rtl/bch/bch_78_64_t2_v1.sv:266$968.packed_syndrome[27:0]$2717
  3892/3952: $61\calculate_syndrome$func$/gate04-repo/asic/rtl/bch/bch_78_64_t2_v1.sv:266$968.packed_syndrome[27:0]$2715
  3893/3952: $60\calculate_syndrome$func$/gate04-repo/asic/rtl/bch/bch_78_64_t2_v1.sv:266$968.packed_syndrome[27:0]$2713
  3894/3952: $59\calculate_syndrome$func$/gate04-repo/asic/rtl/bch/bch_78_64_t2_v1.sv:266$968.packed_syndrome[27:0]$2711
  3895/3952: $58\calculate_syndrome$func$/gate04-repo/asic/rtl/bch/bch_78_64_t2_v1.sv:266$968.packed_syndrome[27:0]$2709
  3896/3952: $57\calculate_syndrome$func$/gate04-repo/asic/rtl/bch/bch_78_64_t2_v1.sv:266$968.packed_syndrome[27:0]$2707
  3897/3952: $56\calculate_syndrome$func$/gate04-repo/asic/rtl/bch/bch_78_64_t2_v1.sv:266$968.packed_syndrome[27:0]$2705
  3898/3952: $55\calculate_syndrome$func$/gate04-repo/asic/rtl/bch/bch_78_64_t2_v1.sv:266$968.packed_syndrome[27:0]$2703
  3899/3952: $54\calculate_syndrome$func$/gate04-repo/asic/rtl/bch/bch_78_64_t2_v1.sv:266$968.packed_syndrome[27:0]$2701
  3900/3952: $53\calculate_syndrome$func$/gate04-repo/asic/rtl/bch/bch_78_64_t2_v1.sv:266$968.packed_syndrome[27:0]$2699
  3901/3952: $52\calculate_syndrome$func$/gate04-repo/asic/rtl/bch/bch_78_64_t2_v1.sv:266$968.packed_syndrome[27:0]$2697
  3902/3952: $51\calculate_syndrome$func$/gate04-repo/asic/rtl/bch/bch_78_64_t2_v1.sv:266$968.packed_syndrome[27:0]$2695
  3903/3952: $50\calculate_syndrome$func$/gate04-repo/asic/rtl/bch/bch_78_64_t2_v1.sv:266$968.packed_syndrome[27:0]$2693
  3904/3952: $49\calculate_syndrome$func$/gate04-repo/asic/rtl/bch/bch_78_64_t2_v1.sv:266$968.packed_syndrome[27:0]$2691
  3905/3952: $48\calculate_syndrome$func$/gate04-repo/asic/rtl/bch/bch_78_64_t2_v1.sv:266$968.packed_syndrome[27:0]$2689
  3906/3952: $47\calculate_syndrome$func$/gate04-repo/asic/rtl/bch/bch_78_64_t2_v1.sv:266$968.packed_syndrome[27:0]$2687
  3907/3952: $46\calculate_syndrome$func$/gate04-repo/asic/rtl/bch/bch_78_64_t2_v1.sv:266$968.packed_syndrome[27:0]$2685
  3908/3952: $45\calculate_syndrome$func$/gate04-repo/asic/rtl/bch/bch_78_64_t2_v1.sv:266$968.packed_syndrome[27:0]$2683
  3909/3952: $44\calculate_syndrome$func$/gate04-repo/asic/rtl/bch/bch_78_64_t2_v1.sv:266$968.packed_syndrome[27:0]$2681
  3910/3952: $43\calculate_syndrome$func$/gate04-repo/asic/rtl/bch/bch_78_64_t2_v1.sv:266$968.packed_syndrome[27:0]$2679
  3911/3952: $42\calculate_syndrome$func$/gate04-repo/asic/rtl/bch/bch_78_64_t2_v1.sv:266$968.packed_syndrome[27:0]$2677
  3912/3952: $41\calculate_syndrome$func$/gate04-repo/asic/rtl/bch/bch_78_64_t2_v1.sv:266$968.packed_syndrome[27:0]$2675
  3913/3952: $40\calculate_syndrome$func$/gate04-repo/asic/rtl/bch/bch_78_64_t2_v1.sv:266$968.packed_syndrome[27:0]$2673
  3914/3952: $39\calculate_syndrome$func$/gate04-repo/asic/rtl/bch/bch_78_64_t2_v1.sv:266$968.packed_syndrome[27:0]$2671
  3915/3952: $38\calculate_syndrome$func$/gate04-repo/asic/rtl/bch/bch_78_64_t2_v1.sv:266$968.packed_syndrome[27:0]$2669
  3916/3952: $37\calculate_syndrome$func$/gate04-repo/asic/rtl/bch/bch_78_64_t2_v1.sv:266$968.packed_syndrome[27:0]$2667
  3917/3952: $36\calculate_syndrome$func$/gate04-repo/asic/rtl/bch/bch_78_64_t2_v1.sv:266$968.packed_syndrome[27:0]$2665
  3918/3952: $35\calculate_syndrome$func$/gate04-repo/asic/rtl/bch/bch_78_64_t2_v1.sv:266$968.packed_syndrome[27:0]$2663
  3919/3952: $34\calculate_syndrome$func$/gate04-repo/asic/rtl/bch/bch_78_64_t2_v1.sv:266$968.packed_syndrome[27:0]$2661
  3920/3952: $33\calculate_syndrome$func$/gate04-repo/asic/rtl/bch/bch_78_64_t2_v1.sv:266$968.packed_syndrome[27:0]$2659
  3921/3952: $32\calculate_syndrome$func$/gate04-repo/asic/rtl/bch/bch_78_64_t2_v1.sv:266$968.packed_syndrome[27:0]$2657
  3922/3952: $31\calculate_syndrome$func$/gate04-repo/asic/rtl/bch/bch_78_64_t2_v1.sv:266$968.packed_syndrome[27:0]$2655
  3923/3952: $30\calculate_syndrome$func$/gate04-repo/asic/rtl/bch/bch_78_64_t2_v1.sv:266$968.packed_syndrome[27:0]$2653
  3924/3952: $29\calculate_syndrome$func$/gate04-repo/asic/rtl/bch/bch_78_64_t2_v1.sv:266$968.packed_syndrome[27:0]$2651
  3925/3952: $28\calculate_syndrome$func$/gate04-repo/asic/rtl/bch/bch_78_64_t2_v1.sv:266$968.packed_syndrome[27:0]$2649
  3926/3952: $27\calculate_syndrome$func$/gate04-repo/asic/rtl/bch/bch_78_64_t2_v1.sv:266$968.packed_syndrome[27:0]$2647
  3927/3952: $26\calculate_syndrome$func$/gate04-repo/asic/rtl/bch/bch_78_64_t2_v1.sv:266$968.packed_syndrome[27:0]$2645
  3928/3952: $25\calculate_syndrome$func$/gate04-repo/asic/rtl/bch/bch_78_64_t2_v1.sv:266$968.packed_syndrome[27:0]$2643
  3929/3952: $24\calculate_syndrome$func$/gate04-repo/asic/rtl/bch/bch_78_64_t2_v1.sv:266$968.packed_syndrome[27:0]$2641
  3930/3952: $23\calculate_syndrome$func$/gate04-repo/asic/rtl/bch/bch_78_64_t2_v1.sv:266$968.packed_syndrome[27:0]$2639
  3931/3952: $22\calculate_syndrome$func$/gate04-repo/asic/rtl/bch/bch_78_64_t2_v1.sv:266$968.packed_syndrome[27:0]$2637
  3932/3952: $21\calculate_syndrome$func$/gate04-repo/asic/rtl/bch/bch_78_64_t2_v1.sv:266$968.packed_syndrome[27:0]$2635
  3933/3952: $20\calculate_syndrome$func$/gate04-repo/asic/rtl/bch/bch_78_64_t2_v1.sv:266$968.packed_syndrome[27:0]$2633
  3934/3952: $19\calculate_syndrome$func$/gate04-repo/asic/rtl/bch/bch_78_64_t2_v1.sv:266$968.packed_syndrome[27:0]$2631
  3935/3952: $18\calculate_syndrome$func$/gate04-repo/asic/rtl/bch/bch_78_64_t2_v1.sv:266$968.packed_syndrome[27:0]$2629
  3936/3952: $17\calculate_syndrome$func$/gate04-repo/asic/rtl/bch/bch_78_64_t2_v1.sv:266$968.packed_syndrome[27:0]$2627
  3937/3952: $16\calculate_syndrome$func$/gate04-repo/asic/rtl/bch/bch_78_64_t2_v1.sv:266$968.packed_syndrome[27:0]$2625
  3938/3952: $15\calculate_syndrome$func$/gate04-repo/asic/rtl/bch/bch_78_64_t2_v1.sv:266$968.packed_syndrome[27:0]$2623
  3939/3952: $14\calculate_syndrome$func$/gate04-repo/asic/rtl/bch/bch_78_64_t2_v1.sv:266$968.packed_syndrome[27:0]$2621
  3940/3952: $13\calculate_syndrome$func$/gate04-repo/asic/rtl/bch/bch_78_64_t2_v1.sv:266$968.packed_syndrome[27:0]$2619
  3941/3952: $12\calculate_syndrome$func$/gate04-repo/asic/rtl/bch/bch_78_64_t2_v1.sv:266$968.packed_syndrome[27:0]$2617
  3942/3952: $11\calculate_syndrome$func$/gate04-repo/asic/rtl/bch/bch_78_64_t2_v1.sv:266$968.packed_syndrome[27:0]$2615
  3943/3952: $10\calculate_syndrome$func$/gate04-repo/asic/rtl/bch/bch_78_64_t2_v1.sv:266$968.packed_syndrome[27:0]$2613
  3944/3952: $9\calculate_syndrome$func$/gate04-repo/asic/rtl/bch/bch_78_64_t2_v1.sv:266$968.packed_syndrome[27:0]$2611
  3945/3952: $8\calculate_syndrome$func$/gate04-repo/asic/rtl/bch/bch_78_64_t2_v1.sv:266$968.packed_syndrome[27:0]$2609
  3946/3952: $7\calculate_syndrome$func$/gate04-repo/asic/rtl/bch/bch_78_64_t2_v1.sv:266$968.packed_syndrome[27:0]$2607
  3947/3952: $6\calculate_syndrome$func$/gate04-repo/asic/rtl/bch/bch_78_64_t2_v1.sv:266$968.packed_syndrome[27:0]$2605
  3948/3952: $5\calculate_syndrome$func$/gate04-repo/asic/rtl/bch/bch_78_64_t2_v1.sv:266$968.packed_syndrome[27:0]$2603
  3949/3952: $4\calculate_syndrome$func$/gate04-repo/asic/rtl/bch/bch_78_64_t2_v1.sv:266$968.packed_syndrome[27:0]$2601
  3950/3952: $3\calculate_syndrome$func$/gate04-repo/asic/rtl/bch/bch_78_64_t2_v1.sv:266$968.packed_syndrome[27:0]$2599
  3951/3952: $2\calculate_syndrome$func$/gate04-repo/asic/rtl/bch/bch_78_64_t2_v1.sv:266$968.packed_syndrome[27:0]$2597
  3952/3952: $1\calculate_syndrome$func$/gate04-repo/asic/rtl/bch/bch_78_64_t2_v1.sv:266$968.packed_syndrome[27:0]$2595
Creating decoders for process `\bch_78_64_t2_v1_encoder.$proc$/gate04-repo/asic/rtl/bch/bch_78_64_t2_v1.sv:14$7'.
     1/1024: $64\work[14:0] [14]
     2/1024: $64\coefficient_index[31:0]
     3/1024: $64\work[14:0] [0]
     4/1024: $64\work[14:0] [1]
     5/1024: $64\work[14:0] [2]
     6/1024: $64\work[14:0] [3]
     7/1024: $64\work[14:0] [4]
     8/1024: $64\work[14:0] [5]
     9/1024: $64\work[14:0] [6]
    10/1024: $64\work[14:0] [7]
    11/1024: $64\work[14:0] [8]
    12/1024: $64\work[14:0] [9]
    13/1024: $64\work[14:0] [10]
    14/1024: $64\work[14:0] [11]
    15/1024: $64\work[14:0] [12]
    16/1024: $64\work[14:0] [13]
    17/1024: $63\work[15:1] [14]
    18/1024: $63\coefficient_index[31:0]
    19/1024: $63\work[15:1] [0]
    20/1024: $63\work[15:1] [1]
    21/1024: $63\work[15:1] [2]
    22/1024: $63\work[15:1] [3]
    23/1024: $63\work[15:1] [4]
    24/1024: $63\work[15:1] [5]
    25/1024: $63\work[15:1] [6]
    26/1024: $63\work[15:1] [7]
    27/1024: $63\work[15:1] [8]
    28/1024: $63\work[15:1] [9]
    29/1024: $63\work[15:1] [10]
    30/1024: $63\work[15:1] [11]
    31/1024: $63\work[15:1] [12]
    32/1024: $63\work[15:1] [13]
    33/1024: $62\work[16:2] [14]
    34/1024: $62\coefficient_index[31:0]
    35/1024: $62\work[16:2] [0]
    36/1024: $62\work[16:2] [1]
    37/1024: $62\work[16:2] [2]
    38/1024: $62\work[16:2] [3]
    39/1024: $62\work[16:2] [4]
    40/1024: $62\work[16:2] [5]
    41/1024: $62\work[16:2] [6]
    42/1024: $62\work[16:2] [7]
    43/1024: $62\work[16:2] [8]
    44/1024: $62\work[16:2] [9]
    45/1024: $62\work[16:2] [10]
    46/1024: $62\work[16:2] [11]
    47/1024: $62\work[16:2] [12]
    48/1024: $62\work[16:2] [13]
    49/1024: $61\work[17:3] [14]
    50/1024: $61\coefficient_index[31:0]
    51/1024: $61\work[17:3] [0]
    52/1024: $61\work[17:3] [1]
    53/1024: $61\work[17:3] [2]
    54/1024: $61\work[17:3] [3]
    55/1024: $61\work[17:3] [4]
    56/1024: $61\work[17:3] [5]
    57/1024: $61\work[17:3] [6]
    58/1024: $61\work[17:3] [7]
    59/1024: $61\work[17:3] [8]
    60/1024: $61\work[17:3] [9]
    61/1024: $61\work[17:3] [10]
    62/1024: $61\work[17:3] [11]
    63/1024: $61\work[17:3] [12]
    64/1024: $61\work[17:3] [13]
    65/1024: $60\work[18:4] [14]
    66/1024: $60\coefficient_index[31:0]
    67/1024: $60\work[18:4] [0]
    68/1024: $60\work[18:4] [1]
    69/1024: $60\work[18:4] [2]
    70/1024: $60\work[18:4] [3]
    71/1024: $60\work[18:4] [4]
    72/1024: $60\work[18:4] [5]
    73/1024: $60\work[18:4] [6]
    74/1024: $60\work[18:4] [7]
    75/1024: $60\work[18:4] [8]
    76/1024: $60\work[18:4] [9]
    77/1024: $60\work[18:4] [10]
    78/1024: $60\work[18:4] [11]
    79/1024: $60\work[18:4] [12]
    80/1024: $60\work[18:4] [13]
    81/1024: $59\work[19:5] [14]
    82/1024: $59\coefficient_index[31:0]
    83/1024: $59\work[19:5] [0]
    84/1024: $59\work[19:5] [1]
    85/1024: $59\work[19:5] [2]
    86/1024: $59\work[19:5] [3]
    87/1024: $59\work[19:5] [4]
    88/1024: $59\work[19:5] [5]
    89/1024: $59\work[19:5] [6]
    90/1024: $59\work[19:5] [7]
    91/1024: $59\work[19:5] [8]
    92/1024: $59\work[19:5] [9]
    93/1024: $59\work[19:5] [10]
    94/1024: $59\work[19:5] [11]
    95/1024: $59\work[19:5] [12]
    96/1024: $59\work[19:5] [13]
    97/1024: $58\work[20:6] [14]
    98/1024: $58\coefficient_index[31:0]
    99/1024: $58\work[20:6] [0]
   100/1024: $58\work[20:6] [1]
   101/1024: $58\work[20:6] [2]
   102/1024: $58\work[20:6] [3]
   103/1024: $58\work[20:6] [4]
   104/1024: $58\work[20:6] [5]
   105/1024: $58\work[20:6] [6]
   106/1024: $58\work[20:6] [7]
   107/1024: $58\work[20:6] [8]
   108/1024: $58\work[20:6] [9]
   109/1024: $58\work[20:6] [10]
   110/1024: $58\work[20:6] [11]
   111/1024: $58\work[20:6] [12]
   112/1024: $58\work[20:6] [13]
   113/1024: $57\work[21:7] [14]
   114/1024: $57\coefficient_index[31:0]
   115/1024: $57\work[21:7] [0]
   116/1024: $57\work[21:7] [1]
   117/1024: $57\work[21:7] [2]
   118/1024: $57\work[21:7] [3]
   119/1024: $57\work[21:7] [4]
   120/1024: $57\work[21:7] [5]
   121/1024: $57\work[21:7] [6]
   122/1024: $57\work[21:7] [7]
   123/1024: $57\work[21:7] [8]
   124/1024: $57\work[21:7] [9]
   125/1024: $57\work[21:7] [10]
   126/1024: $57\work[21:7] [11]
   127/1024: $57\work[21:7] [12]
   128/1024: $57\work[21:7] [13]
   129/1024: $56\work[22:8] [14]
   130/1024: $56\coefficient_index[31:0]
   131/1024: $56\work[22:8] [0]
   132/1024: $56\work[22:8] [1]
   133/1024: $56\work[22:8] [2]
   134/1024: $56\work[22:8] [3]
   135/1024: $56\work[22:8] [4]
   136/1024: $56\work[22:8] [5]
   137/1024: $56\work[22:8] [6]
   138/1024: $56\work[22:8] [7]
   139/1024: $56\work[22:8] [8]
   140/1024: $56\work[22:8] [9]
   141/1024: $56\work[22:8] [10]
   142/1024: $56\work[22:8] [11]
   143/1024: $56\work[22:8] [12]
   144/1024: $56\work[22:8] [13]
   145/1024: $55\work[23:9] [14]
   146/1024: $55\coefficient_index[31:0]
   147/1024: $55\work[23:9] [0]
   148/1024: $55\work[23:9] [1]
   149/1024: $55\work[23:9] [2]
   150/1024: $55\work[23:9] [3]
   151/1024: $55\work[23:9] [4]
   152/1024: $55\work[23:9] [5]
   153/1024: $55\work[23:9] [6]
   154/1024: $55\work[23:9] [7]
   155/1024: $55\work[23:9] [8]
   156/1024: $55\work[23:9] [9]
   157/1024: $55\work[23:9] [10]
   158/1024: $55\work[23:9] [11]
   159/1024: $55\work[23:9] [12]
   160/1024: $55\work[23:9] [13]
   161/1024: $54\work[24:10] [14]
   162/1024: $54\coefficient_index[31:0]
   163/1024: $54\work[24:10] [0]
   164/1024: $54\work[24:10] [1]
   165/1024: $54\work[24:10] [2]
   166/1024: $54\work[24:10] [3]
   167/1024: $54\work[24:10] [4]
   168/1024: $54\work[24:10] [5]
   169/1024: $54\work[24:10] [6]
   170/1024: $54\work[24:10] [7]
   171/1024: $54\work[24:10] [8]
   172/1024: $54\work[24:10] [9]
   173/1024: $54\work[24:10] [10]
   174/1024: $54\work[24:10] [11]
   175/1024: $54\work[24:10] [12]
   176/1024: $54\work[24:10] [13]
   177/1024: $53\work[25:11] [14]
   178/1024: $53\coefficient_index[31:0]
   179/1024: $53\work[25:11] [0]
   180/1024: $53\work[25:11] [1]
   181/1024: $53\work[25:11] [2]
   182/1024: $53\work[25:11] [3]
   183/1024: $53\work[25:11] [4]
   184/1024: $53\work[25:11] [5]
   185/1024: $53\work[25:11] [6]
   186/1024: $53\work[25:11] [7]
   187/1024: $53\work[25:11] [8]
   188/1024: $53\work[25:11] [9]
   189/1024: $53\work[25:11] [10]
   190/1024: $53\work[25:11] [11]
   191/1024: $53\work[25:11] [12]
   192/1024: $53\work[25:11] [13]
   193/1024: $52\work[26:12] [14]
   194/1024: $52\coefficient_index[31:0]
   195/1024: $52\work[26:12] [0]
   196/1024: $52\work[26:12] [1]
   197/1024: $52\work[26:12] [2]
   198/1024: $52\work[26:12] [3]
   199/1024: $52\work[26:12] [4]
   200/1024: $52\work[26:12] [5]
   201/1024: $52\work[26:12] [6]
   202/1024: $52\work[26:12] [7]
   203/1024: $52\work[26:12] [8]
   204/1024: $52\work[26:12] [9]
   205/1024: $52\work[26:12] [10]
   206/1024: $52\work[26:12] [11]
   207/1024: $52\work[26:12] [12]
   208/1024: $52\work[26:12] [13]
   209/1024: $51\work[27:13] [14]
   210/1024: $51\coefficient_index[31:0]
   211/1024: $51\work[27:13] [0]
   212/1024: $51\work[27:13] [1]
   213/1024: $51\work[27:13] [2]
   214/1024: $51\work[27:13] [3]
   215/1024: $51\work[27:13] [4]
   216/1024: $51\work[27:13] [5]
   217/1024: $51\work[27:13] [6]
   218/1024: $51\work[27:13] [7]
   219/1024: $51\work[27:13] [8]
   220/1024: $51\work[27:13] [9]
   221/1024: $51\work[27:13] [10]
   222/1024: $51\work[27:13] [11]
   223/1024: $51\work[27:13] [12]
   224/1024: $51\work[27:13] [13]
   225/1024: $50\work[28:14] [14]
   226/1024: $50\coefficient_index[31:0]
   227/1024: $50\work[28:14] [0]
   228/1024: $50\work[28:14] [1]
   229/1024: $50\work[28:14] [2]
   230/1024: $50\work[28:14] [3]
   231/1024: $50\work[28:14] [4]
   232/1024: $50\work[28:14] [5]
   233/1024: $50\work[28:14] [6]
   234/1024: $50\work[28:14] [7]
   235/1024: $50\work[28:14] [8]
   236/1024: $50\work[28:14] [9]
   237/1024: $50\work[28:14] [10]
   238/1024: $50\work[28:14] [11]
   239/1024: $50\work[28:14] [12]
   240/1024: $50\work[28:14] [13]
   241/1024: $49\work[29:15] [14]
   242/1024: $49\coefficient_index[31:0]
   243/1024: $49\work[29:15] [0]
   244/1024: $49\work[29:15] [1]
   245/1024: $49\work[29:15] [2]
   246/1024: $49\work[29:15] [3]
   247/1024: $49\work[29:15] [4]
   248/1024: $49\work[29:15] [5]
   249/1024: $49\work[29:15] [6]
   250/1024: $49\work[29:15] [7]
   251/1024: $49\work[29:15] [8]
   252/1024: $49\work[29:15] [9]
   253/1024: $49\work[29:15] [10]
   254/1024: $49\work[29:15] [11]
   255/1024: $49\work[29:15] [12]
   256/1024: $49\work[29:15] [13]
   257/1024: $48\work[30:16] [14]
   258/1024: $48\coefficient_index[31:0]
   259/1024: $48\work[30:16] [0]
   260/1024: $48\work[30:16] [1]
   261/1024: $48\work[30:16] [2]
   262/1024: $48\work[30:16] [3]
   263/1024: $48\work[30:16] [4]
   264/1024: $48\work[30:16] [5]
   265/1024: $48\work[30:16] [6]
   266/1024: $48\work[30:16] [7]
   267/1024: $48\work[30:16] [8]
   268/1024: $48\work[30:16] [9]
   269/1024: $48\work[30:16] [10]
   270/1024: $48\work[30:16] [11]
   271/1024: $48\work[30:16] [12]
   272/1024: $48\work[30:16] [13]
   273/1024: $47\work[31:17] [14]
   274/1024: $47\coefficient_index[31:0]
   275/1024: $47\work[31:17] [0]
   276/1024: $47\work[31:17] [1]
   277/1024: $47\work[31:17] [2]
   278/1024: $47\work[31:17] [3]
   279/1024: $47\work[31:17] [4]
   280/1024: $47\work[31:17] [5]
   281/1024: $47\work[31:17] [6]
   282/1024: $47\work[31:17] [7]
   283/1024: $47\work[31:17] [8]
   284/1024: $47\work[31:17] [9]
   285/1024: $47\work[31:17] [10]
   286/1024: $47\work[31:17] [11]
   287/1024: $47\work[31:17] [12]
   288/1024: $47\work[31:17] [13]
   289/1024: $46\work[32:18] [14]
   290/1024: $46\coefficient_index[31:0]
   291/1024: $46\work[32:18] [0]
   292/1024: $46\work[32:18] [1]
   293/1024: $46\work[32:18] [2]
   294/1024: $46\work[32:18] [3]
   295/1024: $46\work[32:18] [4]
   296/1024: $46\work[32:18] [5]
   297/1024: $46\work[32:18] [6]
   298/1024: $46\work[32:18] [7]
   299/1024: $46\work[32:18] [8]
   300/1024: $46\work[32:18] [9]
   301/1024: $46\work[32:18] [10]
   302/1024: $46\work[32:18] [11]
   303/1024: $46\work[32:18] [12]
   304/1024: $46\work[32:18] [13]
   305/1024: $45\work[33:19] [14]
   306/1024: $45\coefficient_index[31:0]
   307/1024: $45\work[33:19] [0]
   308/1024: $45\work[33:19] [1]
   309/1024: $45\work[33:19] [2]
   310/1024: $45\work[33:19] [3]
   311/1024: $45\work[33:19] [4]
   312/1024: $45\work[33:19] [5]
   313/1024: $45\work[33:19] [6]
   314/1024: $45\work[33:19] [7]
   315/1024: $45\work[33:19] [8]
   316/1024: $45\work[33:19] [9]
   317/1024: $45\work[33:19] [10]
   318/1024: $45\work[33:19] [11]
   319/1024: $45\work[33:19] [12]
   320/1024: $45\work[33:19] [13]
   321/1024: $44\work[34:20] [14]
   322/1024: $44\coefficient_index[31:0]
   323/1024: $44\work[34:20] [0]
   324/1024: $44\work[34:20] [1]
   325/1024: $44\work[34:20] [2]
   326/1024: $44\work[34:20] [3]
   327/1024: $44\work[34:20] [4]
   328/1024: $44\work[34:20] [5]
   329/1024: $44\work[34:20] [6]
   330/1024: $44\work[34:20] [7]
   331/1024: $44\work[34:20] [8]
   332/1024: $44\work[34:20] [9]
   333/1024: $44\work[34:20] [10]
   334/1024: $44\work[34:20] [11]
   335/1024: $44\work[34:20] [12]
   336/1024: $44\work[34:20] [13]
   337/1024: $43\work[35:21] [14]
   338/1024: $43\coefficient_index[31:0]
   339/1024: $43\work[35:21] [0]
   340/1024: $43\work[35:21] [1]
   341/1024: $43\work[35:21] [2]
   342/1024: $43\work[35:21] [3]
   343/1024: $43\work[35:21] [4]
   344/1024: $43\work[35:21] [5]
   345/1024: $43\work[35:21] [6]
   346/1024: $43\work[35:21] [7]
   347/1024: $43\work[35:21] [8]
   348/1024: $43\work[35:21] [9]
   349/1024: $43\work[35:21] [10]
   350/1024: $43\work[35:21] [11]
   351/1024: $43\work[35:21] [12]
   352/1024: $43\work[35:21] [13]
   353/1024: $42\work[36:22] [14]
   354/1024: $42\coefficient_index[31:0]
   355/1024: $42\work[36:22] [0]
   356/1024: $42\work[36:22] [1]
   357/1024: $42\work[36:22] [2]
   358/1024: $42\work[36:22] [3]
   359/1024: $42\work[36:22] [4]
   360/1024: $42\work[36:22] [5]
   361/1024: $42\work[36:22] [6]
   362/1024: $42\work[36:22] [7]
   363/1024: $42\work[36:22] [8]
   364/1024: $42\work[36:22] [9]
   365/1024: $42\work[36:22] [10]
   366/1024: $42\work[36:22] [11]
   367/1024: $42\work[36:22] [12]
   368/1024: $42\work[36:22] [13]
   369/1024: $41\work[37:23] [14]
   370/1024: $41\coefficient_index[31:0]
   371/1024: $41\work[37:23] [0]
   372/1024: $41\work[37:23] [1]
   373/1024: $41\work[37:23] [2]
   374/1024: $41\work[37:23] [3]
   375/1024: $41\work[37:23] [4]
   376/1024: $41\work[37:23] [5]
   377/1024: $41\work[37:23] [6]
   378/1024: $41\work[37:23] [7]
   379/1024: $41\work[37:23] [8]
   380/1024: $41\work[37:23] [9]
   381/1024: $41\work[37:23] [10]
   382/1024: $41\work[37:23] [11]
   383/1024: $41\work[37:23] [12]
   384/1024: $41\work[37:23] [13]
   385/1024: $40\work[38:24] [14]
   386/1024: $40\coefficient_index[31:0]
   387/1024: $40\work[38:24] [0]
   388/1024: $40\work[38:24] [1]
   389/1024: $40\work[38:24] [2]
   390/1024: $40\work[38:24] [3]
   391/1024: $40\work[38:24] [4]
   392/1024: $40\work[38:24] [5]
   393/1024: $40\work[38:24] [6]
   394/1024: $40\work[38:24] [7]
   395/1024: $40\work[38:24] [8]
   396/1024: $40\work[38:24] [9]
   397/1024: $40\work[38:24] [10]
   398/1024: $40\work[38:24] [11]
   399/1024: $40\work[38:24] [12]
   400/1024: $40\work[38:24] [13]
   401/1024: $39\work[39:25] [14]
   402/1024: $39\coefficient_index[31:0]
   403/1024: $39\work[39:25] [0]
   404/1024: $39\work[39:25] [1]
   405/1024: $39\work[39:25] [2]
   406/1024: $39\work[39:25] [3]
   407/1024: $39\work[39:25] [4]
   408/1024: $39\work[39:25] [5]
   409/1024: $39\work[39:25] [6]
   410/1024: $39\work[39:25] [7]
   411/1024: $39\work[39:25] [8]
   412/1024: $39\work[39:25] [9]
   413/1024: $39\work[39:25] [10]
   414/1024: $39\work[39:25] [11]
   415/1024: $39\work[39:25] [12]
   416/1024: $39\work[39:25] [13]
   417/1024: $38\work[40:26] [14]
   418/1024: $38\coefficient_index[31:0]
   419/1024: $38\work[40:26] [0]
   420/1024: $38\work[40:26] [1]
   421/1024: $38\work[40:26] [2]
   422/1024: $38\work[40:26] [3]
   423/1024: $38\work[40:26] [4]
   424/1024: $38\work[40:26] [5]
   425/1024: $38\work[40:26] [6]
   426/1024: $38\work[40:26] [7]
   427/1024: $38\work[40:26] [8]
   428/1024: $38\work[40:26] [9]
   429/1024: $38\work[40:26] [10]
   430/1024: $38\work[40:26] [11]
   431/1024: $38\work[40:26] [12]
   432/1024: $38\work[40:26] [13]
   433/1024: $37\work[41:27] [14]
   434/1024: $37\coefficient_index[31:0]
   435/1024: $37\work[41:27] [0]
   436/1024: $37\work[41:27] [1]
   437/1024: $37\work[41:27] [2]
   438/1024: $37\work[41:27] [3]
   439/1024: $37\work[41:27] [4]
   440/1024: $37\work[41:27] [5]
   441/1024: $37\work[41:27] [6]
   442/1024: $37\work[41:27] [7]
   443/1024: $37\work[41:27] [8]
   444/1024: $37\work[41:27] [9]
   445/1024: $37\work[41:27] [10]
   446/1024: $37\work[41:27] [11]
   447/1024: $37\work[41:27] [12]
   448/1024: $37\work[41:27] [13]
   449/1024: $36\work[42:28] [14]
   450/1024: $36\coefficient_index[31:0]
   451/1024: $36\work[42:28] [0]
   452/1024: $36\work[42:28] [1]
   453/1024: $36\work[42:28] [2]
   454/1024: $36\work[42:28] [3]
   455/1024: $36\work[42:28] [4]
   456/1024: $36\work[42:28] [5]
   457/1024: $36\work[42:28] [6]
   458/1024: $36\work[42:28] [7]
   459/1024: $36\work[42:28] [8]
   460/1024: $36\work[42:28] [9]
   461/1024: $36\work[42:28] [10]
   462/1024: $36\work[42:28] [11]
   463/1024: $36\work[42:28] [12]
   464/1024: $36\work[42:28] [13]
   465/1024: $35\work[43:29] [14]
   466/1024: $35\coefficient_index[31:0]
   467/1024: $35\work[43:29] [0]
   468/1024: $35\work[43:29] [1]
   469/1024: $35\work[43:29] [2]
   470/1024: $35\work[43:29] [3]
   471/1024: $35\work[43:29] [4]
   472/1024: $35\work[43:29] [5]
   473/1024: $35\work[43:29] [6]
   474/1024: $35\work[43:29] [7]
   475/1024: $35\work[43:29] [8]
   476/1024: $35\work[43:29] [9]
   477/1024: $35\work[43:29] [10]
   478/1024: $35\work[43:29] [11]
   479/1024: $35\work[43:29] [12]
   480/1024: $35\work[43:29] [13]
   481/1024: $34\work[44:30] [14]
   482/1024: $34\coefficient_index[31:0]
   483/1024: $34\work[44:30] [0]
   484/1024: $34\work[44:30] [1]
   485/1024: $34\work[44:30] [2]
   486/1024: $34\work[44:30] [3]
   487/1024: $34\work[44:30] [4]
   488/1024: $34\work[44:30] [5]
   489/1024: $34\work[44:30] [6]
   490/1024: $34\work[44:30] [7]
   491/1024: $34\work[44:30] [8]
   492/1024: $34\work[44:30] [9]
   493/1024: $34\work[44:30] [10]
   494/1024: $34\work[44:30] [11]
   495/1024: $34\work[44:30] [12]
   496/1024: $34\work[44:30] [13]
   497/1024: $33\work[45:31] [14]
   498/1024: $33\coefficient_index[31:0]
   499/1024: $33\work[45:31] [0]
   500/1024: $33\work[45:31] [1]
   501/1024: $33\work[45:31] [2]
   502/1024: $33\work[45:31] [3]
   503/1024: $33\work[45:31] [4]
   504/1024: $33\work[45:31] [5]
   505/1024: $33\work[45:31] [6]
   506/1024: $33\work[45:31] [7]
   507/1024: $33\work[45:31] [8]
   508/1024: $33\work[45:31] [9]
   509/1024: $33\work[45:31] [10]
   510/1024: $33\work[45:31] [11]
   511/1024: $33\work[45:31] [12]
   512/1024: $33\work[45:31] [13]
   513/1024: $32\work[46:32] [14]
   514/1024: $32\coefficient_index[31:0]
   515/1024: $32\work[46:32] [0]
   516/1024: $32\work[46:32] [1]
   517/1024: $32\work[46:32] [2]
   518/1024: $32\work[46:32] [3]
   519/1024: $32\work[46:32] [4]
   520/1024: $32\work[46:32] [5]
   521/1024: $32\work[46:32] [6]
   522/1024: $32\work[46:32] [7]
   523/1024: $32\work[46:32] [8]
   524/1024: $32\work[46:32] [9]
   525/1024: $32\work[46:32] [10]
   526/1024: $32\work[46:32] [11]
   527/1024: $32\work[46:32] [12]
   528/1024: $32\work[46:32] [13]
   529/1024: $31\work[47:33] [14]
   530/1024: $31\coefficient_index[31:0]
   531/1024: $31\work[47:33] [0]
   532/1024: $31\work[47:33] [1]
   533/1024: $31\work[47:33] [2]
   534/1024: $31\work[47:33] [3]
   535/1024: $31\work[47:33] [4]
   536/1024: $31\work[47:33] [5]
   537/1024: $31\work[47:33] [6]
   538/1024: $31\work[47:33] [7]
   539/1024: $31\work[47:33] [8]
   540/1024: $31\work[47:33] [9]
   541/1024: $31\work[47:33] [10]
   542/1024: $31\work[47:33] [11]
   543/1024: $31\work[47:33] [12]
   544/1024: $31\work[47:33] [13]
   545/1024: $30\work[48:34] [14]
   546/1024: $30\coefficient_index[31:0]
   547/1024: $30\work[48:34] [0]
   548/1024: $30\work[48:34] [1]
   549/1024: $30\work[48:34] [2]
   550/1024: $30\work[48:34] [3]
   551/1024: $30\work[48:34] [4]
   552/1024: $30\work[48:34] [5]
   553/1024: $30\work[48:34] [6]
   554/1024: $30\work[48:34] [7]
   555/1024: $30\work[48:34] [8]
   556/1024: $30\work[48:34] [9]
   557/1024: $30\work[48:34] [10]
   558/1024: $30\work[48:34] [11]
   559/1024: $30\work[48:34] [12]
   560/1024: $30\work[48:34] [13]
   561/1024: $29\work[49:35] [14]
   562/1024: $29\coefficient_index[31:0]
   563/1024: $29\work[49:35] [0]
   564/1024: $29\work[49:35] [1]
   565/1024: $29\work[49:35] [2]
   566/1024: $29\work[49:35] [3]
   567/1024: $29\work[49:35] [4]
   568/1024: $29\work[49:35] [5]
   569/1024: $29\work[49:35] [6]
   570/1024: $29\work[49:35] [7]
   571/1024: $29\work[49:35] [8]
   572/1024: $29\work[49:35] [9]
   573/1024: $29\work[49:35] [10]
   574/1024: $29\work[49:35] [11]
   575/1024: $29\work[49:35] [12]
   576/1024: $29\work[49:35] [13]
   577/1024: $28\work[50:36] [14]
   578/1024: $28\coefficient_index[31:0]
   579/1024: $28\work[50:36] [0]
   580/1024: $28\work[50:36] [1]
   581/1024: $28\work[50:36] [2]
   582/1024: $28\work[50:36] [3]
   583/1024: $28\work[50:36] [4]
   584/1024: $28\work[50:36] [5]
   585/1024: $28\work[50:36] [6]
   586/1024: $28\work[50:36] [7]
   587/1024: $28\work[50:36] [8]
   588/1024: $28\work[50:36] [9]
   589/1024: $28\work[50:36] [10]
   590/1024: $28\work[50:36] [11]
   591/1024: $28\work[50:36] [12]
   592/1024: $28\work[50:36] [13]
   593/1024: $27\work[51:37] [14]
   594/1024: $27\coefficient_index[31:0]
   595/1024: $27\work[51:37] [0]
   596/1024: $27\work[51:37] [1]
   597/1024: $27\work[51:37] [2]
   598/1024: $27\work[51:37] [3]
   599/1024: $27\work[51:37] [4]
   600/1024: $27\work[51:37] [5]
   601/1024: $27\work[51:37] [6]
   602/1024: $27\work[51:37] [7]
   603/1024: $27\work[51:37] [8]
   604/1024: $27\work[51:37] [9]
   605/1024: $27\work[51:37] [10]
   606/1024: $27\work[51:37] [11]
   607/1024: $27\work[51:37] [12]
   608/1024: $27\work[51:37] [13]
   609/1024: $26\work[52:38] [14]
   610/1024: $26\coefficient_index[31:0]
   611/1024: $26\work[52:38] [0]
   612/1024: $26\work[52:38] [1]
   613/1024: $26\work[52:38] [2]
   614/1024: $26\work[52:38] [3]
   615/1024: $26\work[52:38] [4]
   616/1024: $26\work[52:38] [5]
   617/1024: $26\work[52:38] [6]
   618/1024: $26\work[52:38] [7]
   619/1024: $26\work[52:38] [8]
   620/1024: $26\work[52:38] [9]
   621/1024: $26\work[52:38] [10]
   622/1024: $26\work[52:38] [11]
   623/1024: $26\work[52:38] [12]
   624/1024: $26\work[52:38] [13]
   625/1024: $25\work[53:39] [14]
   626/1024: $25\coefficient_index[31:0]
   627/1024: $25\work[53:39] [0]
   628/1024: $25\work[53:39] [1]
   629/1024: $25\work[53:39] [2]
   630/1024: $25\work[53:39] [3]
   631/1024: $25\work[53:39] [4]
   632/1024: $25\work[53:39] [5]
   633/1024: $25\work[53:39] [6]
   634/1024: $25\work[53:39] [7]
   635/1024: $25\work[53:39] [8]
   636/1024: $25\work[53:39] [9]
   637/1024: $25\work[53:39] [10]
   638/1024: $25\work[53:39] [11]
   639/1024: $25\work[53:39] [12]
   640/1024: $25\work[53:39] [13]
   641/1024: $24\work[54:40] [14]
   642/1024: $24\coefficient_index[31:0]
   643/1024: $24\work[54:40] [0]
   644/1024: $24\work[54:40] [1]
   645/1024: $24\work[54:40] [2]
   646/1024: $24\work[54:40] [3]
   647/1024: $24\work[54:40] [4]
   648/1024: $24\work[54:40] [5]
   649/1024: $24\work[54:40] [6]
   650/1024: $24\work[54:40] [7]
   651/1024: $24\work[54:40] [8]
   652/1024: $24\work[54:40] [9]
   653/1024: $24\work[54:40] [10]
   654/1024: $24\work[54:40] [11]
   655/1024: $24\work[54:40] [12]
   656/1024: $24\work[54:40] [13]
   657/1024: $23\work[55:41] [14]
   658/1024: $23\coefficient_index[31:0]
   659/1024: $23\work[55:41] [0]
   660/1024: $23\work[55:41] [1]
   661/1024: $23\work[55:41] [2]
   662/1024: $23\work[55:41] [3]
   663/1024: $23\work[55:41] [4]
   664/1024: $23\work[55:41] [5]
   665/1024: $23\work[55:41] [6]
   666/1024: $23\work[55:41] [7]
   667/1024: $23\work[55:41] [8]
   668/1024: $23\work[55:41] [9]
   669/1024: $23\work[55:41] [10]
   670/1024: $23\work[55:41] [11]
   671/1024: $23\work[55:41] [12]
   672/1024: $23\work[55:41] [13]
   673/1024: $22\work[56:42] [14]
   674/1024: $22\coefficient_index[31:0]
   675/1024: $22\work[56:42] [0]
   676/1024: $22\work[56:42] [1]
   677/1024: $22\work[56:42] [2]
   678/1024: $22\work[56:42] [3]
   679/1024: $22\work[56:42] [4]
   680/1024: $22\work[56:42] [5]
   681/1024: $22\work[56:42] [6]
   682/1024: $22\work[56:42] [7]
   683/1024: $22\work[56:42] [8]
   684/1024: $22\work[56:42] [9]
   685/1024: $22\work[56:42] [10]
   686/1024: $22\work[56:42] [11]
   687/1024: $22\work[56:42] [12]
   688/1024: $22\work[56:42] [13]
   689/1024: $21\work[57:43] [14]
   690/1024: $21\coefficient_index[31:0]
   691/1024: $21\work[57:43] [0]
   692/1024: $21\work[57:43] [1]
   693/1024: $21\work[57:43] [2]
   694/1024: $21\work[57:43] [3]
   695/1024: $21\work[57:43] [4]
   696/1024: $21\work[57:43] [5]
   697/1024: $21\work[57:43] [6]
   698/1024: $21\work[57:43] [7]
   699/1024: $21\work[57:43] [8]
   700/1024: $21\work[57:43] [9]
   701/1024: $21\work[57:43] [10]
   702/1024: $21\work[57:43] [11]
   703/1024: $21\work[57:43] [12]
   704/1024: $21\work[57:43] [13]
   705/1024: $20\work[58:44] [14]
   706/1024: $20\coefficient_index[31:0]
   707/1024: $20\work[58:44] [0]
   708/1024: $20\work[58:44] [1]
   709/1024: $20\work[58:44] [2]
   710/1024: $20\work[58:44] [3]
   711/1024: $20\work[58:44] [4]
   712/1024: $20\work[58:44] [5]
   713/1024: $20\work[58:44] [6]
   714/1024: $20\work[58:44] [7]
   715/1024: $20\work[58:44] [8]
   716/1024: $20\work[58:44] [9]
   717/1024: $20\work[58:44] [10]
   718/1024: $20\work[58:44] [11]
   719/1024: $20\work[58:44] [12]
   720/1024: $20\work[58:44] [13]
   721/1024: $19\work[59:45] [14]
   722/1024: $19\coefficient_index[31:0]
   723/1024: $19\work[59:45] [0]
   724/1024: $19\work[59:45] [1]
   725/1024: $19\work[59:45] [2]
   726/1024: $19\work[59:45] [3]
   727/1024: $19\work[59:45] [4]
   728/1024: $19\work[59:45] [5]
   729/1024: $19\work[59:45] [6]
   730/1024: $19\work[59:45] [7]
   731/1024: $19\work[59:45] [8]
   732/1024: $19\work[59:45] [9]
   733/1024: $19\work[59:45] [10]
   734/1024: $19\work[59:45] [11]
   735/1024: $19\work[59:45] [12]
   736/1024: $19\work[59:45] [13]
   737/1024: $18\work[60:46] [14]
   738/1024: $18\coefficient_index[31:0]
   739/1024: $18\work[60:46] [0]
   740/1024: $18\work[60:46] [1]
   741/1024: $18\work[60:46] [2]
   742/1024: $18\work[60:46] [3]
   743/1024: $18\work[60:46] [4]
   744/1024: $18\work[60:46] [5]
   745/1024: $18\work[60:46] [6]
   746/1024: $18\work[60:46] [7]
   747/1024: $18\work[60:46] [8]
   748/1024: $18\work[60:46] [9]
   749/1024: $18\work[60:46] [10]
   750/1024: $18\work[60:46] [11]
   751/1024: $18\work[60:46] [12]
   752/1024: $18\work[60:46] [13]
   753/1024: $17\work[61:47] [14]
   754/1024: $17\coefficient_index[31:0]
   755/1024: $17\work[61:47] [0]
   756/1024: $17\work[61:47] [1]
   757/1024: $17\work[61:47] [2]
   758/1024: $17\work[61:47] [3]
   759/1024: $17\work[61:47] [4]
   760/1024: $17\work[61:47] [5]
   761/1024: $17\work[61:47] [6]
   762/1024: $17\work[61:47] [7]
   763/1024: $17\work[61:47] [8]
   764/1024: $17\work[61:47] [9]
   765/1024: $17\work[61:47] [10]
   766/1024: $17\work[61:47] [11]
   767/1024: $17\work[61:47] [12]
   768/1024: $17\work[61:47] [13]
   769/1024: $16\work[62:48] [14]
   770/1024: $16\coefficient_index[31:0]
   771/1024: $16\work[62:48] [0]
   772/1024: $16\work[62:48] [1]
   773/1024: $16\work[62:48] [2]
   774/1024: $16\work[62:48] [3]
   775/1024: $16\work[62:48] [4]
   776/1024: $16\work[62:48] [5]
   777/1024: $16\work[62:48] [6]
   778/1024: $16\work[62:48] [7]
   779/1024: $16\work[62:48] [8]
   780/1024: $16\work[62:48] [9]
   781/1024: $16\work[62:48] [10]
   782/1024: $16\work[62:48] [11]
   783/1024: $16\work[62:48] [12]
   784/1024: $16\work[62:48] [13]
   785/1024: $15\work[63:49] [14]
   786/1024: $15\coefficient_index[31:0]
   787/1024: $15\work[63:49] [0]
   788/1024: $15\work[63:49] [1]
   789/1024: $15\work[63:49] [2]
   790/1024: $15\work[63:49] [3]
   791/1024: $15\work[63:49] [4]
   792/1024: $15\work[63:49] [5]
   793/1024: $15\work[63:49] [6]
   794/1024: $15\work[63:49] [7]
   795/1024: $15\work[63:49] [8]
   796/1024: $15\work[63:49] [9]
   797/1024: $15\work[63:49] [10]
   798/1024: $15\work[63:49] [11]
   799/1024: $15\work[63:49] [12]
   800/1024: $15\work[63:49] [13]
   801/1024: $14\work[64:50] [14]
   802/1024: $14\coefficient_index[31:0]
   803/1024: $14\work[64:50] [0]
   804/1024: $14\work[64:50] [1]
   805/1024: $14\work[64:50] [2]
   806/1024: $14\work[64:50] [3]
   807/1024: $14\work[64:50] [4]
   808/1024: $14\work[64:50] [5]
   809/1024: $14\work[64:50] [6]
   810/1024: $14\work[64:50] [7]
   811/1024: $14\work[64:50] [8]
   812/1024: $14\work[64:50] [9]
   813/1024: $14\work[64:50] [10]
   814/1024: $14\work[64:50] [11]
   815/1024: $14\work[64:50] [12]
   816/1024: $14\work[64:50] [13]
   817/1024: $13\work[65:51] [14]
   818/1024: $13\coefficient_index[31:0]
   819/1024: $13\work[65:51] [0]
   820/1024: $13\work[65:51] [1]
   821/1024: $13\work[65:51] [2]
   822/1024: $13\work[65:51] [3]
   823/1024: $13\work[65:51] [4]
   824/1024: $13\work[65:51] [5]
   825/1024: $13\work[65:51] [6]
   826/1024: $13\work[65:51] [7]
   827/1024: $13\work[65:51] [8]
   828/1024: $13\work[65:51] [9]
   829/1024: $13\work[65:51] [10]
   830/1024: $13\work[65:51] [11]
   831/1024: $13\work[65:51] [12]
   832/1024: $13\work[65:51] [13]
   833/1024: $12\work[66:52] [14]
   834/1024: $12\coefficient_index[31:0]
   835/1024: $12\work[66:52] [0]
   836/1024: $12\work[66:52] [1]
   837/1024: $12\work[66:52] [2]
   838/1024: $12\work[66:52] [3]
   839/1024: $12\work[66:52] [4]
   840/1024: $12\work[66:52] [5]
   841/1024: $12\work[66:52] [6]
   842/1024: $12\work[66:52] [7]
   843/1024: $12\work[66:52] [8]
   844/1024: $12\work[66:52] [9]
   845/1024: $12\work[66:52] [10]
   846/1024: $12\work[66:52] [11]
   847/1024: $12\work[66:52] [12]
   848/1024: $12\work[66:52] [13]
   849/1024: $11\work[67:53] [14]
   850/1024: $11\coefficient_index[31:0]
   851/1024: $11\work[67:53] [0]
   852/1024: $11\work[67:53] [1]
   853/1024: $11\work[67:53] [2]
   854/1024: $11\work[67:53] [3]
   855/1024: $11\work[67:53] [4]
   856/1024: $11\work[67:53] [5]
   857/1024: $11\work[67:53] [6]
   858/1024: $11\work[67:53] [7]
   859/1024: $11\work[67:53] [8]
   860/1024: $11\work[67:53] [9]
   861/1024: $11\work[67:53] [10]
   862/1024: $11\work[67:53] [11]
   863/1024: $11\work[67:53] [12]
   864/1024: $11\work[67:53] [13]
   865/1024: $10\work[68:54] [14]
   866/1024: $10\coefficient_index[31:0]
   867/1024: $10\work[68:54] [0]
   868/1024: $10\work[68:54] [1]
   869/1024: $10\work[68:54] [2]
   870/1024: $10\work[68:54] [3]
   871/1024: $10\work[68:54] [4]
   872/1024: $10\work[68:54] [5]
   873/1024: $10\work[68:54] [6]
   874/1024: $10\work[68:54] [7]
   875/1024: $10\work[68:54] [8]
   876/1024: $10\work[68:54] [9]
   877/1024: $10\work[68:54] [10]
   878/1024: $10\work[68:54] [11]
   879/1024: $10\work[68:54] [12]
   880/1024: $10\work[68:54] [13]
   881/1024: $9\work[69:55] [14]
   882/1024: $9\coefficient_index[31:0]
   883/1024: $9\work[69:55] [0]
   884/1024: $9\work[69:55] [1]
   885/1024: $9\work[69:55] [2]
   886/1024: $9\work[69:55] [3]
   887/1024: $9\work[69:55] [4]
   888/1024: $9\work[69:55] [5]
   889/1024: $9\work[69:55] [6]
   890/1024: $9\work[69:55] [7]
   891/1024: $9\work[69:55] [8]
   892/1024: $9\work[69:55] [9]
   893/1024: $9\work[69:55] [10]
   894/1024: $9\work[69:55] [11]
   895/1024: $9\work[69:55] [12]
   896/1024: $9\work[69:55] [13]
   897/1024: $8\work[70:56] [14]
   898/1024: $8\coefficient_index[31:0]
   899/1024: $8\work[70:56] [0]
   900/1024: $8\work[70:56] [1]
   901/1024: $8\work[70:56] [2]
   902/1024: $8\work[70:56] [3]
   903/1024: $8\work[70:56] [4]
   904/1024: $8\work[70:56] [5]
   905/1024: $8\work[70:56] [6]
   906/1024: $8\work[70:56] [7]
   907/1024: $8\work[70:56] [8]
   908/1024: $8\work[70:56] [9]
   909/1024: $8\work[70:56] [10]
   910/1024: $8\work[70:56] [11]
   911/1024: $8\work[70:56] [12]
   912/1024: $8\work[70:56] [13]
   913/1024: $7\work[71:57] [14]
   914/1024: $7\coefficient_index[31:0]
   915/1024: $7\work[71:57] [0]
   916/1024: $7\work[71:57] [1]
   917/1024: $7\work[71:57] [2]
   918/1024: $7\work[71:57] [3]
   919/1024: $7\work[71:57] [4]
   920/1024: $7\work[71:57] [5]
   921/1024: $7\work[71:57] [6]
   922/1024: $7\work[71:57] [7]
   923/1024: $7\work[71:57] [8]
   924/1024: $7\work[71:57] [9]
   925/1024: $7\work[71:57] [10]
   926/1024: $7\work[71:57] [11]
   927/1024: $7\work[71:57] [12]
   928/1024: $7\work[71:57] [13]
   929/1024: $6\work[72:58] [14]
   930/1024: $6\coefficient_index[31:0]
   931/1024: $6\work[72:58] [0]
   932/1024: $6\work[72:58] [1]
   933/1024: $6\work[72:58] [2]
   934/1024: $6\work[72:58] [3]
   935/1024: $6\work[72:58] [4]
   936/1024: $6\work[72:58] [5]
   937/1024: $6\work[72:58] [6]
   938/1024: $6\work[72:58] [7]
   939/1024: $6\work[72:58] [8]
   940/1024: $6\work[72:58] [9]
   941/1024: $6\work[72:58] [10]
   942/1024: $6\work[72:58] [11]
   943/1024: $6\work[72:58] [12]
   944/1024: $6\work[72:58] [13]
   945/1024: $5\work[73:59] [14]
   946/1024: $5\coefficient_index[31:0]
   947/1024: $5\work[73:59] [0]
   948/1024: $5\work[73:59] [1]
   949/1024: $5\work[73:59] [2]
   950/1024: $5\work[73:59] [3]
   951/1024: $5\work[73:59] [4]
   952/1024: $5\work[73:59] [5]
   953/1024: $5\work[73:59] [6]
   954/1024: $5\work[73:59] [7]
   955/1024: $5\work[73:59] [8]
   956/1024: $5\work[73:59] [9]
   957/1024: $5\work[73:59] [10]
   958/1024: $5\work[73:59] [11]
   959/1024: $5\work[73:59] [12]
   960/1024: $5\work[73:59] [13]
   961/1024: $4\work[74:60] [14]
   962/1024: $4\coefficient_index[31:0]
   963/1024: $4\work[74:60] [0]
   964/1024: $4\work[74:60] [1]
   965/1024: $4\work[74:60] [2]
   966/1024: $4\work[74:60] [3]
   967/1024: $4\work[74:60] [4]
   968/1024: $4\work[74:60] [5]
   969/1024: $4\work[74:60] [6]
   970/1024: $4\work[74:60] [7]
   971/1024: $4\work[74:60] [8]
   972/1024: $4\work[74:60] [9]
   973/1024: $4\work[74:60] [10]
   974/1024: $4\work[74:60] [11]
   975/1024: $4\work[74:60] [12]
   976/1024: $4\work[74:60] [13]
   977/1024: $3\work[75:61] [14]
   978/1024: $3\coefficient_index[31:0]
   979/1024: $3\work[75:61] [0]
   980/1024: $3\work[75:61] [1]
   981/1024: $3\work[75:61] [2]
   982/1024: $3\work[75:61] [3]
   983/1024: $3\work[75:61] [4]
   984/1024: $3\work[75:61] [5]
   985/1024: $3\work[75:61] [6]
   986/1024: $3\work[75:61] [7]
   987/1024: $3\work[75:61] [8]
   988/1024: $3\work[75:61] [9]
   989/1024: $3\work[75:61] [10]
   990/1024: $3\work[75:61] [11]
   991/1024: $3\work[75:61] [12]
   992/1024: $3\work[75:61] [13]
   993/1024: $2\work[76:62] [14]
   994/1024: $2\coefficient_index[31:0]
   995/1024: $2\work[76:62] [0]
   996/1024: $2\work[76:62] [1]
   997/1024: $2\work[76:62] [2]
   998/1024: $2\work[76:62] [3]
   999/1024: $2\work[76:62] [4]
  1000/1024: $2\work[76:62] [5]
  1001/1024: $2\work[76:62] [6]
  1002/1024: $2\work[76:62] [7]
  1003/1024: $2\work[76:62] [8]
  1004/1024: $2\work[76:62] [9]
  1005/1024: $2\work[76:62] [10]
  1006/1024: $2\work[76:62] [11]
  1007/1024: $2\work[76:62] [12]
  1008/1024: $2\work[76:62] [13]
  1009/1024: $1\work[77:63] [14]
  1010/1024: $1\coefficient_index[31:0]
  1011/1024: $1\work[77:63] [0]
  1012/1024: $1\work[77:63] [1]
  1013/1024: $1\work[77:63] [2]
  1014/1024: $1\work[77:63] [3]
  1015/1024: $1\work[77:63] [4]
  1016/1024: $1\work[77:63] [5]
  1017/1024: $1\work[77:63] [6]
  1018/1024: $1\work[77:63] [7]
  1019/1024: $1\work[77:63] [8]
  1020/1024: $1\work[77:63] [9]
  1021/1024: $1\work[77:63] [10]
  1022/1024: $1\work[77:63] [11]
  1023/1024: $1\work[77:63] [12]
  1024/1024: $1\work[77:63] [13]

4.8. Executing PROC_DLATCH pass (convert process syncs to latches).
No latch inferred for signal `\bch_78_64_t2_v1_decoder.\data_o' from process `\bch_78_64_t2_v1_decoder.$proc$/gate04-repo/asic/rtl/bch/bch_78_64_t2_v1.sv:265$1377'.
No latch inferred for signal `\bch_78_64_t2_v1_decoder.\corrected_codeword_o' from process `\bch_78_64_t2_v1_decoder.$proc$/gate04-repo/asic/rtl/bch/bch_78_64_t2_v1.sv:265$1377'.
No latch inferred for signal `\bch_78_64_t2_v1_decoder.\syndrome_o' from process `\bch_78_64_t2_v1_decoder.$proc$/gate04-repo/asic/rtl/bch/bch_78_64_t2_v1.sv:265$1377'.
No latch inferred for signal `\bch_78_64_t2_v1_decoder.\correction_mask_o' from process `\bch_78_64_t2_v1_decoder.$proc$/gate04-repo/asic/rtl/bch/bch_78_64_t2_v1.sv:265$1377'.
No latch inferred for signal `\bch_78_64_t2_v1_decoder.\err_detected_o' from process `\bch_78_64_t2_v1_decoder.$proc$/gate04-repo/asic/rtl/bch/bch_78_64_t2_v1.sv:265$1377'.
No latch inferred for signal `\bch_78_64_t2_v1_decoder.\err_corrected_o' from process `\bch_78_64_t2_v1_decoder.$proc$/gate04-repo/asic/rtl/bch/bch_78_64_t2_v1.sv:265$1377'.
No latch inferred for signal `\bch_78_64_t2_v1_decoder.\err_uncorrectable_o' from process `\bch_78_64_t2_v1_decoder.$proc$/gate04-repo/asic/rtl/bch/bch_78_64_t2_v1.sv:265$1377'.
No latch inferred for signal `\bch_78_64_t2_v1_decoder.\received_syndrome' from process `\bch_78_64_t2_v1_decoder.$proc$/gate04-repo/asic/rtl/bch/bch_78_64_t2_v1.sv:265$1377'.
No latch inferred for signal `\bch_78_64_t2_v1_decoder.\corrected_syndrome' from process `\bch_78_64_t2_v1_decoder.$proc$/gate04-repo/asic/rtl/bch/bch_78_64_t2_v1.sv:265$1377'.
No latch inferred for signal `\bch_78_64_t2_v1_decoder.\s1' from process `\bch_78_64_t2_v1_decoder.$proc$/gate04-repo/asic/rtl/bch/bch_78_64_t2_v1.sv:265$1377'.
No latch inferred for signal `\bch_78_64_t2_v1_decoder.\s3' from process `\bch_78_64_t2_v1_decoder.$proc$/gate04-repo/asic/rtl/bch/bch_78_64_t2_v1.sv:265$1377'.
No latch inferred for signal `\bch_78_64_t2_v1_decoder.\s1_squared' from process `\bch_78_64_t2_v1_decoder.$proc$/gate04-repo/asic/rtl/bch/bch_78_64_t2_v1.sv:265$1377'.
No latch inferred for signal `\bch_78_64_t2_v1_decoder.\s1_cubed' from process `\bch_78_64_t2_v1_decoder.$proc$/gate04-repo/asic/rtl/bch/bch_78_64_t2_v1.sv:265$1377'.
No latch inferred for signal `\bch_78_64_t2_v1_decoder.\sigma2' from process `\bch_78_64_t2_v1_decoder.$proc$/gate04-repo/asic/rtl/bch/bch_78_64_t2_v1.sv:265$1377'.
No latch inferred for signal `\bch_78_64_t2_v1_decoder.\location_value' from process `\bch_78_64_t2_v1_decoder.$proc$/gate04-repo/asic/rtl/bch/bch_78_64_t2_v1.sv:265$1377'.
No latch inferred for signal `\bch_78_64_t2_v1_decoder.\locator_value' from process `\bch_78_64_t2_v1_decoder.$proc$/gate04-repo/asic/rtl/bch/bch_78_64_t2_v1.sv:265$1377'.
No latch inferred for signal `\bch_78_64_t2_v1_decoder.\candidate_mask' from process `\bch_78_64_t2_v1_decoder.$proc$/gate04-repo/asic/rtl/bch/bch_78_64_t2_v1.sv:265$1377'.
No latch inferred for signal `\bch_78_64_t2_v1_decoder.\candidate_codeword' from process `\bch_78_64_t2_v1_decoder.$proc$/gate04-repo/asic/rtl/bch/bch_78_64_t2_v1.sv:265$1377'.
No latch inferred for signal `\bch_78_64_t2_v1_decoder.\position' from process `\bch_78_64_t2_v1_decoder.$proc$/gate04-repo/asic/rtl/bch/bch_78_64_t2_v1.sv:265$1377'.
No latch inferred for signal `\bch_78_64_t2_v1_decoder.\root_count' from process `\bch_78_64_t2_v1_decoder.$proc$/gate04-repo/asic/rtl/bch/bch_78_64_t2_v1.sv:265$1377'.
No latch inferred for signal `\bch_78_64_t2_v1_encoder.\codeword_o' from process `\bch_78_64_t2_v1_encoder.$proc$/gate04-repo/asic/rtl/bch/bch_78_64_t2_v1.sv:14$7'.
No latch inferred for signal `\bch_78_64_t2_v1_encoder.\work' from process `\bch_78_64_t2_v1_encoder.$proc$/gate04-repo/asic/rtl/bch/bch_78_64_t2_v1.sv:14$7'.
No latch inferred for signal `\bch_78_64_t2_v1_encoder.\dividend_index' from process `\bch_78_64_t2_v1_encoder.$proc$/gate04-repo/asic/rtl/bch/bch_78_64_t2_v1.sv:14$7'.
Warning: Latch inferred for signal `\bch_78_64_t2_v1_encoder.\coefficient_index [3:0]' from process `\bch_78_64_t2_v1_encoder.$proc$/gate04-repo/asic/rtl/bch/bch_78_64_t2_v1.sv:14$7': $auto$proc_dlatch.cc:545:proc_dlatch$34175
Warning: Latch inferred for signal `\bch_78_64_t2_v1_encoder.\coefficient_index [31:4]' from process `\bch_78_64_t2_v1_encoder.$proc$/gate04-repo/asic/rtl/bch/bch_78_64_t2_v1.sv:14$7': $auto$proc_dlatch.cc:543:proc_dlatch$34178

4.9. Executing PROC_DFF pass (convert process syncs to FFs).
Creating register for signal `\gate04_bch_78_64.\enc_valid_o' using process `\gate04_bch_78_64.$proc$/gate04-repo/scripts/gate04/rtl/gate04_boundaries.sv:227$11606'.
  created $dff cell `$procdff$34179' with positive edge clock.
Creating register for signal `\gate04_bch_78_64.\enc_codeword_o' using process `\gate04_bch_78_64.$proc$/gate04-repo/scripts/gate04/rtl/gate04_boundaries.sv:227$11606'.
  created $dff cell `$procdff$34180' with positive edge clock.
Creating register for signal `\gate04_bch_78_64.\dec_valid_o' using process `\gate04_bch_78_64.$proc$/gate04-repo/scripts/gate04/rtl/gate04_boundaries.sv:227$11606'.
  created $dff cell `$procdff$34181' with positive edge clock.
Creating register for signal `\gate04_bch_78_64.\dec_data_o' using process `\gate04_bch_78_64.$proc$/gate04-repo/scripts/gate04/rtl/gate04_boundaries.sv:227$11606'.
  created $dff cell `$procdff$34182' with positive edge clock.
Creating register for signal `\gate04_bch_78_64.\dec_codeword_echo_o' using process `\gate04_bch_78_64.$proc$/gate04-repo/scripts/gate04/rtl/gate04_boundaries.sv:227$11606'.
  created $dff cell `$procdff$34183' with positive edge clock.
Creating register for signal `\gate04_bch_78_64.\dec_detected_o' using process `\gate04_bch_78_64.$proc$/gate04-repo/scripts/gate04/rtl/gate04_boundaries.sv:227$11606'.
  created $dff cell `$procdff$34184' with positive edge clock.
Creating register for signal `\gate04_bch_78_64.\dec_corrected_o' using process `\gate04_bch_78_64.$proc$/gate04-repo/scripts/gate04/rtl/gate04_boundaries.sv:227$11606'.
  created $dff cell `$procdff$34185' with positive edge clock.
Creating register for signal `\gate04_bch_78_64.\dec_uncorrectable_o' using process `\gate04_bch_78_64.$proc$/gate04-repo/scripts/gate04/rtl/gate04_boundaries.sv:227$11606'.
  created $dff cell `$procdff$34186' with positive edge clock.
Creating register for signal `\gate04_bch_78_64.\valid_q' using process `\gate04_bch_78_64.$proc$/gate04-repo/scripts/gate04/rtl/gate04_boundaries.sv:227$11606'.
  created $dff cell `$procdff$34187' with positive edge clock.
Creating register for signal `\gate04_bch_78_64.\enc_data_q' using process `\gate04_bch_78_64.$proc$/gate04-repo/scripts/gate04/rtl/gate04_boundaries.sv:227$11606'.
  created $dff cell `$procdff$34188' with positive edge clock.
Creating register for signal `\gate04_bch_78_64.\dec_codeword_q' using process `\gate04_bch_78_64.$proc$/gate04-repo/scripts/gate04/rtl/gate04_boundaries.sv:227$11606'.
  created $dff cell `$procdff$34189' with positive edge clock.

4.10. Executing PROC_MEMWR pass (convert process memory writes to cells).

4.11. Executing PROC_CLEAN pass (remove empty switches from decision trees).
Found and cleaned up 1 empty switch in `\gate04_bch_78_64.$proc$/gate04-repo/scripts/gate04/rtl/gate04_boundaries.sv:227$11606'.
Removing empty process `gate04_bch_78_64.$proc$/gate04-repo/scripts/gate04/rtl/gate04_boundaries.sv:227$11606'.
Found and cleaned up 2650 empty switches in `\bch_78_64_t2_v1_decoder.$proc$/gate04-repo/asic/rtl/bch/bch_78_64_t2_v1.sv:265$1377'.
Removing empty process `bch_78_64_t2_v1_decoder.$proc$/gate04-repo/asic/rtl/bch/bch_78_64_t2_v1.sv:265$1377'.
Found and cleaned up 64 empty switches in `\bch_78_64_t2_v1_encoder.$proc$/gate04-repo/asic/rtl/bch/bch_78_64_t2_v1.sv:14$7'.
Removing empty process `bch_78_64_t2_v1_encoder.$proc$/gate04-repo/asic/rtl/bch/bch_78_64_t2_v1.sv:14$7'.
Cleaned up 2715 empty switches.

4.12. Executing OPT_EXPR pass (perform const folding).
Optimizing module gate04_bch_78_64.
<suppressed ~11 debug messages>
Optimizing module bch_78_64_t2_v1_decoder.
<suppressed ~5138 debug messages>
Optimizing module bch_78_64_t2_v1_encoder.
<suppressed ~1668 debug messages>

5. Executing CHECK pass (checking for obvious problems).
Checking module gate04_bch_78_64...
Checking module bch_78_64_t2_v1_decoder...
Checking module bch_78_64_t2_v1_encoder...
Found and reported 0 problems.

6. Printing statistics.

=== gate04_bch_78_64 ===

        +----------Local Count, excluding submodules.
        | 
       58 wires
     1590 wire bits
       24 public wires
      842 public wire bits
       13 ports
      370 port bits
       23 cells
       11   $dff
        1   $logic_not
       11   $mux
        2 submodules
        1   bch_78_64_t2_v1_decoder
        1   bch_78_64_t2_v1_encoder

=== bch_78_64_t2_v1_decoder ===

        +----------Local Count, excluding submodules.
        | 
    25200 wires
   177002 wire bits
     1238 public wires
    13946 public wire bits
        8 ports
      329 port bits
     7704 cells
       77   $add
        2   $eq
        3   $logic_and
       80   $logic_not
        1   $logic_or
     5073   $mux
     1279   $not
        5   $reduce_bool
     1184   $xor

=== bch_78_64_t2_v1_encoder ===

        +----------Local Count, excluding submodules.
        | 
     4154 wires
     9513 wire bits
        5 public wires
      284 public wire bits
        2 ports
      142 port bits
     1329 cells
        2   $adlatch
       63   $and
      576   $mux
      625   $not
       63   $reduce_or

=== design hierarchy ===

        +----------Count including submodules.
        | 
     9056 gate04_bch_78_64
     7704 bch_78_64_t2_v1_decoder
     1329 bch_78_64_t2_v1_encoder

        +----------Count including submodules.
        | 
    29412 wires
   188105 wire bits
     1267 public wires
    15072 public wire bits
       23 ports
      841 port bits
        - memories
        - memory bits
        - processes
     9056 cells
       77   $add
        2   $adlatch
       63   $and
       11   $dff
        2   $eq
        3   $logic_and
       81   $logic_not
        1   $logic_or
     5660   $mux
     1904   $not
        5   $reduce_bool
       63   $reduce_or
     1184   $xor
        2 submodules
        1   bch_78_64_t2_v1_decoder
        1   bch_78_64_t2_v1_encoder

Warnings: 2 unique messages, 2 total
End of script. Logfile hash: 2fd40fb5d8, time: 17.80s, user: 17.47s, system: 0.31s, MEM: 124.19 MB peak
Yosys 0.68+post (git sha1 UNKNOWN, Release, GNU /usr/local/bin/wrapped-cc/g++ 11.4.0)
Time spent: 43% 3x read_verilog (7 sec), 36% 1x proc_mux (6 sec), ...
PREFLIGHT_TOP=gate04_boundary_ref_72_64

 /----------------------------------------------------------------------------\
 |  yosys -- Yosys Open SYnthesis Suite                                       |
 |  Copyright (C) 2012 - 2026  Claire Xenia Wolf <claire@yosyshq.com>         |
 |  Distributed under an ISC-like license, type "license" to see terms        |
 \----------------------------------------------------------------------------/
 Yosys 0.68+post (git sha1 UNKNOWN, Release, GNU /usr/local/bin/wrapped-cc/g++ 11.4.0)

-- Running command `read_verilog -sv /gate04-repo/scripts/gate04/rtl/gate04_boundaries.sv; hierarchy -check -top gate04_boundary_ref_72_64; proc; check -assert; stat' --

1. Executing Verilog-2005 frontend: /gate04-repo/scripts/gate04/rtl/gate04_boundaries.sv
Parsing SystemVerilog input from `/gate04-repo/scripts/gate04/rtl/gate04_boundaries.sv' to AST representation.
Generating RTLIL representation for module `\gate04_secded_comb_72_64'.
Generating RTLIL representation for module `\gate04_secded_pipe_72_64'.
Generating RTLIL representation for module `\gate04_hsiao_72_64'.
Generating RTLIL representation for module `\gate04_bch_78_64'.
Generating RTLIL representation for module `\gate04_boundary_ref_72_64'.
Generating RTLIL representation for module `\gate04_boundary_ref_78_64'.
Successfully finished Verilog frontend.

2. Executing HIERARCHY pass (managing design hierarchy).

2.1. Analyzing design hierarchy..
Top module:  \gate04_boundary_ref_72_64

2.2. Analyzing design hierarchy..
Top module:  \gate04_boundary_ref_72_64
Removing unused module `\gate04_boundary_ref_78_64'.
Removing unused module `\gate04_bch_78_64'.
Removing unused module `\gate04_hsiao_72_64'.
Removing unused module `\gate04_secded_pipe_72_64'.
Removing unused module `\gate04_secded_comb_72_64'.
Removed 5 unused modules.

3. Executing PROC pass (convert processes to netlists).

3.1. Executing PROC_CLEAN pass (remove empty switches from decision trees).
Cleaned up 0 empty switches.

3.2. Executing PROC_RMDEAD pass (remove dead branches from decision trees).
Marked 1 switch rules as full_case in process $proc$/gate04-repo/scripts/gate04/rtl/gate04_boundaries.sv:274$10 in module gate04_boundary_ref_72_64.
Removed a total of 0 dead cases.

3.3. Executing PROC_PRUNE pass (remove redundant assignments in processes).
Removed 11 redundant assignments.
Promoted 0 assignments to connections.

3.4. Executing PROC_INIT pass (extract init attributes).

3.5. Executing PROC_ARST pass (detect async resets in processes).

3.6. Executing PROC_ROM pass (convert switches to ROMs).
Converted 0 switches.
<suppressed ~1 debug messages>

3.7. Executing PROC_MUX pass (convert decision trees to multiplexers).
Creating decoders for process `\gate04_boundary_ref_72_64.$proc$/gate04-repo/scripts/gate04/rtl/gate04_boundaries.sv:274$10'.
     1/11: $0\dec_uncorrectable_o[0:0]
     2/11: $0\dec_corrected_o[0:0]
     3/11: $0\dec_detected_o[0:0]
     4/11: $0\dec_codeword_echo_o[71:0]
     5/11: $0\dec_data_o[63:0]
     6/11: $0\dec_valid_o[0:0]
     7/11: $0\enc_codeword_o[71:0]
     8/11: $0\enc_valid_o[0:0]
     9/11: $0\dec_codeword_q[71:0]
    10/11: $0\enc_data_q[63:0]
    11/11: $0\valid_q[0:0]

3.8. Executing PROC_DLATCH pass (convert process syncs to latches).

3.9. Executing PROC_DFF pass (convert process syncs to FFs).
Creating register for signal `\gate04_boundary_ref_72_64.\enc_valid_o' using process `\gate04_boundary_ref_72_64.$proc$/gate04-repo/scripts/gate04/rtl/gate04_boundaries.sv:274$10'.
  created $dff cell `$procdff$44' with positive edge clock.
Creating register for signal `\gate04_boundary_ref_72_64.\enc_codeword_o' using process `\gate04_boundary_ref_72_64.$proc$/gate04-repo/scripts/gate04/rtl/gate04_boundaries.sv:274$10'.
  created $dff cell `$procdff$45' with positive edge clock.
Creating register for signal `\gate04_boundary_ref_72_64.\dec_valid_o' using process `\gate04_boundary_ref_72_64.$proc$/gate04-repo/scripts/gate04/rtl/gate04_boundaries.sv:274$10'.
  created $dff cell `$procdff$46' with positive edge clock.
Creating register for signal `\gate04_boundary_ref_72_64.\dec_data_o' using process `\gate04_boundary_ref_72_64.$proc$/gate04-repo/scripts/gate04/rtl/gate04_boundaries.sv:274$10'.
  created $dff cell `$procdff$47' with positive edge clock.
Creating register for signal `\gate04_boundary_ref_72_64.\dec_codeword_echo_o' using process `\gate04_boundary_ref_72_64.$proc$/gate04-repo/scripts/gate04/rtl/gate04_boundaries.sv:274$10'.
  created $dff cell `$procdff$48' with positive edge clock.
Creating register for signal `\gate04_boundary_ref_72_64.\dec_detected_o' using process `\gate04_boundary_ref_72_64.$proc$/gate04-repo/scripts/gate04/rtl/gate04_boundaries.sv:274$10'.
  created $dff cell `$procdff$49' with positive edge clock.
Creating register for signal `\gate04_boundary_ref_72_64.\dec_corrected_o' using process `\gate04_boundary_ref_72_64.$proc$/gate04-repo/scripts/gate04/rtl/gate04_boundaries.sv:274$10'.
  created $dff cell `$procdff$50' with positive edge clock.
Creating register for signal `\gate04_boundary_ref_72_64.\dec_uncorrectable_o' using process `\gate04_boundary_ref_72_64.$proc$/gate04-repo/scripts/gate04/rtl/gate04_boundaries.sv:274$10'.
  created $dff cell `$procdff$51' with positive edge clock.
Creating register for signal `\gate04_boundary_ref_72_64.\valid_q' using process `\gate04_boundary_ref_72_64.$proc$/gate04-repo/scripts/gate04/rtl/gate04_boundaries.sv:274$10'.
  created $dff cell `$procdff$52' with positive edge clock.
Creating register for signal `\gate04_boundary_ref_72_64.\enc_data_q' using process `\gate04_boundary_ref_72_64.$proc$/gate04-repo/scripts/gate04/rtl/gate04_boundaries.sv:274$10'.
  created $dff cell `$procdff$53' with positive edge clock.
Creating register for signal `\gate04_boundary_ref_72_64.\dec_codeword_q' using process `\gate04_boundary_ref_72_64.$proc$/gate04-repo/scripts/gate04/rtl/gate04_boundaries.sv:274$10'.
  created $dff cell `$procdff$54' with positive edge clock.

3.10. Executing PROC_MEMWR pass (convert process memory writes to cells).

3.11. Executing PROC_CLEAN pass (remove empty switches from decision trees).
Found and cleaned up 1 empty switch in `\gate04_boundary_ref_72_64.$proc$/gate04-repo/scripts/gate04/rtl/gate04_boundaries.sv:274$10'.
Removing empty process `gate04_boundary_ref_72_64.$proc$/gate04-repo/scripts/gate04/rtl/gate04_boundaries.sv:274$10'.
Cleaned up 1 empty switch.

3.12. Executing OPT_EXPR pass (perform const folding).
Optimizing module gate04_boundary_ref_72_64.
<suppressed ~8 debug messages>

4. Executing CHECK pass (checking for obvious problems).
Checking module gate04_boundary_ref_72_64...
Found and reported 0 problems.

5. Printing statistics.

=== gate04_boundary_ref_72_64 ===

        +----------Local Count, excluding submodules.
        | 
       44 wires
     1195 wire bits
       16 public wires
      489 public wire bits
       13 ports
      352 port bits
       20 cells
       11   $dff
        1   $logic_not
        8   $mux

End of script. Logfile hash: 7434c96abb, time: 0.04s, user: 0.04s, system: 0.06s, MEM: 23.94 MB peak
Yosys 0.68+post (git sha1 UNKNOWN, Release, GNU /usr/local/bin/wrapped-cc/g++ 11.4.0)
Time spent: 67% 2x read_verilog (0 sec), 8% 1x check (0 sec), ...
PREFLIGHT_TOP=gate04_boundary_ref_78_64

 /----------------------------------------------------------------------------\
 |  yosys -- Yosys Open SYnthesis Suite                                       |
 |  Copyright (C) 2012 - 2026  Claire Xenia Wolf <claire@yosyshq.com>         |
 |  Distributed under an ISC-like license, type "license" to see terms        |
 \----------------------------------------------------------------------------/
 Yosys 0.68+post (git sha1 UNKNOWN, Release, GNU /usr/local/bin/wrapped-cc/g++ 11.4.0)

-- Running command `read_verilog -sv /gate04-repo/scripts/gate04/rtl/gate04_boundaries.sv; hierarchy -check -top gate04_boundary_ref_78_64; proc; check -assert; stat' --

1. Executing Verilog-2005 frontend: /gate04-repo/scripts/gate04/rtl/gate04_boundaries.sv
Parsing SystemVerilog input from `/gate04-repo/scripts/gate04/rtl/gate04_boundaries.sv' to AST representation.
Generating RTLIL representation for module `\gate04_secded_comb_72_64'.
Generating RTLIL representation for module `\gate04_secded_pipe_72_64'.
Generating RTLIL representation for module `\gate04_hsiao_72_64'.
Generating RTLIL representation for module `\gate04_bch_78_64'.
Generating RTLIL representation for module `\gate04_boundary_ref_72_64'.
Generating RTLIL representation for module `\gate04_boundary_ref_78_64'.
Successfully finished Verilog frontend.

2. Executing HIERARCHY pass (managing design hierarchy).

2.1. Analyzing design hierarchy..
Top module:  \gate04_boundary_ref_78_64

2.2. Analyzing design hierarchy..
Top module:  \gate04_boundary_ref_78_64
Removing unused module `\gate04_boundary_ref_72_64'.
Removing unused module `\gate04_bch_78_64'.
Removing unused module `\gate04_hsiao_72_64'.
Removing unused module `\gate04_secded_pipe_72_64'.
Removing unused module `\gate04_secded_comb_72_64'.
Removed 5 unused modules.

3. Executing PROC pass (convert processes to netlists).

3.1. Executing PROC_CLEAN pass (remove empty switches from decision trees).
Cleaned up 0 empty switches.

3.2. Executing PROC_RMDEAD pass (remove dead branches from decision trees).
Marked 1 switch rules as full_case in process $proc$/gate04-repo/scripts/gate04/rtl/gate04_boundaries.sv:310$12 in module gate04_boundary_ref_78_64.
Removed a total of 0 dead cases.

3.3. Executing PROC_PRUNE pass (remove redundant assignments in processes).
Removed 11 redundant assignments.
Promoted 0 assignments to connections.

3.4. Executing PROC_INIT pass (extract init attributes).

3.5. Executing PROC_ARST pass (detect async resets in processes).

3.6. Executing PROC_ROM pass (convert switches to ROMs).
Converted 0 switches.
<suppressed ~1 debug messages>

3.7. Executing PROC_MUX pass (convert decision trees to multiplexers).
Creating decoders for process `\gate04_boundary_ref_78_64.$proc$/gate04-repo/scripts/gate04/rtl/gate04_boundaries.sv:310$12'.
     1/11: $0\dec_uncorrectable_o[0:0]
     2/11: $0\dec_corrected_o[0:0]
     3/11: $0\dec_detected_o[0:0]
     4/11: $0\dec_codeword_echo_o[77:0]
     5/11: $0\dec_data_o[63:0]
     6/11: $0\dec_valid_o[0:0]
     7/11: $0\enc_codeword_o[77:0]
     8/11: $0\enc_valid_o[0:0]
     9/11: $0\dec_codeword_q[77:0]
    10/11: $0\enc_data_q[63:0]
    11/11: $0\valid_q[0:0]

3.8. Executing PROC_DLATCH pass (convert process syncs to latches).

3.9. Executing PROC_DFF pass (convert process syncs to FFs).
Creating register for signal `\gate04_boundary_ref_78_64.\enc_valid_o' using process `\gate04_boundary_ref_78_64.$proc$/gate04-repo/scripts/gate04/rtl/gate04_boundaries.sv:310$12'.
  created $dff cell `$procdff$44' with positive edge clock.
Creating register for signal `\gate04_boundary_ref_78_64.\enc_codeword_o' using process `\gate04_boundary_ref_78_64.$proc$/gate04-repo/scripts/gate04/rtl/gate04_boundaries.sv:310$12'.
  created $dff cell `$procdff$45' with positive edge clock.
Creating register for signal `\gate04_boundary_ref_78_64.\dec_valid_o' using process `\gate04_boundary_ref_78_64.$proc$/gate04-repo/scripts/gate04/rtl/gate04_boundaries.sv:310$12'.
  created $dff cell `$procdff$46' with positive edge clock.
Creating register for signal `\gate04_boundary_ref_78_64.\dec_data_o' using process `\gate04_boundary_ref_78_64.$proc$/gate04-repo/scripts/gate04/rtl/gate04_boundaries.sv:310$12'.
  created $dff cell `$procdff$47' with positive edge clock.
Creating register for signal `\gate04_boundary_ref_78_64.\dec_codeword_echo_o' using process `\gate04_boundary_ref_78_64.$proc$/gate04-repo/scripts/gate04/rtl/gate04_boundaries.sv:310$12'.
  created $dff cell `$procdff$48' with positive edge clock.
Creating register for signal `\gate04_boundary_ref_78_64.\dec_detected_o' using process `\gate04_boundary_ref_78_64.$proc$/gate04-repo/scripts/gate04/rtl/gate04_boundaries.sv:310$12'.
  created $dff cell `$procdff$49' with positive edge clock.
Creating register for signal `\gate04_boundary_ref_78_64.\dec_corrected_o' using process `\gate04_boundary_ref_78_64.$proc$/gate04-repo/scripts/gate04/rtl/gate04_boundaries.sv:310$12'.
  created $dff cell `$procdff$50' with positive edge clock.
Creating register for signal `\gate04_boundary_ref_78_64.\dec_uncorrectable_o' using process `\gate04_boundary_ref_78_64.$proc$/gate04-repo/scripts/gate04/rtl/gate04_boundaries.sv:310$12'.
  created $dff cell `$procdff$51' with positive edge clock.
Creating register for signal `\gate04_boundary_ref_78_64.\valid_q' using process `\gate04_boundary_ref_78_64.$proc$/gate04-repo/scripts/gate04/rtl/gate04_boundaries.sv:310$12'.
  created $dff cell `$procdff$52' with positive edge clock.
Creating register for signal `\gate04_boundary_ref_78_64.\enc_data_q' using process `\gate04_boundary_ref_78_64.$proc$/gate04-repo/scripts/gate04/rtl/gate04_boundaries.sv:310$12'.
  created $dff cell `$procdff$53' with positive edge clock.
Creating register for signal `\gate04_boundary_ref_78_64.\dec_codeword_q' using process `\gate04_boundary_ref_78_64.$proc$/gate04-repo/scripts/gate04/rtl/gate04_boundaries.sv:310$12'.
  created $dff cell `$procdff$54' with positive edge clock.

3.10. Executing PROC_MEMWR pass (convert process memory writes to cells).

3.11. Executing PROC_CLEAN pass (remove empty switches from decision trees).
Found and cleaned up 1 empty switch in `\gate04_boundary_ref_78_64.$proc$/gate04-repo/scripts/gate04/rtl/gate04_boundaries.sv:310$12'.
Removing empty process `gate04_boundary_ref_78_64.$proc$/gate04-repo/scripts/gate04/rtl/gate04_boundaries.sv:310$12'.
Cleaned up 1 empty switch.

3.12. Executing OPT_EXPR pass (perform const folding).
Optimizing module gate04_boundary_ref_78_64.
<suppressed ~8 debug messages>

4. Executing CHECK pass (checking for obvious problems).
Checking module gate04_boundary_ref_78_64...
Found and reported 0 problems.

5. Printing statistics.

=== gate04_boundary_ref_78_64 ===

        +----------Local Count, excluding submodules.
        | 
       44 wires
     1255 wire bits
       16 public wires
      513 public wire bits
       13 ports
      370 port bits
       20 cells
       11   $dff
        1   $logic_not
        8   $mux

End of script. Logfile hash: 0c4697b40f, time: 0.03s, user: 0.06s, system: 0.03s, MEM: 24.13 MB peak
Yosys 0.68+post (git sha1 UNKNOWN, Release, GNU /usr/local/bin/wrapped-cc/g++ 11.4.0)
Time spent: 70% 2x read_verilog (0 sec), 8% 1x check (0 sec), ...
GATE04_YOSYS_PREFLIGHT_PASS tops=6
