{
  "provenance": {
    "basis": "per_gib",
    "ci_method": "bootstrap",
    "seed": 1,
    "n_resamples": 100,
    "filter": null,
    "notes": []
  },
  "exchange": {
    "fit_vs_carbon": {
      "kg_per_decade": -21.239591802503828,
      "mean": -21.23959180250384,
      "std": 1.0711834781949522e-14,
      "ci95": [
        -21.239591802503828,
        -21.239591802503828
      ],
      "r": NaN,
      "p": NaN,
      "N": 1
    }
  },
  "quality": {
    "hypervolume": 1.0,
    "ref_point_norm": [
      1.0,
      1.0
    ],
    "spacing": 0.0
  }
}