{
  "provenance": {
    "basis": "per_gib",
    "ci_method": "bootstrap",
    "seed": 1,
    "n_resamples": 100,
    "filter": null,
    "notes": []
  },
  "exchange": {
    "fit_vs_carbon": {
      "kg_per_decade": -0.16851399232172562,
      "mean": -0.16851399232172556,
      "std": 5.579080615598709e-17,
      "ci95": [
        -0.16851399232172562,
        -0.16851399232172562
      ],
      "r": NaN,
      "p": NaN,
      "N": 1
    }
  },
  "quality": {
    "hypervolume": 1.0,
    "ref_point_norm": [
      1.0,
      1.0
    ],
    "spacing": 0.0
  }
}