mkdir -p /work/campaigns/iscas_sustainability_extension/memory_compiler/gate3_attempt09_sram22_residual_interface_drv_and_provenance_closure/raw/openroad/work/results/sky130hd/attempt09_e0/seed13/
echo 10.0 > /work/campaigns/iscas_sustainability_extension/memory_compiler/gate3_attempt09_sram22_residual_interface_drv_and_provenance_closure/raw/openroad/work/results/sky130hd/attempt09_e0/seed13/clock_period.txt
/OpenROAD-flow-scripts/flow/scripts/synth.sh /OpenROAD-flow-scripts/flow/scripts/synth_canonicalize.tcl /work/campaigns/iscas_sustainability_extension/memory_compiler/gate3_attempt09_sram22_residual_interface_drv_and_provenance_closure/raw/openroad/work/logs/sky130hd/attempt09_e0/seed13/1_1_yosys_canonicalize.log
Using ABC speed script.
Extracting clock period from SDC file: /work/campaigns/iscas_sustainability_extension/memory_compiler/gate3_attempt09_sram22_residual_interface_drv_and_provenance_closure/raw/openroad/work/results/sky130hd/attempt09_e0/seed13/clock_period.txt
Setting clock period to 10.0
1. Executing Liberty frontend: /OpenROAD-flow-scripts/flow/platforms/sky130hd/lib/sky130_fd_sc_hd__tt_025C_1v80.lib
2. Executing Liberty frontend: /work/campaigns/iscas_sustainability_extension/memory_compiler/gate3_attempt09_sram22_residual_interface_drv_and_provenance_closure/source_checkout/sram22_256x64m4w8/sram22_256x64m4w8_tt_025C_1v80.lib
3. Executing Liberty frontend: /work/campaigns/iscas_sustainability_extension/memory_compiler/gate3_attempt09_sram22_residual_interface_drv_and_provenance_closure/source_checkout/sram22_256x8m8w1/sram22_256x8m8w1_tt_025C_1v80.lib
4. Executing Liberty frontend: /OpenROAD-flow-scripts/flow/platforms/sky130hd/lib/sky130_fd_sc_hd__tt_025C_1v80.lib
5. Executing Liberty frontend: /work/campaigns/iscas_sustainability_extension/memory_compiler/gate3_attempt09_sram22_residual_interface_drv_and_provenance_closure/source_checkout/sram22_256x64m4w8/sram22_256x64m4w8_tt_025C_1v80.lib
6. Executing Liberty frontend: /work/campaigns/iscas_sustainability_extension/memory_compiler/gate3_attempt09_sram22_residual_interface_drv_and_provenance_closure/source_checkout/sram22_256x8m8w1/sram22_256x8m8w1_tt_025C_1v80.lib
7. Executing Verilog-2005 frontend: /work/campaigns/iscas_sustainability_extension/memory_compiler/gate3_attempt09_sram22_residual_interface_drv_and_provenance_closure/rtl/hsiao_secded_72_64_v1_encoder.sv
8. Executing Verilog-2005 frontend: /work/campaigns/iscas_sustainability_extension/memory_compiler/gate3_attempt09_sram22_residual_interface_drv_and_provenance_closure/rtl/hsiao_secded_72_64_v1_syndrome.sv
9. Executing Verilog-2005 frontend: /work/campaigns/iscas_sustainability_extension/memory_compiler/gate3_attempt09_sram22_residual_interface_drv_and_provenance_closure/rtl/hsiao_secded_72_64_v2_algorithmic_decoder.sv
10. Executing Verilog-2005 frontend: /work/campaigns/iscas_sustainability_extension/memory_compiler/gate3_attempt09_sram22_residual_interface_drv_and_provenance_closure/source_checkout/sram22_256x64m4w8/sram22_256x64m4w8.v
11. Executing Verilog-2005 frontend: /work/campaigns/iscas_sustainability_extension/memory_compiler/gate3_attempt09_sram22_residual_interface_drv_and_provenance_closure/source_checkout/sram22_256x8m8w1/sram22_256x8m8w1.v
12. Executing Verilog-2005 frontend: /work/campaigns/iscas_sustainability_extension/memory_compiler/gate3_attempt09_sram22_residual_interface_drv_and_provenance_closure/rtl/ecc_sram_256x72_sram22.sv
13. Executing Verilog-2005 frontend: /OpenROAD-flow-scripts/flow/platforms/sky130hd/cells_clkgate_hd.v
14. Executing HIERARCHY pass (managing design hierarchy).
15. Executing AST frontend in derive mode using pre-parsed AST for module `\e0_sram22_top'.
15.1. Analyzing design hierarchy..
15.2. Executing AST frontend in derive mode using pre-parsed AST for module `\ecc_sram_256x72_sram22'.
15.3. Analyzing design hierarchy..
15.4. Executing AST frontend in derive mode using pre-parsed AST for module `\hsiao_secded_72_64_v2_algorithmic_decoder'.
15.5. Executing AST frontend in derive mode using pre-parsed AST for module `\hsiao_secded_72_64_v1_encoder'.
15.6. Analyzing design hierarchy..
15.7. Executing AST frontend in derive mode using pre-parsed AST for module `\hsiao_secded_72_64_v1_syndrome'.
15.8. Analyzing design hierarchy..
15.9. Analyzing design hierarchy..
Warning: Selection "sram22_256x64m4w8" did not match any module.
Warning: Selection "sram22_256x8m8w1" did not match any module.
16. Executing HIERARCHY pass (managing design hierarchy).
16.1. Analyzing design hierarchy..
16.2. Analyzing design hierarchy..
17. Executing OPT_CLEAN pass (remove unused cells and wires).
18. Executing RTLIL backend.
Warnings: 2 unique messages, 2 total
End of script. Logfile hash: 25fb9f1327, time: 0.83s, user: 0.31s, system: 0.14s, MEM: 56.75 MB peak
Yosys 0.68+post (git sha1 UNKNOWN, Release, GNU /usr/local/bin/wrapped-cc/g++ 11.4.0)
Time spent: 64% 8x read_liberty (0 sec), 12% 2x write_rtlil (0 sec), ...
Elapsed time: 0:00.86[h:]min:sec. CPU time: user 0.34 sys 0.15 (57%). Peak memory: 60628KB.
Log                       Ext     Elapsed/s Peak Memory/MB sha1sum result [0:20)
1_1_yosys_canonicalize    .rtlil          0             59 0b4f2f27ab5367f95082
/OpenROAD-flow-scripts/flow/scripts/synth.sh /OpenROAD-flow-scripts/flow/scripts/synth.tcl /work/campaigns/iscas_sustainability_extension/memory_compiler/gate3_attempt09_sram22_residual_interface_drv_and_provenance_closure/raw/openroad/work/logs/sky130hd/attempt09_e0/seed13/1_2_yosys.log
Using ABC speed script.
Extracting clock period from SDC file: /work/campaigns/iscas_sustainability_extension/memory_compiler/gate3_attempt09_sram22_residual_interface_drv_and_provenance_closure/raw/openroad/work/results/sky130hd/attempt09_e0/seed13/clock_period.txt
Setting clock period to 10.0
1. Executing RTLIL frontend.
Warning: Selection "sram22_256x64m4w8" did not match any module.
Warning: Selection "sram22_256x8m8w1" did not match any module.
2. Executing HIERARCHY pass (managing design hierarchy).
2.1. Analyzing design hierarchy..
2.2. Analyzing design hierarchy..
3. Executing SYNTH pass.
3.1. Executing HIERARCHY pass (managing design hierarchy).
3.1.1. Analyzing design hierarchy..
3.1.2. Analyzing design hierarchy..
3.2. Executing PROC pass (convert processes to netlists).
3.2.1. Executing PROC_CLEAN pass (remove empty switches from decision trees).
3.2.2. Executing PROC_RMDEAD pass (remove dead branches from decision trees).
3.2.3. Executing PROC_PRUNE pass (remove redundant assignments in processes).
3.2.4. Executing PROC_INIT pass (extract init attributes).
3.2.5. Executing PROC_ARST pass (detect async resets in processes).
3.2.6. Executing PROC_ROM pass (convert switches to ROMs).
3.2.7. Executing PROC_MUX pass (convert decision trees to multiplexers).
3.2.8. Executing PROC_DLATCH pass (convert process syncs to latches).
3.2.9. Executing PROC_DFF pass (convert process syncs to FFs).
3.2.10. Executing PROC_MEMWR pass (convert process memory writes to cells).
3.2.11. Executing PROC_CLEAN pass (remove empty switches from decision trees).
3.2.12. Executing OPT_EXPR pass (perform const folding).
3.3. Executing CHECK pass (checking for obvious problems).
3.4. Executing FLATTEN pass (flatten design).
3.5. Executing OPT_EXPR pass (perform const folding).
3.6. Executing OPT_CLEAN pass (remove unused cells and wires).
3.7. Executing CHECK pass (checking for obvious problems).
3.8. Executing OPT pass (performing simple optimizations).
3.8.1. Executing OPT_EXPR pass (perform const folding).
3.8.2. Executing OPT_MERGE pass (detect identical cells).
3.8.3. Executing OPT_MUXTREE pass (detect dead branches in mux trees).
3.8.4. Executing OPT_REDUCE pass (consolidate $*mux and $reduce_* inputs).
3.8.5. Executing OPT_MERGE pass (detect identical cells).
3.8.6. Executing OPT_DFF pass (perform DFF optimizations).
3.8.7. Executing OPT_CLEAN pass (remove unused cells and wires).
3.8.8. Executing OPT_EXPR pass (perform const folding).
3.8.9. Rerunning OPT passes. (Maybe there is more to do..)
3.8.10. Executing OPT_MUXTREE pass (detect dead branches in mux trees).
3.8.11. Executing OPT_REDUCE pass (consolidate $*mux and $reduce_* inputs).
3.8.12. Executing OPT_MERGE pass (detect identical cells).
3.8.13. Executing OPT_DFF pass (perform DFF optimizations).
3.8.14. Executing OPT_CLEAN pass (remove unused cells and wires).
3.8.15. Executing OPT_EXPR pass (perform const folding).
3.8.16. Finished fast OPT passes. (There is nothing left to do.)
3.9. Executing FSM pass (extract and optimize FSM).
3.9.1. Executing FSM_DETECT pass (finding FSMs in design).
3.9.2. Executing FSM_EXTRACT pass (extracting FSM from design).
3.9.3. Executing FSM_OPT pass (simple optimizations of FSMs).
3.9.4. Executing OPT_CLEAN pass (remove unused cells and wires).
3.9.5. Executing FSM_OPT pass (simple optimizations of FSMs).
3.9.6. Executing FSM_RECODE pass (re-assigning FSM state encoding).
3.9.7. Executing FSM_INFO pass (dumping all available information on FSM cells).
3.9.8. Executing FSM_MAP pass (mapping FSMs to basic logic).
3.10. Executing OPT pass (performing simple optimizations).
3.10.1. Executing OPT_EXPR pass (perform const folding).
3.10.2. Executing OPT_MERGE pass (detect identical cells).
3.10.3. Executing OPT_MUXTREE pass (detect dead branches in mux trees).
3.10.4. Executing OPT_REDUCE pass (consolidate $*mux and $reduce_* inputs).
3.10.5. Executing OPT_MERGE pass (detect identical cells).
3.10.6. Executing OPT_DFF pass (perform DFF optimizations).
3.10.7. Executing OPT_CLEAN pass (remove unused cells and wires).
3.10.8. Executing OPT_EXPR pass (perform const folding).
3.10.9. Finished fast OPT passes. (There is nothing left to do.)
3.11. Executing WREDUCE pass (reducing word size of cells).
3.12. Executing PEEPOPT pass (run peephole optimizers).
3.13. Executing OPT_CLEAN pass (remove unused cells and wires).
3.14. Executing ALUMACC pass (create $alu and $macc cells).
3.15. Executing SHARE pass (SAT-based resource sharing).
3.16. Executing OPT pass (performing simple optimizations).
3.16.1. Executing OPT_EXPR pass (perform const folding).
3.16.2. Executing OPT_MERGE pass (detect identical cells).
3.16.3. Executing OPT_MUXTREE pass (detect dead branches in mux trees).
3.16.4. Executing OPT_REDUCE pass (consolidate $*mux and $reduce_* inputs).
3.16.5. Executing OPT_MERGE pass (detect identical cells).
3.16.6. Executing OPT_DFF pass (perform DFF optimizations).
3.16.7. Executing OPT_CLEAN pass (remove unused cells and wires).
3.16.8. Executing OPT_EXPR pass (perform const folding).
3.16.9. Finished fast OPT passes. (There is nothing left to do.)
3.17. Executing MEMORY pass.
3.17.1. Executing OPT_MEM pass (optimize memories).
3.17.2. Executing OPT_MEM_PRIORITY pass (removing unnecessary memory write priority relations).
3.17.3. Executing OPT_MEM_FEEDBACK pass (finding memory read-to-write feedback paths).
3.17.4. Executing MEMORY_BMUX2ROM pass (converting muxes to ROMs).
3.17.5. Executing MEMORY_DFF pass (merging $dff cells to $memrd).
3.17.6. Executing OPT_CLEAN pass (remove unused cells and wires).
3.17.7. Executing MEMORY_SHARE pass (consolidating $memrd/$memwr cells).
3.17.8. Executing OPT_MEM_WIDEN pass (optimize memories where all ports are wide).
3.17.9. Executing OPT_CLEAN pass (remove unused cells and wires).
3.17.10. Executing MEMORY_COLLECT pass (generating $mem cells).
3.18. Executing OPT_CLEAN pass (remove unused cells and wires).
4. Executing SYNTH pass.
4.1. Executing OPT pass (performing simple optimizations).
4.1.1. Executing OPT_EXPR pass (perform const folding).
4.1.2. Executing OPT_MERGE pass (detect identical cells).
4.1.3. Executing OPT_DFF pass (perform DFF optimizations).
4.1.4. Executing OPT_CLEAN pass (remove unused cells and wires).
4.1.5. Finished fast OPT passes.
4.2. Executing MEMORY_MAP pass (converting memories to logic and flip-flops).
4.3. Executing OPT pass (performing simple optimizations).
4.3.1. Executing OPT_EXPR pass (perform const folding).
4.3.2. Executing OPT_MERGE pass (detect identical cells).
4.3.3. Executing OPT_MUXTREE pass (detect dead branches in mux trees).
4.3.4. Executing OPT_REDUCE pass (consolidate $*mux and $reduce_* inputs).
4.3.5. Executing OPT_MERGE pass (detect identical cells).
4.3.6. Executing OPT_SHARE pass.
4.3.7. Executing OPT_DFF pass (perform DFF optimizations).
4.3.8. Executing OPT_CLEAN pass (remove unused cells and wires).
4.3.9. Executing OPT_EXPR pass (perform const folding).
4.3.10. Finished fast OPT passes. (There is nothing left to do.)
4.4. Executing TECHMAP pass (map to technology primitives).
4.4.1. Executing Verilog-2005 frontend: /OpenROAD-flow-scripts/tools/install/yosys/bin/../share/yosys/techmap.v
4.4.2. Executing Verilog-2005 frontend: /OpenROAD-flow-scripts/flow/platforms/common/lcu_kogge_stone.v
4.4.3. Continuing TECHMAP pass.
4.5. Executing OPT pass (performing simple optimizations).
4.5.1. Executing OPT_EXPR pass (perform const folding).
4.5.2. Executing OPT_MERGE pass (detect identical cells).
4.5.3. Executing OPT_DFF pass (perform DFF optimizations).
4.5.4. Executing OPT_CLEAN pass (remove unused cells and wires).
4.5.5. Finished fast OPT passes.
4.6. Executing HIERARCHY pass (managing design hierarchy).
4.6.1. Analyzing design hierarchy..
4.6.2. Analyzing design hierarchy..
4.7. Printing statistics.
4.8. Executing CHECK pass (checking for obvious problems).
5. Executing OPT pass (performing simple optimizations).
5.1. Executing OPT_EXPR pass (perform const folding).
5.2. Executing OPT_MERGE pass (detect identical cells).
5.3. Executing OPT_MUXTREE pass (detect dead branches in mux trees).
5.4. Executing OPT_REDUCE pass (consolidate $*mux and $reduce_* inputs).
5.5. Executing OPT_MERGE pass (detect identical cells).
5.6. Executing OPT_DFF pass (perform DFF optimizations).
5.7. Executing OPT_CLEAN pass (remove unused cells and wires).
5.8. Executing OPT_EXPR pass (perform const folding).
5.9. Rerunning OPT passes. (Maybe there is more to do..)
5.10. Executing OPT_MUXTREE pass (detect dead branches in mux trees).
5.11. Executing OPT_REDUCE pass (consolidate $*mux and $reduce_* inputs).
5.12. Executing OPT_MERGE pass (detect identical cells).
5.13. Executing OPT_DFF pass (perform DFF optimizations).
5.14. Executing OPT_CLEAN pass (remove unused cells and wires).
5.15. Executing OPT_EXPR pass (perform const folding).
5.16. Finished fast OPT passes. (There is nothing left to do.)
6. Executing EXTRACT_FA pass (find and extract full/half adders).
7. Executing TECHMAP pass (map to technology primitives).
7.1. Executing Verilog-2005 frontend: /OpenROAD-flow-scripts/flow/platforms/sky130hd/cells_adders_hd.v
7.2. Continuing TECHMAP pass.
8. Executing TECHMAP pass (map to technology primitives).
8.1. Executing Verilog-2005 frontend: /OpenROAD-flow-scripts/tools/install/yosys/bin/../share/yosys/techmap.v
8.2. Continuing TECHMAP pass.
9. Executing OPT pass (performing simple optimizations).
9.1. Executing OPT_EXPR pass (perform const folding).
9.2. Executing OPT_MERGE pass (detect identical cells).
9.3. Executing OPT_DFF pass (perform DFF optimizations).
9.4. Executing OPT_CLEAN pass (remove unused cells and wires).
9.5. Finished fast OPT passes.
10. Executing DFFLEGALIZE pass (convert FFs to types supported by the target).
11. Executing TECHMAP pass (map to technology primitives).
11.1. Executing Verilog-2005 frontend: /OpenROAD-flow-scripts/flow/platforms/sky130hd/cells_latch_hd.v
11.2. Continuing TECHMAP pass.
12. Executing DFFLIBMAP pass (mapping DFF cells to sequential cells from liberty file).
12.1. Executing DFFLEGALIZE pass (convert FFs to types supported by the target).
13. Executing OPT pass (performing simple optimizations).
13.1. Executing OPT_EXPR pass (perform const folding).
13.2. Executing OPT_MERGE pass (detect identical cells).
13.3. Executing OPT_MUXTREE pass (detect dead branches in mux trees).
13.4. Executing OPT_REDUCE pass (consolidate $*mux and $reduce_* inputs).
13.5. Executing OPT_MERGE pass (detect identical cells).
13.6. Executing OPT_DFF pass (perform DFF optimizations).
13.7. Executing OPT_CLEAN pass (remove unused cells and wires).
13.8. Executing OPT_EXPR pass (perform const folding).
13.9. Finished fast OPT passes. (There is nothing left to do.)
14. Executing SETUNDEF pass (replace undef values with defined constants).
abc -script /OpenROAD-flow-scripts/flow/scripts/abc_speed.script -liberty /OpenROAD-flow-scripts/flow/platforms/sky130hd/lib/sky130_fd_sc_hd__tt_025C_1v80.lib -liberty /work/campaigns/iscas_sustainability_extension/memory_compiler/gate3_attempt09_sram22_residual_interface_drv_and_provenance_closure/source_checkout/sram22_256x64m4w8/sram22_256x64m4w8_tt_025C_1v80.lib -liberty /work/campaigns/iscas_sustainability_extension/memory_compiler/gate3_attempt09_sram22_residual_interface_drv_and_provenance_closure/source_checkout/sram22_256x8m8w1/sram22_256x8m8w1_tt_025C_1v80.lib -dont_use sky130_fd_sc_hd__probe_p_8 -dont_use sky130_fd_sc_hd__probec_p_8 -dont_use sky130_fd_sc_hd__lpflow_bleeder_1 -dont_use sky130_fd_sc_hd__lpflow_clkbufkapwr_1 -dont_use sky130_fd_sc_hd__lpflow_clkbufkapwr_16 -dont_use sky130_fd_sc_hd__lpflow_clkbufkapwr_2 -dont_use sky130_fd_sc_hd__lpflow_clkbufkapwr_4 -dont_use sky130_fd_sc_hd__lpflow_clkbufkapwr_8 -dont_use sky130_fd_sc_hd__lpflow_clkinvkapwr_1 -dont_use sky130_fd_sc_hd__lpflow_clkinvkapwr_16 -dont_use sky130_fd_sc_hd__lpflow_clkinvkapwr_2 -dont_use sky130_fd_sc_hd__lpflow_clkinvkapwr_4 -dont_use sky130_fd_sc_hd__lpflow_clkinvkapwr_8 -dont_use sky130_fd_sc_hd__lpflow_decapkapwr_12 -dont_use sky130_fd_sc_hd__lpflow_decapkapwr_3 -dont_use sky130_fd_sc_hd__lpflow_decapkapwr_4 -dont_use sky130_fd_sc_hd__lpflow_decapkapwr_6 -dont_use sky130_fd_sc_hd__lpflow_decapkapwr_8 -dont_use sky130_fd_sc_hd__lpflow_inputiso0n_1 -dont_use sky130_fd_sc_hd__lpflow_inputiso0p_1 -dont_use sky130_fd_sc_hd__lpflow_inputiso1n_1 -dont_use sky130_fd_sc_hd__lpflow_inputiso1p_1 -dont_use sky130_fd_sc_hd__lpflow_inputisolatch_1 -dont_use sky130_fd_sc_hd__lpflow_isobufsrc_1 -dont_use sky130_fd_sc_hd__lpflow_isobufsrc_16 -dont_use sky130_fd_sc_hd__lpflow_isobufsrc_2 -dont_use sky130_fd_sc_hd__lpflow_isobufsrc_4 -dont_use sky130_fd_sc_hd__lpflow_isobufsrc_8 -dont_use sky130_fd_sc_hd__lpflow_isobufsrckapwr_16 -dont_use sky130_fd_sc_hd__lpflow_lsbuf_lh_hl_isowell_tap_1 -dont_use sky130_fd_sc_hd__lpflow_lsbuf_lh_hl_isowell_tap_2 -dont_use sky130_fd_sc_hd__lpflow_lsbuf_lh_hl_isowell_tap_4 -dont_use sky130_fd_sc_hd__lpflow_lsbuf_lh_isowell_4 -dont_use sky130_fd_sc_hd__lpflow_lsbuf_lh_isowell_tap_1 -dont_use sky130_fd_sc_hd__lpflow_lsbuf_lh_isowell_tap_2 -dont_use sky130_fd_sc_hd__lpflow_lsbuf_lh_isowell_tap_4 -constr /work/campaigns/iscas_sustainability_extension/memory_compiler/gate3_attempt09_sram22_residual_interface_drv_and_provenance_closure/raw/openroad/work/objects/sky130hd/attempt09_e0/seed13/abc.constr -D 10.0
15. Executing ABC pass (technology mapping using ABC).
15.1. Extracting gate netlist of module `\e0_sram22_top' to `<abc-temp-dir>/input.blif'..
15.1.1. Executed ABC.
15.1.2. Re-integrating ABC results.
16. Executing SPLITNETS pass (splitting up multi-bit signals).
17. Executing OPT_CLEAN pass (remove unused cells and wires).
18. Executing HILOMAP pass (mapping to constant drivers).
19. Executing INSBUF pass (insert buffer cells for connected wires).
20. Executing CHECK pass (checking for obvious problems).
21. Printing statistics.
22. Executing CHECK pass (checking for obvious problems).
23. Executing Verilog backend.
23.1. Executing BMUXMAP pass.
23.2. Executing DEMUXMAP pass.
Warnings: 2 unique messages, 2 total
End of script. Logfile hash: 12b441f23a, time: 5.36s, user: 1.14s, system: 0.84s, MEM: 61.39 MB peak
Yosys 0.68+post (git sha1 UNKNOWN, Release, GNU /usr/local/bin/wrapped-cc/g++ 11.4.0)
Time spent: 59% 1x abc (2 sec), 8% 2x synth (0 sec), ...
Elapsed time: 0:05.39[h:]min:sec. CPU time: user 3.91 sys 0.99 (90%). Peak memory: 64452KB.
Log                       Ext     Elapsed/s Peak Memory/MB sha1sum result [0:20)
1_2_yosys                 .v              5             62 fd1b4d5b169df19a7cba
cp /work/campaigns/iscas_sustainability_extension/memory_compiler/gate3_attempt09_sram22_residual_interface_drv_and_provenance_closure/openroad/e0/constraint.sdc /work/campaigns/iscas_sustainability_extension/memory_compiler/gate3_attempt09_sram22_residual_interface_drv_and_provenance_closure/raw/openroad/work/results/sky130hd/attempt09_e0/seed13/1_2_yosys.sdc
touch -r /work/campaigns/iscas_sustainability_extension/memory_compiler/gate3_attempt09_sram22_residual_interface_drv_and_provenance_closure/openroad/e0/constraint.sdc /work/campaigns/iscas_sustainability_extension/memory_compiler/gate3_attempt09_sram22_residual_interface_drv_and_provenance_closure/raw/openroad/work/results/sky130hd/attempt09_e0/seed13/1_2_yosys.sdc
OpenROAD 26Q3-1080-gab6fd26351 
Features included (+) or not (-): +GPU +GUI +Python
This program is licensed under the BSD-3 license. See the LICENSE file for details.
Components of this program may be licensed under more restrictive licenses which must be honored.
[INFO ORD-0030] Using 4 thread(s).
mkdir -p /work/campaigns/iscas_sustainability_extension/memory_compiler/gate3_attempt09_sram22_residual_interface_drv_and_provenance_closure/raw/openroad/work/objects/sky130hd/attempt09_e0/seed13
/OpenROAD-flow-scripts/flow/scripts/flow.sh 1_synth synth_odb
Running synth_odb.tcl, stage 1_synth
read_liberty /OpenROAD-flow-scripts/flow/platforms/sky130hd/lib/sky130_fd_sc_hd__tt_025C_1v80.lib
read_liberty /work/campaigns/iscas_sustainability_extension/memory_compiler/gate3_attempt09_sram22_residual_interface_drv_and_provenance_closure/source_checkout/sram22_256x64m4w8/sram22_256x64m4w8_tt_025C_1v80.lib
read_liberty /work/campaigns/iscas_sustainability_extension/memory_compiler/gate3_attempt09_sram22_residual_interface_drv_and_provenance_closure/source_checkout/sram22_256x8m8w1/sram22_256x8m8w1_tt_025C_1v80.lib
[INFO ODB-0227] LEF file: /OpenROAD-flow-scripts/flow/platforms/sky130hd/lef/sky130_fd_sc_hd.tlef, created 13 layers, 25 vias
[INFO ODB-0227] LEF file: /OpenROAD-flow-scripts/flow/platforms/sky130hd/lef/sky130_fd_sc_hd_merged.lef, created 441 library cells
[INFO ODB-0227] LEF file: /work/campaigns/iscas_sustainability_extension/memory_compiler/gate3_attempt09_sram22_residual_interface_drv_and_provenance_closure/source_checkout/sram22_256x64m4w8/sram22_256x64m4w8.lef, created 1 library cells
[INFO ODB-0227] LEF file: /work/campaigns/iscas_sustainability_extension/memory_compiler/gate3_attempt09_sram22_residual_interface_drv_and_provenance_closure/source_checkout/sram22_256x8m8w1/sram22_256x8m8w1.lef, created 1 library cells
link_design e0_sram22_top
read_sdc /work/campaigns/iscas_sustainability_extension/memory_compiler/gate3_attempt09_sram22_residual_interface_drv_and_provenance_closure/raw/openroad/work/results/sky130hd/attempt09_e0/seed13/1_2_yosys.sdc
source /OpenROAD-flow-scripts/flow/platforms/sky130hd/setRC.tcl
eliminate_dead_logic
Removed 0 unused instances and 0 unused nets.
Design area 265042 um^2 100% utilization.
write_db /work/campaigns/iscas_sustainability_extension/memory_compiler/gate3_attempt09_sram22_residual_interface_drv_and_provenance_closure/raw/openroad/work/results/sky130hd/attempt09_e0/seed13/1_synth.odb
write_sdc -no_timestamp /work/campaigns/iscas_sustainability_extension/memory_compiler/gate3_attempt09_sram22_residual_interface_drv_and_provenance_closure/raw/openroad/work/results/sky130hd/attempt09_e0/seed13/1_synth.sdc
Elapsed time: 0:01.42[h:]min:sec. CPU time: user 0.90 sys 0.16 (74%). Peak memory: 128136KB.
Log                       Ext     Elapsed/s Peak Memory/MB sha1sum result [0:20)
1_synth                   .odb            1            125 951a4432527ca39dfdd7
1_synth                   .sdc                             449fc72f0abfd7eed5f3
make: Warning: File '/work/campaigns/iscas_sustainability_extension/memory_compiler/gate3_attempt09_sram22_residual_interface_drv_and_provenance_closure/raw/openroad/work/results/sky130hd/attempt09_e0/seed13/1_synth.sdc' has modification time 0.27 s in the future
/OpenROAD-flow-scripts/flow/scripts/flow.sh 2_1_floorplan floorplan
Running floorplan.tcl, stage 2_1_floorplan
read_liberty /OpenROAD-flow-scripts/flow/platforms/sky130hd/lib/sky130_fd_sc_hd__tt_025C_1v80.lib
read_liberty /work/campaigns/iscas_sustainability_extension/memory_compiler/gate3_attempt09_sram22_residual_interface_drv_and_provenance_closure/source_checkout/sram22_256x64m4w8/sram22_256x64m4w8_tt_025C_1v80.lib
read_liberty /work/campaigns/iscas_sustainability_extension/memory_compiler/gate3_attempt09_sram22_residual_interface_drv_and_provenance_closure/source_checkout/sram22_256x8m8w1/sram22_256x8m8w1_tt_025C_1v80.lib
read_db /work/campaigns/iscas_sustainability_extension/memory_compiler/gate3_attempt09_sram22_residual_interface_drv_and_provenance_closure/raw/openroad/work/results/sky130hd/attempt09_e0/seed13/1_synth.odb
read_sdc /work/campaigns/iscas_sustainability_extension/memory_compiler/gate3_attempt09_sram22_residual_interface_drv_and_provenance_closure/raw/openroad/work/results/sky130hd/attempt09_e0/seed13/1_synth.sdc
source /OpenROAD-flow-scripts/flow/platforms/sky130hd/setRC.tcl
Master sky130_ef_sc_hd__decap_12 is loaded but not used in the design

==========================================================================
Floorplan check_setup
--------------------------------------------------------------------------
number instances in verilog is 534
[WARNING IFP-0028] Core area lower left (10.000, 10.000) snapped to (10.120, 10.880).
[INFO IFP-0001] Added 231 rows of 2130 site unithd.
[INFO IFP-0100] Die BBox:  (  0.000  0.000 ) ( 1000.000 650.000 ) um
[INFO IFP-0101] Core BBox: ( 10.120 10.880 ) ( 989.920 639.200 ) um
[INFO IFP-0102] Core area:                       615627.936 um^2
[INFO IFP-0103] Total instances area:            265042.334 um^2
[INFO IFP-0104] Effective utilization:                0.431
[INFO IFP-0105] Number of instances:                    534
source /OpenROAD-flow-scripts/flow/platforms/sky130hd/make_tracks.tcl
source /OpenROAD-flow-scripts/flow/platforms/sky130hd/fastroute.tcl
Repair tie lo fanout...
Repair tie hi fanout...
[INFO RSZ-0042] Inserted 16 tie sky130_fd_sc_hd__conb_1 instances.
repair_timing -setup_margin 0 -hold_margin 0 -repair_tns 100 -match_cell_footprint -setup -skip_last_gasp -sequence unbuffer,sizeup,swap,vt_swap -verbose
[WARNING EST-0027] no estimated parasitics. Using wire load models.
[INFO RSZ-0100] Repair move sequence: UnbufferMove SizeUpMove SwapPinsMove 
[INFO RSZ-0098] No setup violations found
[INFO RSZ-0505] Runtime: 0.15s
Default units for flow
 time 1ns
 capacitance 1pF
 resistance 1kohm
 voltage 1v
 current 1mA
 power 1nW
 distance 1um
   Layer   | Unit Resistance | Unit Capacitance 
           |       (kohm/um) |          (pF/um)
------------------------------------------------
       li1 |        7.18e-02 |         1.50e-04
      met1 |        1.21e-03 |         1.72e-04
      met2 |        1.22e-03 |         1.36e-04
      met3 |        1.66e-04 |         2.15e-04
      met4 |        1.68e-04 |         1.48e-04
      met5 |        1.84e-05 |         1.54e-04
------------------------------------------------

   Layer   | Via Resistance 
           |         (kohm) 
----------------------------
      mcon |       9.25e-03 
       via |       4.50e-03 
      via2 |       3.37e-03 
      via3 |       3.77e-04 
      via4 |       5.80e-06 
----------------------------
Report metrics stage 2, floorplan final...

==========================================================================
floorplan final report_design_area
--------------------------------------------------------------------------
Design area 265099 um^2 43% utilization.
write_db /work/campaigns/iscas_sustainability_extension/memory_compiler/gate3_attempt09_sram22_residual_interface_drv_and_provenance_closure/raw/openroad/work/results/sky130hd/attempt09_e0/seed13/2_1_floorplan.odb
write_sdc -no_timestamp /work/campaigns/iscas_sustainability_extension/memory_compiler/gate3_attempt09_sram22_residual_interface_drv_and_provenance_closure/raw/openroad/work/results/sky130hd/attempt09_e0/seed13/2_1_floorplan.sdc
Elapsed time: 0:02.17[h:]min:sec. CPU time: user 0.93 sys 0.31 (56%). Peak memory: 146892KB.
Log                       Ext     Elapsed/s Peak Memory/MB sha1sum result [0:20)
2_1_floorplan             .odb            2            143 4ecf1648a0ba0c8654dc
2_1_floorplan             .sdc                             449fc72f0abfd7eed5f3
/OpenROAD-flow-scripts/flow/scripts/flow.sh 2_2_floorplan_macro macro_place
Running macro_place.tcl, stage 2_2_floorplan_macro
read_liberty /OpenROAD-flow-scripts/flow/platforms/sky130hd/lib/sky130_fd_sc_hd__tt_025C_1v80.lib
read_liberty /work/campaigns/iscas_sustainability_extension/memory_compiler/gate3_attempt09_sram22_residual_interface_drv_and_provenance_closure/source_checkout/sram22_256x64m4w8/sram22_256x64m4w8_tt_025C_1v80.lib
read_liberty /work/campaigns/iscas_sustainability_extension/memory_compiler/gate3_attempt09_sram22_residual_interface_drv_and_provenance_closure/source_checkout/sram22_256x8m8w1/sram22_256x8m8w1_tt_025C_1v80.lib
read_db /work/campaigns/iscas_sustainability_extension/memory_compiler/gate3_attempt09_sram22_residual_interface_drv_and_provenance_closure/raw/openroad/work/results/sky130hd/attempt09_e0/seed13/2_1_floorplan.odb
read_sdc /work/campaigns/iscas_sustainability_extension/memory_compiler/gate3_attempt09_sram22_residual_interface_drv_and_provenance_closure/raw/openroad/work/results/sky130hd/attempt09_e0/seed13/2_1_floorplan.sdc
source /OpenROAD-flow-scripts/flow/platforms/sky130hd/setRC.tcl
source /work/campaigns/iscas_sustainability_extension/memory_compiler/gate3_attempt09_sram22_residual_interface_drv_and_provenance_closure/openroad/e0/macro_placement.tcl
[INFO MPL-0035] Macro u_protected_memory.u_data placed. Bounding box (30.360um, 31.230um), (720.480um, 322.870um). Orientation MX
[INFO MPL-0035] Macro u_protected_memory.u_ecc placed. Bounding box (30.360um, 382.840um), (292.080um, 608.520um). Orientation R0
rtl_macro_placer -max_num_level 2 -halo_width 20 -halo_height 20 -min_ar 0.33 -area_weight 0.1 -wirelength_weight 100.0 -outline_weight 100.0 -boundary_weight 50.0 -notch_weight 50.0 -report_directory /work/campaigns/iscas_sustainability_extension/memory_compiler/gate3_attempt09_sram22_residual_interface_drv_and_provenance_closure/raw/openroad/work/objects/sky130hd/attempt09_e0/seed13/rtlmp -fence_lx 0.0 -fence_ly 0.0 -fence_ux 0.0 -fence_uy 0.0 -target_util 0.3
[WARNING MPL-0074] -halo_width/-halo_height are deprecated, use the set_macro_base_halo command instead.
[INFO MPL-0062] Found fixed macro u_protected_memory.u_data.
[INFO MPL-0062] Found fixed macro u_protected_memory.u_ecc.
[INFO MPL-0017] No unfixed macros.
[INFO MPL-0013] Skipping macro placement.
[INFO MPL-0500] Runtime: 0.00s
Design area 265099 um^2 43% utilization.
write_db /work/campaigns/iscas_sustainability_extension/memory_compiler/gate3_attempt09_sram22_residual_interface_drv_and_provenance_closure/raw/openroad/work/results/sky130hd/attempt09_e0/seed13/2_2_floorplan_macro.odb
Elapsed time: 0:01.44[h:]min:sec. CPU time: user 0.78 sys 0.18 (66%). Peak memory: 125540KB.
Log                       Ext     Elapsed/s Peak Memory/MB sha1sum result [0:20)
2_2_floorplan_macro       .odb            1            122 fec7164d497ac654f5d7
/OpenROAD-flow-scripts/flow/scripts/flow.sh 2_3_floorplan_tapcell tapcell
Running tapcell.tcl, stage 2_3_floorplan_tapcell
read_liberty /OpenROAD-flow-scripts/flow/platforms/sky130hd/lib/sky130_fd_sc_hd__tt_025C_1v80.lib
read_liberty /work/campaigns/iscas_sustainability_extension/memory_compiler/gate3_attempt09_sram22_residual_interface_drv_and_provenance_closure/source_checkout/sram22_256x64m4w8/sram22_256x64m4w8_tt_025C_1v80.lib
read_liberty /work/campaigns/iscas_sustainability_extension/memory_compiler/gate3_attempt09_sram22_residual_interface_drv_and_provenance_closure/source_checkout/sram22_256x8m8w1/sram22_256x8m8w1_tt_025C_1v80.lib
read_db /work/campaigns/iscas_sustainability_extension/memory_compiler/gate3_attempt09_sram22_residual_interface_drv_and_provenance_closure/raw/openroad/work/results/sky130hd/attempt09_e0/seed13/2_2_floorplan_macro.odb
read_sdc /work/campaigns/iscas_sustainability_extension/memory_compiler/gate3_attempt09_sram22_residual_interface_drv_and_provenance_closure/raw/openroad/work/results/sky130hd/attempt09_e0/seed13/2_1_floorplan.sdc
source /OpenROAD-flow-scripts/flow/platforms/sky130hd/setRC.tcl
[INFO ODB-0303] The initial 231 rows (492030 sites) were cut with 2 shapes for a total of 426 rows (276715 sites).
[INFO TAP-0005] Inserted 4738 tapcells.
Design area 271027 um^2 44% utilization.
write_db /work/campaigns/iscas_sustainability_extension/memory_compiler/gate3_attempt09_sram22_residual_interface_drv_and_provenance_closure/raw/openroad/work/results/sky130hd/attempt09_e0/seed13/2_3_floorplan_tapcell.odb
Elapsed time: 0:01.48[h:]min:sec. CPU time: user 0.79 sys 0.15 (63%). Peak memory: 127556KB.
Log                       Ext     Elapsed/s Peak Memory/MB sha1sum result [0:20)
2_3_floorplan_tapcell     .odb            1            124 5795ef29b77c8ae8c888
/OpenROAD-flow-scripts/flow/scripts/flow.sh 2_4_floorplan_pdn pdn
Running pdn.tcl, stage 2_4_floorplan_pdn
read_liberty /OpenROAD-flow-scripts/flow/platforms/sky130hd/lib/sky130_fd_sc_hd__tt_025C_1v80.lib
read_liberty /work/campaigns/iscas_sustainability_extension/memory_compiler/gate3_attempt09_sram22_residual_interface_drv_and_provenance_closure/source_checkout/sram22_256x64m4w8/sram22_256x64m4w8_tt_025C_1v80.lib
read_liberty /work/campaigns/iscas_sustainability_extension/memory_compiler/gate3_attempt09_sram22_residual_interface_drv_and_provenance_closure/source_checkout/sram22_256x8m8w1/sram22_256x8m8w1_tt_025C_1v80.lib
read_db /work/campaigns/iscas_sustainability_extension/memory_compiler/gate3_attempt09_sram22_residual_interface_drv_and_provenance_closure/raw/openroad/work/results/sky130hd/attempt09_e0/seed13/2_3_floorplan_tapcell.odb
read_sdc /work/campaigns/iscas_sustainability_extension/memory_compiler/gate3_attempt09_sram22_residual_interface_drv_and_provenance_closure/raw/openroad/work/results/sky130hd/attempt09_e0/seed13/2_1_floorplan.sdc
source /OpenROAD-flow-scripts/flow/platforms/sky130hd/setRC.tcl
[WARNING PDN-1051] No instances found for grid (CORE_macro_grid_2).
[INFO PDN-0001] Inserting grid: grid
[INFO PDN-0001] Inserting grid: CORE_macro_grid_1 - u_protected_memory.u_data
[INFO PDN-0001] Inserting grid: CORE_macro_grid_1 - u_protected_memory.u_ecc
[WARNING PDN-0110] No via inserted between met2 and met4 at (63.6000, 142.5500) - (63.8000, 142.8700) on VDD
[WARNING PDN-0110] No via inserted between met2 and met4 at (63.6000, 143.9100) - (63.8000, 144.2300) on VDD
[WARNING PDN-0110] No via inserted between met2 and met4 at (63.6000, 145.2700) - (63.8000, 145.5900) on VDD
[WARNING PDN-0110] No via inserted between met2 and met4 at (63.6000, 147.9900) - (63.8000, 148.3100) on VDD
[WARNING PDN-0110] No via inserted between met2 and met4 at (63.6000, 158.8700) - (63.8000, 159.1900) on VDD
[WARNING PDN-0110] No via inserted between met2 and met4 at (63.6000, 160.2300) - (63.8000, 160.5500) on VDD
[WARNING PDN-0195] Removing 2 via(s) between met2 and met4 at (90.8700 um, 156.3100 um) for VDD
[WARNING PDN-0110] No via inserted between met2 and met4 at (132.9600, 184.7000) - (133.0500, 185.7100) on VSS
[WARNING PDN-0110] No via inserted between met2 and met4 at (132.9600, 186.3400) - (133.0500, 187.0100) on VSS
[WARNING PDN-0195] Removing 114 via(s) between met2 and met4 at (241.4700 um, 192.5500 um) for VSS
[WARNING PDN-0195] Removing 176 via(s) between met2 and met4 at (282.1800 um, 240.4700 um) for VDD
[WARNING PDN-0195] Removing 2 via(s) between met2 and met4 at (90.8700 um, 428.3600 um) for VDD
[WARNING PDN-0195] Removing 2 via(s) between met2 and met4 at (90.8700 um, 448.7600 um) for VDD
[WARNING PDN-0195] Removing 2 via(s) between met2 and met4 at (90.8700 um, 452.8400 um) for VDD
[WARNING PDN-0195] Removing 2 via(s) between met2 and met4 at (90.8700 um, 467.8000 um) for VDD
[WARNING PDN-0195] Removing 2 via(s) between met2 and met4 at (90.8700 um, 470.5200 um) for VDD
[WARNING PDN-0195] Removing 2 via(s) between met2 and met4 at (90.8700 um, 485.4800 um) for VDD
[WARNING PDN-0195] Removing 2 via(s) between met2 and met4 at (90.8700 um, 520.8400 um) for VDD
[WARNING PDN-0195] Removing 2 via(s) between met2 and met4 at (105.7750 um, 569.1200 um) for VSS
[WARNING PDN-0110] No via inserted between met2 and met4 at (117.8800, 415.9600) - (118.2000, 416.2800) on VDD
[WARNING PDN-0110] No via inserted between met2 and met4 at (119.2400, 542.4400) - (119.4800, 542.7600) on VDD
[WARNING PDN-0110] No via inserted between met2 and met4 at (131.4500, 444.8100) - (131.6000, 480.2000) on VSS
[INFO PDN-0500] Runtime: 1.03s
Design area 271027 um^2 44% utilization.
write_db /work/campaigns/iscas_sustainability_extension/memory_compiler/gate3_attempt09_sram22_residual_interface_drv_and_provenance_closure/raw/openroad/work/results/sky130hd/attempt09_e0/seed13/2_4_floorplan_pdn.odb
Elapsed time: 0:03.06[h:]min:sec. CPU time: user 2.01 sys 0.21 (72%). Peak memory: 147220KB.
Log                       Ext     Elapsed/s Peak Memory/MB sha1sum result [0:20)
2_4_floorplan_pdn         .odb            3            143 b49f33d493c2578b8f4f
cp /work/campaigns/iscas_sustainability_extension/memory_compiler/gate3_attempt09_sram22_residual_interface_drv_and_provenance_closure/raw/openroad/work/results/sky130hd/attempt09_e0/seed13/2_4_floorplan_pdn.odb /work/campaigns/iscas_sustainability_extension/memory_compiler/gate3_attempt09_sram22_residual_interface_drv_and_provenance_closure/raw/openroad/work/results/sky130hd/attempt09_e0/seed13/2_floorplan.odb
cp /work/campaigns/iscas_sustainability_extension/memory_compiler/gate3_attempt09_sram22_residual_interface_drv_and_provenance_closure/raw/openroad/work/results/sky130hd/attempt09_e0/seed13/2_1_floorplan.sdc /work/campaigns/iscas_sustainability_extension/memory_compiler/gate3_attempt09_sram22_residual_interface_drv_and_provenance_closure/raw/openroad/work/results/sky130hd/attempt09_e0/seed13/2_floorplan.sdc
/OpenROAD-flow-scripts/flow/scripts/flow.sh 3_1_place_gp_skip_io global_place_skip_io
Running global_place_skip_io.tcl, stage 3_1_place_gp_skip_io
read_liberty /OpenROAD-flow-scripts/flow/platforms/sky130hd/lib/sky130_fd_sc_hd__tt_025C_1v80.lib
read_liberty /work/campaigns/iscas_sustainability_extension/memory_compiler/gate3_attempt09_sram22_residual_interface_drv_and_provenance_closure/source_checkout/sram22_256x64m4w8/sram22_256x64m4w8_tt_025C_1v80.lib
read_liberty /work/campaigns/iscas_sustainability_extension/memory_compiler/gate3_attempt09_sram22_residual_interface_drv_and_provenance_closure/source_checkout/sram22_256x8m8w1/sram22_256x8m8w1_tt_025C_1v80.lib
read_db /work/campaigns/iscas_sustainability_extension/memory_compiler/gate3_attempt09_sram22_residual_interface_drv_and_provenance_closure/raw/openroad/work/results/sky130hd/attempt09_e0/seed13/2_floorplan.odb
read_sdc /work/campaigns/iscas_sustainability_extension/memory_compiler/gate3_attempt09_sram22_residual_interface_drv_and_provenance_closure/raw/openroad/work/results/sky130hd/attempt09_e0/seed13/2_floorplan.sdc
source /OpenROAD-flow-scripts/flow/platforms/sky130hd/setRC.tcl
global_placement -skip_io -density 0.3 -pad_left 0 -pad_right 0 -random_seed 13
[INFO GPL-0001] ---- Initialize GPL Main Data Structures
[INFO GPL-0002] DBU: 1000
[INFO GPL-0003] SiteSize: (  0.460  2.720 ) um
[INFO GPL-0004] CoreBBox: ( 10.120 10.880 ) ( 989.920 639.200 ) um
[INFO GPL-0016] Core area:                  615627.936 um^2
[INFO GPL-0036] Movable instances area:       4767.072 um^2
[INFO GPL-0037] Total instances area:       273327.142 um^2
[INFO GPL-0035] Pin density area adjust:        33.528 um^2
[INFO GPL-0032] ---- Initialize Region: Top-level
[INFO GPL-0006] Number of instances:              5674
[INFO GPL-0007] Movable instances:                 547
[INFO GPL-0008] Fixed instances:                  4740
[INFO GPL-0009] Dummy instances:                   387
[INFO GPL-0010] Number of nets:                    695
[INFO GPL-0011] Number of pins:                   1969
[INFO GPL-0012] Die BBox:       (  0.000  0.000 ) ( 1000.000 650.000 ) um
[INFO GPL-0013] Placement BBox: ( 10.120 10.880 ) ( 989.920 639.200 ) um
[INFO GPL-0014] Region name: top-level.
[INFO GPL-0015] Region area:                615627.936 um^2
[INFO GPL-0017] Fixed instances area:       275330.314 um^2
[INFO GPL-0018] Movable instances area:       4800.600 um^2
[INFO GPL-0019] Utilization:                     1.411 %
[INFO GPL-0020] Standard cells area:          4800.600 um^2
[INFO GPL-0021] Large instances area:            0.000 um^2
[INFO GPL-0005] ---- Execute Conjugate Gradient Initial Placement.
[INFO GPL-0051] Source of initial instance position counters:
	Odb location = 0	Core center = 547	Region center = 0
[INFO GPL-0033] ---- Initialize Nesterov Region: Top-level
[INFO GPL-0023] Placement target density:       0.3000
[INFO GPL-0024] Movable insts average area:      8.776 um^2
[INFO GPL-0025] Ideal bin area:                 29.254 um^2
[INFO GPL-0026] Ideal bin count:                 21044
[INFO GPL-0027] Total bin area:             615627.936 um^2
[INFO GPL-0028] Bin count (X, Y):         128 ,    128
[INFO GPL-0029] Bin size (W * H):       7.655 *  4.909 um
[INFO GPL-0030] Number of bins:                  16384
[INFO GPL-0084] ---- Execute Nesterov Global Placement.
[INFO GPL-0031] HPWL: Half-Perimeter Wirelength
Iteration | Overflow |     HPWL (um) |  HPWL(%) |   Penalty | Group
---------------------------------------------------------------
        0 |   0.9534 |  2.466609e+04 |   +0.00% |  2.27e-15 |      
       10 |   0.8480 |  2.804472e+04 |  +13.70% |  3.70e-15 |      
       20 |   0.8510 |  2.786784e+04 |   -0.63% |  6.03e-15 |      
       30 |   0.8484 |  2.787935e+04 |   +0.04% |  9.83e-15 |      
       40 |   0.8477 |  2.788043e+04 |   +0.00% |  1.60e-14 |      
       50 |   0.8483 |  2.787673e+04 |   -0.01% |  2.61e-14 |      
       60 |   0.8487 |  2.787896e+04 |   +0.01% |  4.25e-14 |      
       70 |   0.8486 |  2.787950e+04 |   +0.00% |  6.92e-14 |      
       80 |   0.8481 |  2.788322e+04 |   +0.01% |  1.13e-13 |      
       90 |   0.8475 |  2.788893e+04 |   +0.02% |  1.84e-13 |      
      100 |   0.8466 |  2.790564e+04 |   +0.06% |  2.99e-13 |      
      110 |   0.8453 |  2.793587e+04 |   +0.11% |  4.87e-13 |      
      120 |   0.8423 |  2.800278e+04 |   +0.24% |  7.93e-13 |      
      130 |   0.8373 |  2.813155e+04 |   +0.46% |  1.29e-12 |      
      140 |   0.8307 |  2.836867e+04 |   +0.84% |  2.10e-12 |      
      150 |   0.8241 |  2.878468e+04 |   +1.47% |  3.43e-12 |      
      160 |   0.8156 |  2.947765e+04 |   +2.41% |  5.58e-12 |      
      170 |   0.8059 |  3.056116e+04 |   +3.68% |  9.09e-12 |      
      180 |   0.7863 |  3.199147e+04 |   +4.68% |  1.48e-11 |      
      190 |   0.7730 |  3.323958e+04 |   +3.90% |  2.41e-11 |      
      200 |   0.7647 |  3.379851e+04 |   +1.68% |  3.93e-11 |      
      210 |   0.7488 |  3.414377e+04 |   +1.02% |  6.40e-11 |      
      220 |   0.7077 |  3.476511e+04 |   +1.82% |  1.04e-10 |      
      230 |   0.6740 |  3.528628e+04 |   +1.50% |  1.70e-10 |      
      240 |   0.6770 |  3.433744e+04 |   -2.69% |  2.76e-10 |      
      250 |   0.6546 |  3.478867e+04 |   +1.31% |  4.50e-10 |      
      260 |   0.6034 |  3.510673e+04 |   +0.91% |  7.33e-10 |      
      270 |   0.5698 |  3.446619e+04 |   -1.82% |  1.19e-09 |      
      280 |   0.5403 |  3.395295e+04 |   -1.49% |  1.95e-09 |      
      290 |   0.5009 |  3.376502e+04 |   -0.55% |  3.17e-09 |      
      300 |   0.4590 |  3.352249e+04 |   -0.72% |  5.16e-09 |      
      310 |   0.4147 |  3.323557e+04 |   -0.86% |  8.41e-09 |      
      320 |   0.3695 |  3.332517e+04 |   +0.27% |  1.37e-08 |      
      330 |   0.3228 |  3.338525e+04 |   +0.18% |  2.12e-08 |      
      340 |   0.2836 |  3.358811e+04 |   +0.61% |  3.13e-08 |      
      350 |   0.2446 |  3.343718e+04 |   -0.45% |  4.60e-08 |      
      360 |   0.2093 |  3.369295e+04 |   +0.76% |  6.78e-08 |      
      370 |   0.1805 |  3.405508e+04 |   +1.07% |  9.99e-08 |      
      380 |   0.1520 |  3.432007e+04 |   +0.78% |  1.47e-07 |      
      390 |   0.1243 |  3.448079e+04 |   +0.47% |  2.17e-07 |      
      400 |   0.1093 |  3.463611e+04 |   +0.45% |  3.19e-07 |      
      408 |   0.0986 |  3.470893e+04 |          |  4.53e-07 |      
---------------------------------------------------------------
[INFO GPL-1001] Global placement finished at iteration 408
[INFO GPL-1002] Placed Cell Area             4800.5996
[INFO GPL-1003] Available Free Area         340297.6224
[INFO GPL-1004] Minimum Feasible Density        0.0200 (cell_area / free_area)
[INFO GPL-1006]   Suggested Target Densities:
[INFO GPL-1007]     - For 90% usage of free space: 0.0157
[INFO GPL-1008]     - For 80% usage of free space: 0.0176
[INFO GPL-1009]     - For 50% usage of free space: 0.0282
[INFO GPL-1014] Final placement area: 4800.60 (+0.00%)
Design area 271027 um^2 44% utilization.
write_db /work/campaigns/iscas_sustainability_extension/memory_compiler/gate3_attempt09_sram22_residual_interface_drv_and_provenance_closure/raw/openroad/work/results/sky130hd/attempt09_e0/seed13/3_1_place_gp_skip_io.odb
Elapsed time: 0:04.00[h:]min:sec. CPU time: user 8.81 sys 0.29 (227%). Peak memory: 137908KB.
Log                       Ext     Elapsed/s Peak Memory/MB sha1sum result [0:20)
3_1_place_gp_skip_io      .odb            4            134 db95087657518704022c
/OpenROAD-flow-scripts/flow/scripts/flow.sh 3_2_place_iop io_placement
Running io_placement.tcl, stage 3_2_place_iop
read_liberty /OpenROAD-flow-scripts/flow/platforms/sky130hd/lib/sky130_fd_sc_hd__tt_025C_1v80.lib
read_liberty /work/campaigns/iscas_sustainability_extension/memory_compiler/gate3_attempt09_sram22_residual_interface_drv_and_provenance_closure/source_checkout/sram22_256x64m4w8/sram22_256x64m4w8_tt_025C_1v80.lib
read_liberty /work/campaigns/iscas_sustainability_extension/memory_compiler/gate3_attempt09_sram22_residual_interface_drv_and_provenance_closure/source_checkout/sram22_256x8m8w1/sram22_256x8m8w1_tt_025C_1v80.lib
read_db /work/campaigns/iscas_sustainability_extension/memory_compiler/gate3_attempt09_sram22_residual_interface_drv_and_provenance_closure/raw/openroad/work/results/sky130hd/attempt09_e0/seed13/3_1_place_gp_skip_io.odb
read_sdc /work/campaigns/iscas_sustainability_extension/memory_compiler/gate3_attempt09_sram22_residual_interface_drv_and_provenance_closure/raw/openroad/work/results/sky130hd/attempt09_e0/seed13/2_floorplan.sdc
source /OpenROAD-flow-scripts/flow/platforms/sky130hd/setRC.tcl
source /work/campaigns/iscas_sustainability_extension/memory_compiler/gate3_attempt09_sram22_residual_interface_drv_and_provenance_closure/openroad/pre_io_placement.tcl
place_pins -hor_layers met3 -ver_layers met2
Found 2 macro blocks.
Using 2 tracks default min distance between IO pins.
[INFO PPL-0067] Restrict pins [ addr[0] addr[1] addr[2] addr[3] addr[4] ... ] to region 0.00u-1000.00u at the TOP edge.
[INFO PPL-0001] Number of available slots 3118
[INFO PPL-0002] Number of I/O             142
[INFO PPL-0003] Number of I/O w/sink      142
[INFO PPL-0004] Number of I/O w/o sink    0
[INFO PPL-0005] Slots per section         200
[INFO PPL-0008] Successfully assigned pins to sections.
[INFO PPL-0012] I/O nets HPWL: 51608.40 um.
Design area 271027 um^2 44% utilization.
write_db /work/campaigns/iscas_sustainability_extension/memory_compiler/gate3_attempt09_sram22_residual_interface_drv_and_provenance_closure/raw/openroad/work/results/sky130hd/attempt09_e0/seed13/3_2_place_iop.odb
Elapsed time: 0:02.03[h:]min:sec. CPU time: user 0.85 sys 0.28 (55%). Peak memory: 134148KB.
Log                       Ext     Elapsed/s Peak Memory/MB sha1sum result [0:20)
3_2_place_iop             .odb            2            131 6a0cd03467afbbcb8be0
/OpenROAD-flow-scripts/flow/scripts/flow.sh 3_3_place_gp global_place
Running global_place.tcl, stage 3_3_place_gp
read_liberty /OpenROAD-flow-scripts/flow/platforms/sky130hd/lib/sky130_fd_sc_hd__tt_025C_1v80.lib
read_liberty /work/campaigns/iscas_sustainability_extension/memory_compiler/gate3_attempt09_sram22_residual_interface_drv_and_provenance_closure/source_checkout/sram22_256x64m4w8/sram22_256x64m4w8_tt_025C_1v80.lib
read_liberty /work/campaigns/iscas_sustainability_extension/memory_compiler/gate3_attempt09_sram22_residual_interface_drv_and_provenance_closure/source_checkout/sram22_256x8m8w1/sram22_256x8m8w1_tt_025C_1v80.lib
read_db /work/campaigns/iscas_sustainability_extension/memory_compiler/gate3_attempt09_sram22_residual_interface_drv_and_provenance_closure/raw/openroad/work/results/sky130hd/attempt09_e0/seed13/3_2_place_iop.odb
read_sdc /work/campaigns/iscas_sustainability_extension/memory_compiler/gate3_attempt09_sram22_residual_interface_drv_and_provenance_closure/raw/openroad/work/results/sky130hd/attempt09_e0/seed13/2_floorplan.sdc
source /OpenROAD-flow-scripts/flow/platforms/sky130hd/setRC.tcl
[INFO RSZ-0026] Removed 17 buffers.
Perform port buffering...
[INFO RSZ-0027] Inserted 75 sky130_fd_sc_hd__clkdlybuf4s50_1 input buffers.
[INFO RSZ-0028] Inserted 66 sky130_fd_sc_hd__clkdlybuf4s50_1 output buffers.
global_placement -density 0.3 -pad_left 0 -pad_right 0 -routability_driven -random_seed 13 -timing_driven -force_center_initial_place -min_phi_coef 0.95 -max_phi_coef 1.05
[INFO GPL-0001] ---- Initialize GPL Main Data Structures
[INFO GPL-0002] DBU: 1000
[INFO GPL-0003] SiteSize: (  0.460  2.720 ) um
[INFO GPL-0004] CoreBBox: ( 10.120 10.880 ) ( 989.920 639.200 ) um
[INFO GPL-0016] Core area:                  615627.936 um^2
[INFO GPL-0036] Movable instances area:       6067.069 um^2
[INFO GPL-0037] Total instances area:       274627.139 um^2
[INFO GPL-0035] Pin density area adjust:       322.050 um^2
[INFO GPL-0032] ---- Initialize Region: Top-level
[INFO GPL-0006] Number of instances:              5798
[INFO GPL-0007] Movable instances:                 671
[INFO GPL-0008] Fixed instances:                  4740
[INFO GPL-0009] Dummy instances:                   387
[INFO GPL-0010] Number of nets:                    819
[INFO GPL-0011] Number of pins:                   2359
[INFO GPL-0012] Die BBox:       (  0.000  0.000 ) ( 1000.000 650.000 ) um
[INFO GPL-0013] Placement BBox: ( 10.120 10.880 ) ( 989.920 639.200 ) um
[INFO GPL-0014] Region name: top-level.
[INFO GPL-0015] Region area:                615627.936 um^2
[INFO GPL-0017] Fixed instances area:       275330.314 um^2
[INFO GPL-0018] Movable instances area:       6389.119 um^2
[INFO GPL-0019] Utilization:                     1.878 %
[INFO GPL-0020] Standard cells area:          6389.119 um^2
[INFO GPL-0021] Large instances area:            0.000 um^2
[INFO GPL-0005] ---- Execute Conjugate Gradient Initial Placement.
[INFO GPL-0051] Source of initial instance position counters:
	Odb location = 0	Core center = 671	Region center = 0
[InitialPlace]  Iter: 1 conjugate gradient residual: 0.00000272 HPWL: 223985385
[InitialPlace]  Iter: 2 conjugate gradient residual: 0.00000004 HPWL: 224277793
[InitialPlace]  Iter: 3 conjugate gradient residual: 0.00000012 HPWL: 223022231
[InitialPlace]  Iter: 4 conjugate gradient residual: 0.00000010 HPWL: 221159640
[InitialPlace]  Iter: 5 conjugate gradient residual: 0.00000011 HPWL: 219506128
[INFO GPL-0033] ---- Initialize Nesterov Region: Top-level
[INFO GPL-0023] Placement target density:       0.3000
[INFO GPL-0024] Movable insts average area:      9.522 um^2
[INFO GPL-0025] Ideal bin area:                 31.739 um^2
[INFO GPL-0026] Ideal bin count:                 19396
[INFO GPL-0027] Total bin area:             615627.936 um^2
[INFO GPL-0028] Bin count (X, Y):         128 ,    128
[INFO GPL-0029] Bin size (W * H):       7.655 *  4.909 um
[INFO GPL-0030] Number of bins:                  16384
[INFO GPL-0084] ---- Execute Nesterov Global Placement.
[INFO GPL-0031] HPWL: Half-Perimeter Wirelength
Iteration | Overflow |     HPWL (um) |  HPWL(%) |   Penalty | Group
---------------------------------------------------------------
        0 |   0.8423 |  7.501095e+04 |   +0.00% |  7.22e-15 |      
[INFO GPL-0100] Timing-driven iteration 1/2, virtual: false.
[INFO GPL-0101]    Iter: 3, overflow: 0.590, keep resizer changes at: 1, HPWL: 80900821
Iteration |   Area    | Resized | Buffers | Nets repaired | Remaining
---------------------------------------------------------------------
        0 |     +0.0% |       0 |       0 |             0 |       835
    final |     +0.7% |     127 |     230 |           211 |         0
---------------------------------------------------------------------
[INFO RSZ-0034] Found 219 slew violations.
[INFO RSZ-0039] Resized 127 instances.
[INFO RSZ-0038] Inserted 230 buffers in 211 nets.
   Iter   |    Area   | Removed | Inserted |   Pins
          |           | Buffers | Buffers  | Remaining
-------------------------------------------------------
        0 |     +0.0% |       0 |        0 |       727
       72 |     +0.0% |       1 |        4 |       655
      144 |     +0.0% |       1 |       16 |       583
      216 |     +0.1% |       2 |       28 |       511
      288 |     +0.1% |       6 |       35 |       439
      360 |     +0.1% |      20 |       61 |       367
      432 |     +0.1% |      21 |       62 |       295
      504 |     +0.1% |      21 |       67 |       223
[WARNING RSZ-2005] cannot find a viable buffering solution on pin u_protected_memory.u_ecc/dout[7] after 1 rounds of buffering (no solution meets design rules)
[WARNING RSZ-2005] cannot find a viable buffering solution on pin u_protected_memory.u_ecc/dout[6] after 1 rounds of buffering (no solution meets design rules)
[WARNING RSZ-2005] cannot find a viable buffering solution on pin u_protected_memory.u_ecc/dout[5] after 1 rounds of buffering (no solution meets design rules)
[WARNING RSZ-2005] cannot find a viable buffering solution on pin u_protected_memory.u_ecc/dout[4] after 1 rounds of buffering (no solution meets design rules)
[WARNING RSZ-2005] cannot find a viable buffering solution on pin u_protected_memory.u_ecc/dout[3] after 1 rounds of buffering (no solution meets design rules)
[WARNING RSZ-2005] cannot find a viable buffering solution on pin u_protected_memory.u_ecc/dout[2] after 1 rounds of buffering (no solution meets design rules)
[WARNING RSZ-2005] cannot find a viable buffering solution on pin u_protected_memory.u_ecc/dout[1] after 1 rounds of buffering (no solution meets design rules)
[WARNING RSZ-2005] cannot find a viable buffering solution on pin u_protected_memory.u_ecc/dout[0] after 1 rounds of buffering (no solution meets design rules)
[WARNING RSZ-2005] cannot find a viable buffering solution on pin u_protected_memory.u_data/dout[9] after 1 rounds of buffering (no solution meets design rules)
[WARNING RSZ-2005] cannot find a viable buffering solution on pin u_protected_memory.u_data/dout[8] after 1 rounds of buffering (no solution meets design rules)
[WARNING RSZ-2005] cannot find a viable buffering solution on pin u_protected_memory.u_data/dout[7] after 1 rounds of buffering (no solution meets design rules)
[WARNING RSZ-2005] cannot find a viable buffering solution on pin u_protected_memory.u_data/dout[6] after 1 rounds of buffering (no solution meets design rules)
[WARNING RSZ-2005] cannot find a viable buffering solution on pin u_protected_memory.u_data/dout[63] after 1 rounds of buffering (no solution meets design rules)
[WARNING RSZ-2005] cannot find a viable buffering solution on pin u_protected_memory.u_data/dout[62] after 1 rounds of buffering (no solution meets design rules)
[WARNING RSZ-2005] cannot find a viable buffering solution on pin u_protected_memory.u_data/dout[61] after 1 rounds of buffering (no solution meets design rules)
[WARNING RSZ-2005] cannot find a viable buffering solution on pin u_protected_memory.u_data/dout[60] after 1 rounds of buffering (no solution meets design rules)
[WARNING RSZ-2005] cannot find a viable buffering solution on pin u_protected_memory.u_data/dout[5] after 1 rounds of buffering (no solution meets design rules)
[WARNING RSZ-2005] cannot find a viable buffering solution on pin u_protected_memory.u_data/dout[59] after 1 rounds of buffering (no solution meets design rules)
[WARNING RSZ-2005] cannot find a viable buffering solution on pin u_protected_memory.u_data/dout[58] after 1 rounds of buffering (no solution meets design rules)
[WARNING RSZ-2005] cannot find a viable buffering solution on pin u_protected_memory.u_data/dout[57] after 1 rounds of buffering (no solution meets design rules)
[WARNING RSZ-2005] cannot find a viable buffering solution on pin u_protected_memory.u_data/dout[56] after 1 rounds of buffering (no solution meets design rules)
[WARNING RSZ-2005] cannot find a viable buffering solution on pin u_protected_memory.u_data/dout[55] after 1 rounds of buffering (no solution meets design rules)
[WARNING RSZ-2005] cannot find a viable buffering solution on pin u_protected_memory.u_data/dout[54] after 1 rounds of buffering (no solution meets design rules)
[WARNING RSZ-2005] cannot find a viable buffering solution on pin u_protected_memory.u_data/dout[53] after 1 rounds of buffering (no solution meets design rules)
[WARNING RSZ-2005] cannot find a viable buffering solution on pin u_protected_memory.u_data/dout[52] after 1 rounds of buffering (no solution meets design rules)
[WARNING RSZ-2005] cannot find a viable buffering solution on pin u_protected_memory.u_data/dout[51] after 1 rounds of buffering (no solution meets design rules)
[WARNING RSZ-2005] cannot find a viable buffering solution on pin u_protected_memory.u_data/dout[50] after 1 rounds of buffering (no solution meets design rules)
[WARNING RSZ-2005] cannot find a viable buffering solution on pin u_protected_memory.u_data/dout[4] after 1 rounds of buffering (no solution meets design rules)
[WARNING RSZ-2005] cannot find a viable buffering solution on pin u_protected_memory.u_data/dout[49] after 1 rounds of buffering (no solution meets design rules)
[WARNING RSZ-2005] cannot find a viable buffering solution on pin u_protected_memory.u_data/dout[48] after 1 rounds of buffering (no solution meets design rules)
[WARNING RSZ-2005] cannot find a viable buffering solution on pin u_protected_memory.u_data/dout[47] after 1 rounds of buffering (no solution meets design rules)
[WARNING RSZ-2005] cannot find a viable buffering solution on pin u_protected_memory.u_data/dout[46] after 1 rounds of buffering (no solution meets design rules)
[WARNING RSZ-2005] cannot find a viable buffering solution on pin u_protected_memory.u_data/dout[45] after 1 rounds of buffering (no solution meets design rules)
[WARNING RSZ-2005] cannot find a viable buffering solution on pin u_protected_memory.u_data/dout[44] after 1 rounds of buffering (no solution meets design rules)
[WARNING RSZ-2005] cannot find a viable buffering solution on pin u_protected_memory.u_data/dout[43] after 1 rounds of buffering (no solution meets design rules)
[WARNING RSZ-2005] cannot find a viable buffering solution on pin u_protected_memory.u_data/dout[42] after 1 rounds of buffering (no solution meets design rules)
[WARNING RSZ-2005] cannot find a viable buffering solution on pin u_protected_memory.u_data/dout[41] after 1 rounds of buffering (no solution meets design rules)
[WARNING RSZ-2005] cannot find a viable buffering solution on pin u_protected_memory.u_data/dout[40] after 1 rounds of buffering (no solution meets design rules)
[WARNING RSZ-2005] cannot find a viable buffering solution on pin u_protected_memory.u_data/dout[3] after 1 rounds of buffering (no solution meets design rules)
[WARNING RSZ-2005] cannot find a viable buffering solution on pin u_protected_memory.u_data/dout[39] after 1 rounds of buffering (no solution meets design rules)
[WARNING RSZ-2005] cannot find a viable buffering solution on pin u_protected_memory.u_data/dout[38] after 1 rounds of buffering (no solution meets design rules)
[WARNING RSZ-2005] cannot find a viable buffering solution on pin u_protected_memory.u_data/dout[37] after 1 rounds of buffering (no solution meets design rules)
[WARNING RSZ-2005] cannot find a viable buffering solution on pin u_protected_memory.u_data/dout[36] after 1 rounds of buffering (no solution meets design rules)
[WARNING RSZ-2005] cannot find a viable buffering solution on pin u_protected_memory.u_data/dout[35] after 1 rounds of buffering (no solution meets design rules)
[WARNING RSZ-2005] cannot find a viable buffering solution on pin u_protected_memory.u_data/dout[34] after 1 rounds of buffering (no solution meets design rules)
[WARNING RSZ-2005] cannot find a viable buffering solution on pin u_protected_memory.u_data/dout[33] after 1 rounds of buffering (no solution meets design rules)
[WARNING RSZ-2005] cannot find a viable buffering solution on pin u_protected_memory.u_data/dout[32] after 1 rounds of buffering (no solution meets design rules)
[WARNING RSZ-2005] cannot find a viable buffering solution on pin u_protected_memory.u_data/dout[31] after 1 rounds of buffering (no solution meets design rules)
[WARNING RSZ-2005] cannot find a viable buffering solution on pin u_protected_memory.u_data/dout[30] after 1 rounds of buffering (no solution meets design rules)
[WARNING RSZ-2005] cannot find a viable buffering solution on pin u_protected_memory.u_data/dout[2] after 1 rounds of buffering (no solution meets design rules)
[WARNING RSZ-2005] cannot find a viable buffering solution on pin u_protected_memory.u_data/dout[29] after 1 rounds of buffering (no solution meets design rules)
[WARNING RSZ-2005] cannot find a viable buffering solution on pin u_protected_memory.u_data/dout[28] after 1 rounds of buffering (no solution meets design rules)
      576 |     +0.1% |      21 |       69 |       151
[WARNING RSZ-2005] cannot find a viable buffering solution on pin u_protected_memory.u_data/dout[27] after 1 rounds of buffering (no solution meets design rules)
[WARNING RSZ-2005] cannot find a viable buffering solution on pin u_protected_memory.u_data/dout[26] after 1 rounds of buffering (no solution meets design rules)
[WARNING RSZ-2005] cannot find a viable buffering solution on pin u_protected_memory.u_data/dout[25] after 1 rounds of buffering (no solution meets design rules)
[WARNING RSZ-2005] cannot find a viable buffering solution on pin u_protected_memory.u_data/dout[24] after 1 rounds of buffering (no solution meets design rules)
[WARNING RSZ-2005] cannot find a viable buffering solution on pin u_protected_memory.u_data/dout[23] after 1 rounds of buffering (no solution meets design rules)
[WARNING RSZ-2005] cannot find a viable buffering solution on pin u_protected_memory.u_data/dout[22] after 1 rounds of buffering (no solution meets design rules)
[WARNING RSZ-2005] cannot find a viable buffering solution on pin u_protected_memory.u_data/dout[21] after 1 rounds of buffering (no solution meets design rules)
[WARNING RSZ-2005] cannot find a viable buffering solution on pin u_protected_memory.u_data/dout[20] after 1 rounds of buffering (no solution meets design rules)
[WARNING RSZ-2005] cannot find a viable buffering solution on pin u_protected_memory.u_data/dout[1] after 1 rounds of buffering (no solution meets design rules)
[WARNING RSZ-2005] cannot find a viable buffering solution on pin u_protected_memory.u_data/dout[19] after 1 rounds of buffering (no solution meets design rules)
[WARNING RSZ-2005] cannot find a viable buffering solution on pin u_protected_memory.u_data/dout[18] after 1 rounds of buffering (no solution meets design rules)
[WARNING RSZ-2005] cannot find a viable buffering solution on pin u_protected_memory.u_data/dout[17] after 1 rounds of buffering (no solution meets design rules)
[WARNING RSZ-2005] cannot find a viable buffering solution on pin u_protected_memory.u_data/dout[16] after 1 rounds of buffering (no solution meets design rules)
[WARNING RSZ-2005] cannot find a viable buffering solution on pin u_protected_memory.u_data/dout[15] after 1 rounds of buffering (no solution meets design rules)
[WARNING RSZ-2005] cannot find a viable buffering solution on pin u_protected_memory.u_data/dout[14] after 1 rounds of buffering (no solution meets design rules)
[WARNING RSZ-2005] cannot find a viable buffering solution on pin u_protected_memory.u_data/dout[13] after 1 rounds of buffering (no solution meets design rules)
[WARNING RSZ-2005] cannot find a viable buffering solution on pin u_protected_memory.u_data/dout[12] after 1 rounds of buffering (no solution meets design rules)
[WARNING RSZ-2005] cannot find a viable buffering solution on pin u_protected_memory.u_data/dout[11] after 1 rounds of buffering (no solution meets design rules)
[WARNING RSZ-2005] cannot find a viable buffering solution on pin u_protected_memory.u_data/dout[10] after 1 rounds of buffering (no solution meets design rules)
[WARNING RSZ-2005] cannot find a viable buffering solution on pin u_protected_memory.u_data/dout[0] after 1 rounds of buffering (no solution meets design rules)
      648 |     +0.1% |      21 |       71 |        79
[WARNING RSZ-2009] Skipping buffering because no valid buffering solution satisfying the design rules can be found for net connected to pin input90/X.
[WARNING RSZ-2005] cannot find a viable buffering solution on pin input90/X after 1 rounds of buffering (no solution meets design rules)
      720 |     +0.1% |      98 |      139 |         7
    final |     +0.1% |     105 |      146 |         0
-------------------------------------------------------
[INFO GPL-0106] Timing-driven: worst slack 1.5323054e-09
[INFO GPL-0107] Timing-driven: repair_design delta area: 1999.162 um^2 (+31.29%)
[INFO GPL-0108] Timing-driven: repair_design, gpl delta gcells: 271 (+40.39%)
[INFO GPL-0109] Timing-driven: repair_design, gcells created: 376, deleted: 105
[INFO GPL-0110] Timing-driven: new target density: 0.30587474
[INFO GPL-0038] Routability snapshot saved at iter = 3
        2 |   0.5897 |  8.192780e+04 |          |           |      
Iteration | Overflow |     HPWL (um) |  HPWL(%) |   Penalty | Group
---------------------------------------------------------------
       10 |   0.4835 |  7.882493e+04 |   +5.08% |  1.17e-14 |      
       20 |   0.4876 |  7.659714e+04 |   -2.83% |  1.91e-14 |      
       30 |   0.4793 |  7.597431e+04 |   -0.81% |  3.12e-14 |      
       40 |   0.4905 |  7.614412e+04 |   +0.22% |  5.08e-14 |      
       50 |   0.4734 |  7.604459e+04 |   -0.13% |  8.27e-14 |      
       60 |   0.4806 |  7.587361e+04 |   -0.22% |  1.35e-13 |      
       70 |   0.4692 |  7.607737e+04 |   +0.27% |  2.19e-13 |      
       80 |   0.4679 |  7.600721e+04 |   -0.09% |  3.57e-13 |      
       90 |   0.4590 |  7.598487e+04 |   -0.03% |  5.82e-13 |      
      100 |   0.4563 |  7.588355e+04 |   -0.13% |  9.48e-13 |      
      110 |   0.4586 |  7.586987e+04 |   -0.02% |  1.54e-12 |      
      120 |   0.4611 |  7.589829e+04 |   +0.04% |  2.52e-12 |      
      130 |   0.4680 |  7.604905e+04 |   +0.20% |  4.10e-12 |      
      140 |   0.4705 |  7.601242e+04 |   -0.05% |  6.68e-12 |      
      150 |   0.4691 |  7.616439e+04 |   +0.20% |  1.09e-11 |      
      160 |   0.4670 |  7.602500e+04 |   -0.18% |  1.77e-11 |      
      170 |   0.4661 |  7.602083e+04 |   -0.01% |  2.89e-11 |      
      180 |   0.4700 |  7.614276e+04 |   +0.16% |  4.70e-11 |      
      190 |   0.4744 |  7.640065e+04 |   +0.34% |  7.66e-11 |      
      200 |   0.4643 |  7.756200e+04 |   +1.52% |  1.25e-10 |      
      210 |   0.4211 |  7.946584e+04 |   +2.45% |  2.03e-10 |      
      220 |   0.3997 |  8.188718e+04 |   +3.05% |  3.31e-10 |      
      230 |   0.4021 |  8.338107e+04 |   +1.82% |  5.38e-10 |      
      240 |   0.4299 |  8.303175e+04 |   -0.42% |  8.77e-10 |      
      250 |   0.4234 |  8.413563e+04 |   +1.33% |  1.43e-09 |      
      260 |   0.3899 |  8.269919e+04 |   -1.71% |  2.33e-09 |      
      270 |   0.3936 |  8.190008e+04 |   -0.97% |  3.79e-09 |      
      280 |   0.3683 |  8.100318e+04 |   -1.10% |  6.17e-09 |      
      290 |   0.3292 |  7.939267e+04 |   -1.99% |  9.46e-09 |      
      300 |   0.3121 |  7.917982e+04 |   -0.27% |  1.39e-08 |      
[INFO GPL-0040] Routability iteration: 1
[INFO GPL-0041] Total routing overflow: 2.7832
[INFO GPL-0042] Number of overflowed tiles: 16 (0.12%)
[INFO GPL-0043] Average top 0.5% routing congestion: 0.9834
[INFO GPL-0044] Average top 1.0% routing congestion: 0.9456
[INFO GPL-0045] Average top 2.0% routing congestion: 0.9045
[INFO GPL-0046] Average top 5.0% routing congestion: 0.8683
[INFO GPL-0047] Routability iteration weighted routing congestion: 0.9645
[INFO GPL-0050] Weighted routing congestion is lower than target routing congestion(1.0100), end routability optimization.
[INFO GPL-0090] Routability finished. Target routing congestion achieved succesfully.
Iteration | Overflow |     HPWL (um) |  HPWL(%) |   Penalty | Group
---------------------------------------------------------------
      310 |   0.2739 |  7.780710e+04 |   -1.73% |  2.05e-08 |      
      320 |   0.2539 |  7.721061e+04 |   -0.77% |  3.02e-08 |      
      330 |   0.2219 |  7.668802e+04 |   -0.68% |  4.45e-08 |      
      340 |   0.1922 |  7.690374e+04 |   +0.28% |  6.56e-08 |      
[INFO GPL-0100] Timing-driven iteration 2/2, virtual: false.
[INFO GPL-0101]    Iter: 341, overflow: 0.192, keep resizer changes at: 1, HPWL: 76903744
Iteration |   Area    | Resized | Buffers | Nets repaired | Remaining
---------------------------------------------------------------------
        0 |     +0.0% |       0 |       0 |             0 |      1106
    final |     +0.4% |      25 |     105 |           102 |         0
---------------------------------------------------------------------
[INFO RSZ-0034] Found 102 slew violations.
[INFO RSZ-0039] Resized 25 instances.
[INFO RSZ-0038] Inserted 105 buffers in 102 nets.
   Iter   |    Area   | Removed | Inserted |   Pins
          |           | Buffers | Buffers  | Remaining
-------------------------------------------------------
        0 |     +0.0% |       0 |        0 |       727
       72 |     +0.0% |       5 |        9 |       655
      144 |     +0.0% |      23 |       34 |       583
      216 |     +0.0% |      38 |       43 |       511
      288 |     +0.0% |      46 |       50 |       439
      360 |     +0.0% |      75 |       85 |       367
      432 |     +0.0% |      76 |       88 |       295
      504 |     +0.0% |      81 |       91 |       223
[WARNING RSZ-2005] cannot find a viable buffering solution on pin u_protected_memory.u_ecc/dout[7] after 1 rounds of buffering (no solution meets design rules)
[WARNING RSZ-2005] cannot find a viable buffering solution on pin u_protected_memory.u_ecc/dout[6] after 1 rounds of buffering (no solution meets design rules)
[WARNING RSZ-2005] cannot find a viable buffering solution on pin u_protected_memory.u_ecc/dout[5] after 1 rounds of buffering (no solution meets design rules)
[WARNING RSZ-2005] cannot find a viable buffering solution on pin u_protected_memory.u_ecc/dout[4] after 1 rounds of buffering (no solution meets design rules)
[WARNING RSZ-2005] cannot find a viable buffering solution on pin u_protected_memory.u_ecc/dout[3] after 1 rounds of buffering (no solution meets design rules)
[WARNING RSZ-2005] cannot find a viable buffering solution on pin u_protected_memory.u_ecc/dout[2] after 1 rounds of buffering (no solution meets design rules)
[WARNING RSZ-2005] cannot find a viable buffering solution on pin u_protected_memory.u_ecc/dout[1] after 1 rounds of buffering (no solution meets design rules)
[WARNING RSZ-2005] cannot find a viable buffering solution on pin u_protected_memory.u_ecc/dout[0] after 1 rounds of buffering (no solution meets design rules)
[WARNING RSZ-2005] cannot find a viable buffering solution on pin u_protected_memory.u_data/dout[9] after 1 rounds of buffering (no solution meets design rules)
[WARNING RSZ-2005] cannot find a viable buffering solution on pin u_protected_memory.u_data/dout[8] after 1 rounds of buffering (no solution meets design rules)
[WARNING RSZ-2005] cannot find a viable buffering solution on pin u_protected_memory.u_data/dout[7] after 1 rounds of buffering (no solution meets design rules)
[WARNING RSZ-2005] cannot find a viable buffering solution on pin u_protected_memory.u_data/dout[6] after 1 rounds of buffering (no solution meets design rules)
[WARNING RSZ-2005] cannot find a viable buffering solution on pin u_protected_memory.u_data/dout[63] after 1 rounds of buffering (no solution meets design rules)
[WARNING RSZ-2005] cannot find a viable buffering solution on pin u_protected_memory.u_data/dout[62] after 1 rounds of buffering (no solution meets design rules)
[WARNING RSZ-2005] cannot find a viable buffering solution on pin u_protected_memory.u_data/dout[61] after 1 rounds of buffering (no solution meets design rules)
[WARNING RSZ-2005] cannot find a viable buffering solution on pin u_protected_memory.u_data/dout[60] after 1 rounds of buffering (no solution meets design rules)
[WARNING RSZ-2005] cannot find a viable buffering solution on pin u_protected_memory.u_data/dout[5] after 1 rounds of buffering (no solution meets design rules)
[WARNING RSZ-2005] cannot find a viable buffering solution on pin u_protected_memory.u_data/dout[59] after 1 rounds of buffering (no solution meets design rules)
[WARNING RSZ-2005] cannot find a viable buffering solution on pin u_protected_memory.u_data/dout[58] after 1 rounds of buffering (no solution meets design rules)
[WARNING RSZ-2005] cannot find a viable buffering solution on pin u_protected_memory.u_data/dout[57] after 1 rounds of buffering (no solution meets design rules)
[WARNING RSZ-2005] cannot find a viable buffering solution on pin u_protected_memory.u_data/dout[56] after 1 rounds of buffering (no solution meets design rules)
[WARNING RSZ-2005] cannot find a viable buffering solution on pin u_protected_memory.u_data/dout[55] after 1 rounds of buffering (no solution meets design rules)
[WARNING RSZ-2005] cannot find a viable buffering solution on pin u_protected_memory.u_data/dout[54] after 1 rounds of buffering (no solution meets design rules)
[WARNING RSZ-2005] cannot find a viable buffering solution on pin u_protected_memory.u_data/dout[53] after 1 rounds of buffering (no solution meets design rules)
[WARNING RSZ-2005] cannot find a viable buffering solution on pin u_protected_memory.u_data/dout[52] after 1 rounds of buffering (no solution meets design rules)
[WARNING RSZ-2005] cannot find a viable buffering solution on pin u_protected_memory.u_data/dout[51] after 1 rounds of buffering (no solution meets design rules)
[WARNING RSZ-2005] cannot find a viable buffering solution on pin u_protected_memory.u_data/dout[50] after 1 rounds of buffering (no solution meets design rules)
[WARNING RSZ-2005] cannot find a viable buffering solution on pin u_protected_memory.u_data/dout[4] after 1 rounds of buffering (no solution meets design rules)
[WARNING RSZ-2005] cannot find a viable buffering solution on pin u_protected_memory.u_data/dout[49] after 1 rounds of buffering (no solution meets design rules)
[WARNING RSZ-2005] cannot find a viable buffering solution on pin u_protected_memory.u_data/dout[48] after 1 rounds of buffering (no solution meets design rules)
[WARNING RSZ-2005] cannot find a viable buffering solution on pin u_protected_memory.u_data/dout[47] after 1 rounds of buffering (no solution meets design rules)
[WARNING RSZ-2005] cannot find a viable buffering solution on pin u_protected_memory.u_data/dout[46] after 1 rounds of buffering (no solution meets design rules)
[WARNING RSZ-2005] cannot find a viable buffering solution on pin u_protected_memory.u_data/dout[45] after 1 rounds of buffering (no solution meets design rules)
[WARNING RSZ-2005] cannot find a viable buffering solution on pin u_protected_memory.u_data/dout[44] after 1 rounds of buffering (no solution meets design rules)
[WARNING RSZ-2005] cannot find a viable buffering solution on pin u_protected_memory.u_data/dout[43] after 1 rounds of buffering (no solution meets design rules)
[WARNING RSZ-2005] cannot find a viable buffering solution on pin u_protected_memory.u_data/dout[42] after 1 rounds of buffering (no solution meets design rules)
[WARNING RSZ-2005] cannot find a viable buffering solution on pin u_protected_memory.u_data/dout[41] after 1 rounds of buffering (no solution meets design rules)
[WARNING RSZ-2005] cannot find a viable buffering solution on pin u_protected_memory.u_data/dout[40] after 1 rounds of buffering (no solution meets design rules)
[WARNING RSZ-2005] cannot find a viable buffering solution on pin u_protected_memory.u_data/dout[3] after 1 rounds of buffering (no solution meets design rules)
[WARNING RSZ-2005] cannot find a viable buffering solution on pin u_protected_memory.u_data/dout[39] after 1 rounds of buffering (no solution meets design rules)
[WARNING RSZ-2005] cannot find a viable buffering solution on pin u_protected_memory.u_data/dout[38] after 1 rounds of buffering (no solution meets design rules)
[WARNING RSZ-2005] cannot find a viable buffering solution on pin u_protected_memory.u_data/dout[37] after 1 rounds of buffering (no solution meets design rules)
[WARNING RSZ-2005] cannot find a viable buffering solution on pin u_protected_memory.u_data/dout[36] after 1 rounds of buffering (no solution meets design rules)
[WARNING RSZ-2005] cannot find a viable buffering solution on pin u_protected_memory.u_data/dout[35] after 1 rounds of buffering (no solution meets design rules)
[WARNING RSZ-2005] cannot find a viable buffering solution on pin u_protected_memory.u_data/dout[34] after 1 rounds of buffering (no solution meets design rules)
[WARNING RSZ-2005] cannot find a viable buffering solution on pin u_protected_memory.u_data/dout[33] after 1 rounds of buffering (no solution meets design rules)
[WARNING RSZ-2005] cannot find a viable buffering solution on pin u_protected_memory.u_data/dout[32] after 1 rounds of buffering (no solution meets design rules)
[WARNING RSZ-2005] cannot find a viable buffering solution on pin u_protected_memory.u_data/dout[31] after 1 rounds of buffering (no solution meets design rules)
[WARNING RSZ-2005] cannot find a viable buffering solution on pin u_protected_memory.u_data/dout[30] after 1 rounds of buffering (no solution meets design rules)
[WARNING RSZ-2005] cannot find a viable buffering solution on pin u_protected_memory.u_data/dout[2] after 1 rounds of buffering (no solution meets design rules)
[WARNING RSZ-2005] cannot find a viable buffering solution on pin u_protected_memory.u_data/dout[29] after 1 rounds of buffering (no solution meets design rules)
[WARNING RSZ-2005] cannot find a viable buffering solution on pin u_protected_memory.u_data/dout[28] after 1 rounds of buffering (no solution meets design rules)
      576 |     +0.0% |      83 |       92 |       151
[WARNING RSZ-2005] cannot find a viable buffering solution on pin u_protected_memory.u_data/dout[27] after 1 rounds of buffering (no solution meets design rules)
[WARNING RSZ-2005] cannot find a viable buffering solution on pin u_protected_memory.u_data/dout[26] after 1 rounds of buffering (no solution meets design rules)
[WARNING RSZ-2005] cannot find a viable buffering solution on pin u_protected_memory.u_data/dout[25] after 1 rounds of buffering (no solution meets design rules)
[WARNING RSZ-2005] cannot find a viable buffering solution on pin u_protected_memory.u_data/dout[24] after 1 rounds of buffering (no solution meets design rules)
[WARNING RSZ-2005] cannot find a viable buffering solution on pin u_protected_memory.u_data/dout[23] after 1 rounds of buffering (no solution meets design rules)
[WARNING RSZ-2005] cannot find a viable buffering solution on pin u_protected_memory.u_data/dout[22] after 1 rounds of buffering (no solution meets design rules)
[WARNING RSZ-2005] cannot find a viable buffering solution on pin u_protected_memory.u_data/dout[21] after 1 rounds of buffering (no solution meets design rules)
[WARNING RSZ-2005] cannot find a viable buffering solution on pin u_protected_memory.u_data/dout[20] after 1 rounds of buffering (no solution meets design rules)
[WARNING RSZ-2005] cannot find a viable buffering solution on pin u_protected_memory.u_data/dout[1] after 1 rounds of buffering (no solution meets design rules)
[WARNING RSZ-2005] cannot find a viable buffering solution on pin u_protected_memory.u_data/dout[19] after 1 rounds of buffering (no solution meets design rules)
[WARNING RSZ-2005] cannot find a viable buffering solution on pin u_protected_memory.u_data/dout[18] after 1 rounds of buffering (no solution meets design rules)
[WARNING RSZ-2005] cannot find a viable buffering solution on pin u_protected_memory.u_data/dout[17] after 1 rounds of buffering (no solution meets design rules)
[WARNING RSZ-2005] cannot find a viable buffering solution on pin u_protected_memory.u_data/dout[16] after 1 rounds of buffering (no solution meets design rules)
[WARNING RSZ-2005] cannot find a viable buffering solution on pin u_protected_memory.u_data/dout[15] after 1 rounds of buffering (no solution meets design rules)
[WARNING RSZ-2005] cannot find a viable buffering solution on pin u_protected_memory.u_data/dout[14] after 1 rounds of buffering (no solution meets design rules)
[WARNING RSZ-2005] cannot find a viable buffering solution on pin u_protected_memory.u_data/dout[13] after 1 rounds of buffering (no solution meets design rules)
[WARNING RSZ-2005] cannot find a viable buffering solution on pin u_protected_memory.u_data/dout[12] after 1 rounds of buffering (no solution meets design rules)
[WARNING RSZ-2005] cannot find a viable buffering solution on pin u_protected_memory.u_data/dout[11] after 1 rounds of buffering (no solution meets design rules)
[WARNING RSZ-2005] cannot find a viable buffering solution on pin u_protected_memory.u_data/dout[10] after 1 rounds of buffering (no solution meets design rules)
[WARNING RSZ-2005] cannot find a viable buffering solution on pin u_protected_memory.u_data/dout[0] after 1 rounds of buffering (no solution meets design rules)
      648 |     +0.0% |      85 |       92 |        79
[WARNING RSZ-2009] Skipping buffering because no valid buffering solution satisfying the design rules can be found for net connected to pin input90/X.
[WARNING RSZ-2005] cannot find a viable buffering solution on pin input90/X after 1 rounds of buffering (no solution meets design rules)
      720 |     +0.0% |     154 |      168 |         7
    final |     +0.0% |     161 |      175 |         0
-------------------------------------------------------
[INFO GPL-0106] Timing-driven: worst slack 6.115961e-10
[INFO GPL-0107] Timing-driven: repair_design delta area: 1063.991 um^2 (+12.68%)
[INFO GPL-0108] Timing-driven: repair_design, gpl delta gcells: 119 (+12.63%)
[INFO GPL-0109] Timing-driven: repair_design, gcells created: 280, deleted: 161
[INFO GPL-0110] Timing-driven: new target density: 0.3090014
Iteration | Overflow |     HPWL (um) |  HPWL(%) |   Penalty | Group
---------------------------------------------------------------
      350 |   0.1591 |  7.857259e+04 |   +2.17% |  9.66e-08 |      
      360 |   0.1421 |  7.809546e+04 |   -0.61% |  1.42e-07 |      
      370 |   0.1259 |  7.779004e+04 |   -0.39% |  2.10e-07 |      
      380 |   0.1098 |  7.755763e+04 |   -0.30% |  3.09e-07 |      
      388 |   0.0971 |  7.742672e+04 |          |  4.38e-07 |      
---------------------------------------------------------------
[INFO GPL-1001] Global placement finished at iteration 388
[INFO GPL-1017] Routability mode iteration count: 302
[INFO GPL-1005] Routability final weighted congestion: 0.9142
[INFO GPL-1002] Placed Cell Area             9452.2717
[INFO GPL-1003] Available Free Area         340297.6224
[INFO GPL-1004] Minimum Feasible Density        0.0200 (cell_area / free_area)
[INFO GPL-1006]   Suggested Target Densities:
[INFO GPL-1007]     - For 90% usage of free space: 0.0309
[INFO GPL-1008]     - For 80% usage of free space: 0.0347
[INFO GPL-1009]     - For 50% usage of free space: 0.0556
[INFO GPL-1011] Original area (um^2): 6389.12
[INFO GPL-1012] Total routability artificial inflation: 0.00 (+0.00%)
[INFO GPL-1013] Total timing-driven delta area: 3063.15 (+47.94%)
[INFO GPL-1014] Final placement area: 9452.27 (+47.94%)
estimate_parasitics -placement
Report metrics stage 3, global place...

==========================================================================
global place report_design_area
--------------------------------------------------------------------------
Design area 275425 um^2 45% utilization.
write_db /work/campaigns/iscas_sustainability_extension/memory_compiler/gate3_attempt09_sram22_residual_interface_drv_and_provenance_closure/raw/openroad/work/results/sky130hd/attempt09_e0/seed13/3_3_place_gp.odb
Elapsed time: 0:06.88[h:]min:sec. CPU time: user 10.43 sys 0.92 (165%). Peak memory: 288736KB.
Log                       Ext     Elapsed/s Peak Memory/MB sha1sum result [0:20)
3_3_place_gp              .odb            6            281 b47048cb305941ed32a6
make: warning:  Clock skew detected.  Your build may be incomplete.
cp /work/campaigns/iscas_sustainability_extension/memory_compiler/gate3_attempt09_sram22_residual_interface_drv_and_provenance_closure/openroad/e0/constraint.sdc /work/campaigns/iscas_sustainability_extension/memory_compiler/gate3_attempt09_sram22_residual_interface_drv_and_provenance_closure/raw/openroad/work/results/sky130hd/attempt09_e0/seed13/1_2_yosys.sdc
touch -r /work/campaigns/iscas_sustainability_extension/memory_compiler/gate3_attempt09_sram22_residual_interface_drv_and_provenance_closure/openroad/e0/constraint.sdc /work/campaigns/iscas_sustainability_extension/memory_compiler/gate3_attempt09_sram22_residual_interface_drv_and_provenance_closure/raw/openroad/work/results/sky130hd/attempt09_e0/seed13/1_2_yosys.sdc
/OpenROAD-flow-scripts/flow/scripts/flow.sh 3_5_place_dp detail_place
Running detail_place.tcl, stage 3_5_place_dp
read_liberty /OpenROAD-flow-scripts/flow/platforms/sky130hd/lib/sky130_fd_sc_hd__tt_025C_1v80.lib
read_liberty /work/campaigns/iscas_sustainability_extension/memory_compiler/gate3_attempt09_sram22_residual_interface_drv_and_provenance_closure/source_checkout/sram22_256x64m4w8/sram22_256x64m4w8_tt_025C_1v80.lib
read_liberty /work/campaigns/iscas_sustainability_extension/memory_compiler/gate3_attempt09_sram22_residual_interface_drv_and_provenance_closure/source_checkout/sram22_256x8m8w1/sram22_256x8m8w1_tt_025C_1v80.lib
read_db /work/campaigns/iscas_sustainability_extension/memory_compiler/gate3_attempt09_sram22_residual_interface_drv_and_provenance_closure/raw/openroad/work/results/sky130hd/attempt09_e0/seed13/3_4_place_resized.odb
read_sdc /work/campaigns/iscas_sustainability_extension/memory_compiler/gate3_attempt09_sram22_residual_interface_drv_and_provenance_closure/raw/openroad/work/results/sky130hd/attempt09_e0/seed13/2_floorplan.sdc
source /OpenROAD-flow-scripts/flow/platforms/sky130hd/setRC.tcl
detailed_placement
[INFO DPL-0006] Core area: 615627.94 um^2
[INFO DPL-0007] Movable instances area: 9165.04 um^2
[INFO DPL-0008] Fixed instances area within core: 266259.75 um^2
[INFO DPL-0009] Utilization: 44.7%
[INFO DPL-0005] Diamond search max displacement: +/- 500 sites horizontally, +/- 100 rows vertically.
[INFO DPL-1102] Legalizing using negotiation legalizer.
[INFO DPL-1103] Negotiation base search window: +/-20 sites horizontally, +/-5 rows vertically 
	Automatic search window extension enabled.
	Search window extendable up to the max displacement cap of +/-500 sites, +/-100 rows near walls.
[INFO DPL-1104] NegotiationLegalizer DRC penalty: 5.
[INFO DPL-0392] Negotiation cell height distribution (3 unique row-count(s)):
[INFO DPL-0393]   height 1 row(s): 5799 cells
[INFO DPL-0393]   height 83 row(s): 1 cells
[INFO DPL-0393]   height 108 row(s): 1 cells
          |      Total |  Illegal |  Illegal
Iteration | Violations |    Cells |    Sites
---------------------------------------------
        0 |          0 |         0 |         0
Negotiation phase 1 converged at iteration 0.
[INFO DPL-0500] Runtime: 0.09s
Placement Analysis
---------------------------------
total displacement       2552.7 u
average displacement        0.4 u
max displacement           13.9 u
original HPWL           77437.7 u
legalized HPWL          78124.0 u
delta HPWL                    1 %

improve_placement -max_displacement "5 1"
Detailed placement improvement.
[INFO DPL-0401] Setting random seed to 1.
[INFO DPL-0402] Setting maximum displacement 5 1 to 13600 2720 units.
[INFO DPL-0320] Collected 5077 fixed cells.
[INFO DPL-0318] Collected 1061 single height cells.
[INFO DPL-0321] Collected 0 wide cells.
[INFO DPL-0322] Image (10120, 10880) - (989920, 639200)
[INFO DPL-0310] Assigned 1061 cells into segments.  Movement in X-direction is 0.000000, movement in Y-direction is 0.000000.
[INFO DPL-0313] Found 0 cells in wrong regions.
[INFO DPL-0315] Found 0 row alignment problems.
[INFO DPL-0314] Found 0 site alignment problems.
[INFO DPL-0311] Found 0 overlaps between adjacent cells.
[INFO DPL-0312] Found 0 edge spacing violations and 0 padding violations.
[INFO DPL-0303] Running algorithm for independent set matching.
[INFO DPL-0300] Set matching objective is wirelength.
[INFO DPL-0301] Pass   1 of matching; objective is 7.807578e+07.
[INFO DPL-0302] End of matching; objective is 7.803996e+07, improvement is 0.05 percent.
[INFO DPL-0303] Running algorithm for global swaps.
[INFO DPL-0306] Pass   1 of global swaps; hpwl is 7.732015e+07.
[INFO DPL-0307] End of global swaps; objective is 7.732015e+07, improvement is 0.92 percent.
[INFO DPL-0303] Running algorithm for vertical swaps.
[INFO DPL-0308] Pass   1 of vertical swaps; hpwl is 7.719029e+07.
[INFO DPL-0309] End of vertical swaps; objective is 7.719029e+07, improvement is 0.17 percent.
[INFO DPL-0303] Running algorithm for reordering.
[INFO DPL-0304] Pass   1 of reordering; objective is 7.717220e+07.
[INFO DPL-0305] End of reordering; objective is 7.717220e+07, improvement is 0.02 percent.
[INFO DPL-0303] Running algorithm for random improvement.
[INFO DPL-0324] Random improver is using random generator.
[INFO DPL-0325] Random improver is using hpwl objective.
[INFO DPL-0326] Random improver cost string is (a).
[INFO DPL-0332] End of pass, Generator random called 21220 times.
[INFO DPL-0335] Generator random, Cumulative attempts 21220, swaps 1078, moves 10195 since last reset.
[INFO DPL-0333] End of pass, Objective hpwl, Initial cost 7.717220e+07, Scratch cost 7.663033e+07, Incremental cost 7.663033e+07, Mismatch? N
[INFO DPL-0338] End of pass, Total cost is 7.663033e+07.
[INFO DPL-0327] Pass   1 of random improver; improvement in cost is 0.70 percent.
[INFO DPL-0328] End of random improver; improvement is 0.702157 percent.
[INFO DPL-0380] Cell flipping.
[INFO DPL-0382] Changed 0 cell orientations for row compatibility.
[INFO DPL-0383] Performed 340 cell flips.
[INFO DPL-0384] End of flipping; objective is 7.589434e+07, improvement is 0.96 percent.
[INFO DPL-0313] Found 0 cells in wrong regions.
[INFO DPL-0315] Found 0 row alignment problems.
[INFO DPL-0314] Found 0 site alignment problems.
[INFO DPL-0311] Found 0 overlaps between adjacent cells.
[INFO DPL-0312] Found 0 edge spacing violations and 0 padding violations.
Detailed Improvement Results
------------------------------------------
Original HPWL            78124.0 u (   27427.6,    50696.4)
Final HPWL               75960.1 u (   25978.7,    49981.4)
Delta HPWL                  -2.8 % (      -5.3,       -1.4)

optimize_mirroring
[INFO DPL-0020] Mirrored 45 instances
[INFO DPL-0021] HPWL before           75960.1 u
[INFO DPL-0022] HPWL after            75944.4 u
[INFO DPL-0023] HPWL delta               -0.0 %
[INFO FLW-0012] Placement violations .
estimate_parasitics -placement
Report metrics stage 3, detailed place...

==========================================================================
detailed place report_design_area
--------------------------------------------------------------------------
Design area 275425 um^2 45% utilization.
write_db /work/campaigns/iscas_sustainability_extension/memory_compiler/gate3_attempt09_sram22_residual_interface_drv_and_provenance_closure/raw/openroad/work/results/sky130hd/attempt09_e0/seed13/3_5_place_dp.odb
write_sdc -no_timestamp /work/campaigns/iscas_sustainability_extension/memory_compiler/gate3_attempt09_sram22_residual_interface_drv_and_provenance_closure/raw/openroad/work/results/sky130hd/attempt09_e0/seed13/3_place.sdc
Elapsed time: 0:06.18[h:]min:sec. CPU time: user 1.66 sys 0.55 (35%). Peak memory: 166536KB.
Log                       Ext     Elapsed/s Peak Memory/MB sha1sum result [0:20)
3_5_place_dp              .odb            6            162 b8f4dab249976d4047d2
cp /work/campaigns/iscas_sustainability_extension/memory_compiler/gate3_attempt09_sram22_residual_interface_drv_and_provenance_closure/raw/openroad/work/results/sky130hd/attempt09_e0/seed13/3_5_place_dp.odb /work/campaigns/iscas_sustainability_extension/memory_compiler/gate3_attempt09_sram22_residual_interface_drv_and_provenance_closure/raw/openroad/work/results/sky130hd/attempt09_e0/seed13/3_place.odb
/OpenROAD-flow-scripts/flow/scripts/flow.sh 4_1_cts cts
Running cts.tcl, stage 4_1_cts
read_liberty /OpenROAD-flow-scripts/flow/platforms/sky130hd/lib/sky130_fd_sc_hd__tt_025C_1v80.lib
read_liberty /work/campaigns/iscas_sustainability_extension/memory_compiler/gate3_attempt09_sram22_residual_interface_drv_and_provenance_closure/source_checkout/sram22_256x64m4w8/sram22_256x64m4w8_tt_025C_1v80.lib
read_liberty /work/campaigns/iscas_sustainability_extension/memory_compiler/gate3_attempt09_sram22_residual_interface_drv_and_provenance_closure/source_checkout/sram22_256x8m8w1/sram22_256x8m8w1_tt_025C_1v80.lib
read_db /work/campaigns/iscas_sustainability_extension/memory_compiler/gate3_attempt09_sram22_residual_interface_drv_and_provenance_closure/raw/openroad/work/results/sky130hd/attempt09_e0/seed13/3_place.odb
read_sdc /work/campaigns/iscas_sustainability_extension/memory_compiler/gate3_attempt09_sram22_residual_interface_drv_and_provenance_closure/raw/openroad/work/results/sky130hd/attempt09_e0/seed13/3_place.sdc
source /OpenROAD-flow-scripts/flow/platforms/sky130hd/setRC.tcl
clock_tree_synthesis -sink_clustering_enable -repair_clock_nets
[INFO CTS-0050] Root buffer is sky130_fd_sc_hd__clkbuf_16.
[INFO CTS-0051] Sink buffer is sky130_fd_sc_hd__clkbuf_16.
[INFO CTS-0052] The following clock buffers will be used for CTS:
                    sky130_fd_sc_hd__clkbuf_16
[INFO CTS-0049] Characterization buffer is sky130_fd_sc_hd__clkbuf_16.
[INFO CTS-0007] Net "clk" found for clock "core_clk".
[INFO CTS-0010]  Clock net "clk" has 2 sinks.
[INFO CTS-0008] TritonCTS found 1 clock nets.
[INFO CTS-0097] Characterization used 1 buffer(s) types.
[INFO CTS-0201] 2 blockages from hard placement blockages and placed macros will be used.
[INFO CTS-0027] Generating H-Tree topology for net clk.
[INFO CTS-0028]  Total number of sinks: 2.
[INFO CTS-0090]  Sinks will be clustered based on buffer max cap.
[INFO CTS-0030]  Number of static layers: 0.
[INFO CTS-0020]  Wire segment unit: 13600  dbu (13 um).
[INFO CTS-0023]  Original sink region: [(154080, 322710), (290080, 383000)].
[INFO CTS-0024]  Normalized sink region: [(11.3294, 23.7287), (21.3294, 28.1618)].
[INFO CTS-0025]     Width:  10.0000.
[INFO CTS-0026]     Height: 4.4331.
 Level 1
    Direction: Horizontal
    Sinks per sub-region: 1
    Sub-region size: 5.0000 X 4.4331
[INFO CTS-0034]     Segment length (rounded): 2.
[INFO CTS-0038]  Stop criterion found. Sink region hpwl is smaller than max wirelength (1911.535 um) and max number of sinks is 15.
[INFO CTS-0035]  Number of sinks covered: 2.
[INFO CTS-0018]     Created 3 clock buffers.
[INFO CTS-0012]     Minimum number of buffers in the clock path: 2.
[INFO CTS-0013]     Maximum number of buffers in the clock path: 2.
[INFO CTS-0015]     Created 3 clock nets.
[INFO CTS-0016]     Fanout distribution for the current clock = 1:2..
[INFO CTS-0017]     Max level of the clock tree: 1.
[INFO CTS-0098] Clock net "clk"
[INFO CTS-0099]  Sinks 3
[INFO CTS-0100]  Leaf buffers 0
[INFO CTS-0101]  Average sink wire length 407.33 um
[INFO CTS-0102]  Path depth 2 - 2
[INFO CTS-0207]  Dummy loads inserted 1
[INFO CTS-0500] Runtime: 1.64s
estimate_parasitics -placement
Report metrics stage 4, cts pre-repair-timing...

==========================================================================
cts pre-repair-timing report_design_area
--------------------------------------------------------------------------
Design area 275530 um^2 45% utilization.
detailed_placement
[INFO DPL-0006] Core area: 615627.94 um^2
[INFO DPL-0007] Movable instances area: 9270.14 um^2
[INFO DPL-0008] Fixed instances area within core: 266259.75 um^2
[INFO DPL-0009] Utilization: 44.8%
[INFO DPL-0005] Diamond search max displacement: +/- 500 sites horizontally, +/- 100 rows vertically.
[INFO DPL-1102] Legalizing using negotiation legalizer.
[INFO DPL-1103] Negotiation base search window: +/-20 sites horizontally, +/-5 rows vertically 
	Automatic search window extension enabled.
	Search window extendable up to the max displacement cap of +/-500 sites, +/-100 rows near walls.
[INFO DPL-1104] NegotiationLegalizer DRC penalty: 5.
[INFO DPL-0392] Negotiation cell height distribution (3 unique row-count(s)):
[INFO DPL-0393]   height 1 row(s): 5803 cells
[INFO DPL-0393]   height 83 row(s): 1 cells
[INFO DPL-0393]   height 108 row(s): 1 cells
          |      Total |  Illegal |  Illegal
Iteration | Violations |    Cells |    Sites
---------------------------------------------
        0 |          0 |         0 |         0
Negotiation phase 1 converged at iteration 0.
[INFO DPL-0500] Runtime: 0.06s
Placement Analysis
---------------------------------
total displacement       1091.8 u
average displacement        0.2 u
max displacement           10.1 u
original HPWL           76009.3 u
legalized HPWL          76787.6 u
delta HPWL                    1 %

estimate_parasitics -placement
repair_timing -setup_margin 0 -hold_margin 0 -repair_tns 100 -match_cell_footprint -verbose
[INFO RSZ-0100] Repair move sequence: UnbufferMove SizeUpMove SwapPinsMove BufferMove CloneMove SplitLoadMove 
[INFO RSZ-0098] No setup violations found
[INFO RSZ-0505] Runtime: 0.18s
[INFO RSZ-0046] Found 2 endpoints with hold violations.
Iteration | Resized | Buffers | Cloned Gates |   Area   |   WNS   |   TNS   | Endpoint
--------------------------------------------------------------------------------------
        0 |       0 |       0 |            0 |    +0.0% |  -4.561 |  -8.870 | u_protected_memory.u_data/rstb
    final |       1 |       9 |            0 |    +0.0% |   0.027 |   0.000 | u_protected_memory.u_data/din[52]
--------------------------------------------------------------------------------------
[INFO RSZ-0132] Resized 1 instances.
[INFO RSZ-0032] Inserted 9 hold buffers.
[INFO RSZ-0506] Runtime: 0.03s
detailed_placement
[INFO DPL-0006] Core area: 615627.94 um^2
[INFO DPL-0007] Movable instances area: 9377.74 um^2
[INFO DPL-0008] Fixed instances area within core: 266259.75 um^2
[INFO DPL-0009] Utilization: 44.8%
[INFO DPL-0005] Diamond search max displacement: +/- 500 sites horizontally, +/- 100 rows vertically.
[INFO DPL-1102] Legalizing using negotiation legalizer.
[INFO DPL-1103] Negotiation base search window: +/-20 sites horizontally, +/-5 rows vertically 
	Automatic search window extension enabled.
	Search window extendable up to the max displacement cap of +/-500 sites, +/-100 rows near walls.
[INFO DPL-1104] NegotiationLegalizer DRC penalty: 5.
[INFO DPL-0392] Negotiation cell height distribution (3 unique row-count(s)):
[INFO DPL-0393]   height 1 row(s): 5812 cells
[INFO DPL-0393]   height 83 row(s): 1 cells
[INFO DPL-0393]   height 108 row(s): 1 cells
          |      Total |  Illegal |  Illegal
Iteration | Violations |    Cells |    Sites
---------------------------------------------
        0 |          0 |         0 |         0
Negotiation phase 1 converged at iteration 0.
[INFO DPL-0500] Runtime: 0.06s
Placement Analysis
---------------------------------
total displacement        137.8 u
average displacement        0.0 u
max displacement           42.1 u
original HPWL           76851.6 u
legalized HPWL          76941.2 u
delta HPWL                    0 %

Report metrics stage 4, cts final...

==========================================================================
cts final report_design_area
--------------------------------------------------------------------------
Design area 275637 um^2 45% utilization.
write_db /work/campaigns/iscas_sustainability_extension/memory_compiler/gate3_attempt09_sram22_residual_interface_drv_and_provenance_closure/raw/openroad/work/results/sky130hd/attempt09_e0/seed13/4_1_cts.odb
write_sdc -no_timestamp /work/campaigns/iscas_sustainability_extension/memory_compiler/gate3_attempt09_sram22_residual_interface_drv_and_provenance_closure/raw/openroad/work/results/sky130hd/attempt09_e0/seed13/4_cts.sdc
Elapsed time: 0:11.67[h:]min:sec. CPU time: user 3.66 sys 1.01 (40%). Peak memory: 183892KB.
Log                       Ext     Elapsed/s Peak Memory/MB sha1sum result [0:20)
4_1_cts                   .odb           11            179 702d03e53e8f83b390cf
cp /work/campaigns/iscas_sustainability_extension/memory_compiler/gate3_attempt09_sram22_residual_interface_drv_and_provenance_closure/raw/openroad/work/results/sky130hd/attempt09_e0/seed13/4_1_cts.odb /work/campaigns/iscas_sustainability_extension/memory_compiler/gate3_attempt09_sram22_residual_interface_drv_and_provenance_closure/raw/openroad/work/results/sky130hd/attempt09_e0/seed13/4_cts.odb
/OpenROAD-flow-scripts/flow/scripts/flow.sh 5_1_grt global_route
Running global_route.tcl, stage 5_1_grt
read_liberty /OpenROAD-flow-scripts/flow/platforms/sky130hd/lib/sky130_fd_sc_hd__tt_025C_1v80.lib
read_liberty /work/campaigns/iscas_sustainability_extension/memory_compiler/gate3_attempt09_sram22_residual_interface_drv_and_provenance_closure/source_checkout/sram22_256x64m4w8/sram22_256x64m4w8_tt_025C_1v80.lib
read_liberty /work/campaigns/iscas_sustainability_extension/memory_compiler/gate3_attempt09_sram22_residual_interface_drv_and_provenance_closure/source_checkout/sram22_256x8m8w1/sram22_256x8m8w1_tt_025C_1v80.lib
read_db /work/campaigns/iscas_sustainability_extension/memory_compiler/gate3_attempt09_sram22_residual_interface_drv_and_provenance_closure/raw/openroad/work/results/sky130hd/attempt09_e0/seed13/4_cts.odb
read_sdc /work/campaigns/iscas_sustainability_extension/memory_compiler/gate3_attempt09_sram22_residual_interface_drv_and_provenance_closure/raw/openroad/work/results/sky130hd/attempt09_e0/seed13/4_cts.sdc
source /OpenROAD-flow-scripts/flow/platforms/sky130hd/setRC.tcl
source /work/campaigns/iscas_sustainability_extension/memory_compiler/gate3_attempt09_sram22_residual_interface_drv_and_provenance_closure/openroad/pre_global_route_drv_repair.tcl
ATTEMPT09_REPAIR instance=_513_ original=sky130_fd_sc_hd__xnor2_1 replacement=sky130_fd_sc_hd__xnor2_2 reason=standard_cell_net_max_transition
ATTEMPT09_REPAIR instance=place750 original=sky130_fd_sc_hd__buf_4 replacement=sky130_fd_sc_hd__buf_8 reason=SRAM_input_external_drive
ATTEMPT09_REPAIR instance=place748 original=sky130_fd_sc_hd__buf_4 replacement=sky130_fd_sc_hd__buf_8 reason=SRAM_input_external_drive
ATTEMPT09_INTERFACE_PAIR target=u_protected_memory.u_ecc/rstb source=net637 driver=wire638/X driver_master=sky130_fd_sc_hd__buf_16 pair_master=sky130_fd_sc_hd__inv_16 reason=minimum_strength_phase_preserving_SRAM_rstb_interface_repair phase_inversions=2 constraints_relaxed=0
ATTEMPT09_INTERFACE_PAIR target=u_protected_memory.u_data/clk source=clknet_1_1__leaf_clk driver=clkbuf_1_1__f_clk/X driver_master=sky130_fd_sc_hd__clkbuf_16 pair_master=sky130_fd_sc_hd__clkinv_16 reason=minimum_strength_phase_preserving_SRAM_clock_interface_repair phase_inversions=2 constraints_relaxed=0
ATTEMPT09_INTERFACE_PAIR target=u_protected_memory.u_ecc/clk source=clknet_1_0__leaf_clk driver=clkbuf_1_0__f_clk/X driver_master=sky130_fd_sc_hd__clkbuf_16 pair_master=sky130_fd_sc_hd__clkinv_16 reason=common_clock_branch_rebalance phase_inversions=2 constraints_relaxed=0
[INFO DPL-0006] Core area: 615627.94 um^2
[INFO DPL-0007] Movable instances area: 9560.42 um^2
[INFO DPL-0008] Fixed instances area within core: 266259.75 um^2
[INFO DPL-0009] Utilization: 44.8%
[INFO DPL-0005] Diamond search max displacement: +/- 500 sites horizontally, +/- 100 rows vertically.
[INFO DPL-1102] Legalizing using negotiation legalizer.
[INFO DPL-1103] Negotiation base search window: +/-20 sites horizontally, +/-5 rows vertically 
	Automatic search window extension enabled.
	Search window extendable up to the max displacement cap of +/-500 sites, +/-100 rows near walls.
[INFO DPL-1104] NegotiationLegalizer DRC penalty: 5.
[INFO DPL-0392] Negotiation cell height distribution (3 unique row-count(s)):
[INFO DPL-0393]   height 1 row(s): 5818 cells
[INFO DPL-0393]   height 83 row(s): 1 cells
[INFO DPL-0393]   height 108 row(s): 1 cells
          |      Total |  Illegal |  Illegal
Iteration | Violations |    Cells |    Sites
---------------------------------------------
        0 |          0 |         0 |         0
Negotiation phase 1 converged at iteration 0.
[INFO DPL-0500] Runtime: 0.10s
Placement Analysis
---------------------------------
total displacement         17.4 u
average displacement        0.0 u
max displacement            5.7 u
original HPWL           77004.0 u
legalized HPWL          77014.5 u
delta HPWL                    0 %

[INFO RSZ-0100] Repair move sequence: UnbufferMove SizeUpMove SwapPinsMove BufferMove CloneMove SplitLoadMove 
[INFO RSZ-0098] No setup violations found
[INFO RSZ-0505] Runtime: 0.26s
[INFO RSZ-0046] Found 6 endpoints with hold violations.
Iteration | Resized | Buffers | Cloned Gates |   Area   |   WNS   |   TNS   | Endpoint
--------------------------------------------------------------------------------------
        0 |       0 |       0 |            0 |    +0.0% |   0.008 |   0.000 | u_protected_memory.u_data/din[56]
    final |       0 |       6 |            0 |    +0.0% |   0.022 |   0.000 | u_protected_memory.u_data/din[14]
--------------------------------------------------------------------------------------
[INFO RSZ-0032] Inserted 6 hold buffers.
[INFO RSZ-0506] Runtime: 0.04s
[INFO DPL-0006] Core area: 615627.94 um^2
[INFO DPL-0007] Movable instances area: 9620.48 um^2
[INFO DPL-0008] Fixed instances area within core: 266259.75 um^2
[INFO DPL-0009] Utilization: 44.8%
[INFO DPL-0005] Diamond search max displacement: +/- 500 sites horizontally, +/- 100 rows vertically.
[INFO DPL-1102] Legalizing using negotiation legalizer.
[INFO DPL-1103] Negotiation base search window: +/-20 sites horizontally, +/-5 rows vertically 
	Automatic search window extension enabled.
	Search window extendable up to the max displacement cap of +/-500 sites, +/-100 rows near walls.
[INFO DPL-1104] NegotiationLegalizer DRC penalty: 5.
[INFO DPL-0392] Negotiation cell height distribution (3 unique row-count(s)):
[INFO DPL-0393]   height 1 row(s): 5824 cells
[INFO DPL-0393]   height 83 row(s): 1 cells
[INFO DPL-0393]   height 108 row(s): 1 cells
          |      Total |  Illegal |  Illegal
Iteration | Violations |    Cells |    Sites
---------------------------------------------
        0 |          0 |         0 |         0
Negotiation phase 1 converged at iteration 0.
[INFO DPL-0500] Runtime: 0.05s
Placement Analysis
---------------------------------
total displacement         18.5 u
average displacement        0.0 u
max displacement           11.1 u
original HPWL           77034.6 u
legalized HPWL          77040.1 u
delta HPWL                    0 %

ATTEMPT09_REPAIR_SUMMARY design=e0_sram22_top replacements=3 inserted_cells=6 common_post_interface_hold_repair=1 hold_margin_ns=0.02 constraints_relaxed=0 macro_internals_changed=0 data_macro_rstb_repair_applied=0 data_macro_rstb_feasibility=NO_SINGLE_OUTPUT_SKY130HD_CANDIDATE_CLOSED
pin_access
[INFO DRT-0149] Reading tech and libs.
[WARNING DRT-0349] LEF58_ENCLOSURE with no CUTCLASS is not supported. Skipping for layer mcon
[WARNING DRT-0349] LEF58_ENCLOSURE with no CUTCLASS is not supported. Skipping for layer mcon
[WARNING DRT-0349] LEF58_ENCLOSURE with no CUTCLASS is not supported. Skipping for layer via
[WARNING DRT-0349] LEF58_ENCLOSURE with no CUTCLASS is not supported. Skipping for layer via
[WARNING DRT-0349] LEF58_ENCLOSURE with no CUTCLASS is not supported. Skipping for layer via2
[WARNING DRT-0349] LEF58_ENCLOSURE with no CUTCLASS is not supported. Skipping for layer via2
[WARNING DRT-0349] LEF58_ENCLOSURE with no CUTCLASS is not supported. Skipping for layer via3
[WARNING DRT-0349] LEF58_ENCLOSURE with no CUTCLASS is not supported. Skipping for layer via3
[WARNING DRT-0349] LEF58_ENCLOSURE with no CUTCLASS is not supported. Skipping for layer via4
[WARNING DRT-0349] LEF58_ENCLOSURE with no CUTCLASS is not supported. Skipping for layer via4

Units:                1000
Number of layers:     13
Number of macros:     443
Number of vias:       130
Number of viarulegen: 25

[INFO DRT-0150] Reading design.

Design:                   e0_sram22_top
Die area:                 ( 0 0 ) ( 1000000 650000 )
Number of track patterns: 12
Number of DEF vias:       0
Number of components:     5826
Number of terminals:      144
Number of snets:          2
Number of nets:           1233

[WARNING DRT-0419] No routing tracks pass through the center of Term u_protected_memory.u_data/dout[0]
[WARNING DRT-0419] No routing tracks pass through the center of Term u_protected_memory.u_data/dout[1]
[WARNING DRT-0419] No routing tracks pass through the center of Term u_protected_memory.u_data/dout[2]
[WARNING DRT-0419] No routing tracks pass through the center of Term u_protected_memory.u_data/dout[3]
[WARNING DRT-0419] No routing tracks pass through the center of Term u_protected_memory.u_data/dout[4]
[WARNING DRT-0419] No routing tracks pass through the center of Term u_protected_memory.u_data/dout[5]
[WARNING DRT-0419] No routing tracks pass through the center of Term u_protected_memory.u_data/dout[6]
[WARNING DRT-0419] No routing tracks pass through the center of Term u_protected_memory.u_data/dout[7]
[WARNING DRT-0419] No routing tracks pass through the center of Term u_protected_memory.u_data/dout[8]
[WARNING DRT-0419] No routing tracks pass through the center of Term u_protected_memory.u_data/dout[9]
[WARNING DRT-0419] No routing tracks pass through the center of Term u_protected_memory.u_data/dout[10]
[WARNING DRT-0419] No routing tracks pass through the center of Term u_protected_memory.u_data/dout[11]
[WARNING DRT-0419] No routing tracks pass through the center of Term u_protected_memory.u_data/dout[12]
[WARNING DRT-0419] No routing tracks pass through the center of Term u_protected_memory.u_data/dout[13]
[WARNING DRT-0419] No routing tracks pass through the center of Term u_protected_memory.u_data/dout[14]
[WARNING DRT-0419] No routing tracks pass through the center of Term u_protected_memory.u_data/dout[15]
[WARNING DRT-0419] No routing tracks pass through the center of Term u_protected_memory.u_data/dout[16]
[WARNING DRT-0419] No routing tracks pass through the center of Term u_protected_memory.u_data/dout[17]
[WARNING DRT-0419] No routing tracks pass through the center of Term u_protected_memory.u_data/dout[18]
[WARNING DRT-0419] No routing tracks pass through the center of Term u_protected_memory.u_data/dout[19]
[WARNING DRT-0419] No routing tracks pass through the center of Term u_protected_memory.u_data/dout[20]
[WARNING DRT-0419] No routing tracks pass through the center of Term u_protected_memory.u_data/dout[21]
[WARNING DRT-0419] No routing tracks pass through the center of Term u_protected_memory.u_data/dout[22]
[WARNING DRT-0419] No routing tracks pass through the center of Term u_protected_memory.u_data/dout[23]
[WARNING DRT-0419] No routing tracks pass through the center of Term u_protected_memory.u_data/dout[24]
[WARNING DRT-0419] No routing tracks pass through the center of Term u_protected_memory.u_data/dout[25]
[WARNING DRT-0419] No routing tracks pass through the center of Term u_protected_memory.u_data/dout[26]
[WARNING DRT-0419] No routing tracks pass through the center of Term u_protected_memory.u_data/dout[27]
[WARNING DRT-0419] No routing tracks pass through the center of Term u_protected_memory.u_data/dout[28]
[WARNING DRT-0419] No routing tracks pass through the center of Term u_protected_memory.u_data/dout[29]
[WARNING DRT-0419] No routing tracks pass through the center of Term u_protected_memory.u_data/dout[30]
[WARNING DRT-0419] No routing tracks pass through the center of Term u_protected_memory.u_data/dout[31]
[WARNING DRT-0419] No routing tracks pass through the center of Term u_protected_memory.u_data/dout[32]
[WARNING DRT-0419] No routing tracks pass through the center of Term u_protected_memory.u_data/dout[33]
[WARNING DRT-0419] No routing tracks pass through the center of Term u_protected_memory.u_data/dout[34]
[WARNING DRT-0419] No routing tracks pass through the center of Term u_protected_memory.u_data/dout[35]
[WARNING DRT-0419] No routing tracks pass through the center of Term u_protected_memory.u_data/dout[36]
[WARNING DRT-0419] No routing tracks pass through the center of Term u_protected_memory.u_data/dout[37]
[WARNING DRT-0419] No routing tracks pass through the center of Term u_protected_memory.u_data/dout[38]
[WARNING DRT-0419] No routing tracks pass through the center of Term u_protected_memory.u_data/dout[39]
[WARNING DRT-0419] No routing tracks pass through the center of Term u_protected_memory.u_data/dout[40]
[WARNING DRT-0419] No routing tracks pass through the center of Term u_protected_memory.u_data/dout[41]
[WARNING DRT-0419] No routing tracks pass through the center of Term u_protected_memory.u_data/dout[42]
[WARNING DRT-0419] No routing tracks pass through the center of Term u_protected_memory.u_data/dout[43]
[WARNING DRT-0419] No routing tracks pass through the center of Term u_protected_memory.u_data/dout[44]
[WARNING DRT-0419] No routing tracks pass through the center of Term u_protected_memory.u_data/dout[45]
[WARNING DRT-0419] No routing tracks pass through the center of Term u_protected_memory.u_data/dout[46]
[WARNING DRT-0419] No routing tracks pass through the center of Term u_protected_memory.u_data/dout[47]
[WARNING DRT-0419] No routing tracks pass through the center of Term u_protected_memory.u_data/dout[48]
[WARNING DRT-0419] No routing tracks pass through the center of Term u_protected_memory.u_data/dout[49]
[WARNING DRT-0419] No routing tracks pass through the center of Term u_protected_memory.u_data/dout[50]
[WARNING DRT-0419] No routing tracks pass through the center of Term u_protected_memory.u_data/dout[51]
[WARNING DRT-0419] No routing tracks pass through the center of Term u_protected_memory.u_data/dout[52]
[WARNING DRT-0419] No routing tracks pass through the center of Term u_protected_memory.u_data/dout[53]
[WARNING DRT-0419] No routing tracks pass through the center of Term u_protected_memory.u_data/dout[54]
[WARNING DRT-0419] No routing tracks pass through the center of Term u_protected_memory.u_data/dout[55]
[WARNING DRT-0419] No routing tracks pass through the center of Term u_protected_memory.u_data/dout[56]
[WARNING DRT-0419] No routing tracks pass through the center of Term u_protected_memory.u_data/dout[57]
[WARNING DRT-0419] No routing tracks pass through the center of Term u_protected_memory.u_data/dout[58]
[WARNING DRT-0419] No routing tracks pass through the center of Term u_protected_memory.u_data/dout[59]
[WARNING DRT-0419] No routing tracks pass through the center of Term u_protected_memory.u_data/dout[60]
[WARNING DRT-0419] No routing tracks pass through the center of Term u_protected_memory.u_data/dout[61]
[WARNING DRT-0419] No routing tracks pass through the center of Term u_protected_memory.u_data/dout[62]
[WARNING DRT-0419] No routing tracks pass through the center of Term u_protected_memory.u_data/dout[63]
[WARNING DRT-0419] No routing tracks pass through the center of Term u_protected_memory.u_data/din[0]
[WARNING DRT-0419] No routing tracks pass through the center of Term u_protected_memory.u_data/din[1]
[WARNING DRT-0419] No routing tracks pass through the center of Term u_protected_memory.u_data/din[2]
[WARNING DRT-0419] No routing tracks pass through the center of Term u_protected_memory.u_data/din[3]
[WARNING DRT-0419] No routing tracks pass through the center of Term u_protected_memory.u_data/din[4]
[WARNING DRT-0419] No routing tracks pass through the center of Term u_protected_memory.u_data/din[5]
[WARNING DRT-0419] No routing tracks pass through the center of Term u_protected_memory.u_data/din[6]
[WARNING DRT-0419] No routing tracks pass through the center of Term u_protected_memory.u_data/din[7]
[WARNING DRT-0419] No routing tracks pass through the center of Term u_protected_memory.u_data/din[8]
[WARNING DRT-0419] No routing tracks pass through the center of Term u_protected_memory.u_data/din[9]
[WARNING DRT-0419] No routing tracks pass through the center of Term u_protected_memory.u_data/din[10]
[WARNING DRT-0419] No routing tracks pass through the center of Term u_protected_memory.u_data/din[11]
[WARNING DRT-0419] No routing tracks pass through the center of Term u_protected_memory.u_data/din[12]
[WARNING DRT-0419] No routing tracks pass through the center of Term u_protected_memory.u_data/din[13]
[WARNING DRT-0419] No routing tracks pass through the center of Term u_protected_memory.u_data/din[14]
[WARNING DRT-0419] No routing tracks pass through the center of Term u_protected_memory.u_data/din[15]
[WARNING DRT-0419] No routing tracks pass through the center of Term u_protected_memory.u_data/din[16]
[WARNING DRT-0419] No routing tracks pass through the center of Term u_protected_memory.u_data/din[17]
[WARNING DRT-0419] No routing tracks pass through the center of Term u_protected_memory.u_data/din[18]
[WARNING DRT-0419] No routing tracks pass through the center of Term u_protected_memory.u_data/din[19]
[WARNING DRT-0419] No routing tracks pass through the center of Term u_protected_memory.u_data/din[20]
[WARNING DRT-0419] No routing tracks pass through the center of Term u_protected_memory.u_data/din[21]
[WARNING DRT-0419] No routing tracks pass through the center of Term u_protected_memory.u_data/din[22]
[WARNING DRT-0419] No routing tracks pass through the center of Term u_protected_memory.u_data/din[23]
[WARNING DRT-0419] No routing tracks pass through the center of Term u_protected_memory.u_data/din[24]
[WARNING DRT-0419] No routing tracks pass through the center of Term u_protected_memory.u_data/din[25]
[WARNING DRT-0419] No routing tracks pass through the center of Term u_protected_memory.u_data/din[26]
[WARNING DRT-0419] No routing tracks pass through the center of Term u_protected_memory.u_data/din[27]
[WARNING DRT-0419] No routing tracks pass through the center of Term u_protected_memory.u_data/din[28]
[WARNING DRT-0419] No routing tracks pass through the center of Term u_protected_memory.u_data/din[29]
[WARNING DRT-0419] No routing tracks pass through the center of Term u_protected_memory.u_data/din[30]
[WARNING DRT-0419] No routing tracks pass through the center of Term u_protected_memory.u_data/din[31]
[WARNING DRT-0419] No routing tracks pass through the center of Term u_protected_memory.u_data/din[32]
[WARNING DRT-0419] No routing tracks pass through the center of Term u_protected_memory.u_data/din[33]
[WARNING DRT-0419] No routing tracks pass through the center of Term u_protected_memory.u_data/din[34]
[WARNING DRT-0419] No routing tracks pass through the center of Term u_protected_memory.u_data/din[35]
[WARNING DRT-0419] No routing tracks pass through the center of Term u_protected_memory.u_data/din[36]
[WARNING DRT-0419] No routing tracks pass through the center of Term u_protected_memory.u_data/din[37]
[WARNING DRT-0419] No routing tracks pass through the center of Term u_protected_memory.u_data/din[38]
[WARNING DRT-0419] No routing tracks pass through the center of Term u_protected_memory.u_data/din[39]
[WARNING DRT-0419] No routing tracks pass through the center of Term u_protected_memory.u_data/din[40]
[WARNING DRT-0419] No routing tracks pass through the center of Term u_protected_memory.u_data/din[41]
[WARNING DRT-0419] No routing tracks pass through the center of Term u_protected_memory.u_data/din[42]
[WARNING DRT-0419] No routing tracks pass through the center of Term u_protected_memory.u_data/din[43]
[WARNING DRT-0419] No routing tracks pass through the center of Term u_protected_memory.u_data/din[44]
[WARNING DRT-0419] No routing tracks pass through the center of Term u_protected_memory.u_data/din[45]
[WARNING DRT-0419] No routing tracks pass through the center of Term u_protected_memory.u_data/din[46]
[WARNING DRT-0419] No routing tracks pass through the center of Term u_protected_memory.u_data/din[47]
[WARNING DRT-0419] No routing tracks pass through the center of Term u_protected_memory.u_data/din[48]
[WARNING DRT-0419] No routing tracks pass through the center of Term u_protected_memory.u_data/din[49]
[WARNING DRT-0419] No routing tracks pass through the center of Term u_protected_memory.u_data/din[50]
[WARNING DRT-0419] No routing tracks pass through the center of Term u_protected_memory.u_data/din[51]
[WARNING DRT-0419] No routing tracks pass through the center of Term u_protected_memory.u_data/din[52]
[WARNING DRT-0419] No routing tracks pass through the center of Term u_protected_memory.u_data/din[53]
[WARNING DRT-0419] No routing tracks pass through the center of Term u_protected_memory.u_data/din[54]
[WARNING DRT-0419] No routing tracks pass through the center of Term u_protected_memory.u_data/din[55]
[WARNING DRT-0419] No routing tracks pass through the center of Term u_protected_memory.u_data/din[56]
[WARNING DRT-0419] No routing tracks pass through the center of Term u_protected_memory.u_data/din[57]
[WARNING DRT-0419] No routing tracks pass through the center of Term u_protected_memory.u_data/din[58]
[WARNING DRT-0419] No routing tracks pass through the center of Term u_protected_memory.u_data/din[59]
[WARNING DRT-0419] No routing tracks pass through the center of Term u_protected_memory.u_data/din[60]
[WARNING DRT-0419] No routing tracks pass through the center of Term u_protected_memory.u_data/din[61]
[WARNING DRT-0419] No routing tracks pass through the center of Term u_protected_memory.u_data/din[62]
[WARNING DRT-0419] No routing tracks pass through the center of Term u_protected_memory.u_data/din[63]
[WARNING DRT-0419] No routing tracks pass through the center of Term u_protected_memory.u_data/wmask[1]
[WARNING DRT-0419] No routing tracks pass through the center of Term u_protected_memory.u_data/wmask[2]
[WARNING DRT-0419] No routing tracks pass through the center of Term u_protected_memory.u_data/wmask[3]
[WARNING DRT-0419] No routing tracks pass through the center of Term u_protected_memory.u_data/wmask[4]
[WARNING DRT-0419] No routing tracks pass through the center of Term u_protected_memory.u_data/wmask[5]
[WARNING DRT-0419] No routing tracks pass through the center of Term u_protected_memory.u_data/wmask[6]
[WARNING DRT-0419] No routing tracks pass through the center of Term u_protected_memory.u_data/wmask[7]
[WARNING DRT-0418] Term u_protected_memory.u_ecc/dout[0] has no pins on routing grid
[WARNING DRT-0418] Term u_protected_memory.u_ecc/dout[1] has no pins on routing grid
[WARNING DRT-0418] Term u_protected_memory.u_ecc/dout[2] has no pins on routing grid
[WARNING DRT-0418] Term u_protected_memory.u_ecc/dout[3] has no pins on routing grid
[WARNING DRT-0418] Term u_protected_memory.u_ecc/dout[4] has no pins on routing grid
[WARNING DRT-0418] Term u_protected_memory.u_ecc/dout[5] has no pins on routing grid
[WARNING DRT-0418] Term u_protected_memory.u_ecc/dout[6] has no pins on routing grid
[WARNING DRT-0418] Term u_protected_memory.u_ecc/dout[7] has no pins on routing grid
[WARNING DRT-0419] No routing tracks pass through the center of Term u_protected_memory.u_ecc/din[0]
[WARNING DRT-0419] No routing tracks pass through the center of Term u_protected_memory.u_ecc/din[1]
[WARNING DRT-0419] No routing tracks pass through the center of Term u_protected_memory.u_ecc/din[2]
[WARNING DRT-0418] Term u_protected_memory.u_ecc/din[3] has no pins on routing grid
[WARNING DRT-0418] Term u_protected_memory.u_ecc/din[4] has no pins on routing grid
[WARNING DRT-0418] Term u_protected_memory.u_ecc/din[5] has no pins on routing grid
[WARNING DRT-0418] Term u_protected_memory.u_ecc/din[6] has no pins on routing grid
[WARNING DRT-0418] Term u_protected_memory.u_ecc/din[7] has no pins on routing grid
[WARNING DRT-0419] No routing tracks pass through the center of Term u_protected_memory.u_ecc/wmask[0]
[WARNING DRT-0419] No routing tracks pass through the center of Term u_protected_memory.u_ecc/wmask[1]
[WARNING DRT-0419] No routing tracks pass through the center of Term u_protected_memory.u_ecc/wmask[2]
[WARNING DRT-0418] Term u_protected_memory.u_ecc/wmask[3] has no pins on routing grid
[WARNING DRT-0418] Term u_protected_memory.u_ecc/wmask[4] has no pins on routing grid
[WARNING DRT-0418] Term u_protected_memory.u_ecc/wmask[5] has no pins on routing grid
[WARNING DRT-0418] Term u_protected_memory.u_ecc/wmask[6] has no pins on routing grid
[WARNING DRT-0418] Term u_protected_memory.u_ecc/wmask[7] has no pins on routing grid
[INFO DRT-0167] List of default vias:
  Layer via
    default via: M1M2_PR
  Layer via2
    default via: M2M3_PR
  Layer via3
    default via: M3M4_PR
  Layer via4
    default via: M4M5_PR
[INFO DRT-0162] Library cell analysis.
[INFO DRT-0163] Instance analysis.
[INFO DRT-0164] Number of unique instances = 98.
[INFO DRT-0168] Init region query.
[INFO DRT-0024]   Complete FR_MASTERSLICE.
[INFO DRT-0024]   Complete Fr_VIA.
[INFO DRT-0024]   Complete li1.
[INFO DRT-0024]   Complete mcon.
[INFO DRT-0024]   Complete met1.
[INFO DRT-0024]   Complete via.
[INFO DRT-0024]   Complete met2.
[INFO DRT-0024]   Complete via2.
[INFO DRT-0024]   Complete met3.
[INFO DRT-0024]   Complete via3.
[INFO DRT-0024]   Complete met4.
[INFO DRT-0024]   Complete via4.
[INFO DRT-0024]   Complete met5.
[INFO DRT-0033] FR_MASTERSLICE shape region query size = 0.
[INFO DRT-0033] FR_VIA shape region query size = 0.
[INFO DRT-0033] li1 shape region query size = 47656.
[INFO DRT-0033] mcon shape region query size = 25324.
[INFO DRT-0033] met1 shape region query size = 17834.
[INFO DRT-0033] via shape region query size = 24330.
[INFO DRT-0033] met2 shape region query size = 22048.
[INFO DRT-0033] via2 shape region query size = 45597.
[INFO DRT-0033] met3 shape region query size = 29027.
[INFO DRT-0033] via3 shape region query size = 45281.
[INFO DRT-0033] met4 shape region query size = 11428.
[INFO DRT-0033] via4 shape region query size = 1676.
[INFO DRT-0033] met5 shape region query size = 1768.
[INFO DRT-0165] Start pin access.
[INFO DRT-0078]   Complete 904 pins.
[INFO DRT-0081]   Complete 96 unique inst patterns.
[INFO DRT-0084]   Complete 897 groups.
#scanned instances     = 5826
#unique  instances     = 98
#stdCellGenAp          = 2996
#stdCellValidPlanarAp  = 63
#stdCellValidViaAp     = 2128
#stdCellPinNoAp        = 0
#stdCellPinCnt         = 2862
#instTermValidViaApCnt = 0
#macroGenAp            = 553
#macroValidPlanarAp    = 452
#macroValidViaAp       = 0
#macroNoAp             = 0
[INFO DRT-0166] Complete pin access.
[INFO DRT-0267] cpu time = 00:01:03, elapsed time = 00:00:17, memory = 190.64 (MB), peak = 190.00 (MB)
Took 18 seconds: pin_access
set_global_routing_random -seed 13
global_route -congestion_report_file /work/campaigns/iscas_sustainability_extension/memory_compiler/gate3_attempt09_sram22_residual_interface_drv_and_provenance_closure/raw/openroad/work/reports/sky130hd/attempt09_e0/seed13/congestion.rpt -congestion_iterations 30 -congestion_report_iter_step 5 -verbose
[INFO GRT-0020] Min routing layer: met1
[INFO GRT-0021] Max routing layer: met5
[INFO GRT-0022] Global adjustment: 0%
[INFO GRT-0023] Grid origin: (0, 0)
[INFO GRT-0088] Layer li1     Track-Pitch = 0.4600  line-2-Via Pitch: 0.3400
[INFO GRT-0088] Layer met1    Track-Pitch = 0.3400  line-2-Via Pitch: 0.3400
[INFO GRT-0088] Layer met2    Track-Pitch = 0.4600  line-2-Via Pitch: 0.3500
[INFO GRT-0088] Layer met3    Track-Pitch = 0.6800  line-2-Via Pitch: 0.6150
[INFO GRT-0088] Layer met4    Track-Pitch = 0.9200  line-2-Via Pitch: 1.0400
[INFO GRT-0088] Layer met5    Track-Pitch = 3.4000  line-2-Via Pitch: 3.1100
[INFO GRT-0003] Macros: 2
[INFO GRT-0004] Blockages: 1090
[INFO GRT-0019] Found 8 clock nets.
[INFO GRT-0001] Minimum degree: 2
[INFO GRT-0002] Maximum degree: 20

[INFO GRT-0053] Routing resources analysis:
          Routing      Original      Derated      Resource
Layer     Direction    Resources     Resources    Reduction (%)
---------------------------------------------------------------
li1        Vertical            0             0          0.00%
met1       Horizontal     123390         95973          22.22%
met2       Vertical       102532         78846          23.10%
met3       Horizontal     124851         97475          21.93%
met4       Vertical        86395         62266          27.93%
met5       Horizontal      19645         13729          30.11%
---------------------------------------------------------------

[INFO GRT-0197] Via related to pin nodes: 5760
[INFO GRT-0198] Via related Steiner nodes: 148
[INFO GRT-0199] Via filling finished.
[INFO GRT-0111] Final number of vias: 7632
[INFO GRT-0112] Final usage 3D: 34416

[INFO GRT-0096] Final congestion report:
Layer         Resource        Demand        Usage (%)    Max H / Max V / Total Congestion
---------------------------------------------------------------------------------------
li1                  0             0            0.00%             0 /  0 /  0
met1             95973          3216            3.35%             0 /  0 /  0
met2             78846          6319            8.01%             0 /  0 /  0
met3             97475           845            0.87%             0 /  0 /  0
met4             62266          1136            1.82%             0 /  0 /  0
met5             13729             4            0.03%             0 /  0 /  0
---------------------------------------------------------------------------------------
Total           348289         11520            3.31%             0 /  0 /  0

[INFO GRT-0018] Total wirelength: 96434 um
[INFO GRT-0014] Routed nets: 1233
[INFO GRT-0303] Global routing runtime = 00:00:00
estimate_parasitics -global_routing
global_route -start_incremental
global_route -end_incremental -congestion_report_file /work/campaigns/iscas_sustainability_extension/memory_compiler/gate3_attempt09_sram22_residual_interface_drv_and_provenance_closure/raw/openroad/work/reports/sky130hd/attempt09_e0/seed13/congestion_post_recover_power.rpt
Repair antennas...
[INFO GRT-0012] Found 22 antenna violations.
[INFO GRT-0302] Inserted 21 jumpers for 21 nets.
[INFO GRT-0012] Found 7 antenna violations.
[INFO DPL-0006] Core area: 615627.94 um^2
[INFO DPL-0007] Movable instances area: 9683.04 um^2
[INFO DPL-0008] Fixed instances area within core: 266287.28 um^2
[INFO DPL-0009] Utilization: 44.8%
[INFO DPL-0005] Diamond search max displacement: +/- 500 sites horizontally, +/- 100 rows vertically.
[INFO DPL-1102] Legalizing using negotiation legalizer.
[INFO DPL-1103] Negotiation base search window: +/-20 sites horizontally, +/-5 rows vertically 
	Automatic search window extension enabled.
	Search window extendable up to the max displacement cap of +/-500 sites, +/-100 rows near walls.
[INFO DPL-1104] NegotiationLegalizer DRC penalty: 5.
[INFO DPL-0392] Negotiation cell height distribution (3 unique row-count(s)):
[INFO DPL-0393]   height 1 row(s): 5860 cells
[INFO DPL-0393]   height 83 row(s): 1 cells
[INFO DPL-0393]   height 108 row(s): 1 cells
          |      Total |  Illegal |  Illegal
Iteration | Violations |    Cells |    Sites
---------------------------------------------
        0 |          0 |         0 |         0
Negotiation phase 1 converged at iteration 0.
[INFO DPL-0500] Runtime: 0.06s
[INFO GRT-0015] Inserted 36 diodes.
[INFO GRT-0012] Found 0 antenna violations.
[INFO ANT-0002] Found 0 net violations.
[INFO ANT-0001] Found 0 pin violations.
Estimate parasitics...
estimate_parasitics -global_routing
Report metrics stage 5, global route...

==========================================================================
global route report_design_area
--------------------------------------------------------------------------
Design area 275970 um^2 45% utilization.
[INFO FLW-0007] clock core_clk period 10.000000
[INFO FLW-0008] Clock core_clk period 9.380
[INFO FLW-0009] Clock core_clk slack 0.126
write_sdc -no_timestamp /work/campaigns/iscas_sustainability_extension/memory_compiler/gate3_attempt09_sram22_residual_interface_drv_and_provenance_closure/raw/openroad/work/results/sky130hd/attempt09_e0/seed13/updated_clks.sdc
[INFO FLW-0011] Path endpoint path count 197
write_db /work/campaigns/iscas_sustainability_extension/memory_compiler/gate3_attempt09_sram22_residual_interface_drv_and_provenance_closure/raw/openroad/work/results/sky130hd/attempt09_e0/seed13/5_1_grt.odb
write_sdc -no_timestamp /work/campaigns/iscas_sustainability_extension/memory_compiler/gate3_attempt09_sram22_residual_interface_drv_and_provenance_closure/raw/openroad/work/results/sky130hd/attempt09_e0/seed13/5_1_grt.sdc
Elapsed time: 0:26.60[h:]min:sec. CPU time: user 69.74 sys 0.94 (265%). Peak memory: 344772KB.
Log                       Ext     Elapsed/s Peak Memory/MB sha1sum result [0:20)
5_1_grt                   .odb           26            336 7d6d3e49e8b9583696f9
5_1_grt                   .sdc                             3cad56baab78945476a2
/OpenROAD-flow-scripts/flow/scripts/flow.sh 5_2_route detail_route
Running detail_route.tcl, stage 5_2_route
read_liberty /OpenROAD-flow-scripts/flow/platforms/sky130hd/lib/sky130_fd_sc_hd__tt_025C_1v80.lib
read_liberty /work/campaigns/iscas_sustainability_extension/memory_compiler/gate3_attempt09_sram22_residual_interface_drv_and_provenance_closure/source_checkout/sram22_256x64m4w8/sram22_256x64m4w8_tt_025C_1v80.lib
read_liberty /work/campaigns/iscas_sustainability_extension/memory_compiler/gate3_attempt09_sram22_residual_interface_drv_and_provenance_closure/source_checkout/sram22_256x8m8w1/sram22_256x8m8w1_tt_025C_1v80.lib
read_db /work/campaigns/iscas_sustainability_extension/memory_compiler/gate3_attempt09_sram22_residual_interface_drv_and_provenance_closure/raw/openroad/work/results/sky130hd/attempt09_e0/seed13/5_1_grt.odb
read_sdc /work/campaigns/iscas_sustainability_extension/memory_compiler/gate3_attempt09_sram22_residual_interface_drv_and_provenance_closure/raw/openroad/work/results/sky130hd/attempt09_e0/seed13/5_1_grt.sdc
source /OpenROAD-flow-scripts/flow/platforms/sky130hd/setRC.tcl
detailed_route -output_drc /work/campaigns/iscas_sustainability_extension/memory_compiler/gate3_attempt09_sram22_residual_interface_drv_and_provenance_closure/raw/openroad/work/reports/sky130hd/attempt09_e0/seed13/5_route_drc.rpt -output_maze /work/campaigns/iscas_sustainability_extension/memory_compiler/gate3_attempt09_sram22_residual_interface_drv_and_provenance_closure/raw/openroad/work/results/sky130hd/attempt09_e0/seed13/maze.log -droute_end_iter 64 -verbose 1 -drc_report_iter_step 5
[INFO DRT-0149] Reading tech and libs.
[WARNING DRT-0349] LEF58_ENCLOSURE with no CUTCLASS is not supported. Skipping for layer mcon
[WARNING DRT-0349] LEF58_ENCLOSURE with no CUTCLASS is not supported. Skipping for layer mcon
[WARNING DRT-0349] LEF58_ENCLOSURE with no CUTCLASS is not supported. Skipping for layer via
[WARNING DRT-0349] LEF58_ENCLOSURE with no CUTCLASS is not supported. Skipping for layer via
[WARNING DRT-0349] LEF58_ENCLOSURE with no CUTCLASS is not supported. Skipping for layer via2
[WARNING DRT-0349] LEF58_ENCLOSURE with no CUTCLASS is not supported. Skipping for layer via2
[WARNING DRT-0349] LEF58_ENCLOSURE with no CUTCLASS is not supported. Skipping for layer via3
[WARNING DRT-0349] LEF58_ENCLOSURE with no CUTCLASS is not supported. Skipping for layer via3
[WARNING DRT-0349] LEF58_ENCLOSURE with no CUTCLASS is not supported. Skipping for layer via4
[WARNING DRT-0349] LEF58_ENCLOSURE with no CUTCLASS is not supported. Skipping for layer via4

Units:                1000
Number of layers:     13
Number of macros:     443
Number of vias:       130
Number of viarulegen: 25

[INFO DRT-0150] Reading design.

Design:                   e0_sram22_top
Die area:                 ( 0 0 ) ( 1000000 650000 )
Number of track patterns: 12
Number of DEF vias:       0
Number of components:     5862
Number of terminals:      144
Number of snets:          2
Number of nets:           1233

[WARNING DRT-0419] No routing tracks pass through the center of Term u_protected_memory.u_data/dout[0]
[WARNING DRT-0419] No routing tracks pass through the center of Term u_protected_memory.u_data/dout[1]
[WARNING DRT-0419] No routing tracks pass through the center of Term u_protected_memory.u_data/dout[2]
[WARNING DRT-0419] No routing tracks pass through the center of Term u_protected_memory.u_data/dout[3]
[WARNING DRT-0419] No routing tracks pass through the center of Term u_protected_memory.u_data/dout[4]
[WARNING DRT-0419] No routing tracks pass through the center of Term u_protected_memory.u_data/dout[5]
[WARNING DRT-0419] No routing tracks pass through the center of Term u_protected_memory.u_data/dout[6]
[WARNING DRT-0419] No routing tracks pass through the center of Term u_protected_memory.u_data/dout[7]
[WARNING DRT-0419] No routing tracks pass through the center of Term u_protected_memory.u_data/dout[8]
[WARNING DRT-0419] No routing tracks pass through the center of Term u_protected_memory.u_data/dout[9]
[WARNING DRT-0419] No routing tracks pass through the center of Term u_protected_memory.u_data/dout[10]
[WARNING DRT-0419] No routing tracks pass through the center of Term u_protected_memory.u_data/dout[11]
[WARNING DRT-0419] No routing tracks pass through the center of Term u_protected_memory.u_data/dout[12]
[WARNING DRT-0419] No routing tracks pass through the center of Term u_protected_memory.u_data/dout[13]
[WARNING DRT-0419] No routing tracks pass through the center of Term u_protected_memory.u_data/dout[14]
[WARNING DRT-0419] No routing tracks pass through the center of Term u_protected_memory.u_data/dout[15]
[WARNING DRT-0419] No routing tracks pass through the center of Term u_protected_memory.u_data/dout[16]
[WARNING DRT-0419] No routing tracks pass through the center of Term u_protected_memory.u_data/dout[17]
[WARNING DRT-0419] No routing tracks pass through the center of Term u_protected_memory.u_data/dout[18]
[WARNING DRT-0419] No routing tracks pass through the center of Term u_protected_memory.u_data/dout[19]
[WARNING DRT-0419] No routing tracks pass through the center of Term u_protected_memory.u_data/dout[20]
[WARNING DRT-0419] No routing tracks pass through the center of Term u_protected_memory.u_data/dout[21]
[WARNING DRT-0419] No routing tracks pass through the center of Term u_protected_memory.u_data/dout[22]
[WARNING DRT-0419] No routing tracks pass through the center of Term u_protected_memory.u_data/dout[23]
[WARNING DRT-0419] No routing tracks pass through the center of Term u_protected_memory.u_data/dout[24]
[WARNING DRT-0419] No routing tracks pass through the center of Term u_protected_memory.u_data/dout[25]
[WARNING DRT-0419] No routing tracks pass through the center of Term u_protected_memory.u_data/dout[26]
[WARNING DRT-0419] No routing tracks pass through the center of Term u_protected_memory.u_data/dout[27]
[WARNING DRT-0419] No routing tracks pass through the center of Term u_protected_memory.u_data/dout[28]
[WARNING DRT-0419] No routing tracks pass through the center of Term u_protected_memory.u_data/dout[29]
[WARNING DRT-0419] No routing tracks pass through the center of Term u_protected_memory.u_data/dout[30]
[WARNING DRT-0419] No routing tracks pass through the center of Term u_protected_memory.u_data/dout[31]
[WARNING DRT-0419] No routing tracks pass through the center of Term u_protected_memory.u_data/dout[32]
[WARNING DRT-0419] No routing tracks pass through the center of Term u_protected_memory.u_data/dout[33]
[WARNING DRT-0419] No routing tracks pass through the center of Term u_protected_memory.u_data/dout[34]
[WARNING DRT-0419] No routing tracks pass through the center of Term u_protected_memory.u_data/dout[35]
[WARNING DRT-0419] No routing tracks pass through the center of Term u_protected_memory.u_data/dout[36]
[WARNING DRT-0419] No routing tracks pass through the center of Term u_protected_memory.u_data/dout[37]
[WARNING DRT-0419] No routing tracks pass through the center of Term u_protected_memory.u_data/dout[38]
[WARNING DRT-0419] No routing tracks pass through the center of Term u_protected_memory.u_data/dout[39]
[WARNING DRT-0419] No routing tracks pass through the center of Term u_protected_memory.u_data/dout[40]
[WARNING DRT-0419] No routing tracks pass through the center of Term u_protected_memory.u_data/dout[41]
[WARNING DRT-0419] No routing tracks pass through the center of Term u_protected_memory.u_data/dout[42]
[WARNING DRT-0419] No routing tracks pass through the center of Term u_protected_memory.u_data/dout[43]
[WARNING DRT-0419] No routing tracks pass through the center of Term u_protected_memory.u_data/dout[44]
[WARNING DRT-0419] No routing tracks pass through the center of Term u_protected_memory.u_data/dout[45]
[WARNING DRT-0419] No routing tracks pass through the center of Term u_protected_memory.u_data/dout[46]
[WARNING DRT-0419] No routing tracks pass through the center of Term u_protected_memory.u_data/dout[47]
[WARNING DRT-0419] No routing tracks pass through the center of Term u_protected_memory.u_data/dout[48]
[WARNING DRT-0419] No routing tracks pass through the center of Term u_protected_memory.u_data/dout[49]
[WARNING DRT-0419] No routing tracks pass through the center of Term u_protected_memory.u_data/dout[50]
[WARNING DRT-0419] No routing tracks pass through the center of Term u_protected_memory.u_data/dout[51]
[WARNING DRT-0419] No routing tracks pass through the center of Term u_protected_memory.u_data/dout[52]
[WARNING DRT-0419] No routing tracks pass through the center of Term u_protected_memory.u_data/dout[53]
[WARNING DRT-0419] No routing tracks pass through the center of Term u_protected_memory.u_data/dout[54]
[WARNING DRT-0419] No routing tracks pass through the center of Term u_protected_memory.u_data/dout[55]
[WARNING DRT-0419] No routing tracks pass through the center of Term u_protected_memory.u_data/dout[56]
[WARNING DRT-0419] No routing tracks pass through the center of Term u_protected_memory.u_data/dout[57]
[WARNING DRT-0419] No routing tracks pass through the center of Term u_protected_memory.u_data/dout[58]
[WARNING DRT-0419] No routing tracks pass through the center of Term u_protected_memory.u_data/dout[59]
[WARNING DRT-0419] No routing tracks pass through the center of Term u_protected_memory.u_data/dout[60]
[WARNING DRT-0419] No routing tracks pass through the center of Term u_protected_memory.u_data/dout[61]
[WARNING DRT-0419] No routing tracks pass through the center of Term u_protected_memory.u_data/dout[62]
[WARNING DRT-0419] No routing tracks pass through the center of Term u_protected_memory.u_data/dout[63]
[WARNING DRT-0419] No routing tracks pass through the center of Term u_protected_memory.u_data/din[0]
[WARNING DRT-0419] No routing tracks pass through the center of Term u_protected_memory.u_data/din[1]
[WARNING DRT-0419] No routing tracks pass through the center of Term u_protected_memory.u_data/din[2]
[WARNING DRT-0419] No routing tracks pass through the center of Term u_protected_memory.u_data/din[3]
[WARNING DRT-0419] No routing tracks pass through the center of Term u_protected_memory.u_data/din[4]
[WARNING DRT-0419] No routing tracks pass through the center of Term u_protected_memory.u_data/din[5]
[WARNING DRT-0419] No routing tracks pass through the center of Term u_protected_memory.u_data/din[6]
[WARNING DRT-0419] No routing tracks pass through the center of Term u_protected_memory.u_data/din[7]
[WARNING DRT-0419] No routing tracks pass through the center of Term u_protected_memory.u_data/din[8]
[WARNING DRT-0419] No routing tracks pass through the center of Term u_protected_memory.u_data/din[9]
[WARNING DRT-0419] No routing tracks pass through the center of Term u_protected_memory.u_data/din[10]
[WARNING DRT-0419] No routing tracks pass through the center of Term u_protected_memory.u_data/din[11]
[WARNING DRT-0419] No routing tracks pass through the center of Term u_protected_memory.u_data/din[12]
[WARNING DRT-0419] No routing tracks pass through the center of Term u_protected_memory.u_data/din[13]
[WARNING DRT-0419] No routing tracks pass through the center of Term u_protected_memory.u_data/din[14]
[WARNING DRT-0419] No routing tracks pass through the center of Term u_protected_memory.u_data/din[15]
[WARNING DRT-0419] No routing tracks pass through the center of Term u_protected_memory.u_data/din[16]
[WARNING DRT-0419] No routing tracks pass through the center of Term u_protected_memory.u_data/din[17]
[WARNING DRT-0419] No routing tracks pass through the center of Term u_protected_memory.u_data/din[18]
[WARNING DRT-0419] No routing tracks pass through the center of Term u_protected_memory.u_data/din[19]
[WARNING DRT-0419] No routing tracks pass through the center of Term u_protected_memory.u_data/din[20]
[WARNING DRT-0419] No routing tracks pass through the center of Term u_protected_memory.u_data/din[21]
[WARNING DRT-0419] No routing tracks pass through the center of Term u_protected_memory.u_data/din[22]
[WARNING DRT-0419] No routing tracks pass through the center of Term u_protected_memory.u_data/din[23]
[WARNING DRT-0419] No routing tracks pass through the center of Term u_protected_memory.u_data/din[24]
[WARNING DRT-0419] No routing tracks pass through the center of Term u_protected_memory.u_data/din[25]
[WARNING DRT-0419] No routing tracks pass through the center of Term u_protected_memory.u_data/din[26]
[WARNING DRT-0419] No routing tracks pass through the center of Term u_protected_memory.u_data/din[27]
[WARNING DRT-0419] No routing tracks pass through the center of Term u_protected_memory.u_data/din[28]
[WARNING DRT-0419] No routing tracks pass through the center of Term u_protected_memory.u_data/din[29]
[WARNING DRT-0419] No routing tracks pass through the center of Term u_protected_memory.u_data/din[30]
[WARNING DRT-0419] No routing tracks pass through the center of Term u_protected_memory.u_data/din[31]
[WARNING DRT-0419] No routing tracks pass through the center of Term u_protected_memory.u_data/din[32]
[WARNING DRT-0419] No routing tracks pass through the center of Term u_protected_memory.u_data/din[33]
[WARNING DRT-0419] No routing tracks pass through the center of Term u_protected_memory.u_data/din[34]
[WARNING DRT-0419] No routing tracks pass through the center of Term u_protected_memory.u_data/din[35]
[WARNING DRT-0419] No routing tracks pass through the center of Term u_protected_memory.u_data/din[36]
[WARNING DRT-0419] No routing tracks pass through the center of Term u_protected_memory.u_data/din[37]
[WARNING DRT-0419] No routing tracks pass through the center of Term u_protected_memory.u_data/din[38]
[WARNING DRT-0419] No routing tracks pass through the center of Term u_protected_memory.u_data/din[39]
[WARNING DRT-0419] No routing tracks pass through the center of Term u_protected_memory.u_data/din[40]
[WARNING DRT-0419] No routing tracks pass through the center of Term u_protected_memory.u_data/din[41]
[WARNING DRT-0419] No routing tracks pass through the center of Term u_protected_memory.u_data/din[42]
[WARNING DRT-0419] No routing tracks pass through the center of Term u_protected_memory.u_data/din[43]
[WARNING DRT-0419] No routing tracks pass through the center of Term u_protected_memory.u_data/din[44]
[WARNING DRT-0419] No routing tracks pass through the center of Term u_protected_memory.u_data/din[45]
[WARNING DRT-0419] No routing tracks pass through the center of Term u_protected_memory.u_data/din[46]
[WARNING DRT-0419] No routing tracks pass through the center of Term u_protected_memory.u_data/din[47]
[WARNING DRT-0419] No routing tracks pass through the center of Term u_protected_memory.u_data/din[48]
[WARNING DRT-0419] No routing tracks pass through the center of Term u_protected_memory.u_data/din[49]
[WARNING DRT-0419] No routing tracks pass through the center of Term u_protected_memory.u_data/din[50]
[WARNING DRT-0419] No routing tracks pass through the center of Term u_protected_memory.u_data/din[51]
[WARNING DRT-0419] No routing tracks pass through the center of Term u_protected_memory.u_data/din[52]
[WARNING DRT-0419] No routing tracks pass through the center of Term u_protected_memory.u_data/din[53]
[WARNING DRT-0419] No routing tracks pass through the center of Term u_protected_memory.u_data/din[54]
[WARNING DRT-0419] No routing tracks pass through the center of Term u_protected_memory.u_data/din[55]
[WARNING DRT-0419] No routing tracks pass through the center of Term u_protected_memory.u_data/din[56]
[WARNING DRT-0419] No routing tracks pass through the center of Term u_protected_memory.u_data/din[57]
[WARNING DRT-0419] No routing tracks pass through the center of Term u_protected_memory.u_data/din[58]
[WARNING DRT-0419] No routing tracks pass through the center of Term u_protected_memory.u_data/din[59]
[WARNING DRT-0419] No routing tracks pass through the center of Term u_protected_memory.u_data/din[60]
[WARNING DRT-0419] No routing tracks pass through the center of Term u_protected_memory.u_data/din[61]
[WARNING DRT-0419] No routing tracks pass through the center of Term u_protected_memory.u_data/din[62]
[WARNING DRT-0419] No routing tracks pass through the center of Term u_protected_memory.u_data/din[63]
[WARNING DRT-0419] No routing tracks pass through the center of Term u_protected_memory.u_data/wmask[1]
[WARNING DRT-0419] No routing tracks pass through the center of Term u_protected_memory.u_data/wmask[2]
[WARNING DRT-0419] No routing tracks pass through the center of Term u_protected_memory.u_data/wmask[3]
[WARNING DRT-0419] No routing tracks pass through the center of Term u_protected_memory.u_data/wmask[4]
[WARNING DRT-0419] No routing tracks pass through the center of Term u_protected_memory.u_data/wmask[5]
[WARNING DRT-0419] No routing tracks pass through the center of Term u_protected_memory.u_data/wmask[6]
[WARNING DRT-0419] No routing tracks pass through the center of Term u_protected_memory.u_data/wmask[7]
[WARNING DRT-0418] Term u_protected_memory.u_ecc/dout[0] has no pins on routing grid
[WARNING DRT-0418] Term u_protected_memory.u_ecc/dout[1] has no pins on routing grid
[WARNING DRT-0418] Term u_protected_memory.u_ecc/dout[2] has no pins on routing grid
[WARNING DRT-0418] Term u_protected_memory.u_ecc/dout[3] has no pins on routing grid
[WARNING DRT-0418] Term u_protected_memory.u_ecc/dout[4] has no pins on routing grid
[WARNING DRT-0418] Term u_protected_memory.u_ecc/dout[5] has no pins on routing grid
[WARNING DRT-0418] Term u_protected_memory.u_ecc/dout[6] has no pins on routing grid
[WARNING DRT-0418] Term u_protected_memory.u_ecc/dout[7] has no pins on routing grid
[WARNING DRT-0419] No routing tracks pass through the center of Term u_protected_memory.u_ecc/din[0]
[WARNING DRT-0419] No routing tracks pass through the center of Term u_protected_memory.u_ecc/din[1]
[WARNING DRT-0419] No routing tracks pass through the center of Term u_protected_memory.u_ecc/din[2]
[WARNING DRT-0418] Term u_protected_memory.u_ecc/din[3] has no pins on routing grid
[WARNING DRT-0418] Term u_protected_memory.u_ecc/din[4] has no pins on routing grid
[WARNING DRT-0418] Term u_protected_memory.u_ecc/din[5] has no pins on routing grid
[WARNING DRT-0418] Term u_protected_memory.u_ecc/din[6] has no pins on routing grid
[WARNING DRT-0418] Term u_protected_memory.u_ecc/din[7] has no pins on routing grid
[WARNING DRT-0419] No routing tracks pass through the center of Term u_protected_memory.u_ecc/wmask[0]
[WARNING DRT-0419] No routing tracks pass through the center of Term u_protected_memory.u_ecc/wmask[1]
[WARNING DRT-0419] No routing tracks pass through the center of Term u_protected_memory.u_ecc/wmask[2]
[WARNING DRT-0418] Term u_protected_memory.u_ecc/wmask[3] has no pins on routing grid
[WARNING DRT-0418] Term u_protected_memory.u_ecc/wmask[4] has no pins on routing grid
[WARNING DRT-0418] Term u_protected_memory.u_ecc/wmask[5] has no pins on routing grid
[WARNING DRT-0418] Term u_protected_memory.u_ecc/wmask[6] has no pins on routing grid
[WARNING DRT-0418] Term u_protected_memory.u_ecc/wmask[7] has no pins on routing grid
[INFO DRT-0167] List of default vias:
  Layer via
    default via: M1M2_PR
  Layer via2
    default via: M2M3_PR
  Layer via3
    default via: M3M4_PR
  Layer via4
    default via: M4M5_PR
[INFO DRT-0162] Library cell analysis.
[INFO DRT-0163] Instance analysis.
[INFO DRT-0164] Number of unique instances = 100.
[INFO DRT-0168] Init region query.
[INFO DRT-0024]   Complete FR_MASTERSLICE.
[INFO DRT-0024]   Complete Fr_VIA.
[INFO DRT-0024]   Complete li1.
[INFO DRT-0024]   Complete mcon.
[INFO DRT-0024]   Complete met1.
[INFO DRT-0024]   Complete via.
[INFO DRT-0024]   Complete met2.
[INFO DRT-0024]   Complete via2.
[INFO DRT-0024]   Complete met3.
[INFO DRT-0024]   Complete via3.
[INFO DRT-0024]   Complete met4.
[INFO DRT-0024]   Complete via4.
[INFO DRT-0024]   Complete met5.
[INFO DRT-0033] FR_MASTERSLICE shape region query size = 0.
[INFO DRT-0033] FR_VIA shape region query size = 0.
[INFO DRT-0033] li1 shape region query size = 47764.
[INFO DRT-0033] mcon shape region query size = 25468.
[INFO DRT-0033] met1 shape region query size = 17906.
[INFO DRT-0033] via shape region query size = 24330.
[INFO DRT-0033] met2 shape region query size = 22048.
[INFO DRT-0033] via2 shape region query size = 45597.
[INFO DRT-0033] met3 shape region query size = 29027.
[INFO DRT-0033] via3 shape region query size = 45281.
[INFO DRT-0033] met4 shape region query size = 11428.
[INFO DRT-0033] via4 shape region query size = 1676.
[INFO DRT-0033] met5 shape region query size = 1768.
[INFO DRT-0165] Start pin access.
[INFO DRT-0078]   Complete 914 pins.
[INFO DRT-0081]   Complete 98 unique inst patterns.
[INFO DRT-0084]   Complete 919 groups.
#scanned instances     = 5862
#unique  instances     = 100
#stdCellGenAp          = 3020
#stdCellValidPlanarAp  = 63
#stdCellValidViaAp     = 2152
#stdCellPinNoAp        = 0
#stdCellPinCnt         = 2862
#instTermValidViaApCnt = 0
#macroGenAp            = 553
#macroValidPlanarAp    = 452
#macroValidViaAp       = 0
#macroNoAp             = 0
[INFO DRT-0166] Complete pin access.
[INFO DRT-0267] cpu time = 00:01:03, elapsed time = 00:00:17, memory = 267.68 (MB), peak = 267.25 (MB)

[INFO DRT-0157] Number of guides:     8327

[INFO DRT-0169] Post process guides.
[INFO DRT-0176] GCELLGRID X 0 DO 144 STEP 6900 ;
[INFO DRT-0177] GCELLGRID Y 0 DO 94 STEP 6900 ;
[INFO DRT-0028]   Complete FR_MASTERSLICE.
[INFO DRT-0028]   Complete Fr_VIA.
[INFO DRT-0028]   Complete li1.
[INFO DRT-0028]   Complete mcon.
[INFO DRT-0028]   Complete met1.
[INFO DRT-0028]   Complete via.
[INFO DRT-0028]   Complete met2.
[INFO DRT-0028]   Complete via2.
[INFO DRT-0028]   Complete met3.
[INFO DRT-0028]   Complete via3.
[INFO DRT-0028]   Complete met4.
[INFO DRT-0028]   Complete via4.
[INFO DRT-0028]   Complete met5.
[INFO DRT-0178] Init guide query.
[INFO DRT-0035]   Complete FR_MASTERSLICE (guide).
[INFO DRT-0035]   Complete Fr_VIA (guide).
[INFO DRT-0035]   Complete li1 (guide).
[INFO DRT-0035]   Complete mcon (guide).
[INFO DRT-0035]   Complete met1 (guide).
[INFO DRT-0035]   Complete via (guide).
[INFO DRT-0035]   Complete met2 (guide).
[INFO DRT-0035]   Complete via2 (guide).
[INFO DRT-0035]   Complete met3 (guide).
[INFO DRT-0035]   Complete via3 (guide).
[INFO DRT-0035]   Complete met4 (guide).
[INFO DRT-0035]   Complete via4 (guide).
[INFO DRT-0035]   Complete met5 (guide).
[INFO DRT-0036] FR_MASTERSLICE guide region query size = 0.
[INFO DRT-0036] FR_VIA guide region query size = 0.
[INFO DRT-0036] li1 guide region query size = 2590.
[INFO DRT-0036] mcon guide region query size = 0.
[INFO DRT-0036] met1 guide region query size = 2446.
[INFO DRT-0036] via guide region query size = 0.
[INFO DRT-0036] met2 guide region query size = 1391.
[INFO DRT-0036] via2 guide region query size = 0.
[INFO DRT-0036] met3 guide region query size = 318.
[INFO DRT-0036] via3 guide region query size = 0.
[INFO DRT-0036] met4 guide region query size = 156.
[INFO DRT-0036] via4 guide region query size = 0.
[INFO DRT-0036] met5 guide region query size = 5.
[INFO DRT-0179] Init gr pin query.
[INFO DRT-0267] cpu time = 00:00:00, elapsed time = 00:00:00, memory = 270.25 (MB), peak = 269.75 (MB)
[INFO DRT-0245] skipped writing guide updates to database.
[INFO DRT-0181] Start track assignment.
[INFO DRT-0184] Done with 4137 vertical wires in 3 frboxes and 2769 horizontal wires in 2 frboxes.
[INFO DRT-0186] Done with 516 vertical wires in 3 frboxes and 718 horizontal wires in 2 frboxes.
[INFO DRT-0182] Complete track assignment.
[INFO DRT-0267] cpu time = 00:00:02, elapsed time = 00:00:01, memory = 326.47 (MB), peak = 325.92 (MB)
[INFO DRT-0187] Start routing data preparation.
[INFO DRT-0267] cpu time = 00:00:00, elapsed time = 00:00:00, memory = 326.47 (MB), peak = 325.92 (MB)
[INFO DRT-0194] Start detail routing.
[INFO DRT-0195] Start 0th optimization iteration.
    Completing 10% with 0 violations.
    elapsed time = 00:00:00, memory = 331.19 (MB).
    Completing 20% with 0 violations.
    elapsed time = 00:00:00, memory = 373.40 (MB).
    Completing 30% with 176 violations.
    elapsed time = 00:00:04, memory = 351.46 (MB).
    Completing 40% with 176 violations.
    elapsed time = 00:00:05, memory = 377.75 (MB).
    Completing 50% with 176 violations.
    elapsed time = 00:00:05, memory = 386.30 (MB).
    Completing 60% with 308 violations.
    elapsed time = 00:00:06, memory = 389.05 (MB).
    Completing 70% with 308 violations.
    elapsed time = 00:00:07, memory = 396.75 (MB).
    Completing 80% with 426 violations.
    elapsed time = 00:00:09, memory = 399.54 (MB).
    Completing 90% with 426 violations.
    elapsed time = 00:00:09, memory = 412.98 (MB).
    Completing 100% with 546 violations.
    elapsed time = 00:00:11, memory = 415.14 (MB).
[INFO DRT-0199]   Number of violations = 603.
Viol/Layer         li1   mcon   met1   met2   met3   met4
Cut Spacing          0      2      0      0      0      0
Metal Spacing        0      0    105     15      4      0
Recheck              1      0     35     14      6      1
Short                0      0    387     26      7      0
[INFO DRT-0267] cpu time = 00:00:24, elapsed time = 00:00:11, memory = 744.41 (MB), peak = 743.81 (MB)
Total wire length = 79998 um.
Total wire length on LAYER li1 = 0 um.
Total wire length on LAYER met1 = 23267 um.
Total wire length on LAYER met2 = 44958 um.
Total wire length on LAYER met3 = 5505 um.
Total wire length on LAYER met4 = 6178 um.
Total wire length on LAYER met5 = 89 um.
Total number of vias = 6636.
Up-via summary (total 6636):

-----------------------
 FR_MASTERSLICE       0
            li1    2913
           met1    3158
           met2     322
           met3     233
           met4      10
-----------------------
               6636


[INFO DRT-0195] Start 1st optimization iteration.
    Completing 10% with 603 violations.
    elapsed time = 00:00:00, memory = 744.41 (MB).
    Completing 20% with 603 violations.
    elapsed time = 00:00:00, memory = 744.41 (MB).
    Completing 30% with 554 violations.
    elapsed time = 00:00:01, memory = 744.47 (MB).
    Completing 40% with 554 violations.
    elapsed time = 00:00:01, memory = 744.47 (MB).
    Completing 50% with 554 violations.
    elapsed time = 00:00:03, memory = 744.47 (MB).
    Completing 60% with 500 violations.
    elapsed time = 00:00:03, memory = 745.84 (MB).
    Completing 70% with 500 violations.
    elapsed time = 00:00:04, memory = 746.93 (MB).
    Completing 80% with 433 violations.
    elapsed time = 00:00:05, memory = 752.08 (MB).
    Completing 90% with 433 violations.
    elapsed time = 00:00:06, memory = 785.09 (MB).
    Completing 100% with 355 violations.
    elapsed time = 00:00:11, memory = 764.47 (MB).
[INFO DRT-0199]   Number of violations = 355.
Viol/Layer        mcon   met1   met2
Cut Spacing          6      0      0
Metal Spacing        0     88     19
Short                0    227     15
[INFO DRT-0267] cpu time = 00:00:26, elapsed time = 00:00:12, memory = 767.47 (MB), peak = 784.56 (MB)
Total wire length = 79789 um.
Total wire length on LAYER li1 = 0 um.
Total wire length on LAYER met1 = 23105 um.
Total wire length on LAYER met2 = 44919 um.
Total wire length on LAYER met3 = 5538 um.
Total wire length on LAYER met4 = 6144 um.
Total wire length on LAYER met5 = 80 um.
Total number of vias = 6609.
Up-via summary (total 6609):

-----------------------
 FR_MASTERSLICE       0
            li1    2909
           met1    3145
           met2     316
           met3     229
           met4      10
-----------------------
               6609


[INFO DRT-0195] Start 2nd optimization iteration.
    Completing 10% with 355 violations.
    elapsed time = 00:00:00, memory = 767.47 (MB).
    Completing 20% with 355 violations.
    elapsed time = 00:00:00, memory = 767.47 (MB).
    Completing 30% with 351 violations.
    elapsed time = 00:00:00, memory = 767.47 (MB).
    Completing 40% with 351 violations.
    elapsed time = 00:00:01, memory = 767.47 (MB).
    Completing 50% with 351 violations.
    elapsed time = 00:00:02, memory = 771.64 (MB).
    Completing 60% with 358 violations.
    elapsed time = 00:00:02, memory = 771.64 (MB).
    Completing 70% with 358 violations.
    elapsed time = 00:00:02, memory = 771.64 (MB).
    Completing 80% with 340 violations.
    elapsed time = 00:00:03, memory = 771.64 (MB).
    Completing 90% with 340 violations.
    elapsed time = 00:00:04, memory = 771.64 (MB).
    Completing 100% with 321 violations.
    elapsed time = 00:00:11, memory = 771.64 (MB).
[INFO DRT-0199]   Number of violations = 321.
Viol/Layer        mcon   met1   met2   met3
Cut Spacing          2      0      0      0
Metal Spacing        0     76      7      1
Short                0    230      1      4
[INFO DRT-0267] cpu time = 00:00:23, elapsed time = 00:00:12, memory = 771.64 (MB), peak = 784.56 (MB)
Total wire length = 79665 um.
Total wire length on LAYER li1 = 0 um.
Total wire length on LAYER met1 = 23050 um.
Total wire length on LAYER met2 = 44911 um.
Total wire length on LAYER met3 = 5582 um.
Total wire length on LAYER met4 = 6059 um.
Total wire length on LAYER met5 = 60 um.
Total number of vias = 6546.
Up-via summary (total 6546):

-----------------------
 FR_MASTERSLICE       0
            li1    2910
           met1    3075
           met2     328
           met3     225
           met4       8
-----------------------
               6546


[INFO DRT-0195] Start 3rd optimization iteration.
    Completing 10% with 321 violations.
    elapsed time = 00:00:00, memory = 771.64 (MB).
    Completing 20% with 321 violations.
    elapsed time = 00:00:00, memory = 793.14 (MB).
    Completing 30% with 211 violations.
    elapsed time = 00:00:04, memory = 771.64 (MB).
    Completing 40% with 211 violations.
    elapsed time = 00:00:04, memory = 771.64 (MB).
    Completing 50% with 211 violations.
    elapsed time = 00:00:04, memory = 771.64 (MB).
    Completing 60% with 167 violations.
    elapsed time = 00:00:09, memory = 771.64 (MB).
    Completing 70% with 167 violations.
    elapsed time = 00:00:10, memory = 771.89 (MB).
    Completing 80% with 96 violations.
    elapsed time = 00:00:11, memory = 772.47 (MB).
    Completing 90% with 96 violations.
    elapsed time = 00:00:11, memory = 772.47 (MB).
    Completing 100% with 26 violations.
    elapsed time = 00:00:12, memory = 772.47 (MB).
[INFO DRT-0199]   Number of violations = 26.
Viol/Layer        met1
Metal Spacing       23
Short                3
[INFO DRT-0267] cpu time = 00:00:20, elapsed time = 00:00:12, memory = 772.47 (MB), peak = 792.76 (MB)
Total wire length = 79666 um.
Total wire length on LAYER li1 = 0 um.
Total wire length on LAYER met1 = 22419 um.
Total wire length on LAYER met2 = 44974 um.
Total wire length on LAYER met3 = 6164 um.
Total wire length on LAYER met4 = 6021 um.
Total wire length on LAYER met5 = 86 um.
Total number of vias = 6689.
Up-via summary (total 6689):

-----------------------
 FR_MASTERSLICE       0
            li1    2910
           met1    3157
           met2     397
           met3     217
           met4       8
-----------------------
               6689


[INFO DRT-0195] Start 4th guides tiles iteration.
    Completing 10% with 26 violations.
    elapsed time = 00:00:00, memory = 772.47 (MB).
    Completing 20% with 26 violations.
    elapsed time = 00:00:00, memory = 772.47 (MB).
    Completing 30% with 26 violations.
    elapsed time = 00:00:00, memory = 772.47 (MB).
    Completing 40% with 26 violations.
    elapsed time = 00:00:00, memory = 772.47 (MB).
    Completing 50% with 26 violations.
    elapsed time = 00:00:00, memory = 772.47 (MB).
    Completing 60% with 12 violations.
    elapsed time = 00:00:00, memory = 772.47 (MB).
    Completing 70% with 12 violations.
    elapsed time = 00:00:00, memory = 772.47 (MB).
    Completing 80% with 12 violations.
    elapsed time = 00:00:00, memory = 772.47 (MB).
    Completing 100% with 10 violations.
    elapsed time = 00:00:00, memory = 772.47 (MB).
[INFO DRT-0199]   Number of violations = 10.
Viol/Layer        met1   met2
Metal Spacing        5      0
Short                2      3
[INFO DRT-0267] cpu time = 00:00:01, elapsed time = 00:00:01, memory = 772.47 (MB), peak = 792.76 (MB)
Total wire length = 79668 um.
Total wire length on LAYER li1 = 0 um.
Total wire length on LAYER met1 = 22415 um.
Total wire length on LAYER met2 = 44975 um.
Total wire length on LAYER met3 = 6168 um.
Total wire length on LAYER met4 = 6021 um.
Total wire length on LAYER met5 = 86 um.
Total number of vias = 6699.
Up-via summary (total 6699):

-----------------------
 FR_MASTERSLICE       0
            li1    2910
           met1    3163
           met2     401
           met3     217
           met4       8
-----------------------
               6699


[INFO DRT-0195] Start 5th guides tiles iteration.
    Completing 20% with 10 violations.
    elapsed time = 00:00:00, memory = 772.47 (MB).
    Completing 50% with 10 violations.
    elapsed time = 00:00:00, memory = 772.47 (MB).
    Completing 70% with 10 violations.
    elapsed time = 00:00:00, memory = 772.47 (MB).
    Completing 100% with 0 violations.
    elapsed time = 00:00:00, memory = 772.47 (MB).
[INFO DRT-0199]   Number of violations = 0.
[INFO DRT-0267] cpu time = 00:00:01, elapsed time = 00:00:00, memory = 772.53 (MB), peak = 792.76 (MB)
Total wire length = 79665 um.
Total wire length on LAYER li1 = 0 um.
Total wire length on LAYER met1 = 22320 um.
Total wire length on LAYER met2 = 44974 um.
Total wire length on LAYER met3 = 6262 um.
Total wire length on LAYER met4 = 6021 um.
Total wire length on LAYER met5 = 86 um.
Total number of vias = 6687.
Up-via summary (total 6687):

-----------------------
 FR_MASTERSLICE       0
            li1    2910
           met1    3155
           met2     397
           met3     217
           met4       8
-----------------------
               6687


[INFO DRT-0198] Complete detail routing.
Total wire length = 79665 um.
Total wire length on LAYER li1 = 0 um.
Total wire length on LAYER met1 = 22320 um.
Total wire length on LAYER met2 = 44974 um.
Total wire length on LAYER met3 = 6262 um.
Total wire length on LAYER met4 = 6021 um.
Total wire length on LAYER met5 = 86 um.
Total number of vias = 6687.
Up-via summary (total 6687):

-----------------------
 FR_MASTERSLICE       0
            li1    2910
           met1    3155
           met2     397
           met3     217
           met4       8
-----------------------
               6687


[INFO DRT-0267] cpu time = 00:01:37, elapsed time = 00:00:51, memory = 772.59 (MB), peak = 792.76 (MB)

[INFO DRT-0180] Post processing.
[INFO DRT-0501] Runtime: 71.79s
Took 70 seconds: detailed_route -output_drc /work/campaigns/iscas_sustainability_extension/memory_compiler/gate3_attempt09_sram22_residual_interface_drv_and_provenance_closure/raw/openroad/work/reports/sky130hd/attempt09_e0/seed13/5_route_drc.rpt -output_maze /work/campaigns/iscas_sustainability_extension/memory_compiler/gate3_attempt09_sram22_residual_interface_drv_and_provenance_closure/raw/openroad/work/results/sky130hd/attempt09_e0/seed13/maze.log -droute_end_iter 64 -verbose 1 -drc_report_iter_step 5
[INFO GRT-0012] Found 5 antenna violations.
[INFO DPL-0006] Core area: 615627.94 um^2
[INFO DPL-0007] Movable instances area: 7.51 um^2
[INFO DPL-0008] Fixed instances area within core: 275975.32 um^2
[INFO DPL-0009] Utilization: 44.8%
[INFO DPL-0005] Diamond search max displacement: +/- 500 sites horizontally, +/- 100 rows vertically.
[INFO DPL-1102] Legalizing using negotiation legalizer.
[INFO DPL-1103] Negotiation base search window: +/-20 sites horizontally, +/-5 rows vertically 
	Automatic search window extension enabled.
	Search window extendable up to the max displacement cap of +/-500 sites, +/-100 rows near walls.
[INFO DPL-1104] NegotiationLegalizer DRC penalty: 5.
[INFO DPL-0392] Negotiation cell height distribution (3 unique row-count(s)):
[INFO DPL-0393]   height 1 row(s): 5865 cells
[INFO DPL-0393]   height 83 row(s): 1 cells
[INFO DPL-0393]   height 108 row(s): 1 cells
[INFO DPL-0500] Runtime: 0.05s
[INFO GRT-0015] Inserted 5 diodes.
[INFO DRT-0024]   Complete FR_MASTERSLICE.
[INFO DRT-0024]   Complete Fr_VIA.
[INFO DRT-0024]   Complete li1.
[INFO DRT-0024]   Complete mcon.
[INFO DRT-0024]   Complete met1.
[INFO DRT-0024]   Complete via.
[INFO DRT-0024]   Complete met2.
[INFO DRT-0024]   Complete via2.
[INFO DRT-0024]   Complete met3.
[INFO DRT-0024]   Complete via3.
[INFO DRT-0024]   Complete met4.
[INFO DRT-0024]   Complete via4.
[INFO DRT-0024]   Complete met5.
[INFO DRT-0165] Start pin access.
[INFO DRT-0078]   Complete 914 pins.
[INFO DRT-0081]   Complete 98 unique inst patterns.
[INFO DRT-0084]   Complete 922 groups.
#scanned instances     = 5867
#unique  instances     = 100
#stdCellGenAp          = 3020
#stdCellValidPlanarAp  = 63
#stdCellValidViaAp     = 2152
#stdCellPinNoAp        = 0
#stdCellPinCnt         = 2862
#instTermValidViaApCnt = 0
#macroGenAp            = 553
#macroValidPlanarAp    = 452
#macroValidViaAp       = 0
#macroNoAp             = 0
[INFO DRT-0166] Complete pin access.
[INFO DRT-0267] cpu time = 00:01:02, elapsed time = 00:00:16, memory = 680.65 (MB), peak = 792.76 (MB)

[INFO DRT-0157] Number of guides:     8317

[INFO DRT-0169] Post process guides.
[INFO DRT-0176] GCELLGRID X 0 DO 144 STEP 6900 ;
[INFO DRT-0177] GCELLGRID Y 0 DO 94 STEP 6900 ;
[INFO DRT-0028]   Complete FR_MASTERSLICE.
[INFO DRT-0028]   Complete Fr_VIA.
[INFO DRT-0028]   Complete li1.
[INFO DRT-0028]   Complete mcon.
[INFO DRT-0028]   Complete met1.
[INFO DRT-0028]   Complete via.
[INFO DRT-0028]   Complete met2.
[INFO DRT-0028]   Complete via2.
[INFO DRT-0028]   Complete met3.
[INFO DRT-0028]   Complete via3.
[INFO DRT-0028]   Complete met4.
[INFO DRT-0028]   Complete via4.
[INFO DRT-0028]   Complete met5.
[INFO DRT-0178] Init guide query.
[INFO DRT-0035]   Complete FR_MASTERSLICE (guide).
[INFO DRT-0035]   Complete Fr_VIA (guide).
[INFO DRT-0035]   Complete li1 (guide).
[INFO DRT-0035]   Complete mcon (guide).
[INFO DRT-0035]   Complete met1 (guide).
[INFO DRT-0035]   Complete via (guide).
[INFO DRT-0035]   Complete met2 (guide).
[INFO DRT-0035]   Complete via2 (guide).
[INFO DRT-0035]   Complete met3 (guide).
[INFO DRT-0035]   Complete via3 (guide).
[INFO DRT-0035]   Complete met4 (guide).
[INFO DRT-0035]   Complete via4 (guide).
[INFO DRT-0035]   Complete met5 (guide).
[INFO DRT-0036] FR_MASTERSLICE guide region query size = 0.
[INFO DRT-0036] FR_VIA guide region query size = 0.
[INFO DRT-0036] li1 guide region query size = 2594.
[INFO DRT-0036] mcon guide region query size = 0.
[INFO DRT-0036] met1 guide region query size = 2448.
[INFO DRT-0036] via guide region query size = 0.
[INFO DRT-0036] met2 guide region query size = 1386.
[INFO DRT-0036] via2 guide region query size = 0.
[INFO DRT-0036] met3 guide region query size = 312.
[INFO DRT-0036] via3 guide region query size = 0.
[INFO DRT-0036] met4 guide region query size = 153.
[INFO DRT-0036] via4 guide region query size = 0.
[INFO DRT-0036] met5 guide region query size = 5.
[INFO DRT-0179] Init gr pin query.
[INFO DRT-0267] cpu time = 00:00:00, elapsed time = 00:00:00, memory = 680.65 (MB), peak = 792.76 (MB)
[INFO DRT-0245] skipped writing guide updates to database.
[INFO DRT-0181] Start track assignment.
[INFO DRT-0184] Done with 4133 vertical wires in 3 frboxes and 2765 horizontal wires in 2 frboxes.
[INFO DRT-0186] Done with 510 vertical wires in 3 frboxes and 721 horizontal wires in 2 frboxes.
[INFO DRT-0182] Complete track assignment.
[INFO DRT-0267] cpu time = 00:00:02, elapsed time = 00:00:00, memory = 680.65 (MB), peak = 792.76 (MB)
[INFO DRT-0187] Start routing data preparation.
[INFO DRT-0267] cpu time = 00:00:00, elapsed time = 00:00:00, memory = 680.65 (MB), peak = 792.76 (MB)
[INFO DRT-0194] Start detail routing.
[INFO DRT-0195] Start 0th optimization iteration.
    Completing 10% with 0 violations.
    elapsed time = 00:00:00, memory = 680.65 (MB).
    Completing 20% with 0 violations.
    elapsed time = 00:00:00, memory = 680.65 (MB).
    Completing 30% with 8 violations.
    elapsed time = 00:00:00, memory = 680.65 (MB).
    Completing 40% with 8 violations.
    elapsed time = 00:00:01, memory = 680.65 (MB).
    Completing 50% with 8 violations.
    elapsed time = 00:00:01, memory = 680.65 (MB).
    Completing 60% with 11 violations.
    elapsed time = 00:00:01, memory = 680.65 (MB).
    Completing 70% with 11 violations.
    elapsed time = 00:00:02, memory = 680.65 (MB).
    Completing 80% with 21 violations.
    elapsed time = 00:00:02, memory = 680.65 (MB).
    Completing 90% with 21 violations.
    elapsed time = 00:00:02, memory = 680.65 (MB).
    Completing 100% with 23 violations.
    elapsed time = 00:00:03, memory = 680.65 (MB).
[INFO DRT-0199]   Number of violations = 25.
Viol/Layer        met1
Metal Spacing        1
Recheck              2
Short               22
[INFO DRT-0267] cpu time = 00:00:10, elapsed time = 00:00:03, memory = 801.16 (MB), peak = 800.86 (MB)
Total wire length = 79675 um.
Total wire length on LAYER li1 = 0 um.
Total wire length on LAYER met1 = 22351 um.
Total wire length on LAYER met2 = 45082 um.
Total wire length on LAYER met3 = 6236 um.
Total wire length on LAYER met4 = 5918 um.
Total wire length on LAYER met5 = 86 um.
Total number of vias = 6687.
Up-via summary (total 6687):

-----------------------
 FR_MASTERSLICE       0
            li1    2916
           met1    3154
           met2     392
           met3     217
           met4       8
-----------------------
               6687


[INFO DRT-0195] Start 1st optimization iteration.
    Completing 10% with 25 violations.
    elapsed time = 00:00:00, memory = 801.16 (MB).
    Completing 20% with 25 violations.
    elapsed time = 00:00:00, memory = 801.16 (MB).
    Completing 30% with 19 violations.
    elapsed time = 00:00:00, memory = 801.16 (MB).
    Completing 40% with 19 violations.
    elapsed time = 00:00:00, memory = 801.16 (MB).
    Completing 50% with 19 violations.
    elapsed time = 00:00:01, memory = 801.16 (MB).
    Completing 60% with 19 violations.
    elapsed time = 00:00:01, memory = 801.16 (MB).
    Completing 70% with 19 violations.
    elapsed time = 00:00:01, memory = 801.16 (MB).
    Completing 80% with 6 violations.
    elapsed time = 00:00:02, memory = 801.16 (MB).
    Completing 90% with 6 violations.
    elapsed time = 00:00:02, memory = 803.11 (MB).
    Completing 100% with 7 violations.
    elapsed time = 00:00:02, memory = 803.11 (MB).
[INFO DRT-0199]   Number of violations = 7.
Viol/Layer        met1
Short                7
[INFO DRT-0267] cpu time = 00:00:09, elapsed time = 00:00:02, memory = 803.23 (MB), peak = 802.86 (MB)
Total wire length = 79676 um.
Total wire length on LAYER li1 = 0 um.
Total wire length on LAYER met1 = 22339 um.
Total wire length on LAYER met2 = 45081 um.
Total wire length on LAYER met3 = 6249 um.
Total wire length on LAYER met4 = 5920 um.
Total wire length on LAYER met5 = 86 um.
Total number of vias = 6685.
Up-via summary (total 6685):

-----------------------
 FR_MASTERSLICE       0
            li1    2916
           met1    3150
           met2     394
           met3     217
           met4       8
-----------------------
               6685


[INFO DRT-0195] Start 2nd optimization iteration.
    Completing 10% with 7 violations.
    elapsed time = 00:00:00, memory = 803.23 (MB).
    Completing 20% with 7 violations.
    elapsed time = 00:00:00, memory = 803.23 (MB).
    Completing 30% with 7 violations.
    elapsed time = 00:00:00, memory = 803.23 (MB).
    Completing 40% with 7 violations.
    elapsed time = 00:00:00, memory = 803.23 (MB).
    Completing 50% with 7 violations.
    elapsed time = 00:00:00, memory = 803.23 (MB).
    Completing 60% with 11 violations.
    elapsed time = 00:00:00, memory = 679.72 (MB).
    Completing 70% with 11 violations.
    elapsed time = 00:00:00, memory = 679.72 (MB).
    Completing 80% with 11 violations.
    elapsed time = 00:00:00, memory = 679.72 (MB).
    Completing 90% with 11 violations.
    elapsed time = 00:00:00, memory = 679.72 (MB).
    Completing 100% with 9 violations.
    elapsed time = 00:00:00, memory = 679.72 (MB).
[INFO DRT-0199]   Number of violations = 9.
Viol/Layer        met1
Metal Spacing        1
Short                8
[INFO DRT-0267] cpu time = 00:00:01, elapsed time = 00:00:01, memory = 803.10 (MB), peak = 802.86 (MB)
Total wire length = 79677 um.
Total wire length on LAYER li1 = 0 um.
Total wire length on LAYER met1 = 22354 um.
Total wire length on LAYER met2 = 45080 um.
Total wire length on LAYER met3 = 6234 um.
Total wire length on LAYER met4 = 5920 um.
Total wire length on LAYER met5 = 86 um.
Total number of vias = 6683.
Up-via summary (total 6683):

-----------------------
 FR_MASTERSLICE       0
            li1    2916
           met1    3150
           met2     392
           met3     217
           met4       8
-----------------------
               6683


[INFO DRT-0195] Start 3rd guides tiles iteration.
    Completing 20% with 9 violations.
    elapsed time = 00:00:00, memory = 803.10 (MB).
    Completing 50% with 9 violations.
    elapsed time = 00:00:00, memory = 803.10 (MB).
    Completing 70% with 0 violations.
    elapsed time = 00:00:00, memory = 803.10 (MB).
    Completing 100% with 0 violations.
    elapsed time = 00:00:00, memory = 803.10 (MB).
[INFO DRT-0199]   Number of violations = 0.
[INFO DRT-0267] cpu time = 00:00:00, elapsed time = 00:00:00, memory = 742.10 (MB), peak = 802.86 (MB)
Total wire length = 79672 um.
Total wire length on LAYER li1 = 0 um.
Total wire length on LAYER met1 = 22270 um.
Total wire length on LAYER met2 = 45085 um.
Total wire length on LAYER met3 = 6316 um.
Total wire length on LAYER met4 = 5914 um.
Total wire length on LAYER met5 = 86 um.
Total number of vias = 6683.
Up-via summary (total 6683):

-----------------------
 FR_MASTERSLICE       0
            li1    2916
           met1    3148
           met2     394
           met3     217
           met4       8
-----------------------
               6683


[INFO DRT-0198] Complete detail routing.
Total wire length = 79672 um.
Total wire length on LAYER li1 = 0 um.
Total wire length on LAYER met1 = 22270 um.
Total wire length on LAYER met2 = 45085 um.
Total wire length on LAYER met3 = 6316 um.
Total wire length on LAYER met4 = 5914 um.
Total wire length on LAYER met5 = 86 um.
Total number of vias = 6683.
Up-via summary (total 6683):

-----------------------
 FR_MASTERSLICE       0
            li1    2916
           met1    3148
           met2     394
           met3     217
           met4       8
-----------------------
               6683


[INFO DRT-0267] cpu time = 00:00:21, elapsed time = 00:00:08, memory = 742.10 (MB), peak = 802.86 (MB)

[INFO DRT-0180] Post processing.
[INFO DRT-0501] Runtime: 26.82s
[INFO ANT-0002] Found 0 net violations.
[INFO ANT-0001] Found 0 pin violations.
[INFO ANT-0002] Found 0 net violations.
[INFO ANT-0001] Found 0 pin violations.
Design area 275983 um^2 45% utilization.
write_db /work/campaigns/iscas_sustainability_extension/memory_compiler/gate3_attempt09_sram22_residual_interface_drv_and_provenance_closure/raw/openroad/work/results/sky130hd/attempt09_e0/seed13/5_2_route.odb
Elapsed time: 1:42.12[h:]min:sec. CPU time: user 252.08 sys 2.12 (248%). Peak memory: 822128KB.
Log                       Ext     Elapsed/s Peak Memory/MB sha1sum result [0:20)
5_2_route                 .odb          102            802 481316ba82d0caeef419
/OpenROAD-flow-scripts/flow/scripts/flow.sh 5_3_fillcell fillcell
Running fillcell.tcl, stage 5_3_fillcell
read_liberty /OpenROAD-flow-scripts/flow/platforms/sky130hd/lib/sky130_fd_sc_hd__tt_025C_1v80.lib
read_liberty /work/campaigns/iscas_sustainability_extension/memory_compiler/gate3_attempt09_sram22_residual_interface_drv_and_provenance_closure/source_checkout/sram22_256x64m4w8/sram22_256x64m4w8_tt_025C_1v80.lib
read_liberty /work/campaigns/iscas_sustainability_extension/memory_compiler/gate3_attempt09_sram22_residual_interface_drv_and_provenance_closure/source_checkout/sram22_256x8m8w1/sram22_256x8m8w1_tt_025C_1v80.lib
read_db /work/campaigns/iscas_sustainability_extension/memory_compiler/gate3_attempt09_sram22_residual_interface_drv_and_provenance_closure/raw/openroad/work/results/sky130hd/attempt09_e0/seed13/5_2_route.odb
read_sdc /work/campaigns/iscas_sustainability_extension/memory_compiler/gate3_attempt09_sram22_residual_interface_drv_and_provenance_closure/raw/openroad/work/results/sky130hd/attempt09_e0/seed13/5_1_grt.sdc
source /OpenROAD-flow-scripts/flow/platforms/sky130hd/setRC.tcl
filler_placement "sky130_fd_sc_hd__fill_1 sky130_fd_sc_hd__fill_2 sky130_fd_sc_hd__fill_4 sky130_fd_sc_hd__fill_8"
[INFO DPL-0001] Placed 41366 filler instances.
Design area 275983 um^2 45% utilization.
write_db /work/campaigns/iscas_sustainability_extension/memory_compiler/gate3_attempt09_sram22_residual_interface_drv_and_provenance_closure/raw/openroad/work/results/sky130hd/attempt09_e0/seed13/5_3_fillcell.odb
Elapsed time: 0:04.21[h:]min:sec. CPU time: user 1.22 sys 0.56 (42%). Peak memory: 197480KB.
Log                       Ext     Elapsed/s Peak Memory/MB sha1sum result [0:20)
5_3_fillcell              .odb            4            192 2fe55c10fe1d4fb19604
cp /work/campaigns/iscas_sustainability_extension/memory_compiler/gate3_attempt09_sram22_residual_interface_drv_and_provenance_closure/raw/openroad/work/results/sky130hd/attempt09_e0/seed13/5_3_fillcell.odb /work/campaigns/iscas_sustainability_extension/memory_compiler/gate3_attempt09_sram22_residual_interface_drv_and_provenance_closure/raw/openroad/work/results/sky130hd/attempt09_e0/seed13/5_route.odb
cp /work/campaigns/iscas_sustainability_extension/memory_compiler/gate3_attempt09_sram22_residual_interface_drv_and_provenance_closure/raw/openroad/work/results/sky130hd/attempt09_e0/seed13/5_1_grt.sdc /work/campaigns/iscas_sustainability_extension/memory_compiler/gate3_attempt09_sram22_residual_interface_drv_and_provenance_closure/raw/openroad/work/results/sky130hd/attempt09_e0/seed13/5_route.sdc
/OpenROAD-flow-scripts/flow/scripts/flow.sh 6_1_fill density_fill
Running density_fill.tcl, stage 6_1_fill
read_liberty /OpenROAD-flow-scripts/flow/platforms/sky130hd/lib/sky130_fd_sc_hd__tt_025C_1v80.lib
read_liberty /work/campaigns/iscas_sustainability_extension/memory_compiler/gate3_attempt09_sram22_residual_interface_drv_and_provenance_closure/source_checkout/sram22_256x64m4w8/sram22_256x64m4w8_tt_025C_1v80.lib
read_liberty /work/campaigns/iscas_sustainability_extension/memory_compiler/gate3_attempt09_sram22_residual_interface_drv_and_provenance_closure/source_checkout/sram22_256x8m8w1/sram22_256x8m8w1_tt_025C_1v80.lib
read_db /work/campaigns/iscas_sustainability_extension/memory_compiler/gate3_attempt09_sram22_residual_interface_drv_and_provenance_closure/raw/openroad/work/results/sky130hd/attempt09_e0/seed13/5_route.odb
read_sdc /work/campaigns/iscas_sustainability_extension/memory_compiler/gate3_attempt09_sram22_residual_interface_drv_and_provenance_closure/raw/openroad/work/results/sky130hd/attempt09_e0/seed13/5_route.sdc
source /OpenROAD-flow-scripts/flow/platforms/sky130hd/setRC.tcl
exec cp /work/campaigns/iscas_sustainability_extension/memory_compiler/gate3_attempt09_sram22_residual_interface_drv_and_provenance_closure/raw/openroad/work/results/sky130hd/attempt09_e0/seed13/5_route.odb /work/campaigns/iscas_sustainability_extension/memory_compiler/gate3_attempt09_sram22_residual_interface_drv_and_provenance_closure/raw/openroad/work/results/sky130hd/attempt09_e0/seed13/6_1_fill.odb
Elapsed time: 0:02.86[h:]min:sec. CPU time: user 0.91 sys 0.49 (48%). Peak memory: 159860KB.
Log                       Ext     Elapsed/s Peak Memory/MB sha1sum result [0:20)
6_1_fill                  .odb            2            156 2fe55c10fe1d4fb19604
cp /work/campaigns/iscas_sustainability_extension/memory_compiler/gate3_attempt09_sram22_residual_interface_drv_and_provenance_closure/raw/openroad/work/results/sky130hd/attempt09_e0/seed13/5_route.sdc /work/campaigns/iscas_sustainability_extension/memory_compiler/gate3_attempt09_sram22_residual_interface_drv_and_provenance_closure/raw/openroad/work/results/sky130hd/attempt09_e0/seed13/6_1_fill.sdc
/OpenROAD-flow-scripts/flow/scripts/flow.sh 6_report final_report
Running final_report.tcl, stage 6_report
read_liberty /OpenROAD-flow-scripts/flow/platforms/sky130hd/lib/sky130_fd_sc_hd__tt_025C_1v80.lib
read_liberty /work/campaigns/iscas_sustainability_extension/memory_compiler/gate3_attempt09_sram22_residual_interface_drv_and_provenance_closure/source_checkout/sram22_256x64m4w8/sram22_256x64m4w8_tt_025C_1v80.lib
read_liberty /work/campaigns/iscas_sustainability_extension/memory_compiler/gate3_attempt09_sram22_residual_interface_drv_and_provenance_closure/source_checkout/sram22_256x8m8w1/sram22_256x8m8w1_tt_025C_1v80.lib
read_db /work/campaigns/iscas_sustainability_extension/memory_compiler/gate3_attempt09_sram22_residual_interface_drv_and_provenance_closure/raw/openroad/work/results/sky130hd/attempt09_e0/seed13/6_1_fill.odb
read_sdc /work/campaigns/iscas_sustainability_extension/memory_compiler/gate3_attempt09_sram22_residual_interface_drv_and_provenance_closure/raw/openroad/work/results/sky130hd/attempt09_e0/seed13/6_1_fill.sdc
source /OpenROAD-flow-scripts/flow/platforms/sky130hd/setRC.tcl
write_db /work/campaigns/iscas_sustainability_extension/memory_compiler/gate3_attempt09_sram22_residual_interface_drv_and_provenance_closure/raw/openroad/work/results/sky130hd/attempt09_e0/seed13/6_final.odb
write_sdc -no_timestamp /work/campaigns/iscas_sustainability_extension/memory_compiler/gate3_attempt09_sram22_residual_interface_drv_and_provenance_closure/raw/openroad/work/results/sky130hd/attempt09_e0/seed13/6_final.sdc
Deleted 0 routing obstructions
Warning: master sky130_ef_sc_hd__decap_12 has signal pins but no liberty cell
[INFO RCX-0431] Defined process_corner X with ext_model_index 0
[INFO RCX-0029] Defined extraction corner X
[WARNING RCX-0514] The ext_model_file option is deprecated. Use set_extraction_rules_file command instead.
[INFO RCX-0435] Reading extraction model file /OpenROAD-flow-scripts/flow/platforms/sky130hd/rcx_patterns.rules ...
[INFO RCX-0436] RC segment generation e0_sram22_top (max_merge_res 50.0) ...
[INFO RCX-0040] Final 3744 rc segments
[INFO RCX-0439] Coupling Cap extraction e0_sram22_top ...
[INFO RCX-0440] Coupling threshhold is 0.1000 fF, coupling capacitance less than 0.1000 fF will be grounded.
[INFO RCX-0442] 83% of 21841 wires extracted
[INFO RCX-0442] 100% of 21841 wires extracted
[INFO RCX-0045] Extract 1233 nets, 4977 rsegs, 4977 caps, 6992 ccs
[INFO RCX-0443] 1233 nets finished
[INFO PSM-0040] All shapes on net VDD are connected.
########## IR report #################
Net              : VDD
Corner           : default
Total power      : 2.07e-03 W
Supply voltage   : 1.80e+00 V
Worstcase voltage: 1.80e+00 V
Average voltage  : 1.80e+00 V
Average IR drop  : 5.31e-07 V
Worstcase IR drop: 1.66e-04 V
Percentage drop  : 0.01 %
######################################
[INFO PSM-0040] All shapes on net VSS are connected.
########## IR report #################
Net              : VSS
Corner           : default
Total power      : 2.07e-03 W
Supply voltage   : 0.00e+00 V
Worstcase voltage: 2.37e-04 V
Average voltage  : 5.98e-07 V
Average IR drop  : 5.98e-07 V
Worstcase IR drop: 2.37e-04 V
Percentage drop  : 0.01 %
######################################
Cell type report:                       Count       Area
  Macro                                     2  260331.57
  Fill cell                             41366  330574.55
  Tap cell                               4738    5928.19
  Antenna cell                             41     102.60
  Clock buffer                              3      75.07
  Timing Repair Buffer                    546    3986.32
  Inverter                                  6     160.15
  Clock inverter                            1      30.03
  Multi-Input combinational cell          530    5368.90
  Total                                 47233  606557.37
Report metrics stage 6, finish...

==========================================================================
finish report_design_area
--------------------------------------------------------------------------
Design area 275983 um^2 45% utilization.
[WARNING GUI-0076] QStandardPaths: XDG_RUNTIME_DIR not set, defaulting to '/tmp/runtime-root'
Elapsed time: 0:19.27[h:]min:sec. CPU time: user 10.51 sys 1.29 (61%). Peak memory: 349720KB.
Log                       Ext     Elapsed/s Peak Memory/MB sha1sum result [0:20)
6_report                                 19            341                  N/A
cp /OpenROAD-flow-scripts/flow/platforms/sky130hd/lef/sky130_fd_sc_hd.tlef /work/campaigns/iscas_sustainability_extension/memory_compiler/gate3_attempt09_sram22_residual_interface_drv_and_provenance_closure/raw/openroad/work/objects/sky130hd/attempt09_e0/seed13/klayout_tech.lef
/usr/bin/python3 /OpenROAD-flow-scripts/flow/util/generate_klayout_tech.py \
	--template /OpenROAD-flow-scripts/flow/platforms/sky130hd/sky130hd.lyt \
	--output /work/campaigns/iscas_sustainability_extension/memory_compiler/gate3_attempt09_sram22_residual_interface_drv_and_provenance_closure/raw/openroad/work/objects/sky130hd/attempt09_e0/seed13/klayout.lyt \
	--lef-files /work/campaigns/iscas_sustainability_extension/memory_compiler/gate3_attempt09_sram22_residual_interface_drv_and_provenance_closure/raw/openroad/work/objects/sky130hd/attempt09_e0/seed13/klayout_tech.lef /OpenROAD-flow-scripts/flow/platforms/sky130hd/lef/sky130_fd_sc_hd_merged.lef /work/campaigns/iscas_sustainability_extension/memory_compiler/gate3_attempt09_sram22_residual_interface_drv_and_provenance_closure/source_checkout/sram22_256x64m4w8/sram22_256x64m4w8.lef /work/campaigns/iscas_sustainability_extension/memory_compiler/gate3_attempt09_sram22_residual_interface_drv_and_provenance_closure/source_checkout/sram22_256x8m8w1/sram22_256x8m8w1.lef   \
	--map-files 
/usr/bin/python3 /OpenROAD-flow-scripts/flow/scripts/run_command.py --log /work/campaigns/iscas_sustainability_extension/memory_compiler/gate3_attempt09_sram22_residual_interface_drv_and_provenance_closure/raw/openroad/work/logs/sky130hd/attempt09_e0/seed13/6_1_merge.log --tee -- \
        /OpenROAD-flow-scripts/flow/scripts/klayout.sh -zz -rd design_name=e0_sram22_top \
        -rd in_def=/work/campaigns/iscas_sustainability_extension/memory_compiler/gate3_attempt09_sram22_residual_interface_drv_and_provenance_closure/raw/openroad/work/results/sky130hd/attempt09_e0/seed13/6_final.def \
        -rd in_files="/OpenROAD-flow-scripts/flow/platforms/sky130hd/gds/sky130_fd_sc_hd.gds /work/campaigns/iscas_sustainability_extension/memory_compiler/gate3_attempt09_sram22_residual_interface_drv_and_provenance_closure/raw/derived_gds/sram22_256x64m4w8.gds /work/campaigns/iscas_sustainability_extension/memory_compiler/gate3_attempt09_sram22_residual_interface_drv_and_provenance_closure/raw/derived_gds/sram22_256x8m8w1.gds " \
        -rd seal_file="" \
        -rd out_file=/work/campaigns/iscas_sustainability_extension/memory_compiler/gate3_attempt09_sram22_residual_interface_drv_and_provenance_closure/raw/openroad/work/results/sky130hd/attempt09_e0/seed13/6_1_merged.gds \
        -rd tech_file=/work/campaigns/iscas_sustainability_extension/memory_compiler/gate3_attempt09_sram22_residual_interface_drv_and_provenance_closure/raw/openroad/work/objects/sky130hd/attempt09_e0/seed13/klayout.lyt \
        -rd layer_map= \
        -r /OpenROAD-flow-scripts/flow/util/def2stream.py
KLayout 0.30.7
[INFO] Reporting cells prior to loading DEF ...
	/OpenROAD-flow-scripts/flow/platforms/sky130hd/gds/sky130_fd_sc_hd.gds
	/work/campaigns/iscas_sustainability_extension/memory_compiler/gate3_attempt09_sram22_residual_interface_drv_and_provenance_closure/raw/derived_gds/sram22_256x64m4w8.gds
	/work/campaigns/iscas_sustainability_extension/memory_compiler/gate3_attempt09_sram22_residual_interface_drv_and_provenance_closure/raw/derived_gds/sram22_256x8m8w1.gds
[INFO] All LEF cells have matching GDS/OAS cells
[INFO] No orphan cells in the final layout
Elapsed time: 0:11.34[h:]min:sec. CPU time: user 5.75 sys 1.50 (63%). Peak memory: 639740KB.
cp /work/campaigns/iscas_sustainability_extension/memory_compiler/gate3_attempt09_sram22_residual_interface_drv_and_provenance_closure/raw/openroad/work/results/sky130hd/attempt09_e0/seed13/6_1_merged.gds /work/campaigns/iscas_sustainability_extension/memory_compiler/gate3_attempt09_sram22_residual_interface_drv_and_provenance_closure/raw/openroad/work/results/sky130hd/attempt09_e0/seed13/6_final.gds
/work/campaigns/iscas_sustainability_extension/memory_compiler/gate3_attempt09_sram22_residual_interface_drv_and_provenance_closure/raw/openroad/work/logs/sky130hd/attempt09_e0/seed13
Log                       Ext     Elapsed/s Peak Memory/MB sha1sum result [0:20)
1_1_yosys_canonicalize    .rtlil          0             59 0b4f2f27ab5367f95082
1_2_yosys                 .v              5             62 fd1b4d5b169df19a7cba
1_2_yosys                 .sdc                             0d6c1bb7f20e76805001
1_synth                   .odb            1            125 951a4432527ca39dfdd7
1_synth                   .sdc                             449fc72f0abfd7eed5f3
2_1_floorplan             .odb            2            143 4ecf1648a0ba0c8654dc
2_1_floorplan             .sdc                             449fc72f0abfd7eed5f3
2_2_floorplan_macro       .odb            1            122 fec7164d497ac654f5d7
2_3_floorplan_tapcell     .odb            1            124 5795ef29b77c8ae8c888
2_4_floorplan_pdn         .odb            3            143 b49f33d493c2578b8f4f
3_1_place_gp_skip_io      .odb            4            134 db95087657518704022c
3_2_place_iop             .odb            2            131 6a0cd03467afbbcb8be0
3_3_place_gp              .odb            6            281 b47048cb305941ed32a6
3_5_place_dp              .odb            6            162 b8f4dab249976d4047d2
4_1_cts                   .odb           11            179 702d03e53e8f83b390cf
5_1_grt                   .odb           26            336 7d6d3e49e8b9583696f9
5_1_grt                   .sdc                             3cad56baab78945476a2
5_2_route                 .odb          102            802 481316ba82d0caeef419
5_3_fillcell              .odb            4            192 2fe55c10fe1d4fb19604
6_1_fill                  .odb            2            156 2fe55c10fe1d4fb19604
6_1_fill                  .sdc                             3cad56baab78945476a2
6_1_merge                                11            624                  N/A
6_report                                 19            341                  N/A
Total                                   206            802                     
