path,item_type,size_bytes,file_count,sha256,hash_scope,unreadable_file_count,git_status,first_known_use,last_known_use,imports_references,cli_references,makefile_references,test_references,documentation_references,generated_by,duplicate_group,classification,reason,deletion_safety,regeneration_method,provenance_importance
tests/fixtures/runtime_ml_feature_pack/core_pack_01818cc26d70440b966939fdad4daba8,directory,3221,3,dd41366beccf0145c7d27872cf4fe9e0029d248f1f6d7eab9500b1212394e8e2,CONTENT_AND_PATHS,0,TRACKED_OR_MIXED,NOT_DETERMINABLE,Current checkout inspection,Rule-based discovery plus repository-wide rg/manual inspection.,Retained; no absence-of-reference inference used.,No deletion decision based solely on Makefile absence.,Generated by test_ml_feature_pack::_new_base.,Repository documentation search considered.,NOT_ASSERTED,379a12b4482e955bbba2cf82be5c03a62ae018018a7c3cba81b2a3287e570855;50fdf6ba6b970b42b7c5d4b6da57d8c0e3f5b65c8d463865d99e430fd2431f8b,KEEP_SOURCE_OF_RECORD,Tracked content is retained even when its name resembles a generated cache or runtime fixture.,NEVER_DELETE,Tracked repository content; restoration/reclassification requires a separate reviewed change.,Tracked content is retained even when its name resembles a generated cache or runtime fixture.
tests/fixtures/runtime_ml_feature_pack/core_pack_064afd8a8a4e41408a88c49f3496b03f,directory,3221,3,457e5c71cbcc8ce4d88636693a1a71c452adea36c4786b8138527bb87ad60f78,CONTENT_AND_PATHS,0,TRACKED_OR_MIXED,NOT_DETERMINABLE,Current checkout inspection,Rule-based discovery plus repository-wide rg/manual inspection.,Retained; no absence-of-reference inference used.,No deletion decision based solely on Makefile absence.,Generated by test_ml_feature_pack::_new_base.,Repository documentation search considered.,NOT_ASSERTED,379a12b4482e955bbba2cf82be5c03a62ae018018a7c3cba81b2a3287e570855;50fdf6ba6b970b42b7c5d4b6da57d8c0e3f5b65c8d463865d99e430fd2431f8b,KEEP_SOURCE_OF_RECORD,Tracked content is retained even when its name resembles a generated cache or runtime fixture.,NEVER_DELETE,Tracked repository content; restoration/reclassification requires a separate reviewed change.,Tracked content is retained even when its name resembles a generated cache or runtime fixture.
tests/fixtures/runtime_ml_feature_pack/core_pack_0768179b019b4aea8632d081c2010c1a,directory,3221,3,f5758011a6cf00dd8564c136416850dee2729fea72af1d1d79e806c413f9b62f,CONTENT_AND_PATHS,0,TRACKED_OR_MIXED,NOT_DETERMINABLE,Current checkout inspection,Rule-based discovery plus repository-wide rg/manual inspection.,Retained; no absence-of-reference inference used.,No deletion decision based solely on Makefile absence.,Generated by test_ml_feature_pack::_new_base.,Repository documentation search considered.,NOT_ASSERTED,379a12b4482e955bbba2cf82be5c03a62ae018018a7c3cba81b2a3287e570855;50fdf6ba6b970b42b7c5d4b6da57d8c0e3f5b65c8d463865d99e430fd2431f8b,KEEP_SOURCE_OF_RECORD,Tracked content is retained even when its name resembles a generated cache or runtime fixture.,NEVER_DELETE,Tracked repository content; restoration/reclassification requires a separate reviewed change.,Tracked content is retained even when its name resembles a generated cache or runtime fixture.
tests/fixtures/runtime_ml_feature_pack/core_pack_0794e26bbefc4518abc214d6595c7d88,directory,3221,3,a12dbf47e5506e50cfc7bb8bc14faeb5e42faf7772c6f21a962dff7c37c216e7,CONTENT_AND_PATHS,0,TRACKED_OR_MIXED,NOT_DETERMINABLE,Current checkout inspection,Rule-based discovery plus repository-wide rg/manual inspection.,Retained; no absence-of-reference inference used.,No deletion decision based solely on Makefile absence.,Generated by test_ml_feature_pack::_new_base.,Repository documentation search considered.,NOT_ASSERTED,379a12b4482e955bbba2cf82be5c03a62ae018018a7c3cba81b2a3287e570855;50fdf6ba6b970b42b7c5d4b6da57d8c0e3f5b65c8d463865d99e430fd2431f8b,KEEP_SOURCE_OF_RECORD,Tracked content is retained even when its name resembles a generated cache or runtime fixture.,NEVER_DELETE,Tracked repository content; restoration/reclassification requires a separate reviewed change.,Tracked content is retained even when its name resembles a generated cache or runtime fixture.
tests/fixtures/runtime_ml_feature_pack/core_pack_148878206b7c4970b588f39ad0a6044e,directory,3221,3,bce233ee036890b4fc9d9022d901d3e3b64dcc95648b42fcbca81e31845dc791,CONTENT_AND_PATHS,0,TRACKED_OR_MIXED,NOT_DETERMINABLE,Current checkout inspection,Rule-based discovery plus repository-wide rg/manual inspection.,Retained; no absence-of-reference inference used.,No deletion decision based solely on Makefile absence.,Generated by test_ml_feature_pack::_new_base.,Repository documentation search considered.,NOT_ASSERTED,379a12b4482e955bbba2cf82be5c03a62ae018018a7c3cba81b2a3287e570855;50fdf6ba6b970b42b7c5d4b6da57d8c0e3f5b65c8d463865d99e430fd2431f8b,KEEP_SOURCE_OF_RECORD,Tracked content is retained even when its name resembles a generated cache or runtime fixture.,NEVER_DELETE,Tracked repository content; restoration/reclassification requires a separate reviewed change.,Tracked content is retained even when its name resembles a generated cache or runtime fixture.
tests/fixtures/runtime_ml_feature_pack/core_pack_1a913c7f00c54d849c1f214711a5c5ae,directory,3221,3,f946b4d4c814b2c8f10313bee28dd127bee96e8a41ba9a207bf8f40daa62da9d,CONTENT_AND_PATHS,0,TRACKED_OR_MIXED,NOT_DETERMINABLE,Current checkout inspection,Rule-based discovery plus repository-wide rg/manual inspection.,Retained; no absence-of-reference inference used.,No deletion decision based solely on Makefile absence.,Generated by test_ml_feature_pack::_new_base.,Repository documentation search considered.,NOT_ASSERTED,379a12b4482e955bbba2cf82be5c03a62ae018018a7c3cba81b2a3287e570855;50fdf6ba6b970b42b7c5d4b6da57d8c0e3f5b65c8d463865d99e430fd2431f8b,KEEP_SOURCE_OF_RECORD,Tracked content is retained even when its name resembles a generated cache or runtime fixture.,NEVER_DELETE,Tracked repository content; restoration/reclassification requires a separate reviewed change.,Tracked content is retained even when its name resembles a generated cache or runtime fixture.
tests/fixtures/runtime_ml_feature_pack/core_pack_21f5188f926746c9a356dd0f0f23895a,directory,3221,3,d7d2d4ab8974509ab90b70ad5a5075ebec631a0ce0a848ba92661276ed9314ea,CONTENT_AND_PATHS,0,TRACKED_OR_MIXED,NOT_DETERMINABLE,Current checkout inspection,Rule-based discovery plus repository-wide rg/manual inspection.,Retained; no absence-of-reference inference used.,No deletion decision based solely on Makefile absence.,Generated by test_ml_feature_pack::_new_base.,Repository documentation search considered.,NOT_ASSERTED,379a12b4482e955bbba2cf82be5c03a62ae018018a7c3cba81b2a3287e570855;50fdf6ba6b970b42b7c5d4b6da57d8c0e3f5b65c8d463865d99e430fd2431f8b,KEEP_SOURCE_OF_RECORD,Tracked content is retained even when its name resembles a generated cache or runtime fixture.,NEVER_DELETE,Tracked repository content; restoration/reclassification requires a separate reviewed change.,Tracked content is retained even when its name resembles a generated cache or runtime fixture.
tests/fixtures/runtime_ml_feature_pack/core_pack_33471ace79ce40c1b1da5d2398db1691,directory,3221,3,1446bafa6cb45f9342dc0c5b976cd783c7367485df9a44b6b8b5ecc4925b888b,CONTENT_AND_PATHS,0,TRACKED_OR_MIXED,NOT_DETERMINABLE,Current checkout inspection,Rule-based discovery plus repository-wide rg/manual inspection.,Retained; no absence-of-reference inference used.,No deletion decision based solely on Makefile absence.,Generated by test_ml_feature_pack::_new_base.,Repository documentation search considered.,NOT_ASSERTED,379a12b4482e955bbba2cf82be5c03a62ae018018a7c3cba81b2a3287e570855;50fdf6ba6b970b42b7c5d4b6da57d8c0e3f5b65c8d463865d99e430fd2431f8b,KEEP_SOURCE_OF_RECORD,Tracked content is retained even when its name resembles a generated cache or runtime fixture.,NEVER_DELETE,Tracked repository content; restoration/reclassification requires a separate reviewed change.,Tracked content is retained even when its name resembles a generated cache or runtime fixture.
tests/fixtures/runtime_ml_feature_pack/core_pack_37aab1dc3126405da80126432227590a,directory,3221,3,31e92a50cb6a9337e665377701089dfad817d030baed1c2ceddd351f88c8a4e2,CONTENT_AND_PATHS,0,TRACKED_OR_MIXED,NOT_DETERMINABLE,Current checkout inspection,Rule-based discovery plus repository-wide rg/manual inspection.,Retained; no absence-of-reference inference used.,No deletion decision based solely on Makefile absence.,Generated by test_ml_feature_pack::_new_base.,Repository documentation search considered.,NOT_ASSERTED,379a12b4482e955bbba2cf82be5c03a62ae018018a7c3cba81b2a3287e570855;50fdf6ba6b970b42b7c5d4b6da57d8c0e3f5b65c8d463865d99e430fd2431f8b,KEEP_SOURCE_OF_RECORD,Tracked content is retained even when its name resembles a generated cache or runtime fixture.,NEVER_DELETE,Tracked repository content; restoration/reclassification requires a separate reviewed change.,Tracked content is retained even when its name resembles a generated cache or runtime fixture.
tests/fixtures/runtime_ml_feature_pack/core_pack_3ca0f2b688fa4a7095b3aef999ddadfa,directory,3221,3,670fd9849f1f643ac8ff857db2a49b2616dd24e64f6d708228bc035a94fd84ec,CONTENT_AND_PATHS,0,TRACKED_OR_MIXED,NOT_DETERMINABLE,Current checkout inspection,Rule-based discovery plus repository-wide rg/manual inspection.,Retained; no absence-of-reference inference used.,No deletion decision based solely on Makefile absence.,Generated by test_ml_feature_pack::_new_base.,Repository documentation search considered.,NOT_ASSERTED,379a12b4482e955bbba2cf82be5c03a62ae018018a7c3cba81b2a3287e570855;50fdf6ba6b970b42b7c5d4b6da57d8c0e3f5b65c8d463865d99e430fd2431f8b,KEEP_SOURCE_OF_RECORD,Tracked content is retained even when its name resembles a generated cache or runtime fixture.,NEVER_DELETE,Tracked repository content; restoration/reclassification requires a separate reviewed change.,Tracked content is retained even when its name resembles a generated cache or runtime fixture.
tests/fixtures/runtime_ml_feature_pack/core_pack_3d222968483d4b4da92fd4b6aa06612d,directory,3221,3,7881099daeb52c212f4a1038c5dc369c21cbd386686c8fd7a1ed4d1c8249332e,CONTENT_AND_PATHS,0,TRACKED_OR_MIXED,NOT_DETERMINABLE,Current checkout inspection,Rule-based discovery plus repository-wide rg/manual inspection.,Retained; no absence-of-reference inference used.,No deletion decision based solely on Makefile absence.,Generated by test_ml_feature_pack::_new_base.,Repository documentation search considered.,NOT_ASSERTED,379a12b4482e955bbba2cf82be5c03a62ae018018a7c3cba81b2a3287e570855;50fdf6ba6b970b42b7c5d4b6da57d8c0e3f5b65c8d463865d99e430fd2431f8b,KEEP_SOURCE_OF_RECORD,Tracked content is retained even when its name resembles a generated cache or runtime fixture.,NEVER_DELETE,Tracked repository content; restoration/reclassification requires a separate reviewed change.,Tracked content is retained even when its name resembles a generated cache or runtime fixture.
tests/fixtures/runtime_ml_feature_pack/core_pack_3dbd55fd782147489dbc571c53655c8b,directory,3221,3,bf93c48205334b087e4e00cd80ed1c7871f96c47462567fb4d9fe84251bc16e7,CONTENT_AND_PATHS,0,TRACKED_OR_MIXED,NOT_DETERMINABLE,Current checkout inspection,Rule-based discovery plus repository-wide rg/manual inspection.,Retained; no absence-of-reference inference used.,No deletion decision based solely on Makefile absence.,Generated by test_ml_feature_pack::_new_base.,Repository documentation search considered.,NOT_ASSERTED,379a12b4482e955bbba2cf82be5c03a62ae018018a7c3cba81b2a3287e570855;50fdf6ba6b970b42b7c5d4b6da57d8c0e3f5b65c8d463865d99e430fd2431f8b,KEEP_SOURCE_OF_RECORD,Tracked content is retained even when its name resembles a generated cache or runtime fixture.,NEVER_DELETE,Tracked repository content; restoration/reclassification requires a separate reviewed change.,Tracked content is retained even when its name resembles a generated cache or runtime fixture.
tests/fixtures/runtime_ml_feature_pack/core_pack_3dc6a587cc2e4e93b33bd38274fa34c0,directory,3221,3,0d8cc04b6960bc4c98b5b9a26c9cc5ec38fc0cafa7f599f26638f651359aa830,CONTENT_AND_PATHS,0,TRACKED_OR_MIXED,NOT_DETERMINABLE,Current checkout inspection,Rule-based discovery plus repository-wide rg/manual inspection.,Retained; no absence-of-reference inference used.,No deletion decision based solely on Makefile absence.,Generated by test_ml_feature_pack::_new_base.,Repository documentation search considered.,NOT_ASSERTED,379a12b4482e955bbba2cf82be5c03a62ae018018a7c3cba81b2a3287e570855;50fdf6ba6b970b42b7c5d4b6da57d8c0e3f5b65c8d463865d99e430fd2431f8b,KEEP_SOURCE_OF_RECORD,Tracked content is retained even when its name resembles a generated cache or runtime fixture.,NEVER_DELETE,Tracked repository content; restoration/reclassification requires a separate reviewed change.,Tracked content is retained even when its name resembles a generated cache or runtime fixture.
tests/fixtures/runtime_ml_feature_pack/core_pack_5294bd1e820c43348ea1dc82b508abf8,directory,3221,3,dca56b82863e7af25fdfe4496d9a8076fc0817631c5437dfea511dccdeff16a0,CONTENT_AND_PATHS,0,TRACKED_OR_MIXED,NOT_DETERMINABLE,Current checkout inspection,Rule-based discovery plus repository-wide rg/manual inspection.,Retained; no absence-of-reference inference used.,No deletion decision based solely on Makefile absence.,Generated by test_ml_feature_pack::_new_base.,Repository documentation search considered.,NOT_ASSERTED,379a12b4482e955bbba2cf82be5c03a62ae018018a7c3cba81b2a3287e570855;50fdf6ba6b970b42b7c5d4b6da57d8c0e3f5b65c8d463865d99e430fd2431f8b,KEEP_SOURCE_OF_RECORD,Tracked content is retained even when its name resembles a generated cache or runtime fixture.,NEVER_DELETE,Tracked repository content; restoration/reclassification requires a separate reviewed change.,Tracked content is retained even when its name resembles a generated cache or runtime fixture.
tests/fixtures/runtime_ml_feature_pack/core_pack_55e1f114eb9c4c8a9592fa88af20a636,directory,3221,3,c39f5df7c39579256e12c884ae7e09b345a8a5eb0605881b4fe463cdac14d8e5,CONTENT_AND_PATHS,0,TRACKED_OR_MIXED,NOT_DETERMINABLE,Current checkout inspection,Rule-based discovery plus repository-wide rg/manual inspection.,Retained; no absence-of-reference inference used.,No deletion decision based solely on Makefile absence.,Generated by test_ml_feature_pack::_new_base.,Repository documentation search considered.,NOT_ASSERTED,379a12b4482e955bbba2cf82be5c03a62ae018018a7c3cba81b2a3287e570855;50fdf6ba6b970b42b7c5d4b6da57d8c0e3f5b65c8d463865d99e430fd2431f8b,KEEP_SOURCE_OF_RECORD,Tracked content is retained even when its name resembles a generated cache or runtime fixture.,NEVER_DELETE,Tracked repository content; restoration/reclassification requires a separate reviewed change.,Tracked content is retained even when its name resembles a generated cache or runtime fixture.
tests/fixtures/runtime_ml_feature_pack/core_pack_6aecb3beff77422289099411788ef30c,directory,3221,3,90181b08dab8c56313c158fd67815f4bff8e769144635b2c6561d475cd901dd5,CONTENT_AND_PATHS,0,TRACKED_OR_MIXED,NOT_DETERMINABLE,Current checkout inspection,Rule-based discovery plus repository-wide rg/manual inspection.,Retained; no absence-of-reference inference used.,No deletion decision based solely on Makefile absence.,Generated by test_ml_feature_pack::_new_base.,Repository documentation search considered.,NOT_ASSERTED,379a12b4482e955bbba2cf82be5c03a62ae018018a7c3cba81b2a3287e570855;50fdf6ba6b970b42b7c5d4b6da57d8c0e3f5b65c8d463865d99e430fd2431f8b,KEEP_SOURCE_OF_RECORD,Tracked content is retained even when its name resembles a generated cache or runtime fixture.,NEVER_DELETE,Tracked repository content; restoration/reclassification requires a separate reviewed change.,Tracked content is retained even when its name resembles a generated cache or runtime fixture.
tests/fixtures/runtime_ml_feature_pack/core_pack_85ba37510acf4c2c88ba8ca6893a2f53,directory,3221,3,deb9c09110ed9d84ff16a5582f15a96425246b2c145f4d4437f7c99b83bb431e,CONTENT_AND_PATHS,0,TRACKED_OR_MIXED,NOT_DETERMINABLE,Current checkout inspection,Rule-based discovery plus repository-wide rg/manual inspection.,Retained; no absence-of-reference inference used.,No deletion decision based solely on Makefile absence.,Generated by test_ml_feature_pack::_new_base.,Repository documentation search considered.,NOT_ASSERTED,379a12b4482e955bbba2cf82be5c03a62ae018018a7c3cba81b2a3287e570855;50fdf6ba6b970b42b7c5d4b6da57d8c0e3f5b65c8d463865d99e430fd2431f8b,KEEP_SOURCE_OF_RECORD,Tracked content is retained even when its name resembles a generated cache or runtime fixture.,NEVER_DELETE,Tracked repository content; restoration/reclassification requires a separate reviewed change.,Tracked content is retained even when its name resembles a generated cache or runtime fixture.
tests/fixtures/runtime_ml_feature_pack/core_pack_8efff80c317c4fc2b5437a0f06f79c30,directory,3221,3,8feb99264cf7e02dd98e5700d22a0366c2a9ded9158b63d0d0a4ca25695e7a5e,CONTENT_AND_PATHS,0,TRACKED_OR_MIXED,NOT_DETERMINABLE,Current checkout inspection,Rule-based discovery plus repository-wide rg/manual inspection.,Retained; no absence-of-reference inference used.,No deletion decision based solely on Makefile absence.,Generated by test_ml_feature_pack::_new_base.,Repository documentation search considered.,NOT_ASSERTED,379a12b4482e955bbba2cf82be5c03a62ae018018a7c3cba81b2a3287e570855;50fdf6ba6b970b42b7c5d4b6da57d8c0e3f5b65c8d463865d99e430fd2431f8b,KEEP_SOURCE_OF_RECORD,Tracked content is retained even when its name resembles a generated cache or runtime fixture.,NEVER_DELETE,Tracked repository content; restoration/reclassification requires a separate reviewed change.,Tracked content is retained even when its name resembles a generated cache or runtime fixture.
tests/fixtures/runtime_ml_feature_pack/core_pack_ab8a51b945a848af95531f3a8bdff9f9,directory,3221,3,800ddefe7a3697858ce3812df5286c753ab24c44a6d9adcd3ae5cca1235fa11b,CONTENT_AND_PATHS,0,TRACKED_OR_MIXED,NOT_DETERMINABLE,Current checkout inspection,Rule-based discovery plus repository-wide rg/manual inspection.,Retained; no absence-of-reference inference used.,No deletion decision based solely on Makefile absence.,Generated by test_ml_feature_pack::_new_base.,Repository documentation search considered.,NOT_ASSERTED,379a12b4482e955bbba2cf82be5c03a62ae018018a7c3cba81b2a3287e570855;50fdf6ba6b970b42b7c5d4b6da57d8c0e3f5b65c8d463865d99e430fd2431f8b,KEEP_SOURCE_OF_RECORD,Tracked content is retained even when its name resembles a generated cache or runtime fixture.,NEVER_DELETE,Tracked repository content; restoration/reclassification requires a separate reviewed change.,Tracked content is retained even when its name resembles a generated cache or runtime fixture.
tests/fixtures/runtime_ml_feature_pack/core_pack_acb4b5eaece04f6e87bc6d17c2143146,directory,3221,3,43284e9e78d457733325112b2d28b50ddac6e039a814db65c8f1b18b862effdf,CONTENT_AND_PATHS,0,TRACKED_OR_MIXED,NOT_DETERMINABLE,Current checkout inspection,Rule-based discovery plus repository-wide rg/manual inspection.,Retained; no absence-of-reference inference used.,No deletion decision based solely on Makefile absence.,Generated by test_ml_feature_pack::_new_base.,Repository documentation search considered.,NOT_ASSERTED,379a12b4482e955bbba2cf82be5c03a62ae018018a7c3cba81b2a3287e570855;50fdf6ba6b970b42b7c5d4b6da57d8c0e3f5b65c8d463865d99e430fd2431f8b,KEEP_SOURCE_OF_RECORD,Tracked content is retained even when its name resembles a generated cache or runtime fixture.,NEVER_DELETE,Tracked repository content; restoration/reclassification requires a separate reviewed change.,Tracked content is retained even when its name resembles a generated cache or runtime fixture.
tests/fixtures/runtime_ml_feature_pack/core_pack_bae45ec0fbd248219f87d725fc13b04f,directory,3221,3,d28755c31b475791515206777a6ceea7beea494108ce2308118afb25fcd2021e,CONTENT_AND_PATHS,0,TRACKED_OR_MIXED,NOT_DETERMINABLE,Current checkout inspection,Rule-based discovery plus repository-wide rg/manual inspection.,Retained; no absence-of-reference inference used.,No deletion decision based solely on Makefile absence.,Generated by test_ml_feature_pack::_new_base.,Repository documentation search considered.,NOT_ASSERTED,379a12b4482e955bbba2cf82be5c03a62ae018018a7c3cba81b2a3287e570855;50fdf6ba6b970b42b7c5d4b6da57d8c0e3f5b65c8d463865d99e430fd2431f8b,KEEP_SOURCE_OF_RECORD,Tracked content is retained even when its name resembles a generated cache or runtime fixture.,NEVER_DELETE,Tracked repository content; restoration/reclassification requires a separate reviewed change.,Tracked content is retained even when its name resembles a generated cache or runtime fixture.
tests/fixtures/runtime_ml_feature_pack/core_pack_c9929a91d52a46bfaa4279a994153ef0,directory,3221,3,92a7eeec3cfebb52573cf61ae3ea850d6343ee7fb7d726e137f32c6c34f5579a,CONTENT_AND_PATHS,0,TRACKED_OR_MIXED,NOT_DETERMINABLE,Current checkout inspection,Rule-based discovery plus repository-wide rg/manual inspection.,Retained; no absence-of-reference inference used.,No deletion decision based solely on Makefile absence.,Generated by test_ml_feature_pack::_new_base.,Repository documentation search considered.,NOT_ASSERTED,379a12b4482e955bbba2cf82be5c03a62ae018018a7c3cba81b2a3287e570855;50fdf6ba6b970b42b7c5d4b6da57d8c0e3f5b65c8d463865d99e430fd2431f8b,KEEP_SOURCE_OF_RECORD,Tracked content is retained even when its name resembles a generated cache or runtime fixture.,NEVER_DELETE,Tracked repository content; restoration/reclassification requires a separate reviewed change.,Tracked content is retained even when its name resembles a generated cache or runtime fixture.
tests/fixtures/runtime_ml_feature_pack/core_pack_d36a340801aa4fc58d0871e8cd74a9a8,directory,3221,3,3263af0f74221977c779a93847bcef98504fb519eeb1f5174803b6bf3fa3ccf5,CONTENT_AND_PATHS,0,TRACKED_OR_MIXED,NOT_DETERMINABLE,Current checkout inspection,Rule-based discovery plus repository-wide rg/manual inspection.,Retained; no absence-of-reference inference used.,No deletion decision based solely on Makefile absence.,Generated by test_ml_feature_pack::_new_base.,Repository documentation search considered.,NOT_ASSERTED,379a12b4482e955bbba2cf82be5c03a62ae018018a7c3cba81b2a3287e570855;50fdf6ba6b970b42b7c5d4b6da57d8c0e3f5b65c8d463865d99e430fd2431f8b,KEEP_SOURCE_OF_RECORD,Tracked content is retained even when its name resembles a generated cache or runtime fixture.,NEVER_DELETE,Tracked repository content; restoration/reclassification requires a separate reviewed change.,Tracked content is retained even when its name resembles a generated cache or runtime fixture.
tests/fixtures/runtime_ml_feature_pack/core_pack_d6e6399deb2f4cfe99567b18ae24dfc8,directory,3221,3,b8e4181486afd6acaf0989e0a37a3536a23213d1bab8809416394e248091383a,CONTENT_AND_PATHS,0,TRACKED_OR_MIXED,NOT_DETERMINABLE,Current checkout inspection,Rule-based discovery plus repository-wide rg/manual inspection.,Retained; no absence-of-reference inference used.,No deletion decision based solely on Makefile absence.,Generated by test_ml_feature_pack::_new_base.,Repository documentation search considered.,NOT_ASSERTED,379a12b4482e955bbba2cf82be5c03a62ae018018a7c3cba81b2a3287e570855;50fdf6ba6b970b42b7c5d4b6da57d8c0e3f5b65c8d463865d99e430fd2431f8b,KEEP_SOURCE_OF_RECORD,Tracked content is retained even when its name resembles a generated cache or runtime fixture.,NEVER_DELETE,Tracked repository content; restoration/reclassification requires a separate reviewed change.,Tracked content is retained even when its name resembles a generated cache or runtime fixture.
tests/fixtures/runtime_ml_feature_pack/core_pack_ddb90ab87778425d9e3808b752ed9a22,directory,3221,3,35cc5b2ee74f212ddc72806f027d6444553ebbe490d90e50611bf8bf661f53ae,CONTENT_AND_PATHS,0,TRACKED_OR_MIXED,NOT_DETERMINABLE,Current checkout inspection,Rule-based discovery plus repository-wide rg/manual inspection.,Retained; no absence-of-reference inference used.,No deletion decision based solely on Makefile absence.,Generated by test_ml_feature_pack::_new_base.,Repository documentation search considered.,NOT_ASSERTED,379a12b4482e955bbba2cf82be5c03a62ae018018a7c3cba81b2a3287e570855;50fdf6ba6b970b42b7c5d4b6da57d8c0e3f5b65c8d463865d99e430fd2431f8b,KEEP_SOURCE_OF_RECORD,Tracked content is retained even when its name resembles a generated cache or runtime fixture.,NEVER_DELETE,Tracked repository content; restoration/reclassification requires a separate reviewed change.,Tracked content is retained even when its name resembles a generated cache or runtime fixture.
tests/fixtures/runtime_ml_feature_pack/core_pack_e1d4902b80b444899ff481563265321e,directory,3221,3,1c210c7409483ed85f22b8b0e115608b789214c1d5c80d379af477cace2bb85f,CONTENT_AND_PATHS,0,TRACKED_OR_MIXED,NOT_DETERMINABLE,Current checkout inspection,Rule-based discovery plus repository-wide rg/manual inspection.,Retained; no absence-of-reference inference used.,No deletion decision based solely on Makefile absence.,Generated by test_ml_feature_pack::_new_base.,Repository documentation search considered.,NOT_ASSERTED,379a12b4482e955bbba2cf82be5c03a62ae018018a7c3cba81b2a3287e570855;50fdf6ba6b970b42b7c5d4b6da57d8c0e3f5b65c8d463865d99e430fd2431f8b,KEEP_SOURCE_OF_RECORD,Tracked content is retained even when its name resembles a generated cache or runtime fixture.,NEVER_DELETE,Tracked repository content; restoration/reclassification requires a separate reviewed change.,Tracked content is retained even when its name resembles a generated cache or runtime fixture.
tests/fixtures/runtime_ml_feature_pack/core_pack_e34ab2bb627e49a5945715b997ef0c01,directory,3221,3,d57283aec1cb306911f8d17028d090c08eb8f5338e4b5831f23534889dd473e0,CONTENT_AND_PATHS,0,TRACKED_OR_MIXED,NOT_DETERMINABLE,Current checkout inspection,Rule-based discovery plus repository-wide rg/manual inspection.,Retained; no absence-of-reference inference used.,No deletion decision based solely on Makefile absence.,Generated by test_ml_feature_pack::_new_base.,Repository documentation search considered.,NOT_ASSERTED,379a12b4482e955bbba2cf82be5c03a62ae018018a7c3cba81b2a3287e570855;50fdf6ba6b970b42b7c5d4b6da57d8c0e3f5b65c8d463865d99e430fd2431f8b,KEEP_SOURCE_OF_RECORD,Tracked content is retained even when its name resembles a generated cache or runtime fixture.,NEVER_DELETE,Tracked repository content; restoration/reclassification requires a separate reviewed change.,Tracked content is retained even when its name resembles a generated cache or runtime fixture.
tests/fixtures/runtime_ml_feature_pack/core_pack_e79287da754e45a2bc414c44545bc664,directory,3221,3,257626a7173519bbea09718d5f8a56018ccbf9b0b095ebea4c999396be0508ea,CONTENT_AND_PATHS,0,TRACKED_OR_MIXED,NOT_DETERMINABLE,Current checkout inspection,Rule-based discovery plus repository-wide rg/manual inspection.,Retained; no absence-of-reference inference used.,No deletion decision based solely on Makefile absence.,Generated by test_ml_feature_pack::_new_base.,Repository documentation search considered.,NOT_ASSERTED,379a12b4482e955bbba2cf82be5c03a62ae018018a7c3cba81b2a3287e570855;50fdf6ba6b970b42b7c5d4b6da57d8c0e3f5b65c8d463865d99e430fd2431f8b,KEEP_SOURCE_OF_RECORD,Tracked content is retained even when its name resembles a generated cache or runtime fixture.,NEVER_DELETE,Tracked repository content; restoration/reclassification requires a separate reviewed change.,Tracked content is retained even when its name resembles a generated cache or runtime fixture.
tests/fixtures/runtime_ml_feature_pack/core_pack_eaa564eaa2c84454955ccb471819afa7,directory,3221,3,0da251a3c859e8f2fbd386125f172fe4ece489afcd40e81211bc5704514b4149,CONTENT_AND_PATHS,0,TRACKED_OR_MIXED,NOT_DETERMINABLE,Current checkout inspection,Rule-based discovery plus repository-wide rg/manual inspection.,Retained; no absence-of-reference inference used.,No deletion decision based solely on Makefile absence.,Generated by test_ml_feature_pack::_new_base.,Repository documentation search considered.,NOT_ASSERTED,379a12b4482e955bbba2cf82be5c03a62ae018018a7c3cba81b2a3287e570855;50fdf6ba6b970b42b7c5d4b6da57d8c0e3f5b65c8d463865d99e430fd2431f8b,KEEP_SOURCE_OF_RECORD,Tracked content is retained even when its name resembles a generated cache or runtime fixture.,NEVER_DELETE,Tracked repository content; restoration/reclassification requires a separate reviewed change.,Tracked content is retained even when its name resembles a generated cache or runtime fixture.
tests/fixtures/runtime_ml_feature_pack/core_pack_fe5269e7b3d64870a297f932ccc133da,directory,3221,3,c5598584f040f4c64a3bcb65335972c978ccc2db26046efabc34989c3a7948d2,CONTENT_AND_PATHS,0,TRACKED_OR_MIXED,NOT_DETERMINABLE,Current checkout inspection,Rule-based discovery plus repository-wide rg/manual inspection.,Retained; no absence-of-reference inference used.,No deletion decision based solely on Makefile absence.,Generated by test_ml_feature_pack::_new_base.,Repository documentation search considered.,NOT_ASSERTED,379a12b4482e955bbba2cf82be5c03a62ae018018a7c3cba81b2a3287e570855;50fdf6ba6b970b42b7c5d4b6da57d8c0e3f5b65c8d463865d99e430fd2431f8b,KEEP_SOURCE_OF_RECORD,Tracked content is retained even when its name resembles a generated cache or runtime fixture.,NEVER_DELETE,Tracked repository content; restoration/reclassification requires a separate reviewed change.,Tracked content is retained even when its name resembles a generated cache or runtime fixture.
tests/fixtures/runtime_ml_feature_pack/enable_disable_04d7a50f192840eebd172fe5fcf30254,directory,3368,3,743a1dd91b3540da7b2c2521601f60ee079b3aab6d26bb8c9e5bbf464dd094bd,CONTENT_AND_PATHS,0,TRACKED_OR_MIXED,NOT_DETERMINABLE,Current checkout inspection,Rule-based discovery plus repository-wide rg/manual inspection.,Retained; no absence-of-reference inference used.,No deletion decision based solely on Makefile absence.,Generated by test_ml_feature_pack::_new_base.,Repository documentation search considered.,NOT_ASSERTED,4052ac8e92579333649bd6e1743baef607f0bf949806866610fefe4c45f59c6c;b37cc34c4288c0a78c1234a94650089fc08f90ea8e4beaf85eb423608cf1a3e0,KEEP_SOURCE_OF_RECORD,Tracked content is retained even when its name resembles a generated cache or runtime fixture.,NEVER_DELETE,Tracked repository content; restoration/reclassification requires a separate reviewed change.,Tracked content is retained even when its name resembles a generated cache or runtime fixture.
tests/fixtures/runtime_ml_feature_pack/enable_disable_0ed6f73955a342a496d6ac2e3ada2399,directory,3368,3,30593f749392ac6481d20f66c58f81ab1d799da592094322077b26bba784208a,CONTENT_AND_PATHS,0,TRACKED_OR_MIXED,NOT_DETERMINABLE,Current checkout inspection,Rule-based discovery plus repository-wide rg/manual inspection.,Retained; no absence-of-reference inference used.,No deletion decision based solely on Makefile absence.,Generated by test_ml_feature_pack::_new_base.,Repository documentation search considered.,NOT_ASSERTED,4052ac8e92579333649bd6e1743baef607f0bf949806866610fefe4c45f59c6c;b37cc34c4288c0a78c1234a94650089fc08f90ea8e4beaf85eb423608cf1a3e0,KEEP_SOURCE_OF_RECORD,Tracked content is retained even when its name resembles a generated cache or runtime fixture.,NEVER_DELETE,Tracked repository content; restoration/reclassification requires a separate reviewed change.,Tracked content is retained even when its name resembles a generated cache or runtime fixture.
tests/fixtures/runtime_ml_feature_pack/enable_disable_2a0be7d307b64d6799a329d46c222af4,directory,3368,3,bcfd8b21d823407385241d80564c5a73a2ed42d7f80fea2b90e9b252925a6c8e,CONTENT_AND_PATHS,0,TRACKED_OR_MIXED,NOT_DETERMINABLE,Current checkout inspection,Rule-based discovery plus repository-wide rg/manual inspection.,Retained; no absence-of-reference inference used.,No deletion decision based solely on Makefile absence.,Generated by test_ml_feature_pack::_new_base.,Repository documentation search considered.,NOT_ASSERTED,4052ac8e92579333649bd6e1743baef607f0bf949806866610fefe4c45f59c6c;b37cc34c4288c0a78c1234a94650089fc08f90ea8e4beaf85eb423608cf1a3e0,KEEP_SOURCE_OF_RECORD,Tracked content is retained even when its name resembles a generated cache or runtime fixture.,NEVER_DELETE,Tracked repository content; restoration/reclassification requires a separate reviewed change.,Tracked content is retained even when its name resembles a generated cache or runtime fixture.
tests/fixtures/runtime_ml_feature_pack/enable_disable_2ea9da8c09cb485fbd77212e21b0b351,directory,3368,3,fe06b8636f1d4a2cd297b8f411d6c350cc4763280823d975d1c6fef459eb1e83,CONTENT_AND_PATHS,0,TRACKED_OR_MIXED,NOT_DETERMINABLE,Current checkout inspection,Rule-based discovery plus repository-wide rg/manual inspection.,Retained; no absence-of-reference inference used.,No deletion decision based solely on Makefile absence.,Generated by test_ml_feature_pack::_new_base.,Repository documentation search considered.,NOT_ASSERTED,4052ac8e92579333649bd6e1743baef607f0bf949806866610fefe4c45f59c6c;b37cc34c4288c0a78c1234a94650089fc08f90ea8e4beaf85eb423608cf1a3e0,KEEP_SOURCE_OF_RECORD,Tracked content is retained even when its name resembles a generated cache or runtime fixture.,NEVER_DELETE,Tracked repository content; restoration/reclassification requires a separate reviewed change.,Tracked content is retained even when its name resembles a generated cache or runtime fixture.
tests/fixtures/runtime_ml_feature_pack/enable_disable_3713ad1cfafd4e45868309a5fdb99983,directory,3368,3,7b022f5888ea54a4b61b7a6b106c96fb7ab215ab0b4c4151f0c08c9dc3e5eace,CONTENT_AND_PATHS,0,TRACKED_OR_MIXED,NOT_DETERMINABLE,Current checkout inspection,Rule-based discovery plus repository-wide rg/manual inspection.,Retained; no absence-of-reference inference used.,No deletion decision based solely on Makefile absence.,Generated by test_ml_feature_pack::_new_base.,Repository documentation search considered.,NOT_ASSERTED,4052ac8e92579333649bd6e1743baef607f0bf949806866610fefe4c45f59c6c;b37cc34c4288c0a78c1234a94650089fc08f90ea8e4beaf85eb423608cf1a3e0,KEEP_SOURCE_OF_RECORD,Tracked content is retained even when its name resembles a generated cache or runtime fixture.,NEVER_DELETE,Tracked repository content; restoration/reclassification requires a separate reviewed change.,Tracked content is retained even when its name resembles a generated cache or runtime fixture.
tests/fixtures/runtime_ml_feature_pack/enable_disable_48b96e7f180d4ff8807878b6f492bbde,directory,3368,3,0f4b9546c68672a313d29ee2041a016a5de2eb696d40dcdac061fdb4aad312cc,CONTENT_AND_PATHS,0,TRACKED_OR_MIXED,NOT_DETERMINABLE,Current checkout inspection,Rule-based discovery plus repository-wide rg/manual inspection.,Retained; no absence-of-reference inference used.,No deletion decision based solely on Makefile absence.,Generated by test_ml_feature_pack::_new_base.,Repository documentation search considered.,NOT_ASSERTED,4052ac8e92579333649bd6e1743baef607f0bf949806866610fefe4c45f59c6c;b37cc34c4288c0a78c1234a94650089fc08f90ea8e4beaf85eb423608cf1a3e0,KEEP_SOURCE_OF_RECORD,Tracked content is retained even when its name resembles a generated cache or runtime fixture.,NEVER_DELETE,Tracked repository content; restoration/reclassification requires a separate reviewed change.,Tracked content is retained even when its name resembles a generated cache or runtime fixture.
tests/fixtures/runtime_ml_feature_pack/enable_disable_48eb58efef43409199af74c62904095f,directory,3368,3,a757083b91918a02226fd527de0b915fa43c92c1e229acef7032c94db91ff2ab,CONTENT_AND_PATHS,0,TRACKED_OR_MIXED,NOT_DETERMINABLE,Current checkout inspection,Rule-based discovery plus repository-wide rg/manual inspection.,Retained; no absence-of-reference inference used.,No deletion decision based solely on Makefile absence.,Generated by test_ml_feature_pack::_new_base.,Repository documentation search considered.,NOT_ASSERTED,4052ac8e92579333649bd6e1743baef607f0bf949806866610fefe4c45f59c6c;b37cc34c4288c0a78c1234a94650089fc08f90ea8e4beaf85eb423608cf1a3e0,KEEP_SOURCE_OF_RECORD,Tracked content is retained even when its name resembles a generated cache or runtime fixture.,NEVER_DELETE,Tracked repository content; restoration/reclassification requires a separate reviewed change.,Tracked content is retained even when its name resembles a generated cache or runtime fixture.
tests/fixtures/runtime_ml_feature_pack/enable_disable_54b702745baf444aa7a0e70b8fd4eda9,directory,3368,3,f55a2fa1e3fb679a455c4967337388e834eda69c964ba58ae3ca8b3266fb5e26,CONTENT_AND_PATHS,0,TRACKED_OR_MIXED,NOT_DETERMINABLE,Current checkout inspection,Rule-based discovery plus repository-wide rg/manual inspection.,Retained; no absence-of-reference inference used.,No deletion decision based solely on Makefile absence.,Generated by test_ml_feature_pack::_new_base.,Repository documentation search considered.,NOT_ASSERTED,4052ac8e92579333649bd6e1743baef607f0bf949806866610fefe4c45f59c6c;b37cc34c4288c0a78c1234a94650089fc08f90ea8e4beaf85eb423608cf1a3e0,KEEP_SOURCE_OF_RECORD,Tracked content is retained even when its name resembles a generated cache or runtime fixture.,NEVER_DELETE,Tracked repository content; restoration/reclassification requires a separate reviewed change.,Tracked content is retained even when its name resembles a generated cache or runtime fixture.
tests/fixtures/runtime_ml_feature_pack/enable_disable_5d58209bc3114d45b592a376b20ff0e3,directory,3368,3,d62c6abf04b0028324db9b7de3931e0ef63f818da0c52c87853ed43436d09116,CONTENT_AND_PATHS,0,TRACKED_OR_MIXED,NOT_DETERMINABLE,Current checkout inspection,Rule-based discovery plus repository-wide rg/manual inspection.,Retained; no absence-of-reference inference used.,No deletion decision based solely on Makefile absence.,Generated by test_ml_feature_pack::_new_base.,Repository documentation search considered.,NOT_ASSERTED,4052ac8e92579333649bd6e1743baef607f0bf949806866610fefe4c45f59c6c;b37cc34c4288c0a78c1234a94650089fc08f90ea8e4beaf85eb423608cf1a3e0,KEEP_SOURCE_OF_RECORD,Tracked content is retained even when its name resembles a generated cache or runtime fixture.,NEVER_DELETE,Tracked repository content; restoration/reclassification requires a separate reviewed change.,Tracked content is retained even when its name resembles a generated cache or runtime fixture.
tests/fixtures/runtime_ml_feature_pack/enable_disable_6b6e9ed0d50343c9b57608730f38214f,directory,3368,3,d0c6f8548b19c4e09bc5cf622b67a9841b5ac2c1ceb888e9b87cbd49bf773135,CONTENT_AND_PATHS,0,TRACKED_OR_MIXED,NOT_DETERMINABLE,Current checkout inspection,Rule-based discovery plus repository-wide rg/manual inspection.,Retained; no absence-of-reference inference used.,No deletion decision based solely on Makefile absence.,Generated by test_ml_feature_pack::_new_base.,Repository documentation search considered.,NOT_ASSERTED,4052ac8e92579333649bd6e1743baef607f0bf949806866610fefe4c45f59c6c;b37cc34c4288c0a78c1234a94650089fc08f90ea8e4beaf85eb423608cf1a3e0,KEEP_SOURCE_OF_RECORD,Tracked content is retained even when its name resembles a generated cache or runtime fixture.,NEVER_DELETE,Tracked repository content; restoration/reclassification requires a separate reviewed change.,Tracked content is retained even when its name resembles a generated cache or runtime fixture.
tests/fixtures/runtime_ml_feature_pack/enable_disable_7968698c58a545a2a56fd4ac9a3e1a5d,directory,3368,3,1a7c78f0fc01c3ac7dd595445414641e833356dbc01ebe8b99b6a08a4698097e,CONTENT_AND_PATHS,0,TRACKED_OR_MIXED,NOT_DETERMINABLE,Current checkout inspection,Rule-based discovery plus repository-wide rg/manual inspection.,Retained; no absence-of-reference inference used.,No deletion decision based solely on Makefile absence.,Generated by test_ml_feature_pack::_new_base.,Repository documentation search considered.,NOT_ASSERTED,4052ac8e92579333649bd6e1743baef607f0bf949806866610fefe4c45f59c6c;b37cc34c4288c0a78c1234a94650089fc08f90ea8e4beaf85eb423608cf1a3e0,KEEP_SOURCE_OF_RECORD,Tracked content is retained even when its name resembles a generated cache or runtime fixture.,NEVER_DELETE,Tracked repository content; restoration/reclassification requires a separate reviewed change.,Tracked content is retained even when its name resembles a generated cache or runtime fixture.
tests/fixtures/runtime_ml_feature_pack/enable_disable_7da125dd7018467097189bea37287726,directory,3368,3,ccfc3c9f073e7c71b0fae99f450c543ff9aa52bad28e7271827e2432aa8da76c,CONTENT_AND_PATHS,0,TRACKED_OR_MIXED,NOT_DETERMINABLE,Current checkout inspection,Rule-based discovery plus repository-wide rg/manual inspection.,Retained; no absence-of-reference inference used.,No deletion decision based solely on Makefile absence.,Generated by test_ml_feature_pack::_new_base.,Repository documentation search considered.,NOT_ASSERTED,4052ac8e92579333649bd6e1743baef607f0bf949806866610fefe4c45f59c6c;b37cc34c4288c0a78c1234a94650089fc08f90ea8e4beaf85eb423608cf1a3e0,KEEP_SOURCE_OF_RECORD,Tracked content is retained even when its name resembles a generated cache or runtime fixture.,NEVER_DELETE,Tracked repository content; restoration/reclassification requires a separate reviewed change.,Tracked content is retained even when its name resembles a generated cache or runtime fixture.
tests/fixtures/runtime_ml_feature_pack/enable_disable_7e30998c6fd5466fb568e7a91d04d61e,directory,3368,3,b6cd7f6742598c393007b136fb4ff3614ba058e7248b47d140f8bafdfb75c9e1,CONTENT_AND_PATHS,0,TRACKED_OR_MIXED,NOT_DETERMINABLE,Current checkout inspection,Rule-based discovery plus repository-wide rg/manual inspection.,Retained; no absence-of-reference inference used.,No deletion decision based solely on Makefile absence.,Generated by test_ml_feature_pack::_new_base.,Repository documentation search considered.,NOT_ASSERTED,4052ac8e92579333649bd6e1743baef607f0bf949806866610fefe4c45f59c6c;b37cc34c4288c0a78c1234a94650089fc08f90ea8e4beaf85eb423608cf1a3e0,KEEP_SOURCE_OF_RECORD,Tracked content is retained even when its name resembles a generated cache or runtime fixture.,NEVER_DELETE,Tracked repository content; restoration/reclassification requires a separate reviewed change.,Tracked content is retained even when its name resembles a generated cache or runtime fixture.
tests/fixtures/runtime_ml_feature_pack/enable_disable_806da4b03aae418197cc243cb2416b5e,directory,3368,3,e7e3de6988056942eea3c997d34d4b6f0bb042771d33c30aa4ad8dcd7a66eb5f,CONTENT_AND_PATHS,0,TRACKED_OR_MIXED,NOT_DETERMINABLE,Current checkout inspection,Rule-based discovery plus repository-wide rg/manual inspection.,Retained; no absence-of-reference inference used.,No deletion decision based solely on Makefile absence.,Generated by test_ml_feature_pack::_new_base.,Repository documentation search considered.,NOT_ASSERTED,4052ac8e92579333649bd6e1743baef607f0bf949806866610fefe4c45f59c6c;b37cc34c4288c0a78c1234a94650089fc08f90ea8e4beaf85eb423608cf1a3e0,KEEP_SOURCE_OF_RECORD,Tracked content is retained even when its name resembles a generated cache or runtime fixture.,NEVER_DELETE,Tracked repository content; restoration/reclassification requires a separate reviewed change.,Tracked content is retained even when its name resembles a generated cache or runtime fixture.
tests/fixtures/runtime_ml_feature_pack/enable_disable_849fd52b664545d8919d6b729284aaa1,directory,3368,3,169b58244d2959c46e01c60481239040c1bd93e441b70cee18df1d84d146b5a5,CONTENT_AND_PATHS,0,TRACKED_OR_MIXED,NOT_DETERMINABLE,Current checkout inspection,Rule-based discovery plus repository-wide rg/manual inspection.,Retained; no absence-of-reference inference used.,No deletion decision based solely on Makefile absence.,Generated by test_ml_feature_pack::_new_base.,Repository documentation search considered.,NOT_ASSERTED,4052ac8e92579333649bd6e1743baef607f0bf949806866610fefe4c45f59c6c;b37cc34c4288c0a78c1234a94650089fc08f90ea8e4beaf85eb423608cf1a3e0,KEEP_SOURCE_OF_RECORD,Tracked content is retained even when its name resembles a generated cache or runtime fixture.,NEVER_DELETE,Tracked repository content; restoration/reclassification requires a separate reviewed change.,Tracked content is retained even when its name resembles a generated cache or runtime fixture.
tests/fixtures/runtime_ml_feature_pack/enable_disable_8d4b9fc9e8734dba849e898ebfa74beb,directory,3368,3,71bd56d6c53db27e5d481a754e40a97b7c9fcae468d89afc588b57b93b79c1f5,CONTENT_AND_PATHS,0,TRACKED_OR_MIXED,NOT_DETERMINABLE,Current checkout inspection,Rule-based discovery plus repository-wide rg/manual inspection.,Retained; no absence-of-reference inference used.,No deletion decision based solely on Makefile absence.,Generated by test_ml_feature_pack::_new_base.,Repository documentation search considered.,NOT_ASSERTED,4052ac8e92579333649bd6e1743baef607f0bf949806866610fefe4c45f59c6c;b37cc34c4288c0a78c1234a94650089fc08f90ea8e4beaf85eb423608cf1a3e0,KEEP_SOURCE_OF_RECORD,Tracked content is retained even when its name resembles a generated cache or runtime fixture.,NEVER_DELETE,Tracked repository content; restoration/reclassification requires a separate reviewed change.,Tracked content is retained even when its name resembles a generated cache or runtime fixture.
tests/fixtures/runtime_ml_feature_pack/enable_disable_8e85c0765b864f59bc7d3f631f0f899e,directory,3368,3,f3ada203f7dc83ce91c52db0cc16de5cc7da63e837bf7101c1213177bef4830c,CONTENT_AND_PATHS,0,TRACKED_OR_MIXED,NOT_DETERMINABLE,Current checkout inspection,Rule-based discovery plus repository-wide rg/manual inspection.,Retained; no absence-of-reference inference used.,No deletion decision based solely on Makefile absence.,Generated by test_ml_feature_pack::_new_base.,Repository documentation search considered.,NOT_ASSERTED,4052ac8e92579333649bd6e1743baef607f0bf949806866610fefe4c45f59c6c;b37cc34c4288c0a78c1234a94650089fc08f90ea8e4beaf85eb423608cf1a3e0,KEEP_SOURCE_OF_RECORD,Tracked content is retained even when its name resembles a generated cache or runtime fixture.,NEVER_DELETE,Tracked repository content; restoration/reclassification requires a separate reviewed change.,Tracked content is retained even when its name resembles a generated cache or runtime fixture.
tests/fixtures/runtime_ml_feature_pack/enable_disable_a0f1c398b5d3495ca76d18979b0f0ca3,directory,3368,3,98e25a2405510d6bc177c94a1866a659b2083bf492b0dad6df10533783fee443,CONTENT_AND_PATHS,0,TRACKED_OR_MIXED,NOT_DETERMINABLE,Current checkout inspection,Rule-based discovery plus repository-wide rg/manual inspection.,Retained; no absence-of-reference inference used.,No deletion decision based solely on Makefile absence.,Generated by test_ml_feature_pack::_new_base.,Repository documentation search considered.,NOT_ASSERTED,4052ac8e92579333649bd6e1743baef607f0bf949806866610fefe4c45f59c6c;b37cc34c4288c0a78c1234a94650089fc08f90ea8e4beaf85eb423608cf1a3e0,KEEP_SOURCE_OF_RECORD,Tracked content is retained even when its name resembles a generated cache or runtime fixture.,NEVER_DELETE,Tracked repository content; restoration/reclassification requires a separate reviewed change.,Tracked content is retained even when its name resembles a generated cache or runtime fixture.
tests/fixtures/runtime_ml_feature_pack/enable_disable_b3f6917347ee4915b29d7186d556f6ef,directory,3368,3,98679e18886d0970cc791170cc9cb850551928a1cd0cc90665ae95d06add6f6f,CONTENT_AND_PATHS,0,TRACKED_OR_MIXED,NOT_DETERMINABLE,Current checkout inspection,Rule-based discovery plus repository-wide rg/manual inspection.,Retained; no absence-of-reference inference used.,No deletion decision based solely on Makefile absence.,Generated by test_ml_feature_pack::_new_base.,Repository documentation search considered.,NOT_ASSERTED,4052ac8e92579333649bd6e1743baef607f0bf949806866610fefe4c45f59c6c;b37cc34c4288c0a78c1234a94650089fc08f90ea8e4beaf85eb423608cf1a3e0,KEEP_SOURCE_OF_RECORD,Tracked content is retained even when its name resembles a generated cache or runtime fixture.,NEVER_DELETE,Tracked repository content; restoration/reclassification requires a separate reviewed change.,Tracked content is retained even when its name resembles a generated cache or runtime fixture.
tests/fixtures/runtime_ml_feature_pack/enable_disable_bb52d911e4af4f4898689d855bb2868d,directory,3368,3,7ad0d5b7b6554cacdb8c03120be13a9fe5b000b25db5257dfda2d5f9d63bbed9,CONTENT_AND_PATHS,0,TRACKED_OR_MIXED,NOT_DETERMINABLE,Current checkout inspection,Rule-based discovery plus repository-wide rg/manual inspection.,Retained; no absence-of-reference inference used.,No deletion decision based solely on Makefile absence.,Generated by test_ml_feature_pack::_new_base.,Repository documentation search considered.,NOT_ASSERTED,4052ac8e92579333649bd6e1743baef607f0bf949806866610fefe4c45f59c6c;b37cc34c4288c0a78c1234a94650089fc08f90ea8e4beaf85eb423608cf1a3e0,KEEP_SOURCE_OF_RECORD,Tracked content is retained even when its name resembles a generated cache or runtime fixture.,NEVER_DELETE,Tracked repository content; restoration/reclassification requires a separate reviewed change.,Tracked content is retained even when its name resembles a generated cache or runtime fixture.
tests/fixtures/runtime_ml_feature_pack/enable_disable_bde480994a214c2493d0c537998915ce,directory,3368,3,199fbff085875d652d68d0cfdbe6851969440f7653ec8ee8f88a9a1727536935,CONTENT_AND_PATHS,0,TRACKED_OR_MIXED,NOT_DETERMINABLE,Current checkout inspection,Rule-based discovery plus repository-wide rg/manual inspection.,Retained; no absence-of-reference inference used.,No deletion decision based solely on Makefile absence.,Generated by test_ml_feature_pack::_new_base.,Repository documentation search considered.,NOT_ASSERTED,4052ac8e92579333649bd6e1743baef607f0bf949806866610fefe4c45f59c6c;b37cc34c4288c0a78c1234a94650089fc08f90ea8e4beaf85eb423608cf1a3e0,KEEP_SOURCE_OF_RECORD,Tracked content is retained even when its name resembles a generated cache or runtime fixture.,NEVER_DELETE,Tracked repository content; restoration/reclassification requires a separate reviewed change.,Tracked content is retained even when its name resembles a generated cache or runtime fixture.
tests/fixtures/runtime_ml_feature_pack/enable_disable_c40e85accc624faf808ac451536a1a74,directory,3368,3,ed8962f500717d70c6ac88304f45aca2dd1c16ee6f9a73fe69c722858f707717,CONTENT_AND_PATHS,0,TRACKED_OR_MIXED,NOT_DETERMINABLE,Current checkout inspection,Rule-based discovery plus repository-wide rg/manual inspection.,Retained; no absence-of-reference inference used.,No deletion decision based solely on Makefile absence.,Generated by test_ml_feature_pack::_new_base.,Repository documentation search considered.,NOT_ASSERTED,4052ac8e92579333649bd6e1743baef607f0bf949806866610fefe4c45f59c6c;b37cc34c4288c0a78c1234a94650089fc08f90ea8e4beaf85eb423608cf1a3e0,KEEP_SOURCE_OF_RECORD,Tracked content is retained even when its name resembles a generated cache or runtime fixture.,NEVER_DELETE,Tracked repository content; restoration/reclassification requires a separate reviewed change.,Tracked content is retained even when its name resembles a generated cache or runtime fixture.
tests/fixtures/runtime_ml_feature_pack/enable_disable_db44303087d3460891f7d7699132d214,directory,3368,3,b5535f3e767c00cf5a2ef687d4f3db6db49459fc3450f6bb3b4665ca5e081dd2,CONTENT_AND_PATHS,0,TRACKED_OR_MIXED,NOT_DETERMINABLE,Current checkout inspection,Rule-based discovery plus repository-wide rg/manual inspection.,Retained; no absence-of-reference inference used.,No deletion decision based solely on Makefile absence.,Generated by test_ml_feature_pack::_new_base.,Repository documentation search considered.,NOT_ASSERTED,4052ac8e92579333649bd6e1743baef607f0bf949806866610fefe4c45f59c6c;b37cc34c4288c0a78c1234a94650089fc08f90ea8e4beaf85eb423608cf1a3e0,KEEP_SOURCE_OF_RECORD,Tracked content is retained even when its name resembles a generated cache or runtime fixture.,NEVER_DELETE,Tracked repository content; restoration/reclassification requires a separate reviewed change.,Tracked content is retained even when its name resembles a generated cache or runtime fixture.
tests/fixtures/runtime_ml_feature_pack/enable_disable_dc7cbecff489494f862aacc2a2517d13,directory,3368,3,71d21b69ccd1d17ea0bc16cdbedc2d6629df6e2e02d2447373a6e0fc68b2ac47,CONTENT_AND_PATHS,0,TRACKED_OR_MIXED,NOT_DETERMINABLE,Current checkout inspection,Rule-based discovery plus repository-wide rg/manual inspection.,Retained; no absence-of-reference inference used.,No deletion decision based solely on Makefile absence.,Generated by test_ml_feature_pack::_new_base.,Repository documentation search considered.,NOT_ASSERTED,4052ac8e92579333649bd6e1743baef607f0bf949806866610fefe4c45f59c6c;b37cc34c4288c0a78c1234a94650089fc08f90ea8e4beaf85eb423608cf1a3e0,KEEP_SOURCE_OF_RECORD,Tracked content is retained even when its name resembles a generated cache or runtime fixture.,NEVER_DELETE,Tracked repository content; restoration/reclassification requires a separate reviewed change.,Tracked content is retained even when its name resembles a generated cache or runtime fixture.
tests/fixtures/runtime_ml_feature_pack/enable_disable_e83b9a83df764df8894e3b2f70093c4e,directory,3368,3,795e6c01eb9a29d357c1358ba88f3d2d554ecc241036c96224d3d710c926e16f,CONTENT_AND_PATHS,0,TRACKED_OR_MIXED,NOT_DETERMINABLE,Current checkout inspection,Rule-based discovery plus repository-wide rg/manual inspection.,Retained; no absence-of-reference inference used.,No deletion decision based solely on Makefile absence.,Generated by test_ml_feature_pack::_new_base.,Repository documentation search considered.,NOT_ASSERTED,4052ac8e92579333649bd6e1743baef607f0bf949806866610fefe4c45f59c6c;b37cc34c4288c0a78c1234a94650089fc08f90ea8e4beaf85eb423608cf1a3e0,KEEP_SOURCE_OF_RECORD,Tracked content is retained even when its name resembles a generated cache or runtime fixture.,NEVER_DELETE,Tracked repository content; restoration/reclassification requires a separate reviewed change.,Tracked content is retained even when its name resembles a generated cache or runtime fixture.
tests/fixtures/runtime_ml_feature_pack/enable_disable_ec7da0dc7f21409f8e74b595f2c620c8,directory,3368,3,90ff6ac6b22888c3416135d2840234d58c2f3992223677664806b61a0ff4fd38,CONTENT_AND_PATHS,0,TRACKED_OR_MIXED,NOT_DETERMINABLE,Current checkout inspection,Rule-based discovery plus repository-wide rg/manual inspection.,Retained; no absence-of-reference inference used.,No deletion decision based solely on Makefile absence.,Generated by test_ml_feature_pack::_new_base.,Repository documentation search considered.,NOT_ASSERTED,4052ac8e92579333649bd6e1743baef607f0bf949806866610fefe4c45f59c6c;b37cc34c4288c0a78c1234a94650089fc08f90ea8e4beaf85eb423608cf1a3e0,KEEP_SOURCE_OF_RECORD,Tracked content is retained even when its name resembles a generated cache or runtime fixture.,NEVER_DELETE,Tracked repository content; restoration/reclassification requires a separate reviewed change.,Tracked content is retained even when its name resembles a generated cache or runtime fixture.
tests/fixtures/runtime_ml_feature_pack/enable_disable_ee2be74acacf4463afcf94c913448c65,directory,3368,3,5d2916afc6933ea0a76d5620328456b80e2d683471f6d99085abbe0d3fd667a4,CONTENT_AND_PATHS,0,TRACKED_OR_MIXED,NOT_DETERMINABLE,Current checkout inspection,Rule-based discovery plus repository-wide rg/manual inspection.,Retained; no absence-of-reference inference used.,No deletion decision based solely on Makefile absence.,Generated by test_ml_feature_pack::_new_base.,Repository documentation search considered.,NOT_ASSERTED,4052ac8e92579333649bd6e1743baef607f0bf949806866610fefe4c45f59c6c;b37cc34c4288c0a78c1234a94650089fc08f90ea8e4beaf85eb423608cf1a3e0,KEEP_SOURCE_OF_RECORD,Tracked content is retained even when its name resembles a generated cache or runtime fixture.,NEVER_DELETE,Tracked repository content; restoration/reclassification requires a separate reviewed change.,Tracked content is retained even when its name resembles a generated cache or runtime fixture.
tests/fixtures/runtime_ml_feature_pack/enable_disable_ee4c5be73e3648f3805659f1cf7bb952,directory,3368,3,af4f2d5232ba29c9b0e17821aa431348c8f008860fec7c2590b12614c78fb8c0,CONTENT_AND_PATHS,0,TRACKED_OR_MIXED,NOT_DETERMINABLE,Current checkout inspection,Rule-based discovery plus repository-wide rg/manual inspection.,Retained; no absence-of-reference inference used.,No deletion decision based solely on Makefile absence.,Generated by test_ml_feature_pack::_new_base.,Repository documentation search considered.,NOT_ASSERTED,4052ac8e92579333649bd6e1743baef607f0bf949806866610fefe4c45f59c6c;b37cc34c4288c0a78c1234a94650089fc08f90ea8e4beaf85eb423608cf1a3e0,KEEP_SOURCE_OF_RECORD,Tracked content is retained even when its name resembles a generated cache or runtime fixture.,NEVER_DELETE,Tracked repository content; restoration/reclassification requires a separate reviewed change.,Tracked content is retained even when its name resembles a generated cache or runtime fixture.
tests/fixtures/runtime_ml_feature_pack/enable_disable_faf1df68aa954425b013c969d0d3f268,directory,3368,3,43eb2eae7ee28940827968db899636f7f1445051eb5712cd1a2bef8da2fd2e6f,CONTENT_AND_PATHS,0,TRACKED_OR_MIXED,NOT_DETERMINABLE,Current checkout inspection,Rule-based discovery plus repository-wide rg/manual inspection.,Retained; no absence-of-reference inference used.,No deletion decision based solely on Makefile absence.,Generated by test_ml_feature_pack::_new_base.,Repository documentation search considered.,NOT_ASSERTED,4052ac8e92579333649bd6e1743baef607f0bf949806866610fefe4c45f59c6c;b37cc34c4288c0a78c1234a94650089fc08f90ea8e4beaf85eb423608cf1a3e0,KEEP_SOURCE_OF_RECORD,Tracked content is retained even when its name resembles a generated cache or runtime fixture.,NEVER_DELETE,Tracked repository content; restoration/reclassification requires a separate reviewed change.,Tracked content is retained even when its name resembles a generated cache or runtime fixture.
tests/fixtures/runtime_ml_feature_pack/enable_disable_fd1cbe57c92a4863a86dc6d4b4b718c5,directory,3368,3,c4482ac2a3550a06852348348c8fa4429fb8d72666cf4908b15f4583c85f6389,CONTENT_AND_PATHS,0,TRACKED_OR_MIXED,NOT_DETERMINABLE,Current checkout inspection,Rule-based discovery plus repository-wide rg/manual inspection.,Retained; no absence-of-reference inference used.,No deletion decision based solely on Makefile absence.,Generated by test_ml_feature_pack::_new_base.,Repository documentation search considered.,NOT_ASSERTED,4052ac8e92579333649bd6e1743baef607f0bf949806866610fefe4c45f59c6c;b37cc34c4288c0a78c1234a94650089fc08f90ea8e4beaf85eb423608cf1a3e0,KEEP_SOURCE_OF_RECORD,Tracked content is retained even when its name resembles a generated cache or runtime fixture.,NEVER_DELETE,Tracked repository content; restoration/reclassification requires a separate reviewed change.,Tracked content is retained even when its name resembles a generated cache or runtime fixture.
tests/fixtures/runtime_ml_feature_pack/fallbacks_04a4cd7601584b68b4f382518e3884ac,directory,3915,3,ff1530cb468a25a265d15efef52f3a6bd70dfe73ba4553ed58d14b9d5f2c9be8,CONTENT_AND_PATHS,0,TRACKED_OR_MIXED,NOT_DETERMINABLE,Current checkout inspection,Rule-based discovery plus repository-wide rg/manual inspection.,Retained; no absence-of-reference inference used.,No deletion decision based solely on Makefile absence.,Generated by test_ml_feature_pack::_new_base.,Repository documentation search considered.,NOT_ASSERTED,400d0d2187a6c9dc6d1d78cca2256cc5ff331dc4e8d0762acba70835c8132a6a;71f666f4af1aafb11e3808890295f1a95ec499f834ab093d113e93c394a1b831,KEEP_SOURCE_OF_RECORD,Tracked content is retained even when its name resembles a generated cache or runtime fixture.,NEVER_DELETE,Tracked repository content; restoration/reclassification requires a separate reviewed change.,Tracked content is retained even when its name resembles a generated cache or runtime fixture.
tests/fixtures/runtime_ml_feature_pack/fallbacks_1f07ad58964c47fbb673cd688c8b1db6,directory,3915,3,a3f06987c30a3715a1f4d639a7877b4b4dcc907b9d327d8b5596a27cd6a4c536,CONTENT_AND_PATHS,0,TRACKED_OR_MIXED,NOT_DETERMINABLE,Current checkout inspection,Rule-based discovery plus repository-wide rg/manual inspection.,Retained; no absence-of-reference inference used.,No deletion decision based solely on Makefile absence.,Generated by test_ml_feature_pack::_new_base.,Repository documentation search considered.,NOT_ASSERTED,400d0d2187a6c9dc6d1d78cca2256cc5ff331dc4e8d0762acba70835c8132a6a;71f666f4af1aafb11e3808890295f1a95ec499f834ab093d113e93c394a1b831,KEEP_SOURCE_OF_RECORD,Tracked content is retained even when its name resembles a generated cache or runtime fixture.,NEVER_DELETE,Tracked repository content; restoration/reclassification requires a separate reviewed change.,Tracked content is retained even when its name resembles a generated cache or runtime fixture.
tests/fixtures/runtime_ml_feature_pack/fallbacks_219d34086d7448c596986a28e7175603,directory,3915,3,f761c98988ddb91a35dd1268f93ed1b3f9ce9db7cea053acd973266871a9519b,CONTENT_AND_PATHS,0,TRACKED_OR_MIXED,NOT_DETERMINABLE,Current checkout inspection,Rule-based discovery plus repository-wide rg/manual inspection.,Retained; no absence-of-reference inference used.,No deletion decision based solely on Makefile absence.,Generated by test_ml_feature_pack::_new_base.,Repository documentation search considered.,NOT_ASSERTED,400d0d2187a6c9dc6d1d78cca2256cc5ff331dc4e8d0762acba70835c8132a6a;71f666f4af1aafb11e3808890295f1a95ec499f834ab093d113e93c394a1b831,KEEP_SOURCE_OF_RECORD,Tracked content is retained even when its name resembles a generated cache or runtime fixture.,NEVER_DELETE,Tracked repository content; restoration/reclassification requires a separate reviewed change.,Tracked content is retained even when its name resembles a generated cache or runtime fixture.
tests/fixtures/runtime_ml_feature_pack/fallbacks_27aff91eab0a4d94b0d2538c41d4adde,directory,3915,3,79c8a1861064aa464e6d9ca65288bb3ff7f8ff4f37d2750e94bf820659ed1dea,CONTENT_AND_PATHS,0,TRACKED_OR_MIXED,NOT_DETERMINABLE,Current checkout inspection,Rule-based discovery plus repository-wide rg/manual inspection.,Retained; no absence-of-reference inference used.,No deletion decision based solely on Makefile absence.,Generated by test_ml_feature_pack::_new_base.,Repository documentation search considered.,NOT_ASSERTED,400d0d2187a6c9dc6d1d78cca2256cc5ff331dc4e8d0762acba70835c8132a6a;71f666f4af1aafb11e3808890295f1a95ec499f834ab093d113e93c394a1b831,KEEP_SOURCE_OF_RECORD,Tracked content is retained even when its name resembles a generated cache or runtime fixture.,NEVER_DELETE,Tracked repository content; restoration/reclassification requires a separate reviewed change.,Tracked content is retained even when its name resembles a generated cache or runtime fixture.
tests/fixtures/runtime_ml_feature_pack/fallbacks_38b215d3c7ff40e3ac9e7d2496069a35,directory,3915,3,7dd2f3fbd0f524ed9ca26be9e71ab1e3b9dcde3ab9395e5c6b2f2c9104ebcbbd,CONTENT_AND_PATHS,0,TRACKED_OR_MIXED,NOT_DETERMINABLE,Current checkout inspection,Rule-based discovery plus repository-wide rg/manual inspection.,Retained; no absence-of-reference inference used.,No deletion decision based solely on Makefile absence.,Generated by test_ml_feature_pack::_new_base.,Repository documentation search considered.,NOT_ASSERTED,400d0d2187a6c9dc6d1d78cca2256cc5ff331dc4e8d0762acba70835c8132a6a;71f666f4af1aafb11e3808890295f1a95ec499f834ab093d113e93c394a1b831,KEEP_SOURCE_OF_RECORD,Tracked content is retained even when its name resembles a generated cache or runtime fixture.,NEVER_DELETE,Tracked repository content; restoration/reclassification requires a separate reviewed change.,Tracked content is retained even when its name resembles a generated cache or runtime fixture.
tests/fixtures/runtime_ml_feature_pack/fallbacks_40b44d6276e247abaa52cf71b7772724,directory,3915,3,d880941707e4a7ee5224403b819a58ea233b47f218841f6f4d2cdc81b7ddbc90,CONTENT_AND_PATHS,0,TRACKED_OR_MIXED,NOT_DETERMINABLE,Current checkout inspection,Rule-based discovery plus repository-wide rg/manual inspection.,Retained; no absence-of-reference inference used.,No deletion decision based solely on Makefile absence.,Generated by test_ml_feature_pack::_new_base.,Repository documentation search considered.,NOT_ASSERTED,400d0d2187a6c9dc6d1d78cca2256cc5ff331dc4e8d0762acba70835c8132a6a;71f666f4af1aafb11e3808890295f1a95ec499f834ab093d113e93c394a1b831,KEEP_SOURCE_OF_RECORD,Tracked content is retained even when its name resembles a generated cache or runtime fixture.,NEVER_DELETE,Tracked repository content; restoration/reclassification requires a separate reviewed change.,Tracked content is retained even when its name resembles a generated cache or runtime fixture.
tests/fixtures/runtime_ml_feature_pack/fallbacks_4538ef6705464dcfa2b6254034c289d0,directory,3915,3,8f8cf9294b1f9af6ce7ab74f598e2c2039b90592e129dc5588f2b671fe6c3727,CONTENT_AND_PATHS,0,TRACKED_OR_MIXED,NOT_DETERMINABLE,Current checkout inspection,Rule-based discovery plus repository-wide rg/manual inspection.,Retained; no absence-of-reference inference used.,No deletion decision based solely on Makefile absence.,Generated by test_ml_feature_pack::_new_base.,Repository documentation search considered.,NOT_ASSERTED,400d0d2187a6c9dc6d1d78cca2256cc5ff331dc4e8d0762acba70835c8132a6a;71f666f4af1aafb11e3808890295f1a95ec499f834ab093d113e93c394a1b831,KEEP_SOURCE_OF_RECORD,Tracked content is retained even when its name resembles a generated cache or runtime fixture.,NEVER_DELETE,Tracked repository content; restoration/reclassification requires a separate reviewed change.,Tracked content is retained even when its name resembles a generated cache or runtime fixture.
tests/fixtures/runtime_ml_feature_pack/fallbacks_6310a91e38324adb8392950a39beda56,directory,3915,3,e646d516b36b768f160d4fdfd4406344014eab5aff240090f01694e0b4a12774,CONTENT_AND_PATHS,0,TRACKED_OR_MIXED,NOT_DETERMINABLE,Current checkout inspection,Rule-based discovery plus repository-wide rg/manual inspection.,Retained; no absence-of-reference inference used.,No deletion decision based solely on Makefile absence.,Generated by test_ml_feature_pack::_new_base.,Repository documentation search considered.,NOT_ASSERTED,400d0d2187a6c9dc6d1d78cca2256cc5ff331dc4e8d0762acba70835c8132a6a;71f666f4af1aafb11e3808890295f1a95ec499f834ab093d113e93c394a1b831,KEEP_SOURCE_OF_RECORD,Tracked content is retained even when its name resembles a generated cache or runtime fixture.,NEVER_DELETE,Tracked repository content; restoration/reclassification requires a separate reviewed change.,Tracked content is retained even when its name resembles a generated cache or runtime fixture.
tests/fixtures/runtime_ml_feature_pack/fallbacks_6b468ae772ef4805904cd658a032792b,directory,3915,3,3718cf42f126e3bd8954e605d09618c9d400d0363880fae33293a7b5f8643f60,CONTENT_AND_PATHS,0,TRACKED_OR_MIXED,NOT_DETERMINABLE,Current checkout inspection,Rule-based discovery plus repository-wide rg/manual inspection.,Retained; no absence-of-reference inference used.,No deletion decision based solely on Makefile absence.,Generated by test_ml_feature_pack::_new_base.,Repository documentation search considered.,NOT_ASSERTED,400d0d2187a6c9dc6d1d78cca2256cc5ff331dc4e8d0762acba70835c8132a6a;71f666f4af1aafb11e3808890295f1a95ec499f834ab093d113e93c394a1b831,KEEP_SOURCE_OF_RECORD,Tracked content is retained even when its name resembles a generated cache or runtime fixture.,NEVER_DELETE,Tracked repository content; restoration/reclassification requires a separate reviewed change.,Tracked content is retained even when its name resembles a generated cache or runtime fixture.
tests/fixtures/runtime_ml_feature_pack/fallbacks_74a2caf162c44c25a8ffb528d23b4d94,directory,3915,3,a118089047690d86af4f4934e94225d4855f2adfa556e9df82b20626d4181e70,CONTENT_AND_PATHS,0,TRACKED_OR_MIXED,NOT_DETERMINABLE,Current checkout inspection,Rule-based discovery plus repository-wide rg/manual inspection.,Retained; no absence-of-reference inference used.,No deletion decision based solely on Makefile absence.,Generated by test_ml_feature_pack::_new_base.,Repository documentation search considered.,NOT_ASSERTED,400d0d2187a6c9dc6d1d78cca2256cc5ff331dc4e8d0762acba70835c8132a6a;71f666f4af1aafb11e3808890295f1a95ec499f834ab093d113e93c394a1b831,KEEP_SOURCE_OF_RECORD,Tracked content is retained even when its name resembles a generated cache or runtime fixture.,NEVER_DELETE,Tracked repository content; restoration/reclassification requires a separate reviewed change.,Tracked content is retained even when its name resembles a generated cache or runtime fixture.
tests/fixtures/runtime_ml_feature_pack/fallbacks_770a726743324f12aaa4b64086cd9268,directory,3915,3,d2a8cc32e00caab7a3f67f65b62c4499a06915e7aa18fda174f3b1cdf90fff89,CONTENT_AND_PATHS,0,TRACKED_OR_MIXED,NOT_DETERMINABLE,Current checkout inspection,Rule-based discovery plus repository-wide rg/manual inspection.,Retained; no absence-of-reference inference used.,No deletion decision based solely on Makefile absence.,Generated by test_ml_feature_pack::_new_base.,Repository documentation search considered.,NOT_ASSERTED,400d0d2187a6c9dc6d1d78cca2256cc5ff331dc4e8d0762acba70835c8132a6a;71f666f4af1aafb11e3808890295f1a95ec499f834ab093d113e93c394a1b831,KEEP_SOURCE_OF_RECORD,Tracked content is retained even when its name resembles a generated cache or runtime fixture.,NEVER_DELETE,Tracked repository content; restoration/reclassification requires a separate reviewed change.,Tracked content is retained even when its name resembles a generated cache or runtime fixture.
tests/fixtures/runtime_ml_feature_pack/fallbacks_960212cc6f964d6a9831f1f7ee00b679,directory,3915,3,8971e423659c01775bb69463e9cf761bec94d51a607453225762eb5c156a2e12,CONTENT_AND_PATHS,0,TRACKED_OR_MIXED,NOT_DETERMINABLE,Current checkout inspection,Rule-based discovery plus repository-wide rg/manual inspection.,Retained; no absence-of-reference inference used.,No deletion decision based solely on Makefile absence.,Generated by test_ml_feature_pack::_new_base.,Repository documentation search considered.,NOT_ASSERTED,400d0d2187a6c9dc6d1d78cca2256cc5ff331dc4e8d0762acba70835c8132a6a;71f666f4af1aafb11e3808890295f1a95ec499f834ab093d113e93c394a1b831,KEEP_SOURCE_OF_RECORD,Tracked content is retained even when its name resembles a generated cache or runtime fixture.,NEVER_DELETE,Tracked repository content; restoration/reclassification requires a separate reviewed change.,Tracked content is retained even when its name resembles a generated cache or runtime fixture.
tests/fixtures/runtime_ml_feature_pack/fallbacks_9c74ffd936a54ccfb100226bd70ea80b,directory,3915,3,33f0f4aec9af608d26128d510fd9d5ce7c6a5dbc03cb11775dab283434e33f75,CONTENT_AND_PATHS,0,TRACKED_OR_MIXED,NOT_DETERMINABLE,Current checkout inspection,Rule-based discovery plus repository-wide rg/manual inspection.,Retained; no absence-of-reference inference used.,No deletion decision based solely on Makefile absence.,Generated by test_ml_feature_pack::_new_base.,Repository documentation search considered.,NOT_ASSERTED,400d0d2187a6c9dc6d1d78cca2256cc5ff331dc4e8d0762acba70835c8132a6a;71f666f4af1aafb11e3808890295f1a95ec499f834ab093d113e93c394a1b831,KEEP_SOURCE_OF_RECORD,Tracked content is retained even when its name resembles a generated cache or runtime fixture.,NEVER_DELETE,Tracked repository content; restoration/reclassification requires a separate reviewed change.,Tracked content is retained even when its name resembles a generated cache or runtime fixture.
tests/fixtures/runtime_ml_feature_pack/fallbacks_9f64e39ec58340088e70ff025b04bf5a,directory,3915,3,831e20d88cec607271c928c04a5c5e055f8ab474666e05b212a407e4d9116def,CONTENT_AND_PATHS,0,TRACKED_OR_MIXED,NOT_DETERMINABLE,Current checkout inspection,Rule-based discovery plus repository-wide rg/manual inspection.,Retained; no absence-of-reference inference used.,No deletion decision based solely on Makefile absence.,Generated by test_ml_feature_pack::_new_base.,Repository documentation search considered.,NOT_ASSERTED,400d0d2187a6c9dc6d1d78cca2256cc5ff331dc4e8d0762acba70835c8132a6a;71f666f4af1aafb11e3808890295f1a95ec499f834ab093d113e93c394a1b831,KEEP_SOURCE_OF_RECORD,Tracked content is retained even when its name resembles a generated cache or runtime fixture.,NEVER_DELETE,Tracked repository content; restoration/reclassification requires a separate reviewed change.,Tracked content is retained even when its name resembles a generated cache or runtime fixture.
tests/fixtures/runtime_ml_feature_pack/fallbacks_a20fd59740374515826494e4b2dff69e,directory,3915,3,fcb1ef70b58c0cd67c5044834012ddaf628a5d4d4e45c76cb4b577fa6830c91f,CONTENT_AND_PATHS,0,TRACKED_OR_MIXED,NOT_DETERMINABLE,Current checkout inspection,Rule-based discovery plus repository-wide rg/manual inspection.,Retained; no absence-of-reference inference used.,No deletion decision based solely on Makefile absence.,Generated by test_ml_feature_pack::_new_base.,Repository documentation search considered.,NOT_ASSERTED,400d0d2187a6c9dc6d1d78cca2256cc5ff331dc4e8d0762acba70835c8132a6a;71f666f4af1aafb11e3808890295f1a95ec499f834ab093d113e93c394a1b831,KEEP_SOURCE_OF_RECORD,Tracked content is retained even when its name resembles a generated cache or runtime fixture.,NEVER_DELETE,Tracked repository content; restoration/reclassification requires a separate reviewed change.,Tracked content is retained even when its name resembles a generated cache or runtime fixture.
tests/fixtures/runtime_ml_feature_pack/fallbacks_ad009ea4a32a47ed98c24b358caa5fa2,directory,3915,3,4635d584c08d685a18ce83af18703851360e738c2ca5aa74ca53ebdf241102b4,CONTENT_AND_PATHS,0,TRACKED_OR_MIXED,NOT_DETERMINABLE,Current checkout inspection,Rule-based discovery plus repository-wide rg/manual inspection.,Retained; no absence-of-reference inference used.,No deletion decision based solely on Makefile absence.,Generated by test_ml_feature_pack::_new_base.,Repository documentation search considered.,NOT_ASSERTED,400d0d2187a6c9dc6d1d78cca2256cc5ff331dc4e8d0762acba70835c8132a6a;71f666f4af1aafb11e3808890295f1a95ec499f834ab093d113e93c394a1b831,KEEP_SOURCE_OF_RECORD,Tracked content is retained even when its name resembles a generated cache or runtime fixture.,NEVER_DELETE,Tracked repository content; restoration/reclassification requires a separate reviewed change.,Tracked content is retained even when its name resembles a generated cache or runtime fixture.
tests/fixtures/runtime_ml_feature_pack/fallbacks_ad46dd9cc1904f9fbfab7a52c37451a4,directory,3915,3,aad7949c518faf0725a0e6c66c67bccad6f243df64e48ddca51b85a6a107255d,CONTENT_AND_PATHS,0,TRACKED_OR_MIXED,NOT_DETERMINABLE,Current checkout inspection,Rule-based discovery plus repository-wide rg/manual inspection.,Retained; no absence-of-reference inference used.,No deletion decision based solely on Makefile absence.,Generated by test_ml_feature_pack::_new_base.,Repository documentation search considered.,NOT_ASSERTED,400d0d2187a6c9dc6d1d78cca2256cc5ff331dc4e8d0762acba70835c8132a6a;71f666f4af1aafb11e3808890295f1a95ec499f834ab093d113e93c394a1b831,KEEP_SOURCE_OF_RECORD,Tracked content is retained even when its name resembles a generated cache or runtime fixture.,NEVER_DELETE,Tracked repository content; restoration/reclassification requires a separate reviewed change.,Tracked content is retained even when its name resembles a generated cache or runtime fixture.
tests/fixtures/runtime_ml_feature_pack/fallbacks_b197e11647b449da98c5850ec59c478d,directory,3915,3,817fde5e95641d2f1ffc95ba5c4884fd7080c6c7d5006b8cb0dcdc0c316f52c2,CONTENT_AND_PATHS,0,TRACKED_OR_MIXED,NOT_DETERMINABLE,Current checkout inspection,Rule-based discovery plus repository-wide rg/manual inspection.,Retained; no absence-of-reference inference used.,No deletion decision based solely on Makefile absence.,Generated by test_ml_feature_pack::_new_base.,Repository documentation search considered.,NOT_ASSERTED,400d0d2187a6c9dc6d1d78cca2256cc5ff331dc4e8d0762acba70835c8132a6a;71f666f4af1aafb11e3808890295f1a95ec499f834ab093d113e93c394a1b831,KEEP_SOURCE_OF_RECORD,Tracked content is retained even when its name resembles a generated cache or runtime fixture.,NEVER_DELETE,Tracked repository content; restoration/reclassification requires a separate reviewed change.,Tracked content is retained even when its name resembles a generated cache or runtime fixture.
tests/fixtures/runtime_ml_feature_pack/fallbacks_b4e7a8ca8da14eca94dbdf580dd1df55,directory,3915,3,3e654bcf78765e4c7d4f4eaa4e65277e395c7603fed6419477bb35f9c7f2317c,CONTENT_AND_PATHS,0,TRACKED_OR_MIXED,NOT_DETERMINABLE,Current checkout inspection,Rule-based discovery plus repository-wide rg/manual inspection.,Retained; no absence-of-reference inference used.,No deletion decision based solely on Makefile absence.,Generated by test_ml_feature_pack::_new_base.,Repository documentation search considered.,NOT_ASSERTED,400d0d2187a6c9dc6d1d78cca2256cc5ff331dc4e8d0762acba70835c8132a6a;71f666f4af1aafb11e3808890295f1a95ec499f834ab093d113e93c394a1b831,KEEP_SOURCE_OF_RECORD,Tracked content is retained even when its name resembles a generated cache or runtime fixture.,NEVER_DELETE,Tracked repository content; restoration/reclassification requires a separate reviewed change.,Tracked content is retained even when its name resembles a generated cache or runtime fixture.
tests/fixtures/runtime_ml_feature_pack/fallbacks_b56e831a2b86443994081d54781dd50c,directory,3915,3,4f1633cf9b99558941b07525281ac832a355acacc0e20f5f1d7f640435b27377,CONTENT_AND_PATHS,0,TRACKED_OR_MIXED,NOT_DETERMINABLE,Current checkout inspection,Rule-based discovery plus repository-wide rg/manual inspection.,Retained; no absence-of-reference inference used.,No deletion decision based solely on Makefile absence.,Generated by test_ml_feature_pack::_new_base.,Repository documentation search considered.,NOT_ASSERTED,400d0d2187a6c9dc6d1d78cca2256cc5ff331dc4e8d0762acba70835c8132a6a;71f666f4af1aafb11e3808890295f1a95ec499f834ab093d113e93c394a1b831,KEEP_SOURCE_OF_RECORD,Tracked content is retained even when its name resembles a generated cache or runtime fixture.,NEVER_DELETE,Tracked repository content; restoration/reclassification requires a separate reviewed change.,Tracked content is retained even when its name resembles a generated cache or runtime fixture.
tests/fixtures/runtime_ml_feature_pack/fallbacks_bb62bdb35bd8499bb5ae996c35ffc561,directory,3915,3,5a71d34885071d3bd7651efdc11d146fe02df70ff923d55a0da9c81419aeb6e3,CONTENT_AND_PATHS,0,TRACKED_OR_MIXED,NOT_DETERMINABLE,Current checkout inspection,Rule-based discovery plus repository-wide rg/manual inspection.,Retained; no absence-of-reference inference used.,No deletion decision based solely on Makefile absence.,Generated by test_ml_feature_pack::_new_base.,Repository documentation search considered.,NOT_ASSERTED,400d0d2187a6c9dc6d1d78cca2256cc5ff331dc4e8d0762acba70835c8132a6a;71f666f4af1aafb11e3808890295f1a95ec499f834ab093d113e93c394a1b831,KEEP_SOURCE_OF_RECORD,Tracked content is retained even when its name resembles a generated cache or runtime fixture.,NEVER_DELETE,Tracked repository content; restoration/reclassification requires a separate reviewed change.,Tracked content is retained even when its name resembles a generated cache or runtime fixture.
tests/fixtures/runtime_ml_feature_pack/fallbacks_c53985216c684643a7f2e471fd5e488d,directory,3915,3,63b0360633dc27918ee34143f0c104f4d05f815542f685eb2a30a4e86fa63f90,CONTENT_AND_PATHS,0,TRACKED_OR_MIXED,NOT_DETERMINABLE,Current checkout inspection,Rule-based discovery plus repository-wide rg/manual inspection.,Retained; no absence-of-reference inference used.,No deletion decision based solely on Makefile absence.,Generated by test_ml_feature_pack::_new_base.,Repository documentation search considered.,NOT_ASSERTED,400d0d2187a6c9dc6d1d78cca2256cc5ff331dc4e8d0762acba70835c8132a6a;71f666f4af1aafb11e3808890295f1a95ec499f834ab093d113e93c394a1b831,KEEP_SOURCE_OF_RECORD,Tracked content is retained even when its name resembles a generated cache or runtime fixture.,NEVER_DELETE,Tracked repository content; restoration/reclassification requires a separate reviewed change.,Tracked content is retained even when its name resembles a generated cache or runtime fixture.
tests/fixtures/runtime_ml_feature_pack/fallbacks_c5d87393d6cb4f29b946ca6a2d024ee6,directory,3915,3,7522aa86fb84e372c4154880e07908e76ff7c2500e29426db275ab2774003a19,CONTENT_AND_PATHS,0,TRACKED_OR_MIXED,NOT_DETERMINABLE,Current checkout inspection,Rule-based discovery plus repository-wide rg/manual inspection.,Retained; no absence-of-reference inference used.,No deletion decision based solely on Makefile absence.,Generated by test_ml_feature_pack::_new_base.,Repository documentation search considered.,NOT_ASSERTED,400d0d2187a6c9dc6d1d78cca2256cc5ff331dc4e8d0762acba70835c8132a6a;71f666f4af1aafb11e3808890295f1a95ec499f834ab093d113e93c394a1b831,KEEP_SOURCE_OF_RECORD,Tracked content is retained even when its name resembles a generated cache or runtime fixture.,NEVER_DELETE,Tracked repository content; restoration/reclassification requires a separate reviewed change.,Tracked content is retained even when its name resembles a generated cache or runtime fixture.
tests/fixtures/runtime_ml_feature_pack/fallbacks_dcb6fbd0c62845bcb9a7e8d31f30ad4a,directory,3915,3,cf9e3b919038e2c596b94f13633124a1833e3f9b15aa0b547402724a96b203fc,CONTENT_AND_PATHS,0,TRACKED_OR_MIXED,NOT_DETERMINABLE,Current checkout inspection,Rule-based discovery plus repository-wide rg/manual inspection.,Retained; no absence-of-reference inference used.,No deletion decision based solely on Makefile absence.,Generated by test_ml_feature_pack::_new_base.,Repository documentation search considered.,NOT_ASSERTED,400d0d2187a6c9dc6d1d78cca2256cc5ff331dc4e8d0762acba70835c8132a6a;71f666f4af1aafb11e3808890295f1a95ec499f834ab093d113e93c394a1b831,KEEP_SOURCE_OF_RECORD,Tracked content is retained even when its name resembles a generated cache or runtime fixture.,NEVER_DELETE,Tracked repository content; restoration/reclassification requires a separate reviewed change.,Tracked content is retained even when its name resembles a generated cache or runtime fixture.
tests/fixtures/runtime_ml_feature_pack/fallbacks_e03e3146a04f491d8b955e12e1cc3f8b,directory,3915,3,e8914d1251fe10eaffc2c20159248037b32d37c7e5551689b75600c77f5eff03,CONTENT_AND_PATHS,0,TRACKED_OR_MIXED,NOT_DETERMINABLE,Current checkout inspection,Rule-based discovery plus repository-wide rg/manual inspection.,Retained; no absence-of-reference inference used.,No deletion decision based solely on Makefile absence.,Generated by test_ml_feature_pack::_new_base.,Repository documentation search considered.,NOT_ASSERTED,400d0d2187a6c9dc6d1d78cca2256cc5ff331dc4e8d0762acba70835c8132a6a;71f666f4af1aafb11e3808890295f1a95ec499f834ab093d113e93c394a1b831,KEEP_SOURCE_OF_RECORD,Tracked content is retained even when its name resembles a generated cache or runtime fixture.,NEVER_DELETE,Tracked repository content; restoration/reclassification requires a separate reviewed change.,Tracked content is retained even when its name resembles a generated cache or runtime fixture.
tests/fixtures/runtime_ml_feature_pack/fallbacks_e16d0bbec2f34d3ea7303a599cf9c49d,directory,3915,3,2d7886e872a641e12d9eab1cff90d15ff0bd71c9b38e2f24edceb5a44f3b813a,CONTENT_AND_PATHS,0,TRACKED_OR_MIXED,NOT_DETERMINABLE,Current checkout inspection,Rule-based discovery plus repository-wide rg/manual inspection.,Retained; no absence-of-reference inference used.,No deletion decision based solely on Makefile absence.,Generated by test_ml_feature_pack::_new_base.,Repository documentation search considered.,NOT_ASSERTED,400d0d2187a6c9dc6d1d78cca2256cc5ff331dc4e8d0762acba70835c8132a6a;71f666f4af1aafb11e3808890295f1a95ec499f834ab093d113e93c394a1b831,KEEP_SOURCE_OF_RECORD,Tracked content is retained even when its name resembles a generated cache or runtime fixture.,NEVER_DELETE,Tracked repository content; restoration/reclassification requires a separate reviewed change.,Tracked content is retained even when its name resembles a generated cache or runtime fixture.
tests/fixtures/runtime_ml_feature_pack/fallbacks_e8f76e39cf1844228fc25d00c7fbe4a5,directory,3915,3,ccfa98a7040c7fb395195db442ae149fbf6c3c96a21d980e07c2baf9b9eb856e,CONTENT_AND_PATHS,0,TRACKED_OR_MIXED,NOT_DETERMINABLE,Current checkout inspection,Rule-based discovery plus repository-wide rg/manual inspection.,Retained; no absence-of-reference inference used.,No deletion decision based solely on Makefile absence.,Generated by test_ml_feature_pack::_new_base.,Repository documentation search considered.,NOT_ASSERTED,400d0d2187a6c9dc6d1d78cca2256cc5ff331dc4e8d0762acba70835c8132a6a;71f666f4af1aafb11e3808890295f1a95ec499f834ab093d113e93c394a1b831,KEEP_SOURCE_OF_RECORD,Tracked content is retained even when its name resembles a generated cache or runtime fixture.,NEVER_DELETE,Tracked repository content; restoration/reclassification requires a separate reviewed change.,Tracked content is retained even when its name resembles a generated cache or runtime fixture.
tests/fixtures/runtime_ml_feature_pack/fallbacks_f9b061daef0a4927b494a94c2e337d54,directory,3915,3,e48ced6ef427e2b24c374066e239936c5c002fbcb00455d0edf411064e295f2c,CONTENT_AND_PATHS,0,TRACKED_OR_MIXED,NOT_DETERMINABLE,Current checkout inspection,Rule-based discovery plus repository-wide rg/manual inspection.,Retained; no absence-of-reference inference used.,No deletion decision based solely on Makefile absence.,Generated by test_ml_feature_pack::_new_base.,Repository documentation search considered.,NOT_ASSERTED,400d0d2187a6c9dc6d1d78cca2256cc5ff331dc4e8d0762acba70835c8132a6a;71f666f4af1aafb11e3808890295f1a95ec499f834ab093d113e93c394a1b831,KEEP_SOURCE_OF_RECORD,Tracked content is retained even when its name resembles a generated cache or runtime fixture.,NEVER_DELETE,Tracked repository content; restoration/reclassification requires a separate reviewed change.,Tracked content is retained even when its name resembles a generated cache or runtime fixture.
tests/fixtures/runtime_ml_feature_pack/fallbacks_fd0f290e32af440683b36a2b9a470375,directory,3915,3,5ad95aea871fa2e24629058e401deec1b8e7d77d3f65437af1591b7cdf9b1418,CONTENT_AND_PATHS,0,TRACKED_OR_MIXED,NOT_DETERMINABLE,Current checkout inspection,Rule-based discovery plus repository-wide rg/manual inspection.,Retained; no absence-of-reference inference used.,No deletion decision based solely on Makefile absence.,Generated by test_ml_feature_pack::_new_base.,Repository documentation search considered.,NOT_ASSERTED,400d0d2187a6c9dc6d1d78cca2256cc5ff331dc4e8d0762acba70835c8132a6a;71f666f4af1aafb11e3808890295f1a95ec499f834ab093d113e93c394a1b831,KEEP_SOURCE_OF_RECORD,Tracked content is retained even when its name resembles a generated cache or runtime fixture.,NEVER_DELETE,Tracked repository content; restoration/reclassification requires a separate reviewed change.,Tracked content is retained even when its name resembles a generated cache or runtime fixture.
tests/fixtures/runtime_ml_feature_pack/fallbacks_fdb76504ebb24b53adc31101bd93f70b,directory,3915,3,419b1dd67034110f86e1a7e0b1590f6d5658141dbb52a07a7914c190b6222893,CONTENT_AND_PATHS,0,TRACKED_OR_MIXED,NOT_DETERMINABLE,Current checkout inspection,Rule-based discovery plus repository-wide rg/manual inspection.,Retained; no absence-of-reference inference used.,No deletion decision based solely on Makefile absence.,Generated by test_ml_feature_pack::_new_base.,Repository documentation search considered.,NOT_ASSERTED,400d0d2187a6c9dc6d1d78cca2256cc5ff331dc4e8d0762acba70835c8132a6a;71f666f4af1aafb11e3808890295f1a95ec499f834ab093d113e93c394a1b831,KEEP_SOURCE_OF_RECORD,Tracked content is retained even when its name resembles a generated cache or runtime fixture.,NEVER_DELETE,Tracked repository content; restoration/reclassification requires a separate reviewed change.,Tracked content is retained even when its name resembles a generated cache or runtime fixture.
tests/fixtures/runtime_ml_feature_pack/tier_mapping_035f1bb2973f493d874c2f7db33ec764,directory,7293,6,882aa4e445ede7fbd6ef4a5c9627c5f9e5665a3022cb9ed55d17b839a585cb6e,CONTENT_AND_PATHS,0,TRACKED_OR_MIXED,NOT_DETERMINABLE,Current checkout inspection,Rule-based discovery plus repository-wide rg/manual inspection.,Retained; no absence-of-reference inference used.,No deletion decision based solely on Makefile absence.,Generated by test_ml_feature_pack::_new_base.,Repository documentation search considered.,NOT_ASSERTED,400d0d2187a6c9dc6d1d78cca2256cc5ff331dc4e8d0762acba70835c8132a6a;401db1e5fabb4fe5342dd5d01bf5d05993a748ec104876e30b4ee7a930a555da;5f17c676a00a2d926ae4546d2763022704737a8cc09f7b8f283d17f74f23622a;71f666f4af1aafb11e3808890295f1a95ec499f834ab093d113e93c394a1b831,KEEP_SOURCE_OF_RECORD,Tracked content is retained even when its name resembles a generated cache or runtime fixture.,NEVER_DELETE,Tracked repository content; restoration/reclassification requires a separate reviewed change.,Tracked content is retained even when its name resembles a generated cache or runtime fixture.
tests/fixtures/runtime_ml_feature_pack/tier_mapping_06d979138d31401a85cf1e0372cad1e1,directory,7293,6,080dced3022df29938697f81a39e042fe1b5306f3134d3dd0b639b4e778df017,CONTENT_AND_PATHS,0,TRACKED_OR_MIXED,NOT_DETERMINABLE,Current checkout inspection,Rule-based discovery plus repository-wide rg/manual inspection.,Retained; no absence-of-reference inference used.,No deletion decision based solely on Makefile absence.,Generated by test_ml_feature_pack::_new_base.,Repository documentation search considered.,NOT_ASSERTED,400d0d2187a6c9dc6d1d78cca2256cc5ff331dc4e8d0762acba70835c8132a6a;401db1e5fabb4fe5342dd5d01bf5d05993a748ec104876e30b4ee7a930a555da;5f17c676a00a2d926ae4546d2763022704737a8cc09f7b8f283d17f74f23622a;71f666f4af1aafb11e3808890295f1a95ec499f834ab093d113e93c394a1b831,KEEP_SOURCE_OF_RECORD,Tracked content is retained even when its name resembles a generated cache or runtime fixture.,NEVER_DELETE,Tracked repository content; restoration/reclassification requires a separate reviewed change.,Tracked content is retained even when its name resembles a generated cache or runtime fixture.
tests/fixtures/runtime_ml_feature_pack/tier_mapping_19201026bb5c49dd99d86d93032b1b58,directory,7293,6,2fe9e4bda3bea1dc0b36677aa524bcd008c0b5187551f9233cec82e6877910bc,CONTENT_AND_PATHS,0,TRACKED_OR_MIXED,NOT_DETERMINABLE,Current checkout inspection,Rule-based discovery plus repository-wide rg/manual inspection.,Retained; no absence-of-reference inference used.,No deletion decision based solely on Makefile absence.,Generated by test_ml_feature_pack::_new_base.,Repository documentation search considered.,NOT_ASSERTED,400d0d2187a6c9dc6d1d78cca2256cc5ff331dc4e8d0762acba70835c8132a6a;401db1e5fabb4fe5342dd5d01bf5d05993a748ec104876e30b4ee7a930a555da;5f17c676a00a2d926ae4546d2763022704737a8cc09f7b8f283d17f74f23622a;71f666f4af1aafb11e3808890295f1a95ec499f834ab093d113e93c394a1b831,KEEP_SOURCE_OF_RECORD,Tracked content is retained even when its name resembles a generated cache or runtime fixture.,NEVER_DELETE,Tracked repository content; restoration/reclassification requires a separate reviewed change.,Tracked content is retained even when its name resembles a generated cache or runtime fixture.
tests/fixtures/runtime_ml_feature_pack/tier_mapping_3829885f571e4eb1bb4dd3ea8585afe9,directory,7293,6,7dba5ca0f79be4a253ab29d0857f598fd36ded04bf4b242c0d43f5d3736a87ae,CONTENT_AND_PATHS,0,TRACKED_OR_MIXED,NOT_DETERMINABLE,Current checkout inspection,Rule-based discovery plus repository-wide rg/manual inspection.,Retained; no absence-of-reference inference used.,No deletion decision based solely on Makefile absence.,Generated by test_ml_feature_pack::_new_base.,Repository documentation search considered.,NOT_ASSERTED,400d0d2187a6c9dc6d1d78cca2256cc5ff331dc4e8d0762acba70835c8132a6a;401db1e5fabb4fe5342dd5d01bf5d05993a748ec104876e30b4ee7a930a555da;5f17c676a00a2d926ae4546d2763022704737a8cc09f7b8f283d17f74f23622a;71f666f4af1aafb11e3808890295f1a95ec499f834ab093d113e93c394a1b831,KEEP_SOURCE_OF_RECORD,Tracked content is retained even when its name resembles a generated cache or runtime fixture.,NEVER_DELETE,Tracked repository content; restoration/reclassification requires a separate reviewed change.,Tracked content is retained even when its name resembles a generated cache or runtime fixture.
tests/fixtures/runtime_ml_feature_pack/tier_mapping_389b91153a6c47af94493c2dc5d4d48d,directory,7293,6,d50201532fe0a01cd6aa164a1c41a402438a11b9e29e5baf283e2e632083578f,CONTENT_AND_PATHS,0,TRACKED_OR_MIXED,NOT_DETERMINABLE,Current checkout inspection,Rule-based discovery plus repository-wide rg/manual inspection.,Retained; no absence-of-reference inference used.,No deletion decision based solely on Makefile absence.,Generated by test_ml_feature_pack::_new_base.,Repository documentation search considered.,NOT_ASSERTED,400d0d2187a6c9dc6d1d78cca2256cc5ff331dc4e8d0762acba70835c8132a6a;401db1e5fabb4fe5342dd5d01bf5d05993a748ec104876e30b4ee7a930a555da;5f17c676a00a2d926ae4546d2763022704737a8cc09f7b8f283d17f74f23622a;71f666f4af1aafb11e3808890295f1a95ec499f834ab093d113e93c394a1b831,KEEP_SOURCE_OF_RECORD,Tracked content is retained even when its name resembles a generated cache or runtime fixture.,NEVER_DELETE,Tracked repository content; restoration/reclassification requires a separate reviewed change.,Tracked content is retained even when its name resembles a generated cache or runtime fixture.
tests/fixtures/runtime_ml_feature_pack/tier_mapping_39b626feb63f4592a69c2f42fda3a5a3,directory,7293,6,8b68c3f097e2bf8ad5e60dfc226ce6dab039e9e7a6f39553e33c8e97618b4507,CONTENT_AND_PATHS,0,TRACKED_OR_MIXED,NOT_DETERMINABLE,Current checkout inspection,Rule-based discovery plus repository-wide rg/manual inspection.,Retained; no absence-of-reference inference used.,No deletion decision based solely on Makefile absence.,Generated by test_ml_feature_pack::_new_base.,Repository documentation search considered.,NOT_ASSERTED,400d0d2187a6c9dc6d1d78cca2256cc5ff331dc4e8d0762acba70835c8132a6a;401db1e5fabb4fe5342dd5d01bf5d05993a748ec104876e30b4ee7a930a555da;5f17c676a00a2d926ae4546d2763022704737a8cc09f7b8f283d17f74f23622a;71f666f4af1aafb11e3808890295f1a95ec499f834ab093d113e93c394a1b831,KEEP_SOURCE_OF_RECORD,Tracked content is retained even when its name resembles a generated cache or runtime fixture.,NEVER_DELETE,Tracked repository content; restoration/reclassification requires a separate reviewed change.,Tracked content is retained even when its name resembles a generated cache or runtime fixture.
tests/fixtures/runtime_ml_feature_pack/tier_mapping_5380be96662f463f9f1e468bb5b84b3f,directory,7293,6,b75a138a380bedcccb75ac4eb841cdbe80eb2050ac35045b9daf05daffdda10e,CONTENT_AND_PATHS,0,TRACKED_OR_MIXED,NOT_DETERMINABLE,Current checkout inspection,Rule-based discovery plus repository-wide rg/manual inspection.,Retained; no absence-of-reference inference used.,No deletion decision based solely on Makefile absence.,Generated by test_ml_feature_pack::_new_base.,Repository documentation search considered.,NOT_ASSERTED,400d0d2187a6c9dc6d1d78cca2256cc5ff331dc4e8d0762acba70835c8132a6a;401db1e5fabb4fe5342dd5d01bf5d05993a748ec104876e30b4ee7a930a555da;5f17c676a00a2d926ae4546d2763022704737a8cc09f7b8f283d17f74f23622a;71f666f4af1aafb11e3808890295f1a95ec499f834ab093d113e93c394a1b831,KEEP_SOURCE_OF_RECORD,Tracked content is retained even when its name resembles a generated cache or runtime fixture.,NEVER_DELETE,Tracked repository content; restoration/reclassification requires a separate reviewed change.,Tracked content is retained even when its name resembles a generated cache or runtime fixture.
tests/fixtures/runtime_ml_feature_pack/tier_mapping_542aff8ea0a946a1bd85ee7a40ebc653,directory,7293,6,7787fd23513bfb9c947a708549e0b06f8e4e0899c9b58d763caba401c4805be9,CONTENT_AND_PATHS,0,TRACKED_OR_MIXED,NOT_DETERMINABLE,Current checkout inspection,Rule-based discovery plus repository-wide rg/manual inspection.,Retained; no absence-of-reference inference used.,No deletion decision based solely on Makefile absence.,Generated by test_ml_feature_pack::_new_base.,Repository documentation search considered.,NOT_ASSERTED,400d0d2187a6c9dc6d1d78cca2256cc5ff331dc4e8d0762acba70835c8132a6a;401db1e5fabb4fe5342dd5d01bf5d05993a748ec104876e30b4ee7a930a555da;5f17c676a00a2d926ae4546d2763022704737a8cc09f7b8f283d17f74f23622a;71f666f4af1aafb11e3808890295f1a95ec499f834ab093d113e93c394a1b831,KEEP_SOURCE_OF_RECORD,Tracked content is retained even when its name resembles a generated cache or runtime fixture.,NEVER_DELETE,Tracked repository content; restoration/reclassification requires a separate reviewed change.,Tracked content is retained even when its name resembles a generated cache or runtime fixture.
tests/fixtures/runtime_ml_feature_pack/tier_mapping_581f9c2c283c45a99b65dfc9b90e918c,directory,7293,6,bf90e6d163ff1ba1e983312c2699ab353f8062dceaa1bbd934230661c95606d9,CONTENT_AND_PATHS,0,TRACKED_OR_MIXED,NOT_DETERMINABLE,Current checkout inspection,Rule-based discovery plus repository-wide rg/manual inspection.,Retained; no absence-of-reference inference used.,No deletion decision based solely on Makefile absence.,Generated by test_ml_feature_pack::_new_base.,Repository documentation search considered.,NOT_ASSERTED,400d0d2187a6c9dc6d1d78cca2256cc5ff331dc4e8d0762acba70835c8132a6a;401db1e5fabb4fe5342dd5d01bf5d05993a748ec104876e30b4ee7a930a555da;5f17c676a00a2d926ae4546d2763022704737a8cc09f7b8f283d17f74f23622a;71f666f4af1aafb11e3808890295f1a95ec499f834ab093d113e93c394a1b831,KEEP_SOURCE_OF_RECORD,Tracked content is retained even when its name resembles a generated cache or runtime fixture.,NEVER_DELETE,Tracked repository content; restoration/reclassification requires a separate reviewed change.,Tracked content is retained even when its name resembles a generated cache or runtime fixture.
tests/fixtures/runtime_ml_feature_pack/tier_mapping_5c94a0fe55ac44ccb6b9a56551208222,directory,7293,6,e1f8fb31e7a962f7673d13ad45a6b319144db5774cbee12432a9426b33b12af4,CONTENT_AND_PATHS,0,TRACKED_OR_MIXED,NOT_DETERMINABLE,Current checkout inspection,Rule-based discovery plus repository-wide rg/manual inspection.,Retained; no absence-of-reference inference used.,No deletion decision based solely on Makefile absence.,Generated by test_ml_feature_pack::_new_base.,Repository documentation search considered.,NOT_ASSERTED,400d0d2187a6c9dc6d1d78cca2256cc5ff331dc4e8d0762acba70835c8132a6a;401db1e5fabb4fe5342dd5d01bf5d05993a748ec104876e30b4ee7a930a555da;5f17c676a00a2d926ae4546d2763022704737a8cc09f7b8f283d17f74f23622a;71f666f4af1aafb11e3808890295f1a95ec499f834ab093d113e93c394a1b831,KEEP_SOURCE_OF_RECORD,Tracked content is retained even when its name resembles a generated cache or runtime fixture.,NEVER_DELETE,Tracked repository content; restoration/reclassification requires a separate reviewed change.,Tracked content is retained even when its name resembles a generated cache or runtime fixture.
tests/fixtures/runtime_ml_feature_pack/tier_mapping_5e635113c5434e76b66e295a96b5ee6c,directory,7293,6,acd2c93081e930f7fd278c347e2e6c654300a25f0b1a8d1f0e1c2014d65f52ec,CONTENT_AND_PATHS,0,TRACKED_OR_MIXED,NOT_DETERMINABLE,Current checkout inspection,Rule-based discovery plus repository-wide rg/manual inspection.,Retained; no absence-of-reference inference used.,No deletion decision based solely on Makefile absence.,Generated by test_ml_feature_pack::_new_base.,Repository documentation search considered.,NOT_ASSERTED,400d0d2187a6c9dc6d1d78cca2256cc5ff331dc4e8d0762acba70835c8132a6a;401db1e5fabb4fe5342dd5d01bf5d05993a748ec104876e30b4ee7a930a555da;5f17c676a00a2d926ae4546d2763022704737a8cc09f7b8f283d17f74f23622a;71f666f4af1aafb11e3808890295f1a95ec499f834ab093d113e93c394a1b831,KEEP_SOURCE_OF_RECORD,Tracked content is retained even when its name resembles a generated cache or runtime fixture.,NEVER_DELETE,Tracked repository content; restoration/reclassification requires a separate reviewed change.,Tracked content is retained even when its name resembles a generated cache or runtime fixture.
tests/fixtures/runtime_ml_feature_pack/tier_mapping_5fe7fc40dd1f4ee799e5fbc13d6c0829,directory,7293,6,8c588ea13f5fa4788b5d0ad802a27da354b3f1ef5ec1d364f728da21bd7e2273,CONTENT_AND_PATHS,0,TRACKED_OR_MIXED,NOT_DETERMINABLE,Current checkout inspection,Rule-based discovery plus repository-wide rg/manual inspection.,Retained; no absence-of-reference inference used.,No deletion decision based solely on Makefile absence.,Generated by test_ml_feature_pack::_new_base.,Repository documentation search considered.,NOT_ASSERTED,400d0d2187a6c9dc6d1d78cca2256cc5ff331dc4e8d0762acba70835c8132a6a;401db1e5fabb4fe5342dd5d01bf5d05993a748ec104876e30b4ee7a930a555da;5f17c676a00a2d926ae4546d2763022704737a8cc09f7b8f283d17f74f23622a;71f666f4af1aafb11e3808890295f1a95ec499f834ab093d113e93c394a1b831,KEEP_SOURCE_OF_RECORD,Tracked content is retained even when its name resembles a generated cache or runtime fixture.,NEVER_DELETE,Tracked repository content; restoration/reclassification requires a separate reviewed change.,Tracked content is retained even when its name resembles a generated cache or runtime fixture.
tests/fixtures/runtime_ml_feature_pack/tier_mapping_6209ffcebe3240118591a7c947ac85ff,directory,7293,6,b3a441b0294a3834dd8451b7edb7d6eac6b9da74b1f97ff4a6f91ab0301c0365,CONTENT_AND_PATHS,0,TRACKED_OR_MIXED,NOT_DETERMINABLE,Current checkout inspection,Rule-based discovery plus repository-wide rg/manual inspection.,Retained; no absence-of-reference inference used.,No deletion decision based solely on Makefile absence.,Generated by test_ml_feature_pack::_new_base.,Repository documentation search considered.,NOT_ASSERTED,400d0d2187a6c9dc6d1d78cca2256cc5ff331dc4e8d0762acba70835c8132a6a;401db1e5fabb4fe5342dd5d01bf5d05993a748ec104876e30b4ee7a930a555da;5f17c676a00a2d926ae4546d2763022704737a8cc09f7b8f283d17f74f23622a;71f666f4af1aafb11e3808890295f1a95ec499f834ab093d113e93c394a1b831,KEEP_SOURCE_OF_RECORD,Tracked content is retained even when its name resembles a generated cache or runtime fixture.,NEVER_DELETE,Tracked repository content; restoration/reclassification requires a separate reviewed change.,Tracked content is retained even when its name resembles a generated cache or runtime fixture.
tests/fixtures/runtime_ml_feature_pack/tier_mapping_62e08d5727d845dd9656b46a4d5db08e,directory,7293,6,b5d11fdf6efe4e2d340ac0b6c9330f23759dd58c545fe48dd6fa95dfaab04c03,CONTENT_AND_PATHS,0,TRACKED_OR_MIXED,NOT_DETERMINABLE,Current checkout inspection,Rule-based discovery plus repository-wide rg/manual inspection.,Retained; no absence-of-reference inference used.,No deletion decision based solely on Makefile absence.,Generated by test_ml_feature_pack::_new_base.,Repository documentation search considered.,NOT_ASSERTED,400d0d2187a6c9dc6d1d78cca2256cc5ff331dc4e8d0762acba70835c8132a6a;401db1e5fabb4fe5342dd5d01bf5d05993a748ec104876e30b4ee7a930a555da;5f17c676a00a2d926ae4546d2763022704737a8cc09f7b8f283d17f74f23622a;71f666f4af1aafb11e3808890295f1a95ec499f834ab093d113e93c394a1b831,KEEP_SOURCE_OF_RECORD,Tracked content is retained even when its name resembles a generated cache or runtime fixture.,NEVER_DELETE,Tracked repository content; restoration/reclassification requires a separate reviewed change.,Tracked content is retained even when its name resembles a generated cache or runtime fixture.
tests/fixtures/runtime_ml_feature_pack/tier_mapping_65af0ced46eb43fdbc3565e9ecd15d68,directory,7293,6,6303b529f591ef9046119ead149f3b86de950976724fe558b7abacf7393779b1,CONTENT_AND_PATHS,0,TRACKED_OR_MIXED,NOT_DETERMINABLE,Current checkout inspection,Rule-based discovery plus repository-wide rg/manual inspection.,Retained; no absence-of-reference inference used.,No deletion decision based solely on Makefile absence.,Generated by test_ml_feature_pack::_new_base.,Repository documentation search considered.,NOT_ASSERTED,400d0d2187a6c9dc6d1d78cca2256cc5ff331dc4e8d0762acba70835c8132a6a;401db1e5fabb4fe5342dd5d01bf5d05993a748ec104876e30b4ee7a930a555da;5f17c676a00a2d926ae4546d2763022704737a8cc09f7b8f283d17f74f23622a;71f666f4af1aafb11e3808890295f1a95ec499f834ab093d113e93c394a1b831,KEEP_SOURCE_OF_RECORD,Tracked content is retained even when its name resembles a generated cache or runtime fixture.,NEVER_DELETE,Tracked repository content; restoration/reclassification requires a separate reviewed change.,Tracked content is retained even when its name resembles a generated cache or runtime fixture.
tests/fixtures/runtime_ml_feature_pack/tier_mapping_72c92bfbafb6433baf02c807f63f948a,directory,7293,6,b41f290b15bc718c6e7a19cf1518b0bc0d866053794d2fcd804150632dae7b65,CONTENT_AND_PATHS,0,TRACKED_OR_MIXED,NOT_DETERMINABLE,Current checkout inspection,Rule-based discovery plus repository-wide rg/manual inspection.,Retained; no absence-of-reference inference used.,No deletion decision based solely on Makefile absence.,Generated by test_ml_feature_pack::_new_base.,Repository documentation search considered.,NOT_ASSERTED,400d0d2187a6c9dc6d1d78cca2256cc5ff331dc4e8d0762acba70835c8132a6a;401db1e5fabb4fe5342dd5d01bf5d05993a748ec104876e30b4ee7a930a555da;5f17c676a00a2d926ae4546d2763022704737a8cc09f7b8f283d17f74f23622a;71f666f4af1aafb11e3808890295f1a95ec499f834ab093d113e93c394a1b831,KEEP_SOURCE_OF_RECORD,Tracked content is retained even when its name resembles a generated cache or runtime fixture.,NEVER_DELETE,Tracked repository content; restoration/reclassification requires a separate reviewed change.,Tracked content is retained even when its name resembles a generated cache or runtime fixture.
tests/fixtures/runtime_ml_feature_pack/tier_mapping_977ba41653a143cf8ec034bdd297a037,directory,7293,6,b3d03aca2f91c40ab969dd24cc2a2a1d18ad42c8109cdd4e7934bab593f4bdef,CONTENT_AND_PATHS,0,TRACKED_OR_MIXED,NOT_DETERMINABLE,Current checkout inspection,Rule-based discovery plus repository-wide rg/manual inspection.,Retained; no absence-of-reference inference used.,No deletion decision based solely on Makefile absence.,Generated by test_ml_feature_pack::_new_base.,Repository documentation search considered.,NOT_ASSERTED,400d0d2187a6c9dc6d1d78cca2256cc5ff331dc4e8d0762acba70835c8132a6a;401db1e5fabb4fe5342dd5d01bf5d05993a748ec104876e30b4ee7a930a555da;5f17c676a00a2d926ae4546d2763022704737a8cc09f7b8f283d17f74f23622a;71f666f4af1aafb11e3808890295f1a95ec499f834ab093d113e93c394a1b831,KEEP_SOURCE_OF_RECORD,Tracked content is retained even when its name resembles a generated cache or runtime fixture.,NEVER_DELETE,Tracked repository content; restoration/reclassification requires a separate reviewed change.,Tracked content is retained even when its name resembles a generated cache or runtime fixture.
tests/fixtures/runtime_ml_feature_pack/tier_mapping_97a9bbf947e4460eaa4e5e5ee262a347,directory,7293,6,fc641254310999b9bb29ec977a8971435cc2d66617ee105690b8a2aba609cb31,CONTENT_AND_PATHS,0,TRACKED_OR_MIXED,NOT_DETERMINABLE,Current checkout inspection,Rule-based discovery plus repository-wide rg/manual inspection.,Retained; no absence-of-reference inference used.,No deletion decision based solely on Makefile absence.,Generated by test_ml_feature_pack::_new_base.,Repository documentation search considered.,NOT_ASSERTED,400d0d2187a6c9dc6d1d78cca2256cc5ff331dc4e8d0762acba70835c8132a6a;401db1e5fabb4fe5342dd5d01bf5d05993a748ec104876e30b4ee7a930a555da;5f17c676a00a2d926ae4546d2763022704737a8cc09f7b8f283d17f74f23622a;71f666f4af1aafb11e3808890295f1a95ec499f834ab093d113e93c394a1b831,KEEP_SOURCE_OF_RECORD,Tracked content is retained even when its name resembles a generated cache or runtime fixture.,NEVER_DELETE,Tracked repository content; restoration/reclassification requires a separate reviewed change.,Tracked content is retained even when its name resembles a generated cache or runtime fixture.
tests/fixtures/runtime_ml_feature_pack/tier_mapping_99c18c59f7d3423d807ae876a011d80c,directory,7293,6,3565f9de8d7ec5fca9a54e4ef9f6ec9750f4a2a8751735110cc5a40f8b246375,CONTENT_AND_PATHS,0,TRACKED_OR_MIXED,NOT_DETERMINABLE,Current checkout inspection,Rule-based discovery plus repository-wide rg/manual inspection.,Retained; no absence-of-reference inference used.,No deletion decision based solely on Makefile absence.,Generated by test_ml_feature_pack::_new_base.,Repository documentation search considered.,NOT_ASSERTED,400d0d2187a6c9dc6d1d78cca2256cc5ff331dc4e8d0762acba70835c8132a6a;401db1e5fabb4fe5342dd5d01bf5d05993a748ec104876e30b4ee7a930a555da;5f17c676a00a2d926ae4546d2763022704737a8cc09f7b8f283d17f74f23622a;71f666f4af1aafb11e3808890295f1a95ec499f834ab093d113e93c394a1b831,KEEP_SOURCE_OF_RECORD,Tracked content is retained even when its name resembles a generated cache or runtime fixture.,NEVER_DELETE,Tracked repository content; restoration/reclassification requires a separate reviewed change.,Tracked content is retained even when its name resembles a generated cache or runtime fixture.
tests/fixtures/runtime_ml_feature_pack/tier_mapping_9d7c434e5dfd4511b8c98f5d3a76aed7,directory,7293,6,68231d95b4be3714ed04ded86aa39a2be6ec2d8bc70a71ed253c00eae53899be,CONTENT_AND_PATHS,0,TRACKED_OR_MIXED,NOT_DETERMINABLE,Current checkout inspection,Rule-based discovery plus repository-wide rg/manual inspection.,Retained; no absence-of-reference inference used.,No deletion decision based solely on Makefile absence.,Generated by test_ml_feature_pack::_new_base.,Repository documentation search considered.,NOT_ASSERTED,400d0d2187a6c9dc6d1d78cca2256cc5ff331dc4e8d0762acba70835c8132a6a;401db1e5fabb4fe5342dd5d01bf5d05993a748ec104876e30b4ee7a930a555da;5f17c676a00a2d926ae4546d2763022704737a8cc09f7b8f283d17f74f23622a;71f666f4af1aafb11e3808890295f1a95ec499f834ab093d113e93c394a1b831,KEEP_SOURCE_OF_RECORD,Tracked content is retained even when its name resembles a generated cache or runtime fixture.,NEVER_DELETE,Tracked repository content; restoration/reclassification requires a separate reviewed change.,Tracked content is retained even when its name resembles a generated cache or runtime fixture.
tests/fixtures/runtime_ml_feature_pack/tier_mapping_a48fc08c49f74aabb4e541952c5418d7,directory,7293,6,4c217779bcaab0df3f4baa9814cf182d634e09d5c95dcde1cf88163acf781c82,CONTENT_AND_PATHS,0,TRACKED_OR_MIXED,NOT_DETERMINABLE,Current checkout inspection,Rule-based discovery plus repository-wide rg/manual inspection.,Retained; no absence-of-reference inference used.,No deletion decision based solely on Makefile absence.,Generated by test_ml_feature_pack::_new_base.,Repository documentation search considered.,NOT_ASSERTED,400d0d2187a6c9dc6d1d78cca2256cc5ff331dc4e8d0762acba70835c8132a6a;401db1e5fabb4fe5342dd5d01bf5d05993a748ec104876e30b4ee7a930a555da;5f17c676a00a2d926ae4546d2763022704737a8cc09f7b8f283d17f74f23622a;71f666f4af1aafb11e3808890295f1a95ec499f834ab093d113e93c394a1b831,KEEP_SOURCE_OF_RECORD,Tracked content is retained even when its name resembles a generated cache or runtime fixture.,NEVER_DELETE,Tracked repository content; restoration/reclassification requires a separate reviewed change.,Tracked content is retained even when its name resembles a generated cache or runtime fixture.
tests/fixtures/runtime_ml_feature_pack/tier_mapping_aaef102c86374d9f877f614c7be328b9,directory,7293,6,6619e7c6921ac6bb39649980d00c4b957021e249d6191ce0213586c874cdfbcb,CONTENT_AND_PATHS,0,TRACKED_OR_MIXED,NOT_DETERMINABLE,Current checkout inspection,Rule-based discovery plus repository-wide rg/manual inspection.,Retained; no absence-of-reference inference used.,No deletion decision based solely on Makefile absence.,Generated by test_ml_feature_pack::_new_base.,Repository documentation search considered.,NOT_ASSERTED,400d0d2187a6c9dc6d1d78cca2256cc5ff331dc4e8d0762acba70835c8132a6a;401db1e5fabb4fe5342dd5d01bf5d05993a748ec104876e30b4ee7a930a555da;5f17c676a00a2d926ae4546d2763022704737a8cc09f7b8f283d17f74f23622a;71f666f4af1aafb11e3808890295f1a95ec499f834ab093d113e93c394a1b831,KEEP_SOURCE_OF_RECORD,Tracked content is retained even when its name resembles a generated cache or runtime fixture.,NEVER_DELETE,Tracked repository content; restoration/reclassification requires a separate reviewed change.,Tracked content is retained even when its name resembles a generated cache or runtime fixture.
tests/fixtures/runtime_ml_feature_pack/tier_mapping_af6717f96fe24b8ca9537537f1287885,directory,7293,6,69294823f26f5837a7634bd0981c82cbd6a54aed2969c19b105c2290594ce2f8,CONTENT_AND_PATHS,0,TRACKED_OR_MIXED,NOT_DETERMINABLE,Current checkout inspection,Rule-based discovery plus repository-wide rg/manual inspection.,Retained; no absence-of-reference inference used.,No deletion decision based solely on Makefile absence.,Generated by test_ml_feature_pack::_new_base.,Repository documentation search considered.,NOT_ASSERTED,400d0d2187a6c9dc6d1d78cca2256cc5ff331dc4e8d0762acba70835c8132a6a;401db1e5fabb4fe5342dd5d01bf5d05993a748ec104876e30b4ee7a930a555da;5f17c676a00a2d926ae4546d2763022704737a8cc09f7b8f283d17f74f23622a;71f666f4af1aafb11e3808890295f1a95ec499f834ab093d113e93c394a1b831,KEEP_SOURCE_OF_RECORD,Tracked content is retained even when its name resembles a generated cache or runtime fixture.,NEVER_DELETE,Tracked repository content; restoration/reclassification requires a separate reviewed change.,Tracked content is retained even when its name resembles a generated cache or runtime fixture.
tests/fixtures/runtime_ml_feature_pack/tier_mapping_b8a954645ba24bbeb3d7caa38371d330,directory,7293,6,c32f1be0270934e8eeb1c51603a6a2f996822f486411dd4dbcb6dbb40faa425b,CONTENT_AND_PATHS,0,TRACKED_OR_MIXED,NOT_DETERMINABLE,Current checkout inspection,Rule-based discovery plus repository-wide rg/manual inspection.,Retained; no absence-of-reference inference used.,No deletion decision based solely on Makefile absence.,Generated by test_ml_feature_pack::_new_base.,Repository documentation search considered.,NOT_ASSERTED,400d0d2187a6c9dc6d1d78cca2256cc5ff331dc4e8d0762acba70835c8132a6a;401db1e5fabb4fe5342dd5d01bf5d05993a748ec104876e30b4ee7a930a555da;5f17c676a00a2d926ae4546d2763022704737a8cc09f7b8f283d17f74f23622a;71f666f4af1aafb11e3808890295f1a95ec499f834ab093d113e93c394a1b831,KEEP_SOURCE_OF_RECORD,Tracked content is retained even when its name resembles a generated cache or runtime fixture.,NEVER_DELETE,Tracked repository content; restoration/reclassification requires a separate reviewed change.,Tracked content is retained even when its name resembles a generated cache or runtime fixture.
tests/fixtures/runtime_ml_feature_pack/tier_mapping_c0239011c7c749bb8f77862106f2ac56,directory,7293,6,887fe14f9ef22f7a407b380786ee79abacdf3e70ba4f9a18af00e38c12a8eb0c,CONTENT_AND_PATHS,0,TRACKED_OR_MIXED,NOT_DETERMINABLE,Current checkout inspection,Rule-based discovery plus repository-wide rg/manual inspection.,Retained; no absence-of-reference inference used.,No deletion decision based solely on Makefile absence.,Generated by test_ml_feature_pack::_new_base.,Repository documentation search considered.,NOT_ASSERTED,400d0d2187a6c9dc6d1d78cca2256cc5ff331dc4e8d0762acba70835c8132a6a;401db1e5fabb4fe5342dd5d01bf5d05993a748ec104876e30b4ee7a930a555da;5f17c676a00a2d926ae4546d2763022704737a8cc09f7b8f283d17f74f23622a;71f666f4af1aafb11e3808890295f1a95ec499f834ab093d113e93c394a1b831,KEEP_SOURCE_OF_RECORD,Tracked content is retained even when its name resembles a generated cache or runtime fixture.,NEVER_DELETE,Tracked repository content; restoration/reclassification requires a separate reviewed change.,Tracked content is retained even when its name resembles a generated cache or runtime fixture.
tests/fixtures/runtime_ml_feature_pack/tier_mapping_ce891e7222f041778f8d2158de09c932,directory,7293,6,e1a2d1eda5dcaef6ba36c9e52f31a4a5fab7adfc6f1136413f93cd499c69ae03,CONTENT_AND_PATHS,0,TRACKED_OR_MIXED,NOT_DETERMINABLE,Current checkout inspection,Rule-based discovery plus repository-wide rg/manual inspection.,Retained; no absence-of-reference inference used.,No deletion decision based solely on Makefile absence.,Generated by test_ml_feature_pack::_new_base.,Repository documentation search considered.,NOT_ASSERTED,400d0d2187a6c9dc6d1d78cca2256cc5ff331dc4e8d0762acba70835c8132a6a;401db1e5fabb4fe5342dd5d01bf5d05993a748ec104876e30b4ee7a930a555da;5f17c676a00a2d926ae4546d2763022704737a8cc09f7b8f283d17f74f23622a;71f666f4af1aafb11e3808890295f1a95ec499f834ab093d113e93c394a1b831,KEEP_SOURCE_OF_RECORD,Tracked content is retained even when its name resembles a generated cache or runtime fixture.,NEVER_DELETE,Tracked repository content; restoration/reclassification requires a separate reviewed change.,Tracked content is retained even when its name resembles a generated cache or runtime fixture.
tests/fixtures/runtime_ml_feature_pack/tier_mapping_d776b959f7d94af1a9a007a50f96e6a3,directory,7293,6,ac2a65edbdce475b7bf663e2def493660f535564cd3761a526d3ea22e3eecbb9,CONTENT_AND_PATHS,0,TRACKED_OR_MIXED,NOT_DETERMINABLE,Current checkout inspection,Rule-based discovery plus repository-wide rg/manual inspection.,Retained; no absence-of-reference inference used.,No deletion decision based solely on Makefile absence.,Generated by test_ml_feature_pack::_new_base.,Repository documentation search considered.,NOT_ASSERTED,400d0d2187a6c9dc6d1d78cca2256cc5ff331dc4e8d0762acba70835c8132a6a;401db1e5fabb4fe5342dd5d01bf5d05993a748ec104876e30b4ee7a930a555da;5f17c676a00a2d926ae4546d2763022704737a8cc09f7b8f283d17f74f23622a;71f666f4af1aafb11e3808890295f1a95ec499f834ab093d113e93c394a1b831,KEEP_SOURCE_OF_RECORD,Tracked content is retained even when its name resembles a generated cache or runtime fixture.,NEVER_DELETE,Tracked repository content; restoration/reclassification requires a separate reviewed change.,Tracked content is retained even when its name resembles a generated cache or runtime fixture.
tests/fixtures/runtime_ml_feature_pack/tier_mapping_ddf3eef6f7ae4de792200c28f286bd88,directory,7293,6,32a76c5d633bb990e1d09257aeb004e22dd8fa16b05a58985a8f373e67681d3d,CONTENT_AND_PATHS,0,TRACKED_OR_MIXED,NOT_DETERMINABLE,Current checkout inspection,Rule-based discovery plus repository-wide rg/manual inspection.,Retained; no absence-of-reference inference used.,No deletion decision based solely on Makefile absence.,Generated by test_ml_feature_pack::_new_base.,Repository documentation search considered.,NOT_ASSERTED,400d0d2187a6c9dc6d1d78cca2256cc5ff331dc4e8d0762acba70835c8132a6a;401db1e5fabb4fe5342dd5d01bf5d05993a748ec104876e30b4ee7a930a555da;5f17c676a00a2d926ae4546d2763022704737a8cc09f7b8f283d17f74f23622a;71f666f4af1aafb11e3808890295f1a95ec499f834ab093d113e93c394a1b831,KEEP_SOURCE_OF_RECORD,Tracked content is retained even when its name resembles a generated cache or runtime fixture.,NEVER_DELETE,Tracked repository content; restoration/reclassification requires a separate reviewed change.,Tracked content is retained even when its name resembles a generated cache or runtime fixture.
tests/fixtures/runtime_ml_feature_pack/tier_mapping_e9f22ef554ea46e09c65583101c41467,directory,7293,6,e30f087526f83fecfdf2335141ef6cee568bda594b76a179a2ee815e83367143,CONTENT_AND_PATHS,0,TRACKED_OR_MIXED,NOT_DETERMINABLE,Current checkout inspection,Rule-based discovery plus repository-wide rg/manual inspection.,Retained; no absence-of-reference inference used.,No deletion decision based solely on Makefile absence.,Generated by test_ml_feature_pack::_new_base.,Repository documentation search considered.,NOT_ASSERTED,400d0d2187a6c9dc6d1d78cca2256cc5ff331dc4e8d0762acba70835c8132a6a;401db1e5fabb4fe5342dd5d01bf5d05993a748ec104876e30b4ee7a930a555da;5f17c676a00a2d926ae4546d2763022704737a8cc09f7b8f283d17f74f23622a;71f666f4af1aafb11e3808890295f1a95ec499f834ab093d113e93c394a1b831,KEEP_SOURCE_OF_RECORD,Tracked content is retained even when its name resembles a generated cache or runtime fixture.,NEVER_DELETE,Tracked repository content; restoration/reclassification requires a separate reviewed change.,Tracked content is retained even when its name resembles a generated cache or runtime fixture.
tests/fixtures/runtime_ml_feature_pack/tier_mapping_f1843d149bf149e1a325edde70b9403f,directory,7293,6,a413fa375fbbeabe214770d63bd3be96bc6dd6890d691151a268371a33852bc9,CONTENT_AND_PATHS,0,TRACKED_OR_MIXED,NOT_DETERMINABLE,Current checkout inspection,Rule-based discovery plus repository-wide rg/manual inspection.,Retained; no absence-of-reference inference used.,No deletion decision based solely on Makefile absence.,Generated by test_ml_feature_pack::_new_base.,Repository documentation search considered.,NOT_ASSERTED,400d0d2187a6c9dc6d1d78cca2256cc5ff331dc4e8d0762acba70835c8132a6a;401db1e5fabb4fe5342dd5d01bf5d05993a748ec104876e30b4ee7a930a555da;5f17c676a00a2d926ae4546d2763022704737a8cc09f7b8f283d17f74f23622a;71f666f4af1aafb11e3808890295f1a95ec499f834ab093d113e93c394a1b831,KEEP_SOURCE_OF_RECORD,Tracked content is retained even when its name resembles a generated cache or runtime fixture.,NEVER_DELETE,Tracked repository content; restoration/reclassification requires a separate reviewed change.,Tracked content is retained even when its name resembles a generated cache or runtime fixture.
PracticalSRAMSimulator.exe,file,372808,1,5309c8210c0539bd6e02aab5c9b6b8b2a5c2dc44111c232f43378f1bb1156b8d,CONTENT_AND_PATHS,0,TRACKED,NOT_DETERMINABLE,Current checkout inspection,Rule-based discovery plus repository-wide rg/manual inspection.,Retained; no absence-of-reference inference used.,No deletion decision based solely on Makefile absence.,Tests inspected; protected/historical paths retained.,Repository documentation search considered.,NOT_ASSERTED,99fbb17b7a9bc4296d6a044e5edc496f131def71e532062b563a776ab31e06ef,KEEP_PROTECTED,Protected executable named by historical regression policy.,NEVER_DELETE,"make can rebuild, but historical policy requires byte restoration.",Protected executable named by historical regression policy.
campaigns/iscas_sustainability_extension/memory_compiler/gate3_attempt06_replacement_sram_backend_qualification,directory,576288656,306,90d06d0fd61dd8e0fbd2c3c4841b6765292c8fed9dd024545f9537159d690d31,CONTENT_AND_PATHS,0,UNTRACKED_OR_IGNORED,Historical campaign chronology,Current checkout inspection,Historical manifest/status cross-references retained.,Retained; no absence-of-reference inference used.,No deletion decision based solely on Makefile absence.,Tests inspected; protected/historical paths retained.,Historical/provenance documentation retained.,NOT_ASSERTED,06d28e0f9df736734666d1f881102a84824208db14f09af8bf17de54aaffdba0;0cb381ffde01c813b61b708ea1b1edb41e6d49a0851955352dc02978c80c00a5;14a3e1f7d6e23943ac03b3ceb8e0e29d7a972c062ada256aaa6480e3415234be;21c802e92d32d00f94c4d21ce5da1dca70e54278001a6329bbbde156d41e2d3b;23decde6ad582e9a9b1db7015dad9b116a20d4345065215ecf24699a952415ec;252ce3f2889b4d7d70cf54a66425b59ce13ba290e5c962cc8fc316252167e229;2a460ab1520d32226fe311c4d0bd2a3f2c4d3149092af23454c1cc469cc20aff;2d77ba20cf0fc239d05050f4d11d7800e8222593c1d685eb2fb39baad3cd5709;2ffc435049db99c8f13ced4ebef30499c90340f88138079ecc962a0e6c012882;35d7a68784f1b00a7d2f780ee352b587477add5ee95af8041ad6e93a805332e0;3cd990a6c001f49ebfb78eb66539cb3dbfbee2d6c5140f6e26f1ac5857c414fc;457f4501d1c2410a68df754e723af496c401b9bf93c5a1544083a4514ac2db40;4d3a565198706fb0803b660af817ce53dc2f5868cf10d507c07da790fcc0fbb9;5b1c16133a043379fe2547b8b4387265cfbea9b7492e1e21dc82afd9077d5567;65715f8c32f71c56559b50940aa42ea60ee84543d3de70b0b47c3ac95484cb7c;6c3bc4cad6c540d212b5608d0155eec2a59863c5550143d86a687cce3df0d4ae;6f54a4ac22de3aa493dcdd298a5fb6176fa24bb0fed9b65090c154db4dc384a1;7c1d86da04070ac84a8c5fc39e3bcf26d4cc603406184c0b7c79c79793028635;7f638d554d002015b71dd7c69598d57b26441b15dc9fa63de7956c374b8eb252;81769d697e955cba4b7ff0607d4680c3b10645f9fa92689dc4aad603b2433353;83b9951d04766eeb85d673794aefe8a3b540af1686222a1a5017cb62e27a31ad;8e99b4e8b016db0713029ebcae6b2cc2aedd9c2c49682e2f23521dd0b1a2085e;9271feac2f379dce89b052f3362f7b376249bd8535652937b2f3db114b32947b;931e4a16ea1bdd4b3a476fd5d5a917f9289989f4d7d909e4cda491344be98bc5;9c76c0b68059da049ee762ec2f47760170869b5d7b4368b7f74968aaf224ec86;9dde364de6decf0107e31422cb4c6073abd8a6265377098414d5193eb202a94b;9fcc3bf9da3c85a2d6355e3c4fbc7ceafa4a6fb3978907fb15bcffe00ff05348;a1637cd2ab4f7e63cdda4d2ae9cbb44d3dbbb922c1c6ad3a6df72e1539178588;a3456fcc6e4094165cf946e287e77a86735b5668192d41bfb69d5d9fc3a5a072;ac8c327bf6d8adc1ab513bcfc22ec5fe04dd46813536e8cea148eea7ec01db7a;afd1ebdc2d793eebe326e11b13c2c0d5644ff15900eb880580068dadea4e7e64;b1aecf549a589b285f2238dcba19654e3324da90232e98fa6bb5cee5a7f17a75;b53c11d143f08491f425d4e0d22f2211295f813996ae70ddcade03f1d522716b;b6d5e63d819133c617e96eaa12123b66a6b771ecbdaeb153b87f868d0e94abd5;b80277966a07ef0549eefc504668251ba6ca8d407d65b6d0d8372b56d7ab6e69;c27dfdc1e047efdc996dda3447aea42c8dc8ef5d44c8a74d3d3fdca4bd571743;c2c71558753e23ce5faba0e8dd50359a08335d6140470f9276b2a77e774e22fd;c4128409f65fd287c20c2fc53bb717ffbb5796fbe6c31ae4936e0c38bbd12bc8;c8cc1f37c13865b410010870b684d82b39272189c937f32e59701829d205471d;cae6cd12414443ac012a95e8f9bffa86660343173fe18c7e1917dd8ad2181e84;cf96541c3c448aa8e9e6bfc7393d8262f0449269cff4bac8ab46557dce0ed1f2;d5438192d5dc0bc4ea5974a6dec916b05b5c3480eea2ed0f89646812cc42a0c4;dc1a600c48a24a74d5eac593b7695267b5253d65d95180f5e151329134b7b1b7;e38b1f590237cf3f4f247268476991ab784c581d07d800e0f395e01c9d9971e8;e3b0c44298fc1c149afbf4c8996fb92427ae41e4649b934ca495991b7852b855;e44caee9c5f55e88d32d99cfa0f5f9dc3dae992535940978c81068a1d80e0bd0;e613559313fe36fd95f39398b0cc766aeed7dfe82c2256c80d0cbadb3d000695;e7b7de621dda190699f5d1554c8519257255d04a3401c3320b6c3a0d5770297d;e800b5681e8d8c2e263e6fafb0f58ddf7754e185193ac4d69543eb4a229d1fcb;e8b20a80f675169e67205f3840d555005995a2b67562ae8acaa2d18b07962c88;f2325fd09eb682f40ae7ea4cf6f14b4abcb72dc91fb8e3aa39c20a3dab389d43;fbfbabcf913efc229a7c11915f1f3e8487e3a53d931ebd618be2cd0991c97281,KEEP_HISTORICAL_EVIDENCE,Historical failed/diagnostic experiment establishes the scientific evidence chain.,NEVER_DELETE,Not treated as rebuildable; retain raw evidence and manifests.,Historical failed/diagnostic experiment establishes the scientific evidence chain.
campaigns/iscas_sustainability_extension/memory_compiler/gate3_attempt07_sram22_matched_physical_closure,directory,2532468005,1105,e1231976eb393b6a69cae61b55c930b35e9b60b796232b0f13c02dc709bf1d64,CONTENT_AND_PATHS,0,UNTRACKED_OR_IGNORED,Historical campaign chronology,Current checkout inspection,Historical manifest/status cross-references retained.,Retained; no absence-of-reference inference used.,No deletion decision based solely on Makefile absence.,Tests inspected; protected/historical paths retained.,Historical/provenance documentation retained.,NOT_ASSERTED,00d18e9d9925ee316613b13c6b499591a77dcc08ebeb7f5d44ef79842fc3a48f;0151f2f0a8d18d100762ce0df3f2b22bb62b96c867b246fbc8b616cc0e38ec22;0294de0d06d2b23d0f9a486054fbede0935886cde131f0efedc74a7c390bbb37;02fecccd61479701db19b4a1877d19e4331559adce01ac50c116968d11f0083c;042536c96f371309bb47752875e457bde224e4e4ee1548bfc493bf57e0fcdf32;04dc0bfafb99289391e187086d57954db0a5fd5b07c4469f560e393fc4cab597;05648606a92fe7890a77d3bf400b21755fe3b72a740c5af4281a13ce7afc63a0;06d28e0f9df736734666d1f881102a84824208db14f09af8bf17de54aaffdba0;0870974c0e50136d1938c2db02c457159a842ebe2b1242cb5b821abc0eced553;093cedaa651b8364f567b9b5aba93748aa053cde65f5fe1729201e82a7286439;0a735d547baa5b199bfd8db831759f6909a45b9b5f816efa98a7a2986fa2ad55;0a94edc50d3266a1cad4a10f333ed8f8e8a3cf54d382e2da097eafa450cd7402;0cb381ffde01c813b61b708ea1b1edb41e6d49a0851955352dc02978c80c00a5;0d1f2761f1189e916c7e3871fbf987169b54fdb4c8e70e4378e6bcb0d6845388;0dfaf182c8ec2be13c6839ad5ae3389e5cc9bb0121293fb985c60c773a938508;0e599c9c5d0e1c08025feb73d77534a18a76b9d64d33f7c5ef12a32633557706;0e5bcbfbf68dcca648a6837c360d90653938040d404481e3e9b93dcbfed5b1dd;1055cbbf4a4db2d8c80a670d6f2a58f4476e5d5c4746a92b86e11f08c5cb07cc;11af7bc6ffa8ebc32e34e2c629637a4bed58d3345d3b8dd2c68d58267e13a195;133b80d2d45e3bfc9b8b908fcb8209c3a3e198e4afefc4f09df133c7f76b0acb;13bb3828e15c7645e22bcc5070076a3660c1009dcee8224f159f413ef73fb7dd;169c90652611de06224cf480265007112de69c90a637c34add99d96db469b768;17cbdd1cefaf0c4b4e29bffcb43610fb42e3974e0be6d1439ce5d87f6c0c2169;1ba6905d58ec092bd0192e403a7175a171dedf514e717cebb9283d13d7e1e3a6;1bec95e4ee9c16c614ead0d5f59d6a940c5a68b657dbc7988c2a94801d2ff9cd;1bfbefa5304a35d6d52269d52a33905f961d1fe4454ace31b714fa944f7259c7;1d66d22b10f2da4d658353b0756c602766efbf7cf267751d568405dcbe1d0cab;1e166834e52f31bc0441e8525b7e10ccc801110a726929ad155e17a7a62fe051;1e442fe82b7cb49ade9cf859e44619fc9ebaa080509de9cf303324626c485844;1f4a773b0ed268cb71420d53f4d6dbd273568df66524df9171870b9f7aff119a;21c802e92d32d00f94c4d21ce5da1dca70e54278001a6329bbbde156d41e2d3b;222ad4455d3847ed4bfdb022bf3bff934fdb86092b394723e3119e1f243f7b5e;22c66698a42da24c62937d637426ed7504338e971bf3b5862cf54b790deb77be;23decde6ad582e9a9b1db7015dad9b116a20d4345065215ecf24699a952415ec;25efcac42b4250b21f26e8478b5f08102dd7a317ac885af851c7bf57787d5845;276354749efa5c0b2380de806b1aa657a4a09c6b10d848b1d9230638d004175e;29246aea693237fbf3600057a2a49c1e1a7004b359f29ddc679e7f0a343ed881;29a5210ffdce918dd4bc44541a396d1ad4c49b48bf598670e8fd8e16d0bd7231;2a460ab1520d32226fe311c4d0bd2a3f2c4d3149092af23454c1cc469cc20aff;2a9a115a2f9afdf053fadf35e43564c259148c24c0a4661ee134bdd15bdb40f6;2c66bd8907008c684a53bfbf16873a403d12cb905f90cb9ef49163cf33380d60;2d77ba20cf0fc239d05050f4d11d7800e8222593c1d685eb2fb39baad3cd5709;2e131d293d96535e7293fa69c6f38948f99a4df197bb2cb92fc77401be7fc4c4;3036fb2b820ff73a7d3aebe0e86812cee87c6e154fb5f89d8cd0b7071f18e631;306cc9b07a98e9f83568d80b25a320043c9e8f97cde077eaa580a1f30626c287;30d609043b642ce8d2eb078b0198b0c68c482f9aba9eb0daa207c34e2406a176;30eb9e31396baa46fc45b708db6495a3bec8bbdcd36f32e452254b262e5bfcee;314944eff4f1f5450441f910227dc24727c787460ecf0fd3026131782220e290;32b74fa0729b0143c395d9a1e0ea3ea3f4880b396914caf04fc404281e747796;33f64fff04bd63ef90fad6e61458d33567f568d9999a1cc8c604e1cee44a17a6;35d7a68784f1b00a7d2f780ee352b587477add5ee95af8041ad6e93a805332e0;36170a1edf5cd623ea307887b8c3923492558a7c9bac600fddaae64ad95a4233;36d35936bb484f815dd557af599d34cf45a92b1bf44be971e2ccd3d087d40697;37f4038c81c19414283daed2ba86741ccf432fee08d22b129fd3856e24bb0c11;3845f44bc5f2bbfab3f1ccecc9e648e2aeb6b703f7f94039581725d835d2b657;38d18385057e50cd8d7f8818b694b6e756cc5c164343f91c56e6d51078aed576;3954064de32f3281d82dc92c85161464c65053e1fb235ac64e96e1dc4a65dbb3;3b240ca0abc6012f8f282cd8c8769ad421f7a1668b4aba6c91c130ff8cc2cdcc;3b86e3d90ea19dd5afabc76adef5aa8de06cc7cc182c83a82b4b8aed11d4bc3f;3c422dbbddab55e8e2ae141b571e60e63f4ecd87ac409d64b59cc184f21aadcf;3c5b2eea599ac6a02ba4fc87b55ca937bbdee5976748335b43879f7a413462af;3cd990a6c001f49ebfb78eb66539cb3dbfbee2d6c5140f6e26f1ac5857c414fc;3db0b1b6aff68c56499004697dda63ec0628339f524275a52cf8b970ca39447e;3e3187ea01fef46c95c4ad6c0d781f18fad7a107046d74a11601b98dd2dcfcec;3fd32ab416b07949d7c390ee52a7676171b734170ef5c6432a9b125147c71839;3ff28f9b1c9112e010e6281363f3c77da72275238fdbbe4baa782af43fc59d34;426e7746b3ae29c2cf268075627556dc1cb4235160d0b47444912306e7259132;42a7a9ad41e5a0af96656164ef69ee1baa407bcc725e6d2affb3ef9159b00a63;42c61c7aade7c7831a861f38b40b57f75a52e6dc99b9a74f48850eef50b14dd0;43580b20327cc561776c8bc379758bbdb71ffc018041cc1e532d74de99f8e6d9;43f149dddeae7c5eac6d6a080c6a86fc05005cdd32929ba0de20ee168ac4c06f;457f4501d1c2410a68df754e723af496c401b9bf93c5a1544083a4514ac2db40;45cd303a4ca8e7cfd0aedf237718bf67718a86e80f76e7b04977950751577e0f;46f05044ed404424c3ae29597282c85128a2270c0cacfa03f11d3ac82c620853;479fd11817bfbe547106aeeca48094501f9581029a4fc8c477ce23bf6db6b3fd;47ede55940758cbf6b6d70ffd33e09b1565adb06a4305684abd9cfe24d436e1b;4a5cd95aebfd2a1ab4ee724aa1953fdf02dc0151cbef57ab651b0a994744cfc5;4aab7b521a752e8281c3763231a2f6556d9d43f45474cc2fa617c4403c106598;4b7576b8a187ee5e984c6e7449537247bb76c106e8604e92e3076296c1533b30;4be05dc68ddeb45f9134d21518f8fa0927d0d48b9999e2588e81071be7407214;4cdf72c074c7cd8b27ac98d4f1c71086607cd81cca6b171afbe5d2eb64733f04;4d1aadc46c3e8abc9c3ee3ce9fe6f41df43cf313bab2dd11d5da2a33635065d4;4d3a565198706fb0803b660af817ce53dc2f5868cf10d507c07da790fcc0fbb9;4df9295047f9fec130811768e0f1ba69e6a0ca9c34836232bdb50606f65d17c5;4ec6c9b8cc8348c59d2cd9b0ea5c2def95c657c8db8e73a96189a14e698274d2;4f4019e6bc1bcfe95a5961137c4f24e5abac21b8b4295b187e3e6e2582d07e5a;50476c535b45a4ef3638df65c024cdf17f0b2e74be680f32029a028094da0f0e;509872bc14b3fa050b91970491e814ab0164a2af392aba4fbebeda36960d2b61;509fd20716edc2af7ddf1f6a848df859a17c38988f4808f3c6db4b3a41c1ec65;50f00330bb8ae64d6c54667b2b305c6daed7a7283e2a508c6f0c521882056df9;52b3f2578dd3d5a5d5d9395af2470275a66f7674c7fad245136ec916e8819bbe;52d3ca83f5b846196f39bdb87aea5accbdf4027f2f06711652986917da9734a5;538aa06cddfea6ebb8209620ba6765bffbf9c7e4a389bc870ebc15dcfbca43ec;5392e7df73cd21b6d42e48e5894d111216ad04fa247585803275463aad76bb04;54f022906a65e2ae15e3a8c1dab43af428b78164ef2431643bd23909c8516940;56ecb6b270ed5f9bb500cacf5fbf1ecb3dc47c348e54be5963e08110a241630a;5b1c16133a043379fe2547b8b4387265cfbea9b7492e1e21dc82afd9077d5567;5b232248546e1945ab5084b7f4850851bb62c6e54dc9c4fa00950e2a457590be;5b2c333843ab4aac47a6caf16b1b1ed18a8b37bae97d3ff738e27a2b3ccd08b7;5b68f347f22138e0675b17c631e236ba19712290ffcd2deca401aee0cfb6aaab;5bd12284773ee4f9a3794b52b7bae7cad9811a7f93bf77921ca71709df1a4770;5c4852a313c897c6a57e9e937422f0d9529dfa213823e67b93da761bf03936dd;5ce76d00061740a753db99c26254065bb299bbae8e97cf798e5e2bcc56c949a7;5d23c751eaa312dd1c52b18d9d0bbe9dfdcbfc1af62f0bbbc5607a275efd3348;5dabcc6981af968f7af2ee3357ec5d6779bcca98fed23aa063658f0c56ffb059;5ea890a3f4dbad8e5da6ee0e5964c58c11d8b20349b23e5a55890e9fb0f42868;5ef0cbe38bc6048be685f124228421cccb5ff1b404b295c7fd98fa8cc55a9fe4;5f4e3c0e99037ece5b9cb72a9c659c3dbc51ce330f95a8acd39f2d18cf487b35;5f9461c76178149129358cf702e28a70fd52f614e766dd3717bd3a470b26329f;5fc41c275d7306ac15d35a536590ab068d8d2f9fe3b6c98686334d242d42f234;5fcdfd4c2d8d66e3dd07de0a198af2ad14e2e7a2231ad6cb2d0e46d25eec2ac3;5ff61f8f0078ff417f3e04397309d868c05f349adfe3a27a6ff61dd62f851d58;61f7e3f11c6cf7ebec6812f7f3bd77d2f02413c1f9341f10ebe08299ea9acd03;630ff98c6ed0c4a28b689efbf121d8e3754a42571cdf30ef78722b198fa69c47;638b36ff3ab1ee31bb8e29b8d5ea064b5b36d1d7df7a3f2b96c52e305a31e036;63f228a47dc13f9c01865c2cc61e2b1d567dd22dfc690117dda6482829e9a48d;6783bd0a79e55f7208a076c0e0bd34c323735aac36ae13b55fb0e48546021519;6a00906fc1f8eea84c4f3c261f1c01b22c3de1d74b0bd35c1b80430c72b2ab3a;6b409f2dc410b5ab559b8cd1036e7579004985f7bdae6dfc4ee5cb7a19d4e27b;6bbb336659cef1e46fc43d7897f36cfcdf3e20f6a95b0d666a5a08ff1b4f0d7b;6c3bc4cad6c540d212b5608d0155eec2a59863c5550143d86a687cce3df0d4ae;6cf26f1b0929d013c55bc5fd7277db99021ce8bae584023aae6dd9fbe52c40f0;6d0458ba5d30e69adcffa1e025f0e794295466d1c4588e65667e248261e5df60;6d15109da9b890b29d1cea9c8d2f8ef744399c55500d5add0b1285202b7056e2;6d34fc6f03847bcacae3c0a3a6d82e385750390daf1749a7d96525175f5eab0e;6edb7a6526bb7f6a73098f7458a939377a61bec451c7bef04f8997ac83037875;6f402c599a83d9cadf7a441e5636449c03a4065ae22a07b20c35d96a800365e8;6f54a4ac22de3aa493dcdd298a5fb6176fa24bb0fed9b65090c154db4dc384a1;728767ecd1352891afa0ed29d24e63b617eb0b2d5a5e399b94aba5c62182e133;735b3ba22f4b6377b66fd9faeb7572ce3c53951a16be9cccfdbf9239c699c4cd;73eb3f5157a5154c3a21d7b17276f60f4f7316309b7cb781016b662c34713940;73ef3437fd6f22592703a0e3bd080300926d5be4d739da10aeee6da3e86a5a0a;7463cd942110e02d4b038ece877530199fd5c63fa4736fbbc0f1e30b59e5fae9;75352c34658d4ac5775d2d803346dc44be4e2864136fa3326002665d9b0c079e;76983637df2e87c4159cf982026555087784b36d2223d482fb6ffd359f0ee30e;76aeec256e8753bf4b697a608466f574bd0e914c767cdc5711ea06f2741f02e3;7ad5165a09fd5146380e756aacbba46710fffe6e73f9885c760e751269d0c485;7bf296e481269c034316d34910426f7d3b180797be77c965bc707619bc3d2dbb;7c2b5e97fea196c9dadcc76257a8f53c7f160454ffbe4db6d975a32f5bdea935;7dce749551c5bf0706fac6a8cd9b9fab3de405391d83885092b3017ac88d7815;7e87e6e41637871a158c89ddee9f8e9cba93aa2f67360803a3bce0c46fdfb6be;7ff38927d5c84c1e4ca6a41b811fe5285440e26e1eca698c539afac54c89517f;80d66c2ee93c2f09815c2b0028174c66e55353cdfac31e92dedcb7c8d3afd01c;81769d697e955cba4b7ff0607d4680c3b10645f9fa92689dc4aad603b2433353;83b9951d04766eeb85d673794aefe8a3b540af1686222a1a5017cb62e27a31ad;83f5c8e7849266a7acf2e683ca306d6f1547b73d413f7b3dc19287624bb5c968;841f31b45a6db2c5f456d19d840f6e32e196ea1fbff2454f268f8d7f9e3262e4;8541b19873737fc25f7805d14c90886970b4f4180b6ca131ce7a36be0177f987;8573d1da3ad640eb8febd05d5f2a61a5e24c64d74c583237af67b454e1c9ff7d;85f53984d240fa7d6bf065af673a682183094ed6a29d7f95ac092c2cc75a6763;8639147a6c8c659374bb9902ae792dd41d1b620febae5538a15bd27a1651ff5a;8b12764496ed71b36e11b094b871510bd7ac41ae159adb8188d6642b29227ffa;8b20f45ee3d877df079e08b9623578ee088c9332e4e7a11f0861ffc1297adc49;8ba326acaecdf6a4f9e6b2bf462374401ec1499d98184a1063434ac2c5f7f03c;8cc18756391d7f2c07c2f17198f25eeafe391c91fcde26a3d54b0ced7ed61e06;8e87a7681be9113f201179d0fc8661d0f929f19585ee9aed9ee8f3afcea04d5c;8e99b4e8b016db0713029ebcae6b2cc2aedd9c2c49682e2f23521dd0b1a2085e;90db8ba99880047f277844cef511ea59a9072f0c0ec89101342a14f37f9bfb31;914fcb6af5cfe68d43602553a9af8cf86985eb74b592ca51792ab4047101ebb5;9271feac2f379dce89b052f3362f7b376249bd8535652937b2f3db114b32947b;92b8f1b33154a6b76d19cd8a88159cd6c4c4a3b14f8e265cc27a64d2949535f5;931e4a16ea1bdd4b3a476fd5d5a917f9289989f4d7d909e4cda491344be98bc5;9614350731c2322bd7a4f1f9995fdc82673b362a6406aa0771aac488ebeb6c8e;96c8de135a58d745184032907f7142ebb5a26b15d5bb1dee9234ab20d69214e0;97053aba61291963e9167ee36930878235ae9149ce1a0cdbad727da8bd53040d;988aea1467a360816bff23692a8d770d468d9b9d4637a101af6e11145c9d0406;9a7b42dbee2f43d7c75540320a9c6f1f50ac7388940359afda1699a78a1c97d9;9be037cc7c32a3dd44d91bdf846a0db0dfc1805f6ed1167ddde8da08d4a90474;9cabf6b43810378176d986c2842812fd6ac83427bf471f2bc862e4e6c1c14540;9dde364de6decf0107e31422cb4c6073abd8a6265377098414d5193eb202a94b;9e635f9a1c35063134e1047b770ba9aeeb1969d875d5c99f4bb7810867ee0781;9e79f5050bdde39b3a35d166d96fe5d659890ef428e76526a6d63a92c2ee720d;9f71dabf02b3468cc4829b87ffb2b835c24e70f50f46584e382daa7329315a7d;9fa8764a6a11bac39e8bb9acc43c0e0a140cfc92fd824a96d3fa2db5ffe53d2a;9fcc3bf9da3c85a2d6355e3c4fbc7ceafa4a6fb3978907fb15bcffe00ff05348;a20a41c868200ab3867ba4e9031aa33d47b99ef5a43bb9b531da84d7e98f54ab;a25fe78e596eeef86793062dc6534117aabbede6d0ef6a1adf8d934cf876db84;a3456fcc6e4094165cf946e287e77a86735b5668192d41bfb69d5d9fc3a5a072;a397389d8098026bf0d60370bbc968de52523c03191338314e9b27c41e559332;a487c5dd2e73bf383d65f1b87c4e5218228d17642e7dac7343e4128a8c08c3d1;a6ecdc7455a210b2c09a076c30870de7ca5d6249cdbcce84d446e2263be77390;a73ddf11461c00073b05abb0404fa48f034ea9c3ecae0c2f0a266f18e8edb880;a88ca18658e0b284de9b355712222ee56cbfa10a67fa506bf1041d996398ca6b;a9650368e85e8ba0a756a0014abbdd1d97d29bbab96bb1b941d6ac50eecc235a;aa82a008c9f5d8bb5451b0c2716c595f36c199cf784480965b6a9399a9af47fe;aab30d1bcd21d4fe5648a337f97f36714b49a8ffe41dd99f13816a102f8adfca;ac864d859b6441f1ee56b874f4d002fba7a67805b92cb7599147a33689f61c17;acefb5cdf0034f1a3efdaac9b71971156736002761155f99d7170eb01c1884f6;addabd6d0dc9177e49cebcba68ea463fff74ab1eb3ee89f0c2ef8e60466cdde3;adffec740a865637562aadc12f988d153db384ba9aab1067b0054b811463f86d;ae7ddd8d0546b68443b44aee918b9eea60fffe18f3dfd04345ad4dd6366c9c10;afd1ebdc2d793eebe326e11b13c2c0d5644ff15900eb880580068dadea4e7e64;b1aecf549a589b285f2238dcba19654e3324da90232e98fa6bb5cee5a7f17a75;b1f5dc2d3c8d7d05c5c719a7742d02f8c8a79340fcc782cf3fbe5d5c1934333d;b39b460a495f73380e6289123506d57f2f424b93f28c3065c15c7a426644d513;b57d40ce12ac2cb232920089457018a72ce6ce7dc27f7a47dbfbd3b22f52d345;b69aa4309eba52d3048a10f07773eb31940aa5bf5f73db6291d10e9561d57e41;b6d5e63d819133c617e96eaa12123b66a6b771ecbdaeb153b87f868d0e94abd5;b702da30a9052fb348236a066b8ef8f1cf3ba9bdcc22cec22f2945505ab8d807;b78ef428cae86094b0139dea660a99547d6578821fa4a8f12b8f66072d1a80b4;b7a45cfccb7bd7e276d44f8589743f151e21d1701055b922ff9be1d78bcf635c;b8bb9acc3600e6b7a7c4d507d9d19cff925c9ee41e11287c6646eb256e0674cb;bb47962392abe82e658aa9e11b5a9b7b4f221d208d564c76e03191497d3e0f80;bbb515584f10f7943f18ada2b28ce92bb19ffa162df53d260410a1893b1874c9;bc486cd1a040c8b7726b046aff1a56c4bd3780d504b865c07808c7c2a7dd2a42;bd4b216cfac58652797e9bdabb24d4339852683b4879d22000d4c1309d452356;beee6eb8003a0bf912182f1f1349ab3eb099f301d00612a37596b9b84e6fcacd;c02855e2bf38eb199c30e9b0c138388390c59b944485a88133ecab197ae5195c;c02dc46d3ae6bcaba622e34927f273fb92180f1494c06588dad730aae23267b0;c12b9b16b67f463847793dd6cce61c3c416e88809a64a7a6830e2a01146727c9;c279437b356f307ed60fec4814aa518907ec1bdb9886376a513d40570ddfef76;c27dfdc1e047efdc996dda3447aea42c8dc8ef5d44c8a74d3d3fdca4bd571743;c2ab4c14d114528ae41cc7f30a25cd261dac87131b0614714a8b1b96c8a16bae;c2f49da966c83643df93f153b466ceb7e1e7dac6ac483f2b5d3d9e889e7eec64;c30f26d7aaa44b40cbc9ff378a7cb98dbcd32fe23e7ec2eda53a83711759024f;c34281e8f65de44be3782eedeb3a83583145b052fb043688247e5fd2707e96dc;c3d904c3cf210d12557924971497954e32f7fb1279c9f0d958e7aee8bccb71a5;c529e710cb5575d15cd582cb681872cc67c42e6b46d18831c671e0f78ccbdcaf;c5c929db85ebd734fd91c84e9cf0dedf626522da2d89faa2c782def488bc0b02;c654e5add7f5d09f5ce18cffa309f569574c39a3d2adfc0838c7e5a12a5689d5;c67a214e4883c67f5ccfb1183d867be36d8bdea1332f9eb6c2cbce27ed03fd89;c819d55502abd8b6e473bf23b90d37197ab6ff780452590094d21b75582a6a31;c842b6194ee17c402d52c23936b0c58d34071492707ea3347d5bd69bed53e67a;c8cc1f37c13865b410010870b684d82b39272189c937f32e59701829d205471d;c957c897b11bce6a8cf2c829d2f3db464ba7ef7285b41c66b02283e1acbfc943;ca7160c20bd7cc95b2570795c5eeea2177799b9e584db3b580fe32d9e1f804c7;cae6cd12414443ac012a95e8f9bffa86660343173fe18c7e1917dd8ad2181e84;cbdad43eb08e401bb1109600726e7a636226b48cee041790d7374a34bbd0bc80;cf910fa8a398cf335dd0ed9d7f0ccc361abf711ede906ce858ee7952644b786d;cf96541c3c448aa8e9e6bfc7393d8262f0449269cff4bac8ab46557dce0ed1f2;d253cccf8b48e62eb8c0e6d2c01968d2c2e22f839ea671a13365995ec56de362;d28d3cc7419eaaad75c826d4474f9f68019ac1ec3ebb5ed85a20468b73951952;d312d3f8518aeb26405fa30dbac6a6cec3d315bebdbaff62385d7096862900dc;d33e1a5a958d0502e928ca0e6184e7c150d39d66c1f7f36a5b7481b877977dca;d51ed9de7f20de1593e5c47f0627ae7947e481223378d96a95919def201e0b95;d5438192d5dc0bc4ea5974a6dec916b05b5c3480eea2ed0f89646812cc42a0c4;d5a40756a885d85d8e7805a4286b3b276f1704f2a127af6ca609a3fa621e5e51;d60fd66686eebce333eb4c7494e013c3ab70a4cdbe261c0983740765ac362344;d6e7e7b51ba0ef1b1a7999c14f73cd1b1a02fc599a70959110625941160c8fd3;d6f77f94b5349f1d809caf9e0e7a8cffaf473025e435fec2ce7096adaadbd0b8;d75456937e645b05521fe3ba40680094da85d6cb7c67039ac115f185e0079267;d77470bc389d8a24bc1f4dd9f8529bcdd55e8546a7317554edb783e91273e8c8;d98dff3b58f7b1b07339036fd3a721c6fe491565f0180c5ba92ab5f56171df5f;d9eb7fe0cd6c8c10a366370e539f0c6a464c2019c9f4d4e9083679b1a38da3ad;dc1a600c48a24a74d5eac593b7695267b5253d65d95180f5e151329134b7b1b7;dc76dc39fafbb9869746e35d7fb5525ca601de2a0f304a85f9a84717eabe8bdb;dca848451b143763bb25a61442dca84b9203f4a4dd7387f254c6062d439e2b6f;dfaf27df027db5db418f783f05b0194273671b416ab362d595738deeed401562;e0260245adbd84c576c712de16609c340d41c621a0d4bb1fa38f444a66afc941;e269769318029b375e1e4cd1761d94b04478f9b9b6b7e266a4f3d4689ccb730e;e282d1f46afbb4475fd8c13338ecac7ac1d71a1f31754e3e079687e71149d426;e2893de3edeea93f294882fe4fe16a9cdb9b77fc088aa22fd3e811b3c1b94699;e38b1f590237cf3f4f247268476991ab784c581d07d800e0f395e01c9d9971e8;e3b0c44298fc1c149afbf4c8996fb92427ae41e4649b934ca495991b7852b855;e4a9574b1123496bbaf630d16ef734c276be61638e70d72c90c43c0ec6305aa2;e58a7aa37b0eb08a7d550be29d3dc946dce9fa2d89778fbeabd2964ea81f2a20;e59ee733bc155b9c060bf0d37e4fbbbfa091962bdef9c2f46b75dfd1ff825539;e613559313fe36fd95f39398b0cc766aeed7dfe82c2256c80d0cbadb3d000695;e65dfd3ebfea391d608eadea937a2de4aefb7ec2ea4348d391d5422d0f4334b4;e72f79c4f9b6aeef85893a2aef1f6722e4e5f35dc5ba213c94d692369686ad66;e7b7de621dda190699f5d1554c8519257255d04a3401c3320b6c3a0d5770297d;e800b5681e8d8c2e263e6fafb0f58ddf7754e185193ac4d69543eb4a229d1fcb;e8b20a80f675169e67205f3840d555005995a2b67562ae8acaa2d18b07962c88;ea21fbdc4604d927e03f4035d2de98065e3ace2769f1d3f498d9a3cb5ff38211;ead7b32eeff4e699562929fef18aaad8a52171613e8005a6f2b02878a5ebc3ca;eb96d746b650e30339738bf9450076a63d89217aad95368c01ed82197663a669;ec016259f0042ddb29eefd15500bc64458cde795e93abc9f1a89b88b7d7d94ee;ed15a666271a0ee805d5644fb1745a9478ea8b8289c5dd49d3ca6ea3621a4931;ee2e42c6cfe75b1d81dddd1292c159164613b2aa445c6101210606e47b8a6149;eebc7ef6f68ce5f1f8e37cf6b2774cca3fa4b3e4ea227327c264b0503f97ad51;eee1bdf3dfc50d18a2befe938b6dcd341d01633fc50238ee0a211eafbd2aa31b;ef1789894f13f51bb7608e32dbba7546bff20ae600d089c291c481b4b3353286;efc79a032b9108a503d1856cfb80ef4cf80d35bd96fda48c4ba5904a4e504074;efc9c64f45727276d52d93ccc1ab38f137df4b4eb36f7e5a9578afbbd51bd52e;f0d28411e2c0e6fe0a7766b67644112f1aa8f1e8840ad8fdd56a1004d27714f5;f2325fd09eb682f40ae7ea4cf6f14b4abcb72dc91fb8e3aa39c20a3dab389d43;f2e1f73439d9b8c68fa38782ae9e8a0ff929dea7a8b7a40d7dcade2537cfa24e;f39976ac2e345a0415c297e86271d6815e4eafdd115913668b3531e7ffedff54;f3ed4c8622777de115225c8881ad05c2b74b131fe342bb9fcdf952be1b3416e0;f40078910f58bf4133ee2b160be320a9235545c9c42b792308d39f52f9cf52d1;f4d823074adef13bba5f8cc0564e37c4acf03952bba3411304aa5726180fe4e2;f5db044a99582ca217e3154abec0ae79a92366e1fbfeb1d451c52cd2cc7fa0bc;f62ddc02b278a5b808a1a0f027b4c0e02ad3a9871b0f02eefaaf7cf71d81295b;f6342c476c502caaff772df34cdcc554e9f515f8361d62fa49e5708673c3b1eb;f6cb4cba97530e8a4966185e141451b31a1e24695d38fb1f9d958abba8689e8d;f7e728721d502b2c436c2d1da5c8fd4076f492a40e4654c5f9255c46fabc2ae0;f88602d684981f29382d45ebf69025d2556d09b329784315183bcd8dcfde01ec;fafaddde25a10f5475c16f6aed08e71bf5d022d6d3993d77ade8958ea8ea9682;fbcb90efdc52e1aad97f19a81b24f6306302b98aefacc970885b02584c488007;fbfbabcf913efc229a7c11915f1f3e8487e3a53d931ebd618be2cd0991c97281;fe13d2512e4d9a1d040469ac7ca0d91688ba45d18522951a470b0ff1550fbbf0;ff9b024f43b3ab77c4acd770e80f354180a53f69a7fce0b0bc0ff5f04526e6b1,KEEP_HISTORICAL_EVIDENCE,Historical failed/diagnostic experiment establishes the scientific evidence chain.,NEVER_DELETE,Not treated as rebuildable; retain raw evidence and manifests.,Historical failed/diagnostic experiment establishes the scientific evidence chain.
campaigns/iscas_sustainability_extension/memory_compiler/gate3_attempt08_sram22_slew_provenance_and_drv_closure,directory,2546481691,1127,c5a28cc88004db60805bf6a1e8ec5d976dfaf0b3a2cb2a1e9e2d1707c8b43cf5,CONTENT_AND_PATHS,0,UNTRACKED_OR_IGNORED,Historical campaign chronology,Current checkout inspection,Historical manifest/status cross-references retained.,Retained; no absence-of-reference inference used.,No deletion decision based solely on Makefile absence.,Tests inspected; protected/historical paths retained.,Historical/provenance documentation retained.,NOT_ASSERTED,00d18e9d9925ee316613b13c6b499591a77dcc08ebeb7f5d44ef79842fc3a48f;0151f2f0a8d18d100762ce0df3f2b22bb62b96c867b246fbc8b616cc0e38ec22;021a179ab2a8f46957281f102a329574f9893f8b9f3e7c78ce316f4cc62bffc1;0294de0d06d2b23d0f9a486054fbede0935886cde131f0efedc74a7c390bbb37;02fecccd61479701db19b4a1877d19e4331559adce01ac50c116968d11f0083c;03949fdbe93cbb47822167f455429d80f7db698caacf024a9cb95cba69e73512;042536c96f371309bb47752875e457bde224e4e4ee1548bfc493bf57e0fcdf32;04b4a8a2be213430a3b8f2ce4075cdc02bd9ab68b5db9a7e18e72617d9533a91;05648606a92fe7890a77d3bf400b21755fe3b72a740c5af4281a13ce7afc63a0;06d28e0f9df736734666d1f881102a84824208db14f09af8bf17de54aaffdba0;0870974c0e50136d1938c2db02c457159a842ebe2b1242cb5b821abc0eced553;08f5b05ab87d1259cd990f3328a7dc90734c339de2d4c6a5061af36813c13b17;093cedaa651b8364f567b9b5aba93748aa053cde65f5fe1729201e82a7286439;0a735d547baa5b199bfd8db831759f6909a45b9b5f816efa98a7a2986fa2ad55;0a94edc50d3266a1cad4a10f333ed8f8e8a3cf54d382e2da097eafa450cd7402;0c8e4f595c737868328d15da2c84f5821146872812f98d67867a52cde437a5e6;0cb381ffde01c813b61b708ea1b1edb41e6d49a0851955352dc02978c80c00a5;0de2699efe4828a99b335d724c9c60532716fa595627f8cea86ffaeb95a37fd8;0dfaf182c8ec2be13c6839ad5ae3389e5cc9bb0121293fb985c60c773a938508;0e599c9c5d0e1c08025feb73d77534a18a76b9d64d33f7c5ef12a32633557706;101771617d623cdddd613877bcb1f9aa2e0c451f272154fc736faff038d04e76;1055cbbf4a4db2d8c80a670d6f2a58f4476e5d5c4746a92b86e11f08c5cb07cc;11af7bc6ffa8ebc32e34e2c629637a4bed58d3345d3b8dd2c68d58267e13a195;133b80d2d45e3bfc9b8b908fcb8209c3a3e198e4afefc4f09df133c7f76b0acb;13bb3828e15c7645e22bcc5070076a3660c1009dcee8224f159f413ef73fb7dd;13bf7b3039c63bf5a50491fa3cfd8eb4e699d1ba1436315aef9cbe5711530354;169c90652611de06224cf480265007112de69c90a637c34add99d96db469b768;1705a6c0308b11b5e2f5a2eed0ab2087bce579af879c1d4e2bbabb255bbb5d18;1bec95e4ee9c16c614ead0d5f59d6a940c5a68b657dbc7988c2a94801d2ff9cd;1bfbefa5304a35d6d52269d52a33905f961d1fe4454ace31b714fa944f7259c7;1d66d22b10f2da4d658353b0756c602766efbf7cf267751d568405dcbe1d0cab;1e166834e52f31bc0441e8525b7e10ccc801110a726929ad155e17a7a62fe051;1e442fe82b7cb49ade9cf859e44619fc9ebaa080509de9cf303324626c485844;1ed7b24e429882040c79452b3ca491a718518c50eb7b83182873fc728a0f811b;21c802e92d32d00f94c4d21ce5da1dca70e54278001a6329bbbde156d41e2d3b;22c66698a42da24c62937d637426ed7504338e971bf3b5862cf54b790deb77be;23decde6ad582e9a9b1db7015dad9b116a20d4345065215ecf24699a952415ec;2490b9b7c55707d5c6f8141e2b6368d85b8b3cfb89787874bd65f94876aabb7f;276354749efa5c0b2380de806b1aa657a4a09c6b10d848b1d9230638d004175e;29a5210ffdce918dd4bc44541a396d1ad4c49b48bf598670e8fd8e16d0bd7231;2a460ab1520d32226fe311c4d0bd2a3f2c4d3149092af23454c1cc469cc20aff;2a9a115a2f9afdf053fadf35e43564c259148c24c0a4661ee134bdd15bdb40f6;2d77ba20cf0fc239d05050f4d11d7800e8222593c1d685eb2fb39baad3cd5709;2e131d293d96535e7293fa69c6f38948f99a4df197bb2cb92fc77401be7fc4c4;2fa90ea4d358a90b7201fe3b8d8feb3a2bec70728a3158da0921a45dd3c56e05;3036fb2b820ff73a7d3aebe0e86812cee87c6e154fb5f89d8cd0b7071f18e631;304778cf62ac5182d9fec289942c20b6b4dcc07c2638347ccda55c97d1f8c221;306cc9b07a98e9f83568d80b25a320043c9e8f97cde077eaa580a1f30626c287;30d609043b642ce8d2eb078b0198b0c68c482f9aba9eb0daa207c34e2406a176;3132e5a06d0b0c4b2fa5242a8ad1c4903cd013939362ed64fb8da5c681f2c7fb;3178e24562fcf1b4d47a7e2f3561f45b3a2fa6d7757361af585c2b6a3fd0d1cb;33f64fff04bd63ef90fad6e61458d33567f568d9999a1cc8c604e1cee44a17a6;35d7a68784f1b00a7d2f780ee352b587477add5ee95af8041ad6e93a805332e0;36170a1edf5cd623ea307887b8c3923492558a7c9bac600fddaae64ad95a4233;36d35936bb484f815dd557af599d34cf45a92b1bf44be971e2ccd3d087d40697;37f4038c81c19414283daed2ba86741ccf432fee08d22b129fd3856e24bb0c11;3b240ca0abc6012f8f282cd8c8769ad421f7a1668b4aba6c91c130ff8cc2cdcc;3c422dbbddab55e8e2ae141b571e60e63f4ecd87ac409d64b59cc184f21aadcf;3c5b2eea599ac6a02ba4fc87b55ca937bbdee5976748335b43879f7a413462af;3cd990a6c001f49ebfb78eb66539cb3dbfbee2d6c5140f6e26f1ac5857c414fc;3db0b1b6aff68c56499004697dda63ec0628339f524275a52cf8b970ca39447e;3ff28f9b1c9112e010e6281363f3c77da72275238fdbbe4baa782af43fc59d34;426e7746b3ae29c2cf268075627556dc1cb4235160d0b47444912306e7259132;42a7a9ad41e5a0af96656164ef69ee1baa407bcc725e6d2affb3ef9159b00a63;435022231cd801b60aaa73b9ce860de0b24064b1b2f05491574617504d1d52e3;438a6d37e6923245c3f58a45ce3101cc5068b544f23eb8aa92af5ba852a7b2e4;457b9454e9dfe3bd9cb0b7bf0a8a029689d871cc68b146b62d1364a39c215dce;457f4501d1c2410a68df754e723af496c401b9bf93c5a1544083a4514ac2db40;45cd303a4ca8e7cfd0aedf237718bf67718a86e80f76e7b04977950751577e0f;46f05044ed404424c3ae29597282c85128a2270c0cacfa03f11d3ac82c620853;47e5ae2e3d785019ae71de7384a40170a8391087746704a81eee39ea185ab1e1;4a5cd95aebfd2a1ab4ee724aa1953fdf02dc0151cbef57ab651b0a994744cfc5;4aab7b521a752e8281c3763231a2f6556d9d43f45474cc2fa617c4403c106598;4b6e05432628ca2086d463dcc05f42ad60828c49c8af0bdbc1ef908e50aecda9;4b7576b8a187ee5e984c6e7449537247bb76c106e8604e92e3076296c1533b30;4cdf72c074c7cd8b27ac98d4f1c71086607cd81cca6b171afbe5d2eb64733f04;4d1aadc46c3e8abc9c3ee3ce9fe6f41df43cf313bab2dd11d5da2a33635065d4;4d3a565198706fb0803b660af817ce53dc2f5868cf10d507c07da790fcc0fbb9;4df9295047f9fec130811768e0f1ba69e6a0ca9c34836232bdb50606f65d17c5;4ec6c9b8cc8348c59d2cd9b0ea5c2def95c657c8db8e73a96189a14e698274d2;4f4019e6bc1bcfe95a5961137c4f24e5abac21b8b4295b187e3e6e2582d07e5a;4f5469f990afa4ec24204e63e2fbf61bdc6aa340b9dc8db6c40c43a9ef4a1f0a;50476c535b45a4ef3638df65c024cdf17f0b2e74be680f32029a028094da0f0e;509872bc14b3fa050b91970491e814ab0164a2af392aba4fbebeda36960d2b61;50f00330bb8ae64d6c54667b2b305c6daed7a7283e2a508c6f0c521882056df9;538aa06cddfea6ebb8209620ba6765bffbf9c7e4a389bc870ebc15dcfbca43ec;5392e7df73cd21b6d42e48e5894d111216ad04fa247585803275463aad76bb04;54f022906a65e2ae15e3a8c1dab43af428b78164ef2431643bd23909c8516940;56ecb6b270ed5f9bb500cacf5fbf1ecb3dc47c348e54be5963e08110a241630a;5b1c16133a043379fe2547b8b4387265cfbea9b7492e1e21dc82afd9077d5567;5b232248546e1945ab5084b7f4850851bb62c6e54dc9c4fa00950e2a457590be;5b2c333843ab4aac47a6caf16b1b1ed18a8b37bae97d3ff738e27a2b3ccd08b7;5b68f347f22138e0675b17c631e236ba19712290ffcd2deca401aee0cfb6aaab;5b827f1dd25930d1c6455d37c9e65bff28a961449a41159b23dbe9b948090501;5bd12284773ee4f9a3794b52b7bae7cad9811a7f93bf77921ca71709df1a4770;5d23c751eaa312dd1c52b18d9d0bbe9dfdcbfc1af62f0bbbc5607a275efd3348;5d363d024eceff0ab3e56149f3e067effe56bfaa24795d234c2d4c9eebe50625;5dabcc6981af968f7af2ee3357ec5d6779bcca98fed23aa063658f0c56ffb059;5ea890a3f4dbad8e5da6ee0e5964c58c11d8b20349b23e5a55890e9fb0f42868;5ef0cbe38bc6048be685f124228421cccb5ff1b404b295c7fd98fa8cc55a9fe4;5f2d3177a2839718b3d0f6686031fc49d3a6d84d3115ef51052aad4686aec419;5f8e4f7ada9aa39a689f3b550a85b11c540c82add5b30e9529037506575e315c;5f9461c76178149129358cf702e28a70fd52f614e766dd3717bd3a470b26329f;5fc41c275d7306ac15d35a536590ab068d8d2f9fe3b6c98686334d242d42f234;5fcdfd4c2d8d66e3dd07de0a198af2ad14e2e7a2231ad6cb2d0e46d25eec2ac3;5ff61f8f0078ff417f3e04397309d868c05f349adfe3a27a6ff61dd62f851d58;6030816d6c1a5c811eb42ca82d87e77ca3abd83ff833f212552bf24a11c7147d;613c80477416c0140f9f85f35b76765fb99bce26ba4fb46d0360224f15c73d4a;638b36ff3ab1ee31bb8e29b8d5ea064b5b36d1d7df7a3f2b96c52e305a31e036;63f228a47dc13f9c01865c2cc61e2b1d567dd22dfc690117dda6482829e9a48d;6783bd0a79e55f7208a076c0e0bd34c323735aac36ae13b55fb0e48546021519;6ab96dc51af44f5272ea0d5cdf4493bd9856b4a6ca9b77c46a0467091f40e126;6b409f2dc410b5ab559b8cd1036e7579004985f7bdae6dfc4ee5cb7a19d4e27b;6d15109da9b890b29d1cea9c8d2f8ef744399c55500d5add0b1285202b7056e2;6edb7a6526bb7f6a73098f7458a939377a61bec451c7bef04f8997ac83037875;6f402c599a83d9cadf7a441e5636449c03a4065ae22a07b20c35d96a800365e8;6f54a4ac22de3aa493dcdd298a5fb6176fa24bb0fed9b65090c154db4dc384a1;71996f970057fa7b18953d9d8fbd7834b0354dd9b46d3fe77e78094f31aa22c9;728767ecd1352891afa0ed29d24e63b617eb0b2d5a5e399b94aba5c62182e133;735b3ba22f4b6377b66fd9faeb7572ce3c53951a16be9cccfdbf9239c699c4cd;73ef3437fd6f22592703a0e3bd080300926d5be4d739da10aeee6da3e86a5a0a;743adedebbedfb55f2e9e66249ff08ad723b22ca086e6bffcf1932d8cbd074fd;7463cd942110e02d4b038ece877530199fd5c63fa4736fbbc0f1e30b59e5fae9;75352c34658d4ac5775d2d803346dc44be4e2864136fa3326002665d9b0c079e;76983637df2e87c4159cf982026555087784b36d2223d482fb6ffd359f0ee30e;76aeec256e8753bf4b697a608466f574bd0e914c767cdc5711ea06f2741f02e3;7760626be61cd16b36fd40c8e1dfe718c8c508234917983d47099fa758740aee;77b1d0eb42dab3ca59a1cfe4b3c45f58e44a144dfa2b52ff374ae96e5a051792;7a72e09629a5c1d7954522c82053b25cc3da2c1c46d95e1ff928fc511365356b;7bf296e481269c034316d34910426f7d3b180797be77c965bc707619bc3d2dbb;7c2b5e97fea196c9dadcc76257a8f53c7f160454ffbe4db6d975a32f5bdea935;7e87e6e41637871a158c89ddee9f8e9cba93aa2f67360803a3bce0c46fdfb6be;7ff38927d5c84c1e4ca6a41b811fe5285440e26e1eca698c539afac54c89517f;80d66c2ee93c2f09815c2b0028174c66e55353cdfac31e92dedcb7c8d3afd01c;81769d697e955cba4b7ff0607d4680c3b10645f9fa92689dc4aad603b2433353;82fd7d893f570c69aea17cac310a797b0970623d6b2417364c2e51f7ac54d211;83b9951d04766eeb85d673794aefe8a3b540af1686222a1a5017cb62e27a31ad;83f5c8e7849266a7acf2e683ca306d6f1547b73d413f7b3dc19287624bb5c968;841f31b45a6db2c5f456d19d840f6e32e196ea1fbff2454f268f8d7f9e3262e4;84eedd511a14f1de62c62ed90ce690154ae6879c5cb72e7686f4a8deb2904e35;8541b19873737fc25f7805d14c90886970b4f4180b6ca131ce7a36be0177f987;8573d1da3ad640eb8febd05d5f2a61a5e24c64d74c583237af67b454e1c9ff7d;85f53984d240fa7d6bf065af673a682183094ed6a29d7f95ac092c2cc75a6763;8639147a6c8c659374bb9902ae792dd41d1b620febae5538a15bd27a1651ff5a;8b12764496ed71b36e11b094b871510bd7ac41ae159adb8188d6642b29227ffa;8b20f45ee3d877df079e08b9623578ee088c9332e4e7a11f0861ffc1297adc49;8b6181965b3c9e00c981ad73499c581e517ba2e3602defc6f42a73ed4ee4252d;8ba326acaecdf6a4f9e6b2bf462374401ec1499d98184a1063434ac2c5f7f03c;8cc18756391d7f2c07c2f17198f25eeafe391c91fcde26a3d54b0ced7ed61e06;8e87a7681be9113f201179d0fc8661d0f929f19585ee9aed9ee8f3afcea04d5c;8e99b4e8b016db0713029ebcae6b2cc2aedd9c2c49682e2f23521dd0b1a2085e;90db8ba99880047f277844cef511ea59a9072f0c0ec89101342a14f37f9bfb31;9271feac2f379dce89b052f3362f7b376249bd8535652937b2f3db114b32947b;92b8f1b33154a6b76d19cd8a88159cd6c4c4a3b14f8e265cc27a64d2949535f5;931e4a16ea1bdd4b3a476fd5d5a917f9289989f4d7d909e4cda491344be98bc5;94550a84acefddb14e5f898c90c5c85816ec31c20c787338dfdef69a3a0d393c;9614350731c2322bd7a4f1f9995fdc82673b362a6406aa0771aac488ebeb6c8e;96c8de135a58d745184032907f7142ebb5a26b15d5bb1dee9234ab20d69214e0;96f1fd997fb37d329dec86b1759fdec90bf1d2060b6a08ebe083316600c3cdf0;97053aba61291963e9167ee36930878235ae9149ce1a0cdbad727da8bd53040d;988aea1467a360816bff23692a8d770d468d9b9d4637a101af6e11145c9d0406;99fbb17b7a9bc4296d6a044e5edc496f131def71e532062b563a776ab31e06ef;9a7b42dbee2f43d7c75540320a9c6f1f50ac7388940359afda1699a78a1c97d9;9c41e4751553e368ec75d5946e3175875e47dd046cc1cac25e53420c4f1c9acf;9cabf6b43810378176d986c2842812fd6ac83427bf471f2bc862e4e6c1c14540;9dde364de6decf0107e31422cb4c6073abd8a6265377098414d5193eb202a94b;9f71dabf02b3468cc4829b87ffb2b835c24e70f50f46584e382daa7329315a7d;9fcc3bf9da3c85a2d6355e3c4fbc7ceafa4a6fb3978907fb15bcffe00ff05348;a1237912393db1af3c7b9e66f064da8012f5ef9db6811ee552e46a7bacc0a49e;a20a41c868200ab3867ba4e9031aa33d47b99ef5a43bb9b531da84d7e98f54ab;a25fe78e596eeef86793062dc6534117aabbede6d0ef6a1adf8d934cf876db84;a3456fcc6e4094165cf946e287e77a86735b5668192d41bfb69d5d9fc3a5a072;a397389d8098026bf0d60370bbc968de52523c03191338314e9b27c41e559332;a6ecdc7455a210b2c09a076c30870de7ca5d6249cdbcce84d446e2263be77390;a84bb52eb1a171410bfed4fc62b4c84f26fe2f9a4153884bf36d5c49faa7a225;a88ca18658e0b284de9b355712222ee56cbfa10a67fa506bf1041d996398ca6b;a9650368e85e8ba0a756a0014abbdd1d97d29bbab96bb1b941d6ac50eecc235a;aa82a008c9f5d8bb5451b0c2716c595f36c199cf784480965b6a9399a9af47fe;ac864d859b6441f1ee56b874f4d002fba7a67805b92cb7599147a33689f61c17;ac8c327bf6d8adc1ab513bcfc22ec5fe04dd46813536e8cea148eea7ec01db7a;acefb5cdf0034f1a3efdaac9b71971156736002761155f99d7170eb01c1884f6;adffec740a865637562aadc12f988d153db384ba9aab1067b0054b811463f86d;ae7ddd8d0546b68443b44aee918b9eea60fffe18f3dfd04345ad4dd6366c9c10;afd1ebdc2d793eebe326e11b13c2c0d5644ff15900eb880580068dadea4e7e64;b13d60fbf51a9aa86c9ec0edc300d032952108ec24fd04895bc9c75ad5ffac3e;b1866df790352e050f7f95730fbd8c0911773b116b6a76f487b3957361b1dca7;b1aecf549a589b285f2238dcba19654e3324da90232e98fa6bb5cee5a7f17a75;b1f5dc2d3c8d7d05c5c719a7742d02f8c8a79340fcc782cf3fbe5d5c1934333d;b39b460a495f73380e6289123506d57f2f424b93f28c3065c15c7a426644d513;b57d40ce12ac2cb232920089457018a72ce6ce7dc27f7a47dbfbd3b22f52d345;b6d5e63d819133c617e96eaa12123b66a6b771ecbdaeb153b87f868d0e94abd5;b78ef428cae86094b0139dea660a99547d6578821fa4a8f12b8f66072d1a80b4;b7a45cfccb7bd7e276d44f8589743f151e21d1701055b922ff9be1d78bcf635c;b8bb9acc3600e6b7a7c4d507d9d19cff925c9ee41e11287c6646eb256e0674cb;ba3ab167a328bd87e2a59bd1165af7d2dc9dd59ff1fb8c23daf7c48446824836;ba61437e8328faf376834700d71b4916ae43a73aacfb6f70f85ea61f00d9f5ec;bb47962392abe82e658aa9e11b5a9b7b4f221d208d564c76e03191497d3e0f80;bc486cd1a040c8b7726b046aff1a56c4bd3780d504b865c07808c7c2a7dd2a42;bd4b216cfac58652797e9bdabb24d4339852683b4879d22000d4c1309d452356;beee6eb8003a0bf912182f1f1349ab3eb099f301d00612a37596b9b84e6fcacd;c02855e2bf38eb199c30e9b0c138388390c59b944485a88133ecab197ae5195c;c02dc46d3ae6bcaba622e34927f273fb92180f1494c06588dad730aae23267b0;c067bee8e9b214dc4398a595369abf8b181a92ca92cdd99fad0daf48001166e1;c12b9b16b67f463847793dd6cce61c3c416e88809a64a7a6830e2a01146727c9;c1398a6ed0790808340577aa82234f4978f685a02a008e1c52963000b86a108e;c279437b356f307ed60fec4814aa518907ec1bdb9886376a513d40570ddfef76;c27dfdc1e047efdc996dda3447aea42c8dc8ef5d44c8a74d3d3fdca4bd571743;c2f49da966c83643df93f153b466ceb7e1e7dac6ac483f2b5d3d9e889e7eec64;c30f26d7aaa44b40cbc9ff378a7cb98dbcd32fe23e7ec2eda53a83711759024f;c34281e8f65de44be3782eedeb3a83583145b052fb043688247e5fd2707e96dc;c4af7d1808617e69f494f069a5aaecd18698f442b9bc05fd91d9d774be3e024c;c529e710cb5575d15cd582cb681872cc67c42e6b46d18831c671e0f78ccbdcaf;c5c929db85ebd734fd91c84e9cf0dedf626522da2d89faa2c782def488bc0b02;c654e5add7f5d09f5ce18cffa309f569574c39a3d2adfc0838c7e5a12a5689d5;c67a214e4883c67f5ccfb1183d867be36d8bdea1332f9eb6c2cbce27ed03fd89;c819d55502abd8b6e473bf23b90d37197ab6ff780452590094d21b75582a6a31;c842b6194ee17c402d52c23936b0c58d34071492707ea3347d5bd69bed53e67a;c8cc1f37c13865b410010870b684d82b39272189c937f32e59701829d205471d;c957c897b11bce6a8cf2c829d2f3db464ba7ef7285b41c66b02283e1acbfc943;ca18568a810f088ee793e5e37006999b4dff6b3b0e35bef6a5df6c30f9fd874f;cae6cd12414443ac012a95e8f9bffa86660343173fe18c7e1917dd8ad2181e84;cb29002a552aa5c7a674626e46e92ad52b115f37af5bc27605a20b98578c7b27;cbdad43eb08e401bb1109600726e7a636226b48cee041790d7374a34bbd0bc80;cc3200c996987fe650007b84b4d293bea3f037b74329867b39d2c093d9962c4f;cf910fa8a398cf335dd0ed9d7f0ccc361abf711ede906ce858ee7952644b786d;cf96541c3c448aa8e9e6bfc7393d8262f0449269cff4bac8ab46557dce0ed1f2;d0721cff854877e346b818a18f323743d8121429f214f2e77dc180bb81023e49;d312d3f8518aeb26405fa30dbac6a6cec3d315bebdbaff62385d7096862900dc;d33e1a5a958d0502e928ca0e6184e7c150d39d66c1f7f36a5b7481b877977dca;d3829d64833b75d37366884ce0b18080cf150eb72fcfde449a462e0a10186fa2;d51ed9de7f20de1593e5c47f0627ae7947e481223378d96a95919def201e0b95;d5438192d5dc0bc4ea5974a6dec916b05b5c3480eea2ed0f89646812cc42a0c4;d5a40756a885d85d8e7805a4286b3b276f1704f2a127af6ca609a3fa621e5e51;d60fd66686eebce333eb4c7494e013c3ab70a4cdbe261c0983740765ac362344;d6e7e7b51ba0ef1b1a7999c14f73cd1b1a02fc599a70959110625941160c8fd3;d6f77f94b5349f1d809caf9e0e7a8cffaf473025e435fec2ce7096adaadbd0b8;d75456937e645b05521fe3ba40680094da85d6cb7c67039ac115f185e0079267;d98dff3b58f7b1b07339036fd3a721c6fe491565f0180c5ba92ab5f56171df5f;d9eb7fe0cd6c8c10a366370e539f0c6a464c2019c9f4d4e9083679b1a38da3ad;dc1a600c48a24a74d5eac593b7695267b5253d65d95180f5e151329134b7b1b7;dc76dc39fafbb9869746e35d7fb5525ca601de2a0f304a85f9a84717eabe8bdb;dca848451b143763bb25a61442dca84b9203f4a4dd7387f254c6062d439e2b6f;ddc8dbf969850c2ea6853cdedfaa2f9a44ffa7bec892122d3e0ef6349b0bd8d3;dddedbbe658371e7f22f313f50594110466cf7e232667e80b7f44577b4dea85c;e0260245adbd84c576c712de16609c340d41c621a0d4bb1fa38f444a66afc941;e269769318029b375e1e4cd1761d94b04478f9b9b6b7e266a4f3d4689ccb730e;e282d1f46afbb4475fd8c13338ecac7ac1d71a1f31754e3e079687e71149d426;e2893de3edeea93f294882fe4fe16a9cdb9b77fc088aa22fd3e811b3c1b94699;e38b1f590237cf3f4f247268476991ab784c581d07d800e0f395e01c9d9971e8;e3b0c44298fc1c149afbf4c8996fb92427ae41e4649b934ca495991b7852b855;e58a7aa37b0eb08a7d550be29d3dc946dce9fa2d89778fbeabd2964ea81f2a20;e613559313fe36fd95f39398b0cc766aeed7dfe82c2256c80d0cbadb3d000695;e65dfd3ebfea391d608eadea937a2de4aefb7ec2ea4348d391d5422d0f4334b4;e72f79c4f9b6aeef85893a2aef1f6722e4e5f35dc5ba213c94d692369686ad66;e7b438eec4e06ff88517e076f910efde6726f4b7d8ad38a20f41c204694c7741;e7b7de621dda190699f5d1554c8519257255d04a3401c3320b6c3a0d5770297d;e800b5681e8d8c2e263e6fafb0f58ddf7754e185193ac4d69543eb4a229d1fcb;e8b20a80f675169e67205f3840d555005995a2b67562ae8acaa2d18b07962c88;e99ba206560d200d8f632e005d71f1b6721fbda2adbc47f3fb915d3d49bd671a;ea21fbdc4604d927e03f4035d2de98065e3ace2769f1d3f498d9a3cb5ff38211;ea657e9e47087cc4d3f64b9e60b384b1e6623d91b12cb1741ad758060b128d2d;ead7b32eeff4e699562929fef18aaad8a52171613e8005a6f2b02878a5ebc3ca;eb96d746b650e30339738bf9450076a63d89217aad95368c01ed82197663a669;ec016259f0042ddb29eefd15500bc64458cde795e93abc9f1a89b88b7d7d94ee;ec0e1067a35c8bf20b11e58d1e8ac53326067e4dac84a125cc1b917a3518d0d9;ee1071d18d6cefb50fedbe5ac78d1dec04ed694730a8f5add621726a3519eafa;ee2e42c6cfe75b1d81dddd1292c159164613b2aa445c6101210606e47b8a6149;ee98123161f040e135942a9e13500045e8a53fc4e906d3d196be3edbbdabc976;eebc7ef6f68ce5f1f8e37cf6b2774cca3fa4b3e4ea227327c264b0503f97ad51;ef1789894f13f51bb7608e32dbba7546bff20ae600d089c291c481b4b3353286;efc79a032b9108a503d1856cfb80ef4cf80d35bd96fda48c4ba5904a4e504074;efc9c64f45727276d52d93ccc1ab38f137df4b4eb36f7e5a9578afbbd51bd52e;f0be27e85c6cdc4854eca5f0bbd9a93c5777c207c07c1b2fe37a5418105a3879;f13a8a791bb02309642c517996a49cf4c33833a9ff3caada5320fe5d634b0d99;f17e95e453dd367ebd1fdb625bce2fc22dfcbba13c85ede70d3ed7a0ce729014;f1b2f662800122bed0ff255693df89c4487fbdcf453d3524a42d4ec20c3d9c04;f2325fd09eb682f40ae7ea4cf6f14b4abcb72dc91fb8e3aa39c20a3dab389d43;f2e1f73439d9b8c68fa38782ae9e8a0ff929dea7a8b7a40d7dcade2537cfa24e;f39976ac2e345a0415c297e86271d6815e4eafdd115913668b3531e7ffedff54;f3b196ed1440f8ef6b6bd122c2d11c44dd3c27c60874a43a4b237b54339a5eba;f3ed4c8622777de115225c8881ad05c2b74b131fe342bb9fcdf952be1b3416e0;f40078910f58bf4133ee2b160be320a9235545c9c42b792308d39f52f9cf52d1;f4d823074adef13bba5f8cc0564e37c4acf03952bba3411304aa5726180fe4e2;f5db750fb57a8ad3bc43edfe1953e99734eeb4b4f544fafba1914d93906ef2b7;f62ddc02b278a5b808a1a0f027b4c0e02ad3a9871b0f02eefaaf7cf71d81295b;f6342c476c502caaff772df34cdcc554e9f515f8361d62fa49e5708673c3b1eb;f6cb4cba97530e8a4966185e141451b31a1e24695d38fb1f9d958abba8689e8d;f7d6080e49ba36c06a014a01d69ff6acb641f8a4431b4bc894f14bf5f1e618b3;f7e728721d502b2c436c2d1da5c8fd4076f492a40e4654c5f9255c46fabc2ae0;f88602d684981f29382d45ebf69025d2556d09b329784315183bcd8dcfde01ec;f8d6cca55372892596f0f56e49ee36e1ef10b8028b47cf4e9a63fbd7a84c296c;f9c419c04bde2e2141b1b6a21f1eb481924e0d97c1aa2a399f62719ce77d647a;fafaddde25a10f5475c16f6aed08e71bf5d022d6d3993d77ade8958ea8ea9682;fbfbabcf913efc229a7c11915f1f3e8487e3a53d931ebd618be2cd0991c97281;fe13d2512e4d9a1d040469ac7ca0d91688ba45d18522951a470b0ff1550fbbf0;fef6ada72d5394f476ec14809fac8c999a54b6a815bdc1e73a0fec5c1f920734,KEEP_HISTORICAL_EVIDENCE,Historical failed/diagnostic experiment establishes the scientific evidence chain.,NEVER_DELETE,Not treated as rebuildable; retain raw evidence and manifests.,Historical failed/diagnostic experiment establishes the scientific evidence chain.
campaigns/iscas_sustainability_extension/memory_compiler/gate3_attempt09_sram22_residual_interface_drv_and_provenance_closure,directory,5132662262,2098,146242fee8690f23434198d0a1f6cd22267bbbf357461e797c75f4c614cc77ac,CONTENT_AND_PATHS,0,UNTRACKED_OR_IGNORED,Historical campaign chronology,Current checkout inspection,Historical manifest/status cross-references retained.,Retained; no absence-of-reference inference used.,No deletion decision based solely on Makefile absence.,Tests inspected; protected/historical paths retained.,Historical/provenance documentation retained.,NOT_ASSERTED,00d18e9d9925ee316613b13c6b499591a77dcc08ebeb7f5d44ef79842fc3a48f;00e3fa1d8ad21bce491067940467a1ff0daeee96492b7dd73131d3716115536b;0151f2f0a8d18d100762ce0df3f2b22bb62b96c867b246fbc8b616cc0e38ec22;0294de0d06d2b23d0f9a486054fbede0935886cde131f0efedc74a7c390bbb37;02fecccd61479701db19b4a1877d19e4331559adce01ac50c116968d11f0083c;042536c96f371309bb47752875e457bde224e4e4ee1548bfc493bf57e0fcdf32;05648606a92fe7890a77d3bf400b21755fe3b72a740c5af4281a13ce7afc63a0;05a3a242ced94eea0255c188ab6a6a8a2c8422ad7d6047283c656013e3e7089b;05d1b8d126c290e52294faf38c424cb597791913961b35809395f3a89df6c632;06d28e0f9df736734666d1f881102a84824208db14f09af8bf17de54aaffdba0;0870974c0e50136d1938c2db02c457159a842ebe2b1242cb5b821abc0eced553;093cedaa651b8364f567b9b5aba93748aa053cde65f5fe1729201e82a7286439;0a735d547baa5b199bfd8db831759f6909a45b9b5f816efa98a7a2986fa2ad55;0a94edc50d3266a1cad4a10f333ed8f8e8a3cf54d382e2da097eafa450cd7402;0cb381ffde01c813b61b708ea1b1edb41e6d49a0851955352dc02978c80c00a5;0dfaf182c8ec2be13c6839ad5ae3389e5cc9bb0121293fb985c60c773a938508;0e143e9ecb6eb7d25c0b0a56f53b474faaf701958469f6e42a2e11aa28e1c2f6;0e599c9c5d0e1c08025feb73d77534a18a76b9d64d33f7c5ef12a32633557706;1055cbbf4a4db2d8c80a670d6f2a58f4476e5d5c4746a92b86e11f08c5cb07cc;11af7bc6ffa8ebc32e34e2c629637a4bed58d3345d3b8dd2c68d58267e13a195;133b80d2d45e3bfc9b8b908fcb8209c3a3e198e4afefc4f09df133c7f76b0acb;13bb3828e15c7645e22bcc5070076a3660c1009dcee8224f159f413ef73fb7dd;1543ff6eb851a51491d9cd336bd7a3ff6baf4b21a7d92323ad4819436c637982;169c90652611de06224cf480265007112de69c90a637c34add99d96db469b768;16cad69f30df901e2aa910166e5e7350b6743072ef3975032ada21d36b756202;198466213a9a96c4c11ec51483e8b6670c677ae4220decb41f7d0c321732466e;199085df0d277fb11c5ee729b40b4f5e6314f5728d2bee7e2254f7bc4e3d8ba7;1a1933c989bee2ac2cfbf3bdcab62ab86dbbb3df208c1ff0a7a20ce10f5af5ad;1aef5f36a1c51bd3ff589da7b67ab33ee32897b22aaec4fbd6f5d0666ecf2beb;1b9b333b015838a2cc279eb83d819238d3d21953f7820ab55627b697788b9b22;1bc071144a63b7bf9bf02d0dee8a24130dd48815f566894ad5abff4d01b9a934;1bec95e4ee9c16c614ead0d5f59d6a940c5a68b657dbc7988c2a94801d2ff9cd;1bfbefa5304a35d6d52269d52a33905f961d1fe4454ace31b714fa944f7259c7;1d66d22b10f2da4d658353b0756c602766efbf7cf267751d568405dcbe1d0cab;1e166834e52f31bc0441e8525b7e10ccc801110a726929ad155e17a7a62fe051;1e442fe82b7cb49ade9cf859e44619fc9ebaa080509de9cf303324626c485844;21c802e92d32d00f94c4d21ce5da1dca70e54278001a6329bbbde156d41e2d3b;22c66698a42da24c62937d637426ed7504338e971bf3b5862cf54b790deb77be;22d40e2f63a12df02a580f7c825505544c9c35ebc254d55a54392183b0a807ea;23decde6ad582e9a9b1db7015dad9b116a20d4345065215ecf24699a952415ec;248d33c649109b936c43f21ae34f0685999da4ba8ed8c62cd3473396ee90c89a;2496777ae7a73f3f6b5ae748ae951a48547b09996aa79c3455e8a1d6088b6930;276354749efa5c0b2380de806b1aa657a4a09c6b10d848b1d9230638d004175e;29a5210ffdce918dd4bc44541a396d1ad4c49b48bf598670e8fd8e16d0bd7231;29b9e84a2c8d4f6fed7795b90600322f51bbaced414d0823cc3a044269dd9e52;2a460ab1520d32226fe311c4d0bd2a3f2c4d3149092af23454c1cc469cc20aff;2a9a115a2f9afdf053fadf35e43564c259148c24c0a4661ee134bdd15bdb40f6;2bda6e64740d15fe2496e7ffd92a050d0670f7270f5d58a8d79e4b7732a25f74;2d77ba20cf0fc239d05050f4d11d7800e8222593c1d685eb2fb39baad3cd5709;2d89e813d52e70a788894c99f574d821281094b8e167ccdb4fbf470e9c4f506b;2e131d293d96535e7293fa69c6f38948f99a4df197bb2cb92fc77401be7fc4c4;3036fb2b820ff73a7d3aebe0e86812cee87c6e154fb5f89d8cd0b7071f18e631;306cc9b07a98e9f83568d80b25a320043c9e8f97cde077eaa580a1f30626c287;30d609043b642ce8d2eb078b0198b0c68c482f9aba9eb0daa207c34e2406a176;33a83978988de79bcd3f8e8264ea7e0ce0209b173d36b272ff5a03e646433f0d;33eedbd4560acba7738a521db4b946f1e23085d8edd28a216cd31c699ac3c6b2;34c1428161b07f4494c01de04e24b6591842bf4008e9a1ad08717a23e76102d5;3562545faa49fb020d1f236d095a95ceb8a7eb2c5d6062892d119699b4064377;35d7a68784f1b00a7d2f780ee352b587477add5ee95af8041ad6e93a805332e0;36170a1edf5cd623ea307887b8c3923492558a7c9bac600fddaae64ad95a4233;36d35936bb484f815dd557af599d34cf45a92b1bf44be971e2ccd3d087d40697;37b75e9ecb639bad1cce2f45f408a185b71c7248db13a79236d0962ed4f1bf92;37f4038c81c19414283daed2ba86741ccf432fee08d22b129fd3856e24bb0c11;3b240ca0abc6012f8f282cd8c8769ad421f7a1668b4aba6c91c130ff8cc2cdcc;3c422dbbddab55e8e2ae141b571e60e63f4ecd87ac409d64b59cc184f21aadcf;3c5b2eea599ac6a02ba4fc87b55ca937bbdee5976748335b43879f7a413462af;3cd990a6c001f49ebfb78eb66539cb3dbfbee2d6c5140f6e26f1ac5857c414fc;3e87f29b19dcb3cf3b3308df6382e39794982105dfee00a234fe1c341980405e;3fb16f24301e7405396d72a3e98cbf0244035d09227378aec1d82731db851143;3ff28f9b1c9112e010e6281363f3c77da72275238fdbbe4baa782af43fc59d34;41155add2471a9feda2385c2bac8b6218f06aa9472e509ca8dd4282d14392a76;426e7746b3ae29c2cf268075627556dc1cb4235160d0b47444912306e7259132;42a7a9ad41e5a0af96656164ef69ee1baa407bcc725e6d2affb3ef9159b00a63;444df88ed2660093471ceb03dc2f47881fbcabda819ee7655ba84493e0f06fc1;457f4501d1c2410a68df754e723af496c401b9bf93c5a1544083a4514ac2db40;45cd303a4ca8e7cfd0aedf237718bf67718a86e80f76e7b04977950751577e0f;46f05044ed404424c3ae29597282c85128a2270c0cacfa03f11d3ac82c620853;4a5cd95aebfd2a1ab4ee724aa1953fdf02dc0151cbef57ab651b0a994744cfc5;4aab7b521a752e8281c3763231a2f6556d9d43f45474cc2fa617c4403c106598;4b7576b8a187ee5e984c6e7449537247bb76c106e8604e92e3076296c1533b30;4cdf72c074c7cd8b27ac98d4f1c71086607cd81cca6b171afbe5d2eb64733f04;4d1aadc46c3e8abc9c3ee3ce9fe6f41df43cf313bab2dd11d5da2a33635065d4;4d3a565198706fb0803b660af817ce53dc2f5868cf10d507c07da790fcc0fbb9;4d592f31b127d67cc3504d02807b7d71a4aba37e5bba4526702ee007ee31bdeb;4df9295047f9fec130811768e0f1ba69e6a0ca9c34836232bdb50606f65d17c5;4ec6c9b8cc8348c59d2cd9b0ea5c2def95c657c8db8e73a96189a14e698274d2;4f4019e6bc1bcfe95a5961137c4f24e5abac21b8b4295b187e3e6e2582d07e5a;50476c535b45a4ef3638df65c024cdf17f0b2e74be680f32029a028094da0f0e;5225e22b12f688525372dc991bd2681fd6bcf4866fcf8a0b2dbfd5e797dfaa22;538aa06cddfea6ebb8209620ba6765bffbf9c7e4a389bc870ebc15dcfbca43ec;538f6809bbf2c9212b316638eabc2eba98b2bce092b0ca1ded645b51b1ead22f;5391e47066c7e9ed8ec57287563b5b27201bf8acd63018462936fa0144d74e95;5392e7df73cd21b6d42e48e5894d111216ad04fa247585803275463aad76bb04;54f022906a65e2ae15e3a8c1dab43af428b78164ef2431643bd23909c8516940;566bbe89bb00dadd71699082bfed6020dbf20895abfc7ab39d87ded4065fe72c;56ecb6b270ed5f9bb500cacf5fbf1ecb3dc47c348e54be5963e08110a241630a;5a8c8385b83c96c0fa234c472517ab0d00016458c27c5fd5fc36cf44ced39f69;5b1c16133a043379fe2547b8b4387265cfbea9b7492e1e21dc82afd9077d5567;5b232248546e1945ab5084b7f4850851bb62c6e54dc9c4fa00950e2a457590be;5b2c333843ab4aac47a6caf16b1b1ed18a8b37bae97d3ff738e27a2b3ccd08b7;5b68f347f22138e0675b17c631e236ba19712290ffcd2deca401aee0cfb6aaab;5bd12284773ee4f9a3794b52b7bae7cad9811a7f93bf77921ca71709df1a4770;5d23c751eaa312dd1c52b18d9d0bbe9dfdcbfc1af62f0bbbc5607a275efd3348;5dabcc6981af968f7af2ee3357ec5d6779bcca98fed23aa063658f0c56ffb059;5ea890a3f4dbad8e5da6ee0e5964c58c11d8b20349b23e5a55890e9fb0f42868;5ef0cbe38bc6048be685f124228421cccb5ff1b404b295c7fd98fa8cc55a9fe4;5f48d79ba2c2da52a5f03612cf4969fc972281be3df90dbbbd777e25e0c34fdb;5f9461c76178149129358cf702e28a70fd52f614e766dd3717bd3a470b26329f;5fc41c275d7306ac15d35a536590ab068d8d2f9fe3b6c98686334d242d42f234;5fcdfd4c2d8d66e3dd07de0a198af2ad14e2e7a2231ad6cb2d0e46d25eec2ac3;5ff61f8f0078ff417f3e04397309d868c05f349adfe3a27a6ff61dd62f851d58;61966497208056a0b231fa3ecb97c60345ad7477342d4e4626c121c138237f0b;638b36ff3ab1ee31bb8e29b8d5ea064b5b36d1d7df7a3f2b96c52e305a31e036;63eace09b5d844a481a8a05ea815403f259411f53e84c89dc79b62d373d750d0;63f228a47dc13f9c01865c2cc61e2b1d567dd22dfc690117dda6482829e9a48d;65ed5fc926a93cbe87e12945d127e790f0140e2993644f8dbe5973a980fae0df;661fc8f0364e6ea1a42a76a95640866d83cfbf6ae78c50648dea645a8e2a38a5;66847c596b35f2f321da65862a6934927c807f203fbcf344dd97c785e5544fe1;668ede479e88481c605881ba3bbee7f4c9a19e0da17fbdb231516ff482ba7a49;6783bd0a79e55f7208a076c0e0bd34c323735aac36ae13b55fb0e48546021519;67e7ca0bfe33a8ce079f050fd33c7d36d476f6bf7591751e6d66a5c03351ebaa;6ae51b275a36fa0cabf61c2b0a50b0d7c85fc639a1b9518a0ec30224adbce359;6b409f2dc410b5ab559b8cd1036e7579004985f7bdae6dfc4ee5cb7a19d4e27b;6d15109da9b890b29d1cea9c8d2f8ef744399c55500d5add0b1285202b7056e2;6edb7a6526bb7f6a73098f7458a939377a61bec451c7bef04f8997ac83037875;6f402c599a83d9cadf7a441e5636449c03a4065ae22a07b20c35d96a800365e8;6f54a4ac22de3aa493dcdd298a5fb6176fa24bb0fed9b65090c154db4dc384a1;704203466180041c54e511795a9ae845ba938ae1c3cb02131a03f0c591fd30ae;71035034dce2da911fca163e8fc1d73f67784d7e3d0b6be51259bc4cc4789b95;71e3020b8a2acee949572534819d3d7b87b959f9a9f989794dfbb51508cd5a89;728767ecd1352891afa0ed29d24e63b617eb0b2d5a5e399b94aba5c62182e133;735b3ba22f4b6377b66fd9faeb7572ce3c53951a16be9cccfdbf9239c699c4cd;73ef3437fd6f22592703a0e3bd080300926d5be4d739da10aeee6da3e86a5a0a;7463cd942110e02d4b038ece877530199fd5c63fa4736fbbc0f1e30b59e5fae9;75352c34658d4ac5775d2d803346dc44be4e2864136fa3326002665d9b0c079e;75e49c21470ed8287ad5020e37fa16a711cac8fabed23037887b4b64b9752f15;76983637df2e87c4159cf982026555087784b36d2223d482fb6ffd359f0ee30e;76aeec256e8753bf4b697a608466f574bd0e914c767cdc5711ea06f2741f02e3;77b2065f55163e278d75ef86c9d8c5bbb2fd1ee5da99caf00d68888de3d6f64a;7851a7dcb9c95e1446813d3e2e184bacc4a05077a48b0c532d9c64e3c73d18a2;7ad41d2e2d04828dca42b34c101a57e07f90ac8f928afac52cc3f6149bd5479c;7b19d938b487f5da46af6bb7e58ca1177028798a670dc383d83eaa771e10ed0c;7bf296e481269c034316d34910426f7d3b180797be77c965bc707619bc3d2dbb;7c2b5e97fea196c9dadcc76257a8f53c7f160454ffbe4db6d975a32f5bdea935;7cd87e25e9d7871cbb26fd0bf008f3c5b021f4da880745d660ff4686b12cc67e;7d732430df3d41f8fe612406ab93482f01e3c728aa1568de086a6b5e789ce2de;7e87e6e41637871a158c89ddee9f8e9cba93aa2f67360803a3bce0c46fdfb6be;7fc87732442225f417ec76daa83935f513b48afb54eaf26ead6888701c30a4c4;80d1c6490dc5a24f75b8342bd3cfdc31e6f54f63b02dcde154c4d07394511ab5;80d66c2ee93c2f09815c2b0028174c66e55353cdfac31e92dedcb7c8d3afd01c;81769d697e955cba4b7ff0607d4680c3b10645f9fa92689dc4aad603b2433353;81b37104309d794167b56b8a6783ceccd5c6160365abaa76321dc3b5f8e0eccc;82512b9a28362df77967a41f053c5d7f208d0d0ed139c59d6e5750541537bd2d;8389af9a98eda1cf94a1ad1fe4bff7c1f43afed34d17346e493ef7f6aeed8669;83b9951d04766eeb85d673794aefe8a3b540af1686222a1a5017cb62e27a31ad;83f5c8e7849266a7acf2e683ca306d6f1547b73d413f7b3dc19287624bb5c968;841f31b45a6db2c5f456d19d840f6e32e196ea1fbff2454f268f8d7f9e3262e4;8541b19873737fc25f7805d14c90886970b4f4180b6ca131ce7a36be0177f987;8573d1da3ad640eb8febd05d5f2a61a5e24c64d74c583237af67b454e1c9ff7d;85f53984d240fa7d6bf065af673a682183094ed6a29d7f95ac092c2cc75a6763;861e57949cd29673995d676d8fc8c7010779e89e77cceb60fc7d5d478f034d79;8639147a6c8c659374bb9902ae792dd41d1b620febae5538a15bd27a1651ff5a;874f5301928b72ada4640fc87bc1a7c249cd951187b5024ea53cda96f6e3872b;890f5c76ea7ec6088094030699ef93a93478dbeeffbc80312c0e04343e630929;8b12764496ed71b36e11b094b871510bd7ac41ae159adb8188d6642b29227ffa;8b20f45ee3d877df079e08b9623578ee088c9332e4e7a11f0861ffc1297adc49;8ba326acaecdf6a4f9e6b2bf462374401ec1499d98184a1063434ac2c5f7f03c;8c98dbe6ab46160226ce4d0eaa4cd4cf6c123b96ca6dbfb0b2e46af01d927d53;8cc18756391d7f2c07c2f17198f25eeafe391c91fcde26a3d54b0ced7ed61e06;8e87a7681be9113f201179d0fc8661d0f929f19585ee9aed9ee8f3afcea04d5c;8e99b4e8b016db0713029ebcae6b2cc2aedd9c2c49682e2f23521dd0b1a2085e;8feba9108b3c8b0383b95b5f8b3b8e36262f62a85e195da3c85f5f28b4a1422f;90db8ba99880047f277844cef511ea59a9072f0c0ec89101342a14f37f9bfb31;9271feac2f379dce89b052f3362f7b376249bd8535652937b2f3db114b32947b;92b8f1b33154a6b76d19cd8a88159cd6c4c4a3b14f8e265cc27a64d2949535f5;931e4a16ea1bdd4b3a476fd5d5a917f9289989f4d7d909e4cda491344be98bc5;9379fde98cc114cf5df0a493ab40adbd2e0d173622cad594faec74d008f4794d;9422a6c8b5f66ac57a196200bce4de16d01ae3655b9d59981b8d18a8f39e6a5e;94df216c1475d2341c290230efe2487d397087a002bc34425f91399b1313f9ac;9614350731c2322bd7a4f1f9995fdc82673b362a6406aa0771aac488ebeb6c8e;963b57a98e8c4cc1b8954196b6775480896074ba089fc044672a94ec647bc268;968bc862eaf6830075491923ab01dd3c18cd2ae8a1cc2e81b59ececd2defdb37;96c8de135a58d745184032907f7142ebb5a26b15d5bb1dee9234ab20d69214e0;97053aba61291963e9167ee36930878235ae9149ce1a0cdbad727da8bd53040d;9763d12f0454ce41553a97d518f35300e168515cf4bb7ec4ef8c6eb80456553a;98558c7276ee47e2e20bc7f197fbb4a589553303d73002dc1fa1eab2595d7910;988aea1467a360816bff23692a8d770d468d9b9d4637a101af6e11145c9d0406;9a7b42dbee2f43d7c75540320a9c6f1f50ac7388940359afda1699a78a1c97d9;9cabf6b43810378176d986c2842812fd6ac83427bf471f2bc862e4e6c1c14540;9d357a7652667797c65ce7056b939d2b2cccea9671dd48ed2fe886346960a69a;9dde364de6decf0107e31422cb4c6073abd8a6265377098414d5193eb202a94b;9f4985a26b8ca0e46391d7dc0ba850cd971d542cac217e7c99efbe0d794c16c7;9f65993ac073f685ba6b2ac992bd7ff044254497b8ced9d044211e78198b1522;9f71dabf02b3468cc4829b87ffb2b835c24e70f50f46584e382daa7329315a7d;9fcc3bf9da3c85a2d6355e3c4fbc7ceafa4a6fb3978907fb15bcffe00ff05348;a12c3f3ed6e909c830ab692cd366e32a2f1d95015c26419fdbfcd22b16faea6a;a20a41c868200ab3867ba4e9031aa33d47b99ef5a43bb9b531da84d7e98f54ab;a3456fcc6e4094165cf946e287e77a86735b5668192d41bfb69d5d9fc3a5a072;a397389d8098026bf0d60370bbc968de52523c03191338314e9b27c41e559332;a3ab5a90e72520d956ad5b757ab90e56f09f3ac6e111488ace2410eeb3df29ba;a6060b2178edf47358db7963f27f08bf22cd620332badf77943b3c7cb6ba7f3e;a6ecdc7455a210b2c09a076c30870de7ca5d6249cdbcce84d446e2263be77390;a88ca18658e0b284de9b355712222ee56cbfa10a67fa506bf1041d996398ca6b;a9650368e85e8ba0a756a0014abbdd1d97d29bbab96bb1b941d6ac50eecc235a;a98c0ceb15907c577dabcd31010315268a8cccf70d66a023d3137502a660f275;aa497ff38d7451ea776d9fcac40a94e78175b02e93e9bfea5fc63d6926d1018f;aa82a008c9f5d8bb5451b0c2716c595f36c199cf784480965b6a9399a9af47fe;ac864d859b6441f1ee56b874f4d002fba7a67805b92cb7599147a33689f61c17;ac8c327bf6d8adc1ab513bcfc22ec5fe04dd46813536e8cea148eea7ec01db7a;acefb5cdf0034f1a3efdaac9b71971156736002761155f99d7170eb01c1884f6;adffec740a865637562aadc12f988d153db384ba9aab1067b0054b811463f86d;ae7ddd8d0546b68443b44aee918b9eea60fffe18f3dfd04345ad4dd6366c9c10;afd1ebdc2d793eebe326e11b13c2c0d5644ff15900eb880580068dadea4e7e64;b1aecf549a589b285f2238dcba19654e3324da90232e98fa6bb5cee5a7f17a75;b1f5dc2d3c8d7d05c5c719a7742d02f8c8a79340fcc782cf3fbe5d5c1934333d;b39b460a495f73380e6289123506d57f2f424b93f28c3065c15c7a426644d513;b4eb85e33bb909278eb2b1e3a0da4f5b2eb6a77eda2933cd9bc9538a5e4e015d;b57d40ce12ac2cb232920089457018a72ce6ce7dc27f7a47dbfbd3b22f52d345;b6d5e63d819133c617e96eaa12123b66a6b771ecbdaeb153b87f868d0e94abd5;b6ecfcb0f991feea432d80a439a0d7cbba45c16fa115ec021d36dd8feea4847c;b78ef428cae86094b0139dea660a99547d6578821fa4a8f12b8f66072d1a80b4;b7a45cfccb7bd7e276d44f8589743f151e21d1701055b922ff9be1d78bcf635c;b7bb9bea7d675056e437dba0a551a80b4d61a6c0a63e894beb7df51e8b5cf537;b818ca2679a905cb0f85b15e9a5c6d05b4cdd10f57fa0f0ec4b1b082030be905;b8bb9acc3600e6b7a7c4d507d9d19cff925c9ee41e11287c6646eb256e0674cb;bb47962392abe82e658aa9e11b5a9b7b4f221d208d564c76e03191497d3e0f80;bb942e02de79e6c8a9b79f13b501ff695a91b952001881fafcc847509dbb3451;bc486cd1a040c8b7726b046aff1a56c4bd3780d504b865c07808c7c2a7dd2a42;bd4b216cfac58652797e9bdabb24d4339852683b4879d22000d4c1309d452356;bec1ed5997c1bc201cda8321b7a6abd46c71d87529022f2c96b493551ffb1bed;beee6eb8003a0bf912182f1f1349ab3eb099f301d00612a37596b9b84e6fcacd;bf3d88a6f3bf6148981fc395a058d8f0c66606e7a6e52c2db151434cb9700ff9;c02855e2bf38eb199c30e9b0c138388390c59b944485a88133ecab197ae5195c;c02dc46d3ae6bcaba622e34927f273fb92180f1494c06588dad730aae23267b0;c0607b3bdfacb550e9dbb7ce68c30dbc1451555398b2afcac42cec5ee99e93d8;c12b9b16b67f463847793dd6cce61c3c416e88809a64a7a6830e2a01146727c9;c279437b356f307ed60fec4814aa518907ec1bdb9886376a513d40570ddfef76;c27dfdc1e047efdc996dda3447aea42c8dc8ef5d44c8a74d3d3fdca4bd571743;c2a594b80ea10e6e47d33ea093e53090da2e856a828706a3087d8c25a2cba56b;c30f26d7aaa44b40cbc9ff378a7cb98dbcd32fe23e7ec2eda53a83711759024f;c34281e8f65de44be3782eedeb3a83583145b052fb043688247e5fd2707e96dc;c529e710cb5575d15cd582cb681872cc67c42e6b46d18831c671e0f78ccbdcaf;c5c929db85ebd734fd91c84e9cf0dedf626522da2d89faa2c782def488bc0b02;c654e5add7f5d09f5ce18cffa309f569574c39a3d2adfc0838c7e5a12a5689d5;c67a214e4883c67f5ccfb1183d867be36d8bdea1332f9eb6c2cbce27ed03fd89;c6dfeb1daff395b17c22cce397d6cc1f3a119e1eb36cee789d5dd060efa1bf05;c819d55502abd8b6e473bf23b90d37197ab6ff780452590094d21b75582a6a31;c842b6194ee17c402d52c23936b0c58d34071492707ea3347d5bd69bed53e67a;c8cc1f37c13865b410010870b684d82b39272189c937f32e59701829d205471d;c957c897b11bce6a8cf2c829d2f3db464ba7ef7285b41c66b02283e1acbfc943;cae6cd12414443ac012a95e8f9bffa86660343173fe18c7e1917dd8ad2181e84;cb5c122cc9038108adc90d198d83ae6a4f7e0e835e07b531907f8a80ffa58013;cbdad43eb08e401bb1109600726e7a636226b48cee041790d7374a34bbd0bc80;cc3a74e383dfc9efb49f1268692a8c8690b5f27248d8a04a9728cb4d0e466e4e;cc9c6495c2052673efa741c4362d45fee5dc000c4c0d73155bed52dfe3a671fe;cdf68746f34118227b8f4aabd9233b932fd8fcc6465b921051a849c912793676;cf910fa8a398cf335dd0ed9d7f0ccc361abf711ede906ce858ee7952644b786d;cf96541c3c448aa8e9e6bfc7393d8262f0449269cff4bac8ab46557dce0ed1f2;d2df0f45989db7a07f6fee1f7de58444863de628a6c3e58e5c7bb2bd9d37206a;d312d3f8518aeb26405fa30dbac6a6cec3d315bebdbaff62385d7096862900dc;d33e1a5a958d0502e928ca0e6184e7c150d39d66c1f7f36a5b7481b877977dca;d3d086eec76b1bb13d12067a22c5c4c1f3af39dff0769bc5f162de69f0fa53c2;d3dcacc15af84ce6ed7eb6aca758a39999c9a494dad3fc93679727ed501328fc;d51ed9de7f20de1593e5c47f0627ae7947e481223378d96a95919def201e0b95;d5438192d5dc0bc4ea5974a6dec916b05b5c3480eea2ed0f89646812cc42a0c4;d5a40756a885d85d8e7805a4286b3b276f1704f2a127af6ca609a3fa621e5e51;d5d96c3a9d963799d6fef59e0a1f19e4da7454e56bea618f6e327647a1cad021;d60fd66686eebce333eb4c7494e013c3ab70a4cdbe261c0983740765ac362344;d6e7e7b51ba0ef1b1a7999c14f73cd1b1a02fc599a70959110625941160c8fd3;d6f77f94b5349f1d809caf9e0e7a8cffaf473025e435fec2ce7096adaadbd0b8;d70181dc199692bcd152a8192a5a43825e6a9c19c95860e16c8bdcb3aee5eab7;d70b0c29612b068a9afae39fc8e0c044be590f418c2f84fa278d291b2f86d4ed;d75456937e645b05521fe3ba40680094da85d6cb7c67039ac115f185e0079267;d98dff3b58f7b1b07339036fd3a721c6fe491565f0180c5ba92ab5f56171df5f;da1342b3452146706c5967d7bde9e2bf16898e1e85f66d52bc1e19ae39984461;da33cc10a4aaf5309b2fc075e3431438d713595e7c5c33f7f98028cef4d31dd7;dc1a600c48a24a74d5eac593b7695267b5253d65d95180f5e151329134b7b1b7;dc76dc39fafbb9869746e35d7fb5525ca601de2a0f304a85f9a84717eabe8bdb;dca848451b143763bb25a61442dca84b9203f4a4dd7387f254c6062d439e2b6f;dcb75b8d692346f9c9bde7c51505fab0d3070ad290692567fef9e974986574f7;e0260245adbd84c576c712de16609c340d41c621a0d4bb1fa38f444a66afc941;e07235ee1b3399ddf4d9dca6e046a766b2c2818fd574597828383c7775e56033;e084e710ad82301dc6ec910efa32fab8068de7bec0a6b83eee4f4b312e6cb59e;e128a4a988a66903a551d35cf4274eb30a498faf5ce5efcde15b1b835853b91c;e135357919f34f21ce911cda5d188b7fcf7857e5b5eabdfaefcf9e3a22e2fe95;e17eeaa3ada74969d4a998bc70caab6984e9ca302e9bed9d98fccfbfca52a3c8;e20b87195998d1f4a00df3d5c52bada8d836082546e545220c3a1b6c6bd0d6ee;e269769318029b375e1e4cd1761d94b04478f9b9b6b7e266a4f3d4689ccb730e;e2893de3edeea93f294882fe4fe16a9cdb9b77fc088aa22fd3e811b3c1b94699;e38b1f590237cf3f4f247268476991ab784c581d07d800e0f395e01c9d9971e8;e3b0c44298fc1c149afbf4c8996fb92427ae41e4649b934ca495991b7852b855;e613559313fe36fd95f39398b0cc766aeed7dfe82c2256c80d0cbadb3d000695;e65dfd3ebfea391d608eadea937a2de4aefb7ec2ea4348d391d5422d0f4334b4;e72f79c4f9b6aeef85893a2aef1f6722e4e5f35dc5ba213c94d692369686ad66;e7b7de621dda190699f5d1554c8519257255d04a3401c3320b6c3a0d5770297d;e800b5681e8d8c2e263e6fafb0f58ddf7754e185193ac4d69543eb4a229d1fcb;e8b20a80f675169e67205f3840d555005995a2b67562ae8acaa2d18b07962c88;ea21fbdc4604d927e03f4035d2de98065e3ace2769f1d3f498d9a3cb5ff38211;ea22b279116d16ec560bc9a28371c489f497907a48b9a1398b0af6c2525b23e5;ead7b32eeff4e699562929fef18aaad8a52171613e8005a6f2b02878a5ebc3ca;eb96d746b650e30339738bf9450076a63d89217aad95368c01ed82197663a669;ec016259f0042ddb29eefd15500bc64458cde795e93abc9f1a89b88b7d7d94ee;ec0e1067a35c8bf20b11e58d1e8ac53326067e4dac84a125cc1b917a3518d0d9;ecd5cb30a54295142cd96f62b2fdb8d330b0fd72d932167fbdcacd73d79c1631;ee2e42c6cfe75b1d81dddd1292c159164613b2aa445c6101210606e47b8a6149;ee6455ee3528551b49f9d6248e1d7791c92775c0a6a6fad2c753c8434ad64ba5;eeb08702c67ed663026386e3d63456df9fba3909eda1cabd610555030a76f35f;eebc7ef6f68ce5f1f8e37cf6b2774cca3fa4b3e4ea227327c264b0503f97ad51;ef1789894f13f51bb7608e32dbba7546bff20ae600d089c291c481b4b3353286;efc79a032b9108a503d1856cfb80ef4cf80d35bd96fda48c4ba5904a4e504074;efc9c64f45727276d52d93ccc1ab38f137df4b4eb36f7e5a9578afbbd51bd52e;f2325fd09eb682f40ae7ea4cf6f14b4abcb72dc91fb8e3aa39c20a3dab389d43;f2dc0b403f87bc2b52b117b2ed6b93db0623abd7ba27e5c215f421b2d0245880;f2e1f73439d9b8c68fa38782ae9e8a0ff929dea7a8b7a40d7dcade2537cfa24e;f39976ac2e345a0415c297e86271d6815e4eafdd115913668b3531e7ffedff54;f3ccbba4773503575a097b115a7efd5dff0065d0790be8b14722936898f10c8a;f3ed4c8622777de115225c8881ad05c2b74b131fe342bb9fcdf952be1b3416e0;f40078910f58bf4133ee2b160be320a9235545c9c42b792308d39f52f9cf52d1;f4d823074adef13bba5f8cc0564e37c4acf03952bba3411304aa5726180fe4e2;f58a56e74d3a07ecd7744e517a4e5718c13762ef44624f4a4f0c264033475510;f5dd6f74900ccf076e43e6dd44a964a7a3c37a221c90941065130895f2158ecb;f62ddc02b278a5b808a1a0f027b4c0e02ad3a9871b0f02eefaaf7cf71d81295b;f6320020f3f271394518a77cbb594ce9bcef72fdfcd2be8ff95edc2683a81c73;f6342c476c502caaff772df34cdcc554e9f515f8361d62fa49e5708673c3b1eb;f673ff88a179f78b59fd540897e2754b54731145d312450df01ae71b4689519f;f6cb4cba97530e8a4966185e141451b31a1e24695d38fb1f9d958abba8689e8d;f794be164a5add7fe45a1035ea5c22acbe4df9ab2a9c6a1c9af585c624450942;f7e728721d502b2c436c2d1da5c8fd4076f492a40e4654c5f9255c46fabc2ae0;f85a6be5230636b663c97029b4279c8a6ba98395d68f1cd79a690d6c5f7fc8ef;f88602d684981f29382d45ebf69025d2556d09b329784315183bcd8dcfde01ec;faf78a61c50b3d31159ffb829730e7bb42afeb5a533cbc21b04f5d3a11f6c360;fafaddde25a10f5475c16f6aed08e71bf5d022d6d3993d77ade8958ea8ea9682;fbfbabcf913efc229a7c11915f1f3e8487e3a53d931ebd618be2cd0991c97281;fe13d2512e4d9a1d040469ac7ca0d91688ba45d18522951a470b0ff1550fbbf0;fe7cfa631ea3e7299f7d0c65c0dd8a433612cce262f559159997c7fb22a3fb39,KEEP_HISTORICAL_EVIDENCE,Historical failed/diagnostic experiment establishes the scientific evidence chain.,NEVER_DELETE,Not treated as rebuildable; retain raw evidence and manifests.,Historical failed/diagnostic experiment establishes the scientific evidence chain.
campaigns/iscas_sustainability_extension/memory_compiler/gate3_attempt10_green_matrix_physical_model_validation,directory,51428283,302,5d0ca45b8c14f9d6ac6ce810562f6d3d782e4d96e7c6dc6e35c19f47e13b3b33,CONTENT_AND_PATHS,0,UNTRACKED_OR_IGNORED,Historical campaign chronology,Current checkout inspection,Historical manifest/status cross-references retained.,Retained; no absence-of-reference inference used.,No deletion decision based solely on Makefile absence.,Tests inspected; protected/historical paths retained.,Historical/provenance documentation retained.,NOT_ASSERTED,03a8f24468995e87b23840915b613abd339843a6ec6d0931b57ea56720ff415d;13bf7b3039c63bf5a50491fa3cfd8eb4e699d1ba1436315aef9cbe5711530354;23decde6ad582e9a9b1db7015dad9b116a20d4345065215ecf24699a952415ec;3ce285013d51a0f632be229a513c17d4f8a314319c0e7d7fbbe53a2339580e1c;41bfd6d7c91e2fca492c75fde6c71e03e4303e8211d756a87195ae37d3bcd98e;4d3a565198706fb0803b660af817ce53dc2f5868cf10d507c07da790fcc0fbb9;733cbe1f016672c2e95b77ea3d2077ef01e8575f7b0ecc03e5fc8b59786ccf30;79cb7f072cf8aab37b97ee1850b578d423a2cd9851293eb02304bdf4fbc929ea;9dde364de6decf0107e31422cb4c6073abd8a6265377098414d5193eb202a94b;ac8c327bf6d8adc1ab513bcfc22ec5fe04dd46813536e8cea148eea7ec01db7a;afd1ebdc2d793eebe326e11b13c2c0d5644ff15900eb880580068dadea4e7e64;b1aecf549a589b285f2238dcba19654e3324da90232e98fa6bb5cee5a7f17a75;b5eb1821072b3ae9b8e3861e87594d20a116a121f34d6d3341fbeadd7c870525;d1839a745e34ba662b3da5a0d2ecbea4c403578a10702666953d2cd72b2e579e;e3b0c44298fc1c149afbf4c8996fb92427ae41e4649b934ca495991b7852b855;e800b5681e8d8c2e263e6fafb0f58ddf7754e185193ac4d69543eb4a229d1fcb;f1b2f662800122bed0ff255693df89c4487fbdcf453d3524a42d4ec20c3d9c04,KEEP_HISTORICAL_EVIDENCE,Historical failed/diagnostic experiment establishes the scientific evidence chain.,NEVER_DELETE,Not treated as rebuildable; retain raw evidence and manifests.,Historical failed/diagnostic experiment establishes the scientific evidence chain.
campaigns/iscas_sustainability_extension/memory_compiler/gate3_openram_attempt02,directory,49682,17,940dbc33cd1eee414b7775e79fe8b557024b493f8b99b3181a26f04fa1f5057d,CONTENT_AND_PATHS,0,UNTRACKED_OR_IGNORED,Historical campaign chronology,Current checkout inspection,Historical manifest/status cross-references retained.,Retained; no absence-of-reference inference used.,No deletion decision based solely on Makefile absence.,Tests inspected; protected/historical paths retained.,Historical/provenance documentation retained.,NOT_ASSERTED,3187b1a00a45c19b556d398fc4daf1e85fcb26c21b05e80928768fa1ac0fccc0,KEEP_HISTORICAL_EVIDENCE,Historical failed/diagnostic experiment establishes the scientific evidence chain.,NEVER_DELETE,Not treated as rebuildable; retain raw evidence and manifests.,Historical failed/diagnostic experiment establishes the scientific evidence chain.
campaigns/iscas_sustainability_extension/memory_compiler/gate3_openram_attempt03_target_diagnosis,directory,62329,26,532953996f9c984facc2b471d994bb03aab38acc3eef56738e0116b242dcdb16,CONTENT_AND_PATHS,0,UNTRACKED_OR_IGNORED,Historical campaign chronology,Current checkout inspection,Historical manifest/status cross-references retained.,Retained; no absence-of-reference inference used.,No deletion decision based solely on Makefile absence.,Tests inspected; protected/historical paths retained.,Historical/provenance documentation retained.,NOT_ASSERTED,dc22607f0f35e401fade14046b8089cfb3f04f9db1db84bb6e24c09f9fb82fd6,KEEP_HISTORICAL_EVIDENCE,Historical failed/diagnostic experiment establishes the scientific evidence chain.,NEVER_DELETE,Not treated as rebuildable; retain raw evidence and manifests.,Historical failed/diagnostic experiment establishes the scientific evidence chain.
campaigns/iscas_sustainability_extension/memory_compiler/gate3_openram_attempt04_sky130_control_integration_repair,directory,42765662,350,ce363e5649ee2e291a2615467f5375f0f6074d9a67d06d1aece599a55f3225fe,CONTENT_AND_PATHS,0,UNTRACKED_OR_IGNORED,Historical campaign chronology,Current checkout inspection,Historical manifest/status cross-references retained.,Retained; no absence-of-reference inference used.,No deletion decision based solely on Makefile absence.,Tests inspected; protected/historical paths retained.,Historical/provenance documentation retained.,NOT_ASSERTED,04e539df35eb358b10d744f3375848de7ded4f2e8f448d378c35cfb8d4199f78;0665c3c683fcb0ea890a33755bc6c9cba0adb62f8e2f9fb979582ea28b19db36;0689b9f7f38385da0c0402836b1bbda05a61545e3d7af6fd46e3b304addcbda8;07ee2b67a9b5758c9922fe171390e5203fc01fe36c8993e17268273a1ba59b89;0924824b5859b4abb99f46ad395e543cb868bd517a0a9d4f6fa3401af36f4961;0daaea7f8e64f02b464f019b9833c50e131317af3452ff597ec421567433d5c9;100b941a53d462a5a184a53c31ee3da31006c20e7d2f43f8fd91006bcea5a0f5;12d47abfb839e1b11c117fdccad2c41629e285b20327ce4f527dc34f04d03b05;1575a03141d93002bfc936ff1af0711944d83cab560fdebe0162f6804c3789ed;165c2bcf5c71248e73195e1e8abdaffd98fa0e355d617b8cf2def10e088e612a;169b928cd41564199acb833cc0570d097ac7b526d8bbf54e33c40aa85d551151;1b1f51bfdc8db7d325deec560514a0b79e634d904bb7ad24cb96eb370e8dbd24;1ccd9a0061dbe876bfe55f9a592c88c5618eb1a67807a8a9bc40ca6824e5334e;1d7c89e4c7e8286ffd416a794e5a0686043b9d159bd0375e3420c188b6889974;1debbcf77b17ebba10debef4709f4652101530423bbcb8f18165b78cb15a8051;1f53f5febb07f78597f2f03a621b0049eb5e6245eb9903c121d1d59df13b3419;207090d751748d327462291360b5a0ea3904ce8022bbe1f4731c02f5f5a325fe;2164e8fe683e76f729eb1853fb431425e4d7c70ac531f802c07470afb8b331b6;224bb6318c201c7c901ecdefd630c81de2037ad2f9a33f1056ed7a9cff645265;23e71f1212c8215bb266371f8fa5ed4f9189b0d1ee9a16cc635a46f7692a409a;2473df7fa23f4c3a4284e93e45f615acc115f791c39465901217272c2befafde;2509419751b1ba962e61ca4325877afaecea0825e6f120d7d23ed414bf5e6461;2607afff73ce4b1d888f9d14185628fbea13a2f2b1662638009b8bf959f961e1;2899ab94709349de57ee348d70abf3a6e35bcd76dfbca5fda5cd0cd1db8571db;2a7357f81d3c6a1f9c83c4fbdfef28ef7b9a727ddf2ccbba3dc44122cb5e88a9;2adcfc82573296f0e628c1eeea9247b764699a944fe3865c0de090bd7dd3ccc5;2b7f9193f4e8f4c33a235f5e345a4594fb63d36022e06b8c2c3db9319bcff93f;2bbba4d1b4aee2bcabfc21a66c8d5dfbeb394b371611af5a73b0922c32f7c9b5;2bf24ef372f5a9cd893dbffd952b38ad55b7c822f1ece7a363418b3af35e9adf;2d6daf10f72463252d6a2f1a28f6d138da44dfd5485c6de54b7b1a04340ea7e1;3187b1a00a45c19b556d398fc4daf1e85fcb26c21b05e80928768fa1ac0fccc0;3a052adf51e50ada050d153b022d66ac7d8eae4571bf26182df25884664316d4;3bc584d76448fe3e0a2c5ebc9296d2fcf48494e584a2da52b8326fb08e578afa;3bff142bbd0831341a906feea4fec45fc6dd3325f3ca66fd16ec904d4ff66e2b;3ef8335f055deac650fed4eaef4d89155c5d03e764195e400f35f0a432663552;405a1316d9bbdc0f660c10ec7ba238df988443077804ee62169a98f4fe384e40;40b6fe1545cff148cb45ccdc6278f0afa2195b9feff7477c1005c2a77970a25d;415741bda30af5ec458d1400f7e1914aaccc94fac623453a0044c3142826cbba;4355a46b19d348dc2f57c046f8ef63d4538ebb936000f3c9ee954a27460dd865;46246e62fdf37122838acb38b6585d27cce6296e786784a67b70342ba53a5fde;46cf6be8ee2cd7a74f1b23d36502b145aad474a0be70bcf55196e881c02a428d;48fafaf518c4ea867656f9203180cad4b93e2f1c6a6983fbec10b8d606727a61;4917f41928e0911538d96f87864eb8b5f14a3f9624555443a3e7a2e839fcdaaf;499d98c96731371a7df389a5f5dddac0e61fdd925cbe8c2db94fc0a5cfdaae6f;49ad15e1a81003cc55b31f510bcc4d521ba189076fe750e2e068c44db4d2931f;4aed413cc03f3096cd14b9557a3695ca649c4301dd820258b63cf3e669d9d376;4d4f776e9e13aa48be388859f7ec0e2f3e8813e27735a2a0bb381d3b59d22362;4e4a2844e43b46b8f4124b3e657e4f091386c823c8983a82b4ee4bb1483063d1;4f83e8fd61ed6a625f030403a68f582e170ead2f8fccde8b02cc322a6b0aac07;5111b80e7b918dc48ad15f17e9db2bd0618a710a5c9c0b1e26dc9282c69d5ce5;519bc4a1464bb5809840f3e99af3127dc38b607d1a7d9273adb3e3e995100314;52f4efc70b7d932cf125c4e0c5384142b0dae6096c5cbe7404dede9fa18425f5;53bc1f1b866ad5d24f300c4c584e652a3f080521ba81fac85b7ad95672080a36;54796ddd93e032e1aa3ee0ba028f5720cbe2b4535d4fef4bf5970bee010fb5ec;578e81abd9b2445c664092e2322be84dece837e0e7f2f5494cbd0c774d50f77a;59ed27b12fdee62151d916168d95ec479fd6787fec31ab390a0eaf513a9c2a76;5ecc2a6e63fef68c9e2aeafdd430701a8005277cdf398fa6c67c2cea73f56e58;650bd0e078c3c323b0365faf3e2b614251cd611e971f749513fd7ea537ad5ed7;6929fe8e1d5afd2843c9b4bfb437566904b1ba779bde2d844da87442e46270b3;6e670a10442512f0a54d8553456f881091cc433fd06c4ec62241f8cb92d7095c;6e737d81e63125ca8b2e08369fe676221e954b8aa03d41d98a7d2805e217f269;73804441f0961502ba7b16438ace3c7033013ea2338cb5f4beb7f8669699380f;73f09e64ea94867873f3c08056c1ef26dce4f458194a360402556a9147303b36;76d809fce74333494701ad3c18b7cdb1eada972ff74b9e485d6299874ab18da7;79fb90f517acb8671e9efe90afa18b85c4d18f4a75a06aad5b5e8042d82c4f72;7a6fe42b006df86f84906d73cd6782fe54e34914d7f96c0b90c94de00793f068;7b74474e132d100b844d7aca3c0ebe0fd2af09aa5a75d84770b4555a791eb783;7fab01d17dc3cd949e1f3ddf25d19921935c84af5f3c832f31f0dc6b155a25fe;85c73e42340ee4ea85d54eda4d4e8d0e7988086890d41418268ec3888d9e9e8c;86d76d052da050307971fa3babfe52a5a2f0f493c5d5b2c54e10672e17d92182;8866afcb05c6ee61899809c2050a23b769b558c84956f54ad43599ec27a81fad;896e5a41b86bccc7c8e847834499d0f65a466df86cb6d0b80860a36c0b3f6b26;91de9e91ebc0d1853cb620d4f605fa693dca176438d7aca64cfa57826264250a;94b47ae1e4f7f0760d9d8468e0d64de5ccfb6f15f808dd23831626252ba84560;99bdbb26c0f1f22369e7305bf5d91fc6782ccba3509edcabcb263bd2c68274fc;99fbb17b7a9bc4296d6a044e5edc496f131def71e532062b563a776ab31e06ef;9a966893fcb82c40112ed86219dc7c118dfadc7aa2ae3bc9bd55ee41f41b1690;9e8cd882b72aad0a334b29b8508130d7e1738b8476f1900e415ede0f8b945c49;a456e658b9c9415787219df7611cbdc1f8fcfc39a0183e5b729f001ae6b5f8e7;a8bc8078862f535b3ef5ccef891229e483b3c02e7d938bc5b66de59ce4544d35;a9bda682dc0a2957fe345b5742ff7ae9ae96e9edd05907b8334a967c8573df62;ab39dd84e7e1a0893ea38db7afb31154f60b93db20c8b43a57a94ee8a9b4d1bb;ac3f4947c1068a47d0b2caecde48bdebbdfe231648c0c81c78bc3215eec8bcb6;adc48ae578d31d89df6576376f40f7d3e5a32f2fd0d1db51038d26d5c4b3f1e3;adcc1811a9c91f13ec391c022927928151a55780a037f552bbcddfaf4c2bbfbe;ae43c6216df56baa5f2caf594ad0ef74ec102a0d51774b58c5f59d152549ccc0;b016081ecb26124cd6adebb6df33b0252794c5406e6c313aafe06a453834beef;b0b565533a661b817a2682e6e980072b4c39f2c9848ed28a0bc2ade3ff6fe395;b16951e348caaedb9e4d67cbe35ba507845944fdb4a66084ce27d034a3816715;b60f9980f33645d150f245117492ca21e40ec80892c442c68fa987432ab93d94;b634943ba8460009503f8a3346fff7d4b3b2598475a79761b78c590a3f5ca308;b714ca611b0a54268d0da81da8f2d438fe5e190feeb2804b706676d68cdde8a3;b83710f99cc37355dc86ba17b1b62294273738a55dc5d8036e903b16e60e0546;bb86ae884759380e4632de9e19b9fcf781b3fcb3b9c74f3dcfb9c4d5256ab492;bc0855b0e324aff3cedbd237eff2c2215e2d8481cf1472a0d37e52fd42638a5e;bca6bee7350175d28e7c4d6a507b715d4b00d44bbcbf70152786b2b7683080fd;bfec32557b90321f9c4d90d43dfeaef481c68d5bc54e1f8bcf9256c5444a63d1;c2f098dc17289915b0ff37c8b95aed78dc2373ae695f861c1596ba87aacd0f70;c8f0976a05dea8dea01b97cd2722baf70ddf0536191be3a1a7561afc15576c77;cbc457419e2df7bcdf1c3dafd7565d1a22a1eec7c8e255c24e141253b8a2e99f;d1c5b88e7fe9ef2a1ee8cc2e007d7b7fb6d1b0941f2c33070c6c115c279a38aa;d2d9f0b0f0cb9d0323f4637cf653e50ee0f8d98c1a2c5b5c2653b025eb44d9c5;d3ac0e3bb81d850b39ff8082ff69c09358760147ef61bcda6f11c31749687d24;d40eb3afa112fc8628fa6ee6a47df73795e2e9db05c886764820056a35db7219;d4b794d0a6e4848c192e336ceb43eff11cb89d22f5ce0f7726e6263fa27284b9;db1bf180a6fbebd74ef751ae95b50ef884ceff74146327281b278449fb5db825;dc22607f0f35e401fade14046b8089cfb3f04f9db1db84bb6e24c09f9fb82fd6;e17619d42f527b3bfc33b40f57c1a25b8790292253fe6f68c2d7d345b98a93f0;e31ab915b51f7ed17596e8b446eb840d16bbf7b1bed01f57693f2916f98aff0a;e3b0c44298fc1c149afbf4c8996fb92427ae41e4649b934ca495991b7852b855;e62e1c3483b40c03c46b23918673249fc7dd4e5dfb89c18813b1747a0d031ea1;e6416e410f60ab45ba202078065c9b66a09d6055b333ecc3e2596719b8d238bf;ea92ffe6a498a53fcf73ede6a8ed737f25b3ecfd4b44f1bb32d4a6ccbdc7939f;eff49f68b5aff8baa6d246d25d9b79c3bf084cf754cb5c295f9afdcf4d5897c0;f088f201b296e426ca494c5b304be741b039154676d896caa1e68c2e89b5e8f3;f3677a27fdc86a3aa6f65ff9c5b34382e54f944aa7f58564e9800dcc31466df8;f38fee3963cc5f0e60470ce01779b8cebaa57ebc622ae042107ff895aeb936fb;f6001dd88972892270aa8897b8def76ef7ca029036eba9249b3cba2320f84362;f717a54ec62b7df3e77426c38c6fbe925b4872b57a193b66d4d336e56e1fb88b;f7caf8d4c0eec194b9a64c56223f48d971acb35bb6a509f346eb930071582163;f87f1d0310e63335fd9fab2205e506d56bd347f05c79925f242ec911899a33f4;f8cd52f11ef2b603c1fb5e1cd7d2f371a330f77a3a0ea04a37f6c03025007637;fa35aa3d52e4ad42eb65700b3cd7977c630433956206b3cf8af85d6b08512217;fe4acd365a6344b1ba7a0404cece9891990a2d6ec45ebebc33861617d171853f,KEEP_HISTORICAL_EVIDENCE,Historical failed/diagnostic experiment establishes the scientific evidence chain.,NEVER_DELETE,Not treated as rebuildable; retain raw evidence and manifests.,Historical failed/diagnostic experiment establishes the scientific evidence chain.
campaigns/iscas_sustainability_extension/memory_compiler/gate3_openram_attempt05_sky130_primitive_view_materialization_qualification,directory,3665121,869,0dad1c949e48784ccdbfc3372288130bb0fb90474aa3ad5bfaf9a0a3ce368e7a,CONTENT_AND_PATHS,0,UNTRACKED_OR_IGNORED,Historical campaign chronology,Current checkout inspection,Historical manifest/status cross-references retained.,Retained; no absence-of-reference inference used.,No deletion decision based solely on Makefile absence.,Tests inspected; protected/historical paths retained.,Historical/provenance documentation retained.,NOT_ASSERTED,00f01a4038d9c55fc66c14ed3d8663539ac41edcfaa2e404003637c506290878;04e539df35eb358b10d744f3375848de7ded4f2e8f448d378c35cfb8d4199f78;0665c3c683fcb0ea890a33755bc6c9cba0adb62f8e2f9fb979582ea28b19db36;0689b9f7f38385da0c0402836b1bbda05a61545e3d7af6fd46e3b304addcbda8;07ee2b67a9b5758c9922fe171390e5203fc01fe36c8993e17268273a1ba59b89;0924824b5859b4abb99f46ad395e543cb868bd517a0a9d4f6fa3401af36f4961;0daaea7f8e64f02b464f019b9833c50e131317af3452ff597ec421567433d5c9;100b941a53d462a5a184a53c31ee3da31006c20e7d2f43f8fd91006bcea5a0f5;12d47abfb839e1b11c117fdccad2c41629e285b20327ce4f527dc34f04d03b05;1575a03141d93002bfc936ff1af0711944d83cab560fdebe0162f6804c3789ed;165c2bcf5c71248e73195e1e8abdaffd98fa0e355d617b8cf2def10e088e612a;1696f9304e5c57ff9d6e2bf6d99243654afe55b1e92d41ae3fbb12abc144864a;169b928cd41564199acb833cc0570d097ac7b526d8bbf54e33c40aa85d551151;1b1f51bfdc8db7d325deec560514a0b79e634d904bb7ad24cb96eb370e8dbd24;1ccd9a0061dbe876bfe55f9a592c88c5618eb1a67807a8a9bc40ca6824e5334e;1d7c89e4c7e8286ffd416a794e5a0686043b9d159bd0375e3420c188b6889974;1debbcf77b17ebba10debef4709f4652101530423bbcb8f18165b78cb15a8051;1f36202dbc32645f898e3803aba20dd1e2f31a275205a2fc414371bcd9b2a960;1f53f5febb07f78597f2f03a621b0049eb5e6245eb9903c121d1d59df13b3419;207090d751748d327462291360b5a0ea3904ce8022bbe1f4731c02f5f5a325fe;2164e8fe683e76f729eb1853fb431425e4d7c70ac531f802c07470afb8b331b6;224bb6318c201c7c901ecdefd630c81de2037ad2f9a33f1056ed7a9cff645265;2273e4c5476fd7c1173439330d3eb6d430c4cbe60adcb788cf7743eaf48b21da;23e71f1212c8215bb266371f8fa5ed4f9189b0d1ee9a16cc635a46f7692a409a;2473df7fa23f4c3a4284e93e45f615acc115f791c39465901217272c2befafde;2509419751b1ba962e61ca4325877afaecea0825e6f120d7d23ed414bf5e6461;2607afff73ce4b1d888f9d14185628fbea13a2f2b1662638009b8bf959f961e1;2899ab94709349de57ee348d70abf3a6e35bcd76dfbca5fda5cd0cd1db8571db;2a7357f81d3c6a1f9c83c4fbdfef28ef7b9a727ddf2ccbba3dc44122cb5e88a9;2adcfc82573296f0e628c1eeea9247b764699a944fe3865c0de090bd7dd3ccc5;2b7f9193f4e8f4c33a235f5e345a4594fb63d36022e06b8c2c3db9319bcff93f;2bbba4d1b4aee2bcabfc21a66c8d5dfbeb394b371611af5a73b0922c32f7c9b5;2bf24ef372f5a9cd893dbffd952b38ad55b7c822f1ece7a363418b3af35e9adf;2d6daf10f72463252d6a2f1a28f6d138da44dfd5485c6de54b7b1a04340ea7e1;3a052adf51e50ada050d153b022d66ac7d8eae4571bf26182df25884664316d4;3bc584d76448fe3e0a2c5ebc9296d2fcf48494e584a2da52b8326fb08e578afa;3bff142bbd0831341a906feea4fec45fc6dd3325f3ca66fd16ec904d4ff66e2b;3ef8335f055deac650fed4eaef4d89155c5d03e764195e400f35f0a432663552;405a1316d9bbdc0f660c10ec7ba238df988443077804ee62169a98f4fe384e40;40b6fe1545cff148cb45ccdc6278f0afa2195b9feff7477c1005c2a77970a25d;415741bda30af5ec458d1400f7e1914aaccc94fac623453a0044c3142826cbba;4226daf247c6e1999d7bfbe0c49d302548168dfe6abba3a74d818ce948aff8e8;42dcc3c5f64a08fe666eb9198dfea3980fe395f5e9455b919c5afb41f6bf9204;46246e62fdf37122838acb38b6585d27cce6296e786784a67b70342ba53a5fde;46cf6be8ee2cd7a74f1b23d36502b145aad474a0be70bcf55196e881c02a428d;4824d341553acdd28418c2811550505cd29ee559b7ba5b4c126f75247faa1b94;48fafaf518c4ea867656f9203180cad4b93e2f1c6a6983fbec10b8d606727a61;4917f41928e0911538d96f87864eb8b5f14a3f9624555443a3e7a2e839fcdaaf;4922b51a55103d26add25c524fcd0f11196b6aae6609118e2ba0d3c65963d309;4976fed05257e5aa806c53fd6579b250b5e7a0c10b026a68453aba7a2a6b041f;499d98c96731371a7df389a5f5dddac0e61fdd925cbe8c2db94fc0a5cfdaae6f;49ad15e1a81003cc55b31f510bcc4d521ba189076fe750e2e068c44db4d2931f;4aed413cc03f3096cd14b9557a3695ca649c4301dd820258b63cf3e669d9d376;4d4f776e9e13aa48be388859f7ec0e2f3e8813e27735a2a0bb381d3b59d22362;4e4a2844e43b46b8f4124b3e657e4f091386c823c8983a82b4ee4bb1483063d1;4f83e8fd61ed6a625f030403a68f582e170ead2f8fccde8b02cc322a6b0aac07;5111b80e7b918dc48ad15f17e9db2bd0618a710a5c9c0b1e26dc9282c69d5ce5;519bc4a1464bb5809840f3e99af3127dc38b607d1a7d9273adb3e3e995100314;52f4efc70b7d932cf125c4e0c5384142b0dae6096c5cbe7404dede9fa18425f5;53bc1f1b866ad5d24f300c4c584e652a3f080521ba81fac85b7ad95672080a36;54796ddd93e032e1aa3ee0ba028f5720cbe2b4535d4fef4bf5970bee010fb5ec;578e81abd9b2445c664092e2322be84dece837e0e7f2f5494cbd0c774d50f77a;59ed27b12fdee62151d916168d95ec479fd6787fec31ab390a0eaf513a9c2a76;5b67de5cc59bba57d3a0367ea9b24ee3571c8487be23b312c110d2fa7a087219;5b9ba709ceafb28fa0e21a48f3cb981540a2aefa09dcd1f52573f03c213b6a86;5ecc2a6e63fef68c9e2aeafdd430701a8005277cdf398fa6c67c2cea73f56e58;6019858dc027728ab1e4465c53f3bb3ad80d82fe4cb812fefdd4b8d01dc59d4a;622122f24c6319c87a3f3037e7ae090068062129df89dfb93dbfd10ca4c646a4;623bd39f6d67fa24ea701100f180749a4d4fd8aea3a7d6348c62338036183e92;6302f16f22f49a11cce8ef1924dfcb4150ff3fb8f5545efc502cd8029454d7cc;650bd0e078c3c323b0365faf3e2b614251cd611e971f749513fd7ea537ad5ed7;6929fe8e1d5afd2843c9b4bfb437566904b1ba779bde2d844da87442e46270b3;6ce36beb986e9204aa7a48fe29850cb3376dac62317e051d6079ae64b94a825e;6e670a10442512f0a54d8553456f881091cc433fd06c4ec62241f8cb92d7095c;6e737d81e63125ca8b2e08369fe676221e954b8aa03d41d98a7d2805e217f269;70d8fdf07b15fe120199bb45908f4b4b9216881376b388d4198cc69b38e5c3d8;73804441f0961502ba7b16438ace3c7033013ea2338cb5f4beb7f8669699380f;73a31e0ebdbc84ab1b1d2aa6a62c020ce290fa82dd6b7f5ccfe93b198f37668c;73f09e64ea94867873f3c08056c1ef26dce4f458194a360402556a9147303b36;76d809fce74333494701ad3c18b7cdb1eada972ff74b9e485d6299874ab18da7;783feae92314d087bdb28b9b42a141d0a14f5ed0c472eee91aad2e2faab365ba;79fb90f517acb8671e9efe90afa18b85c4d18f4a75a06aad5b5e8042d82c4f72;7a6fe42b006df86f84906d73cd6782fe54e34914d7f96c0b90c94de00793f068;7b74474e132d100b844d7aca3c0ebe0fd2af09aa5a75d84770b4555a791eb783;7fab01d17dc3cd949e1f3ddf25d19921935c84af5f3c832f31f0dc6b155a25fe;85c73e42340ee4ea85d54eda4d4e8d0e7988086890d41418268ec3888d9e9e8c;86d76d052da050307971fa3babfe52a5a2f0f493c5d5b2c54e10672e17d92182;896e5a41b86bccc7c8e847834499d0f65a466df86cb6d0b80860a36c0b3f6b26;89bfe652c02cdf4daac903eb88bf1b5b539abda8e3ecbc799e0893c756488451;8ff457655643a929796bfad25c83e643c84e154892f835e9cd0f4660362e439f;91de9e91ebc0d1853cb620d4f605fa693dca176438d7aca64cfa57826264250a;94b47ae1e4f7f0760d9d8468e0d64de5ccfb6f15f808dd23831626252ba84560;97d5f900fc4a48808514403b5f05a31dbc753d896ff54adb8bbda0c4eb1bdd57;9850eee3ee53df9dae96b763461790ad7ca75d626e69eafffd221fff2e4d0ed7;99bdbb26c0f1f22369e7305bf5d91fc6782ccba3509edcabcb263bd2c68274fc;9a966893fcb82c40112ed86219dc7c118dfadc7aa2ae3bc9bd55ee41f41b1690;9da71406e8ca82b04b33ac760c1c9d83812b3b5909780990d4b86e8e21dd001e;9e8cd882b72aad0a334b29b8508130d7e1738b8476f1900e415ede0f8b945c49;a3f469d5897a3fdb2f383bbccb1867df08b6005f525ac1676ce1dd28e9209e04;a456e658b9c9415787219df7611cbdc1f8fcfc39a0183e5b729f001ae6b5f8e7;a8bc8078862f535b3ef5ccef891229e483b3c02e7d938bc5b66de59ce4544d35;a9bda682dc0a2957fe345b5742ff7ae9ae96e9edd05907b8334a967c8573df62;ab39dd84e7e1a0893ea38db7afb31154f60b93db20c8b43a57a94ee8a9b4d1bb;ac3f4947c1068a47d0b2caecde48bdebbdfe231648c0c81c78bc3215eec8bcb6;adc48ae578d31d89df6576376f40f7d3e5a32f2fd0d1db51038d26d5c4b3f1e3;adcc1811a9c91f13ec391c022927928151a55780a037f552bbcddfaf4c2bbfbe;b016081ecb26124cd6adebb6df33b0252794c5406e6c313aafe06a453834beef;b0b1013a1911d1fb41dc1a727c5a82330add975ada62919e0a8214814d9282a6;b0b565533a661b817a2682e6e980072b4c39f2c9848ed28a0bc2ade3ff6fe395;b13f1c6231ae66f342fd3bb8fd99b40eb7dbd317f39925a62317b31960f80450;b16951e348caaedb9e4d67cbe35ba507845944fdb4a66084ce27d034a3816715;b60a8cc13df21c153f91779851952745d8e2b2b9105c876ce612369b61769966;b60f9980f33645d150f245117492ca21e40ec80892c442c68fa987432ab93d94;b634943ba8460009503f8a3346fff7d4b3b2598475a79761b78c590a3f5ca308;b714ca611b0a54268d0da81da8f2d438fe5e190feeb2804b706676d68cdde8a3;b83710f99cc37355dc86ba17b1b62294273738a55dc5d8036e903b16e60e0546;bb75447873ec3de81d732f7609ac554574f52cdd643f1b97e27c7462db0d3d03;bb86ae884759380e4632de9e19b9fcf781b3fcb3b9c74f3dcfb9c4d5256ab492;bc0855b0e324aff3cedbd237eff2c2215e2d8481cf1472a0d37e52fd42638a5e;bca6bee7350175d28e7c4d6a507b715d4b00d44bbcbf70152786b2b7683080fd;bd71ffd813085a62c3274a529649e44b2e170fb101395f80685245f816e09ca2;bda2dd49e9a940c1c0332ec0d3d14b06270c56db540b3a523b37901c7e510368;bfec32557b90321f9c4d90d43dfeaef481c68d5bc54e1f8bcf9256c5444a63d1;c297ea53bceba0aa5665267b96a96c4f17270487e50860bea8a03f611c4cd8d5;c2f098dc17289915b0ff37c8b95aed78dc2373ae695f861c1596ba87aacd0f70;c8f0976a05dea8dea01b97cd2722baf70ddf0536191be3a1a7561afc15576c77;cbc457419e2df7bcdf1c3dafd7565d1a22a1eec7c8e255c24e141253b8a2e99f;d02e4a7e5dac93cf4c2ecfcbe3d70049dffa3629b981441957b1be34eb9542f6;d1c5b88e7fe9ef2a1ee8cc2e007d7b7fb6d1b0941f2c33070c6c115c279a38aa;d2d9f0b0f0cb9d0323f4637cf653e50ee0f8d98c1a2c5b5c2653b025eb44d9c5;d3ac0e3bb81d850b39ff8082ff69c09358760147ef61bcda6f11c31749687d24;db1bf180a6fbebd74ef751ae95b50ef884ceff74146327281b278449fb5db825;dbb616eeb35bd941a4d0e4324ae2a45c21bb98b4e11008a49dbfe6584f5ad1dc;dc22607f0f35e401fade14046b8089cfb3f04f9db1db84bb6e24c09f9fb82fd6;dec68bceb6ce768a6b5996b32fbf72c38770e0bbbc01335de6e69a4db31a7387;e17619d42f527b3bfc33b40f57c1a25b8790292253fe6f68c2d7d345b98a93f0;e31ab915b51f7ed17596e8b446eb840d16bbf7b1bed01f57693f2916f98aff0a;e5e58cef5420c1d73b7f453cedab0318537500db94529f616bda38c777755a29;e62e1c3483b40c03c46b23918673249fc7dd4e5dfb89c18813b1747a0d031ea1;e6416e410f60ab45ba202078065c9b66a09d6055b333ecc3e2596719b8d238bf;ea92ffe6a498a53fcf73ede6a8ed737f25b3ecfd4b44f1bb32d4a6ccbdc7939f;eff49f68b5aff8baa6d246d25d9b79c3bf084cf754cb5c295f9afdcf4d5897c0;f088f201b296e426ca494c5b304be741b039154676d896caa1e68c2e89b5e8f3;f3677a27fdc86a3aa6f65ff9c5b34382e54f944aa7f58564e9800dcc31466df8;f38fee3963cc5f0e60470ce01779b8cebaa57ebc622ae042107ff895aeb936fb;f433e80a99e3a85a4b8b6c5826f93e4835fa75f69945e25cda38e1b2db20ed49;f6001dd88972892270aa8897b8def76ef7ca029036eba9249b3cba2320f84362;f717a54ec62b7df3e77426c38c6fbe925b4872b57a193b66d4d336e56e1fb88b;f7caf8d4c0eec194b9a64c56223f48d971acb35bb6a509f346eb930071582163;f8cd52f11ef2b603c1fb5e1cd7d2f371a330f77a3a0ea04a37f6c03025007637;f9bfdc3b686723aa0665b674d6b9c16d90806a0aff725de8919459d70151c510;f9e2b3a2ef45148027351d181362c184aaa8f7a98ba863d3c1e08ad90c7f97d2;fa35aa3d52e4ad42eb65700b3cd7977c630433956206b3cf8af85d6b08512217;fe4acd365a6344b1ba7a0404cece9891990a2d6ec45ebebc33861617d171853f,KEEP_HISTORICAL_EVIDENCE,Historical failed/diagnostic experiment establishes the scientific evidence chain.,NEVER_DELETE,Not treated as rebuildable; retain raw evidence and manifests.,Historical failed/diagnostic experiment establishes the scientific evidence chain.
docs/date2027,directory,60127484,480,001ba05b2e24d9c25c30e19e9374b9ea582c55190ade53199dec04cb7a00db53,CONTENT_AND_PATHS,0,TRACKED_OR_MIXED,NOT_DETERMINABLE,Current checkout inspection,Rule-based discovery plus repository-wide rg/manual inspection.,Retained; no absence-of-reference inference used.,No deletion decision based solely on Makefile absence.,Tests inspected; protected/historical paths retained.,Repository documentation search considered.,NOT_ASSERTED,10be65de31504bd5c6f4029606dd2e4850eca227e9d84c1d1512e21388cf8a7c;21b41e134297d1261d764e70b51320975faa56695ef23b7fb9f24ea6403b93fa;e3b0c44298fc1c149afbf4c8996fb92427ae41e4649b934ca495991b7852b855,KEEP_PROTECTED,Protected DATE history.,NEVER_DELETE,Protected publication evidence; no cleanup regeneration claim.,Protected DATE history.
paper/date2027_revision3,directory,471216,19,139e1e442c4de80c03563008d5bc4114518d0ccf39750fab4cf2b325fe1d85fe,CONTENT_AND_PATHS,0,TRACKED_OR_MIXED,NOT_DETERMINABLE,Current checkout inspection,Rule-based discovery plus repository-wide rg/manual inspection.,Retained; no absence-of-reference inference used.,No deletion decision based solely on Makefile absence.,Tests inspected; protected/historical paths retained.,Repository documentation search considered.,NOT_ASSERTED,NONE,KEEP_PROTECTED,Protected DATE history.,NEVER_DELETE,Protected publication evidence; no cleanup regeneration claim.,Protected DATE history.
carbon_calib.json,file,1809,1,a69d48441aa04e3e1a3d0f110e3143ff3b3eba6f42485951a42b59f3df6f5e87,CONTENT_AND_PATHS,0,TRACKED,NOT_DETERMINABLE,Current checkout inspection,Rule-based discovery plus repository-wide rg/manual inspection.,Retained; no absence-of-reference inference used.,No deletion decision based solely on Makefile absence.,Tests inspected; protected/historical paths retained.,Repository documentation search considered.,NOT_ASSERTED,NONE,KEEP_SOURCE_OF_RECORD,Existing calibration source required for legacy reproducibility.,NEVER_DELETE,Canonical input; not generated.,Existing calibration source required for legacy reproducibility.
carbon_defaults.json,file,498,1,aa56386e103cf367a1ec884720286f4a87989583c4eab5f0bd518d49d37db9fa,CONTENT_AND_PATHS,0,TRACKED,NOT_DETERMINABLE,Current checkout inspection,Rule-based discovery plus repository-wide rg/manual inspection.,Retained; no absence-of-reference inference used.,No deletion decision based solely on Makefile absence.,Tests inspected; protected/historical paths retained.,Repository documentation search considered.,NOT_ASSERTED,NONE,KEEP_SOURCE_OF_RECORD,Existing calibration source required for legacy reproducibility.,NEVER_DELETE,Canonical input; not generated.,Existing calibration source required for legacy reproducibility.
nand2_area.json,file,68,1,ee6919b8993cb705c33bc7e4415ddf4d231c7bb8463c11a3fa9d0eb345952117,CONTENT_AND_PATHS,0,TRACKED,NOT_DETERMINABLE,Current checkout inspection,Rule-based discovery plus repository-wide rg/manual inspection.,Retained; no absence-of-reference inference used.,No deletion decision based solely on Makefile absence.,Tests inspected; protected/historical paths retained.,Repository documentation search considered.,NOT_ASSERTED,NONE,KEEP_SOURCE_OF_RECORD,Existing calibration source required for legacy reproducibility.,NEVER_DELETE,Canonical input; not generated.,Existing calibration source required for legacy reproducibility.
tech_calib.json,file,3474,1,b2206d16465360fd958d21b7e10151bea1bf21908599f76de83c960b7b10b975,CONTENT_AND_PATHS,0,TRACKED,NOT_DETERMINABLE,Current checkout inspection,Rule-based discovery plus repository-wide rg/manual inspection.,Retained; no absence-of-reference inference used.,No deletion decision based solely on Makefile absence.,Tests inspected; protected/historical paths retained.,Repository documentation search considered.,NOT_ASSERTED,NONE,KEEP_SOURCE_OF_RECORD,Existing calibration source required for legacy reproducibility.,NEVER_DELETE,Canonical input; not generated.,Existing calibration source required for legacy reproducibility.
tech_calib_uncertainty.json,file,10734,1,867f3016ad2dd48b0702203fd2d14419e9340d15fe3fa09bdd4f2ceee2c52ca4,CONTENT_AND_PATHS,0,TRACKED,NOT_DETERMINABLE,Current checkout inspection,Rule-based discovery plus repository-wide rg/manual inspection.,Retained; no absence-of-reference inference used.,No deletion decision based solely on Makefile absence.,Tests inspected; protected/historical paths retained.,Repository documentation search considered.,NOT_ASSERTED,NONE,KEEP_SOURCE_OF_RECORD,Existing calibration source required for legacy reproducibility.,NEVER_DELETE,Canonical input; not generated.,Existing calibration source required for legacy reproducibility.
a.out,file,1547,1,97aff8182bc73226d9013a649efb252da76c64cb7401130f3efa233bdf9fb090,CONTENT_AND_PATHS,0,UNTRACKED_OR_IGNORED,NOT_DETERMINABLE,Current checkout inspection,Rule-based discovery plus repository-wide rg/manual inspection.,Retained; no absence-of-reference inference used.,No deletion decision based solely on Makefile absence.,Tests inspected; protected/historical paths retained.,Repository documentation search considered.,NOT_ASSERTED,NONE,UNKNOWN_REQUIRES_RETENTION,Possible exploratory output or referenced evidence; retained absent conclusive provenance.,KEEP_PENDING_REVIEW,No deletion claimed.,Possible exploratory output or referenced evidence; retained absent conclusive provenance.
drift.json,file,756,1,28fa72cdeb58a94e2ca87d7c171fe7e38bf504cff3e67920da112d0e062ed8de,CONTENT_AND_PATHS,0,TRACKED,NOT_DETERMINABLE,Current checkout inspection,Rule-based discovery plus repository-wide rg/manual inspection.,Retained; no absence-of-reference inference used.,No deletion decision based solely on Makefile absence.,Tests inspected; protected/historical paths retained.,Repository documentation search considered.,NOT_ASSERTED,NONE,UNKNOWN_REQUIRES_RETENTION,Possible exploratory output or referenced evidence; retained absent conclusive provenance.,KEEP_PENDING_REVIEW,No deletion claimed.,Possible exploratory output or referenced evidence; retained absent conclusive provenance.
batch_results.csv,file,10923,1,dd5d402ea51627889be9a81f22fe0091183bb36c74e6998c0fa3a051b36ca909,CONTENT_AND_PATHS,0,UNTRACKED_OR_IGNORED,NOT_DETERMINABLE,Current checkout inspection,Rule-based discovery plus repository-wide rg/manual inspection.,Retained; no absence-of-reference inference used.,No deletion decision based solely on Makefile absence.,Tests inspected; protected/historical paths retained.,Repository documentation search considered.,NOT_ASSERTED,NONE,UNKNOWN_REQUIRES_RETENTION,Possible exploratory output or referenced evidence; retained absent conclusive provenance.,KEEP_PENDING_REVIEW,No deletion claimed.,Possible exploratory output or referenced evidence; retained absent conclusive provenance.
comparison_results.json,file,1337,1,1e19ff180bc5a21d139b914d71c6269e3b14dadd6b7e8436b69c67c80eba42bd,CONTENT_AND_PATHS,0,UNTRACKED_OR_IGNORED,NOT_DETERMINABLE,Current checkout inspection,Rule-based discovery plus repository-wide rg/manual inspection.,Retained; no absence-of-reference inference used.,No deletion decision based solely on Makefile absence.,Tests inspected; protected/historical paths retained.,Repository documentation search considered.,NOT_ASSERTED,NONE,UNKNOWN_REQUIRES_RETENTION,Possible exploratory output or referenced evidence; retained absent conclusive provenance.,KEEP_PENDING_REVIEW,No deletion claimed.,Possible exploratory output or referenced evidence; retained absent conclusive provenance.
decoding_results.json,file,52952,1,ed952b059ff30f7d585962aceb7c1dc7f5bee1af0cc9e49ab8719c1240f6b713,CONTENT_AND_PATHS,0,UNTRACKED_OR_IGNORED,NOT_DETERMINABLE,Current checkout inspection,Rule-based discovery plus repository-wide rg/manual inspection.,Retained; no absence-of-reference inference used.,No deletion decision based solely on Makefile absence.,Tests inspected; protected/historical paths retained.,Repository documentation search considered.,NOT_ASSERTED,NONE,UNKNOWN_REQUIRES_RETENTION,Possible exploratory output or referenced evidence; retained absent conclusive provenance.,KEEP_PENDING_REVIEW,No deletion claimed.,Possible exploratory output or referenced evidence; retained absent conclusive provenance.
ecc_stats.json,file,225,1,82ad699b9d0af93af4caba4046ec6c429d3b748406e4edb99fe407454701ef2a,CONTENT_AND_PATHS,0,UNTRACKED_OR_IGNORED,NOT_DETERMINABLE,Current checkout inspection,Rule-based discovery plus repository-wide rg/manual inspection.,Retained; no absence-of-reference inference used.,No deletion decision based solely on Makefile absence.,Tests inspected; protected/historical paths retained.,Repository documentation search considered.,NOT_ASSERTED,NONE,UNKNOWN_REQUIRES_RETENTION,Possible exploratory output or referenced evidence; retained absent conclusive provenance.,KEEP_PENDING_REVIEW,No deletion claimed.,Possible exploratory output or referenced evidence; retained absent conclusive provenance.
secdaec_energy.csv,file,31311,1,5ebb952045129cdd14c1824286f48f41c6147b21c1354f6fdd822c07a9f30e9e,CONTENT_AND_PATHS,0,UNTRACKED_OR_IGNORED,NOT_DETERMINABLE,Current checkout inspection,Rule-based discovery plus repository-wide rg/manual inspection.,Retained; no absence-of-reference inference used.,No deletion decision based solely on Makefile absence.,Tests inspected; protected/historical paths retained.,Repository documentation search considered.,NOT_ASSERTED,NONE,UNKNOWN_REQUIRES_RETENTION,Possible exploratory output or referenced evidence; retained absent conclusive provenance.,KEEP_PENDING_REVIEW,No deletion claimed.,Possible exploratory output or referenced evidence; retained absent conclusive provenance.
