OPENROAD: /OpenROAD-flow-scripts/tools/OpenROAD
mkdir -p /gate03e-run-02/results/sky130hd/gcd/base/
echo 1.1 > /gate03e-run-02/results/sky130hd/gcd/base/clock_period.txt
/OpenROAD-flow-scripts/flow/scripts/synth.sh /OpenROAD-flow-scripts/flow/scripts/synth_canonicalize.tcl /gate03e-run-02/logs/sky130hd/gcd/base/1_1_yosys_canonicalize.log
Using ABC speed script.
Extracting clock period from SDC file: /gate03e-run-02/results/sky130hd/gcd/base/clock_period.txt
Setting clock period to 1.1
1. Executing Liberty frontend: /OpenROAD-flow-scripts/flow/platforms/sky130hd/lib/sky130_fd_sc_hd__tt_025C_1v80.lib
2. Executing Liberty frontend: /OpenROAD-flow-scripts/flow/platforms/sky130hd/lib/sky130_fd_sc_hd__tt_025C_1v80.lib
3. Executing Verilog-2005 frontend: /OpenROAD-flow-scripts/flow/designs/src/gcd/gcd.v
4. Executing Verilog-2005 frontend: /OpenROAD-flow-scripts/flow/platforms/sky130hd/cells_clkgate_hd.v
5. Executing HIERARCHY pass (managing design hierarchy).
6. Executing AST frontend in derive mode using pre-parsed AST for module `\gcd'.
6.1. Analyzing design hierarchy..
6.2. Executing AST frontend in derive mode using pre-parsed AST for module `\GcdUnitDpathRTL_0x4d0fc71ead8d3d9e'.
6.3. Executing AST frontend in derive mode using pre-parsed AST for module `\GcdUnitCtrlRTL_0x4d0fc71ead8d3d9e'.
6.4. Analyzing design hierarchy..
6.5. Executing AST frontend in derive mode using pre-parsed AST for module `\RegRst_0x9f365fdf6c8998a'.
6.6. Executing AST frontend in derive mode using pre-parsed AST for module `\RegEn_0x68db79c4ec1d6e5b'.
6.7. Executing AST frontend in derive mode using pre-parsed AST for module `\Subtractor_0x422b1f52edd46a85'.
6.8. Executing AST frontend in derive mode using pre-parsed AST for module `\Mux_0xdd6473406d1a99a'.
6.9. Executing AST frontend in derive mode using pre-parsed AST for module `\Mux_0x683fa1a418b072c9'.
6.10. Executing AST frontend in derive mode using pre-parsed AST for module `\ZeroComparator_0x422b1f52edd46a85'.
6.11. Executing AST frontend in derive mode using pre-parsed AST for module `\LtComparator_0x422b1f52edd46a85'.
6.12. Analyzing design hierarchy..
6.13. Analyzing design hierarchy..
7. Executing OPT_CLEAN pass (remove unused cells and wires).
Warning: Ignoring module ZeroComparator_0x422b1f52edd46a85 because it contains processes (run 'proc' command first).
Warning: Ignoring module Mux_0x683fa1a418b072c9 because it contains processes (run 'proc' command first).
Warning: Ignoring module Mux_0xdd6473406d1a99a because it contains processes (run 'proc' command first).
Warning: Ignoring module Subtractor_0x422b1f52edd46a85 because it contains processes (run 'proc' command first).
Warning: Ignoring module RegEn_0x68db79c4ec1d6e5b because it contains processes (run 'proc' command first).
Warning: Ignoring module RegRst_0x9f365fdf6c8998a because it contains processes (run 'proc' command first).
Warning: Ignoring module GcdUnitCtrlRTL_0x4d0fc71ead8d3d9e because it contains processes (run 'proc' command first).
Warning: Ignoring module LtComparator_0x422b1f52edd46a85 because it contains processes (run 'proc' command first).
8. Executing RTLIL backend.
Warnings: 8 unique messages, 8 total
End of script. Logfile hash: 55585628c4, time: 0.37s, user: 0.22s, system: 0.11s, MEM: 56.73 MB peak
Yosys 0.68+post (git sha1 UNKNOWN, Release, GNU /usr/local/bin/wrapped-cc/g++ 11.4.0)
Time spent: 73% 4x read_liberty (0 sec), 7% 4x read_verilog (0 sec), ...
Elapsed time: 0:00.38[h:]min:sec. CPU time: user 0.24 sys 0.14 (96%). Peak memory: 60712KB.
Log                       Ext     Elapsed/s Peak Memory/MB sha1sum result [0:20)
1_1_yosys_canonicalize    .rtlil          0             59 f71ed75a728f1b09f265
/OpenROAD-flow-scripts/flow/scripts/synth.sh /OpenROAD-flow-scripts/flow/scripts/synth.tcl /gate03e-run-02/logs/sky130hd/gcd/base/1_2_yosys.log
Using ABC speed script.
Extracting clock period from SDC file: /gate03e-run-02/results/sky130hd/gcd/base/clock_period.txt
Setting clock period to 1.1
1. Executing RTLIL frontend.
2. Executing HIERARCHY pass (managing design hierarchy).
2.1. Analyzing design hierarchy..
2.2. Analyzing design hierarchy..
3. Executing SYNTH pass.
3.1. Executing HIERARCHY pass (managing design hierarchy).
3.1.1. Analyzing design hierarchy..
3.1.2. Analyzing design hierarchy..
3.2. Executing PROC pass (convert processes to netlists).
3.2.1. Executing PROC_CLEAN pass (remove empty switches from decision trees).
3.2.2. Executing PROC_RMDEAD pass (remove dead branches from decision trees).
3.2.3. Executing PROC_PRUNE pass (remove redundant assignments in processes).
3.2.4. Executing PROC_INIT pass (extract init attributes).
3.2.5. Executing PROC_ARST pass (detect async resets in processes).
3.2.6. Executing PROC_ROM pass (convert switches to ROMs).
3.2.7. Executing PROC_MUX pass (convert decision trees to multiplexers).
3.2.8. Executing PROC_DLATCH pass (convert process syncs to latches).
Warning: Latch inferred for signal `\GcdUnitCtrlRTL_0x4d0fc71ead8d3d9e.\do_sub' from process `\GcdUnitCtrlRTL_0x4d0fc71ead8d3d9e.$proc$/OpenROAD-flow-scripts/flow/designs/src/gcd/gcd.v:277$5603': $auto$proc_dlatch.cc:547:proc_dlatch$5817
Warning: Latch inferred for signal `\GcdUnitCtrlRTL_0x4d0fc71ead8d3d9e.\do_swap' from process `\GcdUnitCtrlRTL_0x4d0fc71ead8d3d9e.$proc$/OpenROAD-flow-scripts/flow/designs/src/gcd/gcd.v:277$5603': $auto$proc_dlatch.cc:547:proc_dlatch$5820
3.2.9. Executing PROC_DFF pass (convert process syncs to FFs).
3.2.10. Executing PROC_MEMWR pass (convert process memory writes to cells).
3.2.11. Executing PROC_CLEAN pass (remove empty switches from decision trees).
3.2.12. Executing OPT_EXPR pass (perform const folding).
3.3. Executing CHECK pass (checking for obvious problems).
3.4. Executing FLATTEN pass (flatten design).
3.5. Executing OPT_EXPR pass (perform const folding).
3.6. Executing OPT_CLEAN pass (remove unused cells and wires).
3.7. Executing CHECK pass (checking for obvious problems).
3.8. Executing OPT pass (performing simple optimizations).
3.8.1. Executing OPT_EXPR pass (perform const folding).
3.8.2. Executing OPT_MERGE pass (detect identical cells).
3.8.3. Executing OPT_MUXTREE pass (detect dead branches in mux trees).
3.8.4. Executing OPT_REDUCE pass (consolidate $*mux and $reduce_* inputs).
3.8.5. Executing OPT_MERGE pass (detect identical cells).
3.8.6. Executing OPT_DFF pass (perform DFF optimizations).
3.8.7. Executing OPT_CLEAN pass (remove unused cells and wires).
3.8.8. Executing OPT_EXPR pass (perform const folding).
3.8.9. Rerunning OPT passes. (Maybe there is more to do..)
3.8.10. Executing OPT_MUXTREE pass (detect dead branches in mux trees).
3.8.11. Executing OPT_REDUCE pass (consolidate $*mux and $reduce_* inputs).
3.8.12. Executing OPT_MERGE pass (detect identical cells).
3.8.13. Executing OPT_DFF pass (perform DFF optimizations).
3.8.14. Executing OPT_CLEAN pass (remove unused cells and wires).
3.8.15. Executing OPT_EXPR pass (perform const folding).
3.8.16. Finished fast OPT passes. (There is nothing left to do.)
3.9. Executing FSM pass (extract and optimize FSM).
3.9.1. Executing FSM_DETECT pass (finding FSMs in design).
3.9.2. Executing FSM_EXTRACT pass (extracting FSM from design).
3.9.3. Executing FSM_OPT pass (simple optimizations of FSMs).
3.9.4. Executing OPT_CLEAN pass (remove unused cells and wires).
3.9.5. Executing FSM_OPT pass (simple optimizations of FSMs).
3.9.6. Executing FSM_RECODE pass (re-assigning FSM state encoding).
3.9.7. Executing FSM_INFO pass (dumping all available information on FSM cells).
3.9.8. Executing FSM_MAP pass (mapping FSMs to basic logic).
3.10. Executing OPT pass (performing simple optimizations).
3.10.1. Executing OPT_EXPR pass (perform const folding).
3.10.2. Executing OPT_MERGE pass (detect identical cells).
3.10.3. Executing OPT_MUXTREE pass (detect dead branches in mux trees).
3.10.4. Executing OPT_REDUCE pass (consolidate $*mux and $reduce_* inputs).
3.10.5. Executing OPT_MERGE pass (detect identical cells).
3.10.6. Executing OPT_DFF pass (perform DFF optimizations).
3.10.7. Executing OPT_CLEAN pass (remove unused cells and wires).
3.10.8. Executing OPT_EXPR pass (perform const folding).
3.10.9. Rerunning OPT passes. (Maybe there is more to do..)
3.10.10. Executing OPT_MUXTREE pass (detect dead branches in mux trees).
3.10.11. Executing OPT_REDUCE pass (consolidate $*mux and $reduce_* inputs).
3.10.12. Executing OPT_MERGE pass (detect identical cells).
3.10.13. Executing OPT_DFF pass (perform DFF optimizations).
3.10.14. Executing OPT_CLEAN pass (remove unused cells and wires).
3.10.15. Executing OPT_EXPR pass (perform const folding).
3.10.16. Finished fast OPT passes. (There is nothing left to do.)
3.11. Executing WREDUCE pass (reducing word size of cells).
3.12. Executing PEEPOPT pass (run peephole optimizers).
3.13. Executing OPT_CLEAN pass (remove unused cells and wires).
3.14. Executing ALUMACC pass (create $alu and $macc cells).
3.15. Executing SHARE pass (SAT-based resource sharing).
3.16. Executing OPT pass (performing simple optimizations).
3.16.1. Executing OPT_EXPR pass (perform const folding).
3.16.2. Executing OPT_MERGE pass (detect identical cells).
3.16.3. Executing OPT_MUXTREE pass (detect dead branches in mux trees).
3.16.4. Executing OPT_REDUCE pass (consolidate $*mux and $reduce_* inputs).
3.16.5. Executing OPT_MERGE pass (detect identical cells).
3.16.6. Executing OPT_DFF pass (perform DFF optimizations).
3.16.7. Executing OPT_CLEAN pass (remove unused cells and wires).
3.16.8. Executing OPT_EXPR pass (perform const folding).
3.16.9. Rerunning OPT passes. (Maybe there is more to do..)
3.16.10. Executing OPT_MUXTREE pass (detect dead branches in mux trees).
3.16.11. Executing OPT_REDUCE pass (consolidate $*mux and $reduce_* inputs).
3.16.12. Executing OPT_MERGE pass (detect identical cells).
3.16.13. Executing OPT_DFF pass (perform DFF optimizations).
3.16.14. Executing OPT_CLEAN pass (remove unused cells and wires).
3.16.15. Executing OPT_EXPR pass (perform const folding).
3.16.16. Finished fast OPT passes. (There is nothing left to do.)
3.17. Executing MEMORY pass.
3.17.1. Executing OPT_MEM pass (optimize memories).
3.17.2. Executing OPT_MEM_PRIORITY pass (removing unnecessary memory write priority relations).
3.17.3. Executing OPT_MEM_FEEDBACK pass (finding memory read-to-write feedback paths).
3.17.4. Executing MEMORY_BMUX2ROM pass (converting muxes to ROMs).
3.17.5. Executing MEMORY_DFF pass (merging $dff cells to $memrd).
3.17.6. Executing OPT_CLEAN pass (remove unused cells and wires).
3.17.7. Executing MEMORY_SHARE pass (consolidating $memrd/$memwr cells).
3.17.8. Executing OPT_MEM_WIDEN pass (optimize memories where all ports are wide).
3.17.9. Executing OPT_CLEAN pass (remove unused cells and wires).
3.17.10. Executing MEMORY_COLLECT pass (generating $mem cells).
3.18. Executing OPT_CLEAN pass (remove unused cells and wires).
4. Executing TECHMAP pass (map to technology primitives).
4.1. Executing Verilog-2005 frontend: /OpenROAD-flow-scripts/tools/install/yosys/bin/../share/yosys/techmap.v
4.2. Continuing TECHMAP pass.
5. Generating architectural options for $alu
5.1. Executing WRAPCELL pass. (wrap selected cells)
5.2. Executing TECHMAP pass (map to technology primitives).
5.2.1. Executing Verilog-2005 frontend: /OpenROAD-flow-scripts/tools/install/yosys/bin/../share/yosys/techmap.v
5.2.2. Executing Verilog-2005 frontend: /OpenROAD-flow-scripts/tools/install/yosys/bin/../share/yosys/choices/han-carlson.v
5.2.3. Continuing TECHMAP pass.
Warning: Latch inferred for signal `$paramod\_80_lcu_han_carlson\WIDTH=32'00000000000000000000000000010000.\j [2:0]' from process `$paramod\_80_lcu_han_carlson\WIDTH=32'00000000000000000000000000010000.$proc$/OpenROAD-flow-scripts/tools/install/yosys/bin/../share/yosys/choices/han-carlson.v:18$6517': $auto$proc_dlatch.cc:545:proc_dlatch$7072
Warning: Latch inferred for signal `$paramod\_80_lcu_han_carlson\WIDTH=32'00000000000000000000000000010000.\j [31:3]' from process `$paramod\_80_lcu_han_carlson\WIDTH=32'00000000000000000000000000010000.$proc$/OpenROAD-flow-scripts/tools/install/yosys/bin/../share/yosys/choices/han-carlson.v:18$6517': $auto$proc_dlatch.cc:547:proc_dlatch$7075
5.3. Executing TECHMAP pass (map to technology primitives).
5.3.1. Executing Verilog-2005 frontend: /OpenROAD-flow-scripts/tools/install/yosys/bin/../share/yosys/techmap.v
5.3.2. Executing Verilog-2005 frontend: /OpenROAD-flow-scripts/tools/install/yosys/bin/../share/yosys/choices/kogge-stone.v
5.3.3. Continuing TECHMAP pass.
5.4. Executing TECHMAP pass (map to technology primitives).
5.4.1. Executing Verilog-2005 frontend: /OpenROAD-flow-scripts/tools/install/yosys/bin/../share/yosys/techmap.v
5.4.2. Executing Verilog-2005 frontend: /OpenROAD-flow-scripts/tools/install/yosys/bin/../share/yosys/choices/sklansky.v
5.4.3. Continuing TECHMAP pass.
5.5. Executing TECHMAP pass (map to technology primitives).
5.5.1. Executing Verilog-2005 frontend: /OpenROAD-flow-scripts/tools/install/yosys/bin/../share/yosys/techmap.v
5.5.2. Continuing TECHMAP pass.
6. Generating architectural options for $macc
6.1. Executing WRAPCELL pass. (wrap selected cells)
6.2. Executing TECHMAP pass (map to technology primitives).
6.2.1. Executing Verilog-2005 frontend: /OpenROAD-flow-scripts/tools/install/yosys/bin/../share/yosys/techmap.v
6.2.2. Executing Verilog-2005 frontend: /OpenROAD-flow-scripts/flow/scripts/synth_wrap_operators-booth.v
6.2.3. Continuing TECHMAP pass.
6.3. Executing TECHMAP pass (map to technology primitives).
6.3.1. Executing Verilog-2005 frontend: /OpenROAD-flow-scripts/tools/install/yosys/bin/../share/yosys/techmap.v
6.3.2. Executing Verilog-2005 frontend: /OpenROAD-flow-scripts/tools/install/yosys/bin/../share/yosys/choices/han-carlson.v
6.3.3. Continuing TECHMAP pass.
7. Executing OPT pass (performing simple optimizations).
7.1. Executing OPT_EXPR pass (perform const folding).
7.2. Executing OPT_MERGE pass (detect identical cells).
7.3. Executing OPT_DFF pass (perform DFF optimizations).
7.4. Executing OPT_CLEAN pass (remove unused cells and wires).
7.5. Finished fast OPT passes.
8. Executing MEMORY_MAP pass (converting memories to logic and flip-flops).
9. Executing OPT pass (performing simple optimizations).
9.1. Executing OPT_EXPR pass (perform const folding).
9.2. Executing OPT_MERGE pass (detect identical cells).
9.3. Executing OPT_MUXTREE pass (detect dead branches in mux trees).
9.4. Executing OPT_REDUCE pass (consolidate $*mux and $reduce_* inputs).
9.5. Executing OPT_MERGE pass (detect identical cells).
9.6. Executing OPT_SHARE pass.
9.7. Executing OPT_DFF pass (perform DFF optimizations).
9.8. Executing OPT_CLEAN pass (remove unused cells and wires).
9.9. Executing OPT_EXPR pass (perform const folding).
9.10. Finished fast OPT passes. (There is nothing left to do.)
10. Executing TECHMAP pass (map to technology primitives).
10.1. Executing Verilog-2005 frontend: /OpenROAD-flow-scripts/tools/install/yosys/bin/../share/yosys/techmap.v
10.2. Executing Verilog-2005 frontend: /OpenROAD-flow-scripts/tools/install/yosys/bin/../share/yosys/choices/han-carlson.v
10.3. Continuing TECHMAP pass.
11. Executing OPT pass (performing simple optimizations).
11.1. Executing OPT_EXPR pass (perform const folding).
11.2. Executing OPT_MERGE pass (detect identical cells).
11.3. Executing OPT_MUXTREE pass (detect dead branches in mux trees).
11.4. Executing OPT_REDUCE pass (consolidate $*mux and $reduce_* inputs).
11.5. Executing OPT_MERGE pass (detect identical cells).
11.6. Executing OPT_DFF pass (perform DFF optimizations).
11.7. Executing OPT_CLEAN pass (remove unused cells and wires).
11.8. Executing OPT_EXPR pass (perform const folding).
11.9. Rerunning OPT passes. (Maybe there is more to do..)
11.10. Executing OPT_MUXTREE pass (detect dead branches in mux trees).
11.11. Executing OPT_REDUCE pass (consolidate $*mux and $reduce_* inputs).
11.12. Executing OPT_MERGE pass (detect identical cells).
11.13. Executing OPT_DFF pass (perform DFF optimizations).
11.14. Executing OPT_CLEAN pass (remove unused cells and wires).
11.15. Executing OPT_EXPR pass (perform const folding).
11.16. Finished fast OPT passes. (There is nothing left to do.)
12. Executing DFFLEGALIZE pass (convert FFs to types supported by the target).
13. Executing TECHMAP pass (map to technology primitives).
13.1. Executing Verilog-2005 frontend: /OpenROAD-flow-scripts/flow/platforms/sky130hd/cells_latch_hd.v
13.2. Continuing TECHMAP pass.
14. Executing DFFLIBMAP pass (mapping DFF cells to sequential cells from liberty file).
14.1. Executing DFFLEGALIZE pass (convert FFs to types supported by the target).
15. Executing OPT pass (performing simple optimizations).
15.1. Executing OPT_EXPR pass (perform const folding).
15.2. Executing OPT_MERGE pass (detect identical cells).
15.3. Executing OPT_MUXTREE pass (detect dead branches in mux trees).
15.4. Executing OPT_REDUCE pass (consolidate $*mux and $reduce_* inputs).
15.5. Executing OPT_MERGE pass (detect identical cells).
15.6. Executing OPT_DFF pass (perform DFF optimizations).
15.7. Executing OPT_CLEAN pass (remove unused cells and wires).
15.8. Executing OPT_EXPR pass (perform const folding).
15.9. Finished fast OPT passes. (There is nothing left to do.)
16. Executing SETUNDEF pass (replace undef values with defined constants).
abc_new -liberty /OpenROAD-flow-scripts/flow/platforms/sky130hd/lib/sky130_fd_sc_hd__tt_025C_1v80.lib -dont_use sky130_fd_sc_hd__probe_p_8 -dont_use sky130_fd_sc_hd__probec_p_8 -dont_use sky130_fd_sc_hd__lpflow_bleeder_1 -dont_use sky130_fd_sc_hd__lpflow_clkbufkapwr_1 -dont_use sky130_fd_sc_hd__lpflow_clkbufkapwr_16 -dont_use sky130_fd_sc_hd__lpflow_clkbufkapwr_2 -dont_use sky130_fd_sc_hd__lpflow_clkbufkapwr_4 -dont_use sky130_fd_sc_hd__lpflow_clkbufkapwr_8 -dont_use sky130_fd_sc_hd__lpflow_clkinvkapwr_1 -dont_use sky130_fd_sc_hd__lpflow_clkinvkapwr_16 -dont_use sky130_fd_sc_hd__lpflow_clkinvkapwr_2 -dont_use sky130_fd_sc_hd__lpflow_clkinvkapwr_4 -dont_use sky130_fd_sc_hd__lpflow_clkinvkapwr_8 -dont_use sky130_fd_sc_hd__lpflow_decapkapwr_12 -dont_use sky130_fd_sc_hd__lpflow_decapkapwr_3 -dont_use sky130_fd_sc_hd__lpflow_decapkapwr_4 -dont_use sky130_fd_sc_hd__lpflow_decapkapwr_6 -dont_use sky130_fd_sc_hd__lpflow_decapkapwr_8 -dont_use sky130_fd_sc_hd__lpflow_inputiso0n_1 -dont_use sky130_fd_sc_hd__lpflow_inputiso0p_1 -dont_use sky130_fd_sc_hd__lpflow_inputiso1n_1 -dont_use sky130_fd_sc_hd__lpflow_inputiso1p_1 -dont_use sky130_fd_sc_hd__lpflow_inputisolatch_1 -dont_use sky130_fd_sc_hd__lpflow_isobufsrc_1 -dont_use sky130_fd_sc_hd__lpflow_isobufsrc_16 -dont_use sky130_fd_sc_hd__lpflow_isobufsrc_2 -dont_use sky130_fd_sc_hd__lpflow_isobufsrc_4 -dont_use sky130_fd_sc_hd__lpflow_isobufsrc_8 -dont_use sky130_fd_sc_hd__lpflow_isobufsrckapwr_16 -dont_use sky130_fd_sc_hd__lpflow_lsbuf_lh_hl_isowell_tap_1 -dont_use sky130_fd_sc_hd__lpflow_lsbuf_lh_hl_isowell_tap_2 -dont_use sky130_fd_sc_hd__lpflow_lsbuf_lh_hl_isowell_tap_4 -dont_use sky130_fd_sc_hd__lpflow_lsbuf_lh_isowell_4 -dont_use sky130_fd_sc_hd__lpflow_lsbuf_lh_isowell_tap_1 -dont_use sky130_fd_sc_hd__lpflow_lsbuf_lh_isowell_tap_2 -dont_use sky130_fd_sc_hd__lpflow_lsbuf_lh_isowell_tap_4 -constr /gate03e-run-02/objects/sky130hd/gcd/base/abc.constr -D 1.1
Warning: Feature 'abc_new' is experimental.
17. Executing ABC_NEW pass.
17.1. Executing ABC9_OPS pass (helper functions for ABC9).
17.2. Executing BOX_DERIVE pass. (derive modules for boxes)
17.3. Executing ABC9_OPS pass (helper functions for ABC9).
17.4. Executing ABC9_OPS pass (helper functions for ABC9).
17.5. Mapping module 'ALU_16_0_16_0_16_unused_CO[14:0]_X_HAN_CARLSON'.
17.5.1. Executing ABC9_OPS pass (helper functions for ABC9).
Warning: Feature 'write_xaiger2' is experimental.
17.5.2. Executing XAIGER2 backend.
17.5.3. Executing ABC9_EXE pass (technology mapping using ABC9).
17.5.4. Executing ABC9.
Warning: Feature 'read_xaiger2' is experimental.
17.5.5. Executing XAIGER2 frontend.
17.6. Executing PORTARCS pass. (derive propagation arcs)
17.7. Executing ABC9_OPS pass (helper functions for ABC9).
17.8. Mapping module 'gcd'.
17.8.1. Executing ABC9_OPS pass (helper functions for ABC9).
17.8.2. Executing XAIGER2 backend.
17.8.3. Executing ABC9_EXE pass (technology mapping using ABC9).
17.8.4. Executing ABC9.
17.8.5. Executing XAIGER2 frontend.
17.9. Mapping module 'ALU_16_0_16_0_16_unused_CO[14:0]_X_BRENT_KUNG'.
17.9.1. Executing ABC9_OPS pass (helper functions for ABC9).
17.9.2. Executing XAIGER2 backend.
17.9.3. Executing ABC9_EXE pass (technology mapping using ABC9).
17.9.4. Executing ABC9.
17.9.5. Executing XAIGER2 frontend.
17.10. Executing PORTARCS pass. (derive propagation arcs)
17.11. Executing ABC9_OPS pass (helper functions for ABC9).
17.12. Mapping module 'ALU_16_0_16_0_16_unused_CO[14:0]_X_SKLANSKY'.
17.12.1. Executing ABC9_OPS pass (helper functions for ABC9).
17.12.2. Executing XAIGER2 backend.
17.12.3. Executing ABC9_EXE pass (technology mapping using ABC9).
17.12.4. Executing ABC9.
17.12.5. Executing XAIGER2 frontend.
17.13. Executing PORTARCS pass. (derive propagation arcs)
17.14. Executing ABC9_OPS pass (helper functions for ABC9).
17.15. Mapping module 'ALU_16_0_16_0_16_unused_CO[14:0]_X_KOGGE_STONE'.
17.15.1. Executing ABC9_OPS pass (helper functions for ABC9).
17.15.2. Executing XAIGER2 backend.
17.15.3. Executing ABC9_EXE pass (technology mapping using ABC9).
17.15.4. Executing ABC9.
17.15.5. Executing XAIGER2 frontend.
17.16. Executing PORTARCS pass. (derive propagation arcs)
17.17. Executing ABC9_OPS pass (helper functions for ABC9).
17.18. Executing ABC9_OPS pass (helper functions for ABC9).
18. Executing SPLITNETS pass (splitting up multi-bit signals).
19. Executing OPT_CLEAN pass (remove unused cells and wires).
20. Executing HILOMAP pass (mapping to constant drivers).
21. Executing INSBUF pass (insert buffer cells for connected wires).
22. Executing CHECK pass (checking for obvious problems).
23. Printing statistics.
24. Executing CHECK pass (checking for obvious problems).
25. Executing Verilog backend.
25.1. Executing BMUXMAP pass.
25.2. Executing DEMUXMAP pass.
Warnings: 7 unique messages, 7 total
Warnings: 3 experimental features used (not excluded with -x).
End of script. Logfile hash: 603c8b3d57, time: 3.54s, user: 1.23s, system: 1.05s, MEM: 71.21 MB peak
Yosys 0.68+post (git sha1 UNKNOWN, Release, GNU /usr/local/bin/wrapped-cc/g++ 11.4.0)
Time spent: 34% 5x abc9_exe (1 sec), 16% 1x abc_new (0 sec), ...
Elapsed time: 0:03.57[h:]min:sec. CPU time: user 2.12 sys 1.40 (98%). Peak memory: 74332KB.
Log                       Ext     Elapsed/s Peak Memory/MB sha1sum result [0:20)
1_2_yosys                 .v              3             72 9aee1444e62e2785dc2e
cp /OpenROAD-flow-scripts/flow/designs/sky130hd/gcd/constraint.sdc /gate03e-run-02/results/sky130hd/gcd/base/1_2_yosys.sdc
touch -r /OpenROAD-flow-scripts/flow/designs/sky130hd/gcd/constraint.sdc /gate03e-run-02/results/sky130hd/gcd/base/1_2_yosys.sdc
OpenROAD 26Q3-1080-gab6fd26351 
Features included (+) or not (-): +GPU +GUI +Python
This program is licensed under the BSD-3 license. See the LICENSE file for details.
Components of this program may be licensed under more restrictive licenses which must be honored.
[INFO ORD-0030] Using 16 thread(s).
mkdir -p /gate03e-run-02/objects/sky130hd/gcd/base
/OpenROAD-flow-scripts/flow/scripts/flow.sh 1_synth synth_odb
Running synth_odb.tcl, stage 1_synth
read_liberty /OpenROAD-flow-scripts/flow/platforms/sky130hd/lib/sky130_fd_sc_hd__tt_025C_1v80.lib
[INFO ODB-0227] LEF file: /OpenROAD-flow-scripts/flow/platforms/sky130hd/lef/sky130_fd_sc_hd.tlef, created 13 layers, 25 vias
[INFO ODB-0227] LEF file: /OpenROAD-flow-scripts/flow/platforms/sky130hd/lef/sky130_fd_sc_hd_merged.lef, created 441 library cells
link_design -hier gcd
[WARNING ORD-0011] Hierarchical flow (-hier) is currently in development and may cause multiple issues. Do not use in production environments.
read_sdc /gate03e-run-02/results/sky130hd/gcd/base/1_2_yosys.sdc
source /OpenROAD-flow-scripts/flow/platforms/sky130hd/setRC.tcl
eliminate_dead_logic
Removed 0 unused instances and 0 unused nets.
Design area 2313 um^2 100% utilization.
write_db /gate03e-run-02/results/sky130hd/gcd/base/1_synth.odb
write_sdc -no_timestamp /gate03e-run-02/results/sky130hd/gcd/base/1_synth.sdc
Elapsed time: 0:00.84[h:]min:sec. CPU time: user 0.68 sys 0.16 (99%). Peak memory: 128824KB.
Log                       Ext     Elapsed/s Peak Memory/MB sha1sum result [0:20)
1_synth                   .odb            0            125 2fa8d277aff319991284
1_synth                   .sdc                             72ae7311f1e75126a7ea
/OpenROAD-flow-scripts/flow/scripts/flow.sh 2_1_floorplan floorplan
Running floorplan.tcl, stage 2_1_floorplan
read_liberty /OpenROAD-flow-scripts/flow/platforms/sky130hd/lib/sky130_fd_sc_hd__tt_025C_1v80.lib
read_db -hier /gate03e-run-02/results/sky130hd/gcd/base/1_synth.odb
[WARNING ORD-0012] Hierarchical flow (-hier) is currently in development and may cause multiple issues. Do not use in production environments.
read_sdc /gate03e-run-02/results/sky130hd/gcd/base/1_synth.sdc
source /OpenROAD-flow-scripts/flow/platforms/sky130hd/setRC.tcl
Master sky130_ef_sc_hd__decap_12 is loaded but not used in the design

==========================================================================
Floorplan check_setup
--------------------------------------------------------------------------
number instances in verilog is 223
[INFO IFP-0107] Defining die area using utilization: 38.00% and aspect ratio: 1.
[WARNING IFP-0028] Core area lower left (1.000, 1.000) snapped to (1.380, 2.720).
[INFO IFP-0001] Added 28 rows of 168 site unithd.
[INFO IFP-0100] Die BBox:  (  0.000  0.000 ) ( 80.025 80.025 ) um
[INFO IFP-0101] Core BBox: (  1.380  2.720 ) ( 78.660 78.880 ) um
[INFO IFP-0102] Core area:                         5885.645 um^2
[INFO IFP-0103] Total instances area:              2313.469 um^2
[INFO IFP-0104] Effective utilization:                0.393
[INFO IFP-0105] Number of instances:                    222
source /OpenROAD-flow-scripts/flow/platforms/sky130hd/make_tracks.tcl
source /OpenROAD-flow-scripts/flow/platforms/sky130hd/fastroute.tcl
Repair tie lo fanout...
Repair tie hi fanout...
[INFO RSZ-0042] Inserted 2 tie sky130_fd_sc_hd__conb_1 instances.
replace_arith_modules -path_count 1000 -target setup -slack_threshold 0.0
[INFO RSZ-0151] Starting arithmetic module replacement to optimize 'setup' target
[INFO RSZ-0152] Analyzing 1000 critical paths with slack < 0.00
[INFO RSZ-0153] Identified 84 violating endpoints
[INFO RSZ-0154] Identified 1 critical arithmetic instances
[INFO ODB-0496] swapMaster sanity check passed (0 failures)
[INFO RSZ-0160] 1 arithmetic instances have swapped to improve 'setup' target
repair_timing -setup_margin 0 -hold_margin 0 -repair_tns 100 -match_cell_footprint -setup -skip_last_gasp -sequence unbuffer,sizeup,swap,vt_swap -verbose
[WARNING EST-0027] no estimated parasitics. Using wire load models.
[INFO RSZ-0100] Repair move sequence: UnbufferMove SizeUpMove SwapPinsMove 
[INFO RSZ-0094] Found 83 endpoints with setup violations.
[INFO RSZ-0099] Repairing 83 out of 83 (100.00%) violating endpoints...
   Iter   | Removed | Resized | Inserted | Cloned |  Pin  |   Area   |    WNS   |   StTNS    |   EnTNS    |  Viol  |  Worst  
          | Buffers |  Gates  | Buffers  |  Gates | Swaps |          |          |            |            | Endpts | St/EnPt 
------------------------------------------------------------------------------------------------------------------------------
       0* |       0 |       0 |        0 |      0 |     0 |    +0.0% |   -2.097 |      -60.4 |      -94.3 |     83 | dpath.b_reg.out\[0\]$_DFFE_PP_/DE
      10* |       0 |       7 |        0 |      0 |     2 |    +0.9% |   -1.330 |      -38.2 |      -72.1 |     83 | dpath.b_reg.out\[0\]$_DFFE_PP_/DE
      20* |       0 |      13 |        0 |      0 |     6 |    +2.3% |   -1.265 |      -37.6 |      -68.7 |     83 | dpath.b_reg.out\[0\]$_DFFE_PP_/DE
      30* |       0 |      19 |        0 |      0 |    10 |    +2.8% |   -1.205 |      -36.3 |      -67.3 |     83 | dpath.b_reg.out\[0\]$_DFFE_PP_/DE
      40* |       0 |      22 |        0 |      0 |    17 |    +3.0% |   -1.155 |      -35.7 |      -65.7 |     83 | dpath.a_reg.out\[15\]$_DFFE_PP_/D
      41* |       0 |      22 |        0 |      0 |    18 |    +3.0% |   -1.154 |      -35.6 |      -65.6 |     83 | dpath.b_reg.out\[0\]$_DFFE_PP_/DE
      42* |       0 |      22 |        0 |      0 |    18 |    +3.0% |   -1.154 |      -35.6 |      -65.6 |     83 | dpath.b_reg.out\[0\]$_DFFE_PP_/DE
      43* |       0 |      22 |        0 |      0 |    18 |    +3.0% |   -1.154 |      -35.6 |      -65.6 |     83 | dpath.b_reg.out\[0\]$_DFFE_PP_/DE
      44* |       0 |      22 |        0 |      0 |    18 |    +3.0% |   -1.154 |      -35.6 |      -65.6 |     83 | dpath.b_reg.out\[0\]$_DFFE_PP_/DE
      45* |       0 |      22 |        0 |      0 |    18 |    +3.0% |   -1.154 |      -35.6 |      -65.6 |     83 | dpath.b_reg.out\[0\]$_DFFE_PP_/DE
      46* |       0 |      22 |        0 |      0 |    18 |    +3.0% |   -1.154 |      -35.6 |      -65.6 |     83 | dpath.b_reg.out\[0\]$_DFFE_PP_/DE
      47* |       0 |      22 |        0 |      0 |    18 |    +3.0% |   -1.154 |      -35.6 |      -65.6 |     83 | dpath.b_reg.out\[0\]$_DFFE_PP_/DE
      48* |       0 |      22 |        0 |      0 |    18 |    +3.0% |   -1.154 |      -35.6 |      -65.6 |     83 | dpath.b_reg.out\[0\]$_DFFE_PP_/DE
      49* |       0 |      22 |        0 |      0 |    18 |    +3.0% |   -1.154 |      -35.6 |      -65.6 |     83 | dpath.b_reg.out\[0\]$_DFFE_PP_/DE
      50* |       0 |      22 |        0 |      0 |    18 |    +3.0% |   -1.154 |      -35.6 |      -65.6 |     83 | dpath.b_reg.out\[0\]$_DFFE_PP_/DE
      50* |       0 |      22 |        0 |      0 |    18 |    +3.0% |   -1.154 |      -35.6 |      -65.6 |     83 | dpath.b_reg.out\[0\]$_DFFE_PP_/DE
      51* |       0 |      22 |        0 |      0 |    18 |    +3.0% |   -1.154 |      -35.6 |      -65.6 |     83 | dpath.b_reg.out\[0\]$_DFFE_PP_/DE
      52* |       0 |      22 |        0 |      0 |    18 |    +3.0% |   -1.154 |      -35.6 |      -65.6 |     83 | dpath.b_reg.out\[0\]$_DFFE_PP_/DE
      53* |       0 |      22 |        0 |      0 |    18 |    +3.0% |   -1.154 |      -35.6 |      -65.6 |     83 | dpath.b_reg.out\[0\]$_DFFE_PP_/DE
      54* |       0 |      22 |        0 |      0 |    18 |    +3.0% |   -1.154 |      -35.6 |      -65.6 |     83 | dpath.b_reg.out\[0\]$_DFFE_PP_/DE
      55* |       0 |      22 |        0 |      0 |    18 |    +3.0% |   -1.154 |      -35.6 |      -65.6 |     83 | dpath.b_reg.out\[0\]$_DFFE_PP_/DE
      56* |       0 |      22 |        0 |      0 |    18 |    +3.0% |   -1.154 |      -35.6 |      -65.6 |     83 | dpath.b_reg.out\[0\]$_DFFE_PP_/DE
      60* |       0 |      24 |        0 |      0 |    19 |    +3.6% |   -1.154 |      -35.6 |      -65.4 |     83 | dpath.b_reg.out\[0\]$_DFFE_PP_/DE
      63* |       0 |      23 |        0 |      0 |    19 |    +3.3% |   -1.154 |      -35.6 |      -65.0 |     83 | dpath.b_reg.out\[0\]$_DFFE_PP_/DE
      66* |       0 |      23 |        0 |      0 |    19 |    +3.3% |   -1.154 |      -35.6 |      -65.0 |     83 | dpath.b_reg.out\[0\]$_DFFE_PP_/DE
      70* |       0 |      26 |        0 |      0 |    19 |    +3.9% |   -1.154 |      -35.2 |      -65.4 |     83 | dpath.b_reg.out\[0\]$_DFFE_PP_/DE
      70* |       0 |      24 |        0 |      0 |    19 |    +3.6% |   -1.154 |      -35.2 |      -64.9 |     83 | dpath.b_reg.out\[0\]$_DFFE_PP_/DE
      73* |       0 |      24 |        0 |      0 |    19 |    +3.6% |   -1.154 |      -35.2 |      -64.9 |     83 | dpath.b_reg.out\[0\]$_DFFE_PP_/DE
      76* |       0 |      24 |        0 |      0 |    19 |    +3.6% |   -1.154 |      -35.2 |      -64.9 |     83 | dpath.b_reg.out\[0\]$_DFFE_PP_/DE
      79* |       0 |      24 |        0 |      0 |    19 |    +3.6% |   -1.154 |      -35.2 |      -64.9 |     83 | dpath.b_reg.out\[0\]$_DFFE_PP_/DE
      80* |       0 |      24 |        0 |      0 |    19 |    +3.6% |   -1.154 |      -35.2 |      -64.9 |     83 | dpath.b_reg.out\[0\]$_DFFE_PP_/DE
      83* |       0 |      24 |        0 |      0 |    20 |    +3.6% |   -1.154 |      -35.0 |      -64.8 |     83 | dpath.b_reg.out\[0\]$_DFFE_PP_/DE
      86* |       0 |      24 |        0 |      0 |    20 |    +3.6% |   -1.154 |      -35.0 |      -64.8 |     83 | dpath.b_reg.out\[0\]$_DFFE_PP_/DE
      89* |       0 |      24 |        0 |      0 |    20 |    +3.6% |   -1.154 |      -35.0 |      -64.8 |     83 | dpath.b_reg.out\[0\]$_DFFE_PP_/DE
      90* |       0 |      24 |        0 |      0 |    20 |    +3.6% |   -1.154 |      -35.0 |      -64.8 |     83 | dpath.b_reg.out\[0\]$_DFFE_PP_/DE
      92* |       0 |      24 |        0 |      0 |    20 |    +3.6% |   -1.154 |      -35.0 |      -64.8 |     83 | dpath.b_reg.out\[0\]$_DFFE_PP_/DE
      95* |       0 |      24 |        0 |      0 |    20 |    +3.6% |   -1.154 |      -35.0 |      -64.8 |     83 | dpath.b_reg.out\[0\]$_DFFE_PP_/DE
      98* |       0 |      24 |        0 |      0 |    20 |    +3.6% |   -1.154 |      -35.0 |      -64.8 |     83 | dpath.b_reg.out\[0\]$_DFFE_PP_/DE
     100* |       0 |      25 |        0 |      0 |    20 |    +3.9% |   -1.154 |      -35.1 |      -65.3 |     83 | dpath.b_reg.out\[0\]$_DFFE_PP_/DE
     101* |       0 |      24 |        0 |      0 |    20 |    +3.6% |   -1.154 |      -35.0 |      -64.8 |     83 | dpath.b_reg.out\[0\]$_DFFE_PP_/DE
     104* |       0 |      24 |        0 |      0 |    20 |    +3.6% |   -1.154 |      -35.0 |      -64.8 |     83 | dpath.b_reg.out\[0\]$_DFFE_PP_/DE
     107* |       0 |      24 |        0 |      0 |    20 |    +3.6% |   -1.154 |      -35.0 |      -64.8 |     83 | dpath.b_reg.out\[0\]$_DFFE_PP_/DE
     110* |       0 |      26 |        0 |      0 |    20 |    +3.9% |   -1.154 |      -35.1 |      -65.3 |     83 | dpath.b_reg.out\[0\]$_DFFE_PP_/DE
     110* |       0 |      24 |        0 |      0 |    20 |    +3.6% |   -1.154 |      -35.0 |      -64.8 |     83 | dpath.b_reg.out\[0\]$_DFFE_PP_/DE
     115* |       0 |      24 |        0 |      0 |    20 |    +3.6% |   -1.154 |      -35.0 |      -64.8 |     83 | dpath.b_reg.out\[0\]$_DFFE_PP_/DE
     120* |       0 |      25 |        0 |      0 |    23 |    +3.9% |   -1.154 |      -35.1 |      -65.3 |     83 | dpath.b_reg.out\[0\]$_DFFE_PP_/DE
     120* |       0 |      25 |        0 |      0 |    22 |    +3.9% |   -1.154 |      -35.1 |      -65.3 |     83 | dpath.b_reg.out\[0\]$_DFFE_PP_/DE
     127* |       0 |      25 |        0 |      0 |    22 |    +3.9% |   -1.154 |      -35.1 |      -65.3 |     83 | dpath.b_reg.out\[0\]$_DFFE_PP_/DE
     129* |       0 |      25 |        0 |      0 |    22 |    +3.9% |   -1.154 |      -35.1 |      -65.3 |     83 | dpath.b_reg.out\[0\]$_DFFE_PP_/DE
     130* |       0 |      25 |        0 |      0 |    22 |    +3.9% |   -1.154 |      -35.1 |      -65.3 |     83 | dpath.b_reg.out\[0\]$_DFFE_PP_/DE
     140* |       0 |      33 |        0 |      0 |    24 |    +4.9% |   -1.194 |      -35.3 |      -66.1 |     83 | dpath.b_reg.out\[0\]$_DFFE_PP_/DE
     143* |       0 |      25 |        0 |      0 |    22 |    +3.9% |   -1.154 |      -35.1 |      -65.3 |     83 | dpath.b_reg.out\[0\]$_DFFE_PP_/DE
     150* |       0 |      31 |        0 |      0 |    22 |    +4.6% |   -1.194 |      -35.2 |      -66.1 |     83 | dpath.b_reg.out\[0\]$_DFFE_PP_/DE
     154* |       0 |      25 |        0 |      0 |    22 |    +3.9% |   -1.154 |      -35.1 |      -65.3 |     83 | dpath.b_reg.out\[0\]$_DFFE_PP_/DE
     160* |       0 |      29 |        0 |      0 |    23 |    +4.6% |   -1.191 |      -35.4 |      -66.3 |     83 | dpath.b_reg.out\[0\]$_DFFE_PP_/DE
     161* |       0 |      25 |        0 |      0 |    22 |    +3.9% |   -1.154 |      -35.1 |      -65.3 |     83 | dpath.b_reg.out\[0\]$_DFFE_PP_/DE
     169* |       0 |      28 |        0 |      0 |    26 |    +4.2% |   -1.154 |      -35.2 |      -65.5 |     83 | dpath.b_reg.out\[0\]$_DFFE_PP_/DE
     170* |       0 |      28 |        0 |      0 |    26 |    +4.2% |   -1.154 |      -35.2 |      -65.5 |     83 | dpath.b_reg.out\[0\]$_DFFE_PP_/DE
     179* |       0 |      29 |        0 |      0 |    26 |    +4.2% |   -1.154 |      -35.2 |      -65.4 |     83 | dpath.b_reg.out\[0\]$_DFFE_PP_/DE
     180* |       0 |      29 |        0 |      0 |    26 |    +4.2% |   -1.154 |      -35.2 |      -65.4 |     83 | dpath.b_reg.out\[0\]$_DFFE_PP_/DE
     188* |       0 |      34 |        0 |      0 |    27 |    +4.4% |   -1.154 |      -34.5 |      -48.3 |     83 | dpath.b_reg.out\[0\]$_DFFE_PP_/DE
     190* |       0 |      35 |        0 |      0 |    27 |    +4.7% |   -1.171 |      -34.6 |      -48.8 |     83 | dpath.b_reg.out\[0\]$_DFFE_PP_/DE
     195* |       0 |      34 |        0 |      0 |    27 |    +4.4% |   -1.154 |      -34.5 |      -48.3 |     83 | dpath.b_reg.out\[0\]$_DFFE_PP_/DE
     196* |       0 |      34 |        0 |      0 |    27 |    +4.4% |   -1.154 |      -34.5 |      -48.3 |     83 | dpath.b_reg.out\[0\]$_DFFE_PP_/DE
     197* |       0 |      34 |        0 |      0 |    27 |    +4.4% |   -1.154 |      -34.5 |      -48.3 |     83 | dpath.b_reg.out\[0\]$_DFFE_PP_/DE
     198* |       0 |      34 |        0 |      0 |    27 |    +4.4% |   -1.154 |      -34.5 |      -48.3 |     83 | dpath.b_reg.out\[0\]$_DFFE_PP_/DE
     199* |       0 |      34 |        0 |      0 |    27 |    +4.4% |   -1.154 |      -34.5 |      -48.3 |     83 | dpath.b_reg.out\[0\]$_DFFE_PP_/DE
     200* |       0 |      34 |        0 |      0 |    27 |    +4.4% |   -1.154 |      -34.5 |      -48.3 |     83 | dpath.b_reg.out\[0\]$_DFFE_PP_/DE
     200* |       0 |      34 |        0 |      0 |    27 |    +4.4% |   -1.154 |      -34.5 |      -48.3 |     83 | dpath.b_reg.out\[0\]$_DFFE_PP_/DE
     201* |       0 |      34 |        0 |      0 |    27 |    +4.4% |   -1.154 |      -34.5 |      -48.3 |     83 | dpath.b_reg.out\[0\]$_DFFE_PP_/DE
     202* |       0 |      34 |        0 |      0 |    27 |    +4.4% |   -1.154 |      -34.5 |      -48.3 |     83 | dpath.b_reg.out\[0\]$_DFFE_PP_/DE
     203* |       0 |      34 |        0 |      0 |    27 |    +4.4% |   -1.154 |      -34.5 |      -48.3 |     83 | dpath.b_reg.out\[0\]$_DFFE_PP_/DE
     204* |       0 |      34 |        0 |      0 |    27 |    +4.4% |   -1.154 |      -34.5 |      -48.3 |     83 | dpath.b_reg.out\[0\]$_DFFE_PP_/DE
     205* |       0 |      34 |        0 |      0 |    27 |    +4.4% |   -1.154 |      -34.5 |      -48.3 |     83 | dpath.b_reg.out\[0\]$_DFFE_PP_/DE
     206* |       0 |      34 |        0 |      0 |    27 |    +4.4% |   -1.154 |      -34.5 |      -48.3 |     83 | dpath.b_reg.out\[0\]$_DFFE_PP_/DE
     207* |       0 |      34 |        0 |      0 |    27 |    +4.4% |   -1.154 |      -34.5 |      -48.3 |     83 | dpath.b_reg.out\[0\]$_DFFE_PP_/DE
     208* |       0 |      34 |        0 |      0 |    27 |    +4.4% |   -1.154 |      -34.5 |      -48.3 |     83 | dpath.b_reg.out\[0\]$_DFFE_PP_/DE
     209* |       0 |      34 |        0 |      0 |    27 |    +4.4% |   -1.154 |      -34.5 |      -48.3 |     83 | dpath.b_reg.out\[0\]$_DFFE_PP_/DE
     210* |       0 |      34 |        0 |      0 |    27 |    +4.4% |   -1.154 |      -34.5 |      -48.3 |     83 | dpath.b_reg.out\[0\]$_DFFE_PP_/DE
     210* |       0 |      34 |        0 |      0 |    27 |    +4.4% |   -1.154 |      -34.5 |      -48.3 |     83 | dpath.b_reg.out\[0\]$_DFFE_PP_/DE
     211* |       0 |      34 |        0 |      0 |    27 |    +4.4% |   -1.154 |      -34.5 |      -48.3 |     83 | dpath.b_reg.out\[0\]$_DFFE_PP_/DE
     214* |       0 |      34 |        0 |      0 |    28 |    +4.4% |   -1.154 |      -34.5 |      -48.3 |     83 | dpath.b_reg.out\[0\]$_DFFE_PP_/DE
     216* |       0 |      34 |        0 |      0 |    28 |    +4.4% |   -1.154 |      -34.5 |      -48.3 |     83 | dpath.b_reg.out\[0\]$_DFFE_PP_/DE
     220* |       0 |      36 |        0 |      0 |    29 |    +4.8% |   -1.165 |      -34.5 |      -48.4 |     83 | dpath.b_reg.out\[0\]$_DFFE_PP_/DE
     220* |       0 |      35 |        0 |      0 |    28 |    +4.6% |   -1.154 |      -34.5 |      -48.2 |     83 | dpath.b_reg.out\[0\]$_DFFE_PP_/DE
     221* |       0 |      35 |        0 |      0 |    28 |    +4.6% |   -1.154 |      -34.5 |      -48.2 |     83 | dpath.b_reg.out\[0\]$_DFFE_PP_/DE
     223* |       0 |      35 |        0 |      0 |    29 |    +4.6% |   -1.154 |      -34.5 |      -48.2 |     83 | dpath.b_reg.out\[0\]$_DFFE_PP_/DE
     225* |       0 |      35 |        0 |      0 |    30 |    +4.6% |   -1.154 |      -34.5 |      -48.2 |     83 | dpath.b_reg.out\[0\]$_DFFE_PP_/DE
     227* |       0 |      35 |        0 |      0 |    31 |    +4.6% |   -1.154 |      -34.5 |      -48.2 |     83 | dpath.b_reg.out\[0\]$_DFFE_PP_/DE
     229* |       0 |      35 |        0 |      0 |    32 |    +4.6% |   -1.154 |      -34.5 |      -48.2 |     83 | dpath.b_reg.out\[0\]$_DFFE_PP_/DE
     230* |       0 |      35 |        0 |      0 |    32 |    +4.6% |   -1.154 |      -34.5 |      -48.2 |     83 | dpath.b_reg.out\[0\]$_DFFE_PP_/DE
     230* |       0 |      35 |        0 |      0 |    32 |    +4.6% |   -1.154 |      -34.5 |      -48.2 |     83 | dpath.b_reg.out\[0\]$_DFFE_PP_/DE
     231* |       0 |      35 |        0 |      0 |    32 |    +4.6% |   -1.154 |      -34.5 |      -48.2 |     83 | dpath.b_reg.out\[0\]$_DFFE_PP_/DE
     232* |       0 |      35 |        0 |      0 |    32 |    +4.6% |   -1.154 |      -34.5 |      -48.2 |     83 | dpath.b_reg.out\[0\]$_DFFE_PP_/DE
     233* |       0 |      35 |        0 |      0 |    32 |    +4.6% |   -1.154 |      -34.5 |      -48.2 |     83 | dpath.b_reg.out\[0\]$_DFFE_PP_/DE
     234* |       0 |      35 |        0 |      0 |    32 |    +4.6% |   -1.154 |      -34.5 |      -48.2 |     83 | dpath.b_reg.out\[0\]$_DFFE_PP_/DE
     235* |       0 |      35 |        0 |      0 |    32 |    +4.6% |   -1.154 |      -34.5 |      -48.2 |     83 | dpath.b_reg.out\[0\]$_DFFE_PP_/DE
     236* |       0 |      35 |        0 |      0 |    32 |    +4.6% |   -1.154 |      -34.5 |      -48.2 |     83 | dpath.b_reg.out\[0\]$_DFFE_PP_/DE
     237* |       0 |      35 |        0 |      0 |    32 |    +4.6% |   -1.154 |      -34.5 |      -48.2 |     83 | dpath.b_reg.out\[0\]$_DFFE_PP_/DE
     238* |       0 |      35 |        0 |      0 |    32 |    +4.6% |   -1.154 |      -34.5 |      -48.2 |     83 | dpath.b_reg.out\[0\]$_DFFE_PP_/DE
     239* |       0 |      35 |        0 |      0 |    32 |    +4.6% |   -1.154 |      -34.5 |      -48.2 |     83 | dpath.b_reg.out\[0\]$_DFFE_PP_/DE
     240* |       0 |      35 |        0 |      0 |    32 |    +4.6% |   -1.154 |      -34.5 |      -48.2 |     83 | dpath.b_reg.out\[0\]$_DFFE_PP_/DE
     240* |       0 |      35 |        0 |      0 |    32 |    +4.6% |   -1.154 |      -34.5 |      -48.2 |     83 | dpath.b_reg.out\[0\]$_DFFE_PP_/DE
     241* |       0 |      35 |        0 |      0 |    32 |    +4.6% |   -1.154 |      -34.5 |      -48.2 |     83 | dpath.b_reg.out\[0\]$_DFFE_PP_/DE
     242* |       0 |      35 |        0 |      0 |    32 |    +4.6% |   -1.154 |      -34.5 |      -48.2 |     83 | dpath.b_reg.out\[0\]$_DFFE_PP_/DE
     243* |       0 |      35 |        0 |      0 |    32 |    +4.6% |   -1.154 |      -34.5 |      -48.2 |     83 | dpath.b_reg.out\[0\]$_DFFE_PP_/DE
     244* |       0 |      35 |        0 |      0 |    32 |    +4.6% |   -1.154 |      -34.5 |      -48.2 |     83 | dpath.b_reg.out\[0\]$_DFFE_PP_/DE
     245* |       0 |      35 |        0 |      0 |    32 |    +4.6% |   -1.154 |      -34.5 |      -48.2 |     83 | dpath.b_reg.out\[0\]$_DFFE_PP_/DE
     245* |       0 |      35 |        0 |      0 |    32 |    +4.6% |   -1.154 |      -34.5 |      -48.2 |     83 | dpath.b_reg.out\[0\]$_DFFE_PP_/DE
    final |       0 |      35 |        0 |      0 |    32 |    +4.6% |   -1.154 |      -34.5 |      -48.2 |     50 | dpath.b_reg.out\[0\]$_DFFE_PP_/DE
------------------------------------------------------------------------------------------------------------------------------
[INFO RSZ-0051] Resized 35 instances: 35 up, 0 up match, 0 down, 0 VT
[INFO RSZ-0043] Swapped pins on 32 instances.
[WARNING RSZ-0062] Unable to repair all setup violations.
[INFO RSZ-0505] Runtime: 2.96s
Default units for flow
 time 1ns
 capacitance 1pF
 resistance 1kohm
 voltage 1v
 current 1mA
 power 1nW
 distance 1um
   Layer   | Unit Resistance | Unit Capacitance 
           |       (kohm/um) |          (pF/um)
------------------------------------------------
       li1 |        7.18e-02 |         1.50e-04
      met1 |        1.21e-03 |         1.72e-04
      met2 |        1.22e-03 |         1.36e-04
      met3 |        1.66e-04 |         2.15e-04
      met4 |        1.68e-04 |         1.48e-04
      met5 |        1.84e-05 |         1.54e-04
------------------------------------------------

   Layer   | Via Resistance 
           |         (kohm) 
----------------------------
      mcon |       9.25e-03 
       via |       4.50e-03 
      via2 |       3.37e-03 
      via3 |       3.77e-04 
      via4 |       5.80e-06 
----------------------------
Report metrics stage 2, floorplan final...

==========================================================================
floorplan final report_design_area
--------------------------------------------------------------------------
Design area 2750 um^2 47% utilization.
write_db /gate03e-run-02/results/sky130hd/gcd/base/2_1_floorplan.odb
write_sdc -no_timestamp /gate03e-run-02/results/sky130hd/gcd/base/2_1_floorplan.sdc
Elapsed time: 0:03.88[h:]min:sec. CPU time: user 2.94 sys 2.84 (149%). Peak memory: 148248KB.
Log                       Ext     Elapsed/s Peak Memory/MB sha1sum result [0:20)
2_1_floorplan             .odb            3            144 16ecd6fbbbefade3797d
2_1_floorplan             .sdc                             72ae7311f1e75126a7ea
/OpenROAD-flow-scripts/flow/scripts/flow.sh 2_2_floorplan_macro macro_place
Running macro_place.tcl, stage 2_2_floorplan_macro
read_liberty /OpenROAD-flow-scripts/flow/platforms/sky130hd/lib/sky130_fd_sc_hd__tt_025C_1v80.lib
read_db -hier /gate03e-run-02/results/sky130hd/gcd/base/2_1_floorplan.odb
[WARNING ORD-0012] Hierarchical flow (-hier) is currently in development and may cause multiple issues. Do not use in production environments.
read_sdc /gate03e-run-02/results/sky130hd/gcd/base/2_1_floorplan.sdc
source /OpenROAD-flow-scripts/flow/platforms/sky130hd/setRC.tcl
No macros found: Skipping macro_placement
Design area 2750 um^2 47% utilization.
write_db /gate03e-run-02/results/sky130hd/gcd/base/2_2_floorplan_macro.odb
Elapsed time: 0:00.74[h:]min:sec. CPU time: user 0.61 sys 0.12 (99%). Peak memory: 126048KB.
Log                       Ext     Elapsed/s Peak Memory/MB sha1sum result [0:20)
2_2_floorplan_macro       .odb            0            123 16ecd6fbbbefade3797d
/OpenROAD-flow-scripts/flow/scripts/flow.sh 2_3_floorplan_tapcell tapcell
Running tapcell.tcl, stage 2_3_floorplan_tapcell
read_liberty /OpenROAD-flow-scripts/flow/platforms/sky130hd/lib/sky130_fd_sc_hd__tt_025C_1v80.lib
read_db -hier /gate03e-run-02/results/sky130hd/gcd/base/2_2_floorplan_macro.odb
[WARNING ORD-0012] Hierarchical flow (-hier) is currently in development and may cause multiple issues. Do not use in production environments.
read_sdc /gate03e-run-02/results/sky130hd/gcd/base/2_1_floorplan.sdc
source /OpenROAD-flow-scripts/flow/platforms/sky130hd/setRC.tcl
[INFO TAP-0005] Inserted 75 tapcells.
Design area 2844 um^2 48% utilization.
write_db /gate03e-run-02/results/sky130hd/gcd/base/2_3_floorplan_tapcell.odb
Elapsed time: 0:00.76[h:]min:sec. CPU time: user 0.61 sys 0.14 (99%). Peak memory: 125700KB.
Log                       Ext     Elapsed/s Peak Memory/MB sha1sum result [0:20)
2_3_floorplan_tapcell     .odb            0            122 5c7fc34faafeaa0b93ff
/OpenROAD-flow-scripts/flow/scripts/flow.sh 2_4_floorplan_pdn pdn
Running pdn.tcl, stage 2_4_floorplan_pdn
read_liberty /OpenROAD-flow-scripts/flow/platforms/sky130hd/lib/sky130_fd_sc_hd__tt_025C_1v80.lib
read_db -hier /gate03e-run-02/results/sky130hd/gcd/base/2_3_floorplan_tapcell.odb
[WARNING ORD-0012] Hierarchical flow (-hier) is currently in development and may cause multiple issues. Do not use in production environments.
read_sdc /gate03e-run-02/results/sky130hd/gcd/base/2_1_floorplan.sdc
source /OpenROAD-flow-scripts/flow/platforms/sky130hd/setRC.tcl
[WARNING PDN-1051] No instances found for grid (CORE_macro_grid_1).
[WARNING PDN-1051] No instances found for grid (CORE_macro_grid_2).
[INFO PDN-0001] Inserting grid: grid
[INFO PDN-0500] Runtime: 0.00s
Design area 2844 um^2 48% utilization.
write_db /gate03e-run-02/results/sky130hd/gcd/base/2_4_floorplan_pdn.odb
Elapsed time: 0:00.77[h:]min:sec. CPU time: user 0.63 sys 0.16 (101%). Peak memory: 128496KB.
Log                       Ext     Elapsed/s Peak Memory/MB sha1sum result [0:20)
2_4_floorplan_pdn         .odb            0            125 fb2e1ee1d341facb829c
cp /gate03e-run-02/results/sky130hd/gcd/base/2_4_floorplan_pdn.odb /gate03e-run-02/results/sky130hd/gcd/base/2_floorplan.odb
cp /gate03e-run-02/results/sky130hd/gcd/base/2_1_floorplan.sdc /gate03e-run-02/results/sky130hd/gcd/base/2_floorplan.sdc
/OpenROAD-flow-scripts/flow/scripts/flow.sh 3_1_place_gp_skip_io global_place_skip_io
Running global_place_skip_io.tcl, stage 3_1_place_gp_skip_io
read_liberty /OpenROAD-flow-scripts/flow/platforms/sky130hd/lib/sky130_fd_sc_hd__tt_025C_1v80.lib
read_db -hier /gate03e-run-02/results/sky130hd/gcd/base/2_floorplan.odb
[WARNING ORD-0012] Hierarchical flow (-hier) is currently in development and may cause multiple issues. Do not use in production environments.
read_sdc /gate03e-run-02/results/sky130hd/gcd/base/2_floorplan.sdc
source /OpenROAD-flow-scripts/flow/platforms/sky130hd/setRC.tcl
global_placement -skip_io -density 0.6 -pad_left 0 -pad_right 0
[INFO GPL-0001] ---- Initialize GPL Main Data Structures
[INFO GPL-0002] DBU: 1000
[INFO GPL-0003] SiteSize: (  0.460  2.720 ) um
[INFO GPL-0004] CoreBBox: (  1.380  2.720 ) ( 78.660 78.880 ) um
[INFO GPL-0016] Core area:                    5885.645 um^2
[INFO GPL-0036] Movable instances area:       2750.138 um^2
[INFO GPL-0037] Total instances area:         2843.978 um^2
[INFO GPL-0035] Pin density area adjust:       182.370 um^2
[INFO GPL-0032] ---- Initialize Region: Top-level
[INFO GPL-0006] Number of instances:               341
[INFO GPL-0007] Movable instances:                 266
[INFO GPL-0008] Fixed instances:                    75
[INFO GPL-0009] Dummy instances:                     0
[INFO GPL-0010] Number of nets:                    302
[INFO GPL-0011] Number of pins:                    969
[INFO GPL-0012] Die BBox:       (  0.000  0.000 ) ( 80.025 80.025 ) um
[INFO GPL-0013] Placement BBox: (  1.380  2.720 ) ( 78.660 78.880 ) um
[INFO GPL-0014] Region name: top-level.
[INFO GPL-0015] Region area:                  5885.645 um^2
[INFO GPL-0017] Fixed instances area:           93.840 um^2
[INFO GPL-0018] Movable instances area:       2932.508 um^2
[INFO GPL-0019] Utilization:                    50.632 %
[INFO GPL-0020] Standard cells area:          2932.508 um^2
[INFO GPL-0021] Large instances area:            0.000 um^2
[INFO GPL-0005] ---- Execute Conjugate Gradient Initial Placement.
[INFO GPL-0051] Source of initial instance position counters:
	Odb location = 0	Core center = 266	Region center = 0
[INFO GPL-0033] ---- Initialize Nesterov Region: Top-level
[INFO GPL-0023] Placement target density:       0.6000
[INFO GPL-0024] Movable insts average area:     11.024 um^2
[INFO GPL-0025] Ideal bin area:                 18.374 um^2
[INFO GPL-0026] Ideal bin count:                   320
[INFO GPL-0027] Total bin area:               5885.645 um^2
[INFO GPL-0028] Bin count (X, Y):          16 ,     16
[INFO GPL-0029] Bin size (W * H):       4.830 *  4.760 um
[INFO GPL-0030] Number of bins:                    256
[INFO GPL-0084] ---- Execute Nesterov Global Placement.
[INFO GPL-0031] HPWL: Half-Perimeter Wirelength
Iteration | Overflow |     HPWL (um) |  HPWL(%) |   Penalty | Group
---------------------------------------------------------------
        0 |   0.9625 |  5.853900e+02 |   +0.00% |  3.70e-14 |      
       10 |   0.9662 |  5.543650e+02 |   -5.30% |  6.03e-14 |      
       20 |   0.9661 |  5.521580e+02 |   -0.40% |  9.82e-14 |      
       30 |   0.9661 |  5.523890e+02 |   +0.04% |  1.60e-13 |      
       40 |   0.9661 |  5.525060e+02 |   +0.02% |  2.60e-13 |      
       50 |   0.9660 |  5.524640e+02 |   -0.01% |  4.24e-13 |      
       60 |   0.9659 |  5.526070e+02 |   +0.03% |  6.91e-13 |      
       70 |   0.9656 |  5.531170e+02 |   +0.09% |  1.13e-12 |      
       80 |   0.9651 |  5.539740e+02 |   +0.15% |  1.83e-12 |      
       90 |   0.9643 |  5.552090e+02 |   +0.22% |  2.99e-12 |      
      100 |   0.9625 |  5.569960e+02 |   +0.32% |  4.87e-12 |      
      110 |   0.9625 |  5.597770e+02 |   +0.50% |  7.92e-12 |      
      120 |   0.9625 |  5.628390e+02 |   +0.55% |  1.29e-11 |      
      130 |   0.9625 |  5.729660e+02 |   +1.80% |  2.10e-11 |      
      140 |   0.9566 |  6.283970e+02 |   +9.67% |  3.43e-11 |      
      150 |   0.9461 |  7.363260e+02 |  +17.18% |  5.58e-11 |      
      160 |   0.8975 |  9.383820e+02 |  +27.44% |  9.09e-11 |      
      170 |   0.8723 |  1.156151e+03 |  +23.21% |  1.48e-10 |      
      180 |   0.8387 |  1.338406e+03 |  +15.76% |  2.41e-10 |      
      190 |   0.8011 |  1.481986e+03 |  +10.73% |  3.93e-10 |      
      200 |   0.7708 |  1.694839e+03 |  +14.36% |  6.40e-10 |      
      210 |   0.7262 |  1.884783e+03 |  +11.21% |  1.04e-09 |      
      220 |   0.6831 |  2.081085e+03 |  +10.42% |  1.70e-09 |      
      230 |   0.6358 |  2.250920e+03 |   +8.16% |  2.76e-09 |      
      240 |   0.5845 |  2.430288e+03 |   +7.97% |  4.50e-09 |      
      250 |   0.5310 |  2.579163e+03 |   +6.13% |  7.33e-09 |      
      260 |   0.4730 |  2.773667e+03 |   +7.54% |  1.19e-08 |      
      270 |   0.4102 |  2.928658e+03 |   +5.59% |  1.95e-08 |      
      280 |   0.3516 |  3.067494e+03 |   +4.74% |  3.17e-08 |      
      290 |   0.3135 |  3.184968e+03 |   +3.83% |  4.76e-08 |      
      300 |   0.2756 |  3.272934e+03 |   +2.76% |  7.02e-08 |      
      310 |   0.2269 |  3.312919e+03 |   +1.22% |  1.03e-07 |      
      320 |   0.2000 |  3.363404e+03 |   +1.52% |  1.52e-07 |      
      330 |   0.1742 |  3.398042e+03 |   +1.03% |  2.24e-07 |      
      340 |   0.1556 |  3.439913e+03 |   +1.23% |  3.31e-07 |      
      350 |   0.1323 |  3.479491e+03 |   +1.15% |  4.87e-07 |      
      360 |   0.1102 |  3.515124e+03 |   +1.02% |  7.17e-07 |      
      367 |   0.0983 |  3.545690e+03 |          |  9.78e-07 |      
---------------------------------------------------------------
[INFO GPL-1001] Global placement finished at iteration 367
[INFO GPL-1002] Placed Cell Area             2932.5078
[INFO GPL-1003] Available Free Area          5791.8048
[INFO GPL-1004] Minimum Feasible Density        0.5100 (cell_area / free_area)
[INFO GPL-1006]   Suggested Target Densities:
[INFO GPL-1007]     - For 90% usage of free space: 0.5626
[INFO GPL-1008]     - For 80% usage of free space: 0.6329
[INFO GPL-1014] Final placement area: 2932.51 (+0.00%)
Design area 2844 um^2 48% utilization.
write_db /gate03e-run-02/results/sky130hd/gcd/base/3_1_place_gp_skip_io.odb
Elapsed time: 0:01.07[h:]min:sec. CPU time: user 5.85 sys 0.14 (557%). Peak memory: 127680KB.
Log                       Ext     Elapsed/s Peak Memory/MB sha1sum result [0:20)
3_1_place_gp_skip_io      .odb            1            124 8eea9acde7e7f60f95f8
/OpenROAD-flow-scripts/flow/scripts/flow.sh 3_2_place_iop io_placement
Running io_placement.tcl, stage 3_2_place_iop
read_liberty /OpenROAD-flow-scripts/flow/platforms/sky130hd/lib/sky130_fd_sc_hd__tt_025C_1v80.lib
read_db -hier /gate03e-run-02/results/sky130hd/gcd/base/3_1_place_gp_skip_io.odb
[WARNING ORD-0012] Hierarchical flow (-hier) is currently in development and may cause multiple issues. Do not use in production environments.
read_sdc /gate03e-run-02/results/sky130hd/gcd/base/2_floorplan.sdc
source /OpenROAD-flow-scripts/flow/platforms/sky130hd/setRC.tcl
place_pins -hor_layers met3 -ver_layers met2
Found 0 macro blocks.
Using 2 tracks default min distance between IO pins.
[INFO PPL-0001] Number of available slots 280
[INFO PPL-0002] Number of I/O             54
[INFO PPL-0003] Number of I/O w/sink      54
[INFO PPL-0004] Number of I/O w/o sink    0
[INFO PPL-0005] Slots per section         200
[INFO PPL-0008] Successfully assigned pins to sections.
[INFO PPL-0012] I/O nets HPWL: 1030.21 um.
Design area 2844 um^2 48% utilization.
write_db /gate03e-run-02/results/sky130hd/gcd/base/3_2_place_iop.odb
Elapsed time: 0:00.75[h:]min:sec. CPU time: user 0.62 sys 0.13 (100%). Peak memory: 126932KB.
Log                       Ext     Elapsed/s Peak Memory/MB sha1sum result [0:20)
3_2_place_iop             .odb            0            123 e992f577c5e4dc37dbdb
/OpenROAD-flow-scripts/flow/scripts/flow.sh 3_3_place_gp global_place
Running global_place.tcl, stage 3_3_place_gp
read_liberty /OpenROAD-flow-scripts/flow/platforms/sky130hd/lib/sky130_fd_sc_hd__tt_025C_1v80.lib
read_db -hier /gate03e-run-02/results/sky130hd/gcd/base/3_2_place_iop.odb
[WARNING ORD-0012] Hierarchical flow (-hier) is currently in development and may cause multiple issues. Do not use in production environments.
read_sdc /gate03e-run-02/results/sky130hd/gcd/base/2_floorplan.sdc
source /OpenROAD-flow-scripts/flow/platforms/sky130hd/setRC.tcl
[INFO RSZ-0026] Removed 0 buffers.
Perform port buffering...
[INFO RSZ-0027] Inserted 35 sky130_fd_sc_hd__clkdlybuf4s50_1 input buffers.
[INFO RSZ-0028] Inserted 18 sky130_fd_sc_hd__clkdlybuf4s50_1 output buffers.
global_placement -density 0.6 -pad_left 0 -pad_right 0 -routability_driven -timing_driven -force_center_initial_place -min_phi_coef 0.95 -max_phi_coef 1.05
[INFO GPL-0001] ---- Initialize GPL Main Data Structures
[INFO GPL-0002] DBU: 1000
[INFO GPL-0003] SiteSize: (  0.460  2.720 ) um
[INFO GPL-0004] CoreBBox: (  1.380  2.720 ) ( 78.660 78.880 ) um
[INFO GPL-0016] Core area:                    5885.645 um^2
[INFO GPL-0036] Movable instances area:       3280.646 um^2
[INFO GPL-0037] Total instances area:         3374.486 um^2
[INFO GPL-0035] Pin density area adjust:       242.963 um^2
[INFO GPL-0032] ---- Initialize Region: Top-level
[INFO GPL-0006] Number of instances:               394
[INFO GPL-0007] Movable instances:                 319
[INFO GPL-0008] Fixed instances:                    75
[INFO GPL-0009] Dummy instances:                     0
[INFO GPL-0010] Number of nets:                    355
[INFO GPL-0011] Number of pins:                   1129
[INFO GPL-0012] Die BBox:       (  0.000  0.000 ) ( 80.025 80.025 ) um
[INFO GPL-0013] Placement BBox: (  1.380  2.720 ) ( 78.660 78.880 ) um
[INFO GPL-0014] Region name: top-level.
[INFO GPL-0015] Region area:                  5885.645 um^2
[INFO GPL-0017] Fixed instances area:           93.840 um^2
[INFO GPL-0018] Movable instances area:       3523.610 um^2
[INFO GPL-0019] Utilization:                    60.838 %
[INFO GPL-0020] Standard cells area:          3523.610 um^2
[INFO GPL-0021] Large instances area:            0.000 um^2
[INFO GPL-0005] ---- Execute Conjugate Gradient Initial Placement.
[INFO GPL-0051] Source of initial instance position counters:
	Odb location = 0	Core center = 319	Region center = 0
[InitialPlace]  Iter: 1 conjugate gradient residual: 0.00000010 HPWL: 6653538
[InitialPlace]  Iter: 2 conjugate gradient residual: 0.00000011 HPWL: 5477803
[InitialPlace]  Iter: 3 conjugate gradient residual: 0.00000011 HPWL: 5471363
[InitialPlace]  Iter: 4 conjugate gradient residual: 0.00000008 HPWL: 5486088
[InitialPlace]  Iter: 5 conjugate gradient residual: 0.00000011 HPWL: 5478857
[INFO GPL-0033] ---- Initialize Nesterov Region: Top-level
[WARNING GPL-0302] Target density 0.6000 is too low for the available free area.
Automatically adjusting to uniform density 0.6100.
[INFO GPL-0023] Placement target density:       0.6100
[INFO GPL-0024] Movable insts average area:     11.046 um^2
[INFO GPL-0025] Ideal bin area:                 18.108 um^2
[INFO GPL-0026] Ideal bin count:                   325
[INFO GPL-0027] Total bin area:               5885.645 um^2
[INFO GPL-0028] Bin count (X, Y):          16 ,     16
[INFO GPL-0029] Bin size (W * H):       4.830 *  4.760 um
[INFO GPL-0030] Number of bins:                    256
[INFO GPL-0084] ---- Execute Nesterov Global Placement.
[INFO GPL-0031] HPWL: Half-Perimeter Wirelength
Iteration | Overflow |     HPWL (um) |  HPWL(%) |   Penalty | Group
---------------------------------------------------------------
        0 |   0.7727 |  3.246542e+03 |   +0.00% |  3.77e-14 |      
[INFO GPL-0100] Timing-driven iteration 1/2, virtual: false.
[INFO GPL-0101]    Iter: 8, overflow: 0.630, keep resizer changes at: 1, HPWL: 3599608
Iteration |   Area    | Resized | Buffers | Nets repaired | Remaining
---------------------------------------------------------------------
        0 |     +0.0% |       0 |       0 |             0 |       357
    final |     +0.0% |       0 |       0 |             0 |         0
---------------------------------------------------------------------
   Iter   |    Area   | Removed | Inserted |   Pins
          |           | Buffers | Buffers  | Remaining
-------------------------------------------------------
        0 |     +0.0% |       0 |        0 |       316
       31 |     +0.0% |       0 |        0 |       285
       62 |     +1.9% |       0 |        5 |       254
       93 |     +2.5% |       0 |        8 |       223
      124 |     +3.2% |       0 |       11 |       192
      155 |     +5.0% |       0 |       19 |       161
      186 |     +7.0% |       0 |       28 |       130
      217 |     +8.5% |       0 |       33 |        99
      248 |    +11.3% |       0 |       46 |        68
      279 |    +16.9% |       0 |       71 |        37
      310 |    +17.8% |       0 |       75 |         6
    final |    +17.8% |       0 |       75 |         0
-------------------------------------------------------
[INFO GPL-0106] Timing-driven: worst slack -1.461075e-09
[INFO GPL-0107] Timing-driven: repair_design delta area: 600.576 um^2 (+17.04%)
[INFO GPL-0108] Timing-driven: repair_design, gpl delta gcells: 75 (+23.51%)
[INFO GPL-0109] Timing-driven: repair_design, gcells created: 75, deleted: 0
[INFO GPL-0110] Timing-driven: new target density: 0.71369416
Iteration | Overflow |     HPWL (um) |  HPWL(%) |   Penalty | Group
---------------------------------------------------------------
       10 |   0.6456 |  3.955067e+03 |  +21.82% |  6.15e-14 |      
       20 |   0.6428 |  3.966875e+03 |   +0.30% |  1.00e-13 |      
       30 |   0.6475 |  3.936589e+03 |   -0.76% |  1.63e-13 |      
       40 |   0.6476 |  3.935754e+03 |   -0.02% |  2.66e-13 |      
       50 |   0.6454 |  3.941916e+03 |   +0.16% |  4.33e-13 |      
       60 |   0.6431 |  3.945618e+03 |   +0.09% |  7.05e-13 |      
       70 |   0.6426 |  3.944361e+03 |   -0.03% |  1.15e-12 |      
       80 |   0.6431 |  3.943126e+03 |   -0.03% |  1.87e-12 |      
       90 |   0.6440 |  3.942877e+03 |   -0.01% |  3.05e-12 |      
      100 |   0.6444 |  3.943046e+03 |   +0.00% |  4.96e-12 |      
      110 |   0.6441 |  3.943161e+03 |   +0.00% |  8.08e-12 |      
      120 |   0.6435 |  3.943915e+03 |   +0.02% |  1.32e-11 |      
      130 |   0.6424 |  3.945853e+03 |   +0.05% |  2.14e-11 |      
      140 |   0.6404 |  3.949076e+03 |   +0.08% |  3.49e-11 |      
      150 |   0.6374 |  3.953658e+03 |   +0.12% |  5.69e-11 |      
      160 |   0.6333 |  3.960610e+03 |   +0.18% |  9.27e-11 |      
      170 |   0.6271 |  3.971178e+03 |   +0.27% |  1.51e-10 |      
      180 |   0.6183 |  3.987038e+03 |   +0.40% |  2.46e-10 |      
      190 |   0.6048 |  4.009459e+03 |   +0.56% |  4.01e-10 |      
[INFO GPL-0038] Routability snapshot saved at iter = 195
      194 |   0.5985 |  4.021106e+03 |          |           |      
      200 |   0.5875 |  4.041553e+03 |   +0.80% |  6.52e-10 |      
      210 |   0.5641 |  4.085152e+03 |   +1.08% |  1.06e-09 |      
      220 |   0.5373 |  4.143654e+03 |   +1.43% |  1.73e-09 |      
      230 |   0.4991 |  4.215251e+03 |   +1.73% |  2.82e-09 |      
      240 |   0.4533 |  4.290302e+03 |   +1.78% |  4.59e-09 |      
      250 |   0.4110 |  4.382614e+03 |   +2.15% |  7.48e-09 |      
      260 |   0.3587 |  4.477826e+03 |   +2.17% |  1.22e-08 |      
      270 |   0.3208 |  4.561928e+03 |   +1.88% |  1.87e-08 |      
[INFO GPL-0040] Routability iteration: 1
[INFO GPL-0041] Total routing overflow: 0.0313
[INFO GPL-0042] Number of overflowed tiles: 1 (0.83%)
[INFO GPL-0043] Average top 0.5% routing congestion: 1.0313
[INFO GPL-0044] Average top 1.0% routing congestion: 1.0123
[INFO GPL-0045] Average top 2.0% routing congestion: 1.0026
[INFO GPL-0046] Average top 5.0% routing congestion: 0.9492
[INFO GPL-0047] Routability iteration weighted routing congestion: 1.0218
[INFO GPL-0048] Routing congestion (1.0218) lower than previous minimum (1e+30). Updating minimum.
[INFO GPL-0086] Inflated area:                   6.078 um^2 (+0.15%)
[INFO GPL-0052] Placement target density:       0.7137
[INFO GPL-0076] Removing fillers, count: Before: 0, After: 0 (+0.00%)
[INFO GPL-0077] Filler area (um^2)     : Before: 9.392, After: 0.000 (-100.00%)
[INFO GPL-0078] Removed fillers count: 0, area removed: 0.000 um^2. Remaining area to be compensated by modifying density: 6.078 um^2
[INFO GPL-0058] White space area:             5791.805 um^2 (+0.00%)
[INFO GPL-0059] Movable instances area:       4133.577 um^2 (+0.00%)
[INFO GPL-0060] Total filler area:               0.000 um^2 (-100.00%)
[INFO GPL-0061] Total non-inflated area:      4130.264 um^2 (-0.08%)
[INFO GPL-0062] Total inflated area:          4136.342 um^2 (-0.08%)
[INFO GPL-0063] New Target Density:             0.7137
[INFO GPL-0087] Routability end iteration: increase inflation and revert back to snapshot.
Iteration | Overflow |     HPWL (um) |  HPWL(%) |   Penalty | Group
---------------------------------------------------------------
      280 |   0.5957 |  4.027532e+03 |  -11.71% |  5.31e-10 |      
      290 |   0.5771 |  4.060702e+03 |   +0.82% |  7.83e-10 |      
      300 |   0.5603 |  4.093111e+03 |   +0.80% |  1.15e-09 |      
      310 |   0.5387 |  4.141526e+03 |   +1.18% |  1.70e-09 |      
      320 |   0.5096 |  4.199148e+03 |   +1.39% |  2.50e-09 |      
      330 |   0.4728 |  4.255429e+03 |   +1.34% |  3.69e-09 |      
      340 |   0.4411 |  4.318536e+03 |   +1.48% |  5.43e-09 |      
      350 |   0.4019 |  4.398658e+03 |   +1.86% |  8.00e-09 |      
      360 |   0.3623 |  4.469397e+03 |   +1.61% |  1.18e-08 |      
      370 |   0.3305 |  4.539181e+03 |   +1.56% |  1.74e-08 |      
      380 |   0.2981 |  4.614612e+03 |   +1.66% |  2.56e-08 |      
[INFO GPL-0040] Routability iteration: 2
[INFO GPL-0041] Total routing overflow: 0.0249
[INFO GPL-0042] Number of overflowed tiles: 1 (0.83%)
[INFO GPL-0043] Average top 0.5% routing congestion: 1.0249
[INFO GPL-0044] Average top 1.0% routing congestion: 1.0106
[INFO GPL-0045] Average top 2.0% routing congestion: 1.0022
[INFO GPL-0046] Average top 5.0% routing congestion: 0.9500
[INFO GPL-0047] Routability iteration weighted routing congestion: 1.0178
[INFO GPL-0048] Routing congestion (1.0178) lower than previous minimum (1.022). Updating minimum.
[INFO GPL-0086] Inflated area:                   5.126 um^2 (+0.12%)
[INFO GPL-0052] Placement target density:       0.7137
[INFO GPL-0076] Removing fillers, count: Before: 0, After: 0 (+0.00%)
[INFO GPL-0077] Filler area (um^2)     : Before: 0.000, After: 0.000 (+0.00%)
[INFO GPL-0078] Removed fillers count: 0, area removed: 0.000 um^2. Remaining area to be compensated by modifying density: 5.126 um^2
[INFO GPL-0058] White space area:             5791.805 um^2 (+0.00%)
[INFO GPL-0059] Movable instances area:       4133.577 um^2 (+0.00%)
[INFO GPL-0060] Total filler area:               0.000 um^2 (+0.00%)
[INFO GPL-0061] Total non-inflated area:      4135.390 um^2 (+0.12%)
[INFO GPL-0062] Total inflated area:          4140.515 um^2 (+0.12%)
[INFO GPL-0063] New Target Density:             0.7137
[INFO GPL-0087] Routability end iteration: increase inflation and revert back to snapshot.
Iteration | Overflow |     HPWL (um) |  HPWL(%) |   Penalty | Group
---------------------------------------------------------------
      390 |   0.5809 |  4.055163e+03 |  -12.12% |  7.24e-10 |      
      400 |   0.5640 |  4.086980e+03 |   +0.78% |  1.07e-09 |      
      410 |   0.5447 |  4.131111e+03 |   +1.08% |  1.57e-09 |      
      420 |   0.5165 |  4.188870e+03 |   +1.40% |  2.32e-09 |      
      430 |   0.4804 |  4.245638e+03 |   +1.36% |  3.41e-09 |      
      440 |   0.4477 |  4.305360e+03 |   +1.41% |  5.03e-09 |      
      450 |   0.4105 |  4.384412e+03 |   +1.84% |  7.40e-09 |      
      460 |   0.3709 |  4.458301e+03 |   +1.69% |  1.09e-08 |      
      470 |   0.3379 |  4.526841e+03 |   +1.54% |  1.61e-08 |      
      480 |   0.3049 |  4.602160e+03 |   +1.66% |  2.37e-08 |      
[INFO GPL-0040] Routability iteration: 3
[INFO GPL-0041] Total routing overflow: 0.0238
[INFO GPL-0042] Number of overflowed tiles: 1 (0.83%)
[INFO GPL-0043] Average top 0.5% routing congestion: 1.0238
[INFO GPL-0044] Average top 1.0% routing congestion: 1.0067
[INFO GPL-0045] Average top 2.0% routing congestion: 0.9992
[INFO GPL-0046] Average top 5.0% routing congestion: 0.9488
[INFO GPL-0047] Routability iteration weighted routing congestion: 1.0153
[INFO GPL-0048] Routing congestion (1.0153) lower than previous minimum (1.018). Updating minimum.
[INFO GPL-0086] Inflated area:                   4.588 um^2 (+0.11%)
[INFO GPL-0052] Placement target density:       0.7137
[INFO GPL-0076] Removing fillers, count: Before: 0, After: 0 (+0.00%)
[INFO GPL-0077] Filler area (um^2)     : Before: 0.000, After: 0.000 (+0.00%)
[INFO GPL-0078] Removed fillers count: 0, area removed: 0.000 um^2. Remaining area to be compensated by modifying density: 4.588 um^2
[INFO GPL-0058] White space area:             5791.805 um^2 (+0.00%)
[INFO GPL-0059] Movable instances area:       4133.577 um^2 (+0.00%)
[INFO GPL-0060] Total filler area:               0.000 um^2 (+0.00%)
[INFO GPL-0061] Total non-inflated area:      4139.977 um^2 (+0.11%)
[INFO GPL-0062] Total inflated area:          4144.565 um^2 (+0.11%)
[INFO GPL-0063] New Target Density:             0.7137
[INFO GPL-0087] Routability end iteration: increase inflation and revert back to snapshot.
Iteration | Overflow |     HPWL (um) |  HPWL(%) |   Penalty | Group
---------------------------------------------------------------
      490 |   0.5849 |  4.048876e+03 |  -12.02% |  6.70e-10 |      
      500 |   0.5675 |  4.081355e+03 |   +0.80% |  9.88e-10 |      
      510 |   0.5501 |  4.121225e+03 |   +0.98% |  1.45e-09 |      
      520 |   0.5227 |  4.178208e+03 |   +1.38% |  2.14e-09 |      
      530 |   0.4876 |  4.235746e+03 |   +1.38% |  3.16e-09 |      
      540 |   0.4538 |  4.293250e+03 |   +1.36% |  4.65e-09 |      
      550 |   0.4190 |  4.369615e+03 |   +1.78% |  6.85e-09 |      
      560 |   0.3793 |  4.446002e+03 |   +1.75% |  1.01e-08 |      
      570 |   0.3448 |  4.514288e+03 |   +1.54% |  1.49e-08 |      
      580 |   0.3121 |  4.588678e+03 |   +1.65% |  2.19e-08 |      
[INFO GPL-0040] Routability iteration: 4
[INFO GPL-0041] Total routing overflow: 0.0227
[INFO GPL-0042] Number of overflowed tiles: 1 (0.83%)
[INFO GPL-0043] Average top 0.5% routing congestion: 1.0227
[INFO GPL-0044] Average top 1.0% routing congestion: 1.0057
[INFO GPL-0045] Average top 2.0% routing congestion: 0.9983
[INFO GPL-0046] Average top 5.0% routing congestion: 0.9484
[INFO GPL-0047] Routability iteration weighted routing congestion: 1.0142
[INFO GPL-0048] Routing congestion (1.0142) lower than previous minimum (1.015). Updating minimum.
[INFO GPL-0086] Inflated area:                   4.559 um^2 (+0.11%)
[INFO GPL-0052] Placement target density:       0.7137
[INFO GPL-0076] Removing fillers, count: Before: 0, After: 0 (+0.00%)
[INFO GPL-0077] Filler area (um^2)     : Before: 0.000, After: 0.000 (+0.00%)
[INFO GPL-0078] Removed fillers count: 0, area removed: 0.000 um^2. Remaining area to be compensated by modifying density: 4.559 um^2
[INFO GPL-0058] White space area:             5791.805 um^2 (+0.00%)
[INFO GPL-0059] Movable instances area:       4133.577 um^2 (+0.00%)
[INFO GPL-0060] Total filler area:               0.000 um^2 (+0.00%)
[INFO GPL-0061] Total non-inflated area:      4144.536 um^2 (+0.11%)
[INFO GPL-0062] Total inflated area:          4149.095 um^2 (+0.11%)
[INFO GPL-0063] New Target Density:             0.7137
[INFO GPL-0087] Routability end iteration: increase inflation and revert back to snapshot.
Iteration | Overflow |     HPWL (um) |  HPWL(%) |   Penalty | Group
---------------------------------------------------------------
      590 |   0.5896 |  4.042069e+03 |  -11.91% |  6.20e-10 |      
      600 |   0.5710 |  4.075968e+03 |   +0.84% |  9.14e-10 |      
      610 |   0.5544 |  4.112334e+03 |   +0.89% |  1.35e-09 |      
      620 |   0.5286 |  4.167200e+03 |   +1.33% |  1.98e-09 |      
      630 |   0.4953 |  4.225553e+03 |   +1.40% |  2.92e-09 |      
      640 |   0.4598 |  4.282138e+03 |   +1.34% |  4.30e-09 |      
      650 |   0.4277 |  4.354237e+03 |   +1.68% |  6.34e-09 |      
      660 |   0.3868 |  4.433276e+03 |   +1.82% |  9.34e-09 |      
      670 |   0.3515 |  4.501829e+03 |   +1.55% |  1.38e-08 |      
      680 |   0.3187 |  4.575589e+03 |   +1.64% |  2.03e-08 |      
[INFO GPL-0040] Routability iteration: 5
[INFO GPL-0041] Total routing overflow: 0.0215
[INFO GPL-0042] Number of overflowed tiles: 1 (0.83%)
[INFO GPL-0043] Average top 0.5% routing congestion: 1.0215
[INFO GPL-0044] Average top 1.0% routing congestion: 1.0048
[INFO GPL-0045] Average top 2.0% routing congestion: 0.9974
[INFO GPL-0046] Average top 5.0% routing congestion: 0.9480
[INFO GPL-0047] Routability iteration weighted routing congestion: 1.0131
[INFO GPL-0048] Routing congestion (1.0131) lower than previous minimum (1.014). Updating minimum.
[INFO GPL-0086] Inflated area:                   4.521 um^2 (+0.11%)
[INFO GPL-0052] Placement target density:       0.7137
[INFO GPL-0076] Removing fillers, count: Before: 0, After: 0 (+0.00%)
[INFO GPL-0077] Filler area (um^2)     : Before: 0.000, After: 0.000 (+0.00%)
[INFO GPL-0078] Removed fillers count: 0, area removed: 0.000 um^2. Remaining area to be compensated by modifying density: 4.521 um^2
[INFO GPL-0058] White space area:             5791.805 um^2 (+0.00%)
[INFO GPL-0059] Movable instances area:       4133.577 um^2 (+0.00%)
[INFO GPL-0060] Total filler area:               0.000 um^2 (+0.00%)
[INFO GPL-0061] Total non-inflated area:      4149.056 um^2 (+0.11%)
[INFO GPL-0062] Total inflated area:          4153.577 um^2 (+0.11%)
[INFO GPL-0063] New Target Density:             0.7137
[INFO GPL-0087] Routability end iteration: increase inflation and revert back to snapshot.
Iteration | Overflow |     HPWL (um) |  HPWL(%) |   Penalty | Group
---------------------------------------------------------------
      690 |   0.5939 |  4.034849e+03 |  -11.82% |  5.74e-10 |      
      700 |   0.5745 |  4.070603e+03 |   +0.89% |  8.46e-10 |      
      710 |   0.5581 |  4.104564e+03 |   +0.83% |  1.25e-09 |      
      720 |   0.5346 |  4.156182e+03 |   +1.26% |  1.84e-09 |      
      730 |   0.5030 |  4.215054e+03 |   +1.42% |  2.70e-09 |      
      740 |   0.4665 |  4.271738e+03 |   +1.34% |  3.98e-09 |      
      750 |   0.4356 |  4.339172e+03 |   +1.58% |  5.87e-09 |      
      760 |   0.3943 |  4.419877e+03 |   +1.86% |  8.64e-09 |      
      770 |   0.3579 |  4.489729e+03 |   +1.58% |  1.27e-08 |      
      780 |   0.3253 |  4.562929e+03 |   +1.63% |  1.88e-08 |      
[INFO GPL-0040] Routability iteration: 6
[INFO GPL-0041] Total routing overflow: 0.0203
[INFO GPL-0042] Number of overflowed tiles: 1 (0.83%)
[INFO GPL-0043] Average top 0.5% routing congestion: 1.0203
[INFO GPL-0044] Average top 1.0% routing congestion: 1.0039
[INFO GPL-0045] Average top 2.0% routing congestion: 0.9966
[INFO GPL-0046] Average top 5.0% routing congestion: 0.9475
[INFO GPL-0047] Routability iteration weighted routing congestion: 1.0121
[INFO GPL-0048] Routing congestion (1.0121) lower than previous minimum (1.013). Updating minimum.
[INFO GPL-0086] Inflated area:                   4.031 um^2 (+0.10%)
[INFO GPL-0052] Placement target density:       0.7137
[INFO GPL-0076] Removing fillers, count: Before: 0, After: 0 (+0.00%)
[INFO GPL-0077] Filler area (um^2)     : Before: 0.000, After: 0.000 (+0.00%)
[INFO GPL-0078] Removed fillers count: 0, area removed: 0.000 um^2. Remaining area to be compensated by modifying density: 4.031 um^2
[INFO GPL-0058] White space area:             5791.805 um^2 (+0.00%)
[INFO GPL-0059] Movable instances area:       4133.577 um^2 (+0.00%)
[INFO GPL-0060] Total filler area:               0.000 um^2 (+0.00%)
[INFO GPL-0061] Total non-inflated area:      4153.088 um^2 (+0.10%)
[INFO GPL-0062] Total inflated area:          4157.119 um^2 (+0.10%)
[INFO GPL-0063] New Target Density:             0.7137
[INFO GPL-0087] Routability end iteration: increase inflation and revert back to snapshot.
Iteration | Overflow |     HPWL (um) |  HPWL(%) |   Penalty | Group
---------------------------------------------------------------
      790 |   0.5979 |  4.027596e+03 |  -11.73% |  5.31e-10 |      
      800 |   0.5784 |  4.064638e+03 |   +0.92% |  7.83e-10 |      
      810 |   0.5615 |  4.097753e+03 |   +0.81% |  1.15e-09 |      
      820 |   0.5402 |  4.145218e+03 |   +1.16% |  1.70e-09 |      
      830 |   0.5109 |  4.204237e+03 |   +1.42% |  2.50e-09 |      
      840 |   0.4740 |  4.261497e+03 |   +1.36% |  3.69e-09 |      
      850 |   0.4425 |  4.324960e+03 |   +1.49% |  5.43e-09 |      
      860 |   0.4029 |  4.405509e+03 |   +1.86% |  8.00e-09 |      
      870 |   0.3644 |  4.478015e+03 |   +1.65% |  1.18e-08 |      
      880 |   0.3325 |  4.549958e+03 |   +1.61% |  1.74e-08 |      
      890 |   0.3001 |  4.624852e+03 |   +1.65% |  2.56e-08 |      
[INFO GPL-0040] Routability iteration: 7
[INFO GPL-0041] Total routing overflow: 0.0177
[INFO GPL-0042] Number of overflowed tiles: 1 (0.83%)
[INFO GPL-0043] Average top 0.5% routing congestion: 1.0177
[INFO GPL-0044] Average top 1.0% routing congestion: 0.9991
[INFO GPL-0045] Average top 2.0% routing congestion: 0.9928
[INFO GPL-0046] Average top 5.0% routing congestion: 0.9451
[INFO GPL-0047] Routability iteration weighted routing congestion: 1.0084
[INFO GPL-0050] Weighted routing congestion is lower than target routing congestion(1.0100), end routability optimization.
[INFO GPL-0090] Routability finished. Target routing congestion achieved succesfully.
Iteration | Overflow |     HPWL (um) |  HPWL(%) |   Penalty | Group
---------------------------------------------------------------
      900 |   0.2691 |  4.690466e+03 |   +1.42% |  3.77e-08 |      
      910 |   0.2427 |  4.760960e+03 |   +1.50% |  5.55e-08 |      
      920 |   0.2199 |  4.829219e+03 |   +1.43% |  8.18e-08 |      
      930 |   0.1948 |  4.883384e+03 |   +1.12% |  1.20e-07 |      
[INFO GPL-0100] Timing-driven iteration 2/2, virtual: false.
[INFO GPL-0101]    Iter: 931, overflow: 0.195, keep resizer changes at: 1, HPWL: 4883384
Iteration |   Area    | Resized | Buffers | Nets repaired | Remaining
---------------------------------------------------------------------
        0 |     +0.0% |       0 |       0 |             0 |       432
    final |     +0.0% |       0 |       0 |             0 |         0
---------------------------------------------------------------------
   Iter   |    Area   | Removed | Inserted |   Pins
          |           | Buffers | Buffers  | Remaining
-------------------------------------------------------
        0 |     +0.0% |       0 |        0 |       316
       31 |     +0.0% |       0 |        0 |       285
       62 |     +0.7% |       5 |        7 |       254
       93 |     +1.1% |       8 |       12 |       223
      124 |     +1.4% |      11 |       17 |       192
      155 |     +1.4% |      19 |       25 |       161
      186 |     +1.8% |      28 |       36 |       130
      217 |     +1.9% |      33 |       43 |        99
      248 |     +1.9% |      46 |       56 |        68
      279 |     +1.9% |      71 |       81 |        37
      310 |     +2.4% |      75 |       86 |         6
    final |     +2.4% |      75 |       86 |         0
-------------------------------------------------------
[INFO GPL-0106] Timing-driven: worst slack -1.483401e-09
[INFO GPL-0107] Timing-driven: repair_design delta area: 90.549 um^2 (+2.18%)
[INFO GPL-0108] Timing-driven: repair_design, gpl delta gcells: 11 (+2.79%)
[INFO GPL-0109] Timing-driven: repair_design, gcells created: 86, deleted: 75
[INFO GPL-0110] Timing-driven: new target density: 0.73269665
Iteration | Overflow |     HPWL (um) |  HPWL(%) |   Penalty | Group
---------------------------------------------------------------
      940 |   0.1843 |  5.126118e+03 |   +4.97% |  1.77e-07 |      
      950 |   0.1619 |  5.109696e+03 |   -0.32% |  2.61e-07 |      
      960 |   0.1377 |  5.167072e+03 |   +1.12% |  3.85e-07 |      
      970 |   0.1204 |  5.180614e+03 |   +0.26% |  5.67e-07 |      
      980 |   0.1026 |  5.208710e+03 |   +0.54% |  8.36e-07 |      
      982 |   0.0998 |  5.213710e+03 |          |  9.39e-07 |      
---------------------------------------------------------------
[INFO GPL-1001] Global placement finished at iteration 982
[INFO GPL-1017] Routability mode iteration count: 690
[INFO GPL-1005] Routability final weighted congestion: 0.9670
[INFO GPL-1002] Placed Cell Area             4243.6364
[INFO GPL-1003] Available Free Area          5791.8048
[INFO GPL-1004] Minimum Feasible Density        0.6100 (cell_area / free_area)
[INFO GPL-1006]   Suggested Target Densities:
[INFO GPL-1007]     - For 90% usage of free space: 0.8141
[INFO GPL-1008]     - For 80% usage of free space: 0.9159
[INFO GPL-1011] Original area (um^2): 3523.61
[INFO GPL-1012] Total routability artificial inflation: 28.90 (+0.82%)
[INFO GPL-1013] Total timing-driven delta area: 691.12 (+19.61%)
[INFO GPL-1014] Final placement area: 4243.64 (+20.43%)
estimate_parasitics -placement
Report metrics stage 3, global place...

==========================================================================
global place report_design_area
--------------------------------------------------------------------------
Design area 4070 um^2 69% utilization.
write_db /gate03e-run-02/results/sky130hd/gcd/base/3_3_place_gp.odb
Elapsed time: 0:02.72[h:]min:sec. CPU time: user 16.67 sys 0.89 (644%). Peak memory: 246540KB.
Log                       Ext     Elapsed/s Peak Memory/MB sha1sum result [0:20)
3_3_place_gp              .odb            2            240 4af246a707437045817d
/OpenROAD-flow-scripts/flow/scripts/flow.sh 3_4_place_resized resize
Running resize.tcl, stage 3_4_place_resized
read_liberty /OpenROAD-flow-scripts/flow/platforms/sky130hd/lib/sky130_fd_sc_hd__tt_025C_1v80.lib
read_db -hier /gate03e-run-02/results/sky130hd/gcd/base/3_3_place_gp.odb
[WARNING ORD-0012] Hierarchical flow (-hier) is currently in development and may cause multiple issues. Do not use in production environments.
read_sdc /gate03e-run-02/results/sky130hd/gcd/base/2_floorplan.sdc
source /OpenROAD-flow-scripts/flow/platforms/sky130hd/setRC.tcl
estimate_parasitics -placement
replace_arith_modules -path_count 1000 -target setup -slack_threshold 0.0
[INFO RSZ-0151] Starting arithmetic module replacement to optimize 'setup' target
[INFO RSZ-0152] Analyzing 1000 critical paths with slack < 0.00
[INFO RSZ-0153] Identified 69 violating endpoints
[INFO RSZ-0154] Identified 1 critical arithmetic instances
[INFO RSZ-0160] 0 arithmetic instances have swapped to improve 'setup' target
[INFO GPL-0083] Execute incremental mode global placement.
[INFO GPL-0001] ---- Initialize GPL Main Data Structures
[INFO GPL-0002] DBU: 1000
[INFO GPL-0003] SiteSize: (  0.460  2.720 ) um
[INFO GPL-0004] CoreBBox: (  1.380  2.720 ) ( 78.660 78.880 ) um
[INFO GPL-0016] Core area:                    5885.645 um^2
[INFO GPL-0036] Movable instances area:       3976.314 um^2
[INFO GPL-0037] Total instances area:         4070.154 um^2
[INFO GPL-0035] Pin density area adjust:       280.034 um^2
[INFO GPL-0032] ---- Initialize Region: Top-level
[INFO GPL-0006] Number of instances:               480
[INFO GPL-0007] Movable instances:                 405
[INFO GPL-0008] Fixed instances:                    75
[INFO GPL-0009] Dummy instances:                     0
[INFO GPL-0010] Number of nets:                    441
[INFO GPL-0011] Number of pins:                   1301
[INFO GPL-0012] Die BBox:       (  0.000  0.000 ) ( 80.025 80.025 ) um
[INFO GPL-0013] Placement BBox: (  1.380  2.720 ) ( 78.660 78.880 ) um
[INFO GPL-0014] Region name: top-level.
[INFO GPL-0015] Region area:                  5885.645 um^2
[INFO GPL-0017] Fixed instances area:           93.840 um^2
[INFO GPL-0018] Movable instances area:       4256.347 um^2
[INFO GPL-0019] Utilization:                    73.489 %
[INFO GPL-0020] Standard cells area:          4256.347 um^2
[INFO GPL-0021] Large instances area:            0.000 um^2
[INFO GPL-0154] Identified 405 placed instances
[INFO GPL-0155] Identified 0 not placed instances
[INFO GPL-0156] Identified all instances as placed. Skipping incremental mode
Perform buffer insertion and gate resizing...
repair_design -verbose -match_cell_footprint
Iteration |   Area    | Resized | Buffers | Nets repaired | Remaining
---------------------------------------------------------------------
        0 |     +0.0% |       0 |       0 |             0 |       443
       10 |     +0.0% |       0 |       0 |             0 |       433
       20 |     +0.0% |       0 |       0 |             0 |       423
       30 |     +0.0% |       0 |       0 |             0 |       413
       40 |     +0.0% |       0 |       0 |             0 |       403
       50 |     +0.0% |       0 |       0 |             0 |       393
       60 |     +0.0% |       0 |       0 |             0 |       383
       70 |     +0.0% |       0 |       0 |             0 |       373
       80 |     +0.0% |       0 |       0 |             0 |       363
       90 |     +0.0% |       0 |       0 |             0 |       353
      100 |     +0.0% |       0 |       0 |             0 |       343
      110 |     +0.0% |       0 |       0 |             0 |       333
      120 |     +0.0% |       0 |       0 |             0 |       323
      130 |     +0.0% |       0 |       0 |             0 |       313
      140 |     +0.0% |       0 |       0 |             0 |       303
      150 |     +0.0% |       0 |       0 |             0 |       293
      160 |     +0.0% |       0 |       0 |             0 |       283
      170 |     +0.0% |       0 |       0 |             0 |       273
      180 |     +0.0% |       0 |       0 |             0 |       263
      190 |     +0.0% |       0 |       0 |             0 |       253
      200 |     +0.0% |       0 |       0 |             0 |       243
      210 |     +0.0% |       0 |       0 |             0 |       233
      220 |     +0.0% |       0 |       0 |             0 |       223
      230 |     +0.0% |       0 |       0 |             0 |       213
      240 |     +0.0% |       0 |       0 |             0 |       203
      250 |     +0.0% |       0 |       0 |             0 |       193
      260 |     +0.0% |       0 |       0 |             0 |       183
      270 |     +0.0% |       0 |       0 |             0 |       173
      280 |     +0.0% |       0 |       0 |             0 |       163
      290 |     +0.0% |       0 |       0 |             0 |       153
      300 |     +0.0% |       0 |       0 |             0 |       143
      310 |     +0.0% |       0 |       0 |             0 |       133
      320 |     +0.0% |       0 |       0 |             0 |       123
      330 |     +0.0% |       0 |       0 |             0 |       113
      340 |     +0.0% |       0 |       0 |             0 |       103
      350 |     +0.0% |       0 |       0 |             0 |        93
      360 |     +0.0% |       0 |       0 |             0 |        83
      370 |     +0.0% |       0 |       0 |             0 |        73
      380 |     +0.0% |       0 |       0 |             0 |        63
      390 |     +0.0% |       0 |       0 |             0 |        53
      400 |     +0.0% |       0 |       0 |             0 |        43
      410 |     +0.0% |       0 |       0 |             0 |        33
      420 |     +0.0% |       0 |       0 |             0 |        23
      430 |     +0.0% |       0 |       0 |             0 |        13
      440 |     +0.0% |       0 |       0 |             0 |         3
    final |     +0.0% |       0 |       0 |             0 |         0
---------------------------------------------------------------------
[INFO RSZ-0504] Runtime: 0.05s
Floating nets: 
Report metrics stage 3, resizer...

==========================================================================
resizer report_design_area
--------------------------------------------------------------------------
Design area 4070 um^2 69% utilization.
Instance count before 480, after 480
Pin count before 1249, after 1249
write_db /gate03e-run-02/results/sky130hd/gcd/base/3_4_place_resized.odb
Elapsed time: 0:01.19[h:]min:sec. CPU time: user 0.97 sys 0.36 (112%). Peak memory: 147072KB.
Log                       Ext     Elapsed/s Peak Memory/MB sha1sum result [0:20)
3_4_place_resized         .odb            1            143 4af246a707437045817d
/OpenROAD-flow-scripts/flow/scripts/flow.sh 3_5_place_dp detail_place
Running detail_place.tcl, stage 3_5_place_dp
read_liberty /OpenROAD-flow-scripts/flow/platforms/sky130hd/lib/sky130_fd_sc_hd__tt_025C_1v80.lib
read_db -hier /gate03e-run-02/results/sky130hd/gcd/base/3_4_place_resized.odb
[WARNING ORD-0012] Hierarchical flow (-hier) is currently in development and may cause multiple issues. Do not use in production environments.
read_sdc /gate03e-run-02/results/sky130hd/gcd/base/2_floorplan.sdc
source /OpenROAD-flow-scripts/flow/platforms/sky130hd/setRC.tcl
detailed_placement
[INFO DPL-0006] Core area: 5885.64 um^2
[INFO DPL-0007] Movable instances area: 3976.31 um^2
[INFO DPL-0008] Fixed instances area within core: 93.84 um^2
[INFO DPL-0009] Utilization: 69.2%
[INFO DPL-0005] Diamond search max displacement: +/- 500 sites horizontally, +/- 100 rows vertically.
[INFO DPL-1102] Legalizing using negotiation legalizer.
[INFO DPL-1103] Negotiation base search window: +/-20 sites horizontally, +/-5 rows vertically 
	Automatic search window extension enabled.
	Search window extendable up to the max displacement cap of +/-500 sites, +/-100 rows near walls.
[INFO DPL-1104] NegotiationLegalizer DRC penalty: 5.
[INFO DPL-0392] Negotiation cell height distribution (1 unique row-count(s)):
[INFO DPL-0393]   height 1 row(s): 480 cells
          |      Total |  Illegal |  Illegal
Iteration | Violations |    Cells |    Sites
---------------------------------------------
        0 |         63 |        13 |        50
        1 |          0 |         0 |         0
Negotiation phase 1 converged at iteration 1.
[INFO DPL-0500] Runtime: 0.01s
Placement Analysis
---------------------------------
total displacement       1372.6 u
average displacement        2.9 u
max displacement           17.1 u
original HPWL            5223.3 u
legalized HPWL           6361.6 u
delta HPWL                   22 %

improve_placement -max_displacement "5 1"
Detailed placement improvement.
[INFO DPL-0401] Setting random seed to 1.
[INFO DPL-0402] Setting maximum displacement 5 1 to 13600 2720 units.
[INFO DPL-0320] Collected 129 fixed cells.
[INFO DPL-0318] Collected 405 single height cells.
[INFO DPL-0321] Collected 0 wide cells.
[INFO DPL-0322] Image (1380, 2720) - (78660, 78880)
[INFO DPL-0310] Assigned 405 cells into segments.  Movement in X-direction is 0.000000, movement in Y-direction is 0.000000.
[INFO DPL-0313] Found 0 cells in wrong regions.
[INFO DPL-0315] Found 0 row alignment problems.
[INFO DPL-0314] Found 0 site alignment problems.
[INFO DPL-0311] Found 0 overlaps between adjacent cells.
[INFO DPL-0312] Found 0 edge spacing violations and 0 padding violations.
[INFO DPL-0303] Running algorithm for independent set matching.
[INFO DPL-0300] Set matching objective is wirelength.
[INFO DPL-0301] Pass   1 of matching; objective is 6.362308e+06.
[INFO DPL-0302] End of matching; objective is 6.352808e+06, improvement is 0.15 percent.
[INFO DPL-0303] Running algorithm for global swaps.
[INFO DPL-0306] Pass   1 of global swaps; hpwl is 6.182270e+06.
[INFO DPL-0306] Pass   2 of global swaps; hpwl is 6.133706e+06.
[INFO DPL-0307] End of global swaps; objective is 6.133706e+06, improvement is 3.45 percent.
[INFO DPL-0303] Running algorithm for vertical swaps.
[INFO DPL-0308] Pass   1 of vertical swaps; hpwl is 6.090507e+06.
[INFO DPL-0309] End of vertical swaps; objective is 6.090507e+06, improvement is 0.70 percent.
[INFO DPL-0303] Running algorithm for reordering.
[INFO DPL-0304] Pass   1 of reordering; objective is 6.066400e+06.
[INFO DPL-0305] End of reordering; objective is 6.066400e+06, improvement is 0.40 percent.
[INFO DPL-0303] Running algorithm for random improvement.
[INFO DPL-0324] Random improver is using random generator.
[INFO DPL-0325] Random improver is using hpwl objective.
[INFO DPL-0326] Random improver cost string is (a).
[INFO DPL-0332] End of pass, Generator random called 8100 times.
[INFO DPL-0335] Generator random, Cumulative attempts 8100, swaps 1553, moves  1571 since last reset.
[INFO DPL-0333] End of pass, Objective hpwl, Initial cost 6.066400e+06, Scratch cost 5.921560e+06, Incremental cost 5.921560e+06, Mismatch? N
[INFO DPL-0338] End of pass, Total cost is 5.921560e+06.
[INFO DPL-0327] Pass   1 of random improver; improvement in cost is 2.39 percent.
[INFO DPL-0332] End of pass, Generator random called 8100 times.
[INFO DPL-0335] Generator random, Cumulative attempts 16200, swaps 3071, moves  3028 since last reset.
[INFO DPL-0333] End of pass, Objective hpwl, Initial cost 5.921560e+06, Scratch cost 5.898972e+06, Incremental cost 5.898972e+06, Mismatch? N
[INFO DPL-0338] End of pass, Total cost is 5.898972e+06.
[INFO DPL-0327] Pass   2 of random improver; improvement in cost is 0.38 percent.
[INFO DPL-0328] End of random improver; improvement is 2.759924 percent.
[INFO DPL-0380] Cell flipping.
[INFO DPL-0382] Changed 0 cell orientations for row compatibility.
[INFO DPL-0383] Performed 129 cell flips.
[INFO DPL-0384] End of flipping; objective is 5.638025e+06, improvement is 4.42 percent.
[INFO DPL-0313] Found 0 cells in wrong regions.
[INFO DPL-0315] Found 0 row alignment problems.
[INFO DPL-0314] Found 0 site alignment problems.
[INFO DPL-0311] Found 0 overlaps between adjacent cells.
[INFO DPL-0312] Found 0 edge spacing violations and 0 padding violations.
Detailed Improvement Results
------------------------------------------
Original HPWL             6361.6 u (    2727.7,     3633.9)
Final HPWL                5631.2 u (    2411.3,     3219.9)
Delta HPWL                 -11.5 % (     -11.6,      -11.4)

optimize_mirroring
[INFO DPL-0020] Mirrored 19 instances
[INFO DPL-0021] HPWL before            5631.2 u
[INFO DPL-0022] HPWL after             5625.9 u
[INFO DPL-0023] HPWL delta               -0.1 %
[INFO FLW-0012] Placement violations .
estimate_parasitics -placement
Report metrics stage 3, detailed place...

==========================================================================
detailed place report_design_area
--------------------------------------------------------------------------
Design area 4070 um^2 69% utilization.
write_db /gate03e-run-02/results/sky130hd/gcd/base/3_5_place_dp.odb
write_sdc -no_timestamp /gate03e-run-02/results/sky130hd/gcd/base/3_place.sdc
Elapsed time: 0:01.11[h:]min:sec. CPU time: user 1.01 sys 0.23 (111%). Peak memory: 131916KB.
Log                       Ext     Elapsed/s Peak Memory/MB sha1sum result [0:20)
3_5_place_dp              .odb            1            128 4ce2c771247a6bc95bbc
cp /gate03e-run-02/results/sky130hd/gcd/base/3_5_place_dp.odb /gate03e-run-02/results/sky130hd/gcd/base/3_place.odb
/OpenROAD-flow-scripts/flow/scripts/flow.sh 4_1_cts cts
Running cts.tcl, stage 4_1_cts
read_liberty /OpenROAD-flow-scripts/flow/platforms/sky130hd/lib/sky130_fd_sc_hd__tt_025C_1v80.lib
read_db -hier /gate03e-run-02/results/sky130hd/gcd/base/3_place.odb
[WARNING ORD-0012] Hierarchical flow (-hier) is currently in development and may cause multiple issues. Do not use in production environments.
read_sdc /gate03e-run-02/results/sky130hd/gcd/base/3_place.sdc
source /OpenROAD-flow-scripts/flow/platforms/sky130hd/setRC.tcl
clock_tree_synthesis -sink_clustering_enable -repair_clock_nets
[INFO CTS-0050] Root buffer is sky130_fd_sc_hd__clkbuf_8.
[INFO CTS-0051] Sink buffer is sky130_fd_sc_hd__clkbuf_16.
[INFO CTS-0052] The following clock buffers will be used for CTS:
                    sky130_fd_sc_hd__clkbuf_8
                    sky130_fd_sc_hd__clkbuf_16
[INFO CTS-0049] Characterization buffer is sky130_fd_sc_hd__clkbuf_16.
[INFO CTS-0007] Net "clk" found for clock "core_clock".
[INFO CTS-0010]  Clock net "clk" has 35 sinks.
[INFO CTS-0008] TritonCTS found 1 clock nets.
[INFO CTS-0097] Characterization used 2 buffer(s) types.
[INFO CTS-0201] 0 blockages from hard placement blockages and placed macros will be used.
[INFO CTS-0027] Generating H-Tree topology for net clk.
[INFO CTS-0028]  Total number of sinks: 35.
[INFO CTS-0090]  Sinks will be clustered based on buffer max cap.
[INFO CTS-0030]  Number of static layers: 0.
[INFO CTS-0020]  Wire segment unit: 13600  dbu (13 um).
[INFO CTS-0023]  Original sink region: [(1645, 4020), (67890, 77580)].
[INFO CTS-0024]  Normalized sink region: [(0.120956, 0.295588), (4.99191, 5.70441)].
[INFO CTS-0025]     Width:  4.8710.
[INFO CTS-0026]     Height: 5.4088.
 Level 1
    Direction: Vertical
    Sinks per sub-region: 18
    Sub-region size: 4.8710 X 2.7044
[INFO CTS-0034]     Segment length (rounded): 1.
 Level 2
    Direction: Horizontal
    Sinks per sub-region: 9
    Sub-region size: 2.4355 X 2.7044
[INFO CTS-0034]     Segment length (rounded): 1.
[INFO CTS-0038]  Stop criterion found. Sink region hpwl is smaller than max wirelength (1911.535 um) and max number of sinks is 15.
[INFO CTS-0035]  Number of sinks covered: 35.
[INFO CTS-0018]     Created 5 clock buffers.
[INFO CTS-0012]     Minimum number of buffers in the clock path: 2.
[INFO CTS-0013]     Maximum number of buffers in the clock path: 2.
[INFO CTS-0015]     Created 5 clock nets.
[INFO CTS-0016]     Fanout distribution for the current clock = 7:1, 8:1, 10:2..
[INFO CTS-0017]     Max level of the clock tree: 2.
[INFO CTS-0098] Clock net "clk"
[INFO CTS-0099]  Sinks 38
[INFO CTS-0100]  Leaf buffers 0
[INFO CTS-0101]  Average sink wire length 118.78 um
[INFO CTS-0102]  Path depth 2 - 2
[INFO CTS-0207]  Dummy loads inserted 3
[INFO CTS-0500] Runtime: 3.51s
estimate_parasitics -placement
detailed_placement
[INFO DPL-0006] Core area: 5885.64 um^2
[INFO DPL-0007] Movable instances area: 4067.65 um^2
[INFO DPL-0008] Fixed instances area within core: 93.84 um^2
[INFO DPL-0009] Utilization: 70.7%
[INFO DPL-0005] Diamond search max displacement: +/- 500 sites horizontally, +/- 100 rows vertically.
[INFO DPL-1102] Legalizing using negotiation legalizer.
[INFO DPL-1103] Negotiation base search window: +/-20 sites horizontally, +/-5 rows vertically 
	Automatic search window extension enabled.
	Search window extendable up to the max displacement cap of +/-500 sites, +/-100 rows near walls.
[INFO DPL-1104] NegotiationLegalizer DRC penalty: 5.
[INFO DPL-0392] Negotiation cell height distribution (1 unique row-count(s)):
[INFO DPL-0393]   height 1 row(s): 488 cells
          |      Total |  Illegal |  Illegal
Iteration | Violations |    Cells |    Sites
---------------------------------------------
        0 |         28 |         4 |        24
        1 |          6 |         2 |         4
        2 |          0 |         0 |         0
Negotiation phase 1 converged at iteration 2.
[INFO DPL-0500] Runtime: 0.01s
Placement Analysis
---------------------------------
total displacement        526.0 u
average displacement        1.1 u
max displacement           17.2 u
original HPWL            5839.4 u
legalized HPWL           6204.2 u
delta HPWL                    6 %

estimate_parasitics -placement
repair_timing -setup_margin 0 -hold_margin 0 -repair_tns 100 -match_cell_footprint -verbose
[INFO RSZ-0100] Repair move sequence: UnbufferMove SizeUpMove SwapPinsMove BufferMove CloneMove SplitLoadMove 
[INFO RSZ-0094] Found 69 endpoints with setup violations.
[INFO RSZ-0099] Repairing 69 out of 69 (100.00%) violating endpoints...
   Iter   | Removed | Resized | Inserted | Cloned |  Pin  |   Area   |    WNS   |   StTNS    |   EnTNS    |  Viol  |  Worst  
          | Buffers |  Gates  | Buffers  |  Gates | Swaps |          |          |            |            | Endpts | St/EnPt 
------------------------------------------------------------------------------------------------------------------------------
       0* |       0 |       0 |        0 |      0 |     0 |    +0.0% |   -1.612 |      -45.3 |      -70.2 |     69 | resp_msg[15]
      10* |       0 |       5 |        1 |      0 |     3 |    +0.6% |   -1.565 |      -45.4 |      -69.9 |     69 | resp_msg[13]
      20* |       0 |      10 |        2 |      0 |     7 |    +1.2% |   -1.485 |      -44.5 |      -68.9 |     69 | resp_msg[11]
      30* |       0 |      12 |        5 |      0 |    12 |    +1.9% |   -1.512 |      -44.3 |      -69.0 |     69 | resp_msg[15]
      40* |       0 |      16 |        7 |      0 |    16 |    +3.0% |   -1.479 |      -44.2 |      -70.4 |     69 | resp_msg[14]
      50* |       0 |      20 |       10 |      0 |    19 |    +4.0% |   -1.509 |      -43.8 |      -71.4 |     69 | resp_msg[14]
      60* |       0 |      25 |       10 |      0 |    24 |    +4.5% |   -1.440 |      -43.3 |      -70.2 |     69 | resp_msg[9]
      70* |       0 |      31 |       10 |      0 |    28 |    +4.8% |   -1.426 |      -42.5 |      -69.8 |     69 | dpath.b_reg.out\[2\]$_DFFE_PP_/DE
      80* |       0 |      34 |       15 |      1 |    30 |    +6.9% |   -1.501 |      -45.1 |      -70.5 |     69 | resp_msg[5]
      90* |       0 |      40 |       17 |      1 |    32 |    +7.7% |   -1.445 |      -44.6 |      -70.0 |     69 | dpath.a_reg.out\[15\]$_DFFE_PP_/D
      91* |       0 |      31 |       10 |      0 |    28 |    +4.8% |   -1.426 |      -42.5 |      -69.8 |     69 | dpath.b_reg.out\[2\]$_DFFE_PP_/DE
      97* |       0 |      33 |       10 |      0 |    28 |    +4.7% |   -1.426 |      -42.5 |      -69.7 |     69 | dpath.b_reg.out\[2\]$_DFFE_PP_/DE
     100* |       0 |      35 |       10 |      0 |    28 |    +4.6% |   -1.426 |      -42.5 |      -69.6 |     69 | dpath.b_reg.out\[2\]$_DFFE_PP_/DE
     100* |       0 |      35 |       10 |      0 |    28 |    +4.6% |   -1.426 |      -42.5 |      -69.6 |     69 | dpath.b_reg.out\[2\]$_DFFE_PP_/DE
     107* |       0 |      38 |       10 |      0 |    29 |    +4.9% |   -1.426 |      -42.5 |      -69.5 |     69 | dpath.b_reg.out\[2\]$_DFFE_PP_/DE
     110* |       0 |      40 |       10 |      0 |    29 |    +4.8% |   -1.426 |      -42.5 |      -69.4 |     69 | dpath.b_reg.out\[2\]$_DFFE_PP_/DE
     116* |       0 |      40 |       10 |      0 |    29 |    +4.8% |   -1.426 |      -42.5 |      -69.4 |     69 | dpath.b_reg.out\[2\]$_DFFE_PP_/DE
     120* |       0 |      42 |       11 |      0 |    29 |    +5.1% |   -1.426 |      -42.5 |      -69.4 |     69 | dpath.b_reg.out\[2\]$_DFFE_PP_/DE
     123* |       0 |      40 |       10 |      0 |    29 |    +4.8% |   -1.426 |      -42.5 |      -69.4 |     69 | dpath.b_reg.out\[2\]$_DFFE_PP_/DE
     130* |       0 |      44 |       12 |      0 |    29 |    +5.2% |   -1.426 |      -42.5 |      -69.3 |     69 | dpath.b_reg.out\[2\]$_DFFE_PP_/DE
     137* |       0 |      44 |       11 |      0 |    29 |    +5.0% |   -1.426 |      -42.5 |      -69.2 |     69 | dpath.b_reg.out\[2\]$_DFFE_PP_/DE
     140* |       0 |      45 |       12 |      0 |    29 |    +5.1% |   -1.426 |      -42.5 |      -69.0 |     69 | dpath.b_reg.out\[2\]$_DFFE_PP_/DE
     148* |       0 |      49 |       16 |      0 |    29 |    +6.3% |   -1.425 |      -42.4 |      -69.4 |     69 | dpath.b_reg.out\[2\]$_DFFE_PP_/DE
     150* |       0 |      50 |       16 |      0 |    29 |    +6.4% |   -1.406 |      -42.4 |      -69.0 |     69 | dpath.b_reg.out\[2\]$_DFFE_PP_/DE
     156* |       0 |      50 |       16 |      0 |    29 |    +6.4% |   -1.406 |      -42.4 |      -69.0 |     69 | dpath.b_reg.out\[2\]$_DFFE_PP_/DE
     160* |       0 |      52 |       17 |      0 |    29 |    +7.0% |   -1.448 |      -42.3 |      -69.3 |     69 | dpath.a_reg.out\[0\]$_DFFE_PP_/D
     162* |       0 |      53 |       17 |      0 |    29 |    +7.0% |   -1.398 |      -42.2 |      -68.3 |     69 | dpath.a_reg.out\[14\]$_DFFE_PP_/D
     164* |       0 |      53 |       17 |      0 |    29 |    +7.0% |   -1.398 |      -42.2 |      -68.3 |     69 | dpath.a_reg.out\[14\]$_DFFE_PP_/D
     166* |       0 |      53 |       17 |      0 |    29 |    +7.0% |   -1.398 |      -42.2 |      -68.3 |     69 | dpath.a_reg.out\[14\]$_DFFE_PP_/D
     170* |       0 |      55 |       17 |      0 |    30 |    +7.1% |   -1.398 |      -42.1 |      -67.7 |     69 | dpath.a_reg.out\[14\]$_DFFE_PP_/D
     180* |       0 |      60 |       19 |      0 |    33 |    +7.8% |   -1.407 |      -41.9 |      -66.9 |     69 | resp_msg[5]
     190* |       0 |      66 |       22 |      0 |    34 |    +9.1% |   -1.407 |      -42.1 |      -67.9 |     69 | resp_msg[5]
     195* |       0 |      54 |       17 |      0 |    29 |    +7.0% |   -1.398 |      -42.0 |      -68.0 |     69 | dpath.a_reg.out\[14\]$_DFFE_PP_/D
     200* |       0 |      56 |       19 |      0 |    29 |    +7.6% |   -1.407 |      -41.9 |      -67.3 |     69 | resp_msg[5]
     204* |       0 |      54 |       19 |      0 |    29 |    +7.4% |   -1.398 |      -41.9 |      -67.8 |     69 | dpath.a_reg.out\[14\]$_DFFE_PP_/D
     210* |       0 |      57 |       20 |      1 |    29 |    +8.9% |   -1.519 |      -46.8 |      -68.9 |     69 | dpath.b_reg.out\[5\]$_DFFE_PP_/DE
     214* |       0 |      54 |       19 |      0 |    29 |    +7.4% |   -1.398 |      -41.9 |      -67.8 |     69 | dpath.a_reg.out\[14\]$_DFFE_PP_/D
     220* |       0 |      59 |       19 |      0 |    29 |    +7.8% |   -1.407 |      -41.9 |      -66.8 |     69 | resp_msg[5]
     222* |       0 |      55 |       19 |      0 |    29 |    +7.5% |   -1.398 |      -41.9 |      -67.4 |     69 | dpath.a_reg.out\[14\]$_DFFE_PP_/D
     230* |       0 |      59 |       21 |      1 |    29 |    +9.3% |   -1.512 |      -46.5 |      -68.8 |     69 | dpath.b_reg.out\[5\]$_DFFE_PP_/DE
     233* |       0 |      55 |       19 |      0 |    29 |    +7.5% |   -1.398 |      -41.9 |      -67.4 |     69 | dpath.a_reg.out\[14\]$_DFFE_PP_/D
     240* |       0 |      59 |       20 |      1 |    29 |    +9.1% |   -1.514 |      -46.6 |      -68.8 |     69 | dpath.b_reg.out\[5\]$_DFFE_PP_/DE
     244* |       0 |      55 |       19 |      0 |    29 |    +7.5% |   -1.398 |      -41.9 |      -67.4 |     69 | dpath.a_reg.out\[14\]$_DFFE_PP_/D
     250* |       0 |      58 |       20 |      1 |    29 |    +9.0% |   -1.519 |      -46.8 |      -68.9 |     69 | dpath.b_reg.out\[5\]$_DFFE_PP_/DE
     255* |       0 |      55 |       19 |      0 |    29 |    +7.5% |   -1.398 |      -41.9 |      -67.4 |     69 | dpath.a_reg.out\[14\]$_DFFE_PP_/D
     260* |       0 |      57 |       20 |      1 |    29 |    +8.8% |   -1.520 |      -46.9 |      -68.9 |     69 | dpath.b_reg.out\[5\]$_DFFE_PP_/DE
     266* |       0 |      55 |       19 |      0 |    29 |    +7.5% |   -1.398 |      -41.9 |      -67.4 |     69 | dpath.a_reg.out\[14\]$_DFFE_PP_/D
     270* |       0 |      56 |       20 |      1 |    29 |    +8.6% |   -1.521 |      -47.0 |      -68.9 |     69 | dpath.b_reg.out\[5\]$_DFFE_PP_/DE
     277* |       0 |      55 |       19 |      0 |    29 |    +7.5% |   -1.398 |      -41.9 |      -67.4 |     69 | dpath.a_reg.out\[14\]$_DFFE_PP_/D
     280* |       0 |      55 |       20 |      1 |    29 |    +8.4% |   -1.522 |      -47.0 |      -69.0 |     69 | dpath.b_reg.out\[5\]$_DFFE_PP_/DE
     289* |       0 |      55 |       19 |      0 |    29 |    +7.5% |   -1.398 |      -41.9 |      -67.4 |     69 | dpath.a_reg.out\[14\]$_DFFE_PP_/D
     290* |       0 |      55 |       19 |      0 |    29 |    +7.5% |   -1.398 |      -41.9 |      -67.4 |     69 | dpath.a_reg.out\[14\]$_DFFE_PP_/D
     300* |       0 |      60 |       24 |      1 |    29 |   +10.0% |   -1.440 |      -43.5 |      -68.6 |     69 | dpath.a_reg.out\[14\]$_DFFE_PP_/D
     301* |       0 |      55 |       19 |      0 |    29 |    +7.5% |   -1.398 |      -41.9 |      -67.4 |     69 | dpath.a_reg.out\[14\]$_DFFE_PP_/D
     310* |       0 |      59 |       23 |      1 |    29 |    +9.6% |   -1.452 |      -44.8 |      -69.0 |     69 | dpath.b_reg.out\[5\]$_DFFE_PP_/DE
     313* |       0 |      55 |       19 |      0 |    29 |    +7.5% |   -1.398 |      -41.9 |      -67.4 |     69 | dpath.a_reg.out\[14\]$_DFFE_PP_/D
     320* |       0 |      59 |       20 |      1 |    29 |    +9.1% |   -1.514 |      -46.6 |      -68.8 |     69 | dpath.b_reg.out\[5\]$_DFFE_PP_/DE
     325* |       0 |      55 |       19 |      0 |    29 |    +7.5% |   -1.398 |      -41.9 |      -67.4 |     69 | dpath.a_reg.out\[14\]$_DFFE_PP_/D
     330* |       0 |      57 |       20 |      1 |    29 |    +8.8% |   -1.520 |      -46.9 |      -68.9 |     69 | dpath.b_reg.out\[5\]$_DFFE_PP_/DE
     337* |       0 |      55 |       19 |      0 |    29 |    +7.5% |   -1.398 |      -41.9 |      -67.4 |     69 | dpath.a_reg.out\[14\]$_DFFE_PP_/D
     340* |       0 |      57 |       19 |      0 |    29 |    +7.7% |   -1.407 |      -42.0 |      -67.1 |     69 | resp_msg[5]
     344* |       0 |      56 |       19 |      0 |    29 |    +7.6% |   -1.398 |      -42.0 |      -67.3 |     69 | dpath.a_reg.out\[14\]$_DFFE_PP_/D
     350* |       0 |      60 |       19 |      0 |    30 |    +7.9% |   -1.407 |      -41.9 |      -66.7 |     69 | resp_msg[5]
     350* |       0 |      56 |       19 |      0 |    29 |    +7.6% |   -1.398 |      -42.0 |      -67.3 |     69 | dpath.a_reg.out\[14\]$_DFFE_PP_/D
     356* |       0 |      56 |       19 |      0 |    29 |    +7.6% |   -1.398 |      -42.0 |      -67.3 |     69 | dpath.a_reg.out\[14\]$_DFFE_PP_/D
     360* |       0 |      57 |       20 |      0 |    30 |    +7.7% |   -1.398 |      -41.8 |      -66.4 |     69 | dpath.a_reg.out\[14\]$_DFFE_PP_/D
     366* |       0 |      57 |       19 |      0 |    30 |    +7.5% |   -1.398 |      -42.0 |      -67.1 |     69 | dpath.a_reg.out\[14\]$_DFFE_PP_/D
     370* |       0 |      60 |       19 |      0 |    30 |    +7.8% |   -1.398 |      -42.0 |      -66.8 |     69 | dpath.a_reg.out\[14\]$_DFFE_PP_/D
     378* |       0 |      62 |       19 |      0 |    30 |    +7.7% |   -1.398 |      -42.0 |      -66.7 |     69 | dpath.a_reg.out\[14\]$_DFFE_PP_/D
     380* |       0 |      63 |       19 |      0 |    30 |    +7.9% |   -1.398 |      -42.0 |      -66.7 |     69 | dpath.a_reg.out\[14\]$_DFFE_PP_/D
     390* |       0 |      69 |       22 |      0 |    31 |    +9.0% |   -1.398 |      -41.9 |      -66.1 |     69 | dpath.a_reg.out\[14\]$_DFFE_PP_/D
     393* |       0 |      63 |       19 |      0 |    30 |    +7.9% |   -1.398 |      -42.0 |      -66.7 |     69 | dpath.a_reg.out\[14\]$_DFFE_PP_/D
     400* |       0 |      67 |       20 |      0 |    31 |    +8.4% |   -1.398 |      -41.7 |      -65.6 |     69 | dpath.a_reg.out\[14\]$_DFFE_PP_/D
     400* |       0 |      63 |       20 |      0 |    30 |    +8.1% |   -1.398 |      -41.7 |      -65.9 |     69 | dpath.a_reg.out\[14\]$_DFFE_PP_/D
     406* |       0 |      63 |       20 |      0 |    30 |    +8.1% |   -1.398 |      -41.7 |      -65.9 |     69 | dpath.a_reg.out\[14\]$_DFFE_PP_/D
     410* |       0 |      66 |       20 |      0 |    30 |    +8.4% |   -1.398 |      -41.7 |      -65.7 |     69 | dpath.a_reg.out\[14\]$_DFFE_PP_/D
     412* |       0 |      63 |       20 |      0 |    30 |    +8.1% |   -1.398 |      -41.7 |      -65.9 |     69 | dpath.a_reg.out\[14\]$_DFFE_PP_/D
     419* |       0 |      67 |       21 |      0 |    31 |    +8.6% |   -1.398 |      -41.6 |      -65.7 |     69 | dpath.a_reg.out\[14\]$_DFFE_PP_/D
     420* |       0 |      67 |       21 |      0 |    31 |    +8.6% |   -1.398 |      -41.6 |      -65.7 |     69 | dpath.a_reg.out\[14\]$_DFFE_PP_/D
     422* |       0 |      67 |       21 |      0 |    31 |    +8.6% |   -1.398 |      -41.6 |      -65.7 |     69 | dpath.a_reg.out\[14\]$_DFFE_PP_/D
     426* |       0 |      67 |       21 |      0 |    31 |    +8.6% |   -1.398 |      -41.6 |      -65.7 |     69 | dpath.a_reg.out\[14\]$_DFFE_PP_/D
     428* |       0 |      67 |       21 |      0 |    31 |    +8.6% |   -1.398 |      -41.6 |      -65.7 |     69 | dpath.a_reg.out\[14\]$_DFFE_PP_/D
     430* |       0 |      68 |       21 |      0 |    31 |    +8.6% |   -1.398 |      -41.6 |      -65.7 |     69 | dpath.a_reg.out\[14\]$_DFFE_PP_/D
     431* |       0 |      67 |       21 |      0 |    31 |    +8.6% |   -1.398 |      -41.6 |      -65.7 |     69 | dpath.a_reg.out\[14\]$_DFFE_PP_/D
     434* |       0 |      68 |       21 |      0 |    31 |    +8.6% |   -1.398 |      -41.6 |      -65.7 |     69 | dpath.a_reg.out\[14\]$_DFFE_PP_/D
     437* |       0 |      68 |       21 |      0 |    31 |    +8.6% |   -1.398 |      -41.6 |      -65.7 |     69 | dpath.a_reg.out\[14\]$_DFFE_PP_/D
     440* |       0 |      70 |       21 |      0 |    31 |    +8.8% |   -1.398 |      -41.7 |      -65.7 |     69 | dpath.a_reg.out\[14\]$_DFFE_PP_/D
     441* |       0 |      70 |       21 |      0 |    31 |    +8.8% |   -1.398 |      -41.7 |      -65.7 |     69 | dpath.a_reg.out\[14\]$_DFFE_PP_/D
     445* |       0 |      71 |       21 |      0 |    31 |    +8.8% |   -1.397 |      -41.7 |      -65.7 |     69 | dpath.a_reg.out\[15\]$_DFFE_PP_/D
     450* |       0 |      75 |       21 |      0 |    31 |    +9.4% |   -1.397 |      -41.4 |      -65.5 |     69 | dpath.a_reg.out\[15\]$_DFFE_PP_/D
     457* |       0 |      80 |       21 |      0 |    33 |   +10.0% |   -1.397 |      -41.1 |      -65.2 |     69 | dpath.a_reg.out\[15\]$_DFFE_PP_/D
     460* |       0 |      81 |       21 |      0 |    34 |   +10.2% |   -1.397 |      -41.1 |      -65.1 |     69 | dpath.a_reg.out\[15\]$_DFFE_PP_/D
     470* |       4 |      82 |       26 |      0 |    34 |   +10.3% |   -1.397 |      -41.2 |      -64.9 |     69 | dpath.a_reg.out\[15\]$_DFFE_PP_/D
     480* |       9 |      82 |       31 |      0 |    34 |   +10.3% |   -1.397 |      -41.2 |      -64.9 |     69 | dpath.a_reg.out\[15\]$_DFFE_PP_/D
     490* |      14 |      82 |       36 |      0 |    34 |   +10.3% |   -1.397 |      -41.2 |      -64.9 |     69 | dpath.a_reg.out\[15\]$_DFFE_PP_/D
     500* |      19 |      82 |       41 |      0 |    34 |   +10.3% |   -1.397 |      -41.2 |      -64.9 |     69 | dpath.a_reg.out\[15\]$_DFFE_PP_/D
     510* |      24 |      82 |       46 |      0 |    34 |   +10.3% |   -1.397 |      -41.2 |      -64.9 |     69 | dpath.a_reg.out\[15\]$_DFFE_PP_/D
     513* |       0 |      82 |       23 |      0 |    34 |   +10.5% |   -1.397 |      -41.1 |      -64.8 |     69 | dpath.a_reg.out\[15\]$_DFFE_PP_/D
     517* |       0 |      82 |       23 |      0 |    34 |   +10.5% |   -1.397 |      -41.1 |      -64.8 |     69 | dpath.a_reg.out\[15\]$_DFFE_PP_/D
     520* |       0 |      83 |       24 |      0 |    34 |   +10.7% |   -1.397 |      -41.1 |      -64.7 |     69 | dpath.a_reg.out\[15\]$_DFFE_PP_/D
     527* |       0 |      88 |       25 |      0 |    35 |   +11.1% |   -1.397 |      -41.1 |      -64.6 |     69 | dpath.a_reg.out\[15\]$_DFFE_PP_/D
     530* |       0 |      89 |       25 |      0 |    36 |   +11.3% |   -1.397 |      -41.1 |      -64.5 |     69 | dpath.a_reg.out\[15\]$_DFFE_PP_/D
     536* |       1 |      94 |       25 |      0 |    36 |   +11.4% |   -1.397 |      -41.1 |      -64.0 |     69 | dpath.a_reg.out\[15\]$_DFFE_PP_/D
     540* |       1 |      95 |       26 |      0 |    37 |   +11.7% |   -1.397 |      -41.1 |      -64.0 |     69 | dpath.a_reg.out\[15\]$_DFFE_PP_/D
     545* |       1 |      96 |       26 |      0 |    37 |   +11.7% |   -1.397 |      -41.1 |      -63.7 |     69 | dpath.a_reg.out\[15\]$_DFFE_PP_/D
     550* |       1 |      98 |       26 |      0 |    39 |   +11.9% |   -1.397 |      -41.0 |      -63.7 |     69 | dpath.a_reg.out\[15\]$_DFFE_PP_/D
     552* |       1 |     100 |       26 |      0 |    39 |   +11.9% |   -1.397 |      -40.6 |      -63.4 |     69 | dpath.a_reg.out\[15\]$_DFFE_PP_/D
     560* |       1 |     105 |       29 |      1 |    39 |   +13.7% |   -1.397 |      -40.5 |      -62.6 |     69 | dpath.a_reg.out\[15\]$_DFFE_PP_/D
     560* |       1 |     105 |       29 |      1 |    39 |   +13.7% |   -1.397 |      -40.5 |      -62.6 |     69 | dpath.a_reg.out\[15\]$_DFFE_PP_/D
     562* |       1 |     106 |       29 |      1 |    39 |   +13.8% |   -1.397 |      -40.5 |      -62.6 |     69 | dpath.a_reg.out\[15\]$_DFFE_PP_/D
     564* |       1 |     107 |       29 |      1 |    39 |   +13.9% |   -1.397 |      -40.4 |      -62.6 |     69 | dpath.a_reg.out\[15\]$_DFFE_PP_/D
     567* |       1 |     109 |       29 |      1 |    39 |   +14.0% |   -1.397 |      -40.4 |      -62.6 |     69 | dpath.a_reg.out\[15\]$_DFFE_PP_/D
     569* |       1 |     110 |       29 |      1 |    39 |   +14.0% |   -1.397 |      -40.4 |      -62.5 |     69 | dpath.a_reg.out\[15\]$_DFFE_PP_/D
     570* |       1 |     110 |       29 |      1 |    39 |   +14.0% |   -1.397 |      -40.4 |      -62.5 |     69 | dpath.a_reg.out\[15\]$_DFFE_PP_/D
     571* |       1 |     111 |       29 |      1 |    39 |   +14.1% |   -1.397 |      -40.4 |      -62.5 |     69 | dpath.a_reg.out\[15\]$_DFFE_PP_/D
     573* |       1 |     112 |       29 |      1 |    39 |   +14.2% |   -1.397 |      -40.3 |      -62.5 |     69 | dpath.a_reg.out\[15\]$_DFFE_PP_/D
     575* |       1 |     113 |       29 |      1 |    39 |   +14.3% |   -1.397 |      -40.3 |      -62.5 |     69 | dpath.a_reg.out\[15\]$_DFFE_PP_/D
     577* |       1 |     114 |       29 |      1 |    39 |   +14.4% |   -1.397 |      -40.3 |      -62.5 |     69 | dpath.a_reg.out\[15\]$_DFFE_PP_/D
     579* |       1 |     115 |       29 |      1 |    39 |   +14.5% |   -1.397 |      -40.3 |      -62.4 |     69 | dpath.a_reg.out\[15\]$_DFFE_PP_/D
     580* |       1 |     115 |       29 |      1 |    39 |   +14.5% |   -1.397 |      -40.3 |      -62.4 |     69 | dpath.a_reg.out\[15\]$_DFFE_PP_/D
     581* |       1 |     116 |       29 |      1 |    39 |   +14.6% |   -1.397 |      -40.2 |      -62.4 |     69 | dpath.a_reg.out\[15\]$_DFFE_PP_/D
     585* |       1 |     118 |       29 |      1 |    40 |   +14.4% |   -1.397 |      -40.1 |      -63.0 |     69 | dpath.a_reg.out\[15\]$_DFFE_PP_/D
     588* |       1 |     120 |       29 |      1 |    40 |   +14.5% |   -1.397 |      -40.1 |      -63.0 |     69 | dpath.a_reg.out\[15\]$_DFFE_PP_/D
     590* |       1 |     121 |       29 |      1 |    40 |   +14.6% |   -1.397 |      -40.1 |      -62.9 |     69 | dpath.a_reg.out\[15\]$_DFFE_PP_/D
     591* |       1 |     122 |       29 |      1 |    40 |   +14.5% |   -1.397 |      -40.0 |      -62.9 |     69 | dpath.a_reg.out\[15\]$_DFFE_PP_/D
     595* |       1 |     124 |       30 |      1 |    40 |   +14.9% |   -1.397 |      -40.0 |      -62.0 |     69 | dpath.a_reg.out\[15\]$_DFFE_PP_/D
     598* |       1 |     126 |       30 |      1 |    40 |   +15.1% |   -1.397 |      -39.9 |      -62.0 |     69 | dpath.a_reg.out\[15\]$_DFFE_PP_/D
     600* |       1 |     127 |       30 |      1 |    40 |   +15.2% |   -1.397 |      -39.9 |      -62.0 |     69 | dpath.a_reg.out\[15\]$_DFFE_PP_/D
     600* |       1 |     127 |       30 |      1 |    40 |   +15.2% |   -1.397 |      -39.9 |      -62.0 |     69 | dpath.a_reg.out\[15\]$_DFFE_PP_/D
     603* |       1 |     129 |       30 |      1 |    40 |   +15.3% |   -1.397 |      -39.9 |      -62.0 |     69 | dpath.a_reg.out\[15\]$_DFFE_PP_/D
     603* |       1 |     129 |       30 |      1 |    40 |   +15.3% |   -1.397 |      -39.9 |      -62.0 |     69 | dpath.a_reg.out\[15\]$_DFFE_PP_/D
     605+ |       1 |     130 |       30 |      1 |    40 |   +15.3% |   -1.393 |      -39.9 |      -62.0 |     84 | dpath.a_reg.out\[15\]$_DFFE_PP_/D
     607+ |       1 |     131 |       30 |      1 |    40 |   +15.4% |   -1.393 |      -39.8 |      -62.0 |     84 | dpath.a_reg.out\[15\]$_DFFE_PP_/D
     610+ |       1 |     133 |       30 |      1 |    40 |   +15.3% |   -1.393 |      -39.8 |      -61.9 |     84 | dpath.a_reg.out\[15\]$_DFFE_PP_/D
     610+ |       1 |     133 |       30 |      1 |    40 |   +15.3% |   -1.393 |      -39.8 |      -61.9 |     84 | dpath.a_reg.out\[15\]$_DFFE_PP_/D
     611+ |       1 |     133 |       30 |      1 |    40 |   +15.3% |   -1.393 |      -39.8 |      -61.9 |     84 | dpath.a_reg.out\[15\]$_DFFE_PP_/D
     613+ |       1 |     134 |       30 |      1 |    40 |   +15.3% |   -1.393 |      -39.8 |      -61.9 |     84 | dpath.a_reg.out\[15\]$_DFFE_PP_/D
     614+ |       1 |     134 |       30 |      1 |    40 |   +15.3% |   -1.393 |      -39.8 |      -61.9 |     84 | dpath.a_reg.out\[15\]$_DFFE_PP_/D
     615+ |       1 |     134 |       30 |      1 |    40 |   +15.3% |   -1.393 |      -39.8 |      -61.9 |     84 | dpath.a_reg.out\[15\]$_DFFE_PP_/D
     616+ |       1 |     134 |       30 |      1 |    40 |   +15.3% |   -1.393 |      -39.8 |      -61.9 |     84 | dpath.a_reg.out\[15\]$_DFFE_PP_/D
     617+ |       1 |     134 |       30 |      1 |    40 |   +15.3% |   -1.393 |      -39.8 |      -61.9 |     84 | dpath.a_reg.out\[15\]$_DFFE_PP_/D
     618+ |       1 |     134 |       30 |      1 |    40 |   +15.3% |   -1.393 |      -39.8 |      -61.9 |     84 | dpath.a_reg.out\[15\]$_DFFE_PP_/D
     619+ |       1 |     134 |       30 |      1 |    40 |   +15.3% |   -1.393 |      -39.8 |      -61.9 |     84 | dpath.a_reg.out\[15\]$_DFFE_PP_/D
     620+ |       1 |     134 |       30 |      1 |    40 |   +15.3% |   -1.393 |      -39.8 |      -61.9 |     84 | dpath.a_reg.out\[15\]$_DFFE_PP_/D
     620+ |       1 |     134 |       30 |      1 |    40 |   +15.3% |   -1.393 |      -39.8 |      -61.9 |     84 | dpath.a_reg.out\[15\]$_DFFE_PP_/D
     621+ |       1 |     134 |       30 |      1 |    40 |   +15.3% |   -1.393 |      -39.8 |      -61.9 |     84 | dpath.a_reg.out\[15\]$_DFFE_PP_/D
     622+ |       1 |     134 |       30 |      1 |    40 |   +15.3% |   -1.393 |      -39.8 |      -61.9 |     84 | dpath.a_reg.out\[15\]$_DFFE_PP_/D
     623+ |       1 |     134 |       30 |      1 |    40 |   +15.3% |   -1.393 |      -39.8 |      -61.9 |     84 | dpath.a_reg.out\[15\]$_DFFE_PP_/D
     624+ |       1 |     134 |       30 |      1 |    40 |   +15.3% |   -1.393 |      -39.8 |      -61.9 |     84 | dpath.a_reg.out\[15\]$_DFFE_PP_/D
     625+ |       1 |     134 |       30 |      1 |    40 |   +15.3% |   -1.393 |      -39.8 |      -61.9 |     84 | dpath.a_reg.out\[15\]$_DFFE_PP_/D
     626+ |       1 |     134 |       30 |      1 |    40 |   +15.3% |   -1.393 |      -39.8 |      -61.9 |     84 | dpath.a_reg.out\[15\]$_DFFE_PP_/D
     627+ |       1 |     134 |       30 |      1 |    40 |   +15.3% |   -1.393 |      -39.8 |      -61.9 |     84 | dpath.a_reg.out\[15\]$_DFFE_PP_/D
     628+ |       1 |     134 |       30 |      1 |    40 |   +15.3% |   -1.393 |      -39.8 |      -61.9 |     84 | dpath.a_reg.out\[15\]$_DFFE_PP_/D
     629+ |       1 |     134 |       30 |      1 |    40 |   +15.3% |   -1.393 |      -39.8 |      -61.9 |     84 | dpath.a_reg.out\[15\]$_DFFE_PP_/D
     630+ |       1 |     134 |       30 |      1 |    40 |   +15.3% |   -1.393 |      -39.8 |      -61.9 |     84 | dpath.a_reg.out\[15\]$_DFFE_PP_/D
     630+ |       1 |     134 |       30 |      1 |    40 |   +15.3% |   -1.393 |      -39.8 |      -61.9 |     84 | dpath.a_reg.out\[15\]$_DFFE_PP_/D
     631+ |       1 |     134 |       30 |      1 |    40 |   +15.3% |   -1.393 |      -39.8 |      -61.9 |     84 | dpath.a_reg.out\[15\]$_DFFE_PP_/D
     632+ |       1 |     134 |       30 |      1 |    40 |   +15.3% |   -1.393 |      -39.8 |      -61.9 |     84 | dpath.a_reg.out\[15\]$_DFFE_PP_/D
     633+ |       1 |     134 |       30 |      1 |    40 |   +15.3% |   -1.393 |      -39.8 |      -61.9 |     84 | dpath.a_reg.out\[15\]$_DFFE_PP_/D
     635+ |       1 |     135 |       30 |      1 |    40 |   +15.3% |   -1.393 |      -39.8 |      -61.9 |     84 | dpath.a_reg.out\[15\]$_DFFE_PP_/D
     637+ |       1 |     136 |       30 |      1 |    40 |   +15.3% |   -1.393 |      -39.8 |      -61.9 |     84 | dpath.a_reg.out\[15\]$_DFFE_PP_/D
     639+ |       1 |     137 |       30 |      1 |    40 |   +15.3% |   -1.393 |      -39.8 |      -61.9 |     84 | dpath.a_reg.out\[15\]$_DFFE_PP_/D
     640+ |       1 |     137 |       30 |      1 |    40 |   +15.3% |   -1.393 |      -39.8 |      -61.9 |     84 | dpath.a_reg.out\[15\]$_DFFE_PP_/D
     640+ |       1 |     137 |       30 |      1 |    40 |   +15.3% |   -1.393 |      -39.8 |      -61.9 |     84 | dpath.a_reg.out\[15\]$_DFFE_PP_/D
     641+ |       1 |     137 |       30 |      1 |    40 |   +15.3% |   -1.393 |      -39.8 |      -61.9 |     84 | dpath.a_reg.out\[15\]$_DFFE_PP_/D
     643+ |       1 |     138 |       30 |      1 |    40 |   +15.3% |   -1.393 |      -39.8 |      -61.9 |     84 | dpath.a_reg.out\[15\]$_DFFE_PP_/D
     645+ |       1 |     139 |       30 |      1 |    40 |   +15.3% |   -1.393 |      -39.8 |      -61.6 |     84 | dpath.a_reg.out\[15\]$_DFFE_PP_/D
     647+ |       1 |     140 |       30 |      1 |    40 |   +15.3% |   -1.393 |      -39.8 |      -61.6 |     84 | dpath.a_reg.out\[15\]$_DFFE_PP_/D
     648+ |       1 |     140 |       30 |      1 |    40 |   +15.3% |   -1.393 |      -39.8 |      -61.6 |     84 | dpath.a_reg.out\[15\]$_DFFE_PP_/D
     650+ |       1 |     141 |       30 |      1 |    40 |   +15.4% |   -1.393 |      -39.8 |      -61.6 |     84 | dpath.a_reg.out\[15\]$_DFFE_PP_/D
     650+ |       1 |     141 |       30 |      1 |    40 |   +15.4% |   -1.393 |      -39.8 |      -61.6 |     84 | dpath.a_reg.out\[15\]$_DFFE_PP_/D
     651+ |       1 |     141 |       30 |      1 |    40 |   +15.4% |   -1.393 |      -39.8 |      -61.6 |     84 | dpath.a_reg.out\[15\]$_DFFE_PP_/D
     653+ |       1 |     142 |       30 |      1 |    40 |   +15.4% |   -1.393 |      -39.8 |      -61.6 |     84 | dpath.a_reg.out\[15\]$_DFFE_PP_/D
     654+ |       1 |     142 |       30 |      1 |    40 |   +15.4% |   -1.393 |      -39.8 |      -61.6 |     84 | dpath.a_reg.out\[15\]$_DFFE_PP_/D
     655+ |       1 |     142 |       30 |      1 |    40 |   +15.4% |   -1.393 |      -39.8 |      -61.6 |     84 | dpath.a_reg.out\[15\]$_DFFE_PP_/D
     656+ |       1 |     142 |       30 |      1 |    40 |   +15.4% |   -1.393 |      -39.8 |      -61.6 |     84 | dpath.a_reg.out\[15\]$_DFFE_PP_/D
     659+ |       1 |     144 |       30 |      1 |    40 |   +15.3% |   -1.393 |      -39.8 |      -61.5 |     84 | dpath.a_reg.out\[15\]$_DFFE_PP_/D
     660+ |       1 |     144 |       30 |      1 |    40 |   +15.3% |   -1.393 |      -39.8 |      -61.5 |     84 | dpath.a_reg.out\[15\]$_DFFE_PP_/D
     661+ |       1 |     145 |       30 |      1 |    40 |   +15.2% |   -1.393 |      -39.8 |      -61.4 |     84 | dpath.a_reg.out\[15\]$_DFFE_PP_/D
     665+ |       1 |     148 |       30 |      1 |    40 |   +15.3% |   -1.393 |      -39.8 |      -61.3 |     84 | dpath.a_reg.out\[15\]$_DFFE_PP_/D
     666+ |       1 |     148 |       30 |      1 |    40 |   +15.3% |   -1.393 |      -39.8 |      -61.3 |     84 | dpath.a_reg.out\[15\]$_DFFE_PP_/D
     667+ |       1 |     148 |       30 |      1 |    40 |   +15.3% |   -1.393 |      -39.8 |      -61.3 |     84 | dpath.a_reg.out\[15\]$_DFFE_PP_/D
     668+ |       1 |     148 |       30 |      1 |    40 |   +15.3% |   -1.393 |      -39.8 |      -61.3 |     84 | dpath.a_reg.out\[15\]$_DFFE_PP_/D
     670+ |       1 |     149 |       30 |      1 |    40 |   +15.3% |   -1.393 |      -39.8 |      -61.2 |     84 | dpath.a_reg.out\[15\]$_DFFE_PP_/D
     672+ |       1 |     151 |       30 |      1 |    40 |   +15.3% |   -1.393 |      -39.8 |      -61.1 |     84 | dpath.a_reg.out\[15\]$_DFFE_PP_/D
     673+ |       1 |     151 |       30 |      1 |    40 |   +15.3% |   -1.393 |      -39.8 |      -61.1 |     84 | dpath.a_reg.out\[15\]$_DFFE_PP_/D
     674+ |       1 |     151 |       30 |      1 |    40 |   +15.3% |   -1.393 |      -39.8 |      -61.1 |     84 | dpath.a_reg.out\[15\]$_DFFE_PP_/D
     677+ |       1 |     153 |       30 |      1 |    40 |   +15.2% |   -1.393 |      -39.8 |      -61.1 |     84 | dpath.a_reg.out\[15\]$_DFFE_PP_/D
     678+ |       1 |     153 |       30 |      1 |    40 |   +15.2% |   -1.393 |      -39.8 |      -61.1 |     84 | dpath.a_reg.out\[15\]$_DFFE_PP_/D
     679+ |       1 |     153 |       30 |      1 |    40 |   +15.2% |   -1.393 |      -39.8 |      -61.1 |     84 | dpath.a_reg.out\[15\]$_DFFE_PP_/D
     680+ |       1 |     153 |       30 |      1 |    40 |   +15.2% |   -1.393 |      -39.8 |      -61.1 |     84 | dpath.a_reg.out\[15\]$_DFFE_PP_/D
     680+ |       1 |     153 |       30 |      1 |    40 |   +15.2% |   -1.393 |      -39.8 |      -61.1 |     84 | dpath.a_reg.out\[15\]$_DFFE_PP_/D
     681+ |       1 |     153 |       30 |      1 |    40 |   +15.2% |   -1.393 |      -39.8 |      -61.1 |     84 | dpath.a_reg.out\[15\]$_DFFE_PP_/D
     682+ |       1 |     153 |       30 |      1 |    40 |   +15.2% |   -1.393 |      -39.8 |      -61.1 |     84 | dpath.a_reg.out\[15\]$_DFFE_PP_/D
     683+ |       1 |     153 |       30 |      1 |    40 |   +15.2% |   -1.393 |      -39.8 |      -61.1 |     84 | dpath.a_reg.out\[15\]$_DFFE_PP_/D
     684+ |       1 |     153 |       30 |      1 |    40 |   +15.2% |   -1.393 |      -39.8 |      -61.1 |     84 | dpath.a_reg.out\[15\]$_DFFE_PP_/D
     686+ |       1 |     154 |       30 |      1 |    40 |   +15.3% |   -1.393 |      -39.8 |      -61.0 |     84 | dpath.a_reg.out\[15\]$_DFFE_PP_/D
     687+ |       1 |     154 |       30 |      1 |    40 |   +15.3% |   -1.393 |      -39.8 |      -61.0 |     84 | dpath.a_reg.out\[15\]$_DFFE_PP_/D
     688+ |       1 |     154 |       30 |      1 |    40 |   +15.3% |   -1.393 |      -39.8 |      -61.0 |     84 | dpath.a_reg.out\[15\]$_DFFE_PP_/D
     689+ |       1 |     154 |       30 |      1 |    40 |   +15.3% |   -1.393 |      -39.8 |      -61.0 |     84 | dpath.a_reg.out\[15\]$_DFFE_PP_/D
     690+ |       1 |     154 |       30 |      1 |    40 |   +15.3% |   -1.393 |      -39.8 |      -61.0 |     84 | dpath.a_reg.out\[15\]$_DFFE_PP_/D
     690+ |       1 |     154 |       30 |      1 |    40 |   +15.3% |   -1.393 |      -39.8 |      -61.0 |     84 | dpath.a_reg.out\[15\]$_DFFE_PP_/D
     691+ |       1 |     154 |       30 |      1 |    40 |   +15.3% |   -1.393 |      -39.8 |      -61.0 |     84 | dpath.a_reg.out\[15\]$_DFFE_PP_/D
     692+ |       1 |     154 |       30 |      1 |    40 |   +15.3% |   -1.393 |      -39.8 |      -61.0 |     84 | dpath.a_reg.out\[15\]$_DFFE_PP_/D
     693+ |       1 |     154 |       30 |      1 |    40 |   +15.3% |   -1.393 |      -39.8 |      -61.0 |     84 | dpath.a_reg.out\[15\]$_DFFE_PP_/D
     694+ |       1 |     154 |       30 |      1 |    40 |   +15.3% |   -1.393 |      -39.8 |      -61.0 |     84 | dpath.a_reg.out\[15\]$_DFFE_PP_/D
     695+ |       1 |     154 |       30 |      1 |    40 |   +15.3% |   -1.393 |      -39.8 |      -61.0 |     84 | dpath.a_reg.out\[15\]$_DFFE_PP_/D
     696+ |       1 |     155 |       30 |      1 |    40 |   +15.4% |   -1.393 |      -39.8 |      -60.7 |     84 | dpath.a_reg.out\[15\]$_DFFE_PP_/D
     697+ |       1 |     155 |       30 |      1 |    40 |   +15.4% |   -1.393 |      -39.8 |      -60.7 |     84 | dpath.a_reg.out\[15\]$_DFFE_PP_/D
     698+ |       1 |     155 |       30 |      1 |    40 |   +15.4% |   -1.393 |      -39.8 |      -60.7 |     84 | dpath.a_reg.out\[15\]$_DFFE_PP_/D
     699+ |       1 |     156 |       30 |      1 |    40 |   +15.2% |   -1.393 |      -39.8 |      -60.7 |     84 | dpath.a_reg.out\[15\]$_DFFE_PP_/D
     700+ |       1 |     156 |       30 |      1 |    40 |   +15.2% |   -1.393 |      -39.8 |      -60.7 |     84 | dpath.a_reg.out\[15\]$_DFFE_PP_/D
     700+ |       1 |     156 |       30 |      1 |    40 |   +15.2% |   -1.393 |      -39.8 |      -60.7 |     84 | dpath.a_reg.out\[15\]$_DFFE_PP_/D
     701+ |       1 |     156 |       30 |      1 |    40 |   +15.2% |   -1.393 |      -39.8 |      -60.7 |     84 | dpath.a_reg.out\[15\]$_DFFE_PP_/D
     702+ |       1 |     156 |       30 |      1 |    40 |   +15.2% |   -1.393 |      -39.8 |      -60.7 |     84 | dpath.a_reg.out\[15\]$_DFFE_PP_/D
     703+ |       1 |     156 |       30 |      1 |    40 |   +15.2% |   -1.393 |      -39.8 |      -60.7 |     84 | dpath.a_reg.out\[15\]$_DFFE_PP_/D
     704+ |       1 |     156 |       30 |      1 |    40 |   +15.2% |   -1.393 |      -39.8 |      -60.7 |     84 | dpath.a_reg.out\[15\]$_DFFE_PP_/D
     705+ |       1 |     156 |       30 |      1 |    40 |   +15.2% |   -1.393 |      -39.8 |      -60.7 |     84 | dpath.a_reg.out\[15\]$_DFFE_PP_/D
     706+ |       1 |     156 |       30 |      1 |    40 |   +15.2% |   -1.393 |      -39.8 |      -60.7 |     84 | dpath.a_reg.out\[15\]$_DFFE_PP_/D
     707+ |       1 |     156 |       30 |      1 |    40 |   +15.2% |   -1.393 |      -39.8 |      -60.7 |     84 | dpath.a_reg.out\[15\]$_DFFE_PP_/D
     708+ |       1 |     156 |       30 |      1 |    40 |   +15.2% |   -1.393 |      -39.8 |      -60.7 |     84 | dpath.a_reg.out\[15\]$_DFFE_PP_/D
     709+ |       1 |     156 |       30 |      1 |    40 |   +15.2% |   -1.393 |      -39.8 |      -60.7 |     84 | dpath.a_reg.out\[15\]$_DFFE_PP_/D
     710+ |       1 |     156 |       30 |      1 |    40 |   +15.2% |   -1.393 |      -39.8 |      -60.7 |     84 | dpath.a_reg.out\[15\]$_DFFE_PP_/D
     710+ |       1 |     156 |       30 |      1 |    40 |   +15.2% |   -1.393 |      -39.8 |      -60.7 |     84 | dpath.a_reg.out\[15\]$_DFFE_PP_/D
     711+ |       1 |     156 |       30 |      1 |    40 |   +15.2% |   -1.393 |      -39.8 |      -60.7 |     84 | dpath.a_reg.out\[15\]$_DFFE_PP_/D
     712+ |       1 |     156 |       30 |      1 |    40 |   +15.2% |   -1.393 |      -39.8 |      -60.7 |     84 | dpath.a_reg.out\[15\]$_DFFE_PP_/D
    final |       1 |     156 |       30 |      1 |    40 |   +15.2% |   -1.393 |      -39.8 |      -60.7 |     67 | dpath.a_reg.out\[15\]$_DFFE_PP_/D
------------------------------------------------------------------------------------------------------------------------------
[INFO RSZ-0059] Removed 1 buffers.
[INFO RSZ-0040] Inserted 30 buffers.
[INFO RSZ-0051] Resized 156 instances: 156 up, 0 up match, 0 down, 0 VT
[INFO RSZ-0043] Swapped pins on 40 instances.
[INFO RSZ-0049] Cloned 1 instances.
[WARNING RSZ-0062] Unable to repair all setup violations.
[INFO RSZ-0505] Runtime: 7.06s
[INFO RSZ-0033] No hold violations found.
[INFO RSZ-0506] Runtime: 0.00s
Took 7 seconds: repair_timing -setup_margin 0 -hold_margin 0 -repair_tns 100 -match_cell_footprint -verbose
detailed_placement
[INFO DPL-0006] Core area: 5885.64 um^2
[INFO DPL-0007] Movable instances area: 4702.01 um^2
[INFO DPL-0008] Fixed instances area within core: 93.84 um^2
[INFO DPL-0009] Utilization: 81.5%
[INFO DPL-0005] Diamond search max displacement: +/- 500 sites horizontally, +/- 100 rows vertically.
[INFO DPL-1102] Legalizing using negotiation legalizer.
[INFO DPL-1103] Negotiation base search window: +/-20 sites horizontally, +/-5 rows vertically 
	Automatic search window extension enabled.
	Search window extendable up to the max displacement cap of +/-500 sites, +/-100 rows near walls.
[INFO DPL-1104] NegotiationLegalizer DRC penalty: 5.
[INFO DPL-0392] Negotiation cell height distribution (1 unique row-count(s)):
[INFO DPL-0393]   height 1 row(s): 518 cells
          |      Total |  Illegal |  Illegal
Iteration | Violations |    Cells |    Sites
---------------------------------------------
        0 |        349 |        69 |       280
        1 |        205 |        29 |       176
        2 |        149 |        27 |       122
        3 |        111 |        15 |        96
        4 |         83 |        11 |        72
        5 |         32 |         6 |        26
        6 |         40 |         6 |        34
        7 |         10 |         2 |         8
        8 |         19 |         3 |        16
        9 |          0 |         0 |         0
Negotiation phase 1 converged at iteration 9.
[INFO DPL-0500] Runtime: 0.04s
Placement Analysis
---------------------------------
total displacement        957.6 u
average displacement        1.8 u
max displacement           30.1 u
original HPWL            6592.8 u
legalized HPWL           7783.2 u
delta HPWL                   18 %

Report metrics stage 4, cts final...

==========================================================================
cts final report_design_area
--------------------------------------------------------------------------
Design area 4796 um^2 81% utilization.
write_db /gate03e-run-02/results/sky130hd/gcd/base/4_1_cts.odb
write_sdc -no_timestamp /gate03e-run-02/results/sky130hd/gcd/base/4_cts.sdc
Elapsed time: 0:11.64[h:]min:sec. CPU time: user 10.49 sys 5.40 (136%). Peak memory: 170964KB.
Log                       Ext     Elapsed/s Peak Memory/MB sha1sum result [0:20)
4_1_cts                   .odb           11            166 a2d8a9621c32f5e0d243
cp /gate03e-run-02/results/sky130hd/gcd/base/4_1_cts.odb /gate03e-run-02/results/sky130hd/gcd/base/4_cts.odb
/OpenROAD-flow-scripts/flow/scripts/flow.sh 5_1_grt global_route
Running global_route.tcl, stage 5_1_grt
read_liberty /OpenROAD-flow-scripts/flow/platforms/sky130hd/lib/sky130_fd_sc_hd__tt_025C_1v80.lib
read_db -hier /gate03e-run-02/results/sky130hd/gcd/base/4_cts.odb
[WARNING ORD-0012] Hierarchical flow (-hier) is currently in development and may cause multiple issues. Do not use in production environments.
read_sdc /gate03e-run-02/results/sky130hd/gcd/base/4_cts.sdc
source /OpenROAD-flow-scripts/flow/platforms/sky130hd/setRC.tcl
pin_access
[INFO DRT-0149] Reading tech and libs.
[WARNING DRT-0349] LEF58_ENCLOSURE with no CUTCLASS is not supported. Skipping for layer mcon
[WARNING DRT-0349] LEF58_ENCLOSURE with no CUTCLASS is not supported. Skipping for layer mcon
[WARNING DRT-0349] LEF58_ENCLOSURE with no CUTCLASS is not supported. Skipping for layer via
[WARNING DRT-0349] LEF58_ENCLOSURE with no CUTCLASS is not supported. Skipping for layer via
[WARNING DRT-0349] LEF58_ENCLOSURE with no CUTCLASS is not supported. Skipping for layer via2
[WARNING DRT-0349] LEF58_ENCLOSURE with no CUTCLASS is not supported. Skipping for layer via2
[WARNING DRT-0349] LEF58_ENCLOSURE with no CUTCLASS is not supported. Skipping for layer via3
[WARNING DRT-0349] LEF58_ENCLOSURE with no CUTCLASS is not supported. Skipping for layer via3
[WARNING DRT-0349] LEF58_ENCLOSURE with no CUTCLASS is not supported. Skipping for layer via4
[WARNING DRT-0349] LEF58_ENCLOSURE with no CUTCLASS is not supported. Skipping for layer via4

Units:                1000
Number of layers:     13
Number of macros:     441
Number of vias:       29
Number of viarulegen: 25

[INFO DRT-0150] Reading design.

Design:                   gcd
Die area:                 ( 0 0 ) ( 80025 80025 )
Number of track patterns: 12
Number of DEF vias:       0
Number of components:     518
Number of terminals:      56
Number of snets:          2
Number of nets:           476

[INFO DRT-0167] List of default vias:
  Layer via
    default via: M1M2_PR
  Layer via2
    default via: M2M3_PR
  Layer via3
    default via: M3M4_PR
  Layer via4
    default via: M4M5_PR
[INFO DRT-0162] Library cell analysis.
[INFO DRT-0163] Instance analysis.
[INFO DRT-0164] Number of unique instances = 98.
[INFO DRT-0168] Init region query.
[INFO DRT-0024]   Complete FR_MASTERSLICE.
[INFO DRT-0024]   Complete Fr_VIA.
[INFO DRT-0024]   Complete li1.
[INFO DRT-0024]   Complete mcon.
[INFO DRT-0024]   Complete met1.
[INFO DRT-0024]   Complete via.
[INFO DRT-0024]   Complete met2.
[INFO DRT-0024]   Complete via2.
[INFO DRT-0024]   Complete met3.
[INFO DRT-0024]   Complete via3.
[INFO DRT-0024]   Complete met4.
[INFO DRT-0024]   Complete via4.
[INFO DRT-0024]   Complete met5.
[INFO DRT-0033] FR_MASTERSLICE shape region query size = 0.
[INFO DRT-0033] FR_VIA shape region query size = 0.
[INFO DRT-0033] li1 shape region query size = 12985.
[INFO DRT-0033] mcon shape region query size = 8098.
[INFO DRT-0033] met1 shape region query size = 1798.
[INFO DRT-0033] via shape region query size = 365.
[INFO DRT-0033] met2 shape region query size = 245.
[INFO DRT-0033] via2 shape region query size = 292.
[INFO DRT-0033] met3 shape region query size = 247.
[INFO DRT-0033] via3 shape region query size = 292.
[INFO DRT-0033] met4 shape region query size = 91.
[INFO DRT-0033] via4 shape region query size = 13.
[INFO DRT-0033] met5 shape region query size = 23.
[INFO DRT-0165] Start pin access.
[INFO DRT-0078]   Complete 728 pins.
[INFO DRT-0081]   Complete 98 unique inst patterns.
[INFO DRT-0084]   Complete 243 groups.
#scanned instances     = 518
#unique  instances     = 98
#stdCellGenAp          = 2699
#stdCellValidPlanarAp  = 14
#stdCellValidViaAp     = 1968
#stdCellPinNoAp        = 0
#stdCellPinCnt         = 1320
#instTermValidViaApCnt = 0
#macroGenAp            = 0
#macroValidPlanarAp    = 0
#macroValidViaAp       = 0
#macroNoAp             = 0
[INFO DRT-0166] Complete pin access.
[INFO DRT-0267] cpu time = 00:01:11, elapsed time = 00:00:06, memory = 134.94 (MB), peak = 133.60 (MB)
Took 7 seconds: pin_access
global_route -congestion_report_file /gate03e-run-02/reports/sky130hd/gcd/base/congestion.rpt -congestion_iterations 30 -congestion_report_iter_step 5 -verbose
[INFO GRT-0020] Min routing layer: met1
[INFO GRT-0021] Max routing layer: met5
[INFO GRT-0022] Global adjustment: 0%
[INFO GRT-0023] Grid origin: (0, 0)
[INFO GRT-0088] Layer li1     Track-Pitch = 0.4600  line-2-Via Pitch: 0.3400
[INFO GRT-0088] Layer met1    Track-Pitch = 0.3400  line-2-Via Pitch: 0.3400
[INFO GRT-0088] Layer met2    Track-Pitch = 0.4600  line-2-Via Pitch: 0.3500
[INFO GRT-0088] Layer met3    Track-Pitch = 0.6800  line-2-Via Pitch: 0.6150
[INFO GRT-0088] Layer met4    Track-Pitch = 0.9200  line-2-Via Pitch: 1.0400
[INFO GRT-0088] Layer met5    Track-Pitch = 3.4000  line-2-Via Pitch: 3.1100
[INFO GRT-0003] Macros: 0
[INFO GRT-0004] Blockages: 978
[INFO GRT-0019] Found 6 clock nets.
[INFO GRT-0001] Minimum degree: 2
[INFO GRT-0002] Maximum degree: 23

[INFO GRT-0053] Routing resources analysis:
          Routing      Original      Derated      Resource
Layer     Direction    Resources     Resources    Reduction (%)
---------------------------------------------------------------
li1        Vertical            0             0          0.00%
met1       Horizontal       1481          1141          22.96%
met2       Vertical         1520          1170          23.03%
met3       Horizontal       1102           862          21.78%
met4       Vertical          740           560          24.32%
met5       Horizontal        180           110          38.89%
---------------------------------------------------------------

[INFO GRT-0101] Running extra iterations to remove congestion.
[INFO GRT-0102] Start extra iteration 1/30
[INFO GRT-0102] Start extra iteration 2/30
[INFO GRT-0102] Start extra iteration 3/30
[INFO GRT-0197] Via related to pin nodes: 2272
[INFO GRT-0198] Via related Steiner nodes: 39
[INFO GRT-0199] Via filling finished.
[INFO GRT-0111] Final number of vias: 2870
[INFO GRT-0112] Final usage 3D: 9825

[INFO GRT-0096] Final congestion report:
Layer         Resource        Demand        Usage (%)    Max H / Max V / Total Congestion
---------------------------------------------------------------------------------------
li1                  0             0            0.00%             0 /  0 /  0
met1              1141           508           44.52%             0 /  0 /  0
met2              1170           590           50.43%             0 /  0 /  0
met3               862            44            5.10%             0 /  0 /  0
met4               560            73           13.04%             0 /  0 /  0
met5               110             0            0.00%             0 /  0 /  0
---------------------------------------------------------------------------------------
Total             3843          1215           31.62%             0 /  0 /  0

[INFO GRT-0018] Total wirelength: 14089 um
[INFO GRT-0014] Routed nets: 476
[INFO GRT-0303] Global routing runtime = 00:00:00
[WARNING STA-0450] virtual clock vclk_core_clock can not be propagated.
estimate_parasitics -global_routing
Perform buffer insertion and gate resizing...
repair_design -verbose
Iteration |   Area    | Resized | Buffers | Nets repaired | Remaining
---------------------------------------------------------------------
        0 |     +0.0% |       0 |       0 |             0 |       481
       10 |     +0.0% |       0 |       0 |             0 |       471
       20 |     +0.0% |       0 |       0 |             0 |       461
       30 |     +0.0% |       0 |       0 |             0 |       451
       40 |     +0.0% |       0 |       0 |             0 |       441
       50 |     +0.0% |       0 |       0 |             0 |       431
       60 |     +0.0% |       0 |       0 |             0 |       421
       70 |     +0.0% |       0 |       0 |             0 |       411
       80 |     +0.0% |       0 |       0 |             0 |       401
       90 |     +0.0% |       0 |       0 |             0 |       391
      100 |     +0.0% |       0 |       0 |             0 |       381
      110 |     +0.0% |       0 |       0 |             0 |       371
      120 |     +0.0% |       0 |       0 |             0 |       361
      130 |     +0.0% |       0 |       0 |             0 |       351
      140 |     +0.0% |       0 |       0 |             0 |       341
      150 |     +0.0% |       0 |       0 |             0 |       331
      160 |     +0.0% |       0 |       0 |             0 |       321
      170 |     +0.0% |       0 |       0 |             0 |       311
      180 |     +0.0% |       0 |       0 |             0 |       301
      190 |     +0.0% |       0 |       0 |             0 |       291
      200 |     +0.0% |       0 |       0 |             0 |       281
      210 |     +0.0% |       0 |       0 |             0 |       271
      220 |     +0.0% |       0 |       0 |             0 |       261
      230 |     +0.0% |       0 |       0 |             0 |       251
      240 |     +0.0% |       0 |       0 |             0 |       241
      250 |     +0.0% |       0 |       0 |             0 |       231
      260 |     +0.0% |       0 |       0 |             0 |       221
      270 |     +0.0% |       0 |       0 |             0 |       211
      280 |     +0.0% |       0 |       0 |             0 |       201
      290 |     +0.0% |       0 |       0 |             0 |       191
      300 |     +0.0% |       0 |       0 |             0 |       181
      310 |     +0.0% |       0 |       0 |             0 |       171
      320 |     +0.0% |       0 |       0 |             0 |       161
      330 |     +0.0% |       0 |       0 |             0 |       151
      340 |     +0.0% |       0 |       0 |             0 |       141
      350 |     +0.0% |       0 |       0 |             0 |       131
      360 |     +0.0% |       0 |       0 |             0 |       121
      370 |     +0.0% |       0 |       0 |             0 |       111
      380 |     +0.0% |       0 |       0 |             0 |       101
      390 |     +0.0% |       0 |       0 |             0 |        91
      400 |     +0.0% |       0 |       0 |             0 |        81
      410 |     +0.0% |       0 |       0 |             0 |        71
      420 |     +0.0% |       0 |       0 |             0 |        61
      430 |     +0.0% |       0 |       0 |             0 |        51
      440 |     +0.0% |       0 |       0 |             0 |        41
      450 |     +0.0% |       0 |       0 |             0 |        31
      460 |     +0.0% |       0 |       0 |             0 |        21
      470 |     +0.0% |       0 |       0 |             0 |        11
      480 |     +0.0% |       0 |       0 |             0 |         1
    final |     +0.0% |       0 |       0 |             0 |         0
---------------------------------------------------------------------
[INFO RSZ-0504] Runtime: 0.08s
global_route -start_incremental
detailed_placement
[INFO DPL-0006] Core area: 5885.64 um^2
[INFO DPL-0007] Movable instances area: 4702.01 um^2
[INFO DPL-0008] Fixed instances area within core: 93.84 um^2
[INFO DPL-0009] Utilization: 81.5%
[INFO DPL-0005] Diamond search max displacement: +/- 500 sites horizontally, +/- 100 rows vertically.
[INFO DPL-1102] Legalizing using negotiation legalizer.
[INFO DPL-1103] Negotiation base search window: +/-20 sites horizontally, +/-5 rows vertically 
	Automatic search window extension enabled.
	Search window extendable up to the max displacement cap of +/-500 sites, +/-100 rows near walls.
[INFO DPL-1104] NegotiationLegalizer DRC penalty: 5.
[INFO DPL-0392] Negotiation cell height distribution (1 unique row-count(s)):
[INFO DPL-0393]   height 1 row(s): 518 cells
[INFO DPL-0500] Runtime: 0.00s
Placement Analysis
---------------------------------
total displacement          0.0 u
average displacement        0.0 u
max displacement            0.0 u
original HPWL            7783.2 u
legalized HPWL           7783.2 u
delta HPWL                    0 %

global_route -end_incremental -congestion_report_file /gate03e-run-02/reports/sky130hd/gcd/base/congestion_post_repair_design.rpt
Repair setup and hold violations...
estimate_parasitics -global_routing
repair_timing -setup_margin 0 -hold_margin 0 -repair_tns 100 -verbose
[INFO RSZ-0100] Repair move sequence: UnbufferMove SizeUpMove SwapPinsMove BufferMove CloneMove SplitLoadMove 
[INFO RSZ-0094] Found 68 endpoints with setup violations.
[INFO RSZ-0099] Repairing 68 out of 68 (100.00%) violating endpoints...
   Iter   | Removed | Resized | Inserted | Cloned |  Pin  |   Area   |    WNS   |   StTNS    |   EnTNS    |  Viol  |  Worst  
          | Buffers |  Gates  | Buffers  |  Gates | Swaps |          |          |            |            | Endpts | St/EnPt 
------------------------------------------------------------------------------------------------------------------------------
       0* |       0 |       0 |        0 |      0 |     0 |    +0.0% |   -1.585 |      -46.2 |      -71.4 |     68 | dpath.a_reg.out\[15\]$_DFFE_PP_/D
      10* |       0 |       1 |        4 |      0 |     6 |    +0.7% |   -1.520 |      -45.1 |      -70.0 |     68 | dpath.a_reg.out\[14\]$_DFFE_PP_/D
      20* |       0 |       3 |        6 |      0 |    12 |    +1.2% |   -1.511 |      -44.9 |      -69.9 |     68 | dpath.b_reg.out\[2\]$_DFFE_PP_/DE
      30* |       0 |       6 |        9 |      0 |    17 |    +2.2% |   -1.604 |      -45.1 |      -71.3 |     68 | dpath.a_reg.out\[11\]$_DFFE_PP_/D
      36* |       0 |       3 |        8 |      0 |    13 |    +1.5% |   -1.510 |      -44.9 |      -69.9 |     68 | dpath.b_reg.out\[2\]$_DFFE_PP_/DE
      37* |       0 |       3 |        8 |      0 |    13 |    +1.5% |   -1.510 |      -44.9 |      -69.9 |     68 | dpath.b_reg.out\[2\]$_DFFE_PP_/DE
      40* |       0 |       5 |        8 |      0 |    13 |    +1.6% |   -1.510 |      -44.9 |      -69.7 |     68 | dpath.b_reg.out\[2\]$_DFFE_PP_/DE
      45* |       0 |       7 |        8 |      0 |    16 |    +1.7% |   -1.510 |      -44.8 |      -69.5 |     68 | dpath.b_reg.out\[2\]$_DFFE_PP_/DE
      50* |       0 |       8 |       10 |      0 |    18 |    +2.1% |   -1.506 |      -44.6 |      -69.1 |     68 | dpath.a_reg.out\[14\]$_DFFE_PP_/D
      60* |       0 |      12 |       14 |      0 |    20 |    +3.1% |   -1.522 |      -44.5 |      -67.9 |     68 | dpath.a_reg.out\[11\]$_DFFE_PP_/D
      70* |       0 |      19 |       15 |      0 |    22 |    +4.0% |   -1.506 |      -44.2 |      -67.6 |     68 | dpath.a_reg.out\[14\]$_DFFE_PP_/D
      80* |       0 |      21 |       18 |      0 |    27 |    +4.9% |   -1.504 |      -43.9 |      -67.4 |     68 | dpath.a_reg.out\[14\]$_DFFE_PP_/D
      83* |       0 |      22 |       19 |      0 |    28 |    +5.1% |   -1.504 |      -43.9 |      -67.0 |     68 | dpath.a_reg.out\[14\]$_DFFE_PP_/D
      86* |       0 |      22 |       19 |      0 |    28 |    +5.1% |   -1.504 |      -43.9 |      -67.0 |     68 | dpath.a_reg.out\[14\]$_DFFE_PP_/D
      90* |       0 |      22 |       19 |      0 |    31 |    +5.1% |   -1.506 |      -43.9 |      -67.1 |     68 | dpath.a_reg.out\[15\]$_DFFE_PP_/D
      93* |       0 |      23 |       20 |      0 |    32 |    +5.3% |   -1.504 |      -43.9 |      -66.9 |     68 | dpath.a_reg.out\[14\]$_DFFE_PP_/D
      96* |       0 |      24 |       20 |      0 |    32 |    +5.4% |   -1.504 |      -43.9 |      -66.9 |     68 | dpath.a_reg.out\[14\]$_DFFE_PP_/D
     100* |       0 |      25 |       21 |      0 |    33 |    +5.6% |   -1.504 |      -43.9 |      -67.0 |     68 | dpath.a_reg.out\[14\]$_DFFE_PP_/D
     101* |       0 |      24 |       20 |      0 |    32 |    +5.4% |   -1.504 |      -43.9 |      -66.9 |     68 | dpath.a_reg.out\[14\]$_DFFE_PP_/D
     104* |       0 |      25 |       20 |      0 |    32 |    +5.4% |   -1.504 |      -43.9 |      -66.9 |     68 | dpath.a_reg.out\[14\]$_DFFE_PP_/D
     106* |       0 |      25 |       20 |      0 |    32 |    +5.4% |   -1.504 |      -43.9 |      -66.9 |     68 | dpath.a_reg.out\[14\]$_DFFE_PP_/D
     110* |       1 |      27 |       20 |      0 |    32 |    +5.5% |   -1.480 |      -43.7 |      -66.9 |     68 | dpath.a_reg.out\[15\]$_DFFE_PP_/D
     113* |       1 |      27 |       20 |      0 |    32 |    +5.5% |   -1.480 |      -43.7 |      -66.9 |     68 | dpath.a_reg.out\[15\]$_DFFE_PP_/D
     120* |       1 |      27 |       21 |      0 |    37 |    +5.6% |   -1.488 |      -43.7 |      -67.1 |     68 | dpath.a_reg.out\[13\]$_DFFE_PP_/D
     120* |       1 |      27 |       20 |      0 |    33 |    +5.5% |   -1.480 |      -43.7 |      -66.9 |     68 | dpath.a_reg.out\[15\]$_DFFE_PP_/D
     130* |       1 |      29 |       23 |      1 |    37 |    +6.7% |   -1.480 |      -43.9 |      -66.8 |     68 | dpath.a_reg.out\[15\]$_DFFE_PP_/D
     131* |       1 |      29 |       23 |      1 |    37 |    +6.7% |   -1.480 |      -43.9 |      -66.8 |     68 | dpath.a_reg.out\[15\]$_DFFE_PP_/D
     132* |       1 |      29 |       23 |      1 |    37 |    +6.7% |   -1.480 |      -43.9 |      -66.8 |     68 | dpath.a_reg.out\[15\]$_DFFE_PP_/D
     133* |       1 |      29 |       23 |      1 |    37 |    +6.7% |   -1.480 |      -43.9 |      -66.8 |     68 | dpath.a_reg.out\[15\]$_DFFE_PP_/D
     134* |       1 |      29 |       23 |      1 |    37 |    +6.7% |   -1.480 |      -43.9 |      -66.8 |     68 | dpath.a_reg.out\[15\]$_DFFE_PP_/D
     135* |       1 |      29 |       23 |      1 |    37 |    +6.7% |   -1.480 |      -43.9 |      -66.8 |     68 | dpath.a_reg.out\[15\]$_DFFE_PP_/D
     136* |       1 |      29 |       23 |      1 |    37 |    +6.7% |   -1.480 |      -43.9 |      -66.8 |     68 | dpath.a_reg.out\[15\]$_DFFE_PP_/D
     137* |       1 |      29 |       23 |      1 |    37 |    +6.7% |   -1.480 |      -43.9 |      -66.8 |     68 | dpath.a_reg.out\[15\]$_DFFE_PP_/D
     138* |       1 |      29 |       23 |      1 |    37 |    +6.7% |   -1.480 |      -43.9 |      -66.8 |     68 | dpath.a_reg.out\[15\]$_DFFE_PP_/D
     139* |       1 |      29 |       23 |      1 |    37 |    +6.7% |   -1.480 |      -43.9 |      -66.8 |     68 | dpath.a_reg.out\[15\]$_DFFE_PP_/D
     140* |       1 |      29 |       23 |      1 |    37 |    +6.7% |   -1.480 |      -43.9 |      -66.8 |     68 | dpath.a_reg.out\[15\]$_DFFE_PP_/D
     140* |       1 |      29 |       23 |      1 |    37 |    +6.7% |   -1.480 |      -43.9 |      -66.8 |     68 | dpath.a_reg.out\[15\]$_DFFE_PP_/D
     141* |       1 |      29 |       23 |      1 |    37 |    +6.7% |   -1.480 |      -43.9 |      -66.8 |     68 | dpath.a_reg.out\[15\]$_DFFE_PP_/D
     142* |       1 |      29 |       23 |      1 |    37 |    +6.7% |   -1.480 |      -43.9 |      -66.8 |     68 | dpath.a_reg.out\[15\]$_DFFE_PP_/D
     143* |       1 |      29 |       23 |      1 |    37 |    +6.7% |   -1.480 |      -43.9 |      -66.8 |     68 | dpath.a_reg.out\[15\]$_DFFE_PP_/D
     144* |       1 |      29 |       23 |      1 |    37 |    +6.7% |   -1.480 |      -43.9 |      -66.8 |     68 | dpath.a_reg.out\[15\]$_DFFE_PP_/D
     145* |       1 |      29 |       23 |      1 |    37 |    +6.7% |   -1.480 |      -43.9 |      -66.8 |     68 | dpath.a_reg.out\[15\]$_DFFE_PP_/D
     149* |       1 |      31 |       23 |      1 |    37 |    +7.1% |   -1.480 |      -44.2 |      -67.3 |     68 | dpath.a_reg.out\[15\]$_DFFE_PP_/D
     150* |       1 |      31 |       23 |      1 |    37 |    +7.1% |   -1.480 |      -44.2 |      -67.3 |     68 | dpath.a_reg.out\[15\]$_DFFE_PP_/D
     151* |       1 |      31 |       23 |      1 |    37 |    +7.1% |   -1.480 |      -44.2 |      -67.3 |     68 | dpath.a_reg.out\[15\]$_DFFE_PP_/D
     154* |       1 |      32 |       23 |      1 |    38 |    +7.3% |   -1.480 |      -44.1 |      -66.7 |     68 | dpath.a_reg.out\[15\]$_DFFE_PP_/D
     156* |       1 |      32 |       23 |      1 |    38 |    +7.3% |   -1.480 |      -44.1 |      -66.7 |     68 | dpath.a_reg.out\[15\]$_DFFE_PP_/D
     160* |       1 |      35 |       23 |      1 |    38 |    +7.2% |   -1.481 |      -44.1 |      -66.6 |     68 | dpath.a_reg.out\[15\]$_DFFE_PP_/D
     161* |       1 |      36 |       23 |      1 |    38 |    +7.3% |   -1.472 |      -44.1 |      -66.6 |     68 | dpath.a_reg.out\[15\]$_DFFE_PP_/D
     166* |       1 |      38 |       23 |      1 |    39 |    +7.5% |   -1.472 |      -44.1 |      -66.6 |     68 | dpath.a_reg.out\[15\]$_DFFE_PP_/D
     168* |       1 |      38 |       23 |      1 |    39 |    +7.5% |   -1.472 |      -44.1 |      -66.6 |     68 | dpath.a_reg.out\[15\]$_DFFE_PP_/D
     170* |       1 |      39 |       23 |      1 |    39 |    +7.6% |   -1.472 |      -44.1 |      -66.6 |     68 | dpath.a_reg.out\[15\]$_DFFE_PP_/D
     173* |       1 |      39 |       23 |      1 |    39 |    +7.6% |   -1.472 |      -44.1 |      -66.6 |     68 | dpath.a_reg.out\[15\]$_DFFE_PP_/D
     174* |       1 |      39 |       23 |      1 |    39 |    +7.6% |   -1.472 |      -44.1 |      -66.6 |     68 | dpath.a_reg.out\[15\]$_DFFE_PP_/D
     175* |       1 |      39 |       23 |      1 |    39 |    +7.6% |   -1.472 |      -44.1 |      -66.6 |     68 | dpath.a_reg.out\[15\]$_DFFE_PP_/D
     177* |       1 |      39 |       24 |      1 |    39 |    +7.8% |   -1.472 |      -44.1 |      -66.6 |     68 | dpath.a_reg.out\[15\]$_DFFE_PP_/D
     179* |       1 |      40 |       24 |      1 |    39 |    +7.9% |   -1.472 |      -44.1 |      -66.5 |     68 | dpath.a_reg.out\[15\]$_DFFE_PP_/D
     180* |       1 |      40 |       24 |      1 |    39 |    +7.9% |   -1.472 |      -44.1 |      -66.5 |     68 | dpath.a_reg.out\[15\]$_DFFE_PP_/D
     186* |       2 |      41 |       24 |      1 |    41 |    +7.9% |   -1.472 |      -44.1 |      -66.7 |     68 | dpath.a_reg.out\[15\]$_DFFE_PP_/D
     190* |       2 |      43 |       25 |      1 |    41 |    +8.3% |   -1.470 |      -44.1 |      -66.7 |     68 | dpath.a_reg.out\[15\]$_DFFE_PP_/D
     191* |       2 |      43 |       25 |      1 |    41 |    +8.3% |   -1.470 |      -44.1 |      -66.7 |     68 | dpath.a_reg.out\[15\]$_DFFE_PP_/D
     194* |       2 |      43 |       25 |      1 |    41 |    +8.3% |   -1.470 |      -44.1 |      -66.7 |     68 | dpath.a_reg.out\[15\]$_DFFE_PP_/D
     198* |       3 |      43 |       26 |      1 |    42 |    +8.3% |   -1.470 |      -44.1 |      -66.5 |     68 | dpath.a_reg.out\[15\]$_DFFE_PP_/D
     200* |       3 |      43 |       26 |      1 |    43 |    +8.3% |   -1.470 |      -44.1 |      -66.5 |     68 | dpath.a_reg.out\[15\]$_DFFE_PP_/D
     201* |       4 |      43 |       26 |      1 |    43 |    +8.2% |   -1.470 |      -44.1 |      -66.5 |     68 | dpath.a_reg.out\[15\]$_DFFE_PP_/D
     209* |       4 |      43 |       26 |      1 |    43 |    +8.2% |   -1.470 |      -44.1 |      -66.5 |     68 | dpath.a_reg.out\[15\]$_DFFE_PP_/D
     210* |       4 |      43 |       26 |      1 |    43 |    +8.2% |   -1.470 |      -44.1 |      -66.5 |     68 | dpath.a_reg.out\[15\]$_DFFE_PP_/D
     220* |       4 |      49 |       29 |      1 |    44 |    +8.9% |   -1.470 |      -44.1 |      -67.0 |     68 | dpath.a_reg.out\[15\]$_DFFE_PP_/D
     220* |       4 |      44 |       26 |      1 |    43 |    +8.2% |   -1.470 |      -44.1 |      -66.7 |     68 | dpath.a_reg.out\[15\]$_DFFE_PP_/D
     230* |       5 |      48 |       29 |      1 |    44 |    +8.9% |   -1.470 |      -44.1 |      -66.9 |     68 | dpath.a_reg.out\[15\]$_DFFE_PP_/D
     233* |       5 |      46 |       26 |      1 |    43 |    +8.3% |   -1.470 |      -44.1 |      -66.6 |     68 | dpath.a_reg.out\[15\]$_DFFE_PP_/D
     236* |       5 |      46 |       26 |      1 |    43 |    +8.3% |   -1.470 |      -44.1 |      -66.6 |     68 | dpath.a_reg.out\[15\]$_DFFE_PP_/D
     240* |       5 |      47 |       27 |      1 |    44 |    +8.6% |   -1.470 |      -44.1 |      -66.7 |     68 | dpath.a_reg.out\[15\]$_DFFE_PP_/D
     250* |       6 |      52 |       31 |      1 |    44 |    +9.3% |   -1.470 |      -44.1 |      -67.1 |     68 | dpath.a_reg.out\[15\]$_DFFE_PP_/D
     252* |       5 |      47 |       26 |      1 |    44 |    +8.4% |   -1.470 |      -44.1 |      -66.7 |     68 | dpath.a_reg.out\[15\]$_DFFE_PP_/D
     259* |       6 |      49 |       27 |      1 |    46 |    +8.8% |   -1.470 |      -44.1 |      -66.7 |     68 | dpath.a_reg.out\[15\]$_DFFE_PP_/D
     260* |       6 |      49 |       27 |      1 |    46 |    +8.8% |   -1.470 |      -44.1 |      -66.7 |     68 | dpath.a_reg.out\[15\]$_DFFE_PP_/D
     265* |       7 |      50 |       29 |      1 |    46 |    +9.3% |   -1.470 |      -44.1 |      -67.2 |     68 | dpath.a_reg.out\[15\]$_DFFE_PP_/D
     266* |       7 |      50 |       29 |      1 |    46 |    +9.3% |   -1.470 |      -44.1 |      -67.2 |     68 | dpath.a_reg.out\[15\]$_DFFE_PP_/D
     270* |       7 |      52 |       30 |      1 |    46 |    +9.6% |   -1.470 |      -44.1 |      -67.3 |     68 | dpath.a_reg.out\[15\]$_DFFE_PP_/D
     270* |       7 |      50 |       29 |      1 |    46 |    +9.3% |   -1.470 |      -44.1 |      -67.2 |     68 | dpath.a_reg.out\[15\]$_DFFE_PP_/D
     271* |       7 |      50 |       29 |      1 |    46 |    +9.3% |   -1.470 |      -44.1 |      -67.2 |     68 | dpath.a_reg.out\[15\]$_DFFE_PP_/D
     272* |       7 |      50 |       29 |      1 |    46 |    +9.3% |   -1.470 |      -44.1 |      -67.2 |     68 | dpath.a_reg.out\[15\]$_DFFE_PP_/D
     273* |       7 |      50 |       29 |      1 |    46 |    +9.3% |   -1.470 |      -44.1 |      -67.2 |     68 | dpath.a_reg.out\[15\]$_DFFE_PP_/D
     274* |       7 |      50 |       29 |      1 |    46 |    +9.3% |   -1.470 |      -44.1 |      -67.2 |     68 | dpath.a_reg.out\[15\]$_DFFE_PP_/D
     276* |       8 |      50 |       29 |      1 |    46 |    +8.7% |   -1.470 |      -44.1 |      -67.0 |     68 | dpath.a_reg.out\[15\]$_DFFE_PP_/D
     278* |       8 |      50 |       29 |      1 |    47 |    +8.7% |   -1.470 |      -44.1 |      -67.0 |     68 | dpath.a_reg.out\[15\]$_DFFE_PP_/D
     279* |       8 |      50 |       29 |      1 |    47 |    +8.7% |   -1.470 |      -44.1 |      -67.0 |     68 | dpath.a_reg.out\[15\]$_DFFE_PP_/D
     280* |       8 |      50 |       29 |      1 |    47 |    +8.7% |   -1.470 |      -44.1 |      -67.0 |     68 | dpath.a_reg.out\[15\]$_DFFE_PP_/D
     280* |       8 |      50 |       29 |      1 |    47 |    +8.7% |   -1.470 |      -44.1 |      -67.0 |     68 | dpath.a_reg.out\[15\]$_DFFE_PP_/D
     283* |       9 |      51 |       29 |      1 |    47 |    +8.6% |   -1.470 |      -44.1 |      -66.9 |     68 | dpath.a_reg.out\[15\]$_DFFE_PP_/D
     284* |       9 |      51 |       29 |      1 |    47 |    +8.6% |   -1.470 |      -44.1 |      -66.9 |     68 | dpath.a_reg.out\[15\]$_DFFE_PP_/D
     285* |       9 |      51 |       29 |      1 |    47 |    +8.6% |   -1.470 |      -44.1 |      -66.9 |     68 | dpath.a_reg.out\[15\]$_DFFE_PP_/D
     286* |       9 |      51 |       29 |      1 |    47 |    +8.6% |   -1.470 |      -44.1 |      -66.9 |     68 | dpath.a_reg.out\[15\]$_DFFE_PP_/D
     287* |       9 |      51 |       29 |      1 |    47 |    +8.6% |   -1.470 |      -44.1 |      -66.9 |     68 | dpath.a_reg.out\[15\]$_DFFE_PP_/D
     289* |       9 |      51 |       30 |      1 |    47 |    +8.8% |   -1.470 |      -44.1 |      -66.8 |     68 | dpath.a_reg.out\[15\]$_DFFE_PP_/D
     290* |       9 |      51 |       30 |      1 |    47 |    +8.8% |   -1.470 |      -44.1 |      -66.8 |     68 | dpath.a_reg.out\[15\]$_DFFE_PP_/D
     291* |       9 |      51 |       30 |      1 |    48 |    +8.8% |   -1.470 |      -44.1 |      -66.8 |     68 | dpath.a_reg.out\[15\]$_DFFE_PP_/D
     291* |       9 |      51 |       30 |      1 |    48 |    +8.8% |   -1.470 |      -44.1 |      -66.8 |     68 | dpath.a_reg.out\[15\]$_DFFE_PP_/D
     292+ |       9 |      51 |       30 |      1 |    48 |    +8.8% |   -1.470 |      -44.1 |      -66.8 |     63 | dpath.a_reg.out\[15\]$_DFFE_PP_/D
     293+ |       9 |      51 |       30 |      1 |    48 |    +8.8% |   -1.470 |      -44.1 |      -66.8 |     63 | dpath.a_reg.out\[15\]$_DFFE_PP_/D
     294+ |       9 |      51 |       30 |      1 |    48 |    +8.8% |   -1.470 |      -44.1 |      -66.8 |     63 | dpath.a_reg.out\[15\]$_DFFE_PP_/D
     295+ |       9 |      51 |       30 |      1 |    48 |    +8.8% |   -1.470 |      -44.1 |      -66.8 |     63 | dpath.a_reg.out\[15\]$_DFFE_PP_/D
     296+ |       9 |      51 |       30 |      1 |    48 |    +8.8% |   -1.470 |      -44.1 |      -66.8 |     63 | dpath.a_reg.out\[15\]$_DFFE_PP_/D
     297+ |       9 |      51 |       30 |      1 |    48 |    +8.8% |   -1.470 |      -44.1 |      -66.8 |     63 | dpath.a_reg.out\[15\]$_DFFE_PP_/D
     298+ |       9 |      51 |       30 |      1 |    48 |    +8.8% |   -1.470 |      -44.1 |      -66.8 |     63 | dpath.a_reg.out\[15\]$_DFFE_PP_/D
     299+ |       9 |      51 |       30 |      1 |    48 |    +8.8% |   -1.470 |      -44.1 |      -66.8 |     63 | dpath.a_reg.out\[15\]$_DFFE_PP_/D
     300+ |       9 |      51 |       30 |      1 |    48 |    +8.8% |   -1.470 |      -44.1 |      -66.8 |     63 | dpath.a_reg.out\[15\]$_DFFE_PP_/D
     300+ |       9 |      51 |       30 |      1 |    48 |    +8.8% |   -1.470 |      -44.1 |      -66.8 |     63 | dpath.a_reg.out\[15\]$_DFFE_PP_/D
     301+ |       9 |      51 |       30 |      1 |    48 |    +8.8% |   -1.470 |      -44.1 |      -66.8 |     63 | dpath.a_reg.out\[15\]$_DFFE_PP_/D
     302+ |       9 |      51 |       30 |      1 |    48 |    +8.8% |   -1.470 |      -44.1 |      -66.8 |     63 | dpath.a_reg.out\[15\]$_DFFE_PP_/D
     303+ |       9 |      51 |       30 |      1 |    48 |    +8.8% |   -1.470 |      -44.1 |      -66.8 |     63 | dpath.a_reg.out\[15\]$_DFFE_PP_/D
     304+ |       9 |      51 |       30 |      1 |    48 |    +8.8% |   -1.470 |      -44.1 |      -66.8 |     63 | dpath.a_reg.out\[15\]$_DFFE_PP_/D
     305+ |       9 |      51 |       30 |      1 |    48 |    +8.8% |   -1.470 |      -44.1 |      -66.8 |     63 | dpath.a_reg.out\[15\]$_DFFE_PP_/D
     306+ |       9 |      51 |       30 |      1 |    48 |    +8.8% |   -1.470 |      -44.1 |      -66.8 |     63 | dpath.a_reg.out\[15\]$_DFFE_PP_/D
     307+ |       9 |      51 |       30 |      1 |    48 |    +8.8% |   -1.470 |      -44.1 |      -66.8 |     63 | dpath.a_reg.out\[15\]$_DFFE_PP_/D
     308+ |       9 |      51 |       30 |      1 |    48 |    +8.8% |   -1.470 |      -44.1 |      -66.8 |     63 | dpath.a_reg.out\[15\]$_DFFE_PP_/D
     309+ |       9 |      51 |       30 |      1 |    48 |    +8.8% |   -1.470 |      -44.1 |      -66.8 |     63 | dpath.a_reg.out\[15\]$_DFFE_PP_/D
     310+ |       9 |      51 |       30 |      1 |    48 |    +8.8% |   -1.470 |      -44.1 |      -66.8 |     63 | dpath.a_reg.out\[15\]$_DFFE_PP_/D
     310+ |       9 |      51 |       30 |      1 |    48 |    +8.8% |   -1.470 |      -44.1 |      -66.8 |     63 | dpath.a_reg.out\[15\]$_DFFE_PP_/D
     311+ |       9 |      51 |       30 |      1 |    48 |    +8.8% |   -1.470 |      -44.1 |      -66.8 |     63 | dpath.a_reg.out\[15\]$_DFFE_PP_/D
     312+ |       9 |      51 |       30 |      1 |    48 |    +8.8% |   -1.470 |      -44.1 |      -66.8 |     63 | dpath.a_reg.out\[15\]$_DFFE_PP_/D
     313+ |       9 |      51 |       30 |      1 |    48 |    +8.8% |   -1.470 |      -44.1 |      -66.8 |     63 | dpath.a_reg.out\[15\]$_DFFE_PP_/D
     314+ |       9 |      51 |       30 |      1 |    48 |    +8.8% |   -1.470 |      -44.1 |      -66.8 |     63 | dpath.a_reg.out\[15\]$_DFFE_PP_/D
     315+ |       9 |      51 |       30 |      1 |    48 |    +8.8% |   -1.470 |      -44.1 |      -66.8 |     63 | dpath.a_reg.out\[15\]$_DFFE_PP_/D
     316+ |       9 |      51 |       30 |      1 |    48 |    +8.8% |   -1.470 |      -44.1 |      -66.8 |     63 | dpath.a_reg.out\[15\]$_DFFE_PP_/D
     317+ |       9 |      51 |       30 |      1 |    48 |    +8.8% |   -1.470 |      -44.1 |      -66.8 |     63 | dpath.a_reg.out\[15\]$_DFFE_PP_/D
     318+ |       9 |      51 |       30 |      1 |    48 |    +8.8% |   -1.470 |      -44.1 |      -66.8 |     63 | dpath.a_reg.out\[15\]$_DFFE_PP_/D
     319+ |       9 |      51 |       30 |      1 |    48 |    +8.8% |   -1.470 |      -44.1 |      -66.8 |     63 | dpath.a_reg.out\[15\]$_DFFE_PP_/D
     320+ |       9 |      51 |       30 |      1 |    48 |    +8.8% |   -1.470 |      -44.1 |      -66.8 |     63 | dpath.a_reg.out\[15\]$_DFFE_PP_/D
     320+ |       9 |      51 |       30 |      1 |    48 |    +8.8% |   -1.470 |      -44.1 |      -66.8 |     63 | dpath.a_reg.out\[15\]$_DFFE_PP_/D
     321+ |       9 |      51 |       30 |      1 |    48 |    +8.8% |   -1.470 |      -44.1 |      -66.8 |     63 | dpath.a_reg.out\[15\]$_DFFE_PP_/D
     322+ |       9 |      51 |       30 |      1 |    48 |    +8.8% |   -1.470 |      -44.1 |      -66.8 |     63 | dpath.a_reg.out\[15\]$_DFFE_PP_/D
     323+ |       9 |      51 |       30 |      1 |    48 |    +8.8% |   -1.470 |      -44.1 |      -66.8 |     63 | dpath.a_reg.out\[15\]$_DFFE_PP_/D
     324+ |       9 |      51 |       30 |      1 |    48 |    +8.8% |   -1.470 |      -44.1 |      -66.8 |     63 | dpath.a_reg.out\[15\]$_DFFE_PP_/D
     325+ |       9 |      51 |       30 |      1 |    48 |    +8.8% |   -1.470 |      -44.1 |      -66.8 |     63 | dpath.a_reg.out\[15\]$_DFFE_PP_/D
     326+ |       9 |      51 |       30 |      1 |    48 |    +8.8% |   -1.470 |      -44.1 |      -66.8 |     63 | dpath.a_reg.out\[15\]$_DFFE_PP_/D
     327+ |       9 |      51 |       30 |      1 |    48 |    +8.8% |   -1.470 |      -44.1 |      -66.8 |     63 | dpath.a_reg.out\[15\]$_DFFE_PP_/D
     329+ |       9 |      52 |       30 |      1 |    48 |    +8.8% |   -1.470 |      -44.1 |      -66.8 |     63 | dpath.a_reg.out\[15\]$_DFFE_PP_/D
     330+ |       9 |      52 |       30 |      1 |    48 |    +8.8% |   -1.470 |      -44.1 |      -66.8 |     63 | dpath.a_reg.out\[15\]$_DFFE_PP_/D
     330+ |       9 |      52 |       30 |      1 |    48 |    +8.8% |   -1.470 |      -44.1 |      -66.8 |     63 | dpath.a_reg.out\[15\]$_DFFE_PP_/D
     331+ |       9 |      52 |       30 |      1 |    48 |    +8.8% |   -1.470 |      -44.1 |      -66.8 |     63 | dpath.a_reg.out\[15\]$_DFFE_PP_/D
     332+ |       9 |      52 |       30 |      1 |    48 |    +8.8% |   -1.470 |      -44.1 |      -66.8 |     63 | dpath.a_reg.out\[15\]$_DFFE_PP_/D
     333+ |       9 |      52 |       30 |      1 |    48 |    +8.8% |   -1.470 |      -44.1 |      -66.8 |     63 | dpath.a_reg.out\[15\]$_DFFE_PP_/D
     334+ |       9 |      52 |       30 |      1 |    48 |    +8.8% |   -1.470 |      -44.1 |      -66.8 |     63 | dpath.a_reg.out\[15\]$_DFFE_PP_/D
     335+ |       9 |      52 |       30 |      1 |    48 |    +8.8% |   -1.470 |      -44.1 |      -66.8 |     63 | dpath.a_reg.out\[15\]$_DFFE_PP_/D
     336+ |       9 |      52 |       30 |      1 |    48 |    +8.8% |   -1.470 |      -44.1 |      -66.8 |     63 | dpath.a_reg.out\[15\]$_DFFE_PP_/D
     337+ |       9 |      52 |       30 |      1 |    48 |    +8.8% |   -1.470 |      -44.1 |      -66.8 |     63 | dpath.a_reg.out\[15\]$_DFFE_PP_/D
     340+ |       9 |      54 |       30 |      1 |    48 |    +8.7% |   -1.470 |      -44.1 |      -66.7 |     63 | dpath.a_reg.out\[15\]$_DFFE_PP_/D
     340+ |       9 |      54 |       30 |      1 |    48 |    +8.7% |   -1.470 |      -44.1 |      -66.7 |     63 | dpath.a_reg.out\[15\]$_DFFE_PP_/D
     341+ |       9 |      54 |       30 |      1 |    48 |    +8.7% |   -1.470 |      -44.1 |      -66.7 |     63 | dpath.a_reg.out\[15\]$_DFFE_PP_/D
     342+ |       9 |      54 |       30 |      1 |    48 |    +8.7% |   -1.470 |      -44.1 |      -66.7 |     63 | dpath.a_reg.out\[15\]$_DFFE_PP_/D
     343+ |       9 |      54 |       30 |      1 |    48 |    +8.7% |   -1.470 |      -44.1 |      -66.7 |     63 | dpath.a_reg.out\[15\]$_DFFE_PP_/D
     344+ |       9 |      54 |       30 |      1 |    48 |    +8.7% |   -1.470 |      -44.1 |      -66.7 |     63 | dpath.a_reg.out\[15\]$_DFFE_PP_/D
     345+ |       9 |      54 |       30 |      1 |    48 |    +8.7% |   -1.470 |      -44.1 |      -66.7 |     63 | dpath.a_reg.out\[15\]$_DFFE_PP_/D
     346+ |       9 |      54 |       30 |      1 |    48 |    +8.7% |   -1.470 |      -44.1 |      -66.7 |     63 | dpath.a_reg.out\[15\]$_DFFE_PP_/D
     347+ |       9 |      54 |       30 |      1 |    48 |    +8.7% |   -1.470 |      -44.1 |      -66.7 |     63 | dpath.a_reg.out\[15\]$_DFFE_PP_/D
     348+ |       9 |      54 |       30 |      1 |    48 |    +8.7% |   -1.470 |      -44.1 |      -66.7 |     63 | dpath.a_reg.out\[15\]$_DFFE_PP_/D
     349+ |       9 |      54 |       30 |      1 |    48 |    +8.7% |   -1.470 |      -44.1 |      -66.7 |     63 | dpath.a_reg.out\[15\]$_DFFE_PP_/D
     350+ |       9 |      54 |       30 |      1 |    48 |    +8.7% |   -1.470 |      -44.1 |      -66.7 |     63 | dpath.a_reg.out\[15\]$_DFFE_PP_/D
     350+ |       9 |      54 |       30 |      1 |    48 |    +8.7% |   -1.470 |      -44.1 |      -66.7 |     63 | dpath.a_reg.out\[15\]$_DFFE_PP_/D
     351+ |       9 |      54 |       30 |      1 |    48 |    +8.7% |   -1.470 |      -44.1 |      -66.7 |     63 | dpath.a_reg.out\[15\]$_DFFE_PP_/D
     352+ |       9 |      54 |       30 |      1 |    48 |    +8.7% |   -1.470 |      -44.1 |      -66.7 |     63 | dpath.a_reg.out\[15\]$_DFFE_PP_/D
     353+ |       9 |      54 |       30 |      1 |    48 |    +8.7% |   -1.470 |      -44.1 |      -66.7 |     63 | dpath.a_reg.out\[15\]$_DFFE_PP_/D
     354+ |       9 |      54 |       30 |      1 |    48 |    +8.7% |   -1.470 |      -44.1 |      -66.7 |     63 | dpath.a_reg.out\[15\]$_DFFE_PP_/D
     355+ |       9 |      54 |       30 |      1 |    48 |    +8.7% |   -1.470 |      -44.1 |      -66.7 |     63 | dpath.a_reg.out\[15\]$_DFFE_PP_/D
     356+ |       9 |      54 |       30 |      1 |    48 |    +8.7% |   -1.470 |      -44.1 |      -66.7 |     63 | dpath.a_reg.out\[15\]$_DFFE_PP_/D
     357+ |       9 |      54 |       30 |      1 |    48 |    +8.7% |   -1.470 |      -44.1 |      -66.7 |     63 | dpath.a_reg.out\[15\]$_DFFE_PP_/D
    final |       9 |      54 |       30 |      1 |    48 |    +8.7% |   -1.470 |      -44.1 |      -66.7 |     63 | dpath.a_reg.out\[15\]$_DFFE_PP_/D
------------------------------------------------------------------------------------------------------------------------------
[INFO RSZ-0059] Removed 9 buffers.
[INFO RSZ-0040] Inserted 30 buffers.
[INFO RSZ-0051] Resized 54 instances: 54 up, 0 up match, 0 down, 0 VT
[INFO RSZ-0043] Swapped pins on 48 instances.
[INFO RSZ-0049] Cloned 1 instances.
[WARNING RSZ-0062] Unable to repair all setup violations.
[INFO RSZ-0505] Runtime: 21.74s
[INFO RSZ-0033] No hold violations found.
[INFO RSZ-0506] Runtime: 0.01s
Took 22 seconds: repair_timing -setup_margin 0 -hold_margin 0 -repair_tns 100 -verbose
global_route -start_incremental
detailed_placement
[INFO DPL-0006] Core area: 5885.64 um^2
[INFO DPL-0007] Movable instances area: 5121.16 um^2
[INFO DPL-0008] Fixed instances area within core: 93.84 um^2
[INFO DPL-0009] Utilization: 88.6%
[INFO DPL-0005] Diamond search max displacement: +/- 500 sites horizontally, +/- 100 rows vertically.
[INFO DPL-1102] Legalizing using negotiation legalizer.
[INFO DPL-1103] Negotiation base search window: +/-20 sites horizontally, +/-5 rows vertically 
	Automatic search window extension enabled.
	Search window extendable up to the max displacement cap of +/-500 sites, +/-100 rows near walls.
[INFO DPL-1104] NegotiationLegalizer DRC penalty: 5.
[INFO DPL-0392] Negotiation cell height distribution (1 unique row-count(s)):
[INFO DPL-0393]   height 1 row(s): 540 cells
          |      Total |  Illegal |  Illegal
Iteration | Violations |    Cells |    Sites
---------------------------------------------
        0 |        475 |        91 |       384
        1 |        393 |        63 |       330
        2 |        376 |        50 |       326
        3 |        339 |        39 |       300
        4 |        267 |        33 |       234
        5 |        239 |        29 |       210
        6 |        248 |        28 |       220
        7 |        218 |        20 |       198
        8 |         79 |         7 |        72
        9 |         72 |        10 |        62
       10 |         74 |         8 |        66
       20 |         60 |         8 |        52
       28 |          0 |         0 |         0
Negotiation phase 1 converged at iteration 28.
[INFO DPL-0500] Runtime: 0.16s
Placement Analysis
---------------------------------
total displacement       1963.6 u
average displacement        3.6 u
max displacement           33.1 u
original HPWL            7927.2 u
legalized HPWL          10004.8 u
delta HPWL                   26 %

check_placement -verbose
global_route -end_incremental -congestion_report_file /gate03e-run-02/reports/sky130hd/gcd/base/congestion_post_repair_timing.rpt
estimate_parasitics -global_routing
global_route -start_incremental
global_route -end_incremental -congestion_report_file /gate03e-run-02/reports/sky130hd/gcd/base/congestion_post_recover_power.rpt
Repair antennas...
[INFO GRT-0012] Found 0 antenna violations.
[INFO ANT-0002] Found 0 net violations.
[INFO ANT-0001] Found 0 pin violations.
Estimate parasitics...
estimate_parasitics -global_routing
Report metrics stage 5, global route...

==========================================================================
global route report_design_area
--------------------------------------------------------------------------
Design area 5215 um^2 89% utilization.
[INFO FLW-0007] clock core_clock period 1.100000
[WARNING FLW-0010] more than one clock found. Skipping sdc update.
[INFO FLW-0011] Path endpoint path count 88
write_db /gate03e-run-02/results/sky130hd/gcd/base/5_1_grt.odb
write_sdc -no_timestamp /gate03e-run-02/results/sky130hd/gcd/base/5_1_grt.sdc
Elapsed time: 0:32.69[h:]min:sec. CPU time: user 205.73 sys 3.21 (639%). Peak memory: 268572KB.
Log                       Ext     Elapsed/s Peak Memory/MB sha1sum result [0:20)
5_1_grt                   .odb           32            262 b3f7fedae74b46fbec23
5_1_grt                   .sdc                             a71291c5b45a435c1089
/OpenROAD-flow-scripts/flow/scripts/flow.sh 5_2_route detail_route
Running detail_route.tcl, stage 5_2_route
read_liberty /OpenROAD-flow-scripts/flow/platforms/sky130hd/lib/sky130_fd_sc_hd__tt_025C_1v80.lib
read_db -hier /gate03e-run-02/results/sky130hd/gcd/base/5_1_grt.odb
[WARNING ORD-0012] Hierarchical flow (-hier) is currently in development and may cause multiple issues. Do not use in production environments.
read_sdc /gate03e-run-02/results/sky130hd/gcd/base/5_1_grt.sdc
source /OpenROAD-flow-scripts/flow/platforms/sky130hd/setRC.tcl
[WARNING STA-0450] virtual clock vclk_core_clock can not be propagated.
detailed_route -output_drc /gate03e-run-02/reports/sky130hd/gcd/base/5_route_drc.rpt -output_maze /gate03e-run-02/results/sky130hd/gcd/base/maze.log -droute_end_iter 64 -verbose 1 -drc_report_iter_step 5
[INFO DRT-0149] Reading tech and libs.
[WARNING DRT-0349] LEF58_ENCLOSURE with no CUTCLASS is not supported. Skipping for layer mcon
[WARNING DRT-0349] LEF58_ENCLOSURE with no CUTCLASS is not supported. Skipping for layer mcon
[WARNING DRT-0349] LEF58_ENCLOSURE with no CUTCLASS is not supported. Skipping for layer via
[WARNING DRT-0349] LEF58_ENCLOSURE with no CUTCLASS is not supported. Skipping for layer via
[WARNING DRT-0349] LEF58_ENCLOSURE with no CUTCLASS is not supported. Skipping for layer via2
[WARNING DRT-0349] LEF58_ENCLOSURE with no CUTCLASS is not supported. Skipping for layer via2
[WARNING DRT-0349] LEF58_ENCLOSURE with no CUTCLASS is not supported. Skipping for layer via3
[WARNING DRT-0349] LEF58_ENCLOSURE with no CUTCLASS is not supported. Skipping for layer via3
[WARNING DRT-0349] LEF58_ENCLOSURE with no CUTCLASS is not supported. Skipping for layer via4
[WARNING DRT-0349] LEF58_ENCLOSURE with no CUTCLASS is not supported. Skipping for layer via4

Units:                1000
Number of layers:     13
Number of macros:     441
Number of vias:       29
Number of viarulegen: 25

[INFO DRT-0150] Reading design.

Design:                   gcd
Die area:                 ( 0 0 ) ( 80025 80025 )
Number of track patterns: 12
Number of DEF vias:       0
Number of components:     540
Number of terminals:      56
Number of snets:          2
Number of nets:           498

[INFO DRT-0167] List of default vias:
  Layer via
    default via: M1M2_PR
  Layer via2
    default via: M2M3_PR
  Layer via3
    default via: M3M4_PR
  Layer via4
    default via: M4M5_PR
[INFO DRT-0162] Library cell analysis.
[INFO DRT-0163] Instance analysis.
[INFO DRT-0164] Number of unique instances = 99.
[INFO DRT-0168] Init region query.
[INFO DRT-0024]   Complete FR_MASTERSLICE.
[INFO DRT-0024]   Complete Fr_VIA.
[INFO DRT-0024]   Complete li1.
[INFO DRT-0024]   Complete mcon.
[INFO DRT-0024]   Complete met1.
[INFO DRT-0024]   Complete via.
[INFO DRT-0024]   Complete met2.
[INFO DRT-0024]   Complete via2.
[INFO DRT-0024]   Complete met3.
[INFO DRT-0024]   Complete via3.
[INFO DRT-0024]   Complete met4.
[INFO DRT-0024]   Complete via4.
[INFO DRT-0024]   Complete met5.
[INFO DRT-0033] FR_MASTERSLICE shape region query size = 0.
[INFO DRT-0033] FR_VIA shape region query size = 0.
[INFO DRT-0033] li1 shape region query size = 13956.
[INFO DRT-0033] mcon shape region query size = 8792.
[INFO DRT-0033] met1 shape region query size = 1882.
[INFO DRT-0033] via shape region query size = 365.
[INFO DRT-0033] met2 shape region query size = 245.
[INFO DRT-0033] via2 shape region query size = 292.
[INFO DRT-0033] met3 shape region query size = 247.
[INFO DRT-0033] via3 shape region query size = 292.
[INFO DRT-0033] met4 shape region query size = 91.
[INFO DRT-0033] via4 shape region query size = 13.
[INFO DRT-0033] met5 shape region query size = 23.
[INFO DRT-0165] Start pin access.
[INFO DRT-0078]   Complete 733 pins.
[INFO DRT-0081]   Complete 99 unique inst patterns.
[INFO DRT-0084]   Complete 209 groups.
#scanned instances     = 540
#unique  instances     = 99
#stdCellGenAp          = 2765
#stdCellValidPlanarAp  = 16
#stdCellValidViaAp     = 1975
#stdCellPinNoAp        = 0
#stdCellPinCnt         = 1364
#instTermValidViaApCnt = 0
#macroGenAp            = 0
#macroValidPlanarAp    = 0
#macroValidViaAp       = 0
#macroNoAp             = 0
[INFO DRT-0166] Complete pin access.
[INFO DRT-0267] cpu time = 00:01:18, elapsed time = 00:00:06, memory = 232.00 (MB), peak = 230.95 (MB)

[INFO DRT-0157] Number of guides:     3561

[INFO DRT-0169] Post process guides.
[INFO DRT-0176] GCELLGRID X 0 DO 11 STEP 6900 ;
[INFO DRT-0177] GCELLGRID Y 0 DO 11 STEP 6900 ;
[INFO DRT-0028]   Complete FR_MASTERSLICE.
[INFO DRT-0028]   Complete Fr_VIA.
[INFO DRT-0028]   Complete li1.
[INFO DRT-0028]   Complete mcon.
[INFO DRT-0028]   Complete met1.
[INFO DRT-0028]   Complete via.
[INFO DRT-0028]   Complete met2.
[INFO DRT-0028]   Complete via2.
[INFO DRT-0028]   Complete met3.
[INFO DRT-0028]   Complete via3.
[INFO DRT-0028]   Complete met4.
[INFO DRT-0028]   Complete via4.
[INFO DRT-0028]   Complete met5.
[INFO DRT-0178] Init guide query.
[INFO DRT-0035]   Complete FR_MASTERSLICE (guide).
[INFO DRT-0035]   Complete Fr_VIA (guide).
[INFO DRT-0035]   Complete li1 (guide).
[INFO DRT-0035]   Complete mcon (guide).
[INFO DRT-0035]   Complete met1 (guide).
[INFO DRT-0035]   Complete via (guide).
[INFO DRT-0035]   Complete met2 (guide).
[INFO DRT-0035]   Complete via2 (guide).
[INFO DRT-0035]   Complete met3 (guide).
[INFO DRT-0035]   Complete via3 (guide).
[INFO DRT-0035]   Complete met4 (guide).
[INFO DRT-0035]   Complete via4 (guide).
[INFO DRT-0035]   Complete met5 (guide).
[INFO DRT-0036] FR_MASTERSLICE guide region query size = 0.
[INFO DRT-0036] FR_VIA guide region query size = 0.
[INFO DRT-0036] li1 guide region query size = 1182.
[INFO DRT-0036] mcon guide region query size = 0.
[INFO DRT-0036] met1 guide region query size = 1054.
[INFO DRT-0036] via guide region query size = 0.
[INFO DRT-0036] met2 guide region query size = 588.
[INFO DRT-0036] via2 guide region query size = 0.
[INFO DRT-0036] met3 guide region query size = 99.
[INFO DRT-0036] via3 guide region query size = 0.
[INFO DRT-0036] met4 guide region query size = 35.
[INFO DRT-0036] via4 guide region query size = 0.
[INFO DRT-0036] met5 guide region query size = 0.
[INFO DRT-0179] Init gr pin query.
[INFO DRT-0267] cpu time = 00:00:00, elapsed time = 00:00:00, memory = 232.16 (MB), peak = 231.07 (MB)
[INFO DRT-0245] skipped writing guide updates to database.
[INFO DRT-0181] Start track assignment.
[INFO DRT-0184] Done with 1805 vertical wires in 1 frboxes and 1153 horizontal wires in 1 frboxes.
[INFO DRT-0186] Done with 341 vertical wires in 1 frboxes and 340 horizontal wires in 1 frboxes.
[INFO DRT-0182] Complete track assignment.
[INFO DRT-0267] cpu time = 00:00:00, elapsed time = 00:00:00, memory = 236.69 (MB), peak = 235.45 (MB)
[INFO DRT-0187] Start routing data preparation.
[INFO DRT-0267] cpu time = 00:00:00, elapsed time = 00:00:00, memory = 236.78 (MB), peak = 235.58 (MB)
[INFO DRT-0194] Start detail routing.
[INFO DRT-0195] Start 0th optimization iteration.
    Completing 20% with 0 violations.
    elapsed time = 00:00:04, memory = 258.94 (MB).
    Completing 50% with 60 violations.
    elapsed time = 00:00:07, memory = 291.30 (MB).
    Completing 70% with 100 violations.
    elapsed time = 00:00:12, memory = 332.66 (MB).
    Completing 100% with 184 violations.
    elapsed time = 00:00:13, memory = 354.45 (MB).
[INFO DRT-0199]   Number of violations = 192.
Viol/Layer        met1   met2   met3   met4
Metal Spacing       31     19      1      1
Recheck              4      4      0      0
Short              112     19      0      1
[INFO DRT-0267] cpu time = 00:00:19, elapsed time = 00:00:14, memory = 716.65 (MB), peak = 715.14 (MB)
Total wire length = 11407 um.
Total wire length on LAYER li1 = 0 um.
Total wire length on LAYER met1 = 4570 um.
Total wire length on LAYER met2 = 5744 um.
Total wire length on LAYER met3 = 583 um.
Total wire length on LAYER met4 = 509 um.
Total wire length on LAYER met5 = 0 um.
Total number of vias = 3041.
Up-via summary (total 3041):

-----------------------
 FR_MASTERSLICE       0
            li1    1370
           met1    1485
           met2     131
           met3      55
           met4       0
-----------------------
               3041


[INFO DRT-0195] Start 1st optimization iteration.
    Completing 20% with 192 violations.
    elapsed time = 00:00:01, memory = 725.94 (MB).
    Completing 50% with 192 violations.
    elapsed time = 00:00:04, memory = 756.94 (MB).
    Completing 70% with 196 violations.
    elapsed time = 00:00:08, memory = 791.55 (MB).
    Completing 100% with 195 violations.
    elapsed time = 00:00:15, memory = 793.65 (MB).
[INFO DRT-0199]   Number of violations = 195.
Viol/Layer        met1   met2
Metal Spacing       46     12
Short              123     14
[INFO DRT-0267] cpu time = 00:00:18, elapsed time = 00:00:16, memory = 794.72 (MB), peak = 814.93 (MB)
Total wire length = 11351 um.
Total wire length on LAYER li1 = 0 um.
Total wire length on LAYER met1 = 4620 um.
Total wire length on LAYER met2 = 5695 um.
Total wire length on LAYER met3 = 511 um.
Total wire length on LAYER met4 = 523 um.
Total wire length on LAYER met5 = 0 um.
Total number of vias = 3039.
Up-via summary (total 3039):

-----------------------
 FR_MASTERSLICE       0
            li1    1369
           met1    1500
           met2     115
           met3      55
           met4       0
-----------------------
               3039


[INFO DRT-0195] Start 2nd optimization iteration.
    Completing 10% with 195 violations.
    elapsed time = 00:00:00, memory = 794.72 (MB).
    Completing 20% with 195 violations.
    elapsed time = 00:00:00, memory = 794.72 (MB).
    Completing 30% with 195 violations.
    elapsed time = 00:00:00, memory = 794.72 (MB).
    Completing 40% with 195 violations.
    elapsed time = 00:00:00, memory = 794.72 (MB).
    Completing 50% with 196 violations.
    elapsed time = 00:00:00, memory = 794.72 (MB).
    Completing 60% with 196 violations.
    elapsed time = 00:00:00, memory = 814.93 (MB).
    Completing 70% with 198 violations.
    elapsed time = 00:00:01, memory = 842.69 (MB).
    Completing 80% with 198 violations.
    elapsed time = 00:00:02, memory = 848.77 (MB).
    Completing 100% with 158 violations.
    elapsed time = 00:00:15, memory = 901.58 (MB).
[INFO DRT-0199]   Number of violations = 158.
Viol/Layer        met1   met2
Metal Spacing       24     15
Short              105     14
[INFO DRT-0267] cpu time = 00:00:19, elapsed time = 00:00:15, memory = 901.61 (MB), peak = 932.28 (MB)
Total wire length = 11311 um.
Total wire length on LAYER li1 = 0 um.
Total wire length on LAYER met1 = 4599 um.
Total wire length on LAYER met2 = 5684 um.
Total wire length on LAYER met3 = 503 um.
Total wire length on LAYER met4 = 524 um.
Total wire length on LAYER met5 = 0 um.
Total number of vias = 3021.
Up-via summary (total 3021):

-----------------------
 FR_MASTERSLICE       0
            li1    1367
           met1    1483
           met2     117
           met3      54
           met4       0
-----------------------
               3021


[INFO DRT-0195] Start 3rd optimization iteration.
    Completing 20% with 158 violations.
    elapsed time = 00:00:02, memory = 932.43 (MB).
    Completing 50% with 132 violations.
    elapsed time = 00:00:04, memory = 938.15 (MB).
    Completing 70% with 62 violations.
    elapsed time = 00:00:09, memory = 979.90 (MB).
    Completing 100% with 33 violations.
    elapsed time = 00:00:12, memory = 988.28 (MB).
[INFO DRT-0199]   Number of violations = 33.
Viol/Layer        met1   met2
Metal Spacing       13      8
Short               12      0
[INFO DRT-0267] cpu time = 00:00:16, elapsed time = 00:00:12, memory = 988.28 (MB), peak = 987.26 (MB)
Total wire length = 11352 um.
Total wire length on LAYER li1 = 0 um.
Total wire length on LAYER met1 = 4429 um.
Total wire length on LAYER met2 = 5687 um.
Total wire length on LAYER met3 = 695 um.
Total wire length on LAYER met4 = 539 um.
Total wire length on LAYER met5 = 0 um.
Total number of vias = 3126.
Up-via summary (total 3126):

-----------------------
 FR_MASTERSLICE       0
            li1    1365
           met1    1525
           met2     173
           met3      63
           met4       0
-----------------------
               3126


[INFO DRT-0195] Start 4th guides tiles iteration.
    Completing 30% with 33 violations.
    elapsed time = 00:00:00, memory = 988.28 (MB).
    Completing 60% with 33 violations.
    elapsed time = 00:00:03, memory = 1023.19 (MB).
    Completing 100% with 0 violations.
    elapsed time = 00:00:03, memory = 1023.19 (MB).
[INFO DRT-0199]   Number of violations = 0.
[INFO DRT-0267] cpu time = 00:00:05, elapsed time = 00:00:03, memory = 1023.19 (MB), peak = 1022.14 (MB)
Total wire length = 11327 um.
Total wire length on LAYER li1 = 0 um.
Total wire length on LAYER met1 = 4408 um.
Total wire length on LAYER met2 = 5680 um.
Total wire length on LAYER met3 = 695 um.
Total wire length on LAYER met4 = 543 um.
Total wire length on LAYER met5 = 0 um.
Total number of vias = 3127.
Up-via summary (total 3127):

-----------------------
 FR_MASTERSLICE       0
            li1    1366
           met1    1522
           met2     175
           met3      64
           met4       0
-----------------------
               3127


[INFO DRT-0198] Complete detail routing.
Total wire length = 11327 um.
Total wire length on LAYER li1 = 0 um.
Total wire length on LAYER met1 = 4408 um.
Total wire length on LAYER met2 = 5680 um.
Total wire length on LAYER met3 = 695 um.
Total wire length on LAYER met4 = 543 um.
Total wire length on LAYER met5 = 0 um.
Total number of vias = 3127.
Up-via summary (total 3127):

-----------------------
 FR_MASTERSLICE       0
            li1    1366
           met1    1522
           met2     175
           met3      64
           met4       0
-----------------------
               3127


[INFO DRT-0267] cpu time = 00:01:18, elapsed time = 00:01:02, memory = 1023.25 (MB), peak = 1022.14 (MB)

[INFO DRT-0180] Post processing.
[INFO DRT-0501] Runtime: 69.33s
Took 69 seconds: detailed_route -output_drc /gate03e-run-02/reports/sky130hd/gcd/base/5_route_drc.rpt -output_maze /gate03e-run-02/results/sky130hd/gcd/base/maze.log -droute_end_iter 64 -verbose 1 -drc_report_iter_step 5
[INFO GRT-0012] Found 0 antenna violations.
[INFO ANT-0002] Found 0 net violations.
[INFO ANT-0001] Found 0 pin violations.
[INFO ANT-0002] Found 0 net violations.
[INFO ANT-0001] Found 0 pin violations.
Design area 5215 um^2 89% utilization.
write_db /gate03e-run-02/results/sky130hd/gcd/base/5_2_route.odb
Elapsed time: 1:10.53[h:]min:sec. CPU time: user 160.07 sys 2.05 (229%). Peak memory: 1046796KB.
Log                       Ext     Elapsed/s Peak Memory/MB sha1sum result [0:20)
5_2_route                 .odb           70           1022 6d5cc017240a34e8d125
/OpenROAD-flow-scripts/flow/scripts/flow.sh 5_3_fillcell fillcell
Running fillcell.tcl, stage 5_3_fillcell
read_liberty /OpenROAD-flow-scripts/flow/platforms/sky130hd/lib/sky130_fd_sc_hd__tt_025C_1v80.lib
read_db -hier /gate03e-run-02/results/sky130hd/gcd/base/5_2_route.odb
[WARNING ORD-0012] Hierarchical flow (-hier) is currently in development and may cause multiple issues. Do not use in production environments.
read_sdc /gate03e-run-02/results/sky130hd/gcd/base/5_1_grt.sdc
source /OpenROAD-flow-scripts/flow/platforms/sky130hd/setRC.tcl
[WARNING STA-0450] virtual clock vclk_core_clock can not be propagated.
filler_placement "sky130_fd_sc_hd__fill_1 sky130_fd_sc_hd__fill_2 sky130_fd_sc_hd__fill_4 sky130_fd_sc_hd__fill_8"
[INFO DPL-0001] Placed 259 filler instances.
Design area 5215 um^2 89% utilization.
write_db /gate03e-run-02/results/sky130hd/gcd/base/5_3_fillcell.odb
Elapsed time: 0:00.78[h:]min:sec. CPU time: user 0.68 sys 0.17 (108%). Peak memory: 130376KB.
Log                       Ext     Elapsed/s Peak Memory/MB sha1sum result [0:20)
5_3_fillcell              .odb            0            127 e09a9e98ccae676e7c66
cp /gate03e-run-02/results/sky130hd/gcd/base/5_3_fillcell.odb /gate03e-run-02/results/sky130hd/gcd/base/5_route.odb
cp /gate03e-run-02/results/sky130hd/gcd/base/5_1_grt.sdc /gate03e-run-02/results/sky130hd/gcd/base/5_route.sdc
/OpenROAD-flow-scripts/flow/scripts/flow.sh 6_1_fill density_fill
Running density_fill.tcl, stage 6_1_fill
read_liberty /OpenROAD-flow-scripts/flow/platforms/sky130hd/lib/sky130_fd_sc_hd__tt_025C_1v80.lib
read_db -hier /gate03e-run-02/results/sky130hd/gcd/base/5_route.odb
[WARNING ORD-0012] Hierarchical flow (-hier) is currently in development and may cause multiple issues. Do not use in production environments.
read_sdc /gate03e-run-02/results/sky130hd/gcd/base/5_route.sdc
source /OpenROAD-flow-scripts/flow/platforms/sky130hd/setRC.tcl
exec cp /gate03e-run-02/results/sky130hd/gcd/base/5_route.odb /gate03e-run-02/results/sky130hd/gcd/base/6_1_fill.odb
Elapsed time: 0:00.76[h:]min:sec. CPU time: user 0.64 sys 0.13 (102%). Peak memory: 127216KB.
Log                       Ext     Elapsed/s Peak Memory/MB sha1sum result [0:20)
6_1_fill                  .odb            0            124 e09a9e98ccae676e7c66
cp /gate03e-run-02/results/sky130hd/gcd/base/5_route.sdc /gate03e-run-02/results/sky130hd/gcd/base/6_1_fill.sdc
/OpenROAD-flow-scripts/flow/scripts/flow.sh 6_report final_report
Running final_report.tcl, stage 6_report
read_liberty /OpenROAD-flow-scripts/flow/platforms/sky130hd/lib/sky130_fd_sc_hd__tt_025C_1v80.lib
read_db -hier /gate03e-run-02/results/sky130hd/gcd/base/6_1_fill.odb
[WARNING ORD-0012] Hierarchical flow (-hier) is currently in development and may cause multiple issues. Do not use in production environments.
read_sdc /gate03e-run-02/results/sky130hd/gcd/base/6_1_fill.sdc
source /OpenROAD-flow-scripts/flow/platforms/sky130hd/setRC.tcl
[WARNING STA-0450] virtual clock vclk_core_clock can not be propagated.
write_db /gate03e-run-02/results/sky130hd/gcd/base/6_final.odb
write_sdc -no_timestamp /gate03e-run-02/results/sky130hd/gcd/base/6_final.sdc
Deleted 0 routing obstructions
Warning: master sky130_ef_sc_hd__decap_12 has signal pins but no liberty cell
[INFO RCX-0431] Defined process_corner X with ext_model_index 0
[INFO RCX-0029] Defined extraction corner X
[WARNING RCX-0514] The ext_model_file option is deprecated. Use set_extraction_rules_file command instead.
[INFO RCX-0435] Reading extraction model file /OpenROAD-flow-scripts/flow/platforms/sky130hd/rcx_patterns.rules ...
[INFO RCX-0436] RC segment generation gcd (max_merge_res 50.0) ...
[INFO RCX-0040] Final 1420 rc segments
[INFO RCX-0439] Coupling Cap extraction gcd ...
[INFO RCX-0440] Coupling threshhold is 0.1000 fF, coupling capacitance less than 0.1000 fF will be grounded.
[INFO RCX-0442] 52% of 3346 wires extracted
[INFO RCX-0442] 100% of 3346 wires extracted
[INFO RCX-0045] Extract 498 nets, 1918 rsegs, 1918 caps, 3743 ccs
[INFO RCX-0443] 498 nets finished
[INFO PSM-0040] All shapes on net VDD are connected.
########## IR report #################
Net              : VDD
Corner           : default
Total power      : 9.18e-03 W
Supply voltage   : 1.80e+00 V
Worstcase voltage: 1.80e+00 V
Average voltage  : 1.80e+00 V
Average IR drop  : 5.95e-04 V
Worstcase IR drop: 1.35e-03 V
Percentage drop  : 0.08 %
######################################
[INFO PSM-0040] All shapes on net VSS are connected.
########## IR report #################
Net              : VSS
Corner           : default
Total power      : 9.18e-03 W
Supply voltage   : 0.00e+00 V
Worstcase voltage: 9.05e-04 V
Average voltage  : 2.74e-04 V
Average IR drop  : 2.74e-04 V
Worstcase IR drop: 9.05e-04 V
Percentage drop  : 0.05 %
######################################
Cell type report:                       Count       Area
  Fill cell                               259     670.64
  Tap cell                                 75      93.84
  Clock buffer                              7      86.33
  Timing Repair Buffer                    191    1699.13
  Inverter                                  5      18.77
  Clock inverter                            1       5.00
  Sequential cell                          35    1024.73
  Multi-Input combinational cell          226    2287.19
  Total                                   799    5885.64
Report metrics stage 6, finish...

==========================================================================
finish report_design_area
--------------------------------------------------------------------------
Design area 5215 um^2 89% utilization.
[WARNING GUI-0076] QStandardPaths: XDG_RUNTIME_DIR not set, defaulting to '/tmp/runtime-root'
Elapsed time: 0:03.38[h:]min:sec. CPU time: user 3.01 sys 0.70 (109%). Peak memory: 194048KB.
Log                       Ext     Elapsed/s Peak Memory/MB sha1sum result [0:20)
6_report                                  3            189                  N/A
cp /OpenROAD-flow-scripts/flow/platforms/sky130hd/lef/sky130_fd_sc_hd.tlef /gate03e-run-02/objects/sky130hd/gcd/base/klayout_tech.lef
/usr/bin/python3 /OpenROAD-flow-scripts/flow/util/generate_klayout_tech.py \
	--template /OpenROAD-flow-scripts/flow/platforms/sky130hd/sky130hd.lyt \
	--output /gate03e-run-02/objects/sky130hd/gcd/base/klayout.lyt \
	--lef-files /gate03e-run-02/objects/sky130hd/gcd/base/klayout_tech.lef /OpenROAD-flow-scripts/flow/platforms/sky130hd/lef/sky130_fd_sc_hd_merged.lef   \
	--map-files 
/usr/bin/python3 /OpenROAD-flow-scripts/flow/scripts/run_command.py --log /gate03e-run-02/logs/sky130hd/gcd/base/6_1_merge.log --tee -- \
        /OpenROAD-flow-scripts/flow/scripts/klayout.sh -zz -rd design_name=gcd \
        -rd in_def=/gate03e-run-02/results/sky130hd/gcd/base/6_final.def \
        -rd in_files="/OpenROAD-flow-scripts/flow/platforms/sky130hd/gds/sky130_fd_sc_hd.gds  " \
        -rd seal_file="" \
        -rd out_file=/gate03e-run-02/results/sky130hd/gcd/base/6_1_merged.gds \
        -rd tech_file=/gate03e-run-02/objects/sky130hd/gcd/base/klayout.lyt \
        -rd layer_map= \
        -r /OpenROAD-flow-scripts/flow/util/def2stream.py
KLayout 0.30.7
[INFO] Reporting cells prior to loading DEF ...
	/OpenROAD-flow-scripts/flow/platforms/sky130hd/gds/sky130_fd_sc_hd.gds
[INFO] All LEF cells have matching GDS/OAS cells
[INFO] No orphan cells in the final layout
Elapsed time: 0:03.35[h:]min:sec. CPU time: user 2.60 sys 0.68 (97%). Peak memory: 442840KB.
cp /gate03e-run-02/results/sky130hd/gcd/base/6_1_merged.gds /gate03e-run-02/results/sky130hd/gcd/base/6_final.gds
/gate03e-run-02/logs/sky130hd/gcd/base
Log                       Ext     Elapsed/s Peak Memory/MB sha1sum result [0:20)
1_1_yosys_canonicalize    .rtlil          0             59 f71ed75a728f1b09f265
1_2_yosys                 .v              3             72 9aee1444e62e2785dc2e
1_2_yosys                 .sdc                             9107b99b66a101246114
1_synth                   .odb            0            125 2fa8d277aff319991284
1_synth                   .sdc                             72ae7311f1e75126a7ea
2_1_floorplan             .odb            3            144 16ecd6fbbbefade3797d
2_1_floorplan             .sdc                             72ae7311f1e75126a7ea
2_2_floorplan_macro       .odb            0            123 16ecd6fbbbefade3797d
2_3_floorplan_tapcell     .odb            0            122 5c7fc34faafeaa0b93ff
2_4_floorplan_pdn         .odb            0            125 fb2e1ee1d341facb829c
3_1_place_gp_skip_io      .odb            1            124 8eea9acde7e7f60f95f8
3_2_place_iop             .odb            0            123 e992f577c5e4dc37dbdb
3_3_place_gp              .odb            2            240 4af246a707437045817d
3_4_place_resized         .odb            1            143 4af246a707437045817d
3_5_place_dp              .odb            1            128 4ce2c771247a6bc95bbc
4_1_cts                   .odb           11            166 a2d8a9621c32f5e0d243
5_1_grt                   .odb           32            262 b3f7fedae74b46fbec23
5_1_grt                   .sdc                             a71291c5b45a435c1089
5_2_route                 .odb           70           1022 6d5cc017240a34e8d125
5_3_fillcell              .odb            0            127 e09a9e98ccae676e7c66
6_1_fill                  .odb            0            124 e09a9e98ccae676e7c66
6_1_fill                  .sdc                             a71291c5b45a435c1089
6_1_merge                                 3            432                  N/A
6_report                                  3            189                  N/A
Total                                   130           1022                     
