mkdir -p /work/campaigns/iscas_sustainability_extension/memory_compiler/gate3_attempt07_sram22_matched_physical_closure/raw/openroad/work/results/sky130hd/attempt07_e0/seed11/
echo 10.0 > /work/campaigns/iscas_sustainability_extension/memory_compiler/gate3_attempt07_sram22_matched_physical_closure/raw/openroad/work/results/sky130hd/attempt07_e0/seed11/clock_period.txt
/OpenROAD-flow-scripts/flow/scripts/synth.sh /OpenROAD-flow-scripts/flow/scripts/synth_canonicalize.tcl /work/campaigns/iscas_sustainability_extension/memory_compiler/gate3_attempt07_sram22_matched_physical_closure/raw/openroad/work/logs/sky130hd/attempt07_e0/seed11/1_1_yosys_canonicalize.log
Using ABC speed script.
Extracting clock period from SDC file: /work/campaigns/iscas_sustainability_extension/memory_compiler/gate3_attempt07_sram22_matched_physical_closure/raw/openroad/work/results/sky130hd/attempt07_e0/seed11/clock_period.txt
Setting clock period to 10.0
1. Executing Liberty frontend: /OpenROAD-flow-scripts/flow/platforms/sky130hd/lib/sky130_fd_sc_hd__tt_025C_1v80.lib
2. Executing Liberty frontend: /work/campaigns/iscas_sustainability_extension/memory_compiler/gate3_attempt07_sram22_matched_physical_closure/source_checkout/sram22_256x64m4w8/sram22_256x64m4w8_tt_025C_1v80.lib
3. Executing Liberty frontend: /work/campaigns/iscas_sustainability_extension/memory_compiler/gate3_attempt07_sram22_matched_physical_closure/source_checkout/sram22_256x8m8w1/sram22_256x8m8w1_tt_025C_1v80.lib
4. Executing Liberty frontend: /OpenROAD-flow-scripts/flow/platforms/sky130hd/lib/sky130_fd_sc_hd__tt_025C_1v80.lib
5. Executing Liberty frontend: /work/campaigns/iscas_sustainability_extension/memory_compiler/gate3_attempt07_sram22_matched_physical_closure/source_checkout/sram22_256x64m4w8/sram22_256x64m4w8_tt_025C_1v80.lib
6. Executing Liberty frontend: /work/campaigns/iscas_sustainability_extension/memory_compiler/gate3_attempt07_sram22_matched_physical_closure/source_checkout/sram22_256x8m8w1/sram22_256x8m8w1_tt_025C_1v80.lib
7. Executing Verilog-2005 frontend: /work/campaigns/iscas_sustainability_extension/memory_compiler/gate3_attempt07_sram22_matched_physical_closure/rtl/hsiao_secded_72_64_v1_encoder.sv
8. Executing Verilog-2005 frontend: /work/campaigns/iscas_sustainability_extension/memory_compiler/gate3_attempt07_sram22_matched_physical_closure/rtl/hsiao_secded_72_64_v1_syndrome.sv
9. Executing Verilog-2005 frontend: /work/campaigns/iscas_sustainability_extension/memory_compiler/gate3_attempt07_sram22_matched_physical_closure/rtl/hsiao_secded_72_64_v2_algorithmic_decoder.sv
10. Executing Verilog-2005 frontend: /work/campaigns/iscas_sustainability_extension/memory_compiler/gate3_attempt07_sram22_matched_physical_closure/source_checkout/sram22_256x64m4w8/sram22_256x64m4w8.v
11. Executing Verilog-2005 frontend: /work/campaigns/iscas_sustainability_extension/memory_compiler/gate3_attempt07_sram22_matched_physical_closure/source_checkout/sram22_256x8m8w1/sram22_256x8m8w1.v
12. Executing Verilog-2005 frontend: /work/campaigns/iscas_sustainability_extension/memory_compiler/gate3_attempt07_sram22_matched_physical_closure/rtl/ecc_sram_256x72_sram22.sv
13. Executing Verilog-2005 frontend: /OpenROAD-flow-scripts/flow/platforms/sky130hd/cells_clkgate_hd.v
14. Executing HIERARCHY pass (managing design hierarchy).
15. Executing AST frontend in derive mode using pre-parsed AST for module `\e0_sram22_top'.
15.1. Analyzing design hierarchy..
15.2. Executing AST frontend in derive mode using pre-parsed AST for module `\ecc_sram_256x72_sram22'.
15.3. Analyzing design hierarchy..
15.4. Executing AST frontend in derive mode using pre-parsed AST for module `\hsiao_secded_72_64_v2_algorithmic_decoder'.
15.5. Executing AST frontend in derive mode using pre-parsed AST for module `\hsiao_secded_72_64_v1_encoder'.
15.6. Analyzing design hierarchy..
15.7. Executing AST frontend in derive mode using pre-parsed AST for module `\hsiao_secded_72_64_v1_syndrome'.
15.8. Analyzing design hierarchy..
15.9. Analyzing design hierarchy..
Warning: Selection "sram22_256x64m4w8" did not match any module.
Warning: Selection "sram22_256x8m8w1" did not match any module.
16. Executing HIERARCHY pass (managing design hierarchy).
16.1. Analyzing design hierarchy..
16.2. Analyzing design hierarchy..
17. Executing OPT_CLEAN pass (remove unused cells and wires).
18. Executing RTLIL backend.
Warnings: 2 unique messages, 2 total
End of script. Logfile hash: eae402968e, time: 0.86s, user: 0.31s, system: 0.12s, MEM: 56.50 MB peak
Yosys 0.68+post (git sha1 UNKNOWN, Release, GNU /usr/local/bin/wrapped-cc/g++ 11.4.0)
Time spent: 66% 8x read_liberty (0 sec), 12% 2x write_rtlil (0 sec), ...
Elapsed time: 0:00.88[h:]min:sec. CPU time: user 0.35 sys 0.13 (54%). Peak memory: 60620KB.
Log                       Ext     Elapsed/s Peak Memory/MB sha1sum result [0:20)
1_1_yosys_canonicalize    .rtlil          0             59 6bd81443545b638514e6
/OpenROAD-flow-scripts/flow/scripts/synth.sh /OpenROAD-flow-scripts/flow/scripts/synth.tcl /work/campaigns/iscas_sustainability_extension/memory_compiler/gate3_attempt07_sram22_matched_physical_closure/raw/openroad/work/logs/sky130hd/attempt07_e0/seed11/1_2_yosys.log
Using ABC speed script.
Extracting clock period from SDC file: /work/campaigns/iscas_sustainability_extension/memory_compiler/gate3_attempt07_sram22_matched_physical_closure/raw/openroad/work/results/sky130hd/attempt07_e0/seed11/clock_period.txt
Setting clock period to 10.0
1. Executing RTLIL frontend.
Warning: Selection "sram22_256x64m4w8" did not match any module.
Warning: Selection "sram22_256x8m8w1" did not match any module.
2. Executing HIERARCHY pass (managing design hierarchy).
2.1. Analyzing design hierarchy..
2.2. Analyzing design hierarchy..
3. Executing SYNTH pass.
3.1. Executing HIERARCHY pass (managing design hierarchy).
3.1.1. Analyzing design hierarchy..
3.1.2. Analyzing design hierarchy..
3.2. Executing PROC pass (convert processes to netlists).
3.2.1. Executing PROC_CLEAN pass (remove empty switches from decision trees).
3.2.2. Executing PROC_RMDEAD pass (remove dead branches from decision trees).
3.2.3. Executing PROC_PRUNE pass (remove redundant assignments in processes).
3.2.4. Executing PROC_INIT pass (extract init attributes).
3.2.5. Executing PROC_ARST pass (detect async resets in processes).
3.2.6. Executing PROC_ROM pass (convert switches to ROMs).
3.2.7. Executing PROC_MUX pass (convert decision trees to multiplexers).
3.2.8. Executing PROC_DLATCH pass (convert process syncs to latches).
3.2.9. Executing PROC_DFF pass (convert process syncs to FFs).
3.2.10. Executing PROC_MEMWR pass (convert process memory writes to cells).
3.2.11. Executing PROC_CLEAN pass (remove empty switches from decision trees).
3.2.12. Executing OPT_EXPR pass (perform const folding).
3.3. Executing CHECK pass (checking for obvious problems).
3.4. Executing FLATTEN pass (flatten design).
3.5. Executing OPT_EXPR pass (perform const folding).
3.6. Executing OPT_CLEAN pass (remove unused cells and wires).
3.7. Executing CHECK pass (checking for obvious problems).
3.8. Executing OPT pass (performing simple optimizations).
3.8.1. Executing OPT_EXPR pass (perform const folding).
3.8.2. Executing OPT_MERGE pass (detect identical cells).
3.8.3. Executing OPT_MUXTREE pass (detect dead branches in mux trees).
3.8.4. Executing OPT_REDUCE pass (consolidate $*mux and $reduce_* inputs).
3.8.5. Executing OPT_MERGE pass (detect identical cells).
3.8.6. Executing OPT_DFF pass (perform DFF optimizations).
3.8.7. Executing OPT_CLEAN pass (remove unused cells and wires).
3.8.8. Executing OPT_EXPR pass (perform const folding).
3.8.9. Rerunning OPT passes. (Maybe there is more to do..)
3.8.10. Executing OPT_MUXTREE pass (detect dead branches in mux trees).
3.8.11. Executing OPT_REDUCE pass (consolidate $*mux and $reduce_* inputs).
3.8.12. Executing OPT_MERGE pass (detect identical cells).
3.8.13. Executing OPT_DFF pass (perform DFF optimizations).
3.8.14. Executing OPT_CLEAN pass (remove unused cells and wires).
3.8.15. Executing OPT_EXPR pass (perform const folding).
3.8.16. Finished fast OPT passes. (There is nothing left to do.)
3.9. Executing FSM pass (extract and optimize FSM).
3.9.1. Executing FSM_DETECT pass (finding FSMs in design).
3.9.2. Executing FSM_EXTRACT pass (extracting FSM from design).
3.9.3. Executing FSM_OPT pass (simple optimizations of FSMs).
3.9.4. Executing OPT_CLEAN pass (remove unused cells and wires).
3.9.5. Executing FSM_OPT pass (simple optimizations of FSMs).
3.9.6. Executing FSM_RECODE pass (re-assigning FSM state encoding).
3.9.7. Executing FSM_INFO pass (dumping all available information on FSM cells).
3.9.8. Executing FSM_MAP pass (mapping FSMs to basic logic).
3.10. Executing OPT pass (performing simple optimizations).
3.10.1. Executing OPT_EXPR pass (perform const folding).
3.10.2. Executing OPT_MERGE pass (detect identical cells).
3.10.3. Executing OPT_MUXTREE pass (detect dead branches in mux trees).
3.10.4. Executing OPT_REDUCE pass (consolidate $*mux and $reduce_* inputs).
3.10.5. Executing OPT_MERGE pass (detect identical cells).
3.10.6. Executing OPT_DFF pass (perform DFF optimizations).
3.10.7. Executing OPT_CLEAN pass (remove unused cells and wires).
3.10.8. Executing OPT_EXPR pass (perform const folding).
3.10.9. Finished fast OPT passes. (There is nothing left to do.)
3.11. Executing WREDUCE pass (reducing word size of cells).
3.12. Executing PEEPOPT pass (run peephole optimizers).
3.13. Executing OPT_CLEAN pass (remove unused cells and wires).
3.14. Executing ALUMACC pass (create $alu and $macc cells).
3.15. Executing SHARE pass (SAT-based resource sharing).
3.16. Executing OPT pass (performing simple optimizations).
3.16.1. Executing OPT_EXPR pass (perform const folding).
3.16.2. Executing OPT_MERGE pass (detect identical cells).
3.16.3. Executing OPT_MUXTREE pass (detect dead branches in mux trees).
3.16.4. Executing OPT_REDUCE pass (consolidate $*mux and $reduce_* inputs).
3.16.5. Executing OPT_MERGE pass (detect identical cells).
3.16.6. Executing OPT_DFF pass (perform DFF optimizations).
3.16.7. Executing OPT_CLEAN pass (remove unused cells and wires).
3.16.8. Executing OPT_EXPR pass (perform const folding).
3.16.9. Finished fast OPT passes. (There is nothing left to do.)
3.17. Executing MEMORY pass.
3.17.1. Executing OPT_MEM pass (optimize memories).
3.17.2. Executing OPT_MEM_PRIORITY pass (removing unnecessary memory write priority relations).
3.17.3. Executing OPT_MEM_FEEDBACK pass (finding memory read-to-write feedback paths).
3.17.4. Executing MEMORY_BMUX2ROM pass (converting muxes to ROMs).
3.17.5. Executing MEMORY_DFF pass (merging $dff cells to $memrd).
3.17.6. Executing OPT_CLEAN pass (remove unused cells and wires).
3.17.7. Executing MEMORY_SHARE pass (consolidating $memrd/$memwr cells).
3.17.8. Executing OPT_MEM_WIDEN pass (optimize memories where all ports are wide).
3.17.9. Executing OPT_CLEAN pass (remove unused cells and wires).
3.17.10. Executing MEMORY_COLLECT pass (generating $mem cells).
3.18. Executing OPT_CLEAN pass (remove unused cells and wires).
4. Executing SYNTH pass.
4.1. Executing OPT pass (performing simple optimizations).
4.1.1. Executing OPT_EXPR pass (perform const folding).
4.1.2. Executing OPT_MERGE pass (detect identical cells).
4.1.3. Executing OPT_DFF pass (perform DFF optimizations).
4.1.4. Executing OPT_CLEAN pass (remove unused cells and wires).
4.1.5. Finished fast OPT passes.
4.2. Executing MEMORY_MAP pass (converting memories to logic and flip-flops).
4.3. Executing OPT pass (performing simple optimizations).
4.3.1. Executing OPT_EXPR pass (perform const folding).
4.3.2. Executing OPT_MERGE pass (detect identical cells).
4.3.3. Executing OPT_MUXTREE pass (detect dead branches in mux trees).
4.3.4. Executing OPT_REDUCE pass (consolidate $*mux and $reduce_* inputs).
4.3.5. Executing OPT_MERGE pass (detect identical cells).
4.3.6. Executing OPT_SHARE pass.
4.3.7. Executing OPT_DFF pass (perform DFF optimizations).
4.3.8. Executing OPT_CLEAN pass (remove unused cells and wires).
4.3.9. Executing OPT_EXPR pass (perform const folding).
4.3.10. Finished fast OPT passes. (There is nothing left to do.)
4.4. Executing TECHMAP pass (map to technology primitives).
4.4.1. Executing Verilog-2005 frontend: /OpenROAD-flow-scripts/tools/install/yosys/bin/../share/yosys/techmap.v
4.4.2. Executing Verilog-2005 frontend: /OpenROAD-flow-scripts/flow/platforms/common/lcu_kogge_stone.v
4.4.3. Continuing TECHMAP pass.
4.5. Executing OPT pass (performing simple optimizations).
4.5.1. Executing OPT_EXPR pass (perform const folding).
4.5.2. Executing OPT_MERGE pass (detect identical cells).
4.5.3. Executing OPT_DFF pass (perform DFF optimizations).
4.5.4. Executing OPT_CLEAN pass (remove unused cells and wires).
4.5.5. Finished fast OPT passes.
4.6. Executing HIERARCHY pass (managing design hierarchy).
4.6.1. Analyzing design hierarchy..
4.6.2. Analyzing design hierarchy..
4.7. Printing statistics.
4.8. Executing CHECK pass (checking for obvious problems).
5. Executing OPT pass (performing simple optimizations).
5.1. Executing OPT_EXPR pass (perform const folding).
5.2. Executing OPT_MERGE pass (detect identical cells).
5.3. Executing OPT_MUXTREE pass (detect dead branches in mux trees).
5.4. Executing OPT_REDUCE pass (consolidate $*mux and $reduce_* inputs).
5.5. Executing OPT_MERGE pass (detect identical cells).
5.6. Executing OPT_DFF pass (perform DFF optimizations).
5.7. Executing OPT_CLEAN pass (remove unused cells and wires).
5.8. Executing OPT_EXPR pass (perform const folding).
5.9. Rerunning OPT passes. (Maybe there is more to do..)
5.10. Executing OPT_MUXTREE pass (detect dead branches in mux trees).
5.11. Executing OPT_REDUCE pass (consolidate $*mux and $reduce_* inputs).
5.12. Executing OPT_MERGE pass (detect identical cells).
5.13. Executing OPT_DFF pass (perform DFF optimizations).
5.14. Executing OPT_CLEAN pass (remove unused cells and wires).
5.15. Executing OPT_EXPR pass (perform const folding).
5.16. Finished fast OPT passes. (There is nothing left to do.)
6. Executing EXTRACT_FA pass (find and extract full/half adders).
7. Executing TECHMAP pass (map to technology primitives).
7.1. Executing Verilog-2005 frontend: /OpenROAD-flow-scripts/flow/platforms/sky130hd/cells_adders_hd.v
7.2. Continuing TECHMAP pass.
8. Executing TECHMAP pass (map to technology primitives).
8.1. Executing Verilog-2005 frontend: /OpenROAD-flow-scripts/tools/install/yosys/bin/../share/yosys/techmap.v
8.2. Continuing TECHMAP pass.
9. Executing OPT pass (performing simple optimizations).
9.1. Executing OPT_EXPR pass (perform const folding).
9.2. Executing OPT_MERGE pass (detect identical cells).
9.3. Executing OPT_DFF pass (perform DFF optimizations).
9.4. Executing OPT_CLEAN pass (remove unused cells and wires).
9.5. Finished fast OPT passes.
10. Executing DFFLEGALIZE pass (convert FFs to types supported by the target).
11. Executing TECHMAP pass (map to technology primitives).
11.1. Executing Verilog-2005 frontend: /OpenROAD-flow-scripts/flow/platforms/sky130hd/cells_latch_hd.v
11.2. Continuing TECHMAP pass.
12. Executing DFFLIBMAP pass (mapping DFF cells to sequential cells from liberty file).
12.1. Executing DFFLEGALIZE pass (convert FFs to types supported by the target).
13. Executing OPT pass (performing simple optimizations).
13.1. Executing OPT_EXPR pass (perform const folding).
13.2. Executing OPT_MERGE pass (detect identical cells).
13.3. Executing OPT_MUXTREE pass (detect dead branches in mux trees).
13.4. Executing OPT_REDUCE pass (consolidate $*mux and $reduce_* inputs).
13.5. Executing OPT_MERGE pass (detect identical cells).
13.6. Executing OPT_DFF pass (perform DFF optimizations).
13.7. Executing OPT_CLEAN pass (remove unused cells and wires).
13.8. Executing OPT_EXPR pass (perform const folding).
13.9. Finished fast OPT passes. (There is nothing left to do.)
14. Executing SETUNDEF pass (replace undef values with defined constants).
abc -script /OpenROAD-flow-scripts/flow/scripts/abc_speed.script -liberty /OpenROAD-flow-scripts/flow/platforms/sky130hd/lib/sky130_fd_sc_hd__tt_025C_1v80.lib -liberty /work/campaigns/iscas_sustainability_extension/memory_compiler/gate3_attempt07_sram22_matched_physical_closure/source_checkout/sram22_256x64m4w8/sram22_256x64m4w8_tt_025C_1v80.lib -liberty /work/campaigns/iscas_sustainability_extension/memory_compiler/gate3_attempt07_sram22_matched_physical_closure/source_checkout/sram22_256x8m8w1/sram22_256x8m8w1_tt_025C_1v80.lib -dont_use sky130_fd_sc_hd__probe_p_8 -dont_use sky130_fd_sc_hd__probec_p_8 -dont_use sky130_fd_sc_hd__lpflow_bleeder_1 -dont_use sky130_fd_sc_hd__lpflow_clkbufkapwr_1 -dont_use sky130_fd_sc_hd__lpflow_clkbufkapwr_16 -dont_use sky130_fd_sc_hd__lpflow_clkbufkapwr_2 -dont_use sky130_fd_sc_hd__lpflow_clkbufkapwr_4 -dont_use sky130_fd_sc_hd__lpflow_clkbufkapwr_8 -dont_use sky130_fd_sc_hd__lpflow_clkinvkapwr_1 -dont_use sky130_fd_sc_hd__lpflow_clkinvkapwr_16 -dont_use sky130_fd_sc_hd__lpflow_clkinvkapwr_2 -dont_use sky130_fd_sc_hd__lpflow_clkinvkapwr_4 -dont_use sky130_fd_sc_hd__lpflow_clkinvkapwr_8 -dont_use sky130_fd_sc_hd__lpflow_decapkapwr_12 -dont_use sky130_fd_sc_hd__lpflow_decapkapwr_3 -dont_use sky130_fd_sc_hd__lpflow_decapkapwr_4 -dont_use sky130_fd_sc_hd__lpflow_decapkapwr_6 -dont_use sky130_fd_sc_hd__lpflow_decapkapwr_8 -dont_use sky130_fd_sc_hd__lpflow_inputiso0n_1 -dont_use sky130_fd_sc_hd__lpflow_inputiso0p_1 -dont_use sky130_fd_sc_hd__lpflow_inputiso1n_1 -dont_use sky130_fd_sc_hd__lpflow_inputiso1p_1 -dont_use sky130_fd_sc_hd__lpflow_inputisolatch_1 -dont_use sky130_fd_sc_hd__lpflow_isobufsrc_1 -dont_use sky130_fd_sc_hd__lpflow_isobufsrc_16 -dont_use sky130_fd_sc_hd__lpflow_isobufsrc_2 -dont_use sky130_fd_sc_hd__lpflow_isobufsrc_4 -dont_use sky130_fd_sc_hd__lpflow_isobufsrc_8 -dont_use sky130_fd_sc_hd__lpflow_isobufsrckapwr_16 -dont_use sky130_fd_sc_hd__lpflow_lsbuf_lh_hl_isowell_tap_1 -dont_use sky130_fd_sc_hd__lpflow_lsbuf_lh_hl_isowell_tap_2 -dont_use sky130_fd_sc_hd__lpflow_lsbuf_lh_hl_isowell_tap_4 -dont_use sky130_fd_sc_hd__lpflow_lsbuf_lh_isowell_4 -dont_use sky130_fd_sc_hd__lpflow_lsbuf_lh_isowell_tap_1 -dont_use sky130_fd_sc_hd__lpflow_lsbuf_lh_isowell_tap_2 -dont_use sky130_fd_sc_hd__lpflow_lsbuf_lh_isowell_tap_4 -constr /work/campaigns/iscas_sustainability_extension/memory_compiler/gate3_attempt07_sram22_matched_physical_closure/raw/openroad/work/objects/sky130hd/attempt07_e0/seed11/abc.constr -D 10.0
15. Executing ABC pass (technology mapping using ABC).
15.1. Extracting gate netlist of module `\e0_sram22_top' to `<abc-temp-dir>/input.blif'..
15.1.1. Executed ABC.
15.1.2. Re-integrating ABC results.
16. Executing SPLITNETS pass (splitting up multi-bit signals).
17. Executing OPT_CLEAN pass (remove unused cells and wires).
18. Executing HILOMAP pass (mapping to constant drivers).
19. Executing INSBUF pass (insert buffer cells for connected wires).
20. Executing CHECK pass (checking for obvious problems).
21. Printing statistics.
22. Executing CHECK pass (checking for obvious problems).
23. Executing Verilog backend.
23.1. Executing BMUXMAP pass.
23.2. Executing DEMUXMAP pass.
Warnings: 2 unique messages, 2 total
End of script. Logfile hash: 2612b3c983, time: 5.20s, user: 1.15s, system: 0.83s, MEM: 61.44 MB peak
Yosys 0.68+post (git sha1 UNKNOWN, Release, GNU /usr/local/bin/wrapped-cc/g++ 11.4.0)
Time spent: 59% 1x abc (2 sec), 8% 2x synth (0 sec), ...
Elapsed time: 0:05.23[h:]min:sec. CPU time: user 3.88 sys 1.04 (94%). Peak memory: 64348KB.
Log                       Ext     Elapsed/s Peak Memory/MB sha1sum result [0:20)
1_2_yosys                 .v              5             62 7f9be3ddf150e78e1dc2
cp /work/campaigns/iscas_sustainability_extension/memory_compiler/gate3_attempt07_sram22_matched_physical_closure/openroad/e0/constraint.sdc /work/campaigns/iscas_sustainability_extension/memory_compiler/gate3_attempt07_sram22_matched_physical_closure/raw/openroad/work/results/sky130hd/attempt07_e0/seed11/1_2_yosys.sdc
touch -r /work/campaigns/iscas_sustainability_extension/memory_compiler/gate3_attempt07_sram22_matched_physical_closure/openroad/e0/constraint.sdc /work/campaigns/iscas_sustainability_extension/memory_compiler/gate3_attempt07_sram22_matched_physical_closure/raw/openroad/work/results/sky130hd/attempt07_e0/seed11/1_2_yosys.sdc
OpenROAD 26Q3-1080-gab6fd26351 
Features included (+) or not (-): +GPU +GUI +Python
This program is licensed under the BSD-3 license. See the LICENSE file for details.
Components of this program may be licensed under more restrictive licenses which must be honored.
[INFO ORD-0030] Using 4 thread(s).
mkdir -p /work/campaigns/iscas_sustainability_extension/memory_compiler/gate3_attempt07_sram22_matched_physical_closure/raw/openroad/work/objects/sky130hd/attempt07_e0/seed11
/OpenROAD-flow-scripts/flow/scripts/flow.sh 1_synth synth_odb
Running synth_odb.tcl, stage 1_synth
read_liberty /OpenROAD-flow-scripts/flow/platforms/sky130hd/lib/sky130_fd_sc_hd__tt_025C_1v80.lib
read_liberty /work/campaigns/iscas_sustainability_extension/memory_compiler/gate3_attempt07_sram22_matched_physical_closure/source_checkout/sram22_256x64m4w8/sram22_256x64m4w8_tt_025C_1v80.lib
read_liberty /work/campaigns/iscas_sustainability_extension/memory_compiler/gate3_attempt07_sram22_matched_physical_closure/source_checkout/sram22_256x8m8w1/sram22_256x8m8w1_tt_025C_1v80.lib
[INFO ODB-0227] LEF file: /OpenROAD-flow-scripts/flow/platforms/sky130hd/lef/sky130_fd_sc_hd.tlef, created 13 layers, 25 vias
[INFO ODB-0227] LEF file: /OpenROAD-flow-scripts/flow/platforms/sky130hd/lef/sky130_fd_sc_hd_merged.lef, created 441 library cells
[INFO ODB-0227] LEF file: /work/campaigns/iscas_sustainability_extension/memory_compiler/gate3_attempt07_sram22_matched_physical_closure/source_checkout/sram22_256x64m4w8/sram22_256x64m4w8.lef, created 1 library cells
[INFO ODB-0227] LEF file: /work/campaigns/iscas_sustainability_extension/memory_compiler/gate3_attempt07_sram22_matched_physical_closure/source_checkout/sram22_256x8m8w1/sram22_256x8m8w1.lef, created 1 library cells
link_design e0_sram22_top
read_sdc /work/campaigns/iscas_sustainability_extension/memory_compiler/gate3_attempt07_sram22_matched_physical_closure/raw/openroad/work/results/sky130hd/attempt07_e0/seed11/1_2_yosys.sdc
source /OpenROAD-flow-scripts/flow/platforms/sky130hd/setRC.tcl
eliminate_dead_logic
Removed 0 unused instances and 0 unused nets.
Design area 265042 um^2 100% utilization.
write_db /work/campaigns/iscas_sustainability_extension/memory_compiler/gate3_attempt07_sram22_matched_physical_closure/raw/openroad/work/results/sky130hd/attempt07_e0/seed11/1_synth.odb
write_sdc -no_timestamp /work/campaigns/iscas_sustainability_extension/memory_compiler/gate3_attempt07_sram22_matched_physical_closure/raw/openroad/work/results/sky130hd/attempt07_e0/seed11/1_synth.sdc
Elapsed time: 0:01.39[h:]min:sec. CPU time: user 0.83 sys 0.19 (73%). Peak memory: 127476KB.
Log                       Ext     Elapsed/s Peak Memory/MB sha1sum result [0:20)
1_synth                   .odb            1            124 bc1fb46ffda6661f05dc
1_synth                   .sdc                             449fc72f0abfd7eed5f3
/OpenROAD-flow-scripts/flow/scripts/flow.sh 2_1_floorplan floorplan
Running floorplan.tcl, stage 2_1_floorplan
read_liberty /OpenROAD-flow-scripts/flow/platforms/sky130hd/lib/sky130_fd_sc_hd__tt_025C_1v80.lib
read_liberty /work/campaigns/iscas_sustainability_extension/memory_compiler/gate3_attempt07_sram22_matched_physical_closure/source_checkout/sram22_256x64m4w8/sram22_256x64m4w8_tt_025C_1v80.lib
read_liberty /work/campaigns/iscas_sustainability_extension/memory_compiler/gate3_attempt07_sram22_matched_physical_closure/source_checkout/sram22_256x8m8w1/sram22_256x8m8w1_tt_025C_1v80.lib
read_db /work/campaigns/iscas_sustainability_extension/memory_compiler/gate3_attempt07_sram22_matched_physical_closure/raw/openroad/work/results/sky130hd/attempt07_e0/seed11/1_synth.odb
read_sdc /work/campaigns/iscas_sustainability_extension/memory_compiler/gate3_attempt07_sram22_matched_physical_closure/raw/openroad/work/results/sky130hd/attempt07_e0/seed11/1_synth.sdc
source /OpenROAD-flow-scripts/flow/platforms/sky130hd/setRC.tcl
Master sky130_ef_sc_hd__decap_12 is loaded but not used in the design

==========================================================================
Floorplan check_setup
--------------------------------------------------------------------------
number instances in verilog is 534
[WARNING IFP-0028] Core area lower left (10.000, 10.000) snapped to (10.120, 10.880).
[INFO IFP-0001] Added 231 rows of 2130 site unithd.
[INFO IFP-0100] Die BBox:  (  0.000  0.000 ) ( 1000.000 650.000 ) um
[INFO IFP-0101] Core BBox: ( 10.120 10.880 ) ( 989.920 639.200 ) um
[INFO IFP-0102] Core area:                       615627.936 um^2
[INFO IFP-0103] Total instances area:            265042.334 um^2
[INFO IFP-0104] Effective utilization:                0.431
[INFO IFP-0105] Number of instances:                    534
source /OpenROAD-flow-scripts/flow/platforms/sky130hd/make_tracks.tcl
source /OpenROAD-flow-scripts/flow/platforms/sky130hd/fastroute.tcl
Repair tie lo fanout...
Repair tie hi fanout...
[INFO RSZ-0042] Inserted 16 tie sky130_fd_sc_hd__conb_1 instances.
repair_timing -setup_margin 0 -hold_margin 0 -repair_tns 100 -match_cell_footprint -setup -skip_last_gasp -sequence unbuffer,sizeup,swap,vt_swap -verbose
[WARNING EST-0027] no estimated parasitics. Using wire load models.
[INFO RSZ-0100] Repair move sequence: UnbufferMove SizeUpMove SwapPinsMove 
[INFO RSZ-0098] No setup violations found
[INFO RSZ-0505] Runtime: 0.18s
Default units for flow
 time 1ns
 capacitance 1pF
 resistance 1kohm
 voltage 1v
 current 1mA
 power 1nW
 distance 1um
   Layer   | Unit Resistance | Unit Capacitance 
           |       (kohm/um) |          (pF/um)
------------------------------------------------
       li1 |        7.18e-02 |         1.50e-04
      met1 |        1.21e-03 |         1.72e-04
      met2 |        1.22e-03 |         1.36e-04
      met3 |        1.66e-04 |         2.15e-04
      met4 |        1.68e-04 |         1.48e-04
      met5 |        1.84e-05 |         1.54e-04
------------------------------------------------

   Layer   | Via Resistance 
           |         (kohm) 
----------------------------
      mcon |       9.25e-03 
       via |       4.50e-03 
      via2 |       3.37e-03 
      via3 |       3.77e-04 
      via4 |       5.80e-06 
----------------------------
Report metrics stage 2, floorplan final...

==========================================================================
floorplan final report_design_area
--------------------------------------------------------------------------
Design area 265099 um^2 43% utilization.
write_db /work/campaigns/iscas_sustainability_extension/memory_compiler/gate3_attempt07_sram22_matched_physical_closure/raw/openroad/work/results/sky130hd/attempt07_e0/seed11/2_1_floorplan.odb
write_sdc -no_timestamp /work/campaigns/iscas_sustainability_extension/memory_compiler/gate3_attempt07_sram22_matched_physical_closure/raw/openroad/work/results/sky130hd/attempt07_e0/seed11/2_1_floorplan.sdc
Elapsed time: 0:02.50[h:]min:sec. CPU time: user 0.99 sys 0.40 (55%). Peak memory: 146908KB.
Log                       Ext     Elapsed/s Peak Memory/MB sha1sum result [0:20)
2_1_floorplan             .odb            2            143 cdc890216202db01edd2
2_1_floorplan             .sdc                             449fc72f0abfd7eed5f3
/OpenROAD-flow-scripts/flow/scripts/flow.sh 2_2_floorplan_macro macro_place
Running macro_place.tcl, stage 2_2_floorplan_macro
read_liberty /OpenROAD-flow-scripts/flow/platforms/sky130hd/lib/sky130_fd_sc_hd__tt_025C_1v80.lib
read_liberty /work/campaigns/iscas_sustainability_extension/memory_compiler/gate3_attempt07_sram22_matched_physical_closure/source_checkout/sram22_256x64m4w8/sram22_256x64m4w8_tt_025C_1v80.lib
read_liberty /work/campaigns/iscas_sustainability_extension/memory_compiler/gate3_attempt07_sram22_matched_physical_closure/source_checkout/sram22_256x8m8w1/sram22_256x8m8w1_tt_025C_1v80.lib
read_db /work/campaigns/iscas_sustainability_extension/memory_compiler/gate3_attempt07_sram22_matched_physical_closure/raw/openroad/work/results/sky130hd/attempt07_e0/seed11/2_1_floorplan.odb
read_sdc /work/campaigns/iscas_sustainability_extension/memory_compiler/gate3_attempt07_sram22_matched_physical_closure/raw/openroad/work/results/sky130hd/attempt07_e0/seed11/2_1_floorplan.sdc
source /OpenROAD-flow-scripts/flow/platforms/sky130hd/setRC.tcl
source /work/campaigns/iscas_sustainability_extension/memory_compiler/gate3_attempt07_sram22_matched_physical_closure/openroad/e0/macro_placement.tcl
[INFO MPL-0035] Macro u_protected_memory.u_data placed. Bounding box (30.360um, 31.230um), (720.480um, 322.870um). Orientation MX
[INFO MPL-0035] Macro u_protected_memory.u_ecc placed. Bounding box (30.360um, 382.840um), (292.080um, 608.520um). Orientation R0
rtl_macro_placer -max_num_level 2 -halo_width 20 -halo_height 20 -min_ar 0.33 -area_weight 0.1 -wirelength_weight 100.0 -outline_weight 100.0 -boundary_weight 50.0 -notch_weight 50.0 -report_directory /work/campaigns/iscas_sustainability_extension/memory_compiler/gate3_attempt07_sram22_matched_physical_closure/raw/openroad/work/objects/sky130hd/attempt07_e0/seed11/rtlmp -fence_lx 0.0 -fence_ly 0.0 -fence_ux 0.0 -fence_uy 0.0 -target_util 0.3
[WARNING MPL-0074] -halo_width/-halo_height are deprecated, use the set_macro_base_halo command instead.
[INFO MPL-0062] Found fixed macro u_protected_memory.u_data.
[INFO MPL-0062] Found fixed macro u_protected_memory.u_ecc.
[INFO MPL-0017] No unfixed macros.
[INFO MPL-0013] Skipping macro placement.
[INFO MPL-0500] Runtime: 0.00s
Design area 265099 um^2 43% utilization.
write_db /work/campaigns/iscas_sustainability_extension/memory_compiler/gate3_attempt07_sram22_matched_physical_closure/raw/openroad/work/results/sky130hd/attempt07_e0/seed11/2_2_floorplan_macro.odb
Elapsed time: 0:01.41[h:]min:sec. CPU time: user 0.71 sys 0.25 (68%). Peak memory: 125952KB.
Log                       Ext     Elapsed/s Peak Memory/MB sha1sum result [0:20)
2_2_floorplan_macro       .odb            1            123 661dbc4e0462b19ebeb3
/OpenROAD-flow-scripts/flow/scripts/flow.sh 2_3_floorplan_tapcell tapcell
Running tapcell.tcl, stage 2_3_floorplan_tapcell
read_liberty /OpenROAD-flow-scripts/flow/platforms/sky130hd/lib/sky130_fd_sc_hd__tt_025C_1v80.lib
read_liberty /work/campaigns/iscas_sustainability_extension/memory_compiler/gate3_attempt07_sram22_matched_physical_closure/source_checkout/sram22_256x64m4w8/sram22_256x64m4w8_tt_025C_1v80.lib
read_liberty /work/campaigns/iscas_sustainability_extension/memory_compiler/gate3_attempt07_sram22_matched_physical_closure/source_checkout/sram22_256x8m8w1/sram22_256x8m8w1_tt_025C_1v80.lib
read_db /work/campaigns/iscas_sustainability_extension/memory_compiler/gate3_attempt07_sram22_matched_physical_closure/raw/openroad/work/results/sky130hd/attempt07_e0/seed11/2_2_floorplan_macro.odb
read_sdc /work/campaigns/iscas_sustainability_extension/memory_compiler/gate3_attempt07_sram22_matched_physical_closure/raw/openroad/work/results/sky130hd/attempt07_e0/seed11/2_1_floorplan.sdc
source /OpenROAD-flow-scripts/flow/platforms/sky130hd/setRC.tcl
[INFO ODB-0303] The initial 231 rows (492030 sites) were cut with 2 shapes for a total of 426 rows (276715 sites).
[INFO TAP-0005] Inserted 4738 tapcells.
Design area 271027 um^2 44% utilization.
write_db /work/campaigns/iscas_sustainability_extension/memory_compiler/gate3_attempt07_sram22_matched_physical_closure/raw/openroad/work/results/sky130hd/attempt07_e0/seed11/2_3_floorplan_tapcell.odb
Elapsed time: 0:01.47[h:]min:sec. CPU time: user 0.74 sys 0.22 (65%). Peak memory: 127184KB.
Log                       Ext     Elapsed/s Peak Memory/MB sha1sum result [0:20)
2_3_floorplan_tapcell     .odb            1            124 c03e726296ec12b21e69
/OpenROAD-flow-scripts/flow/scripts/flow.sh 2_4_floorplan_pdn pdn
Running pdn.tcl, stage 2_4_floorplan_pdn
read_liberty /OpenROAD-flow-scripts/flow/platforms/sky130hd/lib/sky130_fd_sc_hd__tt_025C_1v80.lib
read_liberty /work/campaigns/iscas_sustainability_extension/memory_compiler/gate3_attempt07_sram22_matched_physical_closure/source_checkout/sram22_256x64m4w8/sram22_256x64m4w8_tt_025C_1v80.lib
read_liberty /work/campaigns/iscas_sustainability_extension/memory_compiler/gate3_attempt07_sram22_matched_physical_closure/source_checkout/sram22_256x8m8w1/sram22_256x8m8w1_tt_025C_1v80.lib
read_db /work/campaigns/iscas_sustainability_extension/memory_compiler/gate3_attempt07_sram22_matched_physical_closure/raw/openroad/work/results/sky130hd/attempt07_e0/seed11/2_3_floorplan_tapcell.odb
read_sdc /work/campaigns/iscas_sustainability_extension/memory_compiler/gate3_attempt07_sram22_matched_physical_closure/raw/openroad/work/results/sky130hd/attempt07_e0/seed11/2_1_floorplan.sdc
source /OpenROAD-flow-scripts/flow/platforms/sky130hd/setRC.tcl
[WARNING PDN-1051] No instances found for grid (CORE_macro_grid_2).
[INFO PDN-0001] Inserting grid: grid
[INFO PDN-0001] Inserting grid: CORE_macro_grid_1 - u_protected_memory.u_data
[INFO PDN-0001] Inserting grid: CORE_macro_grid_1 - u_protected_memory.u_ecc
[WARNING PDN-0110] No via inserted between met2 and met4 at (63.6000, 142.5500) - (63.8000, 142.8700) on VDD
[WARNING PDN-0110] No via inserted between met2 and met4 at (63.6000, 143.9100) - (63.8000, 144.2300) on VDD
[WARNING PDN-0110] No via inserted between met2 and met4 at (63.6000, 145.2700) - (63.8000, 145.5900) on VDD
[WARNING PDN-0110] No via inserted between met2 and met4 at (63.6000, 147.9900) - (63.8000, 148.3100) on VDD
[WARNING PDN-0110] No via inserted between met2 and met4 at (63.6000, 158.8700) - (63.8000, 159.1900) on VDD
[WARNING PDN-0110] No via inserted between met2 and met4 at (63.6000, 160.2300) - (63.8000, 160.5500) on VDD
[WARNING PDN-0195] Removing 2 via(s) between met2 and met4 at (90.8700 um, 156.3100 um) for VDD
[WARNING PDN-0110] No via inserted between met2 and met4 at (132.9600, 184.7000) - (133.0500, 185.7100) on VSS
[WARNING PDN-0110] No via inserted between met2 and met4 at (132.9600, 186.3400) - (133.0500, 187.0100) on VSS
[WARNING PDN-0195] Removing 114 via(s) between met2 and met4 at (241.4700 um, 192.5500 um) for VSS
[WARNING PDN-0195] Removing 176 via(s) between met2 and met4 at (282.1800 um, 240.4700 um) for VDD
[WARNING PDN-0195] Removing 2 via(s) between met2 and met4 at (90.8700 um, 428.3600 um) for VDD
[WARNING PDN-0195] Removing 2 via(s) between met2 and met4 at (90.8700 um, 448.7600 um) for VDD
[WARNING PDN-0195] Removing 2 via(s) between met2 and met4 at (90.8700 um, 452.8400 um) for VDD
[WARNING PDN-0195] Removing 2 via(s) between met2 and met4 at (90.8700 um, 467.8000 um) for VDD
[WARNING PDN-0195] Removing 2 via(s) between met2 and met4 at (90.8700 um, 470.5200 um) for VDD
[WARNING PDN-0195] Removing 2 via(s) between met2 and met4 at (90.8700 um, 485.4800 um) for VDD
[WARNING PDN-0195] Removing 2 via(s) between met2 and met4 at (90.8700 um, 520.8400 um) for VDD
[WARNING PDN-0195] Removing 2 via(s) between met2 and met4 at (105.7750 um, 569.1200 um) for VSS
[WARNING PDN-0110] No via inserted between met2 and met4 at (117.8800, 415.9600) - (118.2000, 416.2800) on VDD
[WARNING PDN-0110] No via inserted between met2 and met4 at (119.2400, 542.4400) - (119.4800, 542.7600) on VDD
[WARNING PDN-0110] No via inserted between met2 and met4 at (131.4500, 444.8100) - (131.6000, 480.2000) on VSS
[INFO PDN-0500] Runtime: 0.97s
Design area 271027 um^2 44% utilization.
write_db /work/campaigns/iscas_sustainability_extension/memory_compiler/gate3_attempt07_sram22_matched_physical_closure/raw/openroad/work/results/sky130hd/attempt07_e0/seed11/2_4_floorplan_pdn.odb
Elapsed time: 0:02.96[h:]min:sec. CPU time: user 1.94 sys 0.28 (75%). Peak memory: 147312KB.
Log                       Ext     Elapsed/s Peak Memory/MB sha1sum result [0:20)
2_4_floorplan_pdn         .odb            2            143 4ada61977e0230ac6efa
cp /work/campaigns/iscas_sustainability_extension/memory_compiler/gate3_attempt07_sram22_matched_physical_closure/raw/openroad/work/results/sky130hd/attempt07_e0/seed11/2_4_floorplan_pdn.odb /work/campaigns/iscas_sustainability_extension/memory_compiler/gate3_attempt07_sram22_matched_physical_closure/raw/openroad/work/results/sky130hd/attempt07_e0/seed11/2_floorplan.odb
cp /work/campaigns/iscas_sustainability_extension/memory_compiler/gate3_attempt07_sram22_matched_physical_closure/raw/openroad/work/results/sky130hd/attempt07_e0/seed11/2_1_floorplan.sdc /work/campaigns/iscas_sustainability_extension/memory_compiler/gate3_attempt07_sram22_matched_physical_closure/raw/openroad/work/results/sky130hd/attempt07_e0/seed11/2_floorplan.sdc
/OpenROAD-flow-scripts/flow/scripts/flow.sh 3_1_place_gp_skip_io global_place_skip_io
Running global_place_skip_io.tcl, stage 3_1_place_gp_skip_io
read_liberty /OpenROAD-flow-scripts/flow/platforms/sky130hd/lib/sky130_fd_sc_hd__tt_025C_1v80.lib
read_liberty /work/campaigns/iscas_sustainability_extension/memory_compiler/gate3_attempt07_sram22_matched_physical_closure/source_checkout/sram22_256x64m4w8/sram22_256x64m4w8_tt_025C_1v80.lib
read_liberty /work/campaigns/iscas_sustainability_extension/memory_compiler/gate3_attempt07_sram22_matched_physical_closure/source_checkout/sram22_256x8m8w1/sram22_256x8m8w1_tt_025C_1v80.lib
read_db /work/campaigns/iscas_sustainability_extension/memory_compiler/gate3_attempt07_sram22_matched_physical_closure/raw/openroad/work/results/sky130hd/attempt07_e0/seed11/2_floorplan.odb
read_sdc /work/campaigns/iscas_sustainability_extension/memory_compiler/gate3_attempt07_sram22_matched_physical_closure/raw/openroad/work/results/sky130hd/attempt07_e0/seed11/2_floorplan.sdc
source /OpenROAD-flow-scripts/flow/platforms/sky130hd/setRC.tcl
global_placement -skip_io -density 0.3 -pad_left 0 -pad_right 0 -random_seed 11
[INFO GPL-0001] ---- Initialize GPL Main Data Structures
[INFO GPL-0002] DBU: 1000
[INFO GPL-0003] SiteSize: (  0.460  2.720 ) um
[INFO GPL-0004] CoreBBox: ( 10.120 10.880 ) ( 989.920 639.200 ) um
[INFO GPL-0016] Core area:                  615627.936 um^2
[INFO GPL-0036] Movable instances area:       4767.072 um^2
[INFO GPL-0037] Total instances area:       273327.142 um^2
[INFO GPL-0035] Pin density area adjust:        33.528 um^2
[INFO GPL-0032] ---- Initialize Region: Top-level
[INFO GPL-0006] Number of instances:              5674
[INFO GPL-0007] Movable instances:                 547
[INFO GPL-0008] Fixed instances:                  4740
[INFO GPL-0009] Dummy instances:                   387
[INFO GPL-0010] Number of nets:                    695
[INFO GPL-0011] Number of pins:                   1969
[INFO GPL-0012] Die BBox:       (  0.000  0.000 ) ( 1000.000 650.000 ) um
[INFO GPL-0013] Placement BBox: ( 10.120 10.880 ) ( 989.920 639.200 ) um
[INFO GPL-0014] Region name: top-level.
[INFO GPL-0015] Region area:                615627.936 um^2
[INFO GPL-0017] Fixed instances area:       275330.314 um^2
[INFO GPL-0018] Movable instances area:       4800.600 um^2
[INFO GPL-0019] Utilization:                     1.411 %
[INFO GPL-0020] Standard cells area:          4800.600 um^2
[INFO GPL-0021] Large instances area:            0.000 um^2
[INFO GPL-0005] ---- Execute Conjugate Gradient Initial Placement.
[INFO GPL-0051] Source of initial instance position counters:
	Odb location = 0	Core center = 547	Region center = 0
[INFO GPL-0033] ---- Initialize Nesterov Region: Top-level
[INFO GPL-0023] Placement target density:       0.3000
[INFO GPL-0024] Movable insts average area:      8.776 um^2
[INFO GPL-0025] Ideal bin area:                 29.254 um^2
[INFO GPL-0026] Ideal bin count:                 21044
[INFO GPL-0027] Total bin area:             615627.936 um^2
[INFO GPL-0028] Bin count (X, Y):         128 ,    128
[INFO GPL-0029] Bin size (W * H):       7.655 *  4.909 um
[INFO GPL-0030] Number of bins:                  16384
[INFO GPL-0084] ---- Execute Nesterov Global Placement.
[INFO GPL-0031] HPWL: Half-Perimeter Wirelength
Iteration | Overflow |     HPWL (um) |  HPWL(%) |   Penalty | Group
---------------------------------------------------------------
        0 |   0.9533 |  2.467209e+04 |   +0.00% |  2.28e-15 |      
       10 |   0.8480 |  2.804517e+04 |  +13.67% |  3.71e-15 |      
       20 |   0.8511 |  2.786790e+04 |   -0.63% |  6.04e-15 |      
       30 |   0.8484 |  2.787948e+04 |   +0.04% |  9.84e-15 |      
       40 |   0.8477 |  2.788033e+04 |   +0.00% |  1.60e-14 |      
       50 |   0.8483 |  2.787679e+04 |   -0.01% |  2.61e-14 |      
       60 |   0.8487 |  2.787904e+04 |   +0.01% |  4.25e-14 |      
       70 |   0.8486 |  2.787949e+04 |   +0.00% |  6.93e-14 |      
       80 |   0.8481 |  2.788330e+04 |   +0.01% |  1.13e-13 |      
       90 |   0.8475 |  2.788889e+04 |   +0.02% |  1.84e-13 |      
      100 |   0.8465 |  2.790572e+04 |   +0.06% |  2.99e-13 |      
      110 |   0.8453 |  2.793597e+04 |   +0.11% |  4.88e-13 |      
      120 |   0.8423 |  2.800305e+04 |   +0.24% |  7.94e-13 |      
      130 |   0.8372 |  2.813211e+04 |   +0.46% |  1.29e-12 |      
      140 |   0.8306 |  2.836994e+04 |   +0.85% |  2.11e-12 |      
      150 |   0.8241 |  2.878666e+04 |   +1.47% |  3.43e-12 |      
      160 |   0.8155 |  2.948061e+04 |   +2.41% |  5.59e-12 |      
      170 |   0.8059 |  3.056563e+04 |   +3.68% |  9.11e-12 |      
      180 |   0.7863 |  3.199433e+04 |   +4.67% |  1.48e-11 |      
      190 |   0.7729 |  3.324062e+04 |   +3.90% |  2.42e-11 |      
      200 |   0.7646 |  3.380119e+04 |   +1.69% |  3.93e-11 |      
      210 |   0.7488 |  3.414242e+04 |   +1.01% |  6.41e-11 |      
      220 |   0.7076 |  3.477034e+04 |   +1.84% |  1.04e-10 |      
      230 |   0.6740 |  3.528190e+04 |   +1.47% |  1.70e-10 |      
      240 |   0.6768 |  3.433839e+04 |   -2.67% |  2.77e-10 |      
      250 |   0.6542 |  3.477869e+04 |   +1.28% |  4.51e-10 |      
      260 |   0.6026 |  3.506425e+04 |   +0.82% |  7.34e-10 |      
      270 |   0.5696 |  3.447854e+04 |   -1.67% |  1.20e-09 |      
      280 |   0.5403 |  3.395455e+04 |   -1.52% |  1.95e-09 |      
      290 |   0.5007 |  3.375351e+04 |   -0.59% |  3.17e-09 |      
      300 |   0.4584 |  3.350525e+04 |   -0.74% |  5.17e-09 |      
      310 |   0.4146 |  3.324101e+04 |   -0.79% |  8.42e-09 |      
      320 |   0.3695 |  3.331850e+04 |   +0.23% |  1.37e-08 |      
      330 |   0.3229 |  3.338547e+04 |   +0.20% |  2.12e-08 |      
      340 |   0.2833 |  3.358606e+04 |   +0.60% |  3.13e-08 |      
      350 |   0.2450 |  3.342464e+04 |   -0.48% |  4.61e-08 |      
      360 |   0.2088 |  3.369791e+04 |   +0.82% |  6.79e-08 |      
      370 |   0.1805 |  3.405656e+04 |   +1.06% |  1.00e-07 |      
      380 |   0.1515 |  3.431867e+04 |   +0.77% |  1.47e-07 |      
      390 |   0.1246 |  3.446813e+04 |   +0.44% |  2.17e-07 |      
      400 |   0.1087 |  3.463034e+04 |   +0.47% |  3.20e-07 |      
      410 |   0.0986 |  3.473083e+04 |   +0.29% |  4.71e-07 |      
      410 |   0.0986 |  3.473083e+04 |          |  4.90e-07 |      
---------------------------------------------------------------
[INFO GPL-1001] Global placement finished at iteration 410
[INFO GPL-1002] Placed Cell Area             4800.5996
[INFO GPL-1003] Available Free Area         340297.6224
[INFO GPL-1004] Minimum Feasible Density        0.0200 (cell_area / free_area)
[INFO GPL-1006]   Suggested Target Densities:
[INFO GPL-1007]     - For 90% usage of free space: 0.0157
[INFO GPL-1008]     - For 80% usage of free space: 0.0176
[INFO GPL-1009]     - For 50% usage of free space: 0.0282
[INFO GPL-1014] Final placement area: 4800.60 (+0.00%)
Design area 271027 um^2 44% utilization.
write_db /work/campaigns/iscas_sustainability_extension/memory_compiler/gate3_attempt07_sram22_matched_physical_closure/raw/openroad/work/results/sky130hd/attempt07_e0/seed11/3_1_place_gp_skip_io.odb
Elapsed time: 0:04.09[h:]min:sec. CPU time: user 9.22 sys 0.27 (231%). Peak memory: 138872KB.
Log                       Ext     Elapsed/s Peak Memory/MB sha1sum result [0:20)
3_1_place_gp_skip_io      .odb            4            135 e16d05bfc54fd4a1f505
/OpenROAD-flow-scripts/flow/scripts/flow.sh 3_2_place_iop io_placement
Running io_placement.tcl, stage 3_2_place_iop
read_liberty /OpenROAD-flow-scripts/flow/platforms/sky130hd/lib/sky130_fd_sc_hd__tt_025C_1v80.lib
read_liberty /work/campaigns/iscas_sustainability_extension/memory_compiler/gate3_attempt07_sram22_matched_physical_closure/source_checkout/sram22_256x64m4w8/sram22_256x64m4w8_tt_025C_1v80.lib
read_liberty /work/campaigns/iscas_sustainability_extension/memory_compiler/gate3_attempt07_sram22_matched_physical_closure/source_checkout/sram22_256x8m8w1/sram22_256x8m8w1_tt_025C_1v80.lib
read_db /work/campaigns/iscas_sustainability_extension/memory_compiler/gate3_attempt07_sram22_matched_physical_closure/raw/openroad/work/results/sky130hd/attempt07_e0/seed11/3_1_place_gp_skip_io.odb
read_sdc /work/campaigns/iscas_sustainability_extension/memory_compiler/gate3_attempt07_sram22_matched_physical_closure/raw/openroad/work/results/sky130hd/attempt07_e0/seed11/2_floorplan.sdc
source /OpenROAD-flow-scripts/flow/platforms/sky130hd/setRC.tcl
source /work/campaigns/iscas_sustainability_extension/memory_compiler/gate3_attempt07_sram22_matched_physical_closure/openroad/pre_io_placement.tcl
place_pins -hor_layers met3 -ver_layers met2
Found 2 macro blocks.
Using 2 tracks default min distance between IO pins.
[INFO PPL-0067] Restrict pins [ addr[0] addr[1] addr[2] addr[3] addr[4] ... ] to region 0.00u-1000.00u at the TOP edge.
[INFO PPL-0001] Number of available slots 3118
[INFO PPL-0002] Number of I/O             142
[INFO PPL-0003] Number of I/O w/sink      142
[INFO PPL-0004] Number of I/O w/o sink    0
[INFO PPL-0005] Slots per section         200
[INFO PPL-0008] Successfully assigned pins to sections.
[INFO PPL-0012] I/O nets HPWL: 51615.08 um.
Design area 271027 um^2 44% utilization.
write_db /work/campaigns/iscas_sustainability_extension/memory_compiler/gate3_attempt07_sram22_matched_physical_closure/raw/openroad/work/results/sky130hd/attempt07_e0/seed11/3_2_place_iop.odb
Elapsed time: 0:01.92[h:]min:sec. CPU time: user 0.79 sys 0.26 (55%). Peak memory: 133608KB.
Log                       Ext     Elapsed/s Peak Memory/MB sha1sum result [0:20)
3_2_place_iop             .odb            1            130 da05d42df9496d52318a
/OpenROAD-flow-scripts/flow/scripts/flow.sh 3_3_place_gp global_place
Running global_place.tcl, stage 3_3_place_gp
read_liberty /OpenROAD-flow-scripts/flow/platforms/sky130hd/lib/sky130_fd_sc_hd__tt_025C_1v80.lib
read_liberty /work/campaigns/iscas_sustainability_extension/memory_compiler/gate3_attempt07_sram22_matched_physical_closure/source_checkout/sram22_256x64m4w8/sram22_256x64m4w8_tt_025C_1v80.lib
read_liberty /work/campaigns/iscas_sustainability_extension/memory_compiler/gate3_attempt07_sram22_matched_physical_closure/source_checkout/sram22_256x8m8w1/sram22_256x8m8w1_tt_025C_1v80.lib
read_db /work/campaigns/iscas_sustainability_extension/memory_compiler/gate3_attempt07_sram22_matched_physical_closure/raw/openroad/work/results/sky130hd/attempt07_e0/seed11/3_2_place_iop.odb
read_sdc /work/campaigns/iscas_sustainability_extension/memory_compiler/gate3_attempt07_sram22_matched_physical_closure/raw/openroad/work/results/sky130hd/attempt07_e0/seed11/2_floorplan.sdc
source /OpenROAD-flow-scripts/flow/platforms/sky130hd/setRC.tcl
[INFO RSZ-0026] Removed 17 buffers.
Perform port buffering...
[INFO RSZ-0027] Inserted 75 sky130_fd_sc_hd__clkdlybuf4s50_1 input buffers.
[INFO RSZ-0028] Inserted 66 sky130_fd_sc_hd__clkdlybuf4s50_1 output buffers.
global_placement -density 0.3 -pad_left 0 -pad_right 0 -routability_driven -random_seed 11 -timing_driven -force_center_initial_place -min_phi_coef 0.95 -max_phi_coef 1.05
[INFO GPL-0001] ---- Initialize GPL Main Data Structures
[INFO GPL-0002] DBU: 1000
[INFO GPL-0003] SiteSize: (  0.460  2.720 ) um
[INFO GPL-0004] CoreBBox: ( 10.120 10.880 ) ( 989.920 639.200 ) um
[INFO GPL-0016] Core area:                  615627.936 um^2
[INFO GPL-0036] Movable instances area:       6067.069 um^2
[INFO GPL-0037] Total instances area:       274627.139 um^2
[INFO GPL-0035] Pin density area adjust:       322.050 um^2
[INFO GPL-0032] ---- Initialize Region: Top-level
[INFO GPL-0006] Number of instances:              5798
[INFO GPL-0007] Movable instances:                 671
[INFO GPL-0008] Fixed instances:                  4740
[INFO GPL-0009] Dummy instances:                   387
[INFO GPL-0010] Number of nets:                    819
[INFO GPL-0011] Number of pins:                   2359
[INFO GPL-0012] Die BBox:       (  0.000  0.000 ) ( 1000.000 650.000 ) um
[INFO GPL-0013] Placement BBox: ( 10.120 10.880 ) ( 989.920 639.200 ) um
[INFO GPL-0014] Region name: top-level.
[INFO GPL-0015] Region area:                615627.936 um^2
[INFO GPL-0017] Fixed instances area:       275330.314 um^2
[INFO GPL-0018] Movable instances area:       6389.119 um^2
[INFO GPL-0019] Utilization:                     1.878 %
[INFO GPL-0020] Standard cells area:          6389.119 um^2
[INFO GPL-0021] Large instances area:            0.000 um^2
[INFO GPL-0005] ---- Execute Conjugate Gradient Initial Placement.
[INFO GPL-0051] Source of initial instance position counters:
	Odb location = 0	Core center = 671	Region center = 0
[InitialPlace]  Iter: 1 conjugate gradient residual: 0.00000250 HPWL: 223996299
[InitialPlace]  Iter: 2 conjugate gradient residual: 0.00000006 HPWL: 224266566
[InitialPlace]  Iter: 3 conjugate gradient residual: 0.00000010 HPWL: 223011805
[InitialPlace]  Iter: 4 conjugate gradient residual: 0.00000010 HPWL: 221150077
[InitialPlace]  Iter: 5 conjugate gradient residual: 0.00000006 HPWL: 219496376
[INFO GPL-0033] ---- Initialize Nesterov Region: Top-level
[INFO GPL-0023] Placement target density:       0.3000
[INFO GPL-0024] Movable insts average area:      9.522 um^2
[INFO GPL-0025] Ideal bin area:                 31.739 um^2
[INFO GPL-0026] Ideal bin count:                 19396
[INFO GPL-0027] Total bin area:             615627.936 um^2
[INFO GPL-0028] Bin count (X, Y):         128 ,    128
[INFO GPL-0029] Bin size (W * H):       7.655 *  4.909 um
[INFO GPL-0030] Number of bins:                  16384
[INFO GPL-0084] ---- Execute Nesterov Global Placement.
[INFO GPL-0031] HPWL: Half-Perimeter Wirelength
Iteration | Overflow |     HPWL (um) |  HPWL(%) |   Penalty | Group
---------------------------------------------------------------
        0 |   0.8429 |  7.499668e+04 |   +0.00% |  7.22e-15 |      
[INFO GPL-0100] Timing-driven iteration 1/2, virtual: false.
[INFO GPL-0101]    Iter: 3, overflow: 0.591, keep resizer changes at: 1, HPWL: 80892283
Iteration |   Area    | Resized | Buffers | Nets repaired | Remaining
---------------------------------------------------------------------
        0 |     +0.0% |       0 |       0 |             0 |       835
    final |     +0.7% |     128 |     230 |           212 |         0
---------------------------------------------------------------------
[INFO RSZ-0034] Found 220 slew violations.
[INFO RSZ-0039] Resized 128 instances.
[INFO RSZ-0038] Inserted 230 buffers in 212 nets.
   Iter   |    Area   | Removed | Inserted |   Pins
          |           | Buffers | Buffers  | Remaining
-------------------------------------------------------
        0 |     +0.0% |       0 |        0 |       727
       72 |     +0.0% |       1 |        3 |       655
      144 |     +0.0% |       1 |       15 |       583
      216 |     +0.1% |       2 |       27 |       511
      288 |     +0.1% |       6 |       34 |       439
      360 |     +0.1% |      20 |       60 |       367
      432 |     +0.1% |      21 |       61 |       295
      504 |     +0.1% |      21 |       66 |       223
[WARNING RSZ-2005] cannot find a viable buffering solution on pin u_protected_memory.u_ecc/dout[7] after 1 rounds of buffering (no solution meets design rules)
[WARNING RSZ-2005] cannot find a viable buffering solution on pin u_protected_memory.u_ecc/dout[6] after 1 rounds of buffering (no solution meets design rules)
[WARNING RSZ-2005] cannot find a viable buffering solution on pin u_protected_memory.u_ecc/dout[5] after 1 rounds of buffering (no solution meets design rules)
[WARNING RSZ-2005] cannot find a viable buffering solution on pin u_protected_memory.u_ecc/dout[4] after 1 rounds of buffering (no solution meets design rules)
[WARNING RSZ-2005] cannot find a viable buffering solution on pin u_protected_memory.u_ecc/dout[3] after 1 rounds of buffering (no solution meets design rules)
[WARNING RSZ-2005] cannot find a viable buffering solution on pin u_protected_memory.u_ecc/dout[2] after 1 rounds of buffering (no solution meets design rules)
[WARNING RSZ-2005] cannot find a viable buffering solution on pin u_protected_memory.u_ecc/dout[1] after 1 rounds of buffering (no solution meets design rules)
[WARNING RSZ-2005] cannot find a viable buffering solution on pin u_protected_memory.u_ecc/dout[0] after 1 rounds of buffering (no solution meets design rules)
[WARNING RSZ-2005] cannot find a viable buffering solution on pin u_protected_memory.u_data/dout[9] after 1 rounds of buffering (no solution meets design rules)
[WARNING RSZ-2005] cannot find a viable buffering solution on pin u_protected_memory.u_data/dout[8] after 1 rounds of buffering (no solution meets design rules)
[WARNING RSZ-2005] cannot find a viable buffering solution on pin u_protected_memory.u_data/dout[7] after 1 rounds of buffering (no solution meets design rules)
[WARNING RSZ-2005] cannot find a viable buffering solution on pin u_protected_memory.u_data/dout[6] after 1 rounds of buffering (no solution meets design rules)
[WARNING RSZ-2005] cannot find a viable buffering solution on pin u_protected_memory.u_data/dout[63] after 1 rounds of buffering (no solution meets design rules)
[WARNING RSZ-2005] cannot find a viable buffering solution on pin u_protected_memory.u_data/dout[62] after 1 rounds of buffering (no solution meets design rules)
[WARNING RSZ-2005] cannot find a viable buffering solution on pin u_protected_memory.u_data/dout[61] after 1 rounds of buffering (no solution meets design rules)
[WARNING RSZ-2005] cannot find a viable buffering solution on pin u_protected_memory.u_data/dout[60] after 1 rounds of buffering (no solution meets design rules)
[WARNING RSZ-2005] cannot find a viable buffering solution on pin u_protected_memory.u_data/dout[5] after 1 rounds of buffering (no solution meets design rules)
[WARNING RSZ-2005] cannot find a viable buffering solution on pin u_protected_memory.u_data/dout[59] after 1 rounds of buffering (no solution meets design rules)
[WARNING RSZ-2005] cannot find a viable buffering solution on pin u_protected_memory.u_data/dout[58] after 1 rounds of buffering (no solution meets design rules)
[WARNING RSZ-2005] cannot find a viable buffering solution on pin u_protected_memory.u_data/dout[57] after 1 rounds of buffering (no solution meets design rules)
[WARNING RSZ-2005] cannot find a viable buffering solution on pin u_protected_memory.u_data/dout[56] after 1 rounds of buffering (no solution meets design rules)
[WARNING RSZ-2005] cannot find a viable buffering solution on pin u_protected_memory.u_data/dout[55] after 1 rounds of buffering (no solution meets design rules)
[WARNING RSZ-2005] cannot find a viable buffering solution on pin u_protected_memory.u_data/dout[54] after 1 rounds of buffering (no solution meets design rules)
[WARNING RSZ-2005] cannot find a viable buffering solution on pin u_protected_memory.u_data/dout[53] after 1 rounds of buffering (no solution meets design rules)
[WARNING RSZ-2005] cannot find a viable buffering solution on pin u_protected_memory.u_data/dout[52] after 1 rounds of buffering (no solution meets design rules)
[WARNING RSZ-2005] cannot find a viable buffering solution on pin u_protected_memory.u_data/dout[51] after 1 rounds of buffering (no solution meets design rules)
[WARNING RSZ-2005] cannot find a viable buffering solution on pin u_protected_memory.u_data/dout[50] after 1 rounds of buffering (no solution meets design rules)
[WARNING RSZ-2005] cannot find a viable buffering solution on pin u_protected_memory.u_data/dout[4] after 1 rounds of buffering (no solution meets design rules)
[WARNING RSZ-2005] cannot find a viable buffering solution on pin u_protected_memory.u_data/dout[49] after 1 rounds of buffering (no solution meets design rules)
[WARNING RSZ-2005] cannot find a viable buffering solution on pin u_protected_memory.u_data/dout[48] after 1 rounds of buffering (no solution meets design rules)
[WARNING RSZ-2005] cannot find a viable buffering solution on pin u_protected_memory.u_data/dout[47] after 1 rounds of buffering (no solution meets design rules)
[WARNING RSZ-2005] cannot find a viable buffering solution on pin u_protected_memory.u_data/dout[46] after 1 rounds of buffering (no solution meets design rules)
[WARNING RSZ-2005] cannot find a viable buffering solution on pin u_protected_memory.u_data/dout[45] after 1 rounds of buffering (no solution meets design rules)
[WARNING RSZ-2005] cannot find a viable buffering solution on pin u_protected_memory.u_data/dout[44] after 1 rounds of buffering (no solution meets design rules)
[WARNING RSZ-2005] cannot find a viable buffering solution on pin u_protected_memory.u_data/dout[43] after 1 rounds of buffering (no solution meets design rules)
[WARNING RSZ-2005] cannot find a viable buffering solution on pin u_protected_memory.u_data/dout[42] after 1 rounds of buffering (no solution meets design rules)
[WARNING RSZ-2005] cannot find a viable buffering solution on pin u_protected_memory.u_data/dout[41] after 1 rounds of buffering (no solution meets design rules)
[WARNING RSZ-2005] cannot find a viable buffering solution on pin u_protected_memory.u_data/dout[40] after 1 rounds of buffering (no solution meets design rules)
[WARNING RSZ-2005] cannot find a viable buffering solution on pin u_protected_memory.u_data/dout[3] after 1 rounds of buffering (no solution meets design rules)
[WARNING RSZ-2005] cannot find a viable buffering solution on pin u_protected_memory.u_data/dout[39] after 1 rounds of buffering (no solution meets design rules)
[WARNING RSZ-2005] cannot find a viable buffering solution on pin u_protected_memory.u_data/dout[38] after 1 rounds of buffering (no solution meets design rules)
[WARNING RSZ-2005] cannot find a viable buffering solution on pin u_protected_memory.u_data/dout[37] after 1 rounds of buffering (no solution meets design rules)
[WARNING RSZ-2005] cannot find a viable buffering solution on pin u_protected_memory.u_data/dout[36] after 1 rounds of buffering (no solution meets design rules)
[WARNING RSZ-2005] cannot find a viable buffering solution on pin u_protected_memory.u_data/dout[35] after 1 rounds of buffering (no solution meets design rules)
[WARNING RSZ-2005] cannot find a viable buffering solution on pin u_protected_memory.u_data/dout[34] after 1 rounds of buffering (no solution meets design rules)
[WARNING RSZ-2005] cannot find a viable buffering solution on pin u_protected_memory.u_data/dout[33] after 1 rounds of buffering (no solution meets design rules)
[WARNING RSZ-2005] cannot find a viable buffering solution on pin u_protected_memory.u_data/dout[32] after 1 rounds of buffering (no solution meets design rules)
[WARNING RSZ-2005] cannot find a viable buffering solution on pin u_protected_memory.u_data/dout[31] after 1 rounds of buffering (no solution meets design rules)
[WARNING RSZ-2005] cannot find a viable buffering solution on pin u_protected_memory.u_data/dout[30] after 1 rounds of buffering (no solution meets design rules)
[WARNING RSZ-2005] cannot find a viable buffering solution on pin u_protected_memory.u_data/dout[2] after 1 rounds of buffering (no solution meets design rules)
[WARNING RSZ-2005] cannot find a viable buffering solution on pin u_protected_memory.u_data/dout[29] after 1 rounds of buffering (no solution meets design rules)
[WARNING RSZ-2005] cannot find a viable buffering solution on pin u_protected_memory.u_data/dout[28] after 1 rounds of buffering (no solution meets design rules)
      576 |     +0.1% |      21 |       68 |       151
[WARNING RSZ-2005] cannot find a viable buffering solution on pin u_protected_memory.u_data/dout[27] after 1 rounds of buffering (no solution meets design rules)
[WARNING RSZ-2005] cannot find a viable buffering solution on pin u_protected_memory.u_data/dout[26] after 1 rounds of buffering (no solution meets design rules)
[WARNING RSZ-2005] cannot find a viable buffering solution on pin u_protected_memory.u_data/dout[25] after 1 rounds of buffering (no solution meets design rules)
[WARNING RSZ-2005] cannot find a viable buffering solution on pin u_protected_memory.u_data/dout[24] after 1 rounds of buffering (no solution meets design rules)
[WARNING RSZ-2005] cannot find a viable buffering solution on pin u_protected_memory.u_data/dout[23] after 1 rounds of buffering (no solution meets design rules)
[WARNING RSZ-2005] cannot find a viable buffering solution on pin u_protected_memory.u_data/dout[22] after 1 rounds of buffering (no solution meets design rules)
[WARNING RSZ-2005] cannot find a viable buffering solution on pin u_protected_memory.u_data/dout[21] after 1 rounds of buffering (no solution meets design rules)
[WARNING RSZ-2005] cannot find a viable buffering solution on pin u_protected_memory.u_data/dout[20] after 1 rounds of buffering (no solution meets design rules)
[WARNING RSZ-2005] cannot find a viable buffering solution on pin u_protected_memory.u_data/dout[1] after 1 rounds of buffering (no solution meets design rules)
[WARNING RSZ-2005] cannot find a viable buffering solution on pin u_protected_memory.u_data/dout[19] after 1 rounds of buffering (no solution meets design rules)
[WARNING RSZ-2005] cannot find a viable buffering solution on pin u_protected_memory.u_data/dout[18] after 1 rounds of buffering (no solution meets design rules)
[WARNING RSZ-2005] cannot find a viable buffering solution on pin u_protected_memory.u_data/dout[17] after 1 rounds of buffering (no solution meets design rules)
[WARNING RSZ-2005] cannot find a viable buffering solution on pin u_protected_memory.u_data/dout[16] after 1 rounds of buffering (no solution meets design rules)
[WARNING RSZ-2005] cannot find a viable buffering solution on pin u_protected_memory.u_data/dout[15] after 1 rounds of buffering (no solution meets design rules)
[WARNING RSZ-2005] cannot find a viable buffering solution on pin u_protected_memory.u_data/dout[14] after 1 rounds of buffering (no solution meets design rules)
[WARNING RSZ-2005] cannot find a viable buffering solution on pin u_protected_memory.u_data/dout[13] after 1 rounds of buffering (no solution meets design rules)
[WARNING RSZ-2005] cannot find a viable buffering solution on pin u_protected_memory.u_data/dout[12] after 1 rounds of buffering (no solution meets design rules)
[WARNING RSZ-2005] cannot find a viable buffering solution on pin u_protected_memory.u_data/dout[11] after 1 rounds of buffering (no solution meets design rules)
[WARNING RSZ-2005] cannot find a viable buffering solution on pin u_protected_memory.u_data/dout[10] after 1 rounds of buffering (no solution meets design rules)
[WARNING RSZ-2005] cannot find a viable buffering solution on pin u_protected_memory.u_data/dout[0] after 1 rounds of buffering (no solution meets design rules)
      648 |     +0.1% |      21 |       70 |        79
[WARNING RSZ-2009] Skipping buffering because no valid buffering solution satisfying the design rules can be found for net connected to pin input90/X.
[WARNING RSZ-2005] cannot find a viable buffering solution on pin input90/X after 1 rounds of buffering (no solution meets design rules)
      720 |     +0.1% |      98 |      138 |         7
    final |     +0.1% |     105 |      145 |         0
-------------------------------------------------------
[INFO GPL-0106] Timing-driven: worst slack 1.5329902e-09
[INFO GPL-0107] Timing-driven: repair_design delta area: 2005.300 um^2 (+31.39%)
[INFO GPL-0108] Timing-driven: repair_design, gpl delta gcells: 270 (+40.24%)
[INFO GPL-0109] Timing-driven: repair_design, gcells created: 375, deleted: 105
[INFO GPL-0110] Timing-driven: new target density: 0.3058928
[INFO GPL-0038] Routability snapshot saved at iter = 3
        2 |   0.5907 |  8.201568e+04 |          |           |      
Iteration | Overflow |     HPWL (um) |  HPWL(%) |   Penalty | Group
---------------------------------------------------------------
       10 |   0.4804 |  7.887137e+04 |   +5.17% |  1.17e-14 |      
       20 |   0.4854 |  7.672480e+04 |   -2.72% |  1.91e-14 |      
       30 |   0.4790 |  7.619624e+04 |   -0.69% |  3.12e-14 |      
       40 |   0.4860 |  7.637405e+04 |   +0.23% |  5.08e-14 |      
       50 |   0.4759 |  7.617925e+04 |   -0.26% |  8.27e-14 |      
       60 |   0.4714 |  7.602572e+04 |   -0.20% |  1.35e-13 |      
       70 |   0.4629 |  7.609472e+04 |   +0.09% |  2.19e-13 |      
       80 |   0.4621 |  7.597565e+04 |   -0.16% |  3.57e-13 |      
       90 |   0.4663 |  7.623967e+04 |   +0.35% |  5.82e-13 |      
      100 |   0.4657 |  7.624783e+04 |   +0.01% |  9.48e-13 |      
      110 |   0.4608 |  7.620687e+04 |   -0.05% |  1.54e-12 |      
      120 |   0.4609 |  7.607524e+04 |   -0.17% |  2.52e-12 |      
      130 |   0.4630 |  7.612412e+04 |   +0.06% |  4.10e-12 |      
      140 |   0.4628 |  7.614932e+04 |   +0.03% |  6.67e-12 |      
      150 |   0.4636 |  7.610809e+04 |   -0.05% |  1.09e-11 |      
      160 |   0.4644 |  7.615061e+04 |   +0.06% |  1.77e-11 |      
      170 |   0.4703 |  7.622893e+04 |   +0.10% |  2.88e-11 |      
      180 |   0.4712 |  7.641010e+04 |   +0.24% |  4.70e-11 |      
      190 |   0.4604 |  7.644674e+04 |   +0.05% |  7.65e-11 |      
      200 |   0.4650 |  7.762145e+04 |   +1.54% |  1.25e-10 |      
      210 |   0.4362 |  7.946166e+04 |   +2.37% |  2.03e-10 |      
      220 |   0.4176 |  8.190055e+04 |   +3.07% |  3.31e-10 |      
      230 |   0.4055 |  8.356354e+04 |   +2.03% |  5.38e-10 |      
      240 |   0.4226 |  8.223742e+04 |   -1.59% |  8.77e-10 |      
      250 |   0.4257 |  8.359085e+04 |   +1.65% |  1.43e-09 |      
      260 |   0.3898 |  8.331482e+04 |   -0.33% |  2.32e-09 |      
      270 |   0.3848 |  8.169085e+04 |   -1.95% |  3.79e-09 |      
      280 |   0.3608 |  8.080005e+04 |   -1.09% |  6.16e-09 |      
      290 |   0.3322 |  7.968017e+04 |   -1.39% |  9.36e-09 |      
      300 |   0.3132 |  7.862681e+04 |   -1.32% |  1.38e-08 |      
[INFO GPL-0040] Routability iteration: 1
[INFO GPL-0041] Total routing overflow: 1.9981
[INFO GPL-0042] Number of overflowed tiles: 15 (0.11%)
[INFO GPL-0043] Average top 0.5% routing congestion: 0.9711
[INFO GPL-0044] Average top 1.0% routing congestion: 0.9390
[INFO GPL-0045] Average top 2.0% routing congestion: 0.9005
[INFO GPL-0046] Average top 5.0% routing congestion: 0.8667
[INFO GPL-0047] Routability iteration weighted routing congestion: 0.9551
[INFO GPL-0050] Weighted routing congestion is lower than target routing congestion(1.0100), end routability optimization.
[INFO GPL-0090] Routability finished. Target routing congestion achieved succesfully.
Iteration | Overflow |     HPWL (um) |  HPWL(%) |   Penalty | Group
---------------------------------------------------------------
      310 |   0.2842 |  7.797250e+04 |   -0.83% |  2.03e-08 |      
      320 |   0.2577 |  7.746261e+04 |   -0.65% |  2.99e-08 |      
      330 |   0.2178 |  7.719138e+04 |   -0.35% |  4.41e-08 |      
      340 |   0.1951 |  7.714125e+04 |   -0.06% |  6.49e-08 |      
[INFO GPL-0100] Timing-driven iteration 2/2, virtual: false.
[INFO GPL-0101]    Iter: 343, overflow: 0.189, keep resizer changes at: 1, HPWL: 77399665
Iteration |   Area    | Resized | Buffers | Nets repaired | Remaining
---------------------------------------------------------------------
        0 |     +0.0% |       0 |       0 |             0 |      1105
    final |     +0.3% |      14 |     102 |            90 |         0
---------------------------------------------------------------------
[INFO RSZ-0034] Found 90 slew violations.
[INFO RSZ-0039] Resized 14 instances.
[INFO RSZ-0038] Inserted 102 buffers in 90 nets.
   Iter   |    Area   | Removed | Inserted |   Pins
          |           | Buffers | Buffers  | Remaining
-------------------------------------------------------
        0 |     +0.0% |       0 |        0 |       727
       72 |     +0.0% |       6 |       10 |       655
      144 |     +0.0% |      21 |       39 |       583
      216 |     +0.0% |      35 |       51 |       511
      288 |     +0.1% |      42 |       61 |       439
      360 |     +0.1% |      71 |       93 |       367
      432 |     +0.1% |      72 |       97 |       295
      504 |     +0.1% |      77 |      101 |       223
[WARNING RSZ-2005] cannot find a viable buffering solution on pin u_protected_memory.u_ecc/dout[7] after 1 rounds of buffering (no solution meets design rules)
[WARNING RSZ-2005] cannot find a viable buffering solution on pin u_protected_memory.u_ecc/dout[6] after 1 rounds of buffering (no solution meets design rules)
[WARNING RSZ-2005] cannot find a viable buffering solution on pin u_protected_memory.u_ecc/dout[5] after 1 rounds of buffering (no solution meets design rules)
[WARNING RSZ-2005] cannot find a viable buffering solution on pin u_protected_memory.u_ecc/dout[4] after 1 rounds of buffering (no solution meets design rules)
[WARNING RSZ-2005] cannot find a viable buffering solution on pin u_protected_memory.u_ecc/dout[3] after 1 rounds of buffering (no solution meets design rules)
[WARNING RSZ-2005] cannot find a viable buffering solution on pin u_protected_memory.u_ecc/dout[2] after 1 rounds of buffering (no solution meets design rules)
[WARNING RSZ-2005] cannot find a viable buffering solution on pin u_protected_memory.u_ecc/dout[1] after 1 rounds of buffering (no solution meets design rules)
[WARNING RSZ-2005] cannot find a viable buffering solution on pin u_protected_memory.u_ecc/dout[0] after 1 rounds of buffering (no solution meets design rules)
[WARNING RSZ-2005] cannot find a viable buffering solution on pin u_protected_memory.u_data/dout[9] after 1 rounds of buffering (no solution meets design rules)
[WARNING RSZ-2005] cannot find a viable buffering solution on pin u_protected_memory.u_data/dout[8] after 1 rounds of buffering (no solution meets design rules)
[WARNING RSZ-2005] cannot find a viable buffering solution on pin u_protected_memory.u_data/dout[7] after 1 rounds of buffering (no solution meets design rules)
[WARNING RSZ-2005] cannot find a viable buffering solution on pin u_protected_memory.u_data/dout[6] after 1 rounds of buffering (no solution meets design rules)
[WARNING RSZ-2005] cannot find a viable buffering solution on pin u_protected_memory.u_data/dout[63] after 1 rounds of buffering (no solution meets design rules)
[WARNING RSZ-2005] cannot find a viable buffering solution on pin u_protected_memory.u_data/dout[62] after 1 rounds of buffering (no solution meets design rules)
[WARNING RSZ-2005] cannot find a viable buffering solution on pin u_protected_memory.u_data/dout[61] after 1 rounds of buffering (no solution meets design rules)
[WARNING RSZ-2005] cannot find a viable buffering solution on pin u_protected_memory.u_data/dout[60] after 1 rounds of buffering (no solution meets design rules)
[WARNING RSZ-2005] cannot find a viable buffering solution on pin u_protected_memory.u_data/dout[5] after 1 rounds of buffering (no solution meets design rules)
[WARNING RSZ-2005] cannot find a viable buffering solution on pin u_protected_memory.u_data/dout[59] after 1 rounds of buffering (no solution meets design rules)
[WARNING RSZ-2005] cannot find a viable buffering solution on pin u_protected_memory.u_data/dout[58] after 1 rounds of buffering (no solution meets design rules)
[WARNING RSZ-2005] cannot find a viable buffering solution on pin u_protected_memory.u_data/dout[57] after 1 rounds of buffering (no solution meets design rules)
[WARNING RSZ-2005] cannot find a viable buffering solution on pin u_protected_memory.u_data/dout[56] after 1 rounds of buffering (no solution meets design rules)
[WARNING RSZ-2005] cannot find a viable buffering solution on pin u_protected_memory.u_data/dout[55] after 1 rounds of buffering (no solution meets design rules)
[WARNING RSZ-2005] cannot find a viable buffering solution on pin u_protected_memory.u_data/dout[54] after 1 rounds of buffering (no solution meets design rules)
[WARNING RSZ-2005] cannot find a viable buffering solution on pin u_protected_memory.u_data/dout[53] after 1 rounds of buffering (no solution meets design rules)
[WARNING RSZ-2005] cannot find a viable buffering solution on pin u_protected_memory.u_data/dout[52] after 1 rounds of buffering (no solution meets design rules)
[WARNING RSZ-2005] cannot find a viable buffering solution on pin u_protected_memory.u_data/dout[51] after 1 rounds of buffering (no solution meets design rules)
[WARNING RSZ-2005] cannot find a viable buffering solution on pin u_protected_memory.u_data/dout[50] after 1 rounds of buffering (no solution meets design rules)
[WARNING RSZ-2005] cannot find a viable buffering solution on pin u_protected_memory.u_data/dout[4] after 1 rounds of buffering (no solution meets design rules)
[WARNING RSZ-2005] cannot find a viable buffering solution on pin u_protected_memory.u_data/dout[49] after 1 rounds of buffering (no solution meets design rules)
[WARNING RSZ-2005] cannot find a viable buffering solution on pin u_protected_memory.u_data/dout[48] after 1 rounds of buffering (no solution meets design rules)
[WARNING RSZ-2005] cannot find a viable buffering solution on pin u_protected_memory.u_data/dout[47] after 1 rounds of buffering (no solution meets design rules)
[WARNING RSZ-2005] cannot find a viable buffering solution on pin u_protected_memory.u_data/dout[46] after 1 rounds of buffering (no solution meets design rules)
[WARNING RSZ-2005] cannot find a viable buffering solution on pin u_protected_memory.u_data/dout[45] after 1 rounds of buffering (no solution meets design rules)
[WARNING RSZ-2005] cannot find a viable buffering solution on pin u_protected_memory.u_data/dout[44] after 1 rounds of buffering (no solution meets design rules)
[WARNING RSZ-2005] cannot find a viable buffering solution on pin u_protected_memory.u_data/dout[43] after 1 rounds of buffering (no solution meets design rules)
[WARNING RSZ-2005] cannot find a viable buffering solution on pin u_protected_memory.u_data/dout[42] after 1 rounds of buffering (no solution meets design rules)
[WARNING RSZ-2005] cannot find a viable buffering solution on pin u_protected_memory.u_data/dout[41] after 1 rounds of buffering (no solution meets design rules)
[WARNING RSZ-2005] cannot find a viable buffering solution on pin u_protected_memory.u_data/dout[40] after 1 rounds of buffering (no solution meets design rules)
[WARNING RSZ-2005] cannot find a viable buffering solution on pin u_protected_memory.u_data/dout[3] after 1 rounds of buffering (no solution meets design rules)
[WARNING RSZ-2005] cannot find a viable buffering solution on pin u_protected_memory.u_data/dout[39] after 1 rounds of buffering (no solution meets design rules)
[WARNING RSZ-2005] cannot find a viable buffering solution on pin u_protected_memory.u_data/dout[38] after 1 rounds of buffering (no solution meets design rules)
[WARNING RSZ-2005] cannot find a viable buffering solution on pin u_protected_memory.u_data/dout[37] after 1 rounds of buffering (no solution meets design rules)
[WARNING RSZ-2005] cannot find a viable buffering solution on pin u_protected_memory.u_data/dout[36] after 1 rounds of buffering (no solution meets design rules)
[WARNING RSZ-2005] cannot find a viable buffering solution on pin u_protected_memory.u_data/dout[35] after 1 rounds of buffering (no solution meets design rules)
[WARNING RSZ-2005] cannot find a viable buffering solution on pin u_protected_memory.u_data/dout[34] after 1 rounds of buffering (no solution meets design rules)
[WARNING RSZ-2005] cannot find a viable buffering solution on pin u_protected_memory.u_data/dout[33] after 1 rounds of buffering (no solution meets design rules)
[WARNING RSZ-2005] cannot find a viable buffering solution on pin u_protected_memory.u_data/dout[32] after 1 rounds of buffering (no solution meets design rules)
[WARNING RSZ-2005] cannot find a viable buffering solution on pin u_protected_memory.u_data/dout[31] after 1 rounds of buffering (no solution meets design rules)
[WARNING RSZ-2005] cannot find a viable buffering solution on pin u_protected_memory.u_data/dout[30] after 1 rounds of buffering (no solution meets design rules)
[WARNING RSZ-2005] cannot find a viable buffering solution on pin u_protected_memory.u_data/dout[2] after 1 rounds of buffering (no solution meets design rules)
[WARNING RSZ-2005] cannot find a viable buffering solution on pin u_protected_memory.u_data/dout[29] after 1 rounds of buffering (no solution meets design rules)
[WARNING RSZ-2005] cannot find a viable buffering solution on pin u_protected_memory.u_data/dout[28] after 1 rounds of buffering (no solution meets design rules)
      576 |     +0.1% |      79 |      103 |       151
[WARNING RSZ-2005] cannot find a viable buffering solution on pin u_protected_memory.u_data/dout[27] after 1 rounds of buffering (no solution meets design rules)
[WARNING RSZ-2005] cannot find a viable buffering solution on pin u_protected_memory.u_data/dout[26] after 1 rounds of buffering (no solution meets design rules)
[WARNING RSZ-2005] cannot find a viable buffering solution on pin u_protected_memory.u_data/dout[25] after 1 rounds of buffering (no solution meets design rules)
[WARNING RSZ-2005] cannot find a viable buffering solution on pin u_protected_memory.u_data/dout[24] after 1 rounds of buffering (no solution meets design rules)
[WARNING RSZ-2005] cannot find a viable buffering solution on pin u_protected_memory.u_data/dout[23] after 1 rounds of buffering (no solution meets design rules)
[WARNING RSZ-2005] cannot find a viable buffering solution on pin u_protected_memory.u_data/dout[22] after 1 rounds of buffering (no solution meets design rules)
[WARNING RSZ-2005] cannot find a viable buffering solution on pin u_protected_memory.u_data/dout[21] after 1 rounds of buffering (no solution meets design rules)
[WARNING RSZ-2005] cannot find a viable buffering solution on pin u_protected_memory.u_data/dout[20] after 1 rounds of buffering (no solution meets design rules)
[WARNING RSZ-2005] cannot find a viable buffering solution on pin u_protected_memory.u_data/dout[1] after 1 rounds of buffering (no solution meets design rules)
[WARNING RSZ-2005] cannot find a viable buffering solution on pin u_protected_memory.u_data/dout[19] after 1 rounds of buffering (no solution meets design rules)
[WARNING RSZ-2005] cannot find a viable buffering solution on pin u_protected_memory.u_data/dout[18] after 1 rounds of buffering (no solution meets design rules)
[WARNING RSZ-2005] cannot find a viable buffering solution on pin u_protected_memory.u_data/dout[17] after 1 rounds of buffering (no solution meets design rules)
[WARNING RSZ-2005] cannot find a viable buffering solution on pin u_protected_memory.u_data/dout[16] after 1 rounds of buffering (no solution meets design rules)
[WARNING RSZ-2005] cannot find a viable buffering solution on pin u_protected_memory.u_data/dout[15] after 1 rounds of buffering (no solution meets design rules)
[WARNING RSZ-2005] cannot find a viable buffering solution on pin u_protected_memory.u_data/dout[14] after 1 rounds of buffering (no solution meets design rules)
[WARNING RSZ-2005] cannot find a viable buffering solution on pin u_protected_memory.u_data/dout[13] after 1 rounds of buffering (no solution meets design rules)
[WARNING RSZ-2005] cannot find a viable buffering solution on pin u_protected_memory.u_data/dout[12] after 1 rounds of buffering (no solution meets design rules)
[WARNING RSZ-2005] cannot find a viable buffering solution on pin u_protected_memory.u_data/dout[11] after 1 rounds of buffering (no solution meets design rules)
[WARNING RSZ-2005] cannot find a viable buffering solution on pin u_protected_memory.u_data/dout[10] after 1 rounds of buffering (no solution meets design rules)
[WARNING RSZ-2005] cannot find a viable buffering solution on pin u_protected_memory.u_data/dout[0] after 1 rounds of buffering (no solution meets design rules)
      648 |     +0.1% |      81 |      103 |        79
[WARNING RSZ-2009] Skipping buffering because no valid buffering solution satisfying the design rules can be found for net connected to pin input90/X.
[WARNING RSZ-2005] cannot find a viable buffering solution on pin input90/X after 1 rounds of buffering (no solution meets design rules)
      720 |     +0.1% |     150 |      179 |         7
    final |     +0.1% |     157 |      186 |         0
-------------------------------------------------------
[INFO GPL-0106] Timing-driven: worst slack 8.6456575e-10
[INFO GPL-0107] Timing-driven: repair_design delta area: 1080.587 um^2 (+12.87%)
[INFO GPL-0108] Timing-driven: repair_design, gpl delta gcells: 131 (+13.92%)
[INFO GPL-0109] Timing-driven: repair_design, gcells created: 288, deleted: 157
[INFO GPL-0110] Timing-driven: new target density: 0.3090682
Iteration | Overflow |     HPWL (um) |  HPWL(%) |   Penalty | Group
---------------------------------------------------------------
      350 |   0.1678 |  7.906394e+04 |   +2.49% |  9.56e-08 |      
      360 |   0.1538 |  7.834160e+04 |   -0.91% |  1.41e-07 |      
      370 |   0.1306 |  7.790262e+04 |   -0.56% |  2.07e-07 |      
      380 |   0.1121 |  7.774857e+04 |   -0.20% |  3.06e-07 |      
      387 |   0.0993 |  7.768852e+04 |          |  4.17e-07 |      
---------------------------------------------------------------
[INFO GPL-1001] Global placement finished at iteration 387
[INFO GPL-1017] Routability mode iteration count: 302
[INFO GPL-1005] Routability final weighted congestion: 0.9182
[INFO GPL-1002] Placed Cell Area             9475.0062
[INFO GPL-1003] Available Free Area         340297.6224
[INFO GPL-1004] Minimum Feasible Density        0.0200 (cell_area / free_area)
[INFO GPL-1006]   Suggested Target Densities:
[INFO GPL-1007]     - For 90% usage of free space: 0.0309
[INFO GPL-1008]     - For 80% usage of free space: 0.0348
[INFO GPL-1009]     - For 50% usage of free space: 0.0557
[INFO GPL-1011] Original area (um^2): 6389.12
[INFO GPL-1012] Total routability artificial inflation: 0.00 (+0.00%)
[INFO GPL-1013] Total timing-driven delta area: 3085.89 (+48.30%)
[INFO GPL-1014] Final placement area: 9475.01 (+48.30%)
estimate_parasitics -placement
Report metrics stage 3, global place...

==========================================================================
global place report_design_area
--------------------------------------------------------------------------
Design area 275445 um^2 45% utilization.
write_db /work/campaigns/iscas_sustainability_extension/memory_compiler/gate3_attempt07_sram22_matched_physical_closure/raw/openroad/work/results/sky130hd/attempt07_e0/seed11/3_3_place_gp.odb
Elapsed time: 0:06.82[h:]min:sec. CPU time: user 10.86 sys 0.87 (171%). Peak memory: 289360KB.
Log                       Ext     Elapsed/s Peak Memory/MB sha1sum result [0:20)
3_3_place_gp              .odb            6            282 527eefb94e9c816fe095
cp /work/campaigns/iscas_sustainability_extension/memory_compiler/gate3_attempt07_sram22_matched_physical_closure/openroad/e0/constraint.sdc /work/campaigns/iscas_sustainability_extension/memory_compiler/gate3_attempt07_sram22_matched_physical_closure/raw/openroad/work/results/sky130hd/attempt07_e0/seed11/1_2_yosys.sdc
touch -r /work/campaigns/iscas_sustainability_extension/memory_compiler/gate3_attempt07_sram22_matched_physical_closure/openroad/e0/constraint.sdc /work/campaigns/iscas_sustainability_extension/memory_compiler/gate3_attempt07_sram22_matched_physical_closure/raw/openroad/work/results/sky130hd/attempt07_e0/seed11/1_2_yosys.sdc
/OpenROAD-flow-scripts/flow/scripts/flow.sh 3_5_place_dp detail_place
Running detail_place.tcl, stage 3_5_place_dp
read_liberty /OpenROAD-flow-scripts/flow/platforms/sky130hd/lib/sky130_fd_sc_hd__tt_025C_1v80.lib
read_liberty /work/campaigns/iscas_sustainability_extension/memory_compiler/gate3_attempt07_sram22_matched_physical_closure/source_checkout/sram22_256x64m4w8/sram22_256x64m4w8_tt_025C_1v80.lib
read_liberty /work/campaigns/iscas_sustainability_extension/memory_compiler/gate3_attempt07_sram22_matched_physical_closure/source_checkout/sram22_256x8m8w1/sram22_256x8m8w1_tt_025C_1v80.lib
read_db /work/campaigns/iscas_sustainability_extension/memory_compiler/gate3_attempt07_sram22_matched_physical_closure/raw/openroad/work/results/sky130hd/attempt07_e0/seed11/3_4_place_resized.odb
read_sdc /work/campaigns/iscas_sustainability_extension/memory_compiler/gate3_attempt07_sram22_matched_physical_closure/raw/openroad/work/results/sky130hd/attempt07_e0/seed11/2_floorplan.sdc
source /OpenROAD-flow-scripts/flow/platforms/sky130hd/setRC.tcl
detailed_placement
[INFO DPL-0006] Core area: 615627.94 um^2
[INFO DPL-0007] Movable instances area: 9185.06 um^2
[INFO DPL-0008] Fixed instances area within core: 266259.75 um^2
[INFO DPL-0009] Utilization: 44.7%
[INFO DPL-0005] Diamond search max displacement: +/- 500 sites horizontally, +/- 100 rows vertically.
[INFO DPL-1102] Legalizing using negotiation legalizer.
[INFO DPL-1103] Negotiation base search window: +/-20 sites horizontally, +/-5 rows vertically 
	Automatic search window extension enabled.
	Search window extendable up to the max displacement cap of +/-500 sites, +/-100 rows near walls.
[INFO DPL-1104] NegotiationLegalizer DRC penalty: 5.
[INFO DPL-0392] Negotiation cell height distribution (3 unique row-count(s)):
[INFO DPL-0393]   height 1 row(s): 5810 cells
[INFO DPL-0393]   height 83 row(s): 1 cells
[INFO DPL-0393]   height 108 row(s): 1 cells
          |      Total |  Illegal |  Illegal
Iteration | Violations |    Cells |    Sites
---------------------------------------------
        0 |          0 |         0 |         0
Negotiation phase 1 converged at iteration 0.
[INFO DPL-0500] Runtime: 0.10s
Placement Analysis
---------------------------------
total displacement       2539.8 u
average displacement        0.4 u
max displacement           14.9 u
original HPWL           77706.0 u
legalized HPWL          78338.4 u
delta HPWL                    1 %

improve_placement -max_displacement "5 1"
Detailed placement improvement.
[INFO DPL-0401] Setting random seed to 1.
[INFO DPL-0402] Setting maximum displacement 5 1 to 13600 2720 units.
[INFO DPL-0320] Collected 5077 fixed cells.
[INFO DPL-0318] Collected 1072 single height cells.
[INFO DPL-0321] Collected 0 wide cells.
[INFO DPL-0322] Image (10120, 10880) - (989920, 639200)
[INFO DPL-0310] Assigned 1072 cells into segments.  Movement in X-direction is 0.000000, movement in Y-direction is 0.000000.
[INFO DPL-0313] Found 0 cells in wrong regions.
[INFO DPL-0315] Found 0 row alignment problems.
[INFO DPL-0314] Found 0 site alignment problems.
[INFO DPL-0311] Found 0 overlaps between adjacent cells.
[INFO DPL-0312] Found 0 edge spacing violations and 0 padding violations.
[INFO DPL-0303] Running algorithm for independent set matching.
[INFO DPL-0300] Set matching objective is wirelength.
[INFO DPL-0301] Pass   1 of matching; objective is 7.828634e+07.
[INFO DPL-0302] End of matching; objective is 7.825265e+07, improvement is 0.04 percent.
[INFO DPL-0303] Running algorithm for global swaps.
[INFO DPL-0306] Pass   1 of global swaps; hpwl is 7.749015e+07.
[INFO DPL-0307] End of global swaps; objective is 7.749015e+07, improvement is 0.97 percent.
[INFO DPL-0303] Running algorithm for vertical swaps.
[INFO DPL-0308] Pass   1 of vertical swaps; hpwl is 7.732834e+07.
[INFO DPL-0309] End of vertical swaps; objective is 7.732834e+07, improvement is 0.21 percent.
[INFO DPL-0303] Running algorithm for reordering.
[INFO DPL-0304] Pass   1 of reordering; objective is 7.730656e+07.
[INFO DPL-0305] End of reordering; objective is 7.730656e+07, improvement is 0.03 percent.
[INFO DPL-0303] Running algorithm for random improvement.
[INFO DPL-0324] Random improver is using random generator.
[INFO DPL-0325] Random improver is using hpwl objective.
[INFO DPL-0326] Random improver cost string is (a).
[INFO DPL-0332] End of pass, Generator random called 21440 times.
[INFO DPL-0335] Generator random, Cumulative attempts 21440, swaps 1175, moves  9983 since last reset.
[INFO DPL-0333] End of pass, Objective hpwl, Initial cost 7.730656e+07, Scratch cost 7.673650e+07, Incremental cost 7.673650e+07, Mismatch? N
[INFO DPL-0338] End of pass, Total cost is 7.673650e+07.
[INFO DPL-0327] Pass   1 of random improver; improvement in cost is 0.74 percent.
[INFO DPL-0328] End of random improver; improvement is 0.737393 percent.
[INFO DPL-0380] Cell flipping.
[INFO DPL-0382] Changed 0 cell orientations for row compatibility.
[INFO DPL-0383] Performed 359 cell flips.
[INFO DPL-0384] End of flipping; objective is 7.591313e+07, improvement is 1.07 percent.
[INFO DPL-0313] Found 0 cells in wrong regions.
[INFO DPL-0315] Found 0 row alignment problems.
[INFO DPL-0314] Found 0 site alignment problems.
[INFO DPL-0311] Found 0 overlaps between adjacent cells.
[INFO DPL-0312] Found 0 edge spacing violations and 0 padding violations.
Detailed Improvement Results
------------------------------------------
Original HPWL            78338.4 u (   27930.3,    50408.1)
Final HPWL               75973.5 u (   26275.1,    49698.4)
Delta HPWL                  -3.0 % (      -5.9,       -1.4)

optimize_mirroring
[INFO DPL-0020] Mirrored 45 instances
[INFO DPL-0021] HPWL before           75973.5 u
[INFO DPL-0022] HPWL after            75957.6 u
[INFO DPL-0023] HPWL delta               -0.0 %
[INFO FLW-0012] Placement violations .
estimate_parasitics -placement
Report metrics stage 3, detailed place...

==========================================================================
detailed place report_design_area
--------------------------------------------------------------------------
Design area 275445 um^2 45% utilization.
write_db /work/campaigns/iscas_sustainability_extension/memory_compiler/gate3_attempt07_sram22_matched_physical_closure/raw/openroad/work/results/sky130hd/attempt07_e0/seed11/3_5_place_dp.odb
write_sdc -no_timestamp /work/campaigns/iscas_sustainability_extension/memory_compiler/gate3_attempt07_sram22_matched_physical_closure/raw/openroad/work/results/sky130hd/attempt07_e0/seed11/3_place.sdc
Elapsed time: 0:05.76[h:]min:sec. CPU time: user 1.69 sys 0.47 (37%). Peak memory: 166940KB.
Log                       Ext     Elapsed/s Peak Memory/MB sha1sum result [0:20)
3_5_place_dp              .odb            5            163 65169d9d4c14f260e2e6
cp /work/campaigns/iscas_sustainability_extension/memory_compiler/gate3_attempt07_sram22_matched_physical_closure/raw/openroad/work/results/sky130hd/attempt07_e0/seed11/3_5_place_dp.odb /work/campaigns/iscas_sustainability_extension/memory_compiler/gate3_attempt07_sram22_matched_physical_closure/raw/openroad/work/results/sky130hd/attempt07_e0/seed11/3_place.odb
/OpenROAD-flow-scripts/flow/scripts/flow.sh 4_1_cts cts
Running cts.tcl, stage 4_1_cts
read_liberty /OpenROAD-flow-scripts/flow/platforms/sky130hd/lib/sky130_fd_sc_hd__tt_025C_1v80.lib
read_liberty /work/campaigns/iscas_sustainability_extension/memory_compiler/gate3_attempt07_sram22_matched_physical_closure/source_checkout/sram22_256x64m4w8/sram22_256x64m4w8_tt_025C_1v80.lib
read_liberty /work/campaigns/iscas_sustainability_extension/memory_compiler/gate3_attempt07_sram22_matched_physical_closure/source_checkout/sram22_256x8m8w1/sram22_256x8m8w1_tt_025C_1v80.lib
read_db /work/campaigns/iscas_sustainability_extension/memory_compiler/gate3_attempt07_sram22_matched_physical_closure/raw/openroad/work/results/sky130hd/attempt07_e0/seed11/3_place.odb
read_sdc /work/campaigns/iscas_sustainability_extension/memory_compiler/gate3_attempt07_sram22_matched_physical_closure/raw/openroad/work/results/sky130hd/attempt07_e0/seed11/3_place.sdc
source /OpenROAD-flow-scripts/flow/platforms/sky130hd/setRC.tcl
clock_tree_synthesis -sink_clustering_enable -repair_clock_nets
[INFO CTS-0050] Root buffer is sky130_fd_sc_hd__clkbuf_16.
[INFO CTS-0051] Sink buffer is sky130_fd_sc_hd__clkbuf_16.
[INFO CTS-0052] The following clock buffers will be used for CTS:
                    sky130_fd_sc_hd__clkbuf_16
[INFO CTS-0049] Characterization buffer is sky130_fd_sc_hd__clkbuf_16.
[INFO CTS-0007] Net "clk" found for clock "core_clk".
[INFO CTS-0010]  Clock net "clk" has 2 sinks.
[INFO CTS-0008] TritonCTS found 1 clock nets.
[INFO CTS-0097] Characterization used 1 buffer(s) types.
[INFO CTS-0201] 2 blockages from hard placement blockages and placed macros will be used.
[INFO CTS-0027] Generating H-Tree topology for net clk.
[INFO CTS-0028]  Total number of sinks: 2.
[INFO CTS-0090]  Sinks will be clustered based on buffer max cap.
[INFO CTS-0030]  Number of static layers: 0.
[INFO CTS-0020]  Wire segment unit: 13600  dbu (13 um).
[INFO CTS-0023]  Original sink region: [(154080, 322710), (290080, 383000)].
[INFO CTS-0024]  Normalized sink region: [(11.3294, 23.7287), (21.3294, 28.1618)].
[INFO CTS-0025]     Width:  10.0000.
[INFO CTS-0026]     Height: 4.4331.
 Level 1
    Direction: Horizontal
    Sinks per sub-region: 1
    Sub-region size: 5.0000 X 4.4331
[INFO CTS-0034]     Segment length (rounded): 2.
[INFO CTS-0038]  Stop criterion found. Sink region hpwl is smaller than max wirelength (1911.535 um) and max number of sinks is 15.
[INFO CTS-0035]  Number of sinks covered: 2.
[INFO CTS-0018]     Created 3 clock buffers.
[INFO CTS-0012]     Minimum number of buffers in the clock path: 2.
[INFO CTS-0013]     Maximum number of buffers in the clock path: 2.
[INFO CTS-0015]     Created 3 clock nets.
[INFO CTS-0016]     Fanout distribution for the current clock = 1:2..
[INFO CTS-0017]     Max level of the clock tree: 1.
[INFO CTS-0098] Clock net "clk"
[INFO CTS-0099]  Sinks 3
[INFO CTS-0100]  Leaf buffers 0
[INFO CTS-0101]  Average sink wire length 407.33 um
[INFO CTS-0102]  Path depth 2 - 2
[INFO CTS-0207]  Dummy loads inserted 1
[INFO CTS-0500] Runtime: 1.57s
estimate_parasitics -placement
Report metrics stage 4, cts pre-repair-timing...

==========================================================================
cts pre-repair-timing report_design_area
--------------------------------------------------------------------------
Design area 275550 um^2 45% utilization.
detailed_placement
[INFO DPL-0006] Core area: 615627.94 um^2
[INFO DPL-0007] Movable instances area: 9290.16 um^2
[INFO DPL-0008] Fixed instances area within core: 266259.75 um^2
[INFO DPL-0009] Utilization: 44.8%
[INFO DPL-0005] Diamond search max displacement: +/- 500 sites horizontally, +/- 100 rows vertically.
[INFO DPL-1102] Legalizing using negotiation legalizer.
[INFO DPL-1103] Negotiation base search window: +/-20 sites horizontally, +/-5 rows vertically 
	Automatic search window extension enabled.
	Search window extendable up to the max displacement cap of +/-500 sites, +/-100 rows near walls.
[INFO DPL-1104] NegotiationLegalizer DRC penalty: 5.
[INFO DPL-0392] Negotiation cell height distribution (3 unique row-count(s)):
[INFO DPL-0393]   height 1 row(s): 5814 cells
[INFO DPL-0393]   height 83 row(s): 1 cells
[INFO DPL-0393]   height 108 row(s): 1 cells
          |      Total |  Illegal |  Illegal
Iteration | Violations |    Cells |    Sites
---------------------------------------------
        0 |          0 |         0 |         0
Negotiation phase 1 converged at iteration 0.
[INFO DPL-0500] Runtime: 0.05s
Placement Analysis
---------------------------------
total displacement       1191.7 u
average displacement        0.2 u
max displacement           10.1 u
original HPWL           76022.5 u
legalized HPWL          76890.7 u
delta HPWL                    1 %

estimate_parasitics -placement
repair_timing -setup_margin 0 -hold_margin 0 -repair_tns 100 -match_cell_footprint -verbose
[INFO RSZ-0100] Repair move sequence: UnbufferMove SizeUpMove SwapPinsMove BufferMove CloneMove SplitLoadMove 
[INFO RSZ-0098] No setup violations found
[INFO RSZ-0505] Runtime: 0.17s
[INFO RSZ-0046] Found 2 endpoints with hold violations.
Iteration | Resized | Buffers | Cloned Gates |   Area   |   WNS   |   TNS   | Endpoint
--------------------------------------------------------------------------------------
        0 |       0 |       0 |            0 |    +0.0% |  -4.561 |  -8.869 | u_protected_memory.u_data/rstb
    final |       1 |       9 |            0 |    +0.0% |   0.014 |   0.000 | u_protected_memory.u_data/din[60]
--------------------------------------------------------------------------------------
[INFO RSZ-0132] Resized 1 instances.
[INFO RSZ-0032] Inserted 9 hold buffers.
[INFO RSZ-0506] Runtime: 0.03s
detailed_placement
[INFO DPL-0006] Core area: 615627.94 um^2
[INFO DPL-0007] Movable instances area: 9397.76 um^2
[INFO DPL-0008] Fixed instances area within core: 266259.75 um^2
[INFO DPL-0009] Utilization: 44.8%
[INFO DPL-0005] Diamond search max displacement: +/- 500 sites horizontally, +/- 100 rows vertically.
[INFO DPL-1102] Legalizing using negotiation legalizer.
[INFO DPL-1103] Negotiation base search window: +/-20 sites horizontally, +/-5 rows vertically 
	Automatic search window extension enabled.
	Search window extendable up to the max displacement cap of +/-500 sites, +/-100 rows near walls.
[INFO DPL-1104] NegotiationLegalizer DRC penalty: 5.
[INFO DPL-0392] Negotiation cell height distribution (3 unique row-count(s)):
[INFO DPL-0393]   height 1 row(s): 5823 cells
[INFO DPL-0393]   height 83 row(s): 1 cells
[INFO DPL-0393]   height 108 row(s): 1 cells
          |      Total |  Illegal |  Illegal
Iteration | Violations |    Cells |    Sites
---------------------------------------------
        0 |          0 |         0 |         0
Negotiation phase 1 converged at iteration 0.
[INFO DPL-0500] Runtime: 0.06s
Placement Analysis
---------------------------------
total displacement        138.4 u
average displacement        0.0 u
max displacement           43.7 u
original HPWL           76946.8 u
legalized HPWL          77027.3 u
delta HPWL                    0 %

Report metrics stage 4, cts final...

==========================================================================
cts final report_design_area
--------------------------------------------------------------------------
Design area 275658 um^2 45% utilization.
write_db /work/campaigns/iscas_sustainability_extension/memory_compiler/gate3_attempt07_sram22_matched_physical_closure/raw/openroad/work/results/sky130hd/attempt07_e0/seed11/4_1_cts.odb
write_sdc -no_timestamp /work/campaigns/iscas_sustainability_extension/memory_compiler/gate3_attempt07_sram22_matched_physical_closure/raw/openroad/work/results/sky130hd/attempt07_e0/seed11/4_cts.sdc
Elapsed time: 0:11.00[h:]min:sec. CPU time: user 3.83 sys 0.79 (41%). Peak memory: 183992KB.
Log                       Ext     Elapsed/s Peak Memory/MB sha1sum result [0:20)
4_1_cts                   .odb           11            179 4f21ecce61fdbeba41fb
cp /work/campaigns/iscas_sustainability_extension/memory_compiler/gate3_attempt07_sram22_matched_physical_closure/raw/openroad/work/results/sky130hd/attempt07_e0/seed11/4_1_cts.odb /work/campaigns/iscas_sustainability_extension/memory_compiler/gate3_attempt07_sram22_matched_physical_closure/raw/openroad/work/results/sky130hd/attempt07_e0/seed11/4_cts.odb
/OpenROAD-flow-scripts/flow/scripts/flow.sh 5_1_grt global_route
Running global_route.tcl, stage 5_1_grt
read_liberty /OpenROAD-flow-scripts/flow/platforms/sky130hd/lib/sky130_fd_sc_hd__tt_025C_1v80.lib
read_liberty /work/campaigns/iscas_sustainability_extension/memory_compiler/gate3_attempt07_sram22_matched_physical_closure/source_checkout/sram22_256x64m4w8/sram22_256x64m4w8_tt_025C_1v80.lib
read_liberty /work/campaigns/iscas_sustainability_extension/memory_compiler/gate3_attempt07_sram22_matched_physical_closure/source_checkout/sram22_256x8m8w1/sram22_256x8m8w1_tt_025C_1v80.lib
read_db /work/campaigns/iscas_sustainability_extension/memory_compiler/gate3_attempt07_sram22_matched_physical_closure/raw/openroad/work/results/sky130hd/attempt07_e0/seed11/4_cts.odb
read_sdc /work/campaigns/iscas_sustainability_extension/memory_compiler/gate3_attempt07_sram22_matched_physical_closure/raw/openroad/work/results/sky130hd/attempt07_e0/seed11/4_cts.sdc
source /OpenROAD-flow-scripts/flow/platforms/sky130hd/setRC.tcl
pin_access
[INFO DRT-0149] Reading tech and libs.
[WARNING DRT-0349] LEF58_ENCLOSURE with no CUTCLASS is not supported. Skipping for layer mcon
[WARNING DRT-0349] LEF58_ENCLOSURE with no CUTCLASS is not supported. Skipping for layer mcon
[WARNING DRT-0349] LEF58_ENCLOSURE with no CUTCLASS is not supported. Skipping for layer via
[WARNING DRT-0349] LEF58_ENCLOSURE with no CUTCLASS is not supported. Skipping for layer via
[WARNING DRT-0349] LEF58_ENCLOSURE with no CUTCLASS is not supported. Skipping for layer via2
[WARNING DRT-0349] LEF58_ENCLOSURE with no CUTCLASS is not supported. Skipping for layer via2
[WARNING DRT-0349] LEF58_ENCLOSURE with no CUTCLASS is not supported. Skipping for layer via3
[WARNING DRT-0349] LEF58_ENCLOSURE with no CUTCLASS is not supported. Skipping for layer via3
[WARNING DRT-0349] LEF58_ENCLOSURE with no CUTCLASS is not supported. Skipping for layer via4
[WARNING DRT-0349] LEF58_ENCLOSURE with no CUTCLASS is not supported. Skipping for layer via4

Units:                1000
Number of layers:     13
Number of macros:     443
Number of vias:       130
Number of viarulegen: 25

[INFO DRT-0150] Reading design.

Design:                   e0_sram22_top
Die area:                 ( 0 0 ) ( 1000000 650000 )
Number of track patterns: 12
Number of DEF vias:       0
Number of components:     5825
Number of terminals:      144
Number of snets:          2
Number of nets:           1232

[WARNING DRT-0419] No routing tracks pass through the center of Term u_protected_memory.u_data/dout[0]
[WARNING DRT-0419] No routing tracks pass through the center of Term u_protected_memory.u_data/dout[1]
[WARNING DRT-0419] No routing tracks pass through the center of Term u_protected_memory.u_data/dout[2]
[WARNING DRT-0419] No routing tracks pass through the center of Term u_protected_memory.u_data/dout[3]
[WARNING DRT-0419] No routing tracks pass through the center of Term u_protected_memory.u_data/dout[4]
[WARNING DRT-0419] No routing tracks pass through the center of Term u_protected_memory.u_data/dout[5]
[WARNING DRT-0419] No routing tracks pass through the center of Term u_protected_memory.u_data/dout[6]
[WARNING DRT-0419] No routing tracks pass through the center of Term u_protected_memory.u_data/dout[7]
[WARNING DRT-0419] No routing tracks pass through the center of Term u_protected_memory.u_data/dout[8]
[WARNING DRT-0419] No routing tracks pass through the center of Term u_protected_memory.u_data/dout[9]
[WARNING DRT-0419] No routing tracks pass through the center of Term u_protected_memory.u_data/dout[10]
[WARNING DRT-0419] No routing tracks pass through the center of Term u_protected_memory.u_data/dout[11]
[WARNING DRT-0419] No routing tracks pass through the center of Term u_protected_memory.u_data/dout[12]
[WARNING DRT-0419] No routing tracks pass through the center of Term u_protected_memory.u_data/dout[13]
[WARNING DRT-0419] No routing tracks pass through the center of Term u_protected_memory.u_data/dout[14]
[WARNING DRT-0419] No routing tracks pass through the center of Term u_protected_memory.u_data/dout[15]
[WARNING DRT-0419] No routing tracks pass through the center of Term u_protected_memory.u_data/dout[16]
[WARNING DRT-0419] No routing tracks pass through the center of Term u_protected_memory.u_data/dout[17]
[WARNING DRT-0419] No routing tracks pass through the center of Term u_protected_memory.u_data/dout[18]
[WARNING DRT-0419] No routing tracks pass through the center of Term u_protected_memory.u_data/dout[19]
[WARNING DRT-0419] No routing tracks pass through the center of Term u_protected_memory.u_data/dout[20]
[WARNING DRT-0419] No routing tracks pass through the center of Term u_protected_memory.u_data/dout[21]
[WARNING DRT-0419] No routing tracks pass through the center of Term u_protected_memory.u_data/dout[22]
[WARNING DRT-0419] No routing tracks pass through the center of Term u_protected_memory.u_data/dout[23]
[WARNING DRT-0419] No routing tracks pass through the center of Term u_protected_memory.u_data/dout[24]
[WARNING DRT-0419] No routing tracks pass through the center of Term u_protected_memory.u_data/dout[25]
[WARNING DRT-0419] No routing tracks pass through the center of Term u_protected_memory.u_data/dout[26]
[WARNING DRT-0419] No routing tracks pass through the center of Term u_protected_memory.u_data/dout[27]
[WARNING DRT-0419] No routing tracks pass through the center of Term u_protected_memory.u_data/dout[28]
[WARNING DRT-0419] No routing tracks pass through the center of Term u_protected_memory.u_data/dout[29]
[WARNING DRT-0419] No routing tracks pass through the center of Term u_protected_memory.u_data/dout[30]
[WARNING DRT-0419] No routing tracks pass through the center of Term u_protected_memory.u_data/dout[31]
[WARNING DRT-0419] No routing tracks pass through the center of Term u_protected_memory.u_data/dout[32]
[WARNING DRT-0419] No routing tracks pass through the center of Term u_protected_memory.u_data/dout[33]
[WARNING DRT-0419] No routing tracks pass through the center of Term u_protected_memory.u_data/dout[34]
[WARNING DRT-0419] No routing tracks pass through the center of Term u_protected_memory.u_data/dout[35]
[WARNING DRT-0419] No routing tracks pass through the center of Term u_protected_memory.u_data/dout[36]
[WARNING DRT-0419] No routing tracks pass through the center of Term u_protected_memory.u_data/dout[37]
[WARNING DRT-0419] No routing tracks pass through the center of Term u_protected_memory.u_data/dout[38]
[WARNING DRT-0419] No routing tracks pass through the center of Term u_protected_memory.u_data/dout[39]
[WARNING DRT-0419] No routing tracks pass through the center of Term u_protected_memory.u_data/dout[40]
[WARNING DRT-0419] No routing tracks pass through the center of Term u_protected_memory.u_data/dout[41]
[WARNING DRT-0419] No routing tracks pass through the center of Term u_protected_memory.u_data/dout[42]
[WARNING DRT-0419] No routing tracks pass through the center of Term u_protected_memory.u_data/dout[43]
[WARNING DRT-0419] No routing tracks pass through the center of Term u_protected_memory.u_data/dout[44]
[WARNING DRT-0419] No routing tracks pass through the center of Term u_protected_memory.u_data/dout[45]
[WARNING DRT-0419] No routing tracks pass through the center of Term u_protected_memory.u_data/dout[46]
[WARNING DRT-0419] No routing tracks pass through the center of Term u_protected_memory.u_data/dout[47]
[WARNING DRT-0419] No routing tracks pass through the center of Term u_protected_memory.u_data/dout[48]
[WARNING DRT-0419] No routing tracks pass through the center of Term u_protected_memory.u_data/dout[49]
[WARNING DRT-0419] No routing tracks pass through the center of Term u_protected_memory.u_data/dout[50]
[WARNING DRT-0419] No routing tracks pass through the center of Term u_protected_memory.u_data/dout[51]
[WARNING DRT-0419] No routing tracks pass through the center of Term u_protected_memory.u_data/dout[52]
[WARNING DRT-0419] No routing tracks pass through the center of Term u_protected_memory.u_data/dout[53]
[WARNING DRT-0419] No routing tracks pass through the center of Term u_protected_memory.u_data/dout[54]
[WARNING DRT-0419] No routing tracks pass through the center of Term u_protected_memory.u_data/dout[55]
[WARNING DRT-0419] No routing tracks pass through the center of Term u_protected_memory.u_data/dout[56]
[WARNING DRT-0419] No routing tracks pass through the center of Term u_protected_memory.u_data/dout[57]
[WARNING DRT-0419] No routing tracks pass through the center of Term u_protected_memory.u_data/dout[58]
[WARNING DRT-0419] No routing tracks pass through the center of Term u_protected_memory.u_data/dout[59]
[WARNING DRT-0419] No routing tracks pass through the center of Term u_protected_memory.u_data/dout[60]
[WARNING DRT-0419] No routing tracks pass through the center of Term u_protected_memory.u_data/dout[61]
[WARNING DRT-0419] No routing tracks pass through the center of Term u_protected_memory.u_data/dout[62]
[WARNING DRT-0419] No routing tracks pass through the center of Term u_protected_memory.u_data/dout[63]
[WARNING DRT-0419] No routing tracks pass through the center of Term u_protected_memory.u_data/din[0]
[WARNING DRT-0419] No routing tracks pass through the center of Term u_protected_memory.u_data/din[1]
[WARNING DRT-0419] No routing tracks pass through the center of Term u_protected_memory.u_data/din[2]
[WARNING DRT-0419] No routing tracks pass through the center of Term u_protected_memory.u_data/din[3]
[WARNING DRT-0419] No routing tracks pass through the center of Term u_protected_memory.u_data/din[4]
[WARNING DRT-0419] No routing tracks pass through the center of Term u_protected_memory.u_data/din[5]
[WARNING DRT-0419] No routing tracks pass through the center of Term u_protected_memory.u_data/din[6]
[WARNING DRT-0419] No routing tracks pass through the center of Term u_protected_memory.u_data/din[7]
[WARNING DRT-0419] No routing tracks pass through the center of Term u_protected_memory.u_data/din[8]
[WARNING DRT-0419] No routing tracks pass through the center of Term u_protected_memory.u_data/din[9]
[WARNING DRT-0419] No routing tracks pass through the center of Term u_protected_memory.u_data/din[10]
[WARNING DRT-0419] No routing tracks pass through the center of Term u_protected_memory.u_data/din[11]
[WARNING DRT-0419] No routing tracks pass through the center of Term u_protected_memory.u_data/din[12]
[WARNING DRT-0419] No routing tracks pass through the center of Term u_protected_memory.u_data/din[13]
[WARNING DRT-0419] No routing tracks pass through the center of Term u_protected_memory.u_data/din[14]
[WARNING DRT-0419] No routing tracks pass through the center of Term u_protected_memory.u_data/din[15]
[WARNING DRT-0419] No routing tracks pass through the center of Term u_protected_memory.u_data/din[16]
[WARNING DRT-0419] No routing tracks pass through the center of Term u_protected_memory.u_data/din[17]
[WARNING DRT-0419] No routing tracks pass through the center of Term u_protected_memory.u_data/din[18]
[WARNING DRT-0419] No routing tracks pass through the center of Term u_protected_memory.u_data/din[19]
[WARNING DRT-0419] No routing tracks pass through the center of Term u_protected_memory.u_data/din[20]
[WARNING DRT-0419] No routing tracks pass through the center of Term u_protected_memory.u_data/din[21]
[WARNING DRT-0419] No routing tracks pass through the center of Term u_protected_memory.u_data/din[22]
[WARNING DRT-0419] No routing tracks pass through the center of Term u_protected_memory.u_data/din[23]
[WARNING DRT-0419] No routing tracks pass through the center of Term u_protected_memory.u_data/din[24]
[WARNING DRT-0419] No routing tracks pass through the center of Term u_protected_memory.u_data/din[25]
[WARNING DRT-0419] No routing tracks pass through the center of Term u_protected_memory.u_data/din[26]
[WARNING DRT-0419] No routing tracks pass through the center of Term u_protected_memory.u_data/din[27]
[WARNING DRT-0419] No routing tracks pass through the center of Term u_protected_memory.u_data/din[28]
[WARNING DRT-0419] No routing tracks pass through the center of Term u_protected_memory.u_data/din[29]
[WARNING DRT-0419] No routing tracks pass through the center of Term u_protected_memory.u_data/din[30]
[WARNING DRT-0419] No routing tracks pass through the center of Term u_protected_memory.u_data/din[31]
[WARNING DRT-0419] No routing tracks pass through the center of Term u_protected_memory.u_data/din[32]
[WARNING DRT-0419] No routing tracks pass through the center of Term u_protected_memory.u_data/din[33]
[WARNING DRT-0419] No routing tracks pass through the center of Term u_protected_memory.u_data/din[34]
[WARNING DRT-0419] No routing tracks pass through the center of Term u_protected_memory.u_data/din[35]
[WARNING DRT-0419] No routing tracks pass through the center of Term u_protected_memory.u_data/din[36]
[WARNING DRT-0419] No routing tracks pass through the center of Term u_protected_memory.u_data/din[37]
[WARNING DRT-0419] No routing tracks pass through the center of Term u_protected_memory.u_data/din[38]
[WARNING DRT-0419] No routing tracks pass through the center of Term u_protected_memory.u_data/din[39]
[WARNING DRT-0419] No routing tracks pass through the center of Term u_protected_memory.u_data/din[40]
[WARNING DRT-0419] No routing tracks pass through the center of Term u_protected_memory.u_data/din[41]
[WARNING DRT-0419] No routing tracks pass through the center of Term u_protected_memory.u_data/din[42]
[WARNING DRT-0419] No routing tracks pass through the center of Term u_protected_memory.u_data/din[43]
[WARNING DRT-0419] No routing tracks pass through the center of Term u_protected_memory.u_data/din[44]
[WARNING DRT-0419] No routing tracks pass through the center of Term u_protected_memory.u_data/din[45]
[WARNING DRT-0419] No routing tracks pass through the center of Term u_protected_memory.u_data/din[46]
[WARNING DRT-0419] No routing tracks pass through the center of Term u_protected_memory.u_data/din[47]
[WARNING DRT-0419] No routing tracks pass through the center of Term u_protected_memory.u_data/din[48]
[WARNING DRT-0419] No routing tracks pass through the center of Term u_protected_memory.u_data/din[49]
[WARNING DRT-0419] No routing tracks pass through the center of Term u_protected_memory.u_data/din[50]
[WARNING DRT-0419] No routing tracks pass through the center of Term u_protected_memory.u_data/din[51]
[WARNING DRT-0419] No routing tracks pass through the center of Term u_protected_memory.u_data/din[52]
[WARNING DRT-0419] No routing tracks pass through the center of Term u_protected_memory.u_data/din[53]
[WARNING DRT-0419] No routing tracks pass through the center of Term u_protected_memory.u_data/din[54]
[WARNING DRT-0419] No routing tracks pass through the center of Term u_protected_memory.u_data/din[55]
[WARNING DRT-0419] No routing tracks pass through the center of Term u_protected_memory.u_data/din[56]
[WARNING DRT-0419] No routing tracks pass through the center of Term u_protected_memory.u_data/din[57]
[WARNING DRT-0419] No routing tracks pass through the center of Term u_protected_memory.u_data/din[58]
[WARNING DRT-0419] No routing tracks pass through the center of Term u_protected_memory.u_data/din[59]
[WARNING DRT-0419] No routing tracks pass through the center of Term u_protected_memory.u_data/din[60]
[WARNING DRT-0419] No routing tracks pass through the center of Term u_protected_memory.u_data/din[61]
[WARNING DRT-0419] No routing tracks pass through the center of Term u_protected_memory.u_data/din[62]
[WARNING DRT-0419] No routing tracks pass through the center of Term u_protected_memory.u_data/din[63]
[WARNING DRT-0419] No routing tracks pass through the center of Term u_protected_memory.u_data/wmask[1]
[WARNING DRT-0419] No routing tracks pass through the center of Term u_protected_memory.u_data/wmask[2]
[WARNING DRT-0419] No routing tracks pass through the center of Term u_protected_memory.u_data/wmask[3]
[WARNING DRT-0419] No routing tracks pass through the center of Term u_protected_memory.u_data/wmask[4]
[WARNING DRT-0419] No routing tracks pass through the center of Term u_protected_memory.u_data/wmask[5]
[WARNING DRT-0419] No routing tracks pass through the center of Term u_protected_memory.u_data/wmask[6]
[WARNING DRT-0419] No routing tracks pass through the center of Term u_protected_memory.u_data/wmask[7]
[WARNING DRT-0418] Term u_protected_memory.u_ecc/dout[0] has no pins on routing grid
[WARNING DRT-0418] Term u_protected_memory.u_ecc/dout[1] has no pins on routing grid
[WARNING DRT-0418] Term u_protected_memory.u_ecc/dout[2] has no pins on routing grid
[WARNING DRT-0418] Term u_protected_memory.u_ecc/dout[3] has no pins on routing grid
[WARNING DRT-0418] Term u_protected_memory.u_ecc/dout[4] has no pins on routing grid
[WARNING DRT-0418] Term u_protected_memory.u_ecc/dout[5] has no pins on routing grid
[WARNING DRT-0418] Term u_protected_memory.u_ecc/dout[6] has no pins on routing grid
[WARNING DRT-0418] Term u_protected_memory.u_ecc/dout[7] has no pins on routing grid
[WARNING DRT-0419] No routing tracks pass through the center of Term u_protected_memory.u_ecc/din[0]
[WARNING DRT-0419] No routing tracks pass through the center of Term u_protected_memory.u_ecc/din[1]
[WARNING DRT-0419] No routing tracks pass through the center of Term u_protected_memory.u_ecc/din[2]
[WARNING DRT-0418] Term u_protected_memory.u_ecc/din[3] has no pins on routing grid
[WARNING DRT-0418] Term u_protected_memory.u_ecc/din[4] has no pins on routing grid
[WARNING DRT-0418] Term u_protected_memory.u_ecc/din[5] has no pins on routing grid
[WARNING DRT-0418] Term u_protected_memory.u_ecc/din[6] has no pins on routing grid
[WARNING DRT-0418] Term u_protected_memory.u_ecc/din[7] has no pins on routing grid
[WARNING DRT-0419] No routing tracks pass through the center of Term u_protected_memory.u_ecc/wmask[0]
[WARNING DRT-0419] No routing tracks pass through the center of Term u_protected_memory.u_ecc/wmask[1]
[WARNING DRT-0419] No routing tracks pass through the center of Term u_protected_memory.u_ecc/wmask[2]
[WARNING DRT-0418] Term u_protected_memory.u_ecc/wmask[3] has no pins on routing grid
[WARNING DRT-0418] Term u_protected_memory.u_ecc/wmask[4] has no pins on routing grid
[WARNING DRT-0418] Term u_protected_memory.u_ecc/wmask[5] has no pins on routing grid
[WARNING DRT-0418] Term u_protected_memory.u_ecc/wmask[6] has no pins on routing grid
[WARNING DRT-0418] Term u_protected_memory.u_ecc/wmask[7] has no pins on routing grid
[INFO DRT-0167] List of default vias:
  Layer via
    default via: M1M2_PR
  Layer via2
    default via: M2M3_PR
  Layer via3
    default via: M3M4_PR
  Layer via4
    default via: M4M5_PR
[INFO DRT-0162] Library cell analysis.
[INFO DRT-0163] Instance analysis.
[INFO DRT-0164] Number of unique instances = 97.
[INFO DRT-0168] Init region query.
[INFO DRT-0024]   Complete FR_MASTERSLICE.
[INFO DRT-0024]   Complete Fr_VIA.
[INFO DRT-0024]   Complete li1.
[INFO DRT-0024]   Complete mcon.
[INFO DRT-0024]   Complete met1.
[INFO DRT-0024]   Complete via.
[INFO DRT-0024]   Complete met2.
[INFO DRT-0024]   Complete via2.
[INFO DRT-0024]   Complete met3.
[INFO DRT-0024]   Complete via3.
[INFO DRT-0024]   Complete met4.
[INFO DRT-0024]   Complete via4.
[INFO DRT-0024]   Complete met5.
[INFO DRT-0033] FR_MASTERSLICE shape region query size = 0.
[INFO DRT-0033] FR_VIA shape region query size = 0.
[INFO DRT-0033] li1 shape region query size = 47312.
[INFO DRT-0033] mcon shape region query size = 24932.
[INFO DRT-0033] met1 shape region query size = 17779.
[INFO DRT-0033] via shape region query size = 24330.
[INFO DRT-0033] met2 shape region query size = 22048.
[INFO DRT-0033] via2 shape region query size = 45597.
[INFO DRT-0033] met3 shape region query size = 29027.
[INFO DRT-0033] via3 shape region query size = 45281.
[INFO DRT-0033] met4 shape region query size = 11428.
[INFO DRT-0033] via4 shape region query size = 1676.
[INFO DRT-0033] met5 shape region query size = 1768.
[INFO DRT-0165] Start pin access.
[INFO DRT-0078]   Complete 903 pins.
[INFO DRT-0081]   Complete 95 unique inst patterns.
[INFO DRT-0084]   Complete 886 groups.
#scanned instances     = 5825
#unique  instances     = 97
#stdCellGenAp          = 2847
#stdCellValidPlanarAp  = 37
#stdCellValidViaAp     = 2051
#stdCellPinNoAp        = 0
#stdCellPinCnt         = 2860
#instTermValidViaApCnt = 0
#macroGenAp            = 553
#macroValidPlanarAp    = 452
#macroValidViaAp       = 0
#macroNoAp             = 0
[INFO DRT-0166] Complete pin access.
[INFO DRT-0267] cpu time = 00:00:52, elapsed time = 00:00:13, memory = 156.51 (MB), peak = 156.06 (MB)
Took 14 seconds: pin_access
set_global_routing_random -seed 11
global_route -congestion_report_file /work/campaigns/iscas_sustainability_extension/memory_compiler/gate3_attempt07_sram22_matched_physical_closure/raw/openroad/work/reports/sky130hd/attempt07_e0/seed11/congestion.rpt -congestion_iterations 30 -congestion_report_iter_step 5 -verbose
[INFO GRT-0020] Min routing layer: met1
[INFO GRT-0021] Max routing layer: met5
[INFO GRT-0022] Global adjustment: 0%
[INFO GRT-0023] Grid origin: (0, 0)
[INFO GRT-0088] Layer li1     Track-Pitch = 0.4600  line-2-Via Pitch: 0.3400
[INFO GRT-0088] Layer met1    Track-Pitch = 0.3400  line-2-Via Pitch: 0.3400
[INFO GRT-0088] Layer met2    Track-Pitch = 0.4600  line-2-Via Pitch: 0.3500
[INFO GRT-0088] Layer met3    Track-Pitch = 0.6800  line-2-Via Pitch: 0.6150
[INFO GRT-0088] Layer met4    Track-Pitch = 0.9200  line-2-Via Pitch: 1.0400
[INFO GRT-0088] Layer met5    Track-Pitch = 3.4000  line-2-Via Pitch: 3.1100
[INFO GRT-0003] Macros: 2
[INFO GRT-0004] Blockages: 1035
[INFO GRT-0019] Found 4 clock nets.
[INFO GRT-0001] Minimum degree: 2
[INFO GRT-0002] Maximum degree: 33

[INFO GRT-0053] Routing resources analysis:
          Routing      Original      Derated      Resource
Layer     Direction    Resources     Resources    Reduction (%)
---------------------------------------------------------------
li1        Vertical            0             0          0.00%
met1       Horizontal     123428         96009          22.21%
met2       Vertical       102532         78846          23.10%
met3       Horizontal     124851         97475          21.93%
met4       Vertical        86395         62266          27.93%
met5       Horizontal      19645         13729          30.11%
---------------------------------------------------------------

[INFO GRT-0101] Running extra iterations to remove congestion.
[INFO GRT-0102] Start extra iteration 1/30
[INFO GRT-0102] Start extra iteration 2/30
[INFO GRT-0197] Via related to pin nodes: 5702
[INFO GRT-0198] Via related Steiner nodes: 152
[INFO GRT-0199] Via filling finished.
[INFO GRT-0111] Final number of vias: 7651
[INFO GRT-0112] Final usage 3D: 34481

[INFO GRT-0096] Final congestion report:
Layer         Resource        Demand        Usage (%)    Max H / Max V / Total Congestion
---------------------------------------------------------------------------------------
li1                  0             0            0.00%             0 /  0 /  0
met1             96009          3220            3.35%             0 /  0 /  0
met2             78846          6177            7.83%             0 /  0 /  0
met3             97475           879            0.90%             0 /  0 /  0
met4             62266          1252            2.01%             0 /  0 /  0
met5             13729             0            0.00%             0 /  0 /  0
---------------------------------------------------------------------------------------
Total           348325         11528            3.31%             0 /  0 /  0

[INFO GRT-0018] Total wirelength: 96586 um
[INFO GRT-0014] Routed nets: 1232
[INFO GRT-0303] Global routing runtime = 00:00:00
estimate_parasitics -global_routing
global_route -start_incremental
global_route -end_incremental -congestion_report_file /work/campaigns/iscas_sustainability_extension/memory_compiler/gate3_attempt07_sram22_matched_physical_closure/raw/openroad/work/reports/sky130hd/attempt07_e0/seed11/congestion_post_recover_power.rpt
Repair antennas...
[INFO GRT-0012] Found 24 antenna violations.
[INFO GRT-0302] Inserted 22 jumpers for 22 nets.
[INFO GRT-0012] Found 8 antenna violations.
[INFO DPL-0006] Core area: 615627.94 um^2
[INFO DPL-0007] Movable instances area: 9447.81 um^2
[INFO DPL-0008] Fixed instances area within core: 266287.28 um^2
[INFO DPL-0009] Utilization: 44.8%
[INFO DPL-0005] Diamond search max displacement: +/- 500 sites horizontally, +/- 100 rows vertically.
[INFO DPL-1102] Legalizing using negotiation legalizer.
[INFO DPL-1103] Negotiation base search window: +/-20 sites horizontally, +/-5 rows vertically 
	Automatic search window extension enabled.
	Search window extendable up to the max displacement cap of +/-500 sites, +/-100 rows near walls.
[INFO DPL-1104] NegotiationLegalizer DRC penalty: 5.
[INFO DPL-0392] Negotiation cell height distribution (3 unique row-count(s)):
[INFO DPL-0393]   height 1 row(s): 5854 cells
[INFO DPL-0393]   height 83 row(s): 1 cells
[INFO DPL-0393]   height 108 row(s): 1 cells
          |      Total |  Illegal |  Illegal
Iteration | Violations |    Cells |    Sites
---------------------------------------------
        0 |          0 |         0 |         0
Negotiation phase 1 converged at iteration 0.
[INFO DPL-0500] Runtime: 0.08s
[INFO GRT-0015] Inserted 31 diodes.
[INFO GRT-0012] Found 1 antenna violations.
[INFO GRT-0302] Inserted 1 jumpers for 1 nets.
[INFO GRT-0012] Found 0 antenna violations.
[INFO ANT-0002] Found 0 net violations.
[INFO ANT-0001] Found 0 pin violations.
Estimate parasitics...
estimate_parasitics -global_routing
Report metrics stage 5, global route...

==========================================================================
global route report_design_area
--------------------------------------------------------------------------
Design area 275735 um^2 45% utilization.
[INFO FLW-0007] clock core_clk period 10.000000
[INFO FLW-0008] Clock core_clk period 9.112
[INFO FLW-0009] Clock core_clk slack 0.408
write_sdc -no_timestamp /work/campaigns/iscas_sustainability_extension/memory_compiler/gate3_attempt07_sram22_matched_physical_closure/raw/openroad/work/results/sky130hd/attempt07_e0/seed11/updated_clks.sdc
[INFO FLW-0011] Path endpoint path count 192
write_db /work/campaigns/iscas_sustainability_extension/memory_compiler/gate3_attempt07_sram22_matched_physical_closure/raw/openroad/work/results/sky130hd/attempt07_e0/seed11/5_1_grt.odb
write_sdc -no_timestamp /work/campaigns/iscas_sustainability_extension/memory_compiler/gate3_attempt07_sram22_matched_physical_closure/raw/openroad/work/results/sky130hd/attempt07_e0/seed11/5_1_grt.sdc
Elapsed time: 0:21.19[h:]min:sec. CPU time: user 58.34 sys 0.92 (279%). Peak memory: 331564KB.
Log                       Ext     Elapsed/s Peak Memory/MB sha1sum result [0:20)
5_1_grt                   .odb           21            323 1a986157ea0876b064f0
5_1_grt                   .sdc                             3cad56baab78945476a2
/OpenROAD-flow-scripts/flow/scripts/flow.sh 5_2_route detail_route
Running detail_route.tcl, stage 5_2_route
read_liberty /OpenROAD-flow-scripts/flow/platforms/sky130hd/lib/sky130_fd_sc_hd__tt_025C_1v80.lib
read_liberty /work/campaigns/iscas_sustainability_extension/memory_compiler/gate3_attempt07_sram22_matched_physical_closure/source_checkout/sram22_256x64m4w8/sram22_256x64m4w8_tt_025C_1v80.lib
read_liberty /work/campaigns/iscas_sustainability_extension/memory_compiler/gate3_attempt07_sram22_matched_physical_closure/source_checkout/sram22_256x8m8w1/sram22_256x8m8w1_tt_025C_1v80.lib
read_db /work/campaigns/iscas_sustainability_extension/memory_compiler/gate3_attempt07_sram22_matched_physical_closure/raw/openroad/work/results/sky130hd/attempt07_e0/seed11/5_1_grt.odb
read_sdc /work/campaigns/iscas_sustainability_extension/memory_compiler/gate3_attempt07_sram22_matched_physical_closure/raw/openroad/work/results/sky130hd/attempt07_e0/seed11/5_1_grt.sdc
source /OpenROAD-flow-scripts/flow/platforms/sky130hd/setRC.tcl
detailed_route -output_drc /work/campaigns/iscas_sustainability_extension/memory_compiler/gate3_attempt07_sram22_matched_physical_closure/raw/openroad/work/reports/sky130hd/attempt07_e0/seed11/5_route_drc.rpt -output_maze /work/campaigns/iscas_sustainability_extension/memory_compiler/gate3_attempt07_sram22_matched_physical_closure/raw/openroad/work/results/sky130hd/attempt07_e0/seed11/maze.log -droute_end_iter 64 -verbose 1 -drc_report_iter_step 5
[INFO DRT-0149] Reading tech and libs.
[WARNING DRT-0349] LEF58_ENCLOSURE with no CUTCLASS is not supported. Skipping for layer mcon
[WARNING DRT-0349] LEF58_ENCLOSURE with no CUTCLASS is not supported. Skipping for layer mcon
[WARNING DRT-0349] LEF58_ENCLOSURE with no CUTCLASS is not supported. Skipping for layer via
[WARNING DRT-0349] LEF58_ENCLOSURE with no CUTCLASS is not supported. Skipping for layer via
[WARNING DRT-0349] LEF58_ENCLOSURE with no CUTCLASS is not supported. Skipping for layer via2
[WARNING DRT-0349] LEF58_ENCLOSURE with no CUTCLASS is not supported. Skipping for layer via2
[WARNING DRT-0349] LEF58_ENCLOSURE with no CUTCLASS is not supported. Skipping for layer via3
[WARNING DRT-0349] LEF58_ENCLOSURE with no CUTCLASS is not supported. Skipping for layer via3
[WARNING DRT-0349] LEF58_ENCLOSURE with no CUTCLASS is not supported. Skipping for layer via4
[WARNING DRT-0349] LEF58_ENCLOSURE with no CUTCLASS is not supported. Skipping for layer via4

Units:                1000
Number of layers:     13
Number of macros:     443
Number of vias:       130
Number of viarulegen: 25

[INFO DRT-0150] Reading design.

Design:                   e0_sram22_top
Die area:                 ( 0 0 ) ( 1000000 650000 )
Number of track patterns: 12
Number of DEF vias:       0
Number of components:     5856
Number of terminals:      144
Number of snets:          2
Number of nets:           1232

[WARNING DRT-0419] No routing tracks pass through the center of Term u_protected_memory.u_data/dout[0]
[WARNING DRT-0419] No routing tracks pass through the center of Term u_protected_memory.u_data/dout[1]
[WARNING DRT-0419] No routing tracks pass through the center of Term u_protected_memory.u_data/dout[2]
[WARNING DRT-0419] No routing tracks pass through the center of Term u_protected_memory.u_data/dout[3]
[WARNING DRT-0419] No routing tracks pass through the center of Term u_protected_memory.u_data/dout[4]
[WARNING DRT-0419] No routing tracks pass through the center of Term u_protected_memory.u_data/dout[5]
[WARNING DRT-0419] No routing tracks pass through the center of Term u_protected_memory.u_data/dout[6]
[WARNING DRT-0419] No routing tracks pass through the center of Term u_protected_memory.u_data/dout[7]
[WARNING DRT-0419] No routing tracks pass through the center of Term u_protected_memory.u_data/dout[8]
[WARNING DRT-0419] No routing tracks pass through the center of Term u_protected_memory.u_data/dout[9]
[WARNING DRT-0419] No routing tracks pass through the center of Term u_protected_memory.u_data/dout[10]
[WARNING DRT-0419] No routing tracks pass through the center of Term u_protected_memory.u_data/dout[11]
[WARNING DRT-0419] No routing tracks pass through the center of Term u_protected_memory.u_data/dout[12]
[WARNING DRT-0419] No routing tracks pass through the center of Term u_protected_memory.u_data/dout[13]
[WARNING DRT-0419] No routing tracks pass through the center of Term u_protected_memory.u_data/dout[14]
[WARNING DRT-0419] No routing tracks pass through the center of Term u_protected_memory.u_data/dout[15]
[WARNING DRT-0419] No routing tracks pass through the center of Term u_protected_memory.u_data/dout[16]
[WARNING DRT-0419] No routing tracks pass through the center of Term u_protected_memory.u_data/dout[17]
[WARNING DRT-0419] No routing tracks pass through the center of Term u_protected_memory.u_data/dout[18]
[WARNING DRT-0419] No routing tracks pass through the center of Term u_protected_memory.u_data/dout[19]
[WARNING DRT-0419] No routing tracks pass through the center of Term u_protected_memory.u_data/dout[20]
[WARNING DRT-0419] No routing tracks pass through the center of Term u_protected_memory.u_data/dout[21]
[WARNING DRT-0419] No routing tracks pass through the center of Term u_protected_memory.u_data/dout[22]
[WARNING DRT-0419] No routing tracks pass through the center of Term u_protected_memory.u_data/dout[23]
[WARNING DRT-0419] No routing tracks pass through the center of Term u_protected_memory.u_data/dout[24]
[WARNING DRT-0419] No routing tracks pass through the center of Term u_protected_memory.u_data/dout[25]
[WARNING DRT-0419] No routing tracks pass through the center of Term u_protected_memory.u_data/dout[26]
[WARNING DRT-0419] No routing tracks pass through the center of Term u_protected_memory.u_data/dout[27]
[WARNING DRT-0419] No routing tracks pass through the center of Term u_protected_memory.u_data/dout[28]
[WARNING DRT-0419] No routing tracks pass through the center of Term u_protected_memory.u_data/dout[29]
[WARNING DRT-0419] No routing tracks pass through the center of Term u_protected_memory.u_data/dout[30]
[WARNING DRT-0419] No routing tracks pass through the center of Term u_protected_memory.u_data/dout[31]
[WARNING DRT-0419] No routing tracks pass through the center of Term u_protected_memory.u_data/dout[32]
[WARNING DRT-0419] No routing tracks pass through the center of Term u_protected_memory.u_data/dout[33]
[WARNING DRT-0419] No routing tracks pass through the center of Term u_protected_memory.u_data/dout[34]
[WARNING DRT-0419] No routing tracks pass through the center of Term u_protected_memory.u_data/dout[35]
[WARNING DRT-0419] No routing tracks pass through the center of Term u_protected_memory.u_data/dout[36]
[WARNING DRT-0419] No routing tracks pass through the center of Term u_protected_memory.u_data/dout[37]
[WARNING DRT-0419] No routing tracks pass through the center of Term u_protected_memory.u_data/dout[38]
[WARNING DRT-0419] No routing tracks pass through the center of Term u_protected_memory.u_data/dout[39]
[WARNING DRT-0419] No routing tracks pass through the center of Term u_protected_memory.u_data/dout[40]
[WARNING DRT-0419] No routing tracks pass through the center of Term u_protected_memory.u_data/dout[41]
[WARNING DRT-0419] No routing tracks pass through the center of Term u_protected_memory.u_data/dout[42]
[WARNING DRT-0419] No routing tracks pass through the center of Term u_protected_memory.u_data/dout[43]
[WARNING DRT-0419] No routing tracks pass through the center of Term u_protected_memory.u_data/dout[44]
[WARNING DRT-0419] No routing tracks pass through the center of Term u_protected_memory.u_data/dout[45]
[WARNING DRT-0419] No routing tracks pass through the center of Term u_protected_memory.u_data/dout[46]
[WARNING DRT-0419] No routing tracks pass through the center of Term u_protected_memory.u_data/dout[47]
[WARNING DRT-0419] No routing tracks pass through the center of Term u_protected_memory.u_data/dout[48]
[WARNING DRT-0419] No routing tracks pass through the center of Term u_protected_memory.u_data/dout[49]
[WARNING DRT-0419] No routing tracks pass through the center of Term u_protected_memory.u_data/dout[50]
[WARNING DRT-0419] No routing tracks pass through the center of Term u_protected_memory.u_data/dout[51]
[WARNING DRT-0419] No routing tracks pass through the center of Term u_protected_memory.u_data/dout[52]
[WARNING DRT-0419] No routing tracks pass through the center of Term u_protected_memory.u_data/dout[53]
[WARNING DRT-0419] No routing tracks pass through the center of Term u_protected_memory.u_data/dout[54]
[WARNING DRT-0419] No routing tracks pass through the center of Term u_protected_memory.u_data/dout[55]
[WARNING DRT-0419] No routing tracks pass through the center of Term u_protected_memory.u_data/dout[56]
[WARNING DRT-0419] No routing tracks pass through the center of Term u_protected_memory.u_data/dout[57]
[WARNING DRT-0419] No routing tracks pass through the center of Term u_protected_memory.u_data/dout[58]
[WARNING DRT-0419] No routing tracks pass through the center of Term u_protected_memory.u_data/dout[59]
[WARNING DRT-0419] No routing tracks pass through the center of Term u_protected_memory.u_data/dout[60]
[WARNING DRT-0419] No routing tracks pass through the center of Term u_protected_memory.u_data/dout[61]
[WARNING DRT-0419] No routing tracks pass through the center of Term u_protected_memory.u_data/dout[62]
[WARNING DRT-0419] No routing tracks pass through the center of Term u_protected_memory.u_data/dout[63]
[WARNING DRT-0419] No routing tracks pass through the center of Term u_protected_memory.u_data/din[0]
[WARNING DRT-0419] No routing tracks pass through the center of Term u_protected_memory.u_data/din[1]
[WARNING DRT-0419] No routing tracks pass through the center of Term u_protected_memory.u_data/din[2]
[WARNING DRT-0419] No routing tracks pass through the center of Term u_protected_memory.u_data/din[3]
[WARNING DRT-0419] No routing tracks pass through the center of Term u_protected_memory.u_data/din[4]
[WARNING DRT-0419] No routing tracks pass through the center of Term u_protected_memory.u_data/din[5]
[WARNING DRT-0419] No routing tracks pass through the center of Term u_protected_memory.u_data/din[6]
[WARNING DRT-0419] No routing tracks pass through the center of Term u_protected_memory.u_data/din[7]
[WARNING DRT-0419] No routing tracks pass through the center of Term u_protected_memory.u_data/din[8]
[WARNING DRT-0419] No routing tracks pass through the center of Term u_protected_memory.u_data/din[9]
[WARNING DRT-0419] No routing tracks pass through the center of Term u_protected_memory.u_data/din[10]
[WARNING DRT-0419] No routing tracks pass through the center of Term u_protected_memory.u_data/din[11]
[WARNING DRT-0419] No routing tracks pass through the center of Term u_protected_memory.u_data/din[12]
[WARNING DRT-0419] No routing tracks pass through the center of Term u_protected_memory.u_data/din[13]
[WARNING DRT-0419] No routing tracks pass through the center of Term u_protected_memory.u_data/din[14]
[WARNING DRT-0419] No routing tracks pass through the center of Term u_protected_memory.u_data/din[15]
[WARNING DRT-0419] No routing tracks pass through the center of Term u_protected_memory.u_data/din[16]
[WARNING DRT-0419] No routing tracks pass through the center of Term u_protected_memory.u_data/din[17]
[WARNING DRT-0419] No routing tracks pass through the center of Term u_protected_memory.u_data/din[18]
[WARNING DRT-0419] No routing tracks pass through the center of Term u_protected_memory.u_data/din[19]
[WARNING DRT-0419] No routing tracks pass through the center of Term u_protected_memory.u_data/din[20]
[WARNING DRT-0419] No routing tracks pass through the center of Term u_protected_memory.u_data/din[21]
[WARNING DRT-0419] No routing tracks pass through the center of Term u_protected_memory.u_data/din[22]
[WARNING DRT-0419] No routing tracks pass through the center of Term u_protected_memory.u_data/din[23]
[WARNING DRT-0419] No routing tracks pass through the center of Term u_protected_memory.u_data/din[24]
[WARNING DRT-0419] No routing tracks pass through the center of Term u_protected_memory.u_data/din[25]
[WARNING DRT-0419] No routing tracks pass through the center of Term u_protected_memory.u_data/din[26]
[WARNING DRT-0419] No routing tracks pass through the center of Term u_protected_memory.u_data/din[27]
[WARNING DRT-0419] No routing tracks pass through the center of Term u_protected_memory.u_data/din[28]
[WARNING DRT-0419] No routing tracks pass through the center of Term u_protected_memory.u_data/din[29]
[WARNING DRT-0419] No routing tracks pass through the center of Term u_protected_memory.u_data/din[30]
[WARNING DRT-0419] No routing tracks pass through the center of Term u_protected_memory.u_data/din[31]
[WARNING DRT-0419] No routing tracks pass through the center of Term u_protected_memory.u_data/din[32]
[WARNING DRT-0419] No routing tracks pass through the center of Term u_protected_memory.u_data/din[33]
[WARNING DRT-0419] No routing tracks pass through the center of Term u_protected_memory.u_data/din[34]
[WARNING DRT-0419] No routing tracks pass through the center of Term u_protected_memory.u_data/din[35]
[WARNING DRT-0419] No routing tracks pass through the center of Term u_protected_memory.u_data/din[36]
[WARNING DRT-0419] No routing tracks pass through the center of Term u_protected_memory.u_data/din[37]
[WARNING DRT-0419] No routing tracks pass through the center of Term u_protected_memory.u_data/din[38]
[WARNING DRT-0419] No routing tracks pass through the center of Term u_protected_memory.u_data/din[39]
[WARNING DRT-0419] No routing tracks pass through the center of Term u_protected_memory.u_data/din[40]
[WARNING DRT-0419] No routing tracks pass through the center of Term u_protected_memory.u_data/din[41]
[WARNING DRT-0419] No routing tracks pass through the center of Term u_protected_memory.u_data/din[42]
[WARNING DRT-0419] No routing tracks pass through the center of Term u_protected_memory.u_data/din[43]
[WARNING DRT-0419] No routing tracks pass through the center of Term u_protected_memory.u_data/din[44]
[WARNING DRT-0419] No routing tracks pass through the center of Term u_protected_memory.u_data/din[45]
[WARNING DRT-0419] No routing tracks pass through the center of Term u_protected_memory.u_data/din[46]
[WARNING DRT-0419] No routing tracks pass through the center of Term u_protected_memory.u_data/din[47]
[WARNING DRT-0419] No routing tracks pass through the center of Term u_protected_memory.u_data/din[48]
[WARNING DRT-0419] No routing tracks pass through the center of Term u_protected_memory.u_data/din[49]
[WARNING DRT-0419] No routing tracks pass through the center of Term u_protected_memory.u_data/din[50]
[WARNING DRT-0419] No routing tracks pass through the center of Term u_protected_memory.u_data/din[51]
[WARNING DRT-0419] No routing tracks pass through the center of Term u_protected_memory.u_data/din[52]
[WARNING DRT-0419] No routing tracks pass through the center of Term u_protected_memory.u_data/din[53]
[WARNING DRT-0419] No routing tracks pass through the center of Term u_protected_memory.u_data/din[54]
[WARNING DRT-0419] No routing tracks pass through the center of Term u_protected_memory.u_data/din[55]
[WARNING DRT-0419] No routing tracks pass through the center of Term u_protected_memory.u_data/din[56]
[WARNING DRT-0419] No routing tracks pass through the center of Term u_protected_memory.u_data/din[57]
[WARNING DRT-0419] No routing tracks pass through the center of Term u_protected_memory.u_data/din[58]
[WARNING DRT-0419] No routing tracks pass through the center of Term u_protected_memory.u_data/din[59]
[WARNING DRT-0419] No routing tracks pass through the center of Term u_protected_memory.u_data/din[60]
[WARNING DRT-0419] No routing tracks pass through the center of Term u_protected_memory.u_data/din[61]
[WARNING DRT-0419] No routing tracks pass through the center of Term u_protected_memory.u_data/din[62]
[WARNING DRT-0419] No routing tracks pass through the center of Term u_protected_memory.u_data/din[63]
[WARNING DRT-0419] No routing tracks pass through the center of Term u_protected_memory.u_data/wmask[1]
[WARNING DRT-0419] No routing tracks pass through the center of Term u_protected_memory.u_data/wmask[2]
[WARNING DRT-0419] No routing tracks pass through the center of Term u_protected_memory.u_data/wmask[3]
[WARNING DRT-0419] No routing tracks pass through the center of Term u_protected_memory.u_data/wmask[4]
[WARNING DRT-0419] No routing tracks pass through the center of Term u_protected_memory.u_data/wmask[5]
[WARNING DRT-0419] No routing tracks pass through the center of Term u_protected_memory.u_data/wmask[6]
[WARNING DRT-0419] No routing tracks pass through the center of Term u_protected_memory.u_data/wmask[7]
[WARNING DRT-0418] Term u_protected_memory.u_ecc/dout[0] has no pins on routing grid
[WARNING DRT-0418] Term u_protected_memory.u_ecc/dout[1] has no pins on routing grid
[WARNING DRT-0418] Term u_protected_memory.u_ecc/dout[2] has no pins on routing grid
[WARNING DRT-0418] Term u_protected_memory.u_ecc/dout[3] has no pins on routing grid
[WARNING DRT-0418] Term u_protected_memory.u_ecc/dout[4] has no pins on routing grid
[WARNING DRT-0418] Term u_protected_memory.u_ecc/dout[5] has no pins on routing grid
[WARNING DRT-0418] Term u_protected_memory.u_ecc/dout[6] has no pins on routing grid
[WARNING DRT-0418] Term u_protected_memory.u_ecc/dout[7] has no pins on routing grid
[WARNING DRT-0419] No routing tracks pass through the center of Term u_protected_memory.u_ecc/din[0]
[WARNING DRT-0419] No routing tracks pass through the center of Term u_protected_memory.u_ecc/din[1]
[WARNING DRT-0419] No routing tracks pass through the center of Term u_protected_memory.u_ecc/din[2]
[WARNING DRT-0418] Term u_protected_memory.u_ecc/din[3] has no pins on routing grid
[WARNING DRT-0418] Term u_protected_memory.u_ecc/din[4] has no pins on routing grid
[WARNING DRT-0418] Term u_protected_memory.u_ecc/din[5] has no pins on routing grid
[WARNING DRT-0418] Term u_protected_memory.u_ecc/din[6] has no pins on routing grid
[WARNING DRT-0418] Term u_protected_memory.u_ecc/din[7] has no pins on routing grid
[WARNING DRT-0419] No routing tracks pass through the center of Term u_protected_memory.u_ecc/wmask[0]
[WARNING DRT-0419] No routing tracks pass through the center of Term u_protected_memory.u_ecc/wmask[1]
[WARNING DRT-0419] No routing tracks pass through the center of Term u_protected_memory.u_ecc/wmask[2]
[WARNING DRT-0418] Term u_protected_memory.u_ecc/wmask[3] has no pins on routing grid
[WARNING DRT-0418] Term u_protected_memory.u_ecc/wmask[4] has no pins on routing grid
[WARNING DRT-0418] Term u_protected_memory.u_ecc/wmask[5] has no pins on routing grid
[WARNING DRT-0418] Term u_protected_memory.u_ecc/wmask[6] has no pins on routing grid
[WARNING DRT-0418] Term u_protected_memory.u_ecc/wmask[7] has no pins on routing grid
[INFO DRT-0167] List of default vias:
  Layer via
    default via: M1M2_PR
  Layer via2
    default via: M2M3_PR
  Layer via3
    default via: M3M4_PR
  Layer via4
    default via: M4M5_PR
[INFO DRT-0162] Library cell analysis.
[INFO DRT-0163] Instance analysis.
[INFO DRT-0164] Number of unique instances = 99.
[INFO DRT-0168] Init region query.
[INFO DRT-0024]   Complete FR_MASTERSLICE.
[INFO DRT-0024]   Complete Fr_VIA.
[INFO DRT-0024]   Complete li1.
[INFO DRT-0024]   Complete mcon.
[INFO DRT-0024]   Complete met1.
[INFO DRT-0024]   Complete via.
[INFO DRT-0024]   Complete met2.
[INFO DRT-0024]   Complete via2.
[INFO DRT-0024]   Complete met3.
[INFO DRT-0024]   Complete via3.
[INFO DRT-0024]   Complete met4.
[INFO DRT-0024]   Complete via4.
[INFO DRT-0024]   Complete met5.
[INFO DRT-0033] FR_MASTERSLICE shape region query size = 0.
[INFO DRT-0033] FR_VIA shape region query size = 0.
[INFO DRT-0033] li1 shape region query size = 47405.
[INFO DRT-0033] mcon shape region query size = 25056.
[INFO DRT-0033] met1 shape region query size = 17841.
[INFO DRT-0033] via shape region query size = 24330.
[INFO DRT-0033] met2 shape region query size = 22048.
[INFO DRT-0033] via2 shape region query size = 45597.
[INFO DRT-0033] met3 shape region query size = 29027.
[INFO DRT-0033] via3 shape region query size = 45281.
[INFO DRT-0033] met4 shape region query size = 11428.
[INFO DRT-0033] via4 shape region query size = 1676.
[INFO DRT-0033] met5 shape region query size = 1768.
[INFO DRT-0165] Start pin access.
[INFO DRT-0078]   Complete 913 pins.
[INFO DRT-0081]   Complete 97 unique inst patterns.
[INFO DRT-0084]   Complete 907 groups.
#scanned instances     = 5856
#unique  instances     = 99
#stdCellGenAp          = 2871
#stdCellValidPlanarAp  = 37
#stdCellValidViaAp     = 2075
#stdCellPinNoAp        = 0
#stdCellPinCnt         = 2860
#instTermValidViaApCnt = 0
#macroGenAp            = 553
#macroValidPlanarAp    = 452
#macroValidViaAp       = 0
#macroNoAp             = 0
[INFO DRT-0166] Complete pin access.
[INFO DRT-0267] cpu time = 00:00:51, elapsed time = 00:00:13, memory = 267.44 (MB), peak = 267.02 (MB)

[INFO DRT-0157] Number of guides:     8364

[INFO DRT-0169] Post process guides.
[INFO DRT-0176] GCELLGRID X 0 DO 144 STEP 6900 ;
[INFO DRT-0177] GCELLGRID Y 0 DO 94 STEP 6900 ;
[INFO DRT-0028]   Complete FR_MASTERSLICE.
[INFO DRT-0028]   Complete Fr_VIA.
[INFO DRT-0028]   Complete li1.
[INFO DRT-0028]   Complete mcon.
[INFO DRT-0028]   Complete met1.
[INFO DRT-0028]   Complete via.
[INFO DRT-0028]   Complete met2.
[INFO DRT-0028]   Complete via2.
[INFO DRT-0028]   Complete met3.
[INFO DRT-0028]   Complete via3.
[INFO DRT-0028]   Complete met4.
[INFO DRT-0028]   Complete via4.
[INFO DRT-0028]   Complete met5.
[INFO DRT-0178] Init guide query.
[INFO DRT-0035]   Complete FR_MASTERSLICE (guide).
[INFO DRT-0035]   Complete Fr_VIA (guide).
[INFO DRT-0035]   Complete li1 (guide).
[INFO DRT-0035]   Complete mcon (guide).
[INFO DRT-0035]   Complete met1 (guide).
[INFO DRT-0035]   Complete via (guide).
[INFO DRT-0035]   Complete met2 (guide).
[INFO DRT-0035]   Complete via2 (guide).
[INFO DRT-0035]   Complete met3 (guide).
[INFO DRT-0035]   Complete via3 (guide).
[INFO DRT-0035]   Complete met4 (guide).
[INFO DRT-0035]   Complete via4 (guide).
[INFO DRT-0035]   Complete met5 (guide).
[INFO DRT-0036] FR_MASTERSLICE guide region query size = 0.
[INFO DRT-0036] FR_VIA guide region query size = 0.
[INFO DRT-0036] li1 guide region query size = 2575.
[INFO DRT-0036] mcon guide region query size = 0.
[INFO DRT-0036] met1 guide region query size = 2438.
[INFO DRT-0036] via guide region query size = 0.
[INFO DRT-0036] met2 guide region query size = 1385.
[INFO DRT-0036] via2 guide region query size = 0.
[INFO DRT-0036] met3 guide region query size = 309.
[INFO DRT-0036] via3 guide region query size = 0.
[INFO DRT-0036] met4 guide region query size = 160.
[INFO DRT-0036] via4 guide region query size = 0.
[INFO DRT-0036] met5 guide region query size = 8.
[INFO DRT-0179] Init gr pin query.
[INFO DRT-0267] cpu time = 00:00:00, elapsed time = 00:00:00, memory = 270.09 (MB), peak = 269.70 (MB)
[INFO DRT-0245] skipped writing guide updates to database.
[INFO DRT-0181] Start track assignment.
[INFO DRT-0184] Done with 4120 vertical wires in 3 frboxes and 2755 horizontal wires in 2 frboxes.
[INFO DRT-0186] Done with 536 vertical wires in 3 frboxes and 734 horizontal wires in 2 frboxes.
[INFO DRT-0182] Complete track assignment.
[INFO DRT-0267] cpu time = 00:00:02, elapsed time = 00:00:01, memory = 310.34 (MB), peak = 334.26 (MB)
[INFO DRT-0187] Start routing data preparation.
[INFO DRT-0267] cpu time = 00:00:00, elapsed time = 00:00:00, memory = 310.34 (MB), peak = 334.26 (MB)
[INFO DRT-0194] Start detail routing.
[INFO DRT-0195] Start 0th optimization iteration.
    Completing 10% with 0 violations.
    elapsed time = 00:00:00, memory = 322.55 (MB).
    Completing 20% with 0 violations.
    elapsed time = 00:00:00, memory = 366.91 (MB).
    Completing 30% with 203 violations.
    elapsed time = 00:00:05, memory = 350.37 (MB).
    Completing 40% with 203 violations.
    elapsed time = 00:00:06, memory = 369.87 (MB).
    Completing 50% with 203 violations.
    elapsed time = 00:00:06, memory = 377.21 (MB).
    Completing 60% with 364 violations.
    elapsed time = 00:00:08, memory = 382.34 (MB).
    Completing 70% with 364 violations.
    elapsed time = 00:00:08, memory = 402.44 (MB).
    Completing 80% with 543 violations.
    elapsed time = 00:00:11, memory = 391.98 (MB).
    Completing 90% with 543 violations.
    elapsed time = 00:00:12, memory = 409.95 (MB).
    Completing 100% with 709 violations.
    elapsed time = 00:00:14, memory = 411.21 (MB).
[INFO DRT-0199]   Number of violations = 781.
Viol/Layer        mcon   met1    via   met2   met3   met4
Cut Spacing          1      0      1      0      0      0
Metal Spacing        0    129      0     19      8      0
Recheck              0     42      0     21      1      8
Short                0    503      1     36      7      4
[INFO DRT-0267] cpu time = 00:00:30, elapsed time = 00:00:15, memory = 737.52 (MB), peak = 737.07 (MB)
Total wire length = 80224 um.
Total wire length on LAYER li1 = 0 um.
Total wire length on LAYER met1 = 23378 um.
Total wire length on LAYER met2 = 43851 um.
Total wire length on LAYER met3 = 5769 um.
Total wire length on LAYER met4 = 7150 um.
Total wire length on LAYER met5 = 74 um.
Total number of vias = 6656.
Up-via summary (total 6656):

-----------------------
 FR_MASTERSLICE       0
            li1    2911
           met1    3160
           met2     337
           met3     238
           met4      10
-----------------------
               6656


[INFO DRT-0195] Start 1st optimization iteration.
    Completing 10% with 781 violations.
    elapsed time = 00:00:00, memory = 737.70 (MB).
    Completing 20% with 781 violations.
    elapsed time = 00:00:00, memory = 746.22 (MB).
    Completing 30% with 689 violations.
    elapsed time = 00:00:01, memory = 746.22 (MB).
    Completing 40% with 689 violations.
    elapsed time = 00:00:01, memory = 748.06 (MB).
    Completing 50% with 689 violations.
    elapsed time = 00:00:02, memory = 748.06 (MB).
    Completing 60% with 601 violations.
    elapsed time = 00:00:03, memory = 751.31 (MB).
    Completing 70% with 601 violations.
    elapsed time = 00:00:04, memory = 768.20 (MB).
    Completing 80% with 511 violations.
    elapsed time = 00:00:06, memory = 751.31 (MB).
    Completing 90% with 511 violations.
    elapsed time = 00:00:06, memory = 775.01 (MB).
    Completing 100% with 414 violations.
    elapsed time = 00:00:13, memory = 752.71 (MB).
[INFO DRT-0199]   Number of violations = 414.
Viol/Layer        mcon   met1   met2   met3
Cut Spacing          5      0      0      0
Metal Spacing        0    106      5      4
Short                0    282     11      1
[INFO DRT-0267] cpu time = 00:00:27, elapsed time = 00:00:14, memory = 755.71 (MB), peak = 774.62 (MB)
Total wire length = 79935 um.
Total wire length on LAYER li1 = 0 um.
Total wire length on LAYER met1 = 23193 um.
Total wire length on LAYER met2 = 43753 um.
Total wire length on LAYER met3 = 5751 um.
Total wire length on LAYER met4 = 7155 um.
Total wire length on LAYER met5 = 81 um.
Total number of vias = 6616.
Up-via summary (total 6616):

-----------------------
 FR_MASTERSLICE       0
            li1    2911
           met1    3119
           met2     334
           met3     240
           met4      12
-----------------------
               6616


[INFO DRT-0195] Start 2nd optimization iteration.
    Completing 10% with 414 violations.
    elapsed time = 00:00:00, memory = 755.71 (MB).
    Completing 20% with 414 violations.
    elapsed time = 00:00:00, memory = 755.71 (MB).
    Completing 30% with 407 violations.
    elapsed time = 00:00:00, memory = 755.71 (MB).
    Completing 40% with 407 violations.
    elapsed time = 00:00:01, memory = 755.88 (MB).
    Completing 50% with 407 violations.
    elapsed time = 00:00:03, memory = 757.20 (MB).
    Completing 60% with 345 violations.
    elapsed time = 00:00:03, memory = 757.20 (MB).
    Completing 70% with 345 violations.
    elapsed time = 00:00:03, memory = 757.20 (MB).
    Completing 80% with 324 violations.
    elapsed time = 00:00:04, memory = 757.20 (MB).
    Completing 90% with 324 violations.
    elapsed time = 00:00:05, memory = 780.71 (MB).
    Completing 100% with 285 violations.
    elapsed time = 00:00:16, memory = 757.77 (MB).
[INFO DRT-0199]   Number of violations = 285.
Viol/Layer        met1   met2   met3
Metal Spacing       74      5      3
Short              200      3      0
[INFO DRT-0267] cpu time = 00:00:26, elapsed time = 00:00:16, memory = 757.77 (MB), peak = 780.40 (MB)
Total wire length = 79808 um.
Total wire length on LAYER li1 = 0 um.
Total wire length on LAYER met1 = 23122 um.
Total wire length on LAYER met2 = 43813 um.
Total wire length on LAYER met3 = 5780 um.
Total wire length on LAYER met4 = 7023 um.
Total wire length on LAYER met5 = 68 um.
Total number of vias = 6544.
Up-via summary (total 6544):

-----------------------
 FR_MASTERSLICE       0
            li1    2912
           met1    3068
           met2     328
           met3     226
           met4      10
-----------------------
               6544


[INFO DRT-0195] Start 3rd optimization iteration.
    Completing 10% with 285 violations.
    elapsed time = 00:00:00, memory = 757.77 (MB).
    Completing 20% with 285 violations.
    elapsed time = 00:00:00, memory = 765.08 (MB).
    Completing 30% with 208 violations.
    elapsed time = 00:00:08, memory = 771.52 (MB).
    Completing 40% with 208 violations.
    elapsed time = 00:00:08, memory = 776.78 (MB).
    Completing 50% with 208 violations.
    elapsed time = 00:00:08, memory = 776.78 (MB).
    Completing 60% with 162 violations.
    elapsed time = 00:00:12, memory = 780.82 (MB).
    Completing 70% with 162 violations.
    elapsed time = 00:00:13, memory = 780.82 (MB).
    Completing 80% with 84 violations.
    elapsed time = 00:00:15, memory = 780.82 (MB).
    Completing 90% with 84 violations.
    elapsed time = 00:00:15, memory = 780.82 (MB).
    Completing 100% with 57 violations.
    elapsed time = 00:00:21, memory = 780.82 (MB).
[INFO DRT-0199]   Number of violations = 57.
Viol/Layer        met1   met2   met3
Metal Spacing       11      2      1
Short               38      5      0
[INFO DRT-0267] cpu time = 00:00:31, elapsed time = 00:00:21, memory = 780.82 (MB), peak = 780.40 (MB)
Total wire length = 79824 um.
Total wire length on LAYER li1 = 0 um.
Total wire length on LAYER met1 = 22295 um.
Total wire length on LAYER met2 = 43840 um.
Total wire length on LAYER met3 = 6545 um.
Total wire length on LAYER met4 = 7074 um.
Total wire length on LAYER met5 = 68 um.
Total number of vias = 6695.
Up-via summary (total 6695):

-----------------------
 FR_MASTERSLICE       0
            li1    2914
           met1    3134
           met2     400
           met3     237
           met4      10
-----------------------
               6695


[INFO DRT-0195] Start 4th guides tiles iteration.
    Completing 10% with 57 violations.
    elapsed time = 00:00:00, memory = 780.82 (MB).
    Completing 20% with 57 violations.
    elapsed time = 00:00:00, memory = 780.82 (MB).
    Completing 30% with 57 violations.
    elapsed time = 00:00:03, memory = 780.82 (MB).
    Completing 40% with 10 violations.
    elapsed time = 00:00:03, memory = 780.82 (MB).
    Completing 50% with 10 violations.
    elapsed time = 00:00:03, memory = 780.82 (MB).
    Completing 60% with 10 violations.
    elapsed time = 00:00:03, memory = 781.96 (MB).
    Completing 70% with 10 violations.
    elapsed time = 00:00:03, memory = 781.96 (MB).
    Completing 80% with 10 violations.
    elapsed time = 00:00:03, memory = 781.96 (MB).
    Completing 100% with 2 violations.
    elapsed time = 00:00:04, memory = 781.96 (MB).
[INFO DRT-0199]   Number of violations = 2.
Viol/Layer        met1   met3
Metal Spacing        0      1
Short                1      0
[INFO DRT-0267] cpu time = 00:00:05, elapsed time = 00:00:04, memory = 781.96 (MB), peak = 781.48 (MB)
Total wire length = 79785 um.
Total wire length on LAYER li1 = 0 um.
Total wire length on LAYER met1 = 22141 um.
Total wire length on LAYER met2 = 43826 um.
Total wire length on LAYER met3 = 6679 um.
Total wire length on LAYER met4 = 7070 um.
Total wire length on LAYER met5 = 68 um.
Total number of vias = 6710.
Up-via summary (total 6710):

-----------------------
 FR_MASTERSLICE       0
            li1    2915
           met1    3135
           met2     415
           met3     235
           met4      10
-----------------------
               6710


[INFO DRT-0195] Start 5th guides tiles iteration.
    Completing 50% with 2 violations.
    elapsed time = 00:00:00, memory = 781.96 (MB).
    Completing 100% with 2 violations.
    elapsed time = 00:00:01, memory = 781.96 (MB).
[INFO DRT-0199]   Number of violations = 2.
Viol/Layer        met1   met3
Metal Spacing        0      1
Short                1      0
[INFO DRT-0267] cpu time = 00:00:01, elapsed time = 00:00:01, memory = 782.09 (MB), peak = 781.61 (MB)
Total wire length = 79785 um.
Total wire length on LAYER li1 = 0 um.
Total wire length on LAYER met1 = 22141 um.
Total wire length on LAYER met2 = 43826 um.
Total wire length on LAYER met3 = 6679 um.
Total wire length on LAYER met4 = 7070 um.
Total wire length on LAYER met5 = 68 um.
Total number of vias = 6710.
Up-via summary (total 6710):

-----------------------
 FR_MASTERSLICE       0
            li1    2915
           met1    3135
           met2     415
           met3     235
           met4      10
-----------------------
               6710


[INFO DRT-0195] Start 6th stubborn tiles iteration.
    Completing 10% with 2 violations.
    elapsed time = 00:00:00, memory = 782.09 (MB).
    Completing 20% with 2 violations.
    elapsed time = 00:00:00, memory = 782.09 (MB).
    Completing 30% with 2 violations.
    elapsed time = 00:00:00, memory = 782.09 (MB).
    Completing 40% with 2 violations.
    elapsed time = 00:00:01, memory = 782.09 (MB).
    Completing 50% with 2 violations.
    elapsed time = 00:00:01, memory = 782.09 (MB).
    Completing 60% with 1 violations.
    elapsed time = 00:00:02, memory = 782.09 (MB).
    Completing 70% with 1 violations.
    elapsed time = 00:00:04, memory = 782.09 (MB).
    Completing 80% with 1 violations.
    elapsed time = 00:00:05, memory = 782.09 (MB).
    Completing 90% with 1 violations.
    elapsed time = 00:00:06, memory = 782.09 (MB).
    Completing 100% with 0 violations.
    elapsed time = 00:00:11, memory = 782.09 (MB).
[INFO DRT-0199]   Number of violations = 0.
[INFO DRT-0267] cpu time = 00:00:40, elapsed time = 00:00:11, memory = 782.09 (MB), peak = 781.61 (MB)
Total wire length = 79788 um.
Total wire length on LAYER li1 = 0 um.
Total wire length on LAYER met1 = 22104 um.
Total wire length on LAYER met2 = 43825 um.
Total wire length on LAYER met3 = 6717 um.
Total wire length on LAYER met4 = 7072 um.
Total wire length on LAYER met5 = 68 um.
Total number of vias = 6704.
Up-via summary (total 6704):

-----------------------
 FR_MASTERSLICE       0
            li1    2915
           met1    3133
           met2     411
           met3     235
           met4      10
-----------------------
               6704


[INFO DRT-0198] Complete detail routing.
Total wire length = 79788 um.
Total wire length on LAYER li1 = 0 um.
Total wire length on LAYER met1 = 22104 um.
Total wire length on LAYER met2 = 43825 um.
Total wire length on LAYER met3 = 6717 um.
Total wire length on LAYER met4 = 7072 um.
Total wire length on LAYER met5 = 68 um.
Total number of vias = 6704.
Up-via summary (total 6704):

-----------------------
 FR_MASTERSLICE       0
            li1    2915
           met1    3133
           met2     411
           met3     235
           met4      10
-----------------------
               6704


[INFO DRT-0267] cpu time = 00:02:43, elapsed time = 00:01:23, memory = 782.15 (MB), peak = 781.61 (MB)

[INFO DRT-0180] Post processing.
[INFO DRT-0501] Runtime: 98.67s
Took 99 seconds: detailed_route -output_drc /work/campaigns/iscas_sustainability_extension/memory_compiler/gate3_attempt07_sram22_matched_physical_closure/raw/openroad/work/reports/sky130hd/attempt07_e0/seed11/5_route_drc.rpt -output_maze /work/campaigns/iscas_sustainability_extension/memory_compiler/gate3_attempt07_sram22_matched_physical_closure/raw/openroad/work/results/sky130hd/attempt07_e0/seed11/maze.log -droute_end_iter 64 -verbose 1 -drc_report_iter_step 5
[INFO GRT-0012] Found 5 antenna violations.
[INFO DPL-0006] Core area: 615627.94 um^2
[INFO DPL-0007] Movable instances area: 7.51 um^2
[INFO DPL-0008] Fixed instances area within core: 275742.60 um^2
[INFO DPL-0009] Utilization: 44.8%
[INFO DPL-0005] Diamond search max displacement: +/- 500 sites horizontally, +/- 100 rows vertically.
[INFO DPL-1102] Legalizing using negotiation legalizer.
[INFO DPL-1103] Negotiation base search window: +/-20 sites horizontally, +/-5 rows vertically 
	Automatic search window extension enabled.
	Search window extendable up to the max displacement cap of +/-500 sites, +/-100 rows near walls.
[INFO DPL-1104] NegotiationLegalizer DRC penalty: 5.
[INFO DPL-0392] Negotiation cell height distribution (3 unique row-count(s)):
[INFO DPL-0393]   height 1 row(s): 5860 cells
[INFO DPL-0393]   height 83 row(s): 1 cells
[INFO DPL-0393]   height 108 row(s): 1 cells
[INFO DPL-0500] Runtime: 0.04s
[INFO GRT-0015] Inserted 6 diodes.
[INFO DRT-0024]   Complete FR_MASTERSLICE.
[INFO DRT-0024]   Complete Fr_VIA.
[INFO DRT-0024]   Complete li1.
[INFO DRT-0024]   Complete mcon.
[INFO DRT-0024]   Complete met1.
[INFO DRT-0024]   Complete via.
[INFO DRT-0024]   Complete met2.
[INFO DRT-0024]   Complete via2.
[INFO DRT-0024]   Complete met3.
[INFO DRT-0024]   Complete via3.
[INFO DRT-0024]   Complete met4.
[INFO DRT-0024]   Complete via4.
[INFO DRT-0024]   Complete met5.
[INFO DRT-0165] Start pin access.
[INFO DRT-0078]   Complete 913 pins.
[INFO DRT-0081]   Complete 97 unique inst patterns.
[INFO DRT-0084]   Complete 910 groups.
#scanned instances     = 5862
#unique  instances     = 99
#stdCellGenAp          = 2871
#stdCellValidPlanarAp  = 37
#stdCellValidViaAp     = 2075
#stdCellPinNoAp        = 0
#stdCellPinCnt         = 2860
#instTermValidViaApCnt = 0
#macroGenAp            = 553
#macroValidPlanarAp    = 452
#macroValidViaAp       = 0
#macroNoAp             = 0
[INFO DRT-0166] Complete pin access.
[INFO DRT-0267] cpu time = 00:00:53, elapsed time = 00:00:13, memory = 690.39 (MB), peak = 781.73 (MB)

[INFO DRT-0157] Number of guides:     8344

[INFO DRT-0169] Post process guides.
[INFO DRT-0176] GCELLGRID X 0 DO 144 STEP 6900 ;
[INFO DRT-0177] GCELLGRID Y 0 DO 94 STEP 6900 ;
[INFO DRT-0028]   Complete FR_MASTERSLICE.
[INFO DRT-0028]   Complete Fr_VIA.
[INFO DRT-0028]   Complete li1.
[INFO DRT-0028]   Complete mcon.
[INFO DRT-0028]   Complete met1.
[INFO DRT-0028]   Complete via.
[INFO DRT-0028]   Complete met2.
[INFO DRT-0028]   Complete via2.
[INFO DRT-0028]   Complete met3.
[INFO DRT-0028]   Complete via3.
[INFO DRT-0028]   Complete met4.
[INFO DRT-0028]   Complete via4.
[INFO DRT-0028]   Complete met5.
[INFO DRT-0178] Init guide query.
[INFO DRT-0035]   Complete FR_MASTERSLICE (guide).
[INFO DRT-0035]   Complete Fr_VIA (guide).
[INFO DRT-0035]   Complete li1 (guide).
[INFO DRT-0035]   Complete mcon (guide).
[INFO DRT-0035]   Complete met1 (guide).
[INFO DRT-0035]   Complete via (guide).
[INFO DRT-0035]   Complete met2 (guide).
[INFO DRT-0035]   Complete via2 (guide).
[INFO DRT-0035]   Complete met3 (guide).
[INFO DRT-0035]   Complete via3 (guide).
[INFO DRT-0035]   Complete met4 (guide).
[INFO DRT-0035]   Complete via4 (guide).
[INFO DRT-0035]   Complete met5 (guide).
[INFO DRT-0036] FR_MASTERSLICE guide region query size = 0.
[INFO DRT-0036] FR_VIA guide region query size = 0.
[INFO DRT-0036] li1 guide region query size = 2580.
[INFO DRT-0036] mcon guide region query size = 0.
[INFO DRT-0036] met1 guide region query size = 2441.
[INFO DRT-0036] via guide region query size = 0.
[INFO DRT-0036] met2 guide region query size = 1379.
[INFO DRT-0036] via2 guide region query size = 0.
[INFO DRT-0036] met3 guide region query size = 299.
[INFO DRT-0036] via3 guide region query size = 0.
[INFO DRT-0036] met4 guide region query size = 152.
[INFO DRT-0036] via4 guide region query size = 0.
[INFO DRT-0036] met5 guide region query size = 6.
[INFO DRT-0179] Init gr pin query.
[INFO DRT-0267] cpu time = 00:00:00, elapsed time = 00:00:00, memory = 690.39 (MB), peak = 781.73 (MB)
[INFO DRT-0245] skipped writing guide updates to database.
[INFO DRT-0181] Start track assignment.
[INFO DRT-0184] Done with 4111 vertical wires in 3 frboxes and 2746 horizontal wires in 2 frboxes.
[INFO DRT-0186] Done with 530 vertical wires in 3 frboxes and 732 horizontal wires in 2 frboxes.
[INFO DRT-0182] Complete track assignment.
[INFO DRT-0267] cpu time = 00:00:02, elapsed time = 00:00:00, memory = 690.39 (MB), peak = 781.73 (MB)
[INFO DRT-0187] Start routing data preparation.
[INFO DRT-0267] cpu time = 00:00:00, elapsed time = 00:00:00, memory = 690.39 (MB), peak = 781.73 (MB)
[INFO DRT-0194] Start detail routing.
[INFO DRT-0195] Start 0th optimization iteration.
    Completing 10% with 0 violations.
    elapsed time = 00:00:00, memory = 690.39 (MB).
    Completing 20% with 0 violations.
    elapsed time = 00:00:00, memory = 699.52 (MB).
    Completing 30% with 8 violations.
    elapsed time = 00:00:00, memory = 699.52 (MB).
    Completing 40% with 8 violations.
    elapsed time = 00:00:01, memory = 699.52 (MB).
    Completing 50% with 8 violations.
    elapsed time = 00:00:01, memory = 699.52 (MB).
    Completing 60% with 23 violations.
    elapsed time = 00:00:01, memory = 699.52 (MB).
    Completing 70% with 23 violations.
    elapsed time = 00:00:01, memory = 699.52 (MB).
    Completing 80% with 25 violations.
    elapsed time = 00:00:02, memory = 699.52 (MB).
    Completing 90% with 25 violations.
    elapsed time = 00:00:02, memory = 699.52 (MB).
    Completing 100% with 27 violations.
    elapsed time = 00:00:02, memory = 699.52 (MB).
[INFO DRT-0199]   Number of violations = 35.
Viol/Layer        met1
Metal Spacing        5
Recheck              8
Short               22
[INFO DRT-0267] cpu time = 00:00:09, elapsed time = 00:00:03, memory = 820.05 (MB), peak = 819.68 (MB)
Total wire length = 79746 um.
Total wire length on LAYER li1 = 0 um.
Total wire length on LAYER met1 = 22558 um.
Total wire length on LAYER met2 = 43951 um.
Total wire length on LAYER met3 = 6264 um.
Total wire length on LAYER met4 = 6903 um.
Total wire length on LAYER met5 = 68 um.
Total number of vias = 6682.
Up-via summary (total 6682):

-----------------------
 FR_MASTERSLICE       0
            li1    2922
           met1    3129
           met2     398
           met3     223
           met4      10
-----------------------
               6682


[INFO DRT-0195] Start 1st optimization iteration.
    Completing 10% with 35 violations.
    elapsed time = 00:00:00, memory = 820.05 (MB).
    Completing 20% with 35 violations.
    elapsed time = 00:00:00, memory = 820.05 (MB).
    Completing 30% with 26 violations.
    elapsed time = 00:00:00, memory = 820.05 (MB).
    Completing 40% with 26 violations.
    elapsed time = 00:00:00, memory = 820.05 (MB).
    Completing 50% with 26 violations.
    elapsed time = 00:00:01, memory = 820.05 (MB).
    Completing 60% with 26 violations.
    elapsed time = 00:00:01, memory = 696.64 (MB).
    Completing 70% with 26 violations.
    elapsed time = 00:00:01, memory = 696.64 (MB).
    Completing 80% with 19 violations.
    elapsed time = 00:00:02, memory = 696.64 (MB).
    Completing 90% with 19 violations.
    elapsed time = 00:00:02, memory = 698.74 (MB).
    Completing 100% with 19 violations.
    elapsed time = 00:00:02, memory = 698.74 (MB).
[INFO DRT-0199]   Number of violations = 19.
Viol/Layer        met1
Metal Spacing        2
Short               17
[INFO DRT-0267] cpu time = 00:00:09, elapsed time = 00:00:03, memory = 822.15 (MB), peak = 821.80 (MB)
Total wire length = 79748 um.
Total wire length on LAYER li1 = 0 um.
Total wire length on LAYER met1 = 22556 um.
Total wire length on LAYER met2 = 43954 um.
Total wire length on LAYER met3 = 6263 um.
Total wire length on LAYER met4 = 6905 um.
Total wire length on LAYER met5 = 68 um.
Total number of vias = 6685.
Up-via summary (total 6685):

-----------------------
 FR_MASTERSLICE       0
            li1    2924
           met1    3131
           met2     398
           met3     222
           met4      10
-----------------------
               6685


[INFO DRT-0195] Start 2nd optimization iteration.
    Completing 10% with 19 violations.
    elapsed time = 00:00:00, memory = 822.15 (MB).
    Completing 20% with 19 violations.
    elapsed time = 00:00:00, memory = 822.15 (MB).
    Completing 30% with 19 violations.
    elapsed time = 00:00:00, memory = 822.15 (MB).
    Completing 40% with 19 violations.
    elapsed time = 00:00:00, memory = 822.15 (MB).
    Completing 50% with 19 violations.
    elapsed time = 00:00:00, memory = 822.15 (MB).
    Completing 60% with 19 violations.
    elapsed time = 00:00:00, memory = 822.15 (MB).
    Completing 70% with 19 violations.
    elapsed time = 00:00:00, memory = 822.15 (MB).
    Completing 80% with 17 violations.
    elapsed time = 00:00:00, memory = 822.15 (MB).
    Completing 90% with 17 violations.
    elapsed time = 00:00:00, memory = 822.15 (MB).
    Completing 100% with 17 violations.
    elapsed time = 00:00:00, memory = 822.15 (MB).
[INFO DRT-0199]   Number of violations = 17.
Viol/Layer        met1
Short               17
[INFO DRT-0267] cpu time = 00:00:01, elapsed time = 00:00:00, memory = 698.74 (MB), peak = 821.80 (MB)
Total wire length = 79749 um.
Total wire length on LAYER li1 = 0 um.
Total wire length on LAYER met1 = 22556 um.
Total wire length on LAYER met2 = 43956 um.
Total wire length on LAYER met3 = 6263 um.
Total wire length on LAYER met4 = 6904 um.
Total wire length on LAYER met5 = 68 um.
Total number of vias = 6686.
Up-via summary (total 6686):

-----------------------
 FR_MASTERSLICE       0
            li1    2924
           met1    3132
           met2     398
           met3     222
           met4      10
-----------------------
               6686


[INFO DRT-0195] Start 3rd guides tiles iteration.
    Completing 30% with 17 violations.
    elapsed time = 00:00:03, memory = 698.74 (MB).
    Completing 60% with 0 violations.
    elapsed time = 00:00:03, memory = 698.74 (MB).
    Completing 100% with 0 violations.
    elapsed time = 00:00:03, memory = 698.74 (MB).
[INFO DRT-0199]   Number of violations = 0.
[INFO DRT-0267] cpu time = 00:00:03, elapsed time = 00:00:03, memory = 822.14 (MB), peak = 821.86 (MB)
Total wire length = 79745 um.
Total wire length on LAYER li1 = 0 um.
Total wire length on LAYER met1 = 22384 um.
Total wire length on LAYER met2 = 43956 um.
Total wire length on LAYER met3 = 6431 um.
Total wire length on LAYER met4 = 6904 um.
Total wire length on LAYER met5 = 68 um.
Total number of vias = 6686.
Up-via summary (total 6686):

-----------------------
 FR_MASTERSLICE       0
            li1    2924
           met1    3130
           met2     400
           met3     222
           met4      10
-----------------------
               6686


[INFO DRT-0198] Complete detail routing.
Total wire length = 79745 um.
Total wire length on LAYER li1 = 0 um.
Total wire length on LAYER met1 = 22384 um.
Total wire length on LAYER met2 = 43956 um.
Total wire length on LAYER met3 = 6431 um.
Total wire length on LAYER met4 = 6904 um.
Total wire length on LAYER met5 = 68 um.
Total number of vias = 6686.
Up-via summary (total 6686):

-----------------------
 FR_MASTERSLICE       0
            li1    2924
           met1    3130
           met2     400
           met3     222
           met4      10
-----------------------
               6686


[INFO DRT-0267] cpu time = 00:00:24, elapsed time = 00:00:11, memory = 822.14 (MB), peak = 821.86 (MB)

[INFO DRT-0180] Post processing.
[INFO DRT-0501] Runtime: 26.01s
[INFO ANT-0002] Found 0 net violations.
[INFO ANT-0001] Found 0 pin violations.
[INFO ANT-0002] Found 0 net violations.
[INFO ANT-0001] Found 0 pin violations.
Design area 275750 um^2 45% utilization.
write_db /work/campaigns/iscas_sustainability_extension/memory_compiler/gate3_attempt07_sram22_matched_physical_closure/raw/openroad/work/results/sky130hd/attempt07_e0/seed11/5_2_route.odb
Elapsed time: 2:08.22[h:]min:sec. CPU time: user 300.89 sys 2.77 (236%). Peak memory: 845748KB.
Log                       Ext     Elapsed/s Peak Memory/MB sha1sum result [0:20)
5_2_route                 .odb          128            825 c8129975f52a8fb80cb4
/OpenROAD-flow-scripts/flow/scripts/flow.sh 5_3_fillcell fillcell
Running fillcell.tcl, stage 5_3_fillcell
read_liberty /OpenROAD-flow-scripts/flow/platforms/sky130hd/lib/sky130_fd_sc_hd__tt_025C_1v80.lib
read_liberty /work/campaigns/iscas_sustainability_extension/memory_compiler/gate3_attempt07_sram22_matched_physical_closure/source_checkout/sram22_256x64m4w8/sram22_256x64m4w8_tt_025C_1v80.lib
read_liberty /work/campaigns/iscas_sustainability_extension/memory_compiler/gate3_attempt07_sram22_matched_physical_closure/source_checkout/sram22_256x8m8w1/sram22_256x8m8w1_tt_025C_1v80.lib
read_db /work/campaigns/iscas_sustainability_extension/memory_compiler/gate3_attempt07_sram22_matched_physical_closure/raw/openroad/work/results/sky130hd/attempt07_e0/seed11/5_2_route.odb
read_sdc /work/campaigns/iscas_sustainability_extension/memory_compiler/gate3_attempt07_sram22_matched_physical_closure/raw/openroad/work/results/sky130hd/attempt07_e0/seed11/5_1_grt.sdc
source /OpenROAD-flow-scripts/flow/platforms/sky130hd/setRC.tcl
filler_placement "sky130_fd_sc_hd__fill_1 sky130_fd_sc_hd__fill_2 sky130_fd_sc_hd__fill_4 sky130_fd_sc_hd__fill_8"
[INFO DPL-0001] Placed 41399 filler instances.
Design area 275750 um^2 45% utilization.
write_db /work/campaigns/iscas_sustainability_extension/memory_compiler/gate3_attempt07_sram22_matched_physical_closure/raw/openroad/work/results/sky130hd/attempt07_e0/seed11/5_3_fillcell.odb
Elapsed time: 0:04.25[h:]min:sec. CPU time: user 1.29 sys 0.59 (44%). Peak memory: 197100KB.
Log                       Ext     Elapsed/s Peak Memory/MB sha1sum result [0:20)
5_3_fillcell              .odb            4            192 5f3671eabb4cd418fffa
cp /work/campaigns/iscas_sustainability_extension/memory_compiler/gate3_attempt07_sram22_matched_physical_closure/raw/openroad/work/results/sky130hd/attempt07_e0/seed11/5_3_fillcell.odb /work/campaigns/iscas_sustainability_extension/memory_compiler/gate3_attempt07_sram22_matched_physical_closure/raw/openroad/work/results/sky130hd/attempt07_e0/seed11/5_route.odb
cp /work/campaigns/iscas_sustainability_extension/memory_compiler/gate3_attempt07_sram22_matched_physical_closure/raw/openroad/work/results/sky130hd/attempt07_e0/seed11/5_1_grt.sdc /work/campaigns/iscas_sustainability_extension/memory_compiler/gate3_attempt07_sram22_matched_physical_closure/raw/openroad/work/results/sky130hd/attempt07_e0/seed11/5_route.sdc
/OpenROAD-flow-scripts/flow/scripts/flow.sh 6_1_fill density_fill
Running density_fill.tcl, stage 6_1_fill
read_liberty /OpenROAD-flow-scripts/flow/platforms/sky130hd/lib/sky130_fd_sc_hd__tt_025C_1v80.lib
read_liberty /work/campaigns/iscas_sustainability_extension/memory_compiler/gate3_attempt07_sram22_matched_physical_closure/source_checkout/sram22_256x64m4w8/sram22_256x64m4w8_tt_025C_1v80.lib
read_liberty /work/campaigns/iscas_sustainability_extension/memory_compiler/gate3_attempt07_sram22_matched_physical_closure/source_checkout/sram22_256x8m8w1/sram22_256x8m8w1_tt_025C_1v80.lib
read_db /work/campaigns/iscas_sustainability_extension/memory_compiler/gate3_attempt07_sram22_matched_physical_closure/raw/openroad/work/results/sky130hd/attempt07_e0/seed11/5_route.odb
read_sdc /work/campaigns/iscas_sustainability_extension/memory_compiler/gate3_attempt07_sram22_matched_physical_closure/raw/openroad/work/results/sky130hd/attempt07_e0/seed11/5_route.sdc
source /OpenROAD-flow-scripts/flow/platforms/sky130hd/setRC.tcl
exec cp /work/campaigns/iscas_sustainability_extension/memory_compiler/gate3_attempt07_sram22_matched_physical_closure/raw/openroad/work/results/sky130hd/attempt07_e0/seed11/5_route.odb /work/campaigns/iscas_sustainability_extension/memory_compiler/gate3_attempt07_sram22_matched_physical_closure/raw/openroad/work/results/sky130hd/attempt07_e0/seed11/6_1_fill.odb
Elapsed time: 0:02.89[h:]min:sec. CPU time: user 0.98 sys 0.44 (49%). Peak memory: 160072KB.
Log                       Ext     Elapsed/s Peak Memory/MB sha1sum result [0:20)
6_1_fill                  .odb            2            156 5f3671eabb4cd418fffa
cp /work/campaigns/iscas_sustainability_extension/memory_compiler/gate3_attempt07_sram22_matched_physical_closure/raw/openroad/work/results/sky130hd/attempt07_e0/seed11/5_route.sdc /work/campaigns/iscas_sustainability_extension/memory_compiler/gate3_attempt07_sram22_matched_physical_closure/raw/openroad/work/results/sky130hd/attempt07_e0/seed11/6_1_fill.sdc
/OpenROAD-flow-scripts/flow/scripts/flow.sh 6_report final_report
Running final_report.tcl, stage 6_report
read_liberty /OpenROAD-flow-scripts/flow/platforms/sky130hd/lib/sky130_fd_sc_hd__tt_025C_1v80.lib
read_liberty /work/campaigns/iscas_sustainability_extension/memory_compiler/gate3_attempt07_sram22_matched_physical_closure/source_checkout/sram22_256x64m4w8/sram22_256x64m4w8_tt_025C_1v80.lib
read_liberty /work/campaigns/iscas_sustainability_extension/memory_compiler/gate3_attempt07_sram22_matched_physical_closure/source_checkout/sram22_256x8m8w1/sram22_256x8m8w1_tt_025C_1v80.lib
read_db /work/campaigns/iscas_sustainability_extension/memory_compiler/gate3_attempt07_sram22_matched_physical_closure/raw/openroad/work/results/sky130hd/attempt07_e0/seed11/6_1_fill.odb
read_sdc /work/campaigns/iscas_sustainability_extension/memory_compiler/gate3_attempt07_sram22_matched_physical_closure/raw/openroad/work/results/sky130hd/attempt07_e0/seed11/6_1_fill.sdc
source /OpenROAD-flow-scripts/flow/platforms/sky130hd/setRC.tcl
write_db /work/campaigns/iscas_sustainability_extension/memory_compiler/gate3_attempt07_sram22_matched_physical_closure/raw/openroad/work/results/sky130hd/attempt07_e0/seed11/6_final.odb
write_sdc -no_timestamp /work/campaigns/iscas_sustainability_extension/memory_compiler/gate3_attempt07_sram22_matched_physical_closure/raw/openroad/work/results/sky130hd/attempt07_e0/seed11/6_final.sdc
Deleted 0 routing obstructions
Warning: master sky130_ef_sc_hd__decap_12 has signal pins but no liberty cell
[INFO RCX-0431] Defined process_corner X with ext_model_index 0
[INFO RCX-0029] Defined extraction corner X
[WARNING RCX-0514] The ext_model_file option is deprecated. Use set_extraction_rules_file command instead.
[INFO RCX-0435] Reading extraction model file /OpenROAD-flow-scripts/flow/platforms/sky130hd/rcx_patterns.rules ...
[INFO RCX-0436] RC segment generation e0_sram22_top (max_merge_res 50.0) ...
[INFO RCX-0040] Final 3736 rc segments
[INFO RCX-0439] Coupling Cap extraction e0_sram22_top ...
[INFO RCX-0440] Coupling threshhold is 0.1000 fF, coupling capacitance less than 0.1000 fF will be grounded.
[INFO RCX-0442] 83% of 21748 wires extracted
[INFO RCX-0442] 88% of 21748 wires extracted
[INFO RCX-0442] 100% of 21748 wires extracted
[INFO RCX-0045] Extract 1232 nets, 4968 rsegs, 4968 caps, 7032 ccs
[INFO RCX-0443] 1232 nets finished
[INFO PSM-0040] All shapes on net VDD are connected.
########## IR report #################
Net              : VDD
Corner           : default
Total power      : 1.97e-03 W
Supply voltage   : 1.80e+00 V
Worstcase voltage: 1.80e+00 V
Average voltage  : 1.80e+00 V
Average IR drop  : 5.12e-07 V
Worstcase IR drop: 2.46e-04 V
Percentage drop  : 0.01 %
######################################
[INFO PSM-0040] All shapes on net VSS are connected.
########## IR report #################
Net              : VSS
Corner           : default
Total power      : 1.97e-03 W
Supply voltage   : 0.00e+00 V
Worstcase voltage: 1.79e-04 V
Average voltage  : 6.38e-07 V
Average IR drop  : 6.38e-07 V
Worstcase IR drop: 1.79e-04 V
Percentage drop  : 0.01 %
######################################
Cell type report:                       Count       Area
  Macro                                     2  260331.57
  Fill cell                             41399  330807.27
  Tap cell                               4738    5928.19
  Antenna cell                             37      92.59
  Clock buffer                              3      75.07
  Timing Repair Buffer                    551    3996.33
  Clock inverter                            1      30.03
  Multi-Input combinational cell          530    5296.33
  Total                                 47261  606557.37
Report metrics stage 6, finish...

==========================================================================
finish report_design_area
--------------------------------------------------------------------------
Design area 275750 um^2 45% utilization.
[WARNING GUI-0076] QStandardPaths: XDG_RUNTIME_DIR not set, defaulting to '/tmp/runtime-root'
Elapsed time: 0:18.69[h:]min:sec. CPU time: user 10.44 sys 1.39 (63%). Peak memory: 324096KB.
Log                       Ext     Elapsed/s Peak Memory/MB sha1sum result [0:20)
6_report                                 18            316                  N/A
cp /OpenROAD-flow-scripts/flow/platforms/sky130hd/lef/sky130_fd_sc_hd.tlef /work/campaigns/iscas_sustainability_extension/memory_compiler/gate3_attempt07_sram22_matched_physical_closure/raw/openroad/work/objects/sky130hd/attempt07_e0/seed11/klayout_tech.lef
/usr/bin/python3 /OpenROAD-flow-scripts/flow/util/generate_klayout_tech.py \
	--template /OpenROAD-flow-scripts/flow/platforms/sky130hd/sky130hd.lyt \
	--output /work/campaigns/iscas_sustainability_extension/memory_compiler/gate3_attempt07_sram22_matched_physical_closure/raw/openroad/work/objects/sky130hd/attempt07_e0/seed11/klayout.lyt \
	--lef-files /work/campaigns/iscas_sustainability_extension/memory_compiler/gate3_attempt07_sram22_matched_physical_closure/raw/openroad/work/objects/sky130hd/attempt07_e0/seed11/klayout_tech.lef /OpenROAD-flow-scripts/flow/platforms/sky130hd/lef/sky130_fd_sc_hd_merged.lef /work/campaigns/iscas_sustainability_extension/memory_compiler/gate3_attempt07_sram22_matched_physical_closure/source_checkout/sram22_256x64m4w8/sram22_256x64m4w8.lef /work/campaigns/iscas_sustainability_extension/memory_compiler/gate3_attempt07_sram22_matched_physical_closure/source_checkout/sram22_256x8m8w1/sram22_256x8m8w1.lef   \
	--map-files 
/usr/bin/python3 /OpenROAD-flow-scripts/flow/scripts/run_command.py --log /work/campaigns/iscas_sustainability_extension/memory_compiler/gate3_attempt07_sram22_matched_physical_closure/raw/openroad/work/logs/sky130hd/attempt07_e0/seed11/6_1_merge.log --tee -- \
        /OpenROAD-flow-scripts/flow/scripts/klayout.sh -zz -rd design_name=e0_sram22_top \
        -rd in_def=/work/campaigns/iscas_sustainability_extension/memory_compiler/gate3_attempt07_sram22_matched_physical_closure/raw/openroad/work/results/sky130hd/attempt07_e0/seed11/6_final.def \
        -rd in_files="/OpenROAD-flow-scripts/flow/platforms/sky130hd/gds/sky130_fd_sc_hd.gds /work/campaigns/iscas_sustainability_extension/memory_compiler/gate3_attempt07_sram22_matched_physical_closure/raw/derived_gds/sram22_256x64m4w8.gds /work/campaigns/iscas_sustainability_extension/memory_compiler/gate3_attempt07_sram22_matched_physical_closure/raw/derived_gds/sram22_256x8m8w1.gds " \
        -rd seal_file="" \
        -rd out_file=/work/campaigns/iscas_sustainability_extension/memory_compiler/gate3_attempt07_sram22_matched_physical_closure/raw/openroad/work/results/sky130hd/attempt07_e0/seed11/6_1_merged.gds \
        -rd tech_file=/work/campaigns/iscas_sustainability_extension/memory_compiler/gate3_attempt07_sram22_matched_physical_closure/raw/openroad/work/objects/sky130hd/attempt07_e0/seed11/klayout.lyt \
        -rd layer_map= \
        -r /OpenROAD-flow-scripts/flow/util/def2stream.py
KLayout 0.30.7
[INFO] Reporting cells prior to loading DEF ...
	/OpenROAD-flow-scripts/flow/platforms/sky130hd/gds/sky130_fd_sc_hd.gds
	/work/campaigns/iscas_sustainability_extension/memory_compiler/gate3_attempt07_sram22_matched_physical_closure/raw/derived_gds/sram22_256x64m4w8.gds
	/work/campaigns/iscas_sustainability_extension/memory_compiler/gate3_attempt07_sram22_matched_physical_closure/raw/derived_gds/sram22_256x8m8w1.gds
[INFO] All LEF cells have matching GDS/OAS cells
[INFO] No orphan cells in the final layout
Elapsed time: 0:11.37[h:]min:sec. CPU time: user 6.01 sys 1.47 (65%). Peak memory: 639644KB.
cp /work/campaigns/iscas_sustainability_extension/memory_compiler/gate3_attempt07_sram22_matched_physical_closure/raw/openroad/work/results/sky130hd/attempt07_e0/seed11/6_1_merged.gds /work/campaigns/iscas_sustainability_extension/memory_compiler/gate3_attempt07_sram22_matched_physical_closure/raw/openroad/work/results/sky130hd/attempt07_e0/seed11/6_final.gds
/work/campaigns/iscas_sustainability_extension/memory_compiler/gate3_attempt07_sram22_matched_physical_closure/raw/openroad/work/logs/sky130hd/attempt07_e0/seed11
Log                       Ext     Elapsed/s Peak Memory/MB sha1sum result [0:20)
1_1_yosys_canonicalize    .rtlil          0             59 6bd81443545b638514e6
1_2_yosys                 .v              5             62 7f9be3ddf150e78e1dc2
1_2_yosys                 .sdc                             0d6c1bb7f20e76805001
1_synth                   .odb            1            124 bc1fb46ffda6661f05dc
1_synth                   .sdc                             449fc72f0abfd7eed5f3
2_1_floorplan             .odb            2            143 cdc890216202db01edd2
2_1_floorplan             .sdc                             449fc72f0abfd7eed5f3
2_2_floorplan_macro       .odb            1            123 661dbc4e0462b19ebeb3
2_3_floorplan_tapcell     .odb            1            124 c03e726296ec12b21e69
2_4_floorplan_pdn         .odb            2            143 4ada61977e0230ac6efa
3_1_place_gp_skip_io      .odb            4            135 e16d05bfc54fd4a1f505
3_2_place_iop             .odb            1            130 da05d42df9496d52318a
3_3_place_gp              .odb            6            282 527eefb94e9c816fe095
3_5_place_dp              .odb            5            163 65169d9d4c14f260e2e6
4_1_cts                   .odb           11            179 4f21ecce61fdbeba41fb
5_1_grt                   .odb           21            323 1a986157ea0876b064f0
5_1_grt                   .sdc                             3cad56baab78945476a2
5_2_route                 .odb          128            825 c8129975f52a8fb80cb4
5_3_fillcell              .odb            4            192 5f3671eabb4cd418fffa
6_1_fill                  .odb            2            156 5f3671eabb4cd418fffa
6_1_fill                  .sdc                             3cad56baab78945476a2
6_1_merge                                11            624                  N/A
6_report                                 18            316                  N/A
Total                                   223            825                     
