mkdir -p /work/campaigns/iscas_sustainability_extension/memory_compiler/gate3_attempt07_sram22_matched_physical_closure/raw/openroad/work/results/sky130hd/attempt07_u0/seed19/
echo 10.0 > /work/campaigns/iscas_sustainability_extension/memory_compiler/gate3_attempt07_sram22_matched_physical_closure/raw/openroad/work/results/sky130hd/attempt07_u0/seed19/clock_period.txt
/OpenROAD-flow-scripts/flow/scripts/synth.sh /OpenROAD-flow-scripts/flow/scripts/synth_canonicalize.tcl /work/campaigns/iscas_sustainability_extension/memory_compiler/gate3_attempt07_sram22_matched_physical_closure/raw/openroad/work/logs/sky130hd/attempt07_u0/seed19/1_1_yosys_canonicalize.log
Using ABC speed script.
Extracting clock period from SDC file: /work/campaigns/iscas_sustainability_extension/memory_compiler/gate3_attempt07_sram22_matched_physical_closure/raw/openroad/work/results/sky130hd/attempt07_u0/seed19/clock_period.txt
Setting clock period to 10.0
1. Executing Liberty frontend: /OpenROAD-flow-scripts/flow/platforms/sky130hd/lib/sky130_fd_sc_hd__tt_025C_1v80.lib
2. Executing Liberty frontend: /work/campaigns/iscas_sustainability_extension/memory_compiler/gate3_attempt07_sram22_matched_physical_closure/source_checkout/sram22_256x64m4w8/sram22_256x64m4w8_tt_025C_1v80.lib
3. Executing Liberty frontend: /OpenROAD-flow-scripts/flow/platforms/sky130hd/lib/sky130_fd_sc_hd__tt_025C_1v80.lib
4. Executing Liberty frontend: /work/campaigns/iscas_sustainability_extension/memory_compiler/gate3_attempt07_sram22_matched_physical_closure/source_checkout/sram22_256x64m4w8/sram22_256x64m4w8_tt_025C_1v80.lib
5. Executing Verilog-2005 frontend: /work/campaigns/iscas_sustainability_extension/memory_compiler/gate3_attempt07_sram22_matched_physical_closure/source_checkout/sram22_256x64m4w8/sram22_256x64m4w8.v
6. Executing Verilog-2005 frontend: /work/campaigns/iscas_sustainability_extension/memory_compiler/gate3_attempt07_sram22_matched_physical_closure/rtl/unprotected_sram_256x64_sram22.sv
7. Executing Verilog-2005 frontend: /OpenROAD-flow-scripts/flow/platforms/sky130hd/cells_clkgate_hd.v
8. Executing HIERARCHY pass (managing design hierarchy).
9. Executing AST frontend in derive mode using pre-parsed AST for module `\u0_sram22_top'.
9.1. Analyzing design hierarchy..
9.2. Analyzing design hierarchy..
Warning: Selection "sram22_256x64m4w8" did not match any module.
10. Executing HIERARCHY pass (managing design hierarchy).
10.1. Analyzing design hierarchy..
10.2. Analyzing design hierarchy..
11. Executing OPT_CLEAN pass (remove unused cells and wires).
12. Executing RTLIL backend.
Warnings: 1 unique messages, 1 total
End of script. Logfile hash: 042d467dbd, time: 0.71s, user: 0.31s, system: 0.14s, MEM: 56.30 MB peak
Yosys 0.68+post (git sha1 UNKNOWN, Release, GNU /usr/local/bin/wrapped-cc/g++ 11.4.0)
Time spent: 79% 6x read_liberty (0 sec), 8% 2x write_rtlil (0 sec), ...
Elapsed time: 0:00.74[h:]min:sec. CPU time: user 0.34 sys 0.16 (67%). Peak memory: 60416KB.
Log                       Ext     Elapsed/s Peak Memory/MB sha1sum result [0:20)
1_1_yosys_canonicalize    .rtlil          0             59 146abac7f1528e9f5773
/OpenROAD-flow-scripts/flow/scripts/synth.sh /OpenROAD-flow-scripts/flow/scripts/synth.tcl /work/campaigns/iscas_sustainability_extension/memory_compiler/gate3_attempt07_sram22_matched_physical_closure/raw/openroad/work/logs/sky130hd/attempt07_u0/seed19/1_2_yosys.log
Using ABC speed script.
Extracting clock period from SDC file: /work/campaigns/iscas_sustainability_extension/memory_compiler/gate3_attempt07_sram22_matched_physical_closure/raw/openroad/work/results/sky130hd/attempt07_u0/seed19/clock_period.txt
Setting clock period to 10.0
1. Executing RTLIL frontend.
Warning: Selection "sram22_256x64m4w8" did not match any module.
2. Executing HIERARCHY pass (managing design hierarchy).
2.1. Analyzing design hierarchy..
2.2. Analyzing design hierarchy..
3. Executing SYNTH pass.
3.1. Executing HIERARCHY pass (managing design hierarchy).
3.1.1. Analyzing design hierarchy..
3.1.2. Analyzing design hierarchy..
3.2. Executing PROC pass (convert processes to netlists).
3.2.1. Executing PROC_CLEAN pass (remove empty switches from decision trees).
3.2.2. Executing PROC_RMDEAD pass (remove dead branches from decision trees).
3.2.3. Executing PROC_PRUNE pass (remove redundant assignments in processes).
3.2.4. Executing PROC_INIT pass (extract init attributes).
3.2.5. Executing PROC_ARST pass (detect async resets in processes).
3.2.6. Executing PROC_ROM pass (convert switches to ROMs).
3.2.7. Executing PROC_MUX pass (convert decision trees to multiplexers).
3.2.8. Executing PROC_DLATCH pass (convert process syncs to latches).
3.2.9. Executing PROC_DFF pass (convert process syncs to FFs).
3.2.10. Executing PROC_MEMWR pass (convert process memory writes to cells).
3.2.11. Executing PROC_CLEAN pass (remove empty switches from decision trees).
3.2.12. Executing OPT_EXPR pass (perform const folding).
3.3. Executing CHECK pass (checking for obvious problems).
3.4. Executing FLATTEN pass (flatten design).
3.5. Executing OPT_EXPR pass (perform const folding).
3.6. Executing OPT_CLEAN pass (remove unused cells and wires).
3.7. Executing CHECK pass (checking for obvious problems).
3.8. Executing OPT pass (performing simple optimizations).
3.8.1. Executing OPT_EXPR pass (perform const folding).
3.8.2. Executing OPT_MERGE pass (detect identical cells).
3.8.3. Executing OPT_MUXTREE pass (detect dead branches in mux trees).
3.8.4. Executing OPT_REDUCE pass (consolidate $*mux and $reduce_* inputs).
3.8.5. Executing OPT_MERGE pass (detect identical cells).
3.8.6. Executing OPT_DFF pass (perform DFF optimizations).
3.8.7. Executing OPT_CLEAN pass (remove unused cells and wires).
3.8.8. Executing OPT_EXPR pass (perform const folding).
3.8.9. Finished fast OPT passes. (There is nothing left to do.)
3.9. Executing FSM pass (extract and optimize FSM).
3.9.1. Executing FSM_DETECT pass (finding FSMs in design).
3.9.2. Executing FSM_EXTRACT pass (extracting FSM from design).
3.9.3. Executing FSM_OPT pass (simple optimizations of FSMs).
3.9.4. Executing OPT_CLEAN pass (remove unused cells and wires).
3.9.5. Executing FSM_OPT pass (simple optimizations of FSMs).
3.9.6. Executing FSM_RECODE pass (re-assigning FSM state encoding).
3.9.7. Executing FSM_INFO pass (dumping all available information on FSM cells).
3.9.8. Executing FSM_MAP pass (mapping FSMs to basic logic).
3.10. Executing OPT pass (performing simple optimizations).
3.10.1. Executing OPT_EXPR pass (perform const folding).
3.10.2. Executing OPT_MERGE pass (detect identical cells).
3.10.3. Executing OPT_MUXTREE pass (detect dead branches in mux trees).
3.10.4. Executing OPT_REDUCE pass (consolidate $*mux and $reduce_* inputs).
3.10.5. Executing OPT_MERGE pass (detect identical cells).
3.10.6. Executing OPT_DFF pass (perform DFF optimizations).
3.10.7. Executing OPT_CLEAN pass (remove unused cells and wires).
3.10.8. Executing OPT_EXPR pass (perform const folding).
3.10.9. Finished fast OPT passes. (There is nothing left to do.)
3.11. Executing WREDUCE pass (reducing word size of cells).
3.12. Executing PEEPOPT pass (run peephole optimizers).
3.13. Executing OPT_CLEAN pass (remove unused cells and wires).
3.14. Executing ALUMACC pass (create $alu and $macc cells).
3.15. Executing SHARE pass (SAT-based resource sharing).
3.16. Executing OPT pass (performing simple optimizations).
3.16.1. Executing OPT_EXPR pass (perform const folding).
3.16.2. Executing OPT_MERGE pass (detect identical cells).
3.16.3. Executing OPT_MUXTREE pass (detect dead branches in mux trees).
3.16.4. Executing OPT_REDUCE pass (consolidate $*mux and $reduce_* inputs).
3.16.5. Executing OPT_MERGE pass (detect identical cells).
3.16.6. Executing OPT_DFF pass (perform DFF optimizations).
3.16.7. Executing OPT_CLEAN pass (remove unused cells and wires).
3.16.8. Executing OPT_EXPR pass (perform const folding).
3.16.9. Finished fast OPT passes. (There is nothing left to do.)
3.17. Executing MEMORY pass.
3.17.1. Executing OPT_MEM pass (optimize memories).
3.17.2. Executing OPT_MEM_PRIORITY pass (removing unnecessary memory write priority relations).
3.17.3. Executing OPT_MEM_FEEDBACK pass (finding memory read-to-write feedback paths).
3.17.4. Executing MEMORY_BMUX2ROM pass (converting muxes to ROMs).
3.17.5. Executing MEMORY_DFF pass (merging $dff cells to $memrd).
3.17.6. Executing OPT_CLEAN pass (remove unused cells and wires).
3.17.7. Executing MEMORY_SHARE pass (consolidating $memrd/$memwr cells).
3.17.8. Executing OPT_MEM_WIDEN pass (optimize memories where all ports are wide).
3.17.9. Executing OPT_CLEAN pass (remove unused cells and wires).
3.17.10. Executing MEMORY_COLLECT pass (generating $mem cells).
3.18. Executing OPT_CLEAN pass (remove unused cells and wires).
4. Executing SYNTH pass.
4.1. Executing OPT pass (performing simple optimizations).
4.1.1. Executing OPT_EXPR pass (perform const folding).
4.1.2. Executing OPT_MERGE pass (detect identical cells).
4.1.3. Executing OPT_DFF pass (perform DFF optimizations).
4.1.4. Executing OPT_CLEAN pass (remove unused cells and wires).
4.1.5. Finished fast OPT passes.
4.2. Executing MEMORY_MAP pass (converting memories to logic and flip-flops).
4.3. Executing OPT pass (performing simple optimizations).
4.3.1. Executing OPT_EXPR pass (perform const folding).
4.3.2. Executing OPT_MERGE pass (detect identical cells).
4.3.3. Executing OPT_MUXTREE pass (detect dead branches in mux trees).
4.3.4. Executing OPT_REDUCE pass (consolidate $*mux and $reduce_* inputs).
4.3.5. Executing OPT_MERGE pass (detect identical cells).
4.3.6. Executing OPT_SHARE pass.
4.3.7. Executing OPT_DFF pass (perform DFF optimizations).
4.3.8. Executing OPT_CLEAN pass (remove unused cells and wires).
4.3.9. Executing OPT_EXPR pass (perform const folding).
4.3.10. Finished fast OPT passes. (There is nothing left to do.)
4.4. Executing TECHMAP pass (map to technology primitives).
4.4.1. Executing Verilog-2005 frontend: /OpenROAD-flow-scripts/tools/install/yosys/bin/../share/yosys/techmap.v
4.4.2. Executing Verilog-2005 frontend: /OpenROAD-flow-scripts/flow/platforms/common/lcu_kogge_stone.v
4.4.3. Continuing TECHMAP pass.
4.5. Executing OPT pass (performing simple optimizations).
4.5.1. Executing OPT_EXPR pass (perform const folding).
4.5.2. Executing OPT_MERGE pass (detect identical cells).
4.5.3. Executing OPT_DFF pass (perform DFF optimizations).
4.5.4. Executing OPT_CLEAN pass (remove unused cells and wires).
4.5.5. Finished fast OPT passes.
4.6. Executing HIERARCHY pass (managing design hierarchy).
4.6.1. Analyzing design hierarchy..
4.6.2. Analyzing design hierarchy..
4.7. Printing statistics.
4.8. Executing CHECK pass (checking for obvious problems).
5. Executing OPT pass (performing simple optimizations).
5.1. Executing OPT_EXPR pass (perform const folding).
5.2. Executing OPT_MERGE pass (detect identical cells).
5.3. Executing OPT_MUXTREE pass (detect dead branches in mux trees).
5.4. Executing OPT_REDUCE pass (consolidate $*mux and $reduce_* inputs).
5.5. Executing OPT_MERGE pass (detect identical cells).
5.6. Executing OPT_DFF pass (perform DFF optimizations).
5.7. Executing OPT_CLEAN pass (remove unused cells and wires).
5.8. Executing OPT_EXPR pass (perform const folding).
5.9. Finished fast OPT passes. (There is nothing left to do.)
6. Executing EXTRACT_FA pass (find and extract full/half adders).
7. Executing TECHMAP pass (map to technology primitives).
7.1. Executing Verilog-2005 frontend: /OpenROAD-flow-scripts/flow/platforms/sky130hd/cells_adders_hd.v
7.2. Continuing TECHMAP pass.
8. Executing TECHMAP pass (map to technology primitives).
8.1. Executing Verilog-2005 frontend: /OpenROAD-flow-scripts/tools/install/yosys/bin/../share/yosys/techmap.v
8.2. Continuing TECHMAP pass.
9. Executing OPT pass (performing simple optimizations).
9.1. Executing OPT_EXPR pass (perform const folding).
9.2. Executing OPT_MERGE pass (detect identical cells).
9.3. Executing OPT_DFF pass (perform DFF optimizations).
9.4. Executing OPT_CLEAN pass (remove unused cells and wires).
9.5. Finished fast OPT passes.
10. Executing DFFLEGALIZE pass (convert FFs to types supported by the target).
11. Executing TECHMAP pass (map to technology primitives).
11.1. Executing Verilog-2005 frontend: /OpenROAD-flow-scripts/flow/platforms/sky130hd/cells_latch_hd.v
11.2. Continuing TECHMAP pass.
12. Executing DFFLIBMAP pass (mapping DFF cells to sequential cells from liberty file).
12.1. Executing DFFLEGALIZE pass (convert FFs to types supported by the target).
13. Executing OPT pass (performing simple optimizations).
13.1. Executing OPT_EXPR pass (perform const folding).
13.2. Executing OPT_MERGE pass (detect identical cells).
13.3. Executing OPT_MUXTREE pass (detect dead branches in mux trees).
13.4. Executing OPT_REDUCE pass (consolidate $*mux and $reduce_* inputs).
13.5. Executing OPT_MERGE pass (detect identical cells).
13.6. Executing OPT_DFF pass (perform DFF optimizations).
13.7. Executing OPT_CLEAN pass (remove unused cells and wires).
13.8. Executing OPT_EXPR pass (perform const folding).
13.9. Finished fast OPT passes. (There is nothing left to do.)
14. Executing SETUNDEF pass (replace undef values with defined constants).
abc -script /OpenROAD-flow-scripts/flow/scripts/abc_speed.script -liberty /OpenROAD-flow-scripts/flow/platforms/sky130hd/lib/sky130_fd_sc_hd__tt_025C_1v80.lib -liberty /work/campaigns/iscas_sustainability_extension/memory_compiler/gate3_attempt07_sram22_matched_physical_closure/source_checkout/sram22_256x64m4w8/sram22_256x64m4w8_tt_025C_1v80.lib -dont_use sky130_fd_sc_hd__probe_p_8 -dont_use sky130_fd_sc_hd__probec_p_8 -dont_use sky130_fd_sc_hd__lpflow_bleeder_1 -dont_use sky130_fd_sc_hd__lpflow_clkbufkapwr_1 -dont_use sky130_fd_sc_hd__lpflow_clkbufkapwr_16 -dont_use sky130_fd_sc_hd__lpflow_clkbufkapwr_2 -dont_use sky130_fd_sc_hd__lpflow_clkbufkapwr_4 -dont_use sky130_fd_sc_hd__lpflow_clkbufkapwr_8 -dont_use sky130_fd_sc_hd__lpflow_clkinvkapwr_1 -dont_use sky130_fd_sc_hd__lpflow_clkinvkapwr_16 -dont_use sky130_fd_sc_hd__lpflow_clkinvkapwr_2 -dont_use sky130_fd_sc_hd__lpflow_clkinvkapwr_4 -dont_use sky130_fd_sc_hd__lpflow_clkinvkapwr_8 -dont_use sky130_fd_sc_hd__lpflow_decapkapwr_12 -dont_use sky130_fd_sc_hd__lpflow_decapkapwr_3 -dont_use sky130_fd_sc_hd__lpflow_decapkapwr_4 -dont_use sky130_fd_sc_hd__lpflow_decapkapwr_6 -dont_use sky130_fd_sc_hd__lpflow_decapkapwr_8 -dont_use sky130_fd_sc_hd__lpflow_inputiso0n_1 -dont_use sky130_fd_sc_hd__lpflow_inputiso0p_1 -dont_use sky130_fd_sc_hd__lpflow_inputiso1n_1 -dont_use sky130_fd_sc_hd__lpflow_inputiso1p_1 -dont_use sky130_fd_sc_hd__lpflow_inputisolatch_1 -dont_use sky130_fd_sc_hd__lpflow_isobufsrc_1 -dont_use sky130_fd_sc_hd__lpflow_isobufsrc_16 -dont_use sky130_fd_sc_hd__lpflow_isobufsrc_2 -dont_use sky130_fd_sc_hd__lpflow_isobufsrc_4 -dont_use sky130_fd_sc_hd__lpflow_isobufsrc_8 -dont_use sky130_fd_sc_hd__lpflow_isobufsrckapwr_16 -dont_use sky130_fd_sc_hd__lpflow_lsbuf_lh_hl_isowell_tap_1 -dont_use sky130_fd_sc_hd__lpflow_lsbuf_lh_hl_isowell_tap_2 -dont_use sky130_fd_sc_hd__lpflow_lsbuf_lh_hl_isowell_tap_4 -dont_use sky130_fd_sc_hd__lpflow_lsbuf_lh_isowell_4 -dont_use sky130_fd_sc_hd__lpflow_lsbuf_lh_isowell_tap_1 -dont_use sky130_fd_sc_hd__lpflow_lsbuf_lh_isowell_tap_2 -dont_use sky130_fd_sc_hd__lpflow_lsbuf_lh_isowell_tap_4 -constr /work/campaigns/iscas_sustainability_extension/memory_compiler/gate3_attempt07_sram22_matched_physical_closure/raw/openroad/work/objects/sky130hd/attempt07_u0/seed19/abc.constr -D 10.0
15. Executing ABC pass (technology mapping using ABC).
15.1. Extracting gate netlist of module `\u0_sram22_top' to `<abc-temp-dir>/input.blif'..
15.1.1. Executed ABC.
16. Executing SPLITNETS pass (splitting up multi-bit signals).
17. Executing OPT_CLEAN pass (remove unused cells and wires).
18. Executing HILOMAP pass (mapping to constant drivers).
19. Executing INSBUF pass (insert buffer cells for connected wires).
20. Executing CHECK pass (checking for obvious problems).
21. Printing statistics.
22. Executing CHECK pass (checking for obvious problems).
23. Executing Verilog backend.
23.1. Executing BMUXMAP pass.
23.2. Executing DEMUXMAP pass.
Warnings: 1 unique messages, 1 total
End of script. Logfile hash: cb88c73249, time: 2.81s, user: 0.78s, system: 0.99s, MEM: 59.23 MB peak
Yosys 0.68+post (git sha1 UNKNOWN, Release, GNU /usr/local/bin/wrapped-cc/g++ 11.4.0)
Time spent: 24% 1x abc (0 sec), 21% 2x synth (0 sec), ...
Elapsed time: 0:02.85[h:]min:sec. CPU time: user 1.27 sys 1.15 (85%). Peak memory: 62396KB.
Log                       Ext     Elapsed/s Peak Memory/MB sha1sum result [0:20)
1_2_yosys                 .v              2             60 8772a33532b297f6e8d6
cp /work/campaigns/iscas_sustainability_extension/memory_compiler/gate3_attempt07_sram22_matched_physical_closure/openroad/u0/constraint.sdc /work/campaigns/iscas_sustainability_extension/memory_compiler/gate3_attempt07_sram22_matched_physical_closure/raw/openroad/work/results/sky130hd/attempt07_u0/seed19/1_2_yosys.sdc
touch -r /work/campaigns/iscas_sustainability_extension/memory_compiler/gate3_attempt07_sram22_matched_physical_closure/openroad/u0/constraint.sdc /work/campaigns/iscas_sustainability_extension/memory_compiler/gate3_attempt07_sram22_matched_physical_closure/raw/openroad/work/results/sky130hd/attempt07_u0/seed19/1_2_yosys.sdc
OpenROAD 26Q3-1080-gab6fd26351 
Features included (+) or not (-): +GPU +GUI +Python
This program is licensed under the BSD-3 license. See the LICENSE file for details.
Components of this program may be licensed under more restrictive licenses which must be honored.
[INFO ORD-0030] Using 4 thread(s).
mkdir -p /work/campaigns/iscas_sustainability_extension/memory_compiler/gate3_attempt07_sram22_matched_physical_closure/raw/openroad/work/objects/sky130hd/attempt07_u0/seed19
/OpenROAD-flow-scripts/flow/scripts/flow.sh 1_synth synth_odb
Running synth_odb.tcl, stage 1_synth
read_liberty /OpenROAD-flow-scripts/flow/platforms/sky130hd/lib/sky130_fd_sc_hd__tt_025C_1v80.lib
read_liberty /work/campaigns/iscas_sustainability_extension/memory_compiler/gate3_attempt07_sram22_matched_physical_closure/source_checkout/sram22_256x64m4w8/sram22_256x64m4w8_tt_025C_1v80.lib
[INFO ODB-0227] LEF file: /OpenROAD-flow-scripts/flow/platforms/sky130hd/lef/sky130_fd_sc_hd.tlef, created 13 layers, 25 vias
[INFO ODB-0227] LEF file: /OpenROAD-flow-scripts/flow/platforms/sky130hd/lef/sky130_fd_sc_hd_merged.lef, created 441 library cells
[INFO ODB-0227] LEF file: /work/campaigns/iscas_sustainability_extension/memory_compiler/gate3_attempt07_sram22_matched_physical_closure/source_checkout/sram22_256x64m4w8/sram22_256x64m4w8.lef, created 1 library cells
link_design u0_sram22_top
read_sdc /work/campaigns/iscas_sustainability_extension/memory_compiler/gate3_attempt07_sram22_matched_physical_closure/raw/openroad/work/results/sky130hd/attempt07_u0/seed19/1_2_yosys.sdc
source /OpenROAD-flow-scripts/flow/platforms/sky130hd/setRC.tcl
eliminate_dead_logic
Removed 0 unused instances and 0 unused nets.
Design area 201267 um^2 100% utilization.
write_db /work/campaigns/iscas_sustainability_extension/memory_compiler/gate3_attempt07_sram22_matched_physical_closure/raw/openroad/work/results/sky130hd/attempt07_u0/seed19/1_synth.odb
write_sdc -no_timestamp /work/campaigns/iscas_sustainability_extension/memory_compiler/gate3_attempt07_sram22_matched_physical_closure/raw/openroad/work/results/sky130hd/attempt07_u0/seed19/1_synth.sdc
Elapsed time: 0:01.43[h:]min:sec. CPU time: user 0.92 sys 0.15 (74%). Peak memory: 126600KB.
Log                       Ext     Elapsed/s Peak Memory/MB sha1sum result [0:20)
1_synth                   .odb            1            123 5d220c2656e8b04019d7
1_synth                   .sdc                             b6f9383ea778b3f433b7
/OpenROAD-flow-scripts/flow/scripts/flow.sh 2_1_floorplan floorplan
Running floorplan.tcl, stage 2_1_floorplan
read_liberty /OpenROAD-flow-scripts/flow/platforms/sky130hd/lib/sky130_fd_sc_hd__tt_025C_1v80.lib
read_liberty /work/campaigns/iscas_sustainability_extension/memory_compiler/gate3_attempt07_sram22_matched_physical_closure/source_checkout/sram22_256x64m4w8/sram22_256x64m4w8_tt_025C_1v80.lib
read_db /work/campaigns/iscas_sustainability_extension/memory_compiler/gate3_attempt07_sram22_matched_physical_closure/raw/openroad/work/results/sky130hd/attempt07_u0/seed19/1_synth.odb
read_sdc /work/campaigns/iscas_sustainability_extension/memory_compiler/gate3_attempt07_sram22_matched_physical_closure/raw/openroad/work/results/sky130hd/attempt07_u0/seed19/1_synth.sdc
source /OpenROAD-flow-scripts/flow/platforms/sky130hd/setRC.tcl
Master sky130_ef_sc_hd__decap_12 is loaded but not used in the design

==========================================================================
Floorplan check_setup
--------------------------------------------------------------------------
number instances in verilog is 1
[WARNING IFP-0028] Core area lower left (10.000, 10.000) snapped to (10.120, 10.880).
[INFO IFP-0001] Added 165 rows of 2130 site unithd.
[INFO IFP-0100] Die BBox:  (  0.000  0.000 ) ( 1000.000 470.000 ) um
[INFO IFP-0101] Core BBox: ( 10.120 10.880 ) ( 989.920 459.680 ) um
[INFO IFP-0102] Core area:                       439734.240 um^2
[INFO IFP-0103] Total instances area:            201266.597 um^2
[INFO IFP-0104] Effective utilization:                0.458
[INFO IFP-0105] Number of instances:                      1
source /OpenROAD-flow-scripts/flow/platforms/sky130hd/make_tracks.tcl
source /OpenROAD-flow-scripts/flow/platforms/sky130hd/fastroute.tcl
Repair tie lo fanout...
Repair tie hi fanout...
repair_timing -setup_margin 0 -hold_margin 0 -repair_tns 100 -match_cell_footprint -setup -skip_last_gasp -sequence unbuffer,sizeup,swap,vt_swap -verbose
[WARNING EST-0027] no estimated parasitics. Using wire load models.
[INFO RSZ-0100] Repair move sequence: UnbufferMove SizeUpMove SwapPinsMove 
[INFO RSZ-0098] No setup violations found
[INFO RSZ-0505] Runtime: 0.19s
Default units for flow
 time 1ns
 capacitance 1pF
 resistance 1kohm
 voltage 1v
 current 1mA
 power 1nW
 distance 1um
   Layer   | Unit Resistance | Unit Capacitance 
           |       (kohm/um) |          (pF/um)
------------------------------------------------
       li1 |        7.18e-02 |         1.50e-04
      met1 |        1.21e-03 |         1.72e-04
      met2 |        1.22e-03 |         1.36e-04
      met3 |        1.66e-04 |         2.15e-04
      met4 |        1.68e-04 |         1.48e-04
      met5 |        1.84e-05 |         1.54e-04
------------------------------------------------

   Layer   | Via Resistance 
           |         (kohm) 
----------------------------
      mcon |       9.25e-03 
       via |       4.50e-03 
      via2 |       3.37e-03 
      via3 |       3.77e-04 
      via4 |       5.80e-06 
----------------------------
Report metrics stage 2, floorplan final...

==========================================================================
floorplan final report_design_area
--------------------------------------------------------------------------
Design area 201267 um^2 46% utilization.
write_db /work/campaigns/iscas_sustainability_extension/memory_compiler/gate3_attempt07_sram22_matched_physical_closure/raw/openroad/work/results/sky130hd/attempt07_u0/seed19/2_1_floorplan.odb
write_sdc -no_timestamp /work/campaigns/iscas_sustainability_extension/memory_compiler/gate3_attempt07_sram22_matched_physical_closure/raw/openroad/work/results/sky130hd/attempt07_u0/seed19/2_1_floorplan.sdc
Elapsed time: 0:02.06[h:]min:sec. CPU time: user 0.91 sys 0.32 (59%). Peak memory: 144356KB.
Log                       Ext     Elapsed/s Peak Memory/MB sha1sum result [0:20)
2_1_floorplan             .odb            2            140 d34c20de5d0f0839120f
2_1_floorplan             .sdc                             b6f9383ea778b3f433b7
/OpenROAD-flow-scripts/flow/scripts/flow.sh 2_2_floorplan_macro macro_place
Running macro_place.tcl, stage 2_2_floorplan_macro
read_liberty /OpenROAD-flow-scripts/flow/platforms/sky130hd/lib/sky130_fd_sc_hd__tt_025C_1v80.lib
read_liberty /work/campaigns/iscas_sustainability_extension/memory_compiler/gate3_attempt07_sram22_matched_physical_closure/source_checkout/sram22_256x64m4w8/sram22_256x64m4w8_tt_025C_1v80.lib
read_db /work/campaigns/iscas_sustainability_extension/memory_compiler/gate3_attempt07_sram22_matched_physical_closure/raw/openroad/work/results/sky130hd/attempt07_u0/seed19/2_1_floorplan.odb
read_sdc /work/campaigns/iscas_sustainability_extension/memory_compiler/gate3_attempt07_sram22_matched_physical_closure/raw/openroad/work/results/sky130hd/attempt07_u0/seed19/2_1_floorplan.sdc
source /OpenROAD-flow-scripts/flow/platforms/sky130hd/setRC.tcl
source /work/campaigns/iscas_sustainability_extension/memory_compiler/gate3_attempt07_sram22_matched_physical_closure/openroad/u0/macro_placement.tcl
[INFO MPL-0035] Macro u_data placed. Bounding box (30.360um, 31.230um), (720.480um, 322.870um). Orientation MX
rtl_macro_placer -max_num_level 2 -halo_width 20 -halo_height 20 -min_ar 0.33 -area_weight 0.1 -wirelength_weight 100.0 -outline_weight 100.0 -boundary_weight 50.0 -notch_weight 50.0 -report_directory /work/campaigns/iscas_sustainability_extension/memory_compiler/gate3_attempt07_sram22_matched_physical_closure/raw/openroad/work/objects/sky130hd/attempt07_u0/seed19/rtlmp -fence_lx 0.0 -fence_ly 0.0 -fence_ux 0.0 -fence_uy 0.0 -target_util 0.3
[WARNING MPL-0074] -halo_width/-halo_height are deprecated, use the set_macro_base_halo command instead.
[INFO MPL-0062] Found fixed macro u_data.
[INFO MPL-0017] No unfixed macros.
[INFO MPL-0013] Skipping macro placement.
[INFO MPL-0500] Runtime: 0.00s
Design area 201267 um^2 46% utilization.
write_db /work/campaigns/iscas_sustainability_extension/memory_compiler/gate3_attempt07_sram22_matched_physical_closure/raw/openroad/work/results/sky130hd/attempt07_u0/seed19/2_2_floorplan_macro.odb
Elapsed time: 0:01.45[h:]min:sec. CPU time: user 0.81 sys 0.15 (66%). Peak memory: 123980KB.
Log                       Ext     Elapsed/s Peak Memory/MB sha1sum result [0:20)
2_2_floorplan_macro       .odb            1            121 d86dda4580251982d584
/OpenROAD-flow-scripts/flow/scripts/flow.sh 2_3_floorplan_tapcell tapcell
Running tapcell.tcl, stage 2_3_floorplan_tapcell
read_liberty /OpenROAD-flow-scripts/flow/platforms/sky130hd/lib/sky130_fd_sc_hd__tt_025C_1v80.lib
read_liberty /work/campaigns/iscas_sustainability_extension/memory_compiler/gate3_attempt07_sram22_matched_physical_closure/source_checkout/sram22_256x64m4w8/sram22_256x64m4w8_tt_025C_1v80.lib
read_db /work/campaigns/iscas_sustainability_extension/memory_compiler/gate3_attempt07_sram22_matched_physical_closure/raw/openroad/work/results/sky130hd/attempt07_u0/seed19/2_2_floorplan_macro.odb
read_sdc /work/campaigns/iscas_sustainability_extension/memory_compiler/gate3_attempt07_sram22_matched_physical_closure/raw/openroad/work/results/sky130hd/attempt07_u0/seed19/2_1_floorplan.sdc
source /OpenROAD-flow-scripts/flow/platforms/sky130hd/setRC.tcl
[INFO ODB-0303] The initial 165 rows (351450 sites) were cut with 1 shapes for a total of 275 rows (185350 sites).
[INFO TAP-0005] Inserted 3165 tapcells.
Design area 205227 um^2 47% utilization.
write_db /work/campaigns/iscas_sustainability_extension/memory_compiler/gate3_attempt07_sram22_matched_physical_closure/raw/openroad/work/results/sky130hd/attempt07_u0/seed19/2_3_floorplan_tapcell.odb
Elapsed time: 0:01.52[h:]min:sec. CPU time: user 0.89 sys 0.11 (65%). Peak memory: 125584KB.
Log                       Ext     Elapsed/s Peak Memory/MB sha1sum result [0:20)
2_3_floorplan_tapcell     .odb            1            122 c53bb03896b9fae1d57d
/OpenROAD-flow-scripts/flow/scripts/flow.sh 2_4_floorplan_pdn pdn
Running pdn.tcl, stage 2_4_floorplan_pdn
read_liberty /OpenROAD-flow-scripts/flow/platforms/sky130hd/lib/sky130_fd_sc_hd__tt_025C_1v80.lib
read_liberty /work/campaigns/iscas_sustainability_extension/memory_compiler/gate3_attempt07_sram22_matched_physical_closure/source_checkout/sram22_256x64m4w8/sram22_256x64m4w8_tt_025C_1v80.lib
read_db /work/campaigns/iscas_sustainability_extension/memory_compiler/gate3_attempt07_sram22_matched_physical_closure/raw/openroad/work/results/sky130hd/attempt07_u0/seed19/2_3_floorplan_tapcell.odb
read_sdc /work/campaigns/iscas_sustainability_extension/memory_compiler/gate3_attempt07_sram22_matched_physical_closure/raw/openroad/work/results/sky130hd/attempt07_u0/seed19/2_1_floorplan.sdc
source /OpenROAD-flow-scripts/flow/platforms/sky130hd/setRC.tcl
[WARNING PDN-1051] No instances found for grid (CORE_macro_grid_2).
[INFO PDN-0001] Inserting grid: grid
[INFO PDN-0001] Inserting grid: CORE_macro_grid_1 - u_data
[WARNING PDN-0110] No via inserted between met2 and met4 at (63.6000, 142.5500) - (63.8000, 142.8700) on VDD
[WARNING PDN-0110] No via inserted between met2 and met4 at (63.6000, 143.9100) - (63.8000, 144.2300) on VDD
[WARNING PDN-0110] No via inserted between met2 and met4 at (63.6000, 145.2700) - (63.8000, 145.5900) on VDD
[WARNING PDN-0110] No via inserted between met2 and met4 at (63.6000, 147.9900) - (63.8000, 148.3100) on VDD
[WARNING PDN-0110] No via inserted between met2 and met4 at (63.6000, 158.8700) - (63.8000, 159.1900) on VDD
[WARNING PDN-0110] No via inserted between met2 and met4 at (63.6000, 160.2300) - (63.8000, 160.5500) on VDD
[WARNING PDN-0195] Removing 2 via(s) between met2 and met4 at (90.8700 um, 156.3100 um) for VDD
[WARNING PDN-0110] No via inserted between met2 and met4 at (132.9600, 184.7000) - (133.0500, 185.7100) on VSS
[WARNING PDN-0110] No via inserted between met2 and met4 at (132.9600, 186.3400) - (133.0500, 187.0100) on VSS
[WARNING PDN-0195] Removing 114 via(s) between met2 and met4 at (241.4700 um, 192.5500 um) for VSS
[WARNING PDN-0195] Removing 176 via(s) between met2 and met4 at (282.1800 um, 240.4700 um) for VDD
[INFO PDN-0500] Runtime: 0.71s
Design area 205227 um^2 47% utilization.
write_db /work/campaigns/iscas_sustainability_extension/memory_compiler/gate3_attempt07_sram22_matched_physical_closure/raw/openroad/work/results/sky130hd/attempt07_u0/seed19/2_4_floorplan_pdn.odb
Elapsed time: 0:02.59[h:]min:sec. CPU time: user 1.62 sys 0.22 (70%). Peak memory: 139348KB.
Log                       Ext     Elapsed/s Peak Memory/MB sha1sum result [0:20)
2_4_floorplan_pdn         .odb            2            136 cfbb17f2164306408325
cp /work/campaigns/iscas_sustainability_extension/memory_compiler/gate3_attempt07_sram22_matched_physical_closure/raw/openroad/work/results/sky130hd/attempt07_u0/seed19/2_4_floorplan_pdn.odb /work/campaigns/iscas_sustainability_extension/memory_compiler/gate3_attempt07_sram22_matched_physical_closure/raw/openroad/work/results/sky130hd/attempt07_u0/seed19/2_floorplan.odb
cp /work/campaigns/iscas_sustainability_extension/memory_compiler/gate3_attempt07_sram22_matched_physical_closure/raw/openroad/work/results/sky130hd/attempt07_u0/seed19/2_1_floorplan.sdc /work/campaigns/iscas_sustainability_extension/memory_compiler/gate3_attempt07_sram22_matched_physical_closure/raw/openroad/work/results/sky130hd/attempt07_u0/seed19/2_floorplan.sdc
/OpenROAD-flow-scripts/flow/scripts/flow.sh 3_1_place_gp_skip_io global_place_skip_io
Running global_place_skip_io.tcl, stage 3_1_place_gp_skip_io
read_liberty /OpenROAD-flow-scripts/flow/platforms/sky130hd/lib/sky130_fd_sc_hd__tt_025C_1v80.lib
read_liberty /work/campaigns/iscas_sustainability_extension/memory_compiler/gate3_attempt07_sram22_matched_physical_closure/source_checkout/sram22_256x64m4w8/sram22_256x64m4w8_tt_025C_1v80.lib
read_db /work/campaigns/iscas_sustainability_extension/memory_compiler/gate3_attempt07_sram22_matched_physical_closure/raw/openroad/work/results/sky130hd/attempt07_u0/seed19/2_floorplan.odb
read_sdc /work/campaigns/iscas_sustainability_extension/memory_compiler/gate3_attempt07_sram22_matched_physical_closure/raw/openroad/work/results/sky130hd/attempt07_u0/seed19/2_floorplan.sdc
source /OpenROAD-flow-scripts/flow/platforms/sky130hd/setRC.tcl
global_placement -skip_io -density 0.3 -pad_left 0 -pad_right 0 -random_seed 19
[INFO GPL-0001] ---- Initialize GPL Main Data Structures
[INFO GPL-0002] DBU: 1000
[INFO GPL-0003] SiteSize: (  0.460  2.720 ) um
[INFO GPL-0004] CoreBBox: ( 10.120 10.880 ) ( 989.920 459.680 ) um
[INFO GPL-0016] Core area:                  439734.240 um^2
[INFO GPL-0036] Movable instances area:          0.000 um^2
[INFO GPL-0037] Total instances area:       206789.578 um^2
[INFO GPL-0035] Pin density area adjust:         0.000 um^2
[INFO GPL-0032] ---- Initialize Region: Top-level
[INFO GPL-0006] Number of instances:              3384
[INFO GPL-0007] Movable instances:                   0
[INFO GPL-0008] Fixed instances:                  3166
[INFO GPL-0009] Dummy instances:                   218
[INFO GPL-0010] Number of nets:                    148
[INFO GPL-0011] Number of pins:                    148
[INFO GPL-0012] Die BBox:       (  0.000  0.000 ) ( 1000.000 470.000 ) um
[INFO GPL-0013] Placement BBox: ( 10.120 10.880 ) ( 989.920 459.680 ) um
[INFO GPL-0014] Region name: top-level.
[INFO GPL-0015] Region area:                439734.240 um^2
[INFO GPL-0017] Fixed instances area:       211784.368 um^2
[INFO GPL-0018] Movable instances area:          0.000 um^2
[INFO GPL-0019] Utilization:                     0.000 %
[INFO GPL-0020] Standard cells area:             0.000 um^2
[INFO GPL-0021] Large instances area:            0.000 um^2
[WARNING GPL-0123] No placeable instances in the top-level region. Removing it.
[INFO GPL-0005] ---- Execute Conjugate Gradient Initial Placement.
[INFO GPL-0051] Source of initial instance position counters:
	Odb location = 0	Core center = 0	Region center = 0
[WARNING GPL-0136] No placeable instances - skipping placement.
Design area 205227 um^2 47% utilization.
write_db /work/campaigns/iscas_sustainability_extension/memory_compiler/gate3_attempt07_sram22_matched_physical_closure/raw/openroad/work/results/sky130hd/attempt07_u0/seed19/3_1_place_gp_skip_io.odb
Elapsed time: 0:01.79[h:]min:sec. CPU time: user 0.90 sys 0.17 (59%). Peak memory: 128860KB.
Log                       Ext     Elapsed/s Peak Memory/MB sha1sum result [0:20)
3_1_place_gp_skip_io      .odb            1            125 cfbb17f2164306408325
/OpenROAD-flow-scripts/flow/scripts/flow.sh 3_2_place_iop io_placement
Running io_placement.tcl, stage 3_2_place_iop
read_liberty /OpenROAD-flow-scripts/flow/platforms/sky130hd/lib/sky130_fd_sc_hd__tt_025C_1v80.lib
read_liberty /work/campaigns/iscas_sustainability_extension/memory_compiler/gate3_attempt07_sram22_matched_physical_closure/source_checkout/sram22_256x64m4w8/sram22_256x64m4w8_tt_025C_1v80.lib
read_db /work/campaigns/iscas_sustainability_extension/memory_compiler/gate3_attempt07_sram22_matched_physical_closure/raw/openroad/work/results/sky130hd/attempt07_u0/seed19/3_1_place_gp_skip_io.odb
read_sdc /work/campaigns/iscas_sustainability_extension/memory_compiler/gate3_attempt07_sram22_matched_physical_closure/raw/openroad/work/results/sky130hd/attempt07_u0/seed19/2_floorplan.sdc
source /OpenROAD-flow-scripts/flow/platforms/sky130hd/setRC.tcl
source /work/campaigns/iscas_sustainability_extension/memory_compiler/gate3_attempt07_sram22_matched_physical_closure/openroad/pre_io_placement.tcl
place_pins -hor_layers met3 -ver_layers met2
Found 1 macro blocks.
Using 2 tracks default min distance between IO pins.
[INFO PPL-0067] Restrict pins [ addr[0] addr[1] addr[2] addr[3] addr[4] ... ] to region 0.00u-1000.00u at the TOP edge.
[INFO PPL-0001] Number of available slots 2854
[INFO PPL-0002] Number of I/O             148
[INFO PPL-0003] Number of I/O w/sink      148
[INFO PPL-0004] Number of I/O w/o sink    0
[INFO PPL-0005] Slots per section         200
[INFO PPL-0008] Successfully assigned pins to sections.
[INFO PPL-0012] I/O nets HPWL: 21833.24 um.
Design area 205227 um^2 47% utilization.
write_db /work/campaigns/iscas_sustainability_extension/memory_compiler/gate3_attempt07_sram22_matched_physical_closure/raw/openroad/work/results/sky130hd/attempt07_u0/seed19/3_2_place_iop.odb
Elapsed time: 0:01.78[h:]min:sec. CPU time: user 0.89 sys 0.21 (61%). Peak memory: 129836KB.
Log                       Ext     Elapsed/s Peak Memory/MB sha1sum result [0:20)
3_2_place_iop             .odb            1            126 11ee3d2dae92e7c65003
/OpenROAD-flow-scripts/flow/scripts/flow.sh 3_3_place_gp global_place
Running global_place.tcl, stage 3_3_place_gp
read_liberty /OpenROAD-flow-scripts/flow/platforms/sky130hd/lib/sky130_fd_sc_hd__tt_025C_1v80.lib
read_liberty /work/campaigns/iscas_sustainability_extension/memory_compiler/gate3_attempt07_sram22_matched_physical_closure/source_checkout/sram22_256x64m4w8/sram22_256x64m4w8_tt_025C_1v80.lib
read_db /work/campaigns/iscas_sustainability_extension/memory_compiler/gate3_attempt07_sram22_matched_physical_closure/raw/openroad/work/results/sky130hd/attempt07_u0/seed19/3_2_place_iop.odb
read_sdc /work/campaigns/iscas_sustainability_extension/memory_compiler/gate3_attempt07_sram22_matched_physical_closure/raw/openroad/work/results/sky130hd/attempt07_u0/seed19/2_floorplan.sdc
source /OpenROAD-flow-scripts/flow/platforms/sky130hd/setRC.tcl
[INFO RSZ-0026] Removed 0 buffers.
Perform port buffering...
[INFO RSZ-0027] Inserted 83 sky130_fd_sc_hd__clkdlybuf4s50_1 input buffers.
[INFO RSZ-0028] Inserted 64 sky130_fd_sc_hd__clkdlybuf4s50_1 output buffers.
global_placement -density 0.3 -pad_left 0 -pad_right 0 -routability_driven -random_seed 19 -timing_driven -force_center_initial_place -min_phi_coef 0.95 -max_phi_coef 1.05
[INFO GPL-0001] ---- Initialize GPL Main Data Structures
[INFO GPL-0002] DBU: 1000
[INFO GPL-0003] SiteSize: (  0.460  2.720 ) um
[INFO GPL-0004] CoreBBox: ( 10.120 10.880 ) ( 989.920 459.680 ) um
[INFO GPL-0016] Core area:                  439734.240 um^2
[INFO GPL-0036] Movable instances area:       1471.411 um^2
[INFO GPL-0037] Total instances area:       208260.989 um^2
[INFO GPL-0035] Pin density area adjust:         0.000 um^2
[INFO GPL-0032] ---- Initialize Region: Top-level
[INFO GPL-0006] Number of instances:              3531
[INFO GPL-0007] Movable instances:                 147
[INFO GPL-0008] Fixed instances:                  3166
[INFO GPL-0009] Dummy instances:                   218
[INFO GPL-0010] Number of nets:                    295
[INFO GPL-0011] Number of pins:                    590
[INFO GPL-0012] Die BBox:       (  0.000  0.000 ) ( 1000.000 470.000 ) um
[INFO GPL-0013] Placement BBox: ( 10.120 10.880 ) ( 989.920 459.680 ) um
[INFO GPL-0014] Region name: top-level.
[INFO GPL-0015] Region area:                439734.240 um^2
[INFO GPL-0017] Fixed instances area:       211784.368 um^2
[INFO GPL-0018] Movable instances area:       1471.411 um^2
[INFO GPL-0019] Utilization:                     0.645 %
[INFO GPL-0020] Standard cells area:          1471.411 um^2
[INFO GPL-0021] Large instances area:            0.000 um^2
[INFO GPL-0005] ---- Execute Conjugate Gradient Initial Placement.
[INFO GPL-0051] Source of initial instance position counters:
	Odb location = 0	Core center = 147	Region center = 0
[InitialPlace]  Iter: 1 conjugate gradient residual: 0.00000009 HPWL: 168026810
[InitialPlace]  Iter: 2 conjugate gradient residual: 0.00000007 HPWL: 168016520
[InitialPlace]  Iter: 3 conjugate gradient residual: 0.00000007 HPWL: 168016520
[InitialPlace]  Iter: 4 conjugate gradient residual: 0.00000007 HPWL: 168016520
[InitialPlace]  Iter: 5 conjugate gradient residual: 0.00000007 HPWL: 168016520
[INFO GPL-0033] ---- Initialize Nesterov Region: Top-level
[INFO GPL-0023] Placement target density:       0.3000
[INFO GPL-0024] Movable insts average area:     10.010 um^2
[INFO GPL-0025] Ideal bin area:                 33.365 um^2
[INFO GPL-0026] Ideal bin count:                 13179
[INFO GPL-0027] Total bin area:             439734.240 um^2
[INFO GPL-0028] Bin count (X, Y):         128 ,     64
[INFO GPL-0029] Bin size (W * H):       7.655 *  7.013 um
[INFO GPL-0030] Number of bins:                   8192
[INFO GPL-0084] ---- Execute Nesterov Global Placement.
[INFO GPL-0031] HPWL: Half-Perimeter Wirelength
Iteration | Overflow |     HPWL (um) |  HPWL(%) |   Penalty | Group
---------------------------------------------------------------
        0 |   0.0039 |  2.216905e+04 |   +0.00% |  4.26e-15 |      
[INFO GPL-0100] Timing-driven iteration 1/2, virtual: false.
[INFO GPL-0101]    Iter: 1, overflow: 0.004, keep resizer changes at: 1, HPWL: 22169052
Iteration |   Area    | Resized | Buffers | Nets repaired | Remaining
---------------------------------------------------------------------
        0 |     +0.0% |       0 |       0 |             0 |       295
    final |     +0.0% |       1 |       1 |            65 |         0
---------------------------------------------------------------------
[INFO RSZ-0034] Found 65 slew violations.
[INFO RSZ-0039] Resized 1 instances.
[INFO RSZ-0038] Inserted 1 buffers in 65 nets.
   Iter   |    Area   | Removed | Inserted |   Pins
          |           | Buffers | Buffers  | Remaining
-------------------------------------------------------
        0 |     +0.0% |       0 |        0 |       211
       21 |     +0.0% |       0 |        0 |       190
       42 |     +0.0% |       0 |        0 |       169
       63 |     +0.0% |       0 |        0 |       148
[WARNING RSZ-2005] cannot find a viable buffering solution on pin u_data/dout[9] after 1 rounds of buffering (no solution meets design rules)
[WARNING RSZ-2005] cannot find a viable buffering solution on pin u_data/dout[8] after 1 rounds of buffering (no solution meets design rules)
[WARNING RSZ-2005] cannot find a viable buffering solution on pin u_data/dout[7] after 1 rounds of buffering (no solution meets design rules)
[WARNING RSZ-2005] cannot find a viable buffering solution on pin u_data/dout[6] after 1 rounds of buffering (no solution meets design rules)
[WARNING RSZ-2005] cannot find a viable buffering solution on pin u_data/dout[63] after 1 rounds of buffering (no solution meets design rules)
[WARNING RSZ-2005] cannot find a viable buffering solution on pin u_data/dout[62] after 1 rounds of buffering (no solution meets design rules)
[WARNING RSZ-2005] cannot find a viable buffering solution on pin u_data/dout[61] after 1 rounds of buffering (no solution meets design rules)
[WARNING RSZ-2005] cannot find a viable buffering solution on pin u_data/dout[60] after 1 rounds of buffering (no solution meets design rules)
[WARNING RSZ-2005] cannot find a viable buffering solution on pin u_data/dout[5] after 1 rounds of buffering (no solution meets design rules)
[WARNING RSZ-2005] cannot find a viable buffering solution on pin u_data/dout[59] after 1 rounds of buffering (no solution meets design rules)
[WARNING RSZ-2005] cannot find a viable buffering solution on pin u_data/dout[58] after 1 rounds of buffering (no solution meets design rules)
[WARNING RSZ-2005] cannot find a viable buffering solution on pin u_data/dout[57] after 1 rounds of buffering (no solution meets design rules)
[WARNING RSZ-2005] cannot find a viable buffering solution on pin u_data/dout[56] after 1 rounds of buffering (no solution meets design rules)
[WARNING RSZ-2005] cannot find a viable buffering solution on pin u_data/dout[55] after 1 rounds of buffering (no solution meets design rules)
[WARNING RSZ-2005] cannot find a viable buffering solution on pin u_data/dout[54] after 1 rounds of buffering (no solution meets design rules)
[WARNING RSZ-2005] cannot find a viable buffering solution on pin u_data/dout[53] after 1 rounds of buffering (no solution meets design rules)
[WARNING RSZ-2005] cannot find a viable buffering solution on pin u_data/dout[52] after 1 rounds of buffering (no solution meets design rules)
[WARNING RSZ-2005] cannot find a viable buffering solution on pin u_data/dout[51] after 1 rounds of buffering (no solution meets design rules)
[WARNING RSZ-2005] cannot find a viable buffering solution on pin u_data/dout[50] after 1 rounds of buffering (no solution meets design rules)
[WARNING RSZ-2005] cannot find a viable buffering solution on pin u_data/dout[4] after 1 rounds of buffering (no solution meets design rules)
       84 |     +0.0% |       0 |        0 |       127
[WARNING RSZ-2005] cannot find a viable buffering solution on pin u_data/dout[49] after 1 rounds of buffering (no solution meets design rules)
[WARNING RSZ-2005] cannot find a viable buffering solution on pin u_data/dout[48] after 1 rounds of buffering (no solution meets design rules)
[WARNING RSZ-2005] cannot find a viable buffering solution on pin u_data/dout[47] after 1 rounds of buffering (no solution meets design rules)
[WARNING RSZ-2005] cannot find a viable buffering solution on pin u_data/dout[46] after 1 rounds of buffering (no solution meets design rules)
[WARNING RSZ-2005] cannot find a viable buffering solution on pin u_data/dout[45] after 1 rounds of buffering (no solution meets design rules)
[WARNING RSZ-2005] cannot find a viable buffering solution on pin u_data/dout[44] after 1 rounds of buffering (no solution meets design rules)
[WARNING RSZ-2005] cannot find a viable buffering solution on pin u_data/dout[43] after 1 rounds of buffering (no solution meets design rules)
[WARNING RSZ-2005] cannot find a viable buffering solution on pin u_data/dout[42] after 1 rounds of buffering (no solution meets design rules)
[WARNING RSZ-2005] cannot find a viable buffering solution on pin u_data/dout[41] after 1 rounds of buffering (no solution meets design rules)
[WARNING RSZ-2005] cannot find a viable buffering solution on pin u_data/dout[40] after 1 rounds of buffering (no solution meets design rules)
[WARNING RSZ-2005] cannot find a viable buffering solution on pin u_data/dout[3] after 1 rounds of buffering (no solution meets design rules)
[WARNING RSZ-2005] cannot find a viable buffering solution on pin u_data/dout[39] after 1 rounds of buffering (no solution meets design rules)
[WARNING RSZ-2005] cannot find a viable buffering solution on pin u_data/dout[38] after 1 rounds of buffering (no solution meets design rules)
[WARNING RSZ-2005] cannot find a viable buffering solution on pin u_data/dout[37] after 1 rounds of buffering (no solution meets design rules)
[WARNING RSZ-2005] cannot find a viable buffering solution on pin u_data/dout[36] after 1 rounds of buffering (no solution meets design rules)
[WARNING RSZ-2005] cannot find a viable buffering solution on pin u_data/dout[35] after 1 rounds of buffering (no solution meets design rules)
[WARNING RSZ-2005] cannot find a viable buffering solution on pin u_data/dout[34] after 1 rounds of buffering (no solution meets design rules)
[WARNING RSZ-2005] cannot find a viable buffering solution on pin u_data/dout[33] after 1 rounds of buffering (no solution meets design rules)
[WARNING RSZ-2005] cannot find a viable buffering solution on pin u_data/dout[32] after 1 rounds of buffering (no solution meets design rules)
[WARNING RSZ-2005] cannot find a viable buffering solution on pin u_data/dout[31] after 1 rounds of buffering (no solution meets design rules)
[WARNING RSZ-2005] cannot find a viable buffering solution on pin u_data/dout[30] after 1 rounds of buffering (no solution meets design rules)
      105 |     +0.0% |       0 |        0 |       106
[WARNING RSZ-2005] cannot find a viable buffering solution on pin u_data/dout[2] after 1 rounds of buffering (no solution meets design rules)
[WARNING RSZ-2005] cannot find a viable buffering solution on pin u_data/dout[29] after 1 rounds of buffering (no solution meets design rules)
[WARNING RSZ-2005] cannot find a viable buffering solution on pin u_data/dout[28] after 1 rounds of buffering (no solution meets design rules)
[WARNING RSZ-2005] cannot find a viable buffering solution on pin u_data/dout[27] after 1 rounds of buffering (no solution meets design rules)
[WARNING RSZ-2005] cannot find a viable buffering solution on pin u_data/dout[26] after 1 rounds of buffering (no solution meets design rules)
[WARNING RSZ-2005] cannot find a viable buffering solution on pin u_data/dout[25] after 1 rounds of buffering (no solution meets design rules)
[WARNING RSZ-2005] cannot find a viable buffering solution on pin u_data/dout[24] after 1 rounds of buffering (no solution meets design rules)
[WARNING RSZ-2005] cannot find a viable buffering solution on pin u_data/dout[23] after 1 rounds of buffering (no solution meets design rules)
[WARNING RSZ-2005] cannot find a viable buffering solution on pin u_data/dout[22] after 1 rounds of buffering (no solution meets design rules)
[WARNING RSZ-2005] cannot find a viable buffering solution on pin u_data/dout[21] after 1 rounds of buffering (no solution meets design rules)
[WARNING RSZ-2005] cannot find a viable buffering solution on pin u_data/dout[20] after 1 rounds of buffering (no solution meets design rules)
[WARNING RSZ-2005] cannot find a viable buffering solution on pin u_data/dout[1] after 1 rounds of buffering (no solution meets design rules)
[WARNING RSZ-2005] cannot find a viable buffering solution on pin u_data/dout[19] after 1 rounds of buffering (no solution meets design rules)
[WARNING RSZ-2005] cannot find a viable buffering solution on pin u_data/dout[18] after 1 rounds of buffering (no solution meets design rules)
[WARNING RSZ-2005] cannot find a viable buffering solution on pin u_data/dout[17] after 1 rounds of buffering (no solution meets design rules)
[WARNING RSZ-2005] cannot find a viable buffering solution on pin u_data/dout[16] after 1 rounds of buffering (no solution meets design rules)
[WARNING RSZ-2005] cannot find a viable buffering solution on pin u_data/dout[15] after 1 rounds of buffering (no solution meets design rules)
[WARNING RSZ-2005] cannot find a viable buffering solution on pin u_data/dout[14] after 1 rounds of buffering (no solution meets design rules)
[WARNING RSZ-2005] cannot find a viable buffering solution on pin u_data/dout[13] after 1 rounds of buffering (no solution meets design rules)
[WARNING RSZ-2005] cannot find a viable buffering solution on pin u_data/dout[12] after 1 rounds of buffering (no solution meets design rules)
[WARNING RSZ-2005] cannot find a viable buffering solution on pin u_data/dout[11] after 1 rounds of buffering (no solution meets design rules)
      126 |     +0.0% |       0 |        0 |        85
[WARNING RSZ-2005] cannot find a viable buffering solution on pin u_data/dout[10] after 1 rounds of buffering (no solution meets design rules)
[WARNING RSZ-2005] cannot find a viable buffering solution on pin u_data/dout[0] after 1 rounds of buffering (no solution meets design rules)
[WARNING RSZ-2009] Skipping buffering because no valid buffering solution satisfying the design rules can be found for net connected to pin input74/X.
[WARNING RSZ-2005] cannot find a viable buffering solution on pin input74/X after 1 rounds of buffering (no solution meets design rules)
      147 |     +0.0% |       0 |        0 |        64
      168 |     +0.0% |       0 |        0 |        43
      189 |     +0.0% |       0 |        0 |        22
      210 |     +0.0% |       0 |        0 |         1
    final |     +0.0% |       0 |        0 |         0
-------------------------------------------------------
[INFO GPL-0106] Timing-driven: worst slack 5.2769606e-09
[INFO GPL-0107] Timing-driven: repair_design delta area: 37.536 um^2 (+2.55%)
[INFO GPL-0108] Timing-driven: repair_design, gpl delta gcells: 1 (+0.68%)
[INFO GPL-0109] Timing-driven: repair_design, gcells created: 1, deleted: 0
[INFO GPL-0110] Timing-driven: new target density: 0.30016467
[INFO GPL-0038] Routability snapshot saved at iter = 1
        0 |   0.0039 |  2.217449e+04 |          |           |      
[INFO GPL-0040] Routability iteration: 1
[INFO GPL-0041] Total routing overflow: 0.0000
[INFO GPL-0042] Number of overflowed tiles: 0 (0.00%)
[INFO GPL-0043] Average top 0.5% routing congestion: 0.9093
[INFO GPL-0044] Average top 1.0% routing congestion: 0.9018
[INFO GPL-0045] Average top 2.0% routing congestion: 0.8785
[INFO GPL-0046] Average top 5.0% routing congestion: 0.8556
[INFO GPL-0047] Routability iteration weighted routing congestion: 0.9056
[INFO GPL-0050] Weighted routing congestion is lower than target routing congestion(1.0100), end routability optimization.
[INFO GPL-0090] Routability finished. Target routing congestion achieved succesfully.
        0 |   0.0039 |  2.217449e+04 |          |  4.43e-15 |      
---------------------------------------------------------------
[INFO GPL-1001] Global placement finished at iteration 0
[INFO GPL-1017] Routability mode iteration count: 0
[INFO GPL-1005] Routability final weighted congestion: 0.9056
[INFO GPL-1002] Placed Cell Area             1508.9472
[INFO GPL-1003] Available Free Area         227949.8720
[INFO GPL-1004] Minimum Feasible Density        0.0100 (cell_area / free_area)
[INFO GPL-1006]   Suggested Target Densities:
[INFO GPL-1007]     - For 90% usage of free space: 0.0074
[INFO GPL-1008]     - For 80% usage of free space: 0.0083
[INFO GPL-1009]     - For 50% usage of free space: 0.0132
[INFO GPL-1011] Original area (um^2): 1471.41
[INFO GPL-1012] Total routability artificial inflation: 0.00 (+0.00%)
[INFO GPL-1013] Total timing-driven delta area: 37.54 (+2.55%)
[INFO GPL-1014] Final placement area: 1508.95 (+2.55%)
estimate_parasitics -placement
Report metrics stage 3, global place...

==========================================================================
global place report_design_area
--------------------------------------------------------------------------
Design area 206736 um^2 47% utilization.
write_db /work/campaigns/iscas_sustainability_extension/memory_compiler/gate3_attempt07_sram22_matched_physical_closure/raw/openroad/work/results/sky130hd/attempt07_u0/seed19/3_3_place_gp.odb
Elapsed time: 0:04.08[h:]min:sec. CPU time: user 2.33 sys 0.42 (67%). Peak memory: 246988KB.
Log                       Ext     Elapsed/s Peak Memory/MB sha1sum result [0:20)
3_3_place_gp              .odb            4            241 a5f5afa2ebd64a522eeb
cp /work/campaigns/iscas_sustainability_extension/memory_compiler/gate3_attempt07_sram22_matched_physical_closure/openroad/u0/constraint.sdc /work/campaigns/iscas_sustainability_extension/memory_compiler/gate3_attempt07_sram22_matched_physical_closure/raw/openroad/work/results/sky130hd/attempt07_u0/seed19/1_2_yosys.sdc
touch -r /work/campaigns/iscas_sustainability_extension/memory_compiler/gate3_attempt07_sram22_matched_physical_closure/openroad/u0/constraint.sdc /work/campaigns/iscas_sustainability_extension/memory_compiler/gate3_attempt07_sram22_matched_physical_closure/raw/openroad/work/results/sky130hd/attempt07_u0/seed19/1_2_yosys.sdc
/OpenROAD-flow-scripts/flow/scripts/flow.sh 3_5_place_dp detail_place
Running detail_place.tcl, stage 3_5_place_dp
read_liberty /OpenROAD-flow-scripts/flow/platforms/sky130hd/lib/sky130_fd_sc_hd__tt_025C_1v80.lib
read_liberty /work/campaigns/iscas_sustainability_extension/memory_compiler/gate3_attempt07_sram22_matched_physical_closure/source_checkout/sram22_256x64m4w8/sram22_256x64m4w8_tt_025C_1v80.lib
read_db /work/campaigns/iscas_sustainability_extension/memory_compiler/gate3_attempt07_sram22_matched_physical_closure/raw/openroad/work/results/sky130hd/attempt07_u0/seed19/3_4_place_resized.odb
read_sdc /work/campaigns/iscas_sustainability_extension/memory_compiler/gate3_attempt07_sram22_matched_physical_closure/raw/openroad/work/results/sky130hd/attempt07_u0/seed19/2_floorplan.sdc
source /OpenROAD-flow-scripts/flow/platforms/sky130hd/setRC.tcl
detailed_placement
[INFO DPL-0006] Core area: 439734.24 um^2
[INFO DPL-0007] Movable instances area: 1508.95 um^2
[INFO DPL-0008] Fixed instances area within core: 205226.64 um^2
[INFO DPL-0009] Utilization: 47.0%
[INFO DPL-0005] Diamond search max displacement: +/- 500 sites horizontally, +/- 100 rows vertically.
[INFO DPL-1102] Legalizing using negotiation legalizer.
[INFO DPL-1103] Negotiation base search window: +/-20 sites horizontally, +/-5 rows vertically 
	Automatic search window extension enabled.
	Search window extendable up to the max displacement cap of +/-500 sites, +/-100 rows near walls.
[INFO DPL-1104] NegotiationLegalizer DRC penalty: 5.
[INFO DPL-0392] Negotiation cell height distribution (2 unique row-count(s)):
[INFO DPL-0393]   height 1 row(s): 3313 cells
[INFO DPL-0393]   height 108 row(s): 1 cells
          |      Total |  Illegal |  Illegal
Iteration | Violations |    Cells |    Sites
---------------------------------------------
        0 |          0 |         0 |         0
Negotiation phase 1 converged at iteration 0.
[INFO DPL-0500] Runtime: 0.08s
Placement Analysis
---------------------------------
total displacement        430.1 u
average displacement        0.1 u
max displacement           10.2 u
original HPWL           22176.0 u
legalized HPWL          22170.9 u
delta HPWL                    0 %

improve_placement -max_displacement "5 1"
Detailed placement improvement.
[INFO DPL-0401] Setting random seed to 1.
[INFO DPL-0402] Setting maximum displacement 5 1 to 13600 2720 units.
[INFO DPL-0320] Collected 3424 fixed cells.
[INFO DPL-0318] Collected 148 single height cells.
[INFO DPL-0321] Collected 0 wide cells.
[INFO DPL-0322] Image (10120, 10880) - (989920, 459680)
[INFO DPL-0310] Assigned 148 cells into segments.  Movement in X-direction is 0.000000, movement in Y-direction is 0.000000.
[INFO DPL-0313] Found 0 cells in wrong regions.
[INFO DPL-0315] Found 0 row alignment problems.
[INFO DPL-0314] Found 0 site alignment problems.
[INFO DPL-0311] Found 0 overlaps between adjacent cells.
[INFO DPL-0312] Found 0 edge spacing violations and 0 padding violations.
[INFO DPL-0303] Running algorithm for independent set matching.
[INFO DPL-0300] Set matching objective is wirelength.
[INFO DPL-0301] Pass   1 of matching; objective is 2.211903e+07.
[INFO DPL-0302] End of matching; objective is 2.213398e+07, improvement is -0.07 percent.
[INFO DPL-0303] Running algorithm for global swaps.
[INFO DPL-0306] Pass   1 of global swaps; hpwl is 2.213345e+07.
[INFO DPL-0307] End of global swaps; objective is 2.213345e+07, improvement is 0.00 percent.
[INFO DPL-0303] Running algorithm for vertical swaps.
[INFO DPL-0308] Pass   1 of vertical swaps; hpwl is 2.213345e+07.
[INFO DPL-0309] End of vertical swaps; objective is 2.213345e+07, improvement is 0.00 percent.
[INFO DPL-0303] Running algorithm for reordering.
[INFO DPL-0304] Pass   1 of reordering; objective is 2.213345e+07.
[INFO DPL-0305] End of reordering; objective is 2.213345e+07, improvement is 0.00 percent.
[INFO DPL-0303] Running algorithm for random improvement.
[INFO DPL-0324] Random improver is using random generator.
[INFO DPL-0325] Random improver is using hpwl objective.
[INFO DPL-0326] Random improver cost string is (a).
[INFO DPL-0332] End of pass, Generator random called 2960 times.
[INFO DPL-0335] Generator random, Cumulative attempts 2960, swaps 438, moves  1072 since last reset.
[INFO DPL-0333] End of pass, Objective hpwl, Initial cost 2.213345e+07, Scratch cost 2.211566e+07, Incremental cost 2.211566e+07, Mismatch? N
[INFO DPL-0338] End of pass, Total cost is 2.211566e+07.
[INFO DPL-0327] Pass   1 of random improver; improvement in cost is 0.08 percent.
[INFO DPL-0328] End of random improver; improvement is 0.080376 percent.
[INFO DPL-0380] Cell flipping.
[INFO DPL-0382] Changed 0 cell orientations for row compatibility.
[INFO DPL-0383] Performed 32 cell flips.
[INFO DPL-0384] End of flipping; objective is 2.210822e+07, improvement is 0.03 percent.
[INFO DPL-0313] Found 0 cells in wrong regions.
[INFO DPL-0315] Found 0 row alignment problems.
[INFO DPL-0314] Found 0 site alignment problems.
[INFO DPL-0311] Found 0 overlaps between adjacent cells.
[INFO DPL-0312] Found 0 edge spacing violations and 0 padding violations.
Detailed Improvement Results
------------------------------------------
Original HPWL            22170.9 u (     424.5,    21746.4)
Final HPWL               22163.2 u (     418.0,    21745.2)
Delta HPWL                  -0.0 % (      -1.5,       -0.0)

optimize_mirroring
[INFO FLW-0012] Placement violations .
estimate_parasitics -placement
Report metrics stage 3, detailed place...

==========================================================================
detailed place report_design_area
--------------------------------------------------------------------------
Design area 206736 um^2 47% utilization.
write_db /work/campaigns/iscas_sustainability_extension/memory_compiler/gate3_attempt07_sram22_matched_physical_closure/raw/openroad/work/results/sky130hd/attempt07_u0/seed19/3_5_place_dp.odb
write_sdc -no_timestamp /work/campaigns/iscas_sustainability_extension/memory_compiler/gate3_attempt07_sram22_matched_physical_closure/raw/openroad/work/results/sky130hd/attempt07_u0/seed19/3_place.sdc
Elapsed time: 0:05.45[h:]min:sec. CPU time: user 1.19 sys 0.39 (29%). Peak memory: 151988KB.
Log                       Ext     Elapsed/s Peak Memory/MB sha1sum result [0:20)
3_5_place_dp              .odb            5            148 1e6182d91af4e099a6cd
cp /work/campaigns/iscas_sustainability_extension/memory_compiler/gate3_attempt07_sram22_matched_physical_closure/raw/openroad/work/results/sky130hd/attempt07_u0/seed19/3_5_place_dp.odb /work/campaigns/iscas_sustainability_extension/memory_compiler/gate3_attempt07_sram22_matched_physical_closure/raw/openroad/work/results/sky130hd/attempt07_u0/seed19/3_place.odb
/OpenROAD-flow-scripts/flow/scripts/flow.sh 4_1_cts cts
Running cts.tcl, stage 4_1_cts
read_liberty /OpenROAD-flow-scripts/flow/platforms/sky130hd/lib/sky130_fd_sc_hd__tt_025C_1v80.lib
read_liberty /work/campaigns/iscas_sustainability_extension/memory_compiler/gate3_attempt07_sram22_matched_physical_closure/source_checkout/sram22_256x64m4w8/sram22_256x64m4w8_tt_025C_1v80.lib
read_db /work/campaigns/iscas_sustainability_extension/memory_compiler/gate3_attempt07_sram22_matched_physical_closure/raw/openroad/work/results/sky130hd/attempt07_u0/seed19/3_place.odb
read_sdc /work/campaigns/iscas_sustainability_extension/memory_compiler/gate3_attempt07_sram22_matched_physical_closure/raw/openroad/work/results/sky130hd/attempt07_u0/seed19/3_place.sdc
source /OpenROAD-flow-scripts/flow/platforms/sky130hd/setRC.tcl
clock_tree_synthesis -sink_clustering_enable -repair_clock_nets
[INFO CTS-0050] Root buffer is sky130_fd_sc_hd__clkbuf_16.
[INFO CTS-0051] Sink buffer is sky130_fd_sc_hd__clkbuf_16.
[INFO CTS-0052] The following clock buffers will be used for CTS:
                    sky130_fd_sc_hd__clkbuf_16
[INFO CTS-0049] Characterization buffer is sky130_fd_sc_hd__clkbuf_16.
[INFO CTS-0007] Net "clk" found for clock "core_clk".
[WARNING CTS-0041] Net "clk" has 1 sinks. Skipping...
[WARNING CTS-0083] No clock nets have been found.
[INFO CTS-0008] TritonCTS found 0 clock nets.
[WARNING CTS-0082] No valid clock nets in the design.
[INFO CTS-0500] Runtime: 1.61s
estimate_parasitics -placement
Report metrics stage 4, cts pre-repair-timing...

==========================================================================
cts pre-repair-timing report_design_area
--------------------------------------------------------------------------
Design area 206736 um^2 47% utilization.
detailed_placement
[INFO DPL-0006] Core area: 439734.24 um^2
[INFO DPL-0007] Movable instances area: 1508.95 um^2
[INFO DPL-0008] Fixed instances area within core: 205226.64 um^2
[INFO DPL-0009] Utilization: 47.0%
[INFO DPL-0005] Diamond search max displacement: +/- 500 sites horizontally, +/- 100 rows vertically.
[INFO DPL-1102] Legalizing using negotiation legalizer.
[INFO DPL-1103] Negotiation base search window: +/-20 sites horizontally, +/-5 rows vertically 
	Automatic search window extension enabled.
	Search window extendable up to the max displacement cap of +/-500 sites, +/-100 rows near walls.
[INFO DPL-1104] NegotiationLegalizer DRC penalty: 5.
[INFO DPL-0392] Negotiation cell height distribution (2 unique row-count(s)):
[INFO DPL-0393]   height 1 row(s): 3313 cells
[INFO DPL-0393]   height 108 row(s): 1 cells
[INFO DPL-0500] Runtime: 0.09s
Placement Analysis
---------------------------------
total displacement        117.8 u
average displacement        0.0 u
max displacement            3.7 u
original HPWL           22163.2 u
legalized HPWL          22170.6 u
delta HPWL                    0 %

estimate_parasitics -placement
repair_timing -setup_margin 0 -hold_margin 0 -repair_tns 100 -match_cell_footprint -verbose
[INFO RSZ-0100] Repair move sequence: UnbufferMove SizeUpMove SwapPinsMove BufferMove CloneMove SplitLoadMove 
[INFO RSZ-0098] No setup violations found
[INFO RSZ-0505] Runtime: 0.22s
[INFO RSZ-0046] Found 1 endpoints with hold violations.
Iteration | Resized | Buffers | Cloned Gates |   Area   |   WNS   |   TNS   | Endpoint
--------------------------------------------------------------------------------------
        0 |       0 |       0 |            0 |    +0.0% |  -4.205 |  -4.205 | u_data/rstb
    final |       1 |       8 |            0 |    +0.0% |   0.110 |   0.000 | u_data/rstb
--------------------------------------------------------------------------------------
[INFO RSZ-0132] Resized 1 instances.
[INFO RSZ-0032] Inserted 8 hold buffers.
[INFO RSZ-0506] Runtime: 0.05s
detailed_placement
[INFO DPL-0006] Core area: 439734.24 um^2
[INFO DPL-0007] Movable instances area: 1606.54 um^2
[INFO DPL-0008] Fixed instances area within core: 205226.64 um^2
[INFO DPL-0009] Utilization: 47.0%
[INFO DPL-0005] Diamond search max displacement: +/- 500 sites horizontally, +/- 100 rows vertically.
[INFO DPL-1102] Legalizing using negotiation legalizer.
[INFO DPL-1103] Negotiation base search window: +/-20 sites horizontally, +/-5 rows vertically 
	Automatic search window extension enabled.
	Search window extendable up to the max displacement cap of +/-500 sites, +/-100 rows near walls.
[INFO DPL-1104] NegotiationLegalizer DRC penalty: 5.
[INFO DPL-0392] Negotiation cell height distribution (2 unique row-count(s)):
[INFO DPL-0393]   height 1 row(s): 3321 cells
[INFO DPL-0393]   height 108 row(s): 1 cells
          |      Total |  Illegal |  Illegal
Iteration | Violations |    Cells |    Sites
---------------------------------------------
        0 |          0 |         0 |         0
Negotiation phase 1 converged at iteration 0.
[INFO DPL-0500] Runtime: 0.07s
Placement Analysis
---------------------------------
total displacement         28.9 u
average displacement        0.0 u
max displacement           11.0 u
original HPWL           22197.1 u
legalized HPWL          22208.2 u
delta HPWL                    0 %

Report metrics stage 4, cts final...

==========================================================================
cts final report_design_area
--------------------------------------------------------------------------
Design area 206833 um^2 47% utilization.
write_db /work/campaigns/iscas_sustainability_extension/memory_compiler/gate3_attempt07_sram22_matched_physical_closure/raw/openroad/work/results/sky130hd/attempt07_u0/seed19/4_1_cts.odb
write_sdc -no_timestamp /work/campaigns/iscas_sustainability_extension/memory_compiler/gate3_attempt07_sram22_matched_physical_closure/raw/openroad/work/results/sky130hd/attempt07_u0/seed19/4_cts.sdc
Elapsed time: 0:10.50[h:]min:sec. CPU time: user 2.78 sys 0.77 (33%). Peak memory: 170216KB.
Log                       Ext     Elapsed/s Peak Memory/MB sha1sum result [0:20)
4_1_cts                   .odb           10            166 a45360d39f43e5921c26
cp /work/campaigns/iscas_sustainability_extension/memory_compiler/gate3_attempt07_sram22_matched_physical_closure/raw/openroad/work/results/sky130hd/attempt07_u0/seed19/4_1_cts.odb /work/campaigns/iscas_sustainability_extension/memory_compiler/gate3_attempt07_sram22_matched_physical_closure/raw/openroad/work/results/sky130hd/attempt07_u0/seed19/4_cts.odb
/OpenROAD-flow-scripts/flow/scripts/flow.sh 5_1_grt global_route
Running global_route.tcl, stage 5_1_grt
read_liberty /OpenROAD-flow-scripts/flow/platforms/sky130hd/lib/sky130_fd_sc_hd__tt_025C_1v80.lib
read_liberty /work/campaigns/iscas_sustainability_extension/memory_compiler/gate3_attempt07_sram22_matched_physical_closure/source_checkout/sram22_256x64m4w8/sram22_256x64m4w8_tt_025C_1v80.lib
read_db /work/campaigns/iscas_sustainability_extension/memory_compiler/gate3_attempt07_sram22_matched_physical_closure/raw/openroad/work/results/sky130hd/attempt07_u0/seed19/4_cts.odb
read_sdc /work/campaigns/iscas_sustainability_extension/memory_compiler/gate3_attempt07_sram22_matched_physical_closure/raw/openroad/work/results/sky130hd/attempt07_u0/seed19/4_cts.sdc
source /OpenROAD-flow-scripts/flow/platforms/sky130hd/setRC.tcl
pin_access
[INFO DRT-0149] Reading tech and libs.
[WARNING DRT-0349] LEF58_ENCLOSURE with no CUTCLASS is not supported. Skipping for layer mcon
[WARNING DRT-0349] LEF58_ENCLOSURE with no CUTCLASS is not supported. Skipping for layer mcon
[WARNING DRT-0349] LEF58_ENCLOSURE with no CUTCLASS is not supported. Skipping for layer via
[WARNING DRT-0349] LEF58_ENCLOSURE with no CUTCLASS is not supported. Skipping for layer via
[WARNING DRT-0349] LEF58_ENCLOSURE with no CUTCLASS is not supported. Skipping for layer via2
[WARNING DRT-0349] LEF58_ENCLOSURE with no CUTCLASS is not supported. Skipping for layer via2
[WARNING DRT-0349] LEF58_ENCLOSURE with no CUTCLASS is not supported. Skipping for layer via3
[WARNING DRT-0349] LEF58_ENCLOSURE with no CUTCLASS is not supported. Skipping for layer via3
[WARNING DRT-0349] LEF58_ENCLOSURE with no CUTCLASS is not supported. Skipping for layer via4
[WARNING DRT-0349] LEF58_ENCLOSURE with no CUTCLASS is not supported. Skipping for layer via4

Units:                1000
Number of layers:     13
Number of macros:     442
Number of vias:       94
Number of viarulegen: 25

[INFO DRT-0150] Reading design.

Design:                   u0_sram22_top
Die area:                 ( 0 0 ) ( 1000000 470000 )
Number of track patterns: 12
Number of DEF vias:       0
Number of components:     3322
Number of terminals:      150
Number of snets:          2
Number of nets:           304

[WARNING DRT-0419] No routing tracks pass through the center of Term u_data/dout[0]
[WARNING DRT-0419] No routing tracks pass through the center of Term u_data/dout[1]
[WARNING DRT-0419] No routing tracks pass through the center of Term u_data/dout[2]
[WARNING DRT-0419] No routing tracks pass through the center of Term u_data/dout[3]
[WARNING DRT-0419] No routing tracks pass through the center of Term u_data/dout[4]
[WARNING DRT-0419] No routing tracks pass through the center of Term u_data/dout[5]
[WARNING DRT-0419] No routing tracks pass through the center of Term u_data/dout[6]
[WARNING DRT-0419] No routing tracks pass through the center of Term u_data/dout[7]
[WARNING DRT-0419] No routing tracks pass through the center of Term u_data/dout[8]
[WARNING DRT-0419] No routing tracks pass through the center of Term u_data/dout[9]
[WARNING DRT-0419] No routing tracks pass through the center of Term u_data/dout[10]
[WARNING DRT-0419] No routing tracks pass through the center of Term u_data/dout[11]
[WARNING DRT-0419] No routing tracks pass through the center of Term u_data/dout[12]
[WARNING DRT-0419] No routing tracks pass through the center of Term u_data/dout[13]
[WARNING DRT-0419] No routing tracks pass through the center of Term u_data/dout[14]
[WARNING DRT-0419] No routing tracks pass through the center of Term u_data/dout[15]
[WARNING DRT-0419] No routing tracks pass through the center of Term u_data/dout[16]
[WARNING DRT-0419] No routing tracks pass through the center of Term u_data/dout[17]
[WARNING DRT-0419] No routing tracks pass through the center of Term u_data/dout[18]
[WARNING DRT-0419] No routing tracks pass through the center of Term u_data/dout[19]
[WARNING DRT-0419] No routing tracks pass through the center of Term u_data/dout[20]
[WARNING DRT-0419] No routing tracks pass through the center of Term u_data/dout[21]
[WARNING DRT-0419] No routing tracks pass through the center of Term u_data/dout[22]
[WARNING DRT-0419] No routing tracks pass through the center of Term u_data/dout[23]
[WARNING DRT-0419] No routing tracks pass through the center of Term u_data/dout[24]
[WARNING DRT-0419] No routing tracks pass through the center of Term u_data/dout[25]
[WARNING DRT-0419] No routing tracks pass through the center of Term u_data/dout[26]
[WARNING DRT-0419] No routing tracks pass through the center of Term u_data/dout[27]
[WARNING DRT-0419] No routing tracks pass through the center of Term u_data/dout[28]
[WARNING DRT-0419] No routing tracks pass through the center of Term u_data/dout[29]
[WARNING DRT-0419] No routing tracks pass through the center of Term u_data/dout[30]
[WARNING DRT-0419] No routing tracks pass through the center of Term u_data/dout[31]
[WARNING DRT-0419] No routing tracks pass through the center of Term u_data/dout[32]
[WARNING DRT-0419] No routing tracks pass through the center of Term u_data/dout[33]
[WARNING DRT-0419] No routing tracks pass through the center of Term u_data/dout[34]
[WARNING DRT-0419] No routing tracks pass through the center of Term u_data/dout[35]
[WARNING DRT-0419] No routing tracks pass through the center of Term u_data/dout[36]
[WARNING DRT-0419] No routing tracks pass through the center of Term u_data/dout[37]
[WARNING DRT-0419] No routing tracks pass through the center of Term u_data/dout[38]
[WARNING DRT-0419] No routing tracks pass through the center of Term u_data/dout[39]
[WARNING DRT-0419] No routing tracks pass through the center of Term u_data/dout[40]
[WARNING DRT-0419] No routing tracks pass through the center of Term u_data/dout[41]
[WARNING DRT-0419] No routing tracks pass through the center of Term u_data/dout[42]
[WARNING DRT-0419] No routing tracks pass through the center of Term u_data/dout[43]
[WARNING DRT-0419] No routing tracks pass through the center of Term u_data/dout[44]
[WARNING DRT-0419] No routing tracks pass through the center of Term u_data/dout[45]
[WARNING DRT-0419] No routing tracks pass through the center of Term u_data/dout[46]
[WARNING DRT-0419] No routing tracks pass through the center of Term u_data/dout[47]
[WARNING DRT-0419] No routing tracks pass through the center of Term u_data/dout[48]
[WARNING DRT-0419] No routing tracks pass through the center of Term u_data/dout[49]
[WARNING DRT-0419] No routing tracks pass through the center of Term u_data/dout[50]
[WARNING DRT-0419] No routing tracks pass through the center of Term u_data/dout[51]
[WARNING DRT-0419] No routing tracks pass through the center of Term u_data/dout[52]
[WARNING DRT-0419] No routing tracks pass through the center of Term u_data/dout[53]
[WARNING DRT-0419] No routing tracks pass through the center of Term u_data/dout[54]
[WARNING DRT-0419] No routing tracks pass through the center of Term u_data/dout[55]
[WARNING DRT-0419] No routing tracks pass through the center of Term u_data/dout[56]
[WARNING DRT-0419] No routing tracks pass through the center of Term u_data/dout[57]
[WARNING DRT-0419] No routing tracks pass through the center of Term u_data/dout[58]
[WARNING DRT-0419] No routing tracks pass through the center of Term u_data/dout[59]
[WARNING DRT-0419] No routing tracks pass through the center of Term u_data/dout[60]
[WARNING DRT-0419] No routing tracks pass through the center of Term u_data/dout[61]
[WARNING DRT-0419] No routing tracks pass through the center of Term u_data/dout[62]
[WARNING DRT-0419] No routing tracks pass through the center of Term u_data/dout[63]
[WARNING DRT-0419] No routing tracks pass through the center of Term u_data/din[0]
[WARNING DRT-0419] No routing tracks pass through the center of Term u_data/din[1]
[WARNING DRT-0419] No routing tracks pass through the center of Term u_data/din[2]
[WARNING DRT-0419] No routing tracks pass through the center of Term u_data/din[3]
[WARNING DRT-0419] No routing tracks pass through the center of Term u_data/din[4]
[WARNING DRT-0419] No routing tracks pass through the center of Term u_data/din[5]
[WARNING DRT-0419] No routing tracks pass through the center of Term u_data/din[6]
[WARNING DRT-0419] No routing tracks pass through the center of Term u_data/din[7]
[WARNING DRT-0419] No routing tracks pass through the center of Term u_data/din[8]
[WARNING DRT-0419] No routing tracks pass through the center of Term u_data/din[9]
[WARNING DRT-0419] No routing tracks pass through the center of Term u_data/din[10]
[WARNING DRT-0419] No routing tracks pass through the center of Term u_data/din[11]
[WARNING DRT-0419] No routing tracks pass through the center of Term u_data/din[12]
[WARNING DRT-0419] No routing tracks pass through the center of Term u_data/din[13]
[WARNING DRT-0419] No routing tracks pass through the center of Term u_data/din[14]
[WARNING DRT-0419] No routing tracks pass through the center of Term u_data/din[15]
[WARNING DRT-0419] No routing tracks pass through the center of Term u_data/din[16]
[WARNING DRT-0419] No routing tracks pass through the center of Term u_data/din[17]
[WARNING DRT-0419] No routing tracks pass through the center of Term u_data/din[18]
[WARNING DRT-0419] No routing tracks pass through the center of Term u_data/din[19]
[WARNING DRT-0419] No routing tracks pass through the center of Term u_data/din[20]
[WARNING DRT-0419] No routing tracks pass through the center of Term u_data/din[21]
[WARNING DRT-0419] No routing tracks pass through the center of Term u_data/din[22]
[WARNING DRT-0419] No routing tracks pass through the center of Term u_data/din[23]
[WARNING DRT-0419] No routing tracks pass through the center of Term u_data/din[24]
[WARNING DRT-0419] No routing tracks pass through the center of Term u_data/din[25]
[WARNING DRT-0419] No routing tracks pass through the center of Term u_data/din[26]
[WARNING DRT-0419] No routing tracks pass through the center of Term u_data/din[27]
[WARNING DRT-0419] No routing tracks pass through the center of Term u_data/din[28]
[WARNING DRT-0419] No routing tracks pass through the center of Term u_data/din[29]
[WARNING DRT-0419] No routing tracks pass through the center of Term u_data/din[30]
[WARNING DRT-0419] No routing tracks pass through the center of Term u_data/din[31]
[WARNING DRT-0419] No routing tracks pass through the center of Term u_data/din[32]
[WARNING DRT-0419] No routing tracks pass through the center of Term u_data/din[33]
[WARNING DRT-0419] No routing tracks pass through the center of Term u_data/din[34]
[WARNING DRT-0419] No routing tracks pass through the center of Term u_data/din[35]
[WARNING DRT-0419] No routing tracks pass through the center of Term u_data/din[36]
[WARNING DRT-0419] No routing tracks pass through the center of Term u_data/din[37]
[WARNING DRT-0419] No routing tracks pass through the center of Term u_data/din[38]
[WARNING DRT-0419] No routing tracks pass through the center of Term u_data/din[39]
[WARNING DRT-0419] No routing tracks pass through the center of Term u_data/din[40]
[WARNING DRT-0419] No routing tracks pass through the center of Term u_data/din[41]
[WARNING DRT-0419] No routing tracks pass through the center of Term u_data/din[42]
[WARNING DRT-0419] No routing tracks pass through the center of Term u_data/din[43]
[WARNING DRT-0419] No routing tracks pass through the center of Term u_data/din[44]
[WARNING DRT-0419] No routing tracks pass through the center of Term u_data/din[45]
[WARNING DRT-0419] No routing tracks pass through the center of Term u_data/din[46]
[WARNING DRT-0419] No routing tracks pass through the center of Term u_data/din[47]
[WARNING DRT-0419] No routing tracks pass through the center of Term u_data/din[48]
[WARNING DRT-0419] No routing tracks pass through the center of Term u_data/din[49]
[WARNING DRT-0419] No routing tracks pass through the center of Term u_data/din[50]
[WARNING DRT-0419] No routing tracks pass through the center of Term u_data/din[51]
[WARNING DRT-0419] No routing tracks pass through the center of Term u_data/din[52]
[WARNING DRT-0419] No routing tracks pass through the center of Term u_data/din[53]
[WARNING DRT-0419] No routing tracks pass through the center of Term u_data/din[54]
[WARNING DRT-0419] No routing tracks pass through the center of Term u_data/din[55]
[WARNING DRT-0419] No routing tracks pass through the center of Term u_data/din[56]
[WARNING DRT-0419] No routing tracks pass through the center of Term u_data/din[57]
[WARNING DRT-0419] No routing tracks pass through the center of Term u_data/din[58]
[WARNING DRT-0419] No routing tracks pass through the center of Term u_data/din[59]
[WARNING DRT-0419] No routing tracks pass through the center of Term u_data/din[60]
[WARNING DRT-0419] No routing tracks pass through the center of Term u_data/din[61]
[WARNING DRT-0419] No routing tracks pass through the center of Term u_data/din[62]
[WARNING DRT-0419] No routing tracks pass through the center of Term u_data/din[63]
[WARNING DRT-0419] No routing tracks pass through the center of Term u_data/wmask[1]
[WARNING DRT-0419] No routing tracks pass through the center of Term u_data/wmask[2]
[WARNING DRT-0419] No routing tracks pass through the center of Term u_data/wmask[3]
[WARNING DRT-0419] No routing tracks pass through the center of Term u_data/wmask[4]
[WARNING DRT-0419] No routing tracks pass through the center of Term u_data/wmask[5]
[WARNING DRT-0419] No routing tracks pass through the center of Term u_data/wmask[6]
[WARNING DRT-0419] No routing tracks pass through the center of Term u_data/wmask[7]
[INFO DRT-0167] List of default vias:
  Layer via
    default via: M1M2_PR
  Layer via2
    default via: M2M3_PR
  Layer via3
    default via: M3M4_PR
  Layer via4
    default via: M4M5_PR
[INFO DRT-0162] Library cell analysis.
[INFO DRT-0163] Instance analysis.
[INFO DRT-0164] Number of unique instances = 9.
[INFO DRT-0168] Init region query.
[INFO DRT-0024]   Complete FR_MASTERSLICE.
[INFO DRT-0024]   Complete Fr_VIA.
[INFO DRT-0024]   Complete li1.
[INFO DRT-0024]   Complete mcon.
[INFO DRT-0024]   Complete met1.
[INFO DRT-0024]   Complete via.
[INFO DRT-0024]   Complete met2.
[INFO DRT-0024]   Complete via2.
[INFO DRT-0024]   Complete met3.
[INFO DRT-0024]   Complete via3.
[INFO DRT-0024]   Complete met4.
[INFO DRT-0024]   Complete via4.
[INFO DRT-0024]   Complete met5.
[INFO DRT-0033] FR_MASTERSLICE shape region query size = 0.
[INFO DRT-0033] FR_VIA shape region query size = 0.
[INFO DRT-0033] li1 shape region query size = 16491.
[INFO DRT-0033] mcon shape region query size = 8898.
[INFO DRT-0033] met1 shape region query size = 10319.
[INFO DRT-0033] via shape region query size = 16265.
[INFO DRT-0033] met2 shape region query size = 14582.
[INFO DRT-0033] via2 shape region query size = 31755.
[INFO DRT-0033] met3 shape region query size = 19501.
[INFO DRT-0033] via3 shape region query size = 31436.
[INFO DRT-0033] met4 shape region query size = 7774.
[INFO DRT-0033] via4 shape region query size = 1199.
[INFO DRT-0033] met5 shape region query size = 1265.
[INFO DRT-0165] Start pin access.
[INFO DRT-0078]   Complete 190 pins.
[INFO DRT-0081]   Complete 8 unique inst patterns.
[INFO DRT-0084]   Complete 154 groups.
#scanned instances     = 3322
#unique  instances     = 9
#stdCellGenAp          = 128
#stdCellValidPlanarAp  = 0
#stdCellValidViaAp     = 91
#stdCellPinNoAp        = 0
#stdCellPinCnt         = 312
#instTermValidViaApCnt = 0
#macroGenAp            = 306
#macroValidPlanarAp    = 222
#macroValidViaAp       = 0
#macroNoAp             = 0
[INFO DRT-0166] Complete pin access.
[INFO DRT-0267] cpu time = 00:00:02, elapsed time = 00:00:02, memory = 142.76 (MB), peak = 142.23 (MB)
set_global_routing_random -seed 19
global_route -congestion_report_file /work/campaigns/iscas_sustainability_extension/memory_compiler/gate3_attempt07_sram22_matched_physical_closure/raw/openroad/work/reports/sky130hd/attempt07_u0/seed19/congestion.rpt -congestion_iterations 30 -congestion_report_iter_step 5 -verbose
[INFO GRT-0020] Min routing layer: met1
[INFO GRT-0021] Max routing layer: met5
[INFO GRT-0022] Global adjustment: 0%
[INFO GRT-0023] Grid origin: (0, 0)
[INFO GRT-0088] Layer li1     Track-Pitch = 0.4600  line-2-Via Pitch: 0.3400
[INFO GRT-0088] Layer met1    Track-Pitch = 0.3400  line-2-Via Pitch: 0.3400
[INFO GRT-0088] Layer met2    Track-Pitch = 0.4600  line-2-Via Pitch: 0.3500
[INFO GRT-0088] Layer met3    Track-Pitch = 0.6800  line-2-Via Pitch: 0.6150
[INFO GRT-0088] Layer met4    Track-Pitch = 0.9200  line-2-Via Pitch: 1.0400
[INFO GRT-0088] Layer met5    Track-Pitch = 3.4000  line-2-Via Pitch: 3.1100
[INFO GRT-0003] Macros: 1
[INFO GRT-0004] Blockages: 2
[INFO GRT-0019] Found 1 clock nets.
[INFO GRT-0001] Minimum degree: 2
[INFO GRT-0002] Maximum degree: 2

[INFO GRT-0053] Routing resources analysis:
          Routing      Original      Derated      Resource
Layer     Direction    Resources     Resources    Reduction (%)
---------------------------------------------------------------
li1        Vertical            0             0          0.00%
met1       Horizontal      85730         66699          22.20%
met2       Vertical        70198         53994          23.08%
met3       Horizontal      90639         70764          21.93%
met4       Vertical        62311         44907          27.93%
met5       Horizontal      13912          9868          29.07%
---------------------------------------------------------------

[INFO GRT-0197] Via related to pin nodes: 1227
[INFO GRT-0198] Via related Steiner nodes: 0
[INFO GRT-0199] Via filling finished.
[INFO GRT-0111] Final number of vias: 1891
[INFO GRT-0112] Final usage 3D: 8856

[INFO GRT-0096] Final congestion report:
Layer         Resource        Demand        Usage (%)    Max H / Max V / Total Congestion
---------------------------------------------------------------------------------------
li1                  0             0            0.00%             0 /  0 /  0
met1             66699            73            0.11%             0 /  0 /  0
met2             53994          2517            4.66%             0 /  0 /  0
met3             70764             8            0.01%             0 /  0 /  0
met4             44907           585            1.30%             0 /  0 /  0
met5              9868             0            0.00%             0 /  0 /  0
---------------------------------------------------------------------------------------
Total           246232          3183            1.29%             0 /  0 /  0

[INFO GRT-0018] Total wirelength: 25467 um
[INFO GRT-0014] Routed nets: 304
[INFO GRT-0303] Global routing runtime = 00:00:00
estimate_parasitics -global_routing
global_route -start_incremental
global_route -end_incremental -congestion_report_file /work/campaigns/iscas_sustainability_extension/memory_compiler/gate3_attempt07_sram22_matched_physical_closure/raw/openroad/work/reports/sky130hd/attempt07_u0/seed19/congestion_post_recover_power.rpt
Repair antennas...
[INFO GRT-0012] Found 0 antenna violations.
[INFO ANT-0002] Found 0 net violations.
[INFO ANT-0001] Found 0 pin violations.
Estimate parasitics...
estimate_parasitics -global_routing
Report metrics stage 5, global route...

==========================================================================
global route report_design_area
--------------------------------------------------------------------------
Design area 206833 um^2 47% utilization.
[INFO FLW-0007] clock core_clk period 10.000000
[INFO FLW-0008] Clock core_clk period 5.389
[INFO FLW-0009] Clock core_clk slack 4.327
write_sdc -no_timestamp /work/campaigns/iscas_sustainability_extension/memory_compiler/gate3_attempt07_sram22_matched_physical_closure/raw/openroad/work/results/sky130hd/attempt07_u0/seed19/updated_clks.sdc
[INFO FLW-0011] Path endpoint path count 147
write_db /work/campaigns/iscas_sustainability_extension/memory_compiler/gate3_attempt07_sram22_matched_physical_closure/raw/openroad/work/results/sky130hd/attempt07_u0/seed19/5_1_grt.odb
write_sdc -no_timestamp /work/campaigns/iscas_sustainability_extension/memory_compiler/gate3_attempt07_sram22_matched_physical_closure/raw/openroad/work/results/sky130hd/attempt07_u0/seed19/5_1_grt.sdc
Elapsed time: 0:09.70[h:]min:sec. CPU time: user 4.76 sys 0.76 (56%). Peak memory: 284760KB.
Log                       Ext     Elapsed/s Peak Memory/MB sha1sum result [0:20)
5_1_grt                   .odb            9            278 6b5fd9e67e3503193a81
5_1_grt                   .sdc                             a42be0ef2c48d0e04fec
/OpenROAD-flow-scripts/flow/scripts/flow.sh 5_2_route detail_route
Running detail_route.tcl, stage 5_2_route
read_liberty /OpenROAD-flow-scripts/flow/platforms/sky130hd/lib/sky130_fd_sc_hd__tt_025C_1v80.lib
read_liberty /work/campaigns/iscas_sustainability_extension/memory_compiler/gate3_attempt07_sram22_matched_physical_closure/source_checkout/sram22_256x64m4w8/sram22_256x64m4w8_tt_025C_1v80.lib
read_db /work/campaigns/iscas_sustainability_extension/memory_compiler/gate3_attempt07_sram22_matched_physical_closure/raw/openroad/work/results/sky130hd/attempt07_u0/seed19/5_1_grt.odb
read_sdc /work/campaigns/iscas_sustainability_extension/memory_compiler/gate3_attempt07_sram22_matched_physical_closure/raw/openroad/work/results/sky130hd/attempt07_u0/seed19/5_1_grt.sdc
source /OpenROAD-flow-scripts/flow/platforms/sky130hd/setRC.tcl
detailed_route -output_drc /work/campaigns/iscas_sustainability_extension/memory_compiler/gate3_attempt07_sram22_matched_physical_closure/raw/openroad/work/reports/sky130hd/attempt07_u0/seed19/5_route_drc.rpt -output_maze /work/campaigns/iscas_sustainability_extension/memory_compiler/gate3_attempt07_sram22_matched_physical_closure/raw/openroad/work/results/sky130hd/attempt07_u0/seed19/maze.log -droute_end_iter 64 -verbose 1 -drc_report_iter_step 5
[INFO DRT-0149] Reading tech and libs.
[WARNING DRT-0349] LEF58_ENCLOSURE with no CUTCLASS is not supported. Skipping for layer mcon
[WARNING DRT-0349] LEF58_ENCLOSURE with no CUTCLASS is not supported. Skipping for layer mcon
[WARNING DRT-0349] LEF58_ENCLOSURE with no CUTCLASS is not supported. Skipping for layer via
[WARNING DRT-0349] LEF58_ENCLOSURE with no CUTCLASS is not supported. Skipping for layer via
[WARNING DRT-0349] LEF58_ENCLOSURE with no CUTCLASS is not supported. Skipping for layer via2
[WARNING DRT-0349] LEF58_ENCLOSURE with no CUTCLASS is not supported. Skipping for layer via2
[WARNING DRT-0349] LEF58_ENCLOSURE with no CUTCLASS is not supported. Skipping for layer via3
[WARNING DRT-0349] LEF58_ENCLOSURE with no CUTCLASS is not supported. Skipping for layer via3
[WARNING DRT-0349] LEF58_ENCLOSURE with no CUTCLASS is not supported. Skipping for layer via4
[WARNING DRT-0349] LEF58_ENCLOSURE with no CUTCLASS is not supported. Skipping for layer via4

Units:                1000
Number of layers:     13
Number of macros:     442
Number of vias:       94
Number of viarulegen: 25

[INFO DRT-0150] Reading design.

Design:                   u0_sram22_top
Die area:                 ( 0 0 ) ( 1000000 470000 )
Number of track patterns: 12
Number of DEF vias:       0
Number of components:     3322
Number of terminals:      150
Number of snets:          2
Number of nets:           304

[WARNING DRT-0419] No routing tracks pass through the center of Term u_data/dout[0]
[WARNING DRT-0419] No routing tracks pass through the center of Term u_data/dout[1]
[WARNING DRT-0419] No routing tracks pass through the center of Term u_data/dout[2]
[WARNING DRT-0419] No routing tracks pass through the center of Term u_data/dout[3]
[WARNING DRT-0419] No routing tracks pass through the center of Term u_data/dout[4]
[WARNING DRT-0419] No routing tracks pass through the center of Term u_data/dout[5]
[WARNING DRT-0419] No routing tracks pass through the center of Term u_data/dout[6]
[WARNING DRT-0419] No routing tracks pass through the center of Term u_data/dout[7]
[WARNING DRT-0419] No routing tracks pass through the center of Term u_data/dout[8]
[WARNING DRT-0419] No routing tracks pass through the center of Term u_data/dout[9]
[WARNING DRT-0419] No routing tracks pass through the center of Term u_data/dout[10]
[WARNING DRT-0419] No routing tracks pass through the center of Term u_data/dout[11]
[WARNING DRT-0419] No routing tracks pass through the center of Term u_data/dout[12]
[WARNING DRT-0419] No routing tracks pass through the center of Term u_data/dout[13]
[WARNING DRT-0419] No routing tracks pass through the center of Term u_data/dout[14]
[WARNING DRT-0419] No routing tracks pass through the center of Term u_data/dout[15]
[WARNING DRT-0419] No routing tracks pass through the center of Term u_data/dout[16]
[WARNING DRT-0419] No routing tracks pass through the center of Term u_data/dout[17]
[WARNING DRT-0419] No routing tracks pass through the center of Term u_data/dout[18]
[WARNING DRT-0419] No routing tracks pass through the center of Term u_data/dout[19]
[WARNING DRT-0419] No routing tracks pass through the center of Term u_data/dout[20]
[WARNING DRT-0419] No routing tracks pass through the center of Term u_data/dout[21]
[WARNING DRT-0419] No routing tracks pass through the center of Term u_data/dout[22]
[WARNING DRT-0419] No routing tracks pass through the center of Term u_data/dout[23]
[WARNING DRT-0419] No routing tracks pass through the center of Term u_data/dout[24]
[WARNING DRT-0419] No routing tracks pass through the center of Term u_data/dout[25]
[WARNING DRT-0419] No routing tracks pass through the center of Term u_data/dout[26]
[WARNING DRT-0419] No routing tracks pass through the center of Term u_data/dout[27]
[WARNING DRT-0419] No routing tracks pass through the center of Term u_data/dout[28]
[WARNING DRT-0419] No routing tracks pass through the center of Term u_data/dout[29]
[WARNING DRT-0419] No routing tracks pass through the center of Term u_data/dout[30]
[WARNING DRT-0419] No routing tracks pass through the center of Term u_data/dout[31]
[WARNING DRT-0419] No routing tracks pass through the center of Term u_data/dout[32]
[WARNING DRT-0419] No routing tracks pass through the center of Term u_data/dout[33]
[WARNING DRT-0419] No routing tracks pass through the center of Term u_data/dout[34]
[WARNING DRT-0419] No routing tracks pass through the center of Term u_data/dout[35]
[WARNING DRT-0419] No routing tracks pass through the center of Term u_data/dout[36]
[WARNING DRT-0419] No routing tracks pass through the center of Term u_data/dout[37]
[WARNING DRT-0419] No routing tracks pass through the center of Term u_data/dout[38]
[WARNING DRT-0419] No routing tracks pass through the center of Term u_data/dout[39]
[WARNING DRT-0419] No routing tracks pass through the center of Term u_data/dout[40]
[WARNING DRT-0419] No routing tracks pass through the center of Term u_data/dout[41]
[WARNING DRT-0419] No routing tracks pass through the center of Term u_data/dout[42]
[WARNING DRT-0419] No routing tracks pass through the center of Term u_data/dout[43]
[WARNING DRT-0419] No routing tracks pass through the center of Term u_data/dout[44]
[WARNING DRT-0419] No routing tracks pass through the center of Term u_data/dout[45]
[WARNING DRT-0419] No routing tracks pass through the center of Term u_data/dout[46]
[WARNING DRT-0419] No routing tracks pass through the center of Term u_data/dout[47]
[WARNING DRT-0419] No routing tracks pass through the center of Term u_data/dout[48]
[WARNING DRT-0419] No routing tracks pass through the center of Term u_data/dout[49]
[WARNING DRT-0419] No routing tracks pass through the center of Term u_data/dout[50]
[WARNING DRT-0419] No routing tracks pass through the center of Term u_data/dout[51]
[WARNING DRT-0419] No routing tracks pass through the center of Term u_data/dout[52]
[WARNING DRT-0419] No routing tracks pass through the center of Term u_data/dout[53]
[WARNING DRT-0419] No routing tracks pass through the center of Term u_data/dout[54]
[WARNING DRT-0419] No routing tracks pass through the center of Term u_data/dout[55]
[WARNING DRT-0419] No routing tracks pass through the center of Term u_data/dout[56]
[WARNING DRT-0419] No routing tracks pass through the center of Term u_data/dout[57]
[WARNING DRT-0419] No routing tracks pass through the center of Term u_data/dout[58]
[WARNING DRT-0419] No routing tracks pass through the center of Term u_data/dout[59]
[WARNING DRT-0419] No routing tracks pass through the center of Term u_data/dout[60]
[WARNING DRT-0419] No routing tracks pass through the center of Term u_data/dout[61]
[WARNING DRT-0419] No routing tracks pass through the center of Term u_data/dout[62]
[WARNING DRT-0419] No routing tracks pass through the center of Term u_data/dout[63]
[WARNING DRT-0419] No routing tracks pass through the center of Term u_data/din[0]
[WARNING DRT-0419] No routing tracks pass through the center of Term u_data/din[1]
[WARNING DRT-0419] No routing tracks pass through the center of Term u_data/din[2]
[WARNING DRT-0419] No routing tracks pass through the center of Term u_data/din[3]
[WARNING DRT-0419] No routing tracks pass through the center of Term u_data/din[4]
[WARNING DRT-0419] No routing tracks pass through the center of Term u_data/din[5]
[WARNING DRT-0419] No routing tracks pass through the center of Term u_data/din[6]
[WARNING DRT-0419] No routing tracks pass through the center of Term u_data/din[7]
[WARNING DRT-0419] No routing tracks pass through the center of Term u_data/din[8]
[WARNING DRT-0419] No routing tracks pass through the center of Term u_data/din[9]
[WARNING DRT-0419] No routing tracks pass through the center of Term u_data/din[10]
[WARNING DRT-0419] No routing tracks pass through the center of Term u_data/din[11]
[WARNING DRT-0419] No routing tracks pass through the center of Term u_data/din[12]
[WARNING DRT-0419] No routing tracks pass through the center of Term u_data/din[13]
[WARNING DRT-0419] No routing tracks pass through the center of Term u_data/din[14]
[WARNING DRT-0419] No routing tracks pass through the center of Term u_data/din[15]
[WARNING DRT-0419] No routing tracks pass through the center of Term u_data/din[16]
[WARNING DRT-0419] No routing tracks pass through the center of Term u_data/din[17]
[WARNING DRT-0419] No routing tracks pass through the center of Term u_data/din[18]
[WARNING DRT-0419] No routing tracks pass through the center of Term u_data/din[19]
[WARNING DRT-0419] No routing tracks pass through the center of Term u_data/din[20]
[WARNING DRT-0419] No routing tracks pass through the center of Term u_data/din[21]
[WARNING DRT-0419] No routing tracks pass through the center of Term u_data/din[22]
[WARNING DRT-0419] No routing tracks pass through the center of Term u_data/din[23]
[WARNING DRT-0419] No routing tracks pass through the center of Term u_data/din[24]
[WARNING DRT-0419] No routing tracks pass through the center of Term u_data/din[25]
[WARNING DRT-0419] No routing tracks pass through the center of Term u_data/din[26]
[WARNING DRT-0419] No routing tracks pass through the center of Term u_data/din[27]
[WARNING DRT-0419] No routing tracks pass through the center of Term u_data/din[28]
[WARNING DRT-0419] No routing tracks pass through the center of Term u_data/din[29]
[WARNING DRT-0419] No routing tracks pass through the center of Term u_data/din[30]
[WARNING DRT-0419] No routing tracks pass through the center of Term u_data/din[31]
[WARNING DRT-0419] No routing tracks pass through the center of Term u_data/din[32]
[WARNING DRT-0419] No routing tracks pass through the center of Term u_data/din[33]
[WARNING DRT-0419] No routing tracks pass through the center of Term u_data/din[34]
[WARNING DRT-0419] No routing tracks pass through the center of Term u_data/din[35]
[WARNING DRT-0419] No routing tracks pass through the center of Term u_data/din[36]
[WARNING DRT-0419] No routing tracks pass through the center of Term u_data/din[37]
[WARNING DRT-0419] No routing tracks pass through the center of Term u_data/din[38]
[WARNING DRT-0419] No routing tracks pass through the center of Term u_data/din[39]
[WARNING DRT-0419] No routing tracks pass through the center of Term u_data/din[40]
[WARNING DRT-0419] No routing tracks pass through the center of Term u_data/din[41]
[WARNING DRT-0419] No routing tracks pass through the center of Term u_data/din[42]
[WARNING DRT-0419] No routing tracks pass through the center of Term u_data/din[43]
[WARNING DRT-0419] No routing tracks pass through the center of Term u_data/din[44]
[WARNING DRT-0419] No routing tracks pass through the center of Term u_data/din[45]
[WARNING DRT-0419] No routing tracks pass through the center of Term u_data/din[46]
[WARNING DRT-0419] No routing tracks pass through the center of Term u_data/din[47]
[WARNING DRT-0419] No routing tracks pass through the center of Term u_data/din[48]
[WARNING DRT-0419] No routing tracks pass through the center of Term u_data/din[49]
[WARNING DRT-0419] No routing tracks pass through the center of Term u_data/din[50]
[WARNING DRT-0419] No routing tracks pass through the center of Term u_data/din[51]
[WARNING DRT-0419] No routing tracks pass through the center of Term u_data/din[52]
[WARNING DRT-0419] No routing tracks pass through the center of Term u_data/din[53]
[WARNING DRT-0419] No routing tracks pass through the center of Term u_data/din[54]
[WARNING DRT-0419] No routing tracks pass through the center of Term u_data/din[55]
[WARNING DRT-0419] No routing tracks pass through the center of Term u_data/din[56]
[WARNING DRT-0419] No routing tracks pass through the center of Term u_data/din[57]
[WARNING DRT-0419] No routing tracks pass through the center of Term u_data/din[58]
[WARNING DRT-0419] No routing tracks pass through the center of Term u_data/din[59]
[WARNING DRT-0419] No routing tracks pass through the center of Term u_data/din[60]
[WARNING DRT-0419] No routing tracks pass through the center of Term u_data/din[61]
[WARNING DRT-0419] No routing tracks pass through the center of Term u_data/din[62]
[WARNING DRT-0419] No routing tracks pass through the center of Term u_data/din[63]
[WARNING DRT-0419] No routing tracks pass through the center of Term u_data/wmask[1]
[WARNING DRT-0419] No routing tracks pass through the center of Term u_data/wmask[2]
[WARNING DRT-0419] No routing tracks pass through the center of Term u_data/wmask[3]
[WARNING DRT-0419] No routing tracks pass through the center of Term u_data/wmask[4]
[WARNING DRT-0419] No routing tracks pass through the center of Term u_data/wmask[5]
[WARNING DRT-0419] No routing tracks pass through the center of Term u_data/wmask[6]
[WARNING DRT-0419] No routing tracks pass through the center of Term u_data/wmask[7]
[INFO DRT-0167] List of default vias:
  Layer via
    default via: M1M2_PR
  Layer via2
    default via: M2M3_PR
  Layer via3
    default via: M3M4_PR
  Layer via4
    default via: M4M5_PR
[INFO DRT-0162] Library cell analysis.
[INFO DRT-0163] Instance analysis.
[INFO DRT-0164] Number of unique instances = 9.
[INFO DRT-0168] Init region query.
[INFO DRT-0024]   Complete FR_MASTERSLICE.
[INFO DRT-0024]   Complete Fr_VIA.
[INFO DRT-0024]   Complete li1.
[INFO DRT-0024]   Complete mcon.
[INFO DRT-0024]   Complete met1.
[INFO DRT-0024]   Complete via.
[INFO DRT-0024]   Complete met2.
[INFO DRT-0024]   Complete via2.
[INFO DRT-0024]   Complete met3.
[INFO DRT-0024]   Complete via3.
[INFO DRT-0024]   Complete met4.
[INFO DRT-0024]   Complete via4.
[INFO DRT-0024]   Complete met5.
[INFO DRT-0033] FR_MASTERSLICE shape region query size = 0.
[INFO DRT-0033] FR_VIA shape region query size = 0.
[INFO DRT-0033] li1 shape region query size = 16491.
[INFO DRT-0033] mcon shape region query size = 8898.
[INFO DRT-0033] met1 shape region query size = 10319.
[INFO DRT-0033] via shape region query size = 16265.
[INFO DRT-0033] met2 shape region query size = 14582.
[INFO DRT-0033] via2 shape region query size = 31755.
[INFO DRT-0033] met3 shape region query size = 19501.
[INFO DRT-0033] via3 shape region query size = 31436.
[INFO DRT-0033] met4 shape region query size = 7774.
[INFO DRT-0033] via4 shape region query size = 1199.
[INFO DRT-0033] met5 shape region query size = 1265.
[INFO DRT-0165] Start pin access.
[INFO DRT-0078]   Complete 190 pins.
[INFO DRT-0081]   Complete 8 unique inst patterns.
[INFO DRT-0084]   Complete 154 groups.
#scanned instances     = 3322
#unique  instances     = 9
#stdCellGenAp          = 128
#stdCellValidPlanarAp  = 0
#stdCellValidViaAp     = 91
#stdCellPinNoAp        = 0
#stdCellPinCnt         = 312
#instTermValidViaApCnt = 0
#macroGenAp            = 306
#macroValidPlanarAp    = 222
#macroValidViaAp       = 0
#macroNoAp             = 0
[INFO DRT-0166] Complete pin access.
[INFO DRT-0267] cpu time = 00:00:02, elapsed time = 00:00:03, memory = 247.41 (MB), peak = 246.88 (MB)

[INFO DRT-0157] Number of guides:     1903

[INFO DRT-0169] Post process guides.
[INFO DRT-0176] GCELLGRID X 0 DO 144 STEP 6900 ;
[INFO DRT-0177] GCELLGRID Y 0 DO 68 STEP 6900 ;
[INFO DRT-0028]   Complete FR_MASTERSLICE.
[INFO DRT-0028]   Complete Fr_VIA.
[INFO DRT-0028]   Complete li1.
[INFO DRT-0028]   Complete mcon.
[INFO DRT-0028]   Complete met1.
[INFO DRT-0028]   Complete via.
[INFO DRT-0028]   Complete met2.
[INFO DRT-0028]   Complete via2.
[INFO DRT-0028]   Complete met3.
[INFO DRT-0028]   Complete via3.
[INFO DRT-0028]   Complete met4.
[INFO DRT-0028]   Complete via4.
[INFO DRT-0028]   Complete met5.
[INFO DRT-0178] Init guide query.
[INFO DRT-0035]   Complete FR_MASTERSLICE (guide).
[INFO DRT-0035]   Complete Fr_VIA (guide).
[INFO DRT-0035]   Complete li1 (guide).
[INFO DRT-0035]   Complete mcon (guide).
[INFO DRT-0035]   Complete met1 (guide).
[INFO DRT-0035]   Complete via (guide).
[INFO DRT-0035]   Complete met2 (guide).
[INFO DRT-0035]   Complete via2 (guide).
[INFO DRT-0035]   Complete met3 (guide).
[INFO DRT-0035]   Complete via3 (guide).
[INFO DRT-0035]   Complete met4 (guide).
[INFO DRT-0035]   Complete via4 (guide).
[INFO DRT-0035]   Complete met5 (guide).
[INFO DRT-0036] FR_MASTERSLICE guide region query size = 0.
[INFO DRT-0036] FR_VIA guide region query size = 0.
[INFO DRT-0036] li1 guide region query size = 311.
[INFO DRT-0036] mcon guide region query size = 0.
[INFO DRT-0036] met1 guide region query size = 468.
[INFO DRT-0036] via guide region query size = 0.
[INFO DRT-0036] met2 guide region query size = 397.
[INFO DRT-0036] via2 guide region query size = 0.
[INFO DRT-0036] met3 guide region query size = 168.
[INFO DRT-0036] via3 guide region query size = 0.
[INFO DRT-0036] met4 guide region query size = 84.
[INFO DRT-0036] via4 guide region query size = 0.
[INFO DRT-0036] met5 guide region query size = 0.
[INFO DRT-0179] Init gr pin query.
[INFO DRT-0267] cpu time = 00:00:00, elapsed time = 00:00:00, memory = 248.09 (MB), peak = 247.69 (MB)
[INFO DRT-0245] skipped writing guide updates to database.
[INFO DRT-0181] Start track assignment.
[INFO DRT-0184] Done with 792 vertical wires in 3 frboxes and 636 horizontal wires in 2 frboxes.
[INFO DRT-0186] Done with 166 vertical wires in 3 frboxes and 65 horizontal wires in 2 frboxes.
[INFO DRT-0182] Complete track assignment.
[INFO DRT-0267] cpu time = 00:00:01, elapsed time = 00:00:01, memory = 283.43 (MB), peak = 289.13 (MB)
[INFO DRT-0187] Start routing data preparation.
[INFO DRT-0267] cpu time = 00:00:00, elapsed time = 00:00:00, memory = 283.43 (MB), peak = 289.13 (MB)
[INFO DRT-0194] Start detail routing.
[INFO DRT-0195] Start 0th optimization iteration.
    Completing 10% with 0 violations.
    elapsed time = 00:00:00, memory = 287.77 (MB).
    Completing 20% with 0 violations.
    elapsed time = 00:00:00, memory = 298.73 (MB).
    Completing 30% with 41 violations.
    elapsed time = 00:00:00, memory = 297.47 (MB).
    Completing 40% with 41 violations.
    elapsed time = 00:00:01, memory = 306.99 (MB).
    Completing 50% with 41 violations.
    elapsed time = 00:00:01, memory = 302.20 (MB).
    Completing 60% with 41 violations.
    elapsed time = 00:00:01, memory = 297.47 (MB).
    Completing 70% with 41 violations.
    elapsed time = 00:00:02, memory = 301.38 (MB).
    Completing 80% with 69 violations.
    elapsed time = 00:00:02, memory = 301.38 (MB).
    Completing 90% with 69 violations.
    elapsed time = 00:00:02, memory = 310.90 (MB).
    Completing 100% with 69 violations.
    elapsed time = 00:00:03, memory = 305.91 (MB).
[INFO DRT-0199]   Number of violations = 70.
Viol/Layer        met1
Metal Spacing       57
Recheck              1
Short               12
[INFO DRT-0267] cpu time = 00:00:04, elapsed time = 00:00:04, memory = 638.77 (MB), peak = 650.35 (MB)
Total wire length = 22214 um.
Total wire length on LAYER li1 = 0 um.
Total wire length on LAYER met1 = 440 um.
Total wire length on LAYER met2 = 18544 um.
Total wire length on LAYER met3 = 164 um.
Total wire length on LAYER met4 = 3064 um.
Total wire length on LAYER met5 = 0 um.
Total number of vias = 1110.
Up-via summary (total 1110):

-----------------------
 FR_MASTERSLICE       0
            li1     312
           met1     482
           met2     158
           met3     158
           met4       0
-----------------------
               1110


[INFO DRT-0195] Start 1st optimization iteration.
    Completing 10% with 70 violations.
    elapsed time = 00:00:00, memory = 638.77 (MB).
    Completing 20% with 70 violations.
    elapsed time = 00:00:00, memory = 639.64 (MB).
    Completing 30% with 35 violations.
    elapsed time = 00:00:00, memory = 639.64 (MB).
    Completing 40% with 35 violations.
    elapsed time = 00:00:01, memory = 639.64 (MB).
    Completing 50% with 35 violations.
    elapsed time = 00:00:01, memory = 639.64 (MB).
    Completing 60% with 35 violations.
    elapsed time = 00:00:01, memory = 639.64 (MB).
    Completing 70% with 35 violations.
    elapsed time = 00:00:02, memory = 639.64 (MB).
    Completing 80% with 10 violations.
    elapsed time = 00:00:02, memory = 639.64 (MB).
    Completing 90% with 10 violations.
    elapsed time = 00:00:02, memory = 639.64 (MB).
    Completing 100% with 10 violations.
    elapsed time = 00:00:02, memory = 639.64 (MB).
[INFO DRT-0199]   Number of violations = 10.
Viol/Layer        met1
Metal Spacing       10
[INFO DRT-0267] cpu time = 00:00:03, elapsed time = 00:00:03, memory = 639.77 (MB), peak = 651.42 (MB)
Total wire length = 22213 um.
Total wire length on LAYER li1 = 0 um.
Total wire length on LAYER met1 = 445 um.
Total wire length on LAYER met2 = 18396 um.
Total wire length on LAYER met3 = 167 um.
Total wire length on LAYER met4 = 3204 um.
Total wire length on LAYER met5 = 0 um.
Total number of vias = 1106.
Up-via summary (total 1106):

-----------------------
 FR_MASTERSLICE       0
            li1     312
           met1     478
           met2     158
           met3     158
           met4       0
-----------------------
               1106


[INFO DRT-0195] Start 2nd optimization iteration.
    Completing 10% with 10 violations.
    elapsed time = 00:00:00, memory = 639.77 (MB).
    Completing 20% with 10 violations.
    elapsed time = 00:00:00, memory = 639.77 (MB).
    Completing 30% with 10 violations.
    elapsed time = 00:00:00, memory = 639.77 (MB).
    Completing 40% with 10 violations.
    elapsed time = 00:00:00, memory = 639.77 (MB).
    Completing 50% with 10 violations.
    elapsed time = 00:00:00, memory = 639.77 (MB).
    Completing 60% with 16 violations.
    elapsed time = 00:00:00, memory = 639.77 (MB).
    Completing 70% with 16 violations.
    elapsed time = 00:00:00, memory = 639.77 (MB).
    Completing 80% with 16 violations.
    elapsed time = 00:00:00, memory = 639.77 (MB).
    Completing 90% with 16 violations.
    elapsed time = 00:00:00, memory = 639.77 (MB).
    Completing 100% with 18 violations.
    elapsed time = 00:00:01, memory = 639.77 (MB).
[INFO DRT-0199]   Number of violations = 18.
Viol/Layer        met1
Metal Spacing       13
Short                5
[INFO DRT-0267] cpu time = 00:00:01, elapsed time = 00:00:01, memory = 639.77 (MB), peak = 651.48 (MB)
Total wire length = 22200 um.
Total wire length on LAYER li1 = 0 um.
Total wire length on LAYER met1 = 441 um.
Total wire length on LAYER met2 = 18452 um.
Total wire length on LAYER met3 = 156 um.
Total wire length on LAYER met4 = 3149 um.
Total wire length on LAYER met5 = 0 um.
Total number of vias = 1106.
Up-via summary (total 1106):

-----------------------
 FR_MASTERSLICE       0
            li1     312
           met1     478
           met2     158
           met3     158
           met4       0
-----------------------
               1106


[INFO DRT-0195] Start 3rd guides tiles iteration.
    Completing 10% with 18 violations.
    elapsed time = 00:00:00, memory = 639.77 (MB).
    Completing 20% with 18 violations.
    elapsed time = 00:00:00, memory = 639.77 (MB).
    Completing 30% with 18 violations.
    elapsed time = 00:00:00, memory = 639.77 (MB).
    Completing 40% with 18 violations.
    elapsed time = 00:00:00, memory = 639.77 (MB).
    Completing 50% with 18 violations.
    elapsed time = 00:00:02, memory = 639.77 (MB).
    Completing 60% with 3 violations.
    elapsed time = 00:00:02, memory = 639.77 (MB).
    Completing 70% with 3 violations.
    elapsed time = 00:00:02, memory = 639.77 (MB).
    Completing 80% with 3 violations.
    elapsed time = 00:00:02, memory = 639.77 (MB).
    Completing 90% with 3 violations.
    elapsed time = 00:00:02, memory = 639.77 (MB).
    Completing 100% with 1 violations.
    elapsed time = 00:00:02, memory = 639.77 (MB).
[INFO DRT-0199]   Number of violations = 1.
Viol/Layer        met1
Metal Spacing        1
[INFO DRT-0267] cpu time = 00:00:02, elapsed time = 00:00:02, memory = 639.77 (MB), peak = 651.48 (MB)
Total wire length = 22198 um.
Total wire length on LAYER li1 = 0 um.
Total wire length on LAYER met1 = 450 um.
Total wire length on LAYER met2 = 18531 um.
Total wire length on LAYER met3 = 150 um.
Total wire length on LAYER met4 = 3066 um.
Total wire length on LAYER met5 = 0 um.
Total number of vias = 1094.
Up-via summary (total 1094):

-----------------------
 FR_MASTERSLICE       0
            li1     312
           met1     478
           met2     152
           met3     152
           met4       0
-----------------------
               1094


[INFO DRT-0195] Start 4th guides tiles iteration.
    Completing 50% with 1 violations.
    elapsed time = 00:00:00, memory = 639.77 (MB).
    Completing 100% with 1 violations.
    elapsed time = 00:00:00, memory = 639.77 (MB).
[INFO DRT-0199]   Number of violations = 1.
Viol/Layer        met1
Metal Spacing        1
[INFO DRT-0267] cpu time = 00:00:00, elapsed time = 00:00:00, memory = 639.77 (MB), peak = 651.48 (MB)
Total wire length = 22198 um.
Total wire length on LAYER li1 = 0 um.
Total wire length on LAYER met1 = 450 um.
Total wire length on LAYER met2 = 18531 um.
Total wire length on LAYER met3 = 150 um.
Total wire length on LAYER met4 = 3066 um.
Total wire length on LAYER met5 = 0 um.
Total number of vias = 1094.
Up-via summary (total 1094):

-----------------------
 FR_MASTERSLICE       0
            li1     312
           met1     478
           met2     152
           met3     152
           met4       0
-----------------------
               1094


[INFO DRT-0195] Start 5th stubborn tiles iteration.
    Completing 10% with 1 violations.
    elapsed time = 00:00:03, memory = 639.77 (MB).
    Completing 20% with 1 violations.
    elapsed time = 00:00:03, memory = 639.77 (MB).
    Completing 30% with 1 violations.
    elapsed time = 00:00:04, memory = 640.44 (MB).
    Completing 40% with 1 violations.
    elapsed time = 00:00:05, memory = 641.27 (MB).
    Completing 50% with 1 violations.
    elapsed time = 00:00:09, memory = 647.62 (MB).
    Completing 60% with 1 violations.
    elapsed time = 00:00:12, memory = 652.48 (MB).
    Completing 70% with 1 violations.
    elapsed time = 00:00:17, memory = 660.84 (MB).
    Completing 80% with 1 violations.
    elapsed time = 00:00:21, memory = 663.95 (MB).
    Completing 90% with 1 violations.
    elapsed time = 00:00:23, memory = 666.32 (MB).
    Completing 100% with 0 violations.
    elapsed time = 00:00:24, memory = 667.50 (MB).
[INFO DRT-0199]   Number of violations = 0.
[INFO DRT-0267] cpu time = 00:00:52, elapsed time = 00:00:24, memory = 667.56 (MB), peak = 679.11 (MB)
Total wire length = 22198 um.
Total wire length on LAYER li1 = 0 um.
Total wire length on LAYER met1 = 450 um.
Total wire length on LAYER met2 = 18546 um.
Total wire length on LAYER met3 = 150 um.
Total wire length on LAYER met4 = 3051 um.
Total wire length on LAYER met5 = 0 um.
Total number of vias = 1090.
Up-via summary (total 1090):

-----------------------
 FR_MASTERSLICE       0
            li1     312
           met1     478
           met2     150
           met3     150
           met4       0
-----------------------
               1090


[INFO DRT-0198] Complete detail routing.
Total wire length = 22198 um.
Total wire length on LAYER li1 = 0 um.
Total wire length on LAYER met1 = 450 um.
Total wire length on LAYER met2 = 18546 um.
Total wire length on LAYER met3 = 150 um.
Total wire length on LAYER met4 = 3051 um.
Total wire length on LAYER met5 = 0 um.
Total number of vias = 1090.
Up-via summary (total 1090):

-----------------------
 FR_MASTERSLICE       0
            li1     312
           met1     478
           met2     150
           met3     150
           met4       0
-----------------------
               1090


[INFO DRT-0267] cpu time = 00:01:04, elapsed time = 00:00:36, memory = 667.62 (MB), peak = 679.11 (MB)

[INFO DRT-0180] Post processing.
[INFO DRT-0501] Runtime: 41.97s
Took 42 seconds: detailed_route -output_drc /work/campaigns/iscas_sustainability_extension/memory_compiler/gate3_attempt07_sram22_matched_physical_closure/raw/openroad/work/reports/sky130hd/attempt07_u0/seed19/5_route_drc.rpt -output_maze /work/campaigns/iscas_sustainability_extension/memory_compiler/gate3_attempt07_sram22_matched_physical_closure/raw/openroad/work/results/sky130hd/attempt07_u0/seed19/maze.log -droute_end_iter 64 -verbose 1 -drc_report_iter_step 5
[INFO GRT-0012] Found 0 antenna violations.
[INFO ANT-0002] Found 0 net violations.
[INFO ANT-0001] Found 0 pin violations.
[INFO ANT-0002] Found 0 net violations.
[INFO ANT-0001] Found 0 pin violations.
Design area 206833 um^2 47% utilization.
write_db /work/campaigns/iscas_sustainability_extension/memory_compiler/gate3_attempt07_sram22_matched_physical_closure/raw/openroad/work/results/sky130hd/attempt07_u0/seed19/5_2_route.odb
Elapsed time: 0:44.87[h:]min:sec. CPU time: user 68.42 sys 2.95 (159%). Peak memory: 695408KB.
Log                       Ext     Elapsed/s Peak Memory/MB sha1sum result [0:20)
5_2_route                 .odb           44            679 47113ef7273e007dc6d4
/OpenROAD-flow-scripts/flow/scripts/flow.sh 5_3_fillcell fillcell
Running fillcell.tcl, stage 5_3_fillcell
read_liberty /OpenROAD-flow-scripts/flow/platforms/sky130hd/lib/sky130_fd_sc_hd__tt_025C_1v80.lib
read_liberty /work/campaigns/iscas_sustainability_extension/memory_compiler/gate3_attempt07_sram22_matched_physical_closure/source_checkout/sram22_256x64m4w8/sram22_256x64m4w8_tt_025C_1v80.lib
read_db /work/campaigns/iscas_sustainability_extension/memory_compiler/gate3_attempt07_sram22_matched_physical_closure/raw/openroad/work/results/sky130hd/attempt07_u0/seed19/5_2_route.odb
read_sdc /work/campaigns/iscas_sustainability_extension/memory_compiler/gate3_attempt07_sram22_matched_physical_closure/raw/openroad/work/results/sky130hd/attempt07_u0/seed19/5_1_grt.sdc
source /OpenROAD-flow-scripts/flow/platforms/sky130hd/setRC.tcl
filler_placement "sky130_fd_sc_hd__fill_1 sky130_fd_sc_hd__fill_2 sky130_fd_sc_hd__fill_4 sky130_fd_sc_hd__fill_8"
[INFO DPL-0001] Placed 27900 filler instances.
Design area 206833 um^2 47% utilization.
write_db /work/campaigns/iscas_sustainability_extension/memory_compiler/gate3_attempt07_sram22_matched_physical_closure/raw/openroad/work/results/sky130hd/attempt07_u0/seed19/5_3_fillcell.odb
Elapsed time: 0:03.21[h:]min:sec. CPU time: user 1.07 sys 0.36 (44%). Peak memory: 171836KB.
Log                       Ext     Elapsed/s Peak Memory/MB sha1sum result [0:20)
5_3_fillcell              .odb            3            167 c988a6e7cde757889685
cp /work/campaigns/iscas_sustainability_extension/memory_compiler/gate3_attempt07_sram22_matched_physical_closure/raw/openroad/work/results/sky130hd/attempt07_u0/seed19/5_3_fillcell.odb /work/campaigns/iscas_sustainability_extension/memory_compiler/gate3_attempt07_sram22_matched_physical_closure/raw/openroad/work/results/sky130hd/attempt07_u0/seed19/5_route.odb
cp /work/campaigns/iscas_sustainability_extension/memory_compiler/gate3_attempt07_sram22_matched_physical_closure/raw/openroad/work/results/sky130hd/attempt07_u0/seed19/5_1_grt.sdc /work/campaigns/iscas_sustainability_extension/memory_compiler/gate3_attempt07_sram22_matched_physical_closure/raw/openroad/work/results/sky130hd/attempt07_u0/seed19/5_route.sdc
/OpenROAD-flow-scripts/flow/scripts/flow.sh 6_1_fill density_fill
Running density_fill.tcl, stage 6_1_fill
read_liberty /OpenROAD-flow-scripts/flow/platforms/sky130hd/lib/sky130_fd_sc_hd__tt_025C_1v80.lib
read_liberty /work/campaigns/iscas_sustainability_extension/memory_compiler/gate3_attempt07_sram22_matched_physical_closure/source_checkout/sram22_256x64m4w8/sram22_256x64m4w8_tt_025C_1v80.lib
read_db /work/campaigns/iscas_sustainability_extension/memory_compiler/gate3_attempt07_sram22_matched_physical_closure/raw/openroad/work/results/sky130hd/attempt07_u0/seed19/5_route.odb
read_sdc /work/campaigns/iscas_sustainability_extension/memory_compiler/gate3_attempt07_sram22_matched_physical_closure/raw/openroad/work/results/sky130hd/attempt07_u0/seed19/5_route.sdc
source /OpenROAD-flow-scripts/flow/platforms/sky130hd/setRC.tcl
exec cp /work/campaigns/iscas_sustainability_extension/memory_compiler/gate3_attempt07_sram22_matched_physical_closure/raw/openroad/work/results/sky130hd/attempt07_u0/seed19/5_route.odb /work/campaigns/iscas_sustainability_extension/memory_compiler/gate3_attempt07_sram22_matched_physical_closure/raw/openroad/work/results/sky130hd/attempt07_u0/seed19/6_1_fill.odb
Elapsed time: 0:02.07[h:]min:sec. CPU time: user 0.88 sys 0.28 (56%). Peak memory: 146400KB.
Log                       Ext     Elapsed/s Peak Memory/MB sha1sum result [0:20)
6_1_fill                  .odb            2            142 c988a6e7cde757889685
cp /work/campaigns/iscas_sustainability_extension/memory_compiler/gate3_attempt07_sram22_matched_physical_closure/raw/openroad/work/results/sky130hd/attempt07_u0/seed19/5_route.sdc /work/campaigns/iscas_sustainability_extension/memory_compiler/gate3_attempt07_sram22_matched_physical_closure/raw/openroad/work/results/sky130hd/attempt07_u0/seed19/6_1_fill.sdc
/OpenROAD-flow-scripts/flow/scripts/flow.sh 6_report final_report
Running final_report.tcl, stage 6_report
read_liberty /OpenROAD-flow-scripts/flow/platforms/sky130hd/lib/sky130_fd_sc_hd__tt_025C_1v80.lib
read_liberty /work/campaigns/iscas_sustainability_extension/memory_compiler/gate3_attempt07_sram22_matched_physical_closure/source_checkout/sram22_256x64m4w8/sram22_256x64m4w8_tt_025C_1v80.lib
read_db /work/campaigns/iscas_sustainability_extension/memory_compiler/gate3_attempt07_sram22_matched_physical_closure/raw/openroad/work/results/sky130hd/attempt07_u0/seed19/6_1_fill.odb
read_sdc /work/campaigns/iscas_sustainability_extension/memory_compiler/gate3_attempt07_sram22_matched_physical_closure/raw/openroad/work/results/sky130hd/attempt07_u0/seed19/6_1_fill.sdc
source /OpenROAD-flow-scripts/flow/platforms/sky130hd/setRC.tcl
write_db /work/campaigns/iscas_sustainability_extension/memory_compiler/gate3_attempt07_sram22_matched_physical_closure/raw/openroad/work/results/sky130hd/attempt07_u0/seed19/6_final.odb
write_sdc -no_timestamp /work/campaigns/iscas_sustainability_extension/memory_compiler/gate3_attempt07_sram22_matched_physical_closure/raw/openroad/work/results/sky130hd/attempt07_u0/seed19/6_final.sdc
Deleted 0 routing obstructions
Warning: master sky130_ef_sc_hd__decap_12 has signal pins but no liberty cell
[INFO RCX-0431] Defined process_corner X with ext_model_index 0
[INFO RCX-0029] Defined extraction corner X
[WARNING RCX-0514] The ext_model_file option is deprecated. Use set_extraction_rules_file command instead.
[INFO RCX-0435] Reading extraction model file /OpenROAD-flow-scripts/flow/platforms/sky130hd/rcx_patterns.rules ...
[INFO RCX-0436] RC segment generation u0_sram22_top (max_merge_res 50.0) ...
[INFO RCX-0040] Final 796 rc segments
[INFO RCX-0439] Coupling Cap extraction u0_sram22_top ...
[INFO RCX-0440] Coupling threshhold is 0.1000 fF, coupling capacitance less than 0.1000 fF will be grounded.
[INFO RCX-0442] 92% of 11442 wires extracted
[INFO RCX-0442] 100% of 11442 wires extracted
[INFO RCX-0045] Extract 304 nets, 1100 rsegs, 1100 caps, 676 ccs
[INFO RCX-0443] 304 nets finished
[INFO PSM-0040] All shapes on net VDD are connected.
########## IR report #################
Net              : VDD
Corner           : default
Total power      : 8.05e-04 W
Supply voltage   : 1.80e+00 V
Worstcase voltage: 1.80e+00 V
Average voltage  : 1.80e+00 V
Average IR drop  : 1.26e-07 V
Worstcase IR drop: 1.54e-05 V
Percentage drop  : 0.00 %
######################################
[INFO PSM-0040] All shapes on net VSS are connected.
########## IR report #################
Net              : VSS
Corner           : default
Total power      : 8.05e-04 W
Supply voltage   : 0.00e+00 V
Worstcase voltage: 1.06e-05 V
Average voltage  : 1.51e-07 V
Average IR drop  : 1.51e-07 V
Worstcase IR drop: 1.06e-05 V
Percentage drop  : 0.00 %
######################################
Cell type report:                       Count       Area
  Macro                                     1  201266.60
  Fill cell                             27900  226343.33
  Tap cell                               3165    3960.05
  Timing Repair Buffer                    156    1606.54
  Total                                 31222  433176.52
Report metrics stage 6, finish...

==========================================================================
finish report_design_area
--------------------------------------------------------------------------
Design area 206833 um^2 47% utilization.
[WARNING GUI-0076] QStandardPaths: XDG_RUNTIME_DIR not set, defaulting to '/tmp/runtime-root'
Elapsed time: 0:16.57[h:]min:sec. CPU time: user 8.69 sys 1.20 (59%). Peak memory: 301304KB.
Log                       Ext     Elapsed/s Peak Memory/MB sha1sum result [0:20)
6_report                                 16            294                  N/A
cp /OpenROAD-flow-scripts/flow/platforms/sky130hd/lef/sky130_fd_sc_hd.tlef /work/campaigns/iscas_sustainability_extension/memory_compiler/gate3_attempt07_sram22_matched_physical_closure/raw/openroad/work/objects/sky130hd/attempt07_u0/seed19/klayout_tech.lef
/usr/bin/python3 /OpenROAD-flow-scripts/flow/util/generate_klayout_tech.py \
	--template /OpenROAD-flow-scripts/flow/platforms/sky130hd/sky130hd.lyt \
	--output /work/campaigns/iscas_sustainability_extension/memory_compiler/gate3_attempt07_sram22_matched_physical_closure/raw/openroad/work/objects/sky130hd/attempt07_u0/seed19/klayout.lyt \
	--lef-files /work/campaigns/iscas_sustainability_extension/memory_compiler/gate3_attempt07_sram22_matched_physical_closure/raw/openroad/work/objects/sky130hd/attempt07_u0/seed19/klayout_tech.lef /OpenROAD-flow-scripts/flow/platforms/sky130hd/lef/sky130_fd_sc_hd_merged.lef /work/campaigns/iscas_sustainability_extension/memory_compiler/gate3_attempt07_sram22_matched_physical_closure/source_checkout/sram22_256x64m4w8/sram22_256x64m4w8.lef   \
	--map-files 
/usr/bin/python3 /OpenROAD-flow-scripts/flow/scripts/run_command.py --log /work/campaigns/iscas_sustainability_extension/memory_compiler/gate3_attempt07_sram22_matched_physical_closure/raw/openroad/work/logs/sky130hd/attempt07_u0/seed19/6_1_merge.log --tee -- \
        /OpenROAD-flow-scripts/flow/scripts/klayout.sh -zz -rd design_name=u0_sram22_top \
        -rd in_def=/work/campaigns/iscas_sustainability_extension/memory_compiler/gate3_attempt07_sram22_matched_physical_closure/raw/openroad/work/results/sky130hd/attempt07_u0/seed19/6_final.def \
        -rd in_files="/OpenROAD-flow-scripts/flow/platforms/sky130hd/gds/sky130_fd_sc_hd.gds /work/campaigns/iscas_sustainability_extension/memory_compiler/gate3_attempt07_sram22_matched_physical_closure/raw/derived_gds/sram22_256x64m4w8.gds " \
        -rd seal_file="" \
        -rd out_file=/work/campaigns/iscas_sustainability_extension/memory_compiler/gate3_attempt07_sram22_matched_physical_closure/raw/openroad/work/results/sky130hd/attempt07_u0/seed19/6_1_merged.gds \
        -rd tech_file=/work/campaigns/iscas_sustainability_extension/memory_compiler/gate3_attempt07_sram22_matched_physical_closure/raw/openroad/work/objects/sky130hd/attempt07_u0/seed19/klayout.lyt \
        -rd layer_map= \
        -r /OpenROAD-flow-scripts/flow/util/def2stream.py
KLayout 0.30.7
[INFO] Reporting cells prior to loading DEF ...
	/OpenROAD-flow-scripts/flow/platforms/sky130hd/gds/sky130_fd_sc_hd.gds
	/work/campaigns/iscas_sustainability_extension/memory_compiler/gate3_attempt07_sram22_matched_physical_closure/raw/derived_gds/sram22_256x64m4w8.gds
[INFO] All LEF cells have matching GDS/OAS cells
[INFO] No orphan cells in the final layout
Elapsed time: 0:08.43[h:]min:sec. CPU time: user 4.57 sys 1.08 (66%). Peak memory: 580356KB.
cp /work/campaigns/iscas_sustainability_extension/memory_compiler/gate3_attempt07_sram22_matched_physical_closure/raw/openroad/work/results/sky130hd/attempt07_u0/seed19/6_1_merged.gds /work/campaigns/iscas_sustainability_extension/memory_compiler/gate3_attempt07_sram22_matched_physical_closure/raw/openroad/work/results/sky130hd/attempt07_u0/seed19/6_final.gds
/work/campaigns/iscas_sustainability_extension/memory_compiler/gate3_attempt07_sram22_matched_physical_closure/raw/openroad/work/logs/sky130hd/attempt07_u0/seed19
Log                       Ext     Elapsed/s Peak Memory/MB sha1sum result [0:20)
1_1_yosys_canonicalize    .rtlil          0             59 146abac7f1528e9f5773
1_2_yosys                 .v              2             60 8772a33532b297f6e8d6
1_2_yosys                 .sdc                             f2bc0b85bc714b81b99d
1_synth                   .odb            1            123 5d220c2656e8b04019d7
1_synth                   .sdc                             b6f9383ea778b3f433b7
2_1_floorplan             .odb            2            140 d34c20de5d0f0839120f
2_1_floorplan             .sdc                             b6f9383ea778b3f433b7
2_2_floorplan_macro       .odb            1            121 d86dda4580251982d584
2_3_floorplan_tapcell     .odb            1            122 c53bb03896b9fae1d57d
2_4_floorplan_pdn         .odb            2            136 cfbb17f2164306408325
3_1_place_gp_skip_io      .odb            1            125 cfbb17f2164306408325
3_2_place_iop             .odb            1            126 11ee3d2dae92e7c65003
3_3_place_gp              .odb            4            241 a5f5afa2ebd64a522eeb
3_5_place_dp              .odb            5            148 1e6182d91af4e099a6cd
4_1_cts                   .odb           10            166 a45360d39f43e5921c26
5_1_grt                   .odb            9            278 6b5fd9e67e3503193a81
5_1_grt                   .sdc                             a42be0ef2c48d0e04fec
5_2_route                 .odb           44            679 47113ef7273e007dc6d4
5_3_fillcell              .odb            3            167 c988a6e7cde757889685
6_1_fill                  .odb            2            142 c988a6e7cde757889685
6_1_fill                  .sdc                             a42be0ef2c48d0e04fec
6_1_merge                                 8            566                  N/A
6_report                                 16            294                  N/A
Total                                   112            679                     
