"polygons" in: sky130hd.lylvs:49
    Polygons (raw): 0 (flat)  0 (hierarchical)
    Elapsed: 0.030s  Memory: 440.00M
"polygons" in: sky130hd.lylvs:50
    Polygons (raw): 3532 (flat)  21 (hierarchical)
    Elapsed: 0.010s  Memory: 440.00M
"polygons" in: sky130hd.lylvs:51
    Polygons (raw): 0 (flat)  0 (hierarchical)
    Elapsed: 0.000s  Memory: 441.00M
"polygons" in: sky130hd.lylvs:52
    Polygons (raw): 7283 (flat)  653 (hierarchical)
    Elapsed: 0.060s  Memory: 441.00M
"input" in: sky130hd.lylvs:53
    Polygons (raw): 2452 (flat)  18 (hierarchical)
    Elapsed: 0.010s  Memory: 441.00M
"polygons" in: sky130hd.lylvs:54
    Polygons (raw): 2452 (flat)  18 (hierarchical)
    Elapsed: 0.020s  Memory: 441.00M
"input" in: sky130hd.lylvs:55
    Polygons (raw): 0 (flat)  0 (hierarchical)
    Elapsed: 0.000s  Memory: 441.00M
"input" in: sky130hd.lylvs:56
    Polygons (raw): 2452 (flat)  18 (hierarchical)
    Elapsed: 0.020s  Memory: 441.00M
"polygons" in: sky130hd.lylvs:57
    Polygons (raw): 14315 (flat)  4733 (hierarchical)
    Elapsed: 0.020s  Memory: 441.00M
"polygons" in: sky130hd.lylvs:58
    Polygons (raw): 2554 (flat)  211 (hierarchical)
    Elapsed: 0.020s  Memory: 441.00M
"polygons" in: sky130hd.lylvs:59
    Polygons (raw): 5367 (flat)  510 (hierarchical)
    Elapsed: 0.030s  Memory: 441.00M
"polygons" in: sky130hd.lylvs:60
    Polygons (raw): 6549 (flat)  506 (hierarchical)
    Elapsed: 0.020s  Memory: 441.00M
"polygons" in: sky130hd.lylvs:61
    Polygons (raw): 142 (flat)  12 (hierarchical)
    Elapsed: 0.010s  Memory: 441.00M
"polygons" in: sky130hd.lylvs:62
    Polygons (raw): 0 (flat)  0 (hierarchical)
    Elapsed: 0.000s  Memory: 441.00M
"polygons" in: sky130hd.lylvs:63
    Polygons (raw): 2976 (flat)  10 (hierarchical)
    Elapsed: 0.010s  Memory: 441.00M
"polygons" in: sky130hd.lylvs:64
    Polygons (raw): 0 (flat)  0 (hierarchical)
    Elapsed: 0.000s  Memory: 441.00M
"polygons" in: sky130hd.lylvs:65
    Polygons (raw): 3531 (flat)  20 (hierarchical)
    Elapsed: 0.020s  Memory: 441.00M
"polygons" in: sky130hd.lylvs:66
    Polygons (raw): 188 (flat)  14 (hierarchical)
    Elapsed: 0.020s  Memory: 441.00M
"polygons" in: sky130hd.lylvs:67
    Polygons (raw): 0 (flat)  0 (hierarchical)
    Elapsed: 0.000s  Memory: 441.00M
"polygons" in: sky130hd.lylvs:68
    Polygons (raw): 0 (flat)  0 (hierarchical)
    Elapsed: 0.010s  Memory: 441.00M
"polygons" in: sky130hd.lylvs:69
    Polygons (raw): 0 (flat)  0 (hierarchical)
    Elapsed: 0.000s  Memory: 441.00M
"polygons" in: sky130hd.lylvs:70
    Polygons (raw): 0 (flat)  0 (hierarchical)
    Elapsed: 0.000s  Memory: 441.00M
"polygons" in: sky130hd.lylvs:71
    Polygons (raw): 0 (flat)  0 (hierarchical)
    Elapsed: 0.000s  Memory: 441.00M
"polygons" in: sky130hd.lylvs:72
    Polygons (raw): 0 (flat)  0 (hierarchical)
    Elapsed: 0.000s  Memory: 441.00M
"polygons" in: sky130hd.lylvs:73
    Polygons (raw): 30030 (flat)  4556 (hierarchical)
    Elapsed: 0.030s  Memory: 441.00M
"input" in: sky130hd.lylvs:74
    Polygons (raw): 2264 (flat)  4 (hierarchical)
    Elapsed: 0.010s  Memory: 442.00M
"polygons" in: sky130hd.lylvs:75
    Polygons (raw): 4528 (flat)  8 (hierarchical)
    Elapsed: 0.010s  Memory: 442.00M
"polygons" in: sky130hd.lylvs:76
    Polygons (raw): 0 (flat)  0 (hierarchical)
    Elapsed: 0.030s  Memory: 442.00M
"polygons" in: sky130hd.lylvs:77
    Polygons (raw): 80305 (flat)  32149 (hierarchical)
    Elapsed: 0.040s  Memory: 442.00M
"polygons" in: sky130hd.lylvs:78
    Polygons (raw): 4510 (flat)  538 (hierarchical)
    Elapsed: 0.020s  Memory: 442.00M
"polygons" in: sky130hd.lylvs:79
    Polygons (raw): 0 (flat)  0 (hierarchical)
    Elapsed: 0.000s  Memory: 442.00M
"polygons" in: sky130hd.lylvs:80
    Polygons (raw): 0 (flat)  0 (hierarchical)
    Elapsed: 0.000s  Memory: 442.00M
"polygons" in: sky130hd.lylvs:81
    Polygons (raw): 0 (flat)  0 (hierarchical)
    Elapsed: 0.000s  Memory: 442.00M
"polygons" in: sky130hd.lylvs:82
    Polygons (raw): 0 (flat)  0 (hierarchical)
    Elapsed: 0.000s  Memory: 442.00M
"polygons" in: sky130hd.lylvs:83
    Polygons (raw): 50400 (flat)  11894 (hierarchical)
    Elapsed: 0.030s  Memory: 442.00M
"input" in: sky130hd.lylvs:84
    Polygons (raw): 2125 (flat)  633 (hierarchical)
    Elapsed: 0.010s  Memory: 442.00M
"polygons" in: sky130hd.lylvs:85
    Polygons (raw): 2125 (flat)  633 (hierarchical)
    Elapsed: 0.010s  Memory: 442.00M
"polygons" in: sky130hd.lylvs:86
    Polygons (raw): 0 (flat)  0 (hierarchical)
    Elapsed: 0.000s  Memory: 442.00M
"polygons" in: sky130hd.lylvs:87
    Polygons (raw): 47353 (flat)  19414 (hierarchical)
    Elapsed: 0.040s  Memory: 442.00M
"polygons" in: sky130hd.lylvs:88
    Polygons (raw): 76784 (flat)  15646 (hierarchical)
    Elapsed: 0.040s  Memory: 442.00M
"input" in: sky130hd.lylvs:89
    Polygons (raw): 16150 (flat)  1220 (hierarchical)
    Elapsed: 0.030s  Memory: 443.00M
"polygons" in: sky130hd.lylvs:90
    Polygons (raw): 16150 (flat)  1220 (hierarchical)
    Elapsed: 0.010s  Memory: 443.00M
"polygons" in: sky130hd.lylvs:91
    Polygons (raw): 0 (flat)  0 (hierarchical)
    Elapsed: 0.000s  Memory: 443.00M
"polygons" in: sky130hd.lylvs:92
    Polygons (raw): 44872 (flat)  14501 (hierarchical)
    Elapsed: 0.040s  Memory: 443.00M
"polygons" in: sky130hd.lylvs:93
    Polygons (raw): 48275 (flat)  10762 (hierarchical)
    Elapsed: 0.040s  Memory: 444.00M
"input" in: sky130hd.lylvs:94
    Polygons (raw): 5074 (flat)  2081 (hierarchical)
    Elapsed: 0.050s  Memory: 445.00M
"polygons" in: sky130hd.lylvs:95
    Polygons (raw): 5074 (flat)  2081 (hierarchical)
    Elapsed: 0.020s  Memory: 445.00M
"polygons" in: sky130hd.lylvs:96
    Polygons (raw): 0 (flat)  0 (hierarchical)
    Elapsed: 0.000s  Memory: 445.00M
"polygons" in: sky130hd.lylvs:97
    Polygons (raw): 0 (flat)  0 (hierarchical)
    Elapsed: 0.000s  Memory: 445.00M
"polygons" in: sky130hd.lylvs:98
    Polygons (raw): 0 (flat)  0 (hierarchical)
    Elapsed: 0.000s  Memory: 445.00M
"input" in: sky130hd.lylvs:99
    Polygons (raw): 0 (flat)  0 (hierarchical)
    Elapsed: 0.000s  Memory: 445.00M
"polygons" in: sky130hd.lylvs:100
    Polygons (raw): 0 (flat)  0 (hierarchical)
    Elapsed: 0.000s  Memory: 445.00M
"polygons" in: sky130hd.lylvs:101
    Polygons (raw): 0 (flat)  0 (hierarchical)
    Elapsed: 0.000s  Memory: 445.00M
"polygons" in: sky130hd.lylvs:102
    Polygons (raw): 0 (flat)  0 (hierarchical)
    Elapsed: 0.000s  Memory: 445.00M
"polygons" in: sky130hd.lylvs:103
    Polygons (raw): 0 (flat)  0 (hierarchical)
    Elapsed: 0.010s  Memory: 445.00M
"input" in: sky130hd.lylvs:104
    Polygons (raw): 0 (flat)  0 (hierarchical)
    Elapsed: 0.000s  Memory: 445.00M
"polygons" in: sky130hd.lylvs:105
    Polygons (raw): 0 (flat)  0 (hierarchical)
    Elapsed: 0.000s  Memory: 445.00M
"polygons" in: sky130hd.lylvs:106
    Polygons (raw): 0 (flat)  0 (hierarchical)
    Elapsed: 0.000s  Memory: 445.00M
"polygons" in: sky130hd.lylvs:107
    Polygons (raw): 0 (flat)  0 (hierarchical)
    Elapsed: 0.000s  Memory: 445.00M
"polygons" in: sky130hd.lylvs:108
    Polygons (raw): 0 (flat)  0 (hierarchical)
    Elapsed: 0.000s  Memory: 445.00M
"input" in: sky130hd.lylvs:109
    Polygons (raw): 0 (flat)  0 (hierarchical)
    Elapsed: 0.000s  Memory: 445.00M
"polygons" in: sky130hd.lylvs:110
    Polygons (raw): 0 (flat)  0 (hierarchical)
    Elapsed: 0.000s  Memory: 445.00M
"polygons" in: sky130hd.lylvs:111
    Polygons (raw): 0 (flat)  0 (hierarchical)
    Elapsed: 0.000s  Memory: 445.00M
"polygons" in: sky130hd.lylvs:112
    Polygons (raw): 0 (flat)  0 (hierarchical)
    Elapsed: 0.000s  Memory: 445.00M
"input" in: sky130hd.lylvs:113
    Polygons (raw): 0 (flat)  0 (hierarchical)
    Elapsed: 0.000s  Memory: 445.00M
"polygons" in: sky130hd.lylvs:114
    Polygons (raw): 0 (flat)  0 (hierarchical)
    Elapsed: 0.000s  Memory: 445.00M
"polygons" in: sky130hd.lylvs:115
    Polygons (raw): 0 (flat)  0 (hierarchical)
    Elapsed: 0.000s  Memory: 445.00M
"polygons" in: sky130hd.lylvs:116
    Polygons (raw): 0 (flat)  0 (hierarchical)
    Elapsed: 0.000s  Memory: 445.00M
"polygons" in: sky130hd.lylvs:117
    Polygons (raw): 0 (flat)  0 (hierarchical)
    Elapsed: 0.010s  Memory: 445.00M
"polygons" in: sky130hd.lylvs:118
    Polygons (raw): 0 (flat)  0 (hierarchical)
    Elapsed: 0.000s  Memory: 445.00M
"polygons" in: sky130hd.lylvs:119
    Polygons (raw): 0 (flat)  0 (hierarchical)
    Elapsed: 0.000s  Memory: 446.00M
"polygons" in: sky130hd.lylvs:120
    Polygons (raw): 0 (flat)  0 (hierarchical)
    Elapsed: 0.000s  Memory: 446.00M
"polygons" in: sky130hd.lylvs:121
    Polygons (raw): 0 (flat)  0 (hierarchical)
    Elapsed: 0.000s  Memory: 446.00M
"polygons" in: sky130hd.lylvs:122
    Polygons (raw): 0 (flat)  0 (hierarchical)
    Elapsed: 0.000s  Memory: 446.00M
"polygons" in: sky130hd.lylvs:123
    Polygons (raw): 3192 (flat)  16 (hierarchical)
    Elapsed: 0.010s  Memory: 446.00M
"polygons" in: sky130hd.lylvs:126
    Polygons (raw): 4277 (flat)  324 (hierarchical)
    Elapsed: 0.020s  Memory: 446.00M
"&" in: sky130hd.lylvs:130
    Polygons (raw): 3343 (flat)  267 (hierarchical)
    Elapsed: 0.080s  Memory: 452.00M
"&" in: sky130hd.lylvs:130
    Polygons (raw): 3311 (flat)  265 (hierarchical)
    Elapsed: 0.040s  Memory: 453.00M
"&" in: sky130hd.lylvs:131
    Polygons (raw): 1173 (flat)  108 (hierarchical)
    Elapsed: 0.040s  Memory: 453.00M
"&" in: sky130hd.lylvs:131
    Polygons (raw): 1173 (flat)  108 (hierarchical)
    Elapsed: 0.050s  Memory: 454.00M
"&" in: sky130hd.lylvs:132
    Polygons (raw): 13329 (flat)  2775 (hierarchical)
    Elapsed: 0.100s  Memory: 455.00M
"-" in: sky130hd.lylvs:133
    Polygons (raw): 12111 (flat)  3031 (hierarchical)
    Elapsed: 0.080s  Memory: 457.00M
"-" in: sky130hd.lylvs:134
    Polygons (raw): 4273 (flat)  2759 (hierarchical)
    Elapsed: 0.080s  Memory: 457.00M
"-" in: sky130hd.lylvs:134
    Polygons (raw): 4273 (flat)  2759 (hierarchical)
    Elapsed: 0.050s  Memory: 457.00M
"-" in: sky130hd.lylvs:134
    Polygons (raw): 4273 (flat)  2759 (hierarchical)
    Elapsed: 0.000s  Memory: 457.00M
"-" in: sky130hd.lylvs:135
    Polygons (raw): 0 (flat)  0 (hierarchical)
    Elapsed: 0.040s  Memory: 458.00M
"-" in: sky130hd.lylvs:135
    Polygons (raw): 0 (flat)  0 (hierarchical)
    Elapsed: 0.000s  Memory: 458.00M
"&" in: sky130hd.lylvs:135
    Polygons (raw): 0 (flat)  0 (hierarchical)
    Elapsed: 0.010s  Memory: 459.00M
"-" in: sky130hd.lylvs:136
    Polygons (raw): 4273 (flat)  2759 (hierarchical)
    Elapsed: 0.060s  Memory: 460.00M
"-" in: sky130hd.lylvs:136
    Polygons (raw): 4273 (flat)  2759 (hierarchical)
    Elapsed: 0.100s  Memory: 460.00M
"&" in: sky130hd.lylvs:136
    Polygons (raw): 0 (flat)  0 (hierarchical)
    Elapsed: 0.010s  Memory: 460.00M
"-" in: sky130hd.lylvs:138
    Polygons (raw): 7111 (flat)  1611 (hierarchical)
    Elapsed: 0.110s  Memory: 462.00M
"&" in: sky130hd.lylvs:138
    Polygons (raw): 5196 (flat)  270 (hierarchical)
    Elapsed: 0.060s  Memory: 462.00M
"-" in: sky130hd.lylvs:139
    Polygons (raw): 1381 (flat)  103 (hierarchical)
    Elapsed: 0.090s  Memory: 463.00M
"&" in: sky130hd.lylvs:139
    Polygons (raw): 1381 (flat)  103 (hierarchical)
    Elapsed: 0.050s  Memory: 463.00M
"&" in: sky130hd.lylvs:140
    Polygons (raw): 13151 (flat)  1349 (hierarchical)
    Elapsed: 0.110s  Memory: 464.00M
"-" in: sky130hd.lylvs:141
    Polygons (raw): 17011 (flat)  1615 (hierarchical)
    Elapsed: 0.090s  Memory: 464.00M
"-" in: sky130hd.lylvs:142
    Polygons (raw): 13151 (flat)  1349 (hierarchical)
    Elapsed: 0.090s  Memory: 464.00M
"-" in: sky130hd.lylvs:142
    Polygons (raw): 12214 (flat)  1233 (hierarchical)
    Elapsed: 0.080s  Memory: 464.00M
"-" in: sky130hd.lylvs:142
    Polygons (raw): 12214 (flat)  1233 (hierarchical)
    Elapsed: 0.010s  Memory: 464.00M
"-" in: sky130hd.lylvs:143
    Polygons (raw): 13151 (flat)  1349 (hierarchical)
    Elapsed: 0.090s  Memory: 465.00M
"-" in: sky130hd.lylvs:143
    Polygons (raw): 142 (flat)  12 (hierarchical)
    Elapsed: 0.070s  Memory: 465.00M
"&" in: sky130hd.lylvs:143
    Polygons (raw): 937 (flat)  116 (hierarchical)
    Elapsed: 0.040s  Memory: 465.00M
"-" in: sky130hd.lylvs:144
    Polygons (raw): 13151 (flat)  1349 (hierarchical)
    Elapsed: 0.090s  Memory: 465.00M
"-" in: sky130hd.lylvs:144
    Polygons (raw): 12214 (flat)  1233 (hierarchical)
    Elapsed: 0.090s  Memory: 466.00M
"&" in: sky130hd.lylvs:144
    Polygons (raw): 0 (flat)  0 (hierarchical)
    Elapsed: 0.010s  Memory: 466.00M
"-" in: sky130hd.lylvs:145
    Polygons (raw): 13151 (flat)  1349 (hierarchical)
    Elapsed: 0.110s  Memory: 467.00M
"&" in: sky130hd.lylvs:145
    Polygons (raw): 937 (flat)  116 (hierarchical)
    Elapsed: 0.120s  Memory: 468.00M
"&" in: sky130hd.lylvs:145
    Polygons (raw): 0 (flat)  0 (hierarchical)
    Elapsed: 0.000s  Memory: 468.00M
"extract_devices" in: sky130hd.lylvs:151
    Elapsed: 1.300s  Memory: 482.00M
"extract_devices" in: sky130hd.lylvs:152
    Elapsed: 0.340s  Memory: 486.00M
"extract_devices" in: sky130hd.lylvs:153
    Elapsed: 0.250s  Memory: 486.00M
"extract_devices" in: sky130hd.lylvs:156
    Elapsed: 1.150s  Memory: 490.00M
"extract_devices" in: sky130hd.lylvs:157
    Elapsed: 1.040s  Memory: 502.00M
"extract_devices" in: sky130hd.lylvs:158
    Elapsed: 1.090s  Memory: 502.00M
"extract_devices" in: sky130hd.lylvs:159
    Elapsed: 1.040s  Memory: 502.00M
"netlist" in: sky130hd.lylvs:199
    Elapsed: 36.270s  Memory: 542.00M
Flatten layout cell (no schematic): via_5591
Flatten layout cell (no schematic): via_5592
Flatten layout cell (no schematic): col_peripherals_1
Flatten layout cell (no schematic): decoder_stage_15
Flatten layout cell (no schematic): replica_cell_array_corner_top
Flatten layout cell (no schematic): replica_cell_array_colend_top
Flatten layout cell (no schematic): replica_cell_array_leftright
Flatten layout cell (no schematic): replica_wlstrap_rowend_hstrap
Flatten layout cell (no schematic): sram_sp_rowenda_replica
Flatten layout cell (no schematic): sky130_fd_bd_sram__sram_sp_rowend_replica_ce_2
Flatten layout cell (no schematic): sky130_fd_bd_sram__sram_sp_rowenda_p1m_siz
Flatten layout cell (no schematic): sky130_fd_bd_sram__sram_sp_rowend_met2_2
Flatten layout cell (no schematic): sram_sp_rowend_replica
Flatten layout cell (no schematic): replica_cell_array_center
Flatten layout cell (no schematic): replica_cell_array_corner_bot
Flatten layout cell (no schematic): sram_sp_cornera
Flatten layout cell (no schematic): replica_cell_array_colend_top_1
Flatten layout cell (no schematic): via_1584
Flatten layout cell (no schematic): via_1586
Flatten layout cell (no schematic): via_1587
Flatten layout cell (no schematic): via_1711
Flatten layout cell (no schematic): via_1712
Flatten layout cell (no schematic): via_3323
Flatten layout cell (no schematic): via_3324
Flatten layout cell (no schematic): via_4124
Flatten layout cell (no schematic): via_2149
Flatten layout cell (no schematic): via_2239
Flatten layout cell (no schematic): via_2342
Flatten layout cell (no schematic): via_2602
Flatten layout cell (no schematic): via_2705
Flatten layout cell (no schematic): via_2795
Flatten layout cell (no schematic): via_2619
Flatten layout cell (no schematic): via_2722
Flatten layout cell (no schematic): via_2812
Flatten layout cell (no schematic): via_2573
Flatten layout cell (no schematic): via_2689
Flatten layout cell (no schematic): via_2779
Flatten layout cell (no schematic): via_2869
Flatten layout cell (no schematic): via_3990
Flatten layout cell (no schematic): via_3991
Flatten layout cell (no schematic): via_3992
Flatten layout cell (no schematic): via_3993
Flatten layout cell (no schematic): via_4034
Flatten layout cell (no schematic): via_4035
Flatten layout cell (no schematic): via_4036
Flatten layout cell (no schematic): via_4077
Flatten layout cell (no schematic): via_4078
Flatten layout cell (no schematic): via_4079
Flatten layout cell (no schematic): via_4080
Flatten layout cell (no schematic): via_4121
Flatten layout cell (no schematic): via_4122
Flatten layout cell (no schematic): via_4123
Flatten layout cell (no schematic): via_2571
Flatten layout cell (no schematic): via_2731
Flatten layout cell (no schematic): via_2732
Flatten layout cell (no schematic): via_2733
Flatten layout cell (no schematic): via_2734
Flatten layout cell (no schematic): via_2776
Flatten layout cell (no schematic): via_2777
Flatten layout cell (no schematic): via_2778
Flatten layout cell (no schematic): via_2572
Flatten layout cell (no schematic): via_2821
Flatten layout cell (no schematic): via_2822
Flatten layout cell (no schematic): via_2823
Flatten layout cell (no schematic): via_2824
Flatten layout cell (no schematic): via_2866
Flatten layout cell (no schematic): via_2867
Flatten layout cell (no schematic): via_2868
Flatten layout cell (no schematic): via_2570
Flatten layout cell (no schematic): via_2628
Flatten layout cell (no schematic): via_2629
Flatten layout cell (no schematic): via_2630
Flatten layout cell (no schematic): via_2631
Flatten layout cell (no schematic): via_2686
Flatten layout cell (no schematic): via_2687
Flatten layout cell (no schematic): via_2688
Flatten layout cell (no schematic): via_3984
Flatten layout cell (no schematic): via_3985
Flatten layout cell (no schematic): via_3986
Flatten layout cell (no schematic): via_4114
Flatten layout cell (no schematic): via_4115
Flatten layout cell (no schematic): via_4116
Flatten layout cell (no schematic): via_4117
Flatten layout cell (no schematic): via_4118
Flatten layout cell (no schematic): via_4119
Flatten layout cell (no schematic): via_4120
Flatten layout cell (no schematic): via_4027
Flatten layout cell (no schematic): via_4028
Flatten layout cell (no schematic): via_4029
Flatten layout cell (no schematic): via_4030
Flatten layout cell (no schematic): via_4031
Flatten layout cell (no schematic): via_4032
Flatten layout cell (no schematic): via_4033
Flatten layout cell (no schematic): via_3987
Flatten layout cell (no schematic): via_3988
Flatten layout cell (no schematic): via_3989
Flatten layout cell (no schematic): via_4070
Flatten layout cell (no schematic): via_4071
Flatten layout cell (no schematic): via_4072
Flatten layout cell (no schematic): via_4073
Flatten layout cell (no schematic): via_4074
Flatten layout cell (no schematic): via_4075
Flatten layout cell (no schematic): via_4076
Flatten layout cell (no schematic): via_3983
Flatten layout cell (no schematic): via_2820
Flatten layout cell (no schematic): via_2569
Flatten layout cell (no schematic): via_2564
Flatten layout cell (no schematic): via_2565
Flatten layout cell (no schematic): via_2677
Flatten layout cell (no schematic): via_2857
Flatten layout cell (no schematic): via_2858
Flatten layout cell (no schematic): via_2859
Flatten layout cell (no schematic): via_2860
Flatten layout cell (no schematic): via_2861
Flatten layout cell (no schematic): via_2862
Flatten layout cell (no schematic): via_2863
Flatten layout cell (no schematic): via_2864
Flatten layout cell (no schematic): via_2865
Flatten layout cell (no schematic): via_2678
Flatten layout cell (no schematic): via_2679
Flatten layout cell (no schematic): via_2680
Flatten layout cell (no schematic): via_2681
Flatten layout cell (no schematic): via_2682
Flatten layout cell (no schematic): via_2683
Flatten layout cell (no schematic): via_2684
Flatten layout cell (no schematic): via_2685
Flatten layout cell (no schematic): via_2566
Flatten layout cell (no schematic): via_2567
Flatten layout cell (no schematic): via_2561
Flatten layout cell (no schematic): via_2620
Flatten layout cell (no schematic): via_2562
Flatten layout cell (no schematic): via_2723
Flatten layout cell (no schematic): via_2724
Flatten layout cell (no schematic): via_2725
Flatten layout cell (no schematic): via_2726
Flatten layout cell (no schematic): via_2727
Flatten layout cell (no schematic): via_2728
Flatten layout cell (no schematic): via_2729
Flatten layout cell (no schematic): via_2730
Flatten layout cell (no schematic): via_2621
Flatten layout cell (no schematic): via_2622
Flatten layout cell (no schematic): via_2623
Flatten layout cell (no schematic): via_2624
Flatten layout cell (no schematic): via_2767
Flatten layout cell (no schematic): via_2768
Flatten layout cell (no schematic): via_2769
Flatten layout cell (no schematic): via_2770
Flatten layout cell (no schematic): via_2771
Flatten layout cell (no schematic): via_2772
Flatten layout cell (no schematic): via_2773
Flatten layout cell (no schematic): via_2774
Flatten layout cell (no schematic): via_2775
Flatten layout cell (no schematic): via_2625
Flatten layout cell (no schematic): via_2626
Flatten layout cell (no schematic): via_2627
Flatten layout cell (no schematic): via_2568
Flatten layout cell (no schematic): via_2563
Flatten layout cell (no schematic): via_2813
Flatten layout cell (no schematic): via_2814
Flatten layout cell (no schematic): via_2815
Flatten layout cell (no schematic): via_2816
Flatten layout cell (no schematic): via_2817
Flatten layout cell (no schematic): via_2818
Flatten layout cell (no schematic): via_2819
Flatten layout cell (no schematic): via_4109
Flatten layout cell (no schematic): via_4110
Flatten layout cell (no schematic): via_4111
Flatten layout cell (no schematic): via_4112
Flatten layout cell (no schematic): via_4113
Flatten layout cell (no schematic): via_4019
Flatten layout cell (no schematic): via_4020
Flatten layout cell (no schematic): via_4021
Flatten layout cell (no schematic): via_4022
Flatten layout cell (no schematic): via_4023
Flatten layout cell (no schematic): via_4024
Flatten layout cell (no schematic): via_4025
Flatten layout cell (no schematic): via_4026
Flatten layout cell (no schematic): via_3980
Flatten layout cell (no schematic): via_3981
Flatten layout cell (no schematic): via_3982
Flatten layout cell (no schematic): via_3969
Flatten layout cell (no schematic): via_3970
Flatten layout cell (no schematic): via_3971
Flatten layout cell (no schematic): via_3972
Flatten layout cell (no schematic): via_3973
Flatten layout cell (no schematic): via_3974
Flatten layout cell (no schematic): via_3975
Flatten layout cell (no schematic): via_4056
Flatten layout cell (no schematic): via_4057
Flatten layout cell (no schematic): via_4058
Flatten layout cell (no schematic): via_4059
Flatten layout cell (no schematic): via_4060
Flatten layout cell (no schematic): via_4061
Flatten layout cell (no schematic): via_4062
Flatten layout cell (no schematic): via_4063
Flatten layout cell (no schematic): via_4064
Flatten layout cell (no schematic): via_4065
Flatten layout cell (no schematic): via_4066
Flatten layout cell (no schematic): via_4067
Flatten layout cell (no schematic): via_4068
Flatten layout cell (no schematic): via_4069
Flatten layout cell (no schematic): via_3976
Flatten layout cell (no schematic): via_3977
Flatten layout cell (no schematic): via_3978
Flatten layout cell (no schematic): via_3979
Flatten layout cell (no schematic): via_4012
Flatten layout cell (no schematic): via_4013
Flatten layout cell (no schematic): via_4014
Flatten layout cell (no schematic): via_4015
Flatten layout cell (no schematic): via_4016
Flatten layout cell (no schematic): via_4017
Flatten layout cell (no schematic): via_4018
Flatten layout cell (no schematic): via_4099
Flatten layout cell (no schematic): via_4100
Flatten layout cell (no schematic): via_4101
Flatten layout cell (no schematic): via_4102
Flatten layout cell (no schematic): via_4103
Flatten layout cell (no schematic): via_4104
Flatten layout cell (no schematic): via_4105
Flatten layout cell (no schematic): via_4106
Flatten layout cell (no schematic): via_4107
Flatten layout cell (no schematic): via_4108
Flatten layout cell (no schematic): via_2851
Flatten layout cell (no schematic): via_2852
Flatten layout cell (no schematic): via_2853
Flatten layout cell (no schematic): via_2854
Flatten layout cell (no schematic): via_2855
Flatten layout cell (no schematic): via_2856
Flatten layout cell (no schematic): via_2849
Flatten layout cell (no schematic): via_2850
Flatten layout cell (no schematic): via_2611
Flatten layout cell (no schematic): via_2612
Flatten layout cell (no schematic): via_2613
Flatten layout cell (no schematic): via_2614
Flatten layout cell (no schematic): via_2615
Flatten layout cell (no schematic): via_2616
Flatten layout cell (no schematic): via_2714
Flatten layout cell (no schematic): via_2715
Flatten layout cell (no schematic): via_2716
Flatten layout cell (no schematic): via_2717
Flatten layout cell (no schematic): via_2718
Flatten layout cell (no schematic): via_2719
Flatten layout cell (no schematic): via_2720
Flatten layout cell (no schematic): via_2721
Flatten layout cell (no schematic): via_2617
Flatten layout cell (no schematic): via_2618
Flatten layout cell (no schematic): via_2553
Flatten layout cell (no schematic): via_2554
Flatten layout cell (no schematic): via_2555
Flatten layout cell (no schematic): via_2556
Flatten layout cell (no schematic): via_2557
Flatten layout cell (no schematic): via_2558
Flatten layout cell (no schematic): via_2559
Flatten layout cell (no schematic): via_2560
Flatten layout cell (no schematic): via_2759
Flatten layout cell (no schematic): via_2760
Flatten layout cell (no schematic): via_2761
Flatten layout cell (no schematic): via_2762
Flatten layout cell (no schematic): via_2763
Flatten layout cell (no schematic): via_2764
Flatten layout cell (no schematic): via_2765
Flatten layout cell (no schematic): via_2766
Flatten layout cell (no schematic): via_2669
Flatten layout cell (no schematic): via_2670
Flatten layout cell (no schematic): via_2804
Flatten layout cell (no schematic): via_2805
Flatten layout cell (no schematic): via_2806
Flatten layout cell (no schematic): via_2807
Flatten layout cell (no schematic): via_2808
Flatten layout cell (no schematic): via_2809
Flatten layout cell (no schematic): via_2810
Flatten layout cell (no schematic): via_2811
Flatten layout cell (no schematic): via_2671
Flatten layout cell (no schematic): via_2672
Flatten layout cell (no schematic): via_2673
Flatten layout cell (no schematic): via_2674
Flatten layout cell (no schematic): via_2675
Flatten layout cell (no schematic): via_2676
Flatten layout cell (no schematic): via_2712
Flatten layout cell (no schematic): via_2713
Flatten layout cell (no schematic): via_2846
Flatten layout cell (no schematic): via_2847
Flatten layout cell (no schematic): via_2848
Flatten layout cell (no schematic): via_2547
Flatten layout cell (no schematic): via_2548
Flatten layout cell (no schematic): via_2549
Flatten layout cell (no schematic): via_2552
Flatten layout cell (no schematic): via_2550
Flatten layout cell (no schematic): via_2551
Flatten layout cell (no schematic): via_2750
Flatten layout cell (no schematic): via_2751
Flatten layout cell (no schematic): via_2752
Flatten layout cell (no schematic): via_2753
Flatten layout cell (no schematic): via_2754
Flatten layout cell (no schematic): via_2755
Flatten layout cell (no schematic): via_2756
Flatten layout cell (no schematic): via_2757
Flatten layout cell (no schematic): via_2758
Flatten layout cell (no schematic): via_2544
Flatten layout cell (no schematic): via_2603
Flatten layout cell (no schematic): via_2660
Flatten layout cell (no schematic): via_2661
Flatten layout cell (no schematic): via_2662
Flatten layout cell (no schematic): via_2663
Flatten layout cell (no schematic): via_2664
Flatten layout cell (no schematic): via_2665
Flatten layout cell (no schematic): via_2666
Flatten layout cell (no schematic): via_2667
Flatten layout cell (no schematic): via_2668
Flatten layout cell (no schematic): via_2546
Flatten layout cell (no schematic): via_2796
Flatten layout cell (no schematic): via_2797
Flatten layout cell (no schematic): via_2798
Flatten layout cell (no schematic): via_2799
Flatten layout cell (no schematic): via_2800
Flatten layout cell (no schematic): via_2801
Flatten layout cell (no schematic): via_2802
Flatten layout cell (no schematic): via_2803
Flatten layout cell (no schematic): via_2845
Flatten layout cell (no schematic): via_2545
Flatten layout cell (no schematic): via_2706
Flatten layout cell (no schematic): via_2707
Flatten layout cell (no schematic): via_2708
Flatten layout cell (no schematic): via_2709
Flatten layout cell (no schematic): via_2710
Flatten layout cell (no schematic): via_2711
Flatten layout cell (no schematic): via_2604
Flatten layout cell (no schematic): via_2605
Flatten layout cell (no schematic): via_2606
Flatten layout cell (no schematic): via_2607
Flatten layout cell (no schematic): via_2608
Flatten layout cell (no schematic): via_2609
Flatten layout cell (no schematic): via_2610
Flatten layout cell (no schematic): via_2840
Flatten layout cell (no schematic): via_2841
Flatten layout cell (no schematic): via_2842
Flatten layout cell (no schematic): via_2843
Flatten layout cell (no schematic): via_2844
Flatten layout cell (no schematic): via_2166
Flatten layout cell (no schematic): via_2256
Flatten layout cell (no schematic): via_2359
Flatten layout cell (no schematic): via_4002
Flatten layout cell (no schematic): via_4003
Flatten layout cell (no schematic): via_4004
Flatten layout cell (no schematic): via_4005
Flatten layout cell (no schematic): via_4006
Flatten layout cell (no schematic): via_4007
Flatten layout cell (no schematic): via_4008
Flatten layout cell (no schematic): via_4009
Flatten layout cell (no schematic): via_4010
Flatten layout cell (no schematic): via_4011
Flatten layout cell (no schematic): via_3999
Flatten layout cell (no schematic): via_4041
Flatten layout cell (no schematic): via_4042
Flatten layout cell (no schematic): via_4043
Flatten layout cell (no schematic): via_4044
Flatten layout cell (no schematic): via_4045
Flatten layout cell (no schematic): via_4046
Flatten layout cell (no schematic): via_4047
Flatten layout cell (no schematic): via_4048
Flatten layout cell (no schematic): via_4049
Flatten layout cell (no schematic): via_4050
Flatten layout cell (no schematic): via_4051
Flatten layout cell (no schematic): via_4052
Flatten layout cell (no schematic): via_4053
Flatten layout cell (no schematic): via_4054
Flatten layout cell (no schematic): via_4055
Flatten layout cell (no schematic): via_4085
Flatten layout cell (no schematic): via_4086
Flatten layout cell (no schematic): via_4087
Flatten layout cell (no schematic): via_4088
Flatten layout cell (no schematic): via_4089
Flatten layout cell (no schematic): via_4090
Flatten layout cell (no schematic): via_4091
Flatten layout cell (no schematic): via_4092
Flatten layout cell (no schematic): via_4093
Flatten layout cell (no schematic): via_4094
Flatten layout cell (no schematic): via_4095
Flatten layout cell (no schematic): via_4096
Flatten layout cell (no schematic): via_4097
Flatten layout cell (no schematic): via_4098
Flatten layout cell (no schematic): via_4000
Flatten layout cell (no schematic): via_4001
Flatten layout cell (no schematic): via_3954
Flatten layout cell (no schematic): via_3955
Flatten layout cell (no schematic): via_3956
Flatten layout cell (no schematic): via_3957
Flatten layout cell (no schematic): via_3958
Flatten layout cell (no schematic): via_3959
Flatten layout cell (no schematic): via_3960
Flatten layout cell (no schematic): via_3961
Flatten layout cell (no schematic): via_3962
Flatten layout cell (no schematic): via_3963
Flatten layout cell (no schematic): via_3964
Flatten layout cell (no schematic): via_3965
Flatten layout cell (no schematic): via_3966
Flatten layout cell (no schematic): via_3967
Flatten layout cell (no schematic): via_3968
Flatten layout cell (no schematic): via_3998
Flatten layout cell (no schematic): via_1552
Flatten layout cell (no schematic): via_1553
Flatten layout cell (no schematic): via_1546
Flatten layout cell (no schematic): via_1547
Flatten layout cell (no schematic): via_1548
Flatten layout cell (no schematic): via_1549
Flatten layout cell (no schematic): via_1550
Flatten layout cell (no schematic): via_1551
Flatten layout cell (no schematic): via_2175
Flatten layout cell (no schematic): via_2176
Flatten layout cell (no schematic): via_2220
Flatten layout cell (no schematic): via_2221
Flatten layout cell (no schematic): via_2222
Flatten layout cell (no schematic): via_2088
Flatten layout cell (no schematic): via_2177
Flatten layout cell (no schematic): via_2265
Flatten layout cell (no schematic): via_2266
Flatten layout cell (no schematic): via_2267
Flatten layout cell (no schematic): via_2268
Flatten layout cell (no schematic): via_2310
Flatten layout cell (no schematic): via_2311
Flatten layout cell (no schematic): via_2312
Flatten layout cell (no schematic): via_2313
Flatten layout cell (no schematic): via_2178
Flatten layout cell (no schematic): via_2368
Flatten layout cell (no schematic): via_2369
Flatten layout cell (no schematic): via_2370
Flatten layout cell (no schematic): via_2371
Flatten layout cell (no schematic): via_2426
Flatten layout cell (no schematic): via_2427
Flatten layout cell (no schematic): via_2428
Flatten layout cell (no schematic): via_2429
Flatten layout cell (no schematic): via_2223
Flatten layout cell (no schematic): via_4040
Flatten layout cell (no schematic): via_3950
Flatten layout cell (no schematic): via_3951
Flatten layout cell (no schematic): via_3952
Flatten layout cell (no schematic): via_3953
Flatten layout cell (no schematic): via_4081
Flatten layout cell (no schematic): via_4082
Flatten layout cell (no schematic): via_4083
Flatten layout cell (no schematic): via_4084
Flatten layout cell (no schematic): via_4037
Flatten layout cell (no schematic): via_4038
Flatten layout cell (no schematic): via_2130
Flatten layout cell (no schematic): via_2131
Flatten layout cell (no schematic): via_2132
Flatten layout cell (no schematic): via_2133
Flatten layout cell (no schematic): via_3994
Flatten layout cell (no schematic): via_3995
Flatten layout cell (no schematic): via_3996
Flatten layout cell (no schematic): via_3997
Flatten layout cell (no schematic): via_4039
Flatten layout cell (no schematic): via_3943
Flatten layout cell (no schematic): via_3944
Flatten layout cell (no schematic): via_3945
Flatten layout cell (no schematic): via_3946
Flatten layout cell (no schematic): via_2421
Flatten layout cell (no schematic): via_2422
Flatten layout cell (no schematic): via_2423
Flatten layout cell (no schematic): via_2171
Flatten layout cell (no schematic): via_2172
Flatten layout cell (no schematic): via_2173
Flatten layout cell (no schematic): via_2174
Flatten layout cell (no schematic): via_2424
Flatten layout cell (no schematic): via_2425
Flatten layout cell (no schematic): via_2122
Flatten layout cell (no schematic): via_2123
Flatten layout cell (no schematic): via_2124
Flatten layout cell (no schematic): via_2125
Flatten layout cell (no schematic): via_2126
Flatten layout cell (no schematic): via_2127
Flatten layout cell (no schematic): via_2262
Flatten layout cell (no schematic): via_2263
Flatten layout cell (no schematic): via_2211
Flatten layout cell (no schematic): via_2212
Flatten layout cell (no schematic): via_2213
Flatten layout cell (no schematic): via_2264
Flatten layout cell (no schematic): via_2216
Flatten layout cell (no schematic): via_2217
Flatten layout cell (no schematic): via_2218
Flatten layout cell (no schematic): via_2219
Flatten layout cell (no schematic): via_2301
Flatten layout cell (no schematic): via_2302
Flatten layout cell (no schematic): via_2303
Flatten layout cell (no schematic): via_2304
Flatten layout cell (no schematic): via_2305
Flatten layout cell (no schematic): via_2306
Flatten layout cell (no schematic): via_2307
Flatten layout cell (no schematic): via_2128
Flatten layout cell (no schematic): via_2129
Flatten layout cell (no schematic): via_2308
Flatten layout cell (no schematic): via_2309
Flatten layout cell (no schematic): via_2169
Flatten layout cell (no schematic): via_2167
Flatten layout cell (no schematic): via_2168
Flatten layout cell (no schematic): via_2214
Flatten layout cell (no schematic): via_2215
Flatten layout cell (no schematic): via_2257
Flatten layout cell (no schematic): via_2360
Flatten layout cell (no schematic): via_2361
Flatten layout cell (no schematic): via_2170
Flatten layout cell (no schematic): via_2362
Flatten layout cell (no schematic): via_2363
Flatten layout cell (no schematic): via_2364
Flatten layout cell (no schematic): via_2365
Flatten layout cell (no schematic): via_2366
Flatten layout cell (no schematic): via_2367
Flatten layout cell (no schematic): via_2121
Flatten layout cell (no schematic): via_2258
Flatten layout cell (no schematic): via_2259
Flatten layout cell (no schematic): via_2260
Flatten layout cell (no schematic): via_2261
Flatten layout cell (no schematic): via_2417
Flatten layout cell (no schematic): via_2418
Flatten layout cell (no schematic): via_2419
Flatten layout cell (no schematic): via_2420
Flatten layout cell (no schematic): via_1563
Flatten layout cell (no schematic): via_1564
Flatten layout cell (no schematic): via_1565
Flatten layout cell (no schematic): via_1566
Flatten layout cell (no schematic): via_1567
Flatten layout cell (no schematic): via_1554
Flatten layout cell (no schematic): via_1555
Flatten layout cell (no schematic): via_1556
Flatten layout cell (no schematic): via_1557
Flatten layout cell (no schematic): via_1558
Flatten layout cell (no schematic): via_1559
Flatten layout cell (no schematic): via_1560
Flatten layout cell (no schematic): via_1561
Flatten layout cell (no schematic): via_1562
Flatten layout cell (no schematic): via_2113
Flatten layout cell (no schematic): via_2114
Flatten layout cell (no schematic): via_2115
Flatten layout cell (no schematic): via_2293
Flatten layout cell (no schematic): via_2294
Flatten layout cell (no schematic): via_2295
Flatten layout cell (no schematic): via_2296
Flatten layout cell (no schematic): via_2297
Flatten layout cell (no schematic): via_2298
Flatten layout cell (no schematic): via_2299
Flatten layout cell (no schematic): via_2300
Flatten layout cell (no schematic): via_2116
Flatten layout cell (no schematic): via_2117
Flatten layout cell (no schematic): via_2118
Flatten layout cell (no schematic): via_2119
Flatten layout cell (no schematic): via_2120
Flatten layout cell (no schematic): via_2203
Flatten layout cell (no schematic): via_2204
Flatten layout cell (no schematic): via_2205
Flatten layout cell (no schematic): via_2206
Flatten layout cell (no schematic): via_2207
Flatten layout cell (no schematic): via_2208
Flatten layout cell (no schematic): via_2351
Flatten layout cell (no schematic): via_2352
Flatten layout cell (no schematic): via_2353
Flatten layout cell (no schematic): via_2354
Flatten layout cell (no schematic): via_2355
Flatten layout cell (no schematic): via_2356
Flatten layout cell (no schematic): via_2357
Flatten layout cell (no schematic): via_2358
Flatten layout cell (no schematic): via_2248
Flatten layout cell (no schematic): via_2249
Flatten layout cell (no schematic): via_2250
Flatten layout cell (no schematic): via_2251
Flatten layout cell (no schematic): via_2409
Flatten layout cell (no schematic): via_2410
Flatten layout cell (no schematic): via_2411
Flatten layout cell (no schematic): via_2412
Flatten layout cell (no schematic): via_2413
Flatten layout cell (no schematic): via_2414
Flatten layout cell (no schematic): via_2415
Flatten layout cell (no schematic): via_2416
Flatten layout cell (no schematic): via_2252
Flatten layout cell (no schematic): via_2253
Flatten layout cell (no schematic): via_2254
Flatten layout cell (no schematic): via_2209
Flatten layout cell (no schematic): via_2210
Flatten layout cell (no schematic): via_2255
Flatten layout cell (no schematic): via_2158
Flatten layout cell (no schematic): via_2159
Flatten layout cell (no schematic): via_2160
Flatten layout cell (no schematic): via_2161
Flatten layout cell (no schematic): via_2162
Flatten layout cell (no schematic): via_2163
Flatten layout cell (no schematic): via_2164
Flatten layout cell (no schematic): via_2165
Flatten layout cell (no schematic): via_2344
Flatten layout cell (no schematic): via_2345
Flatten layout cell (no schematic): via_2346
Flatten layout cell (no schematic): via_2347
Flatten layout cell (no schematic): via_2348
Flatten layout cell (no schematic): via_2349
Flatten layout cell (no schematic): via_2350
Flatten layout cell (no schematic): via_2150
Flatten layout cell (no schematic): via_2151
Flatten layout cell (no schematic): via_2290
Flatten layout cell (no schematic): via_2291
Flatten layout cell (no schematic): via_2292
Flatten layout cell (no schematic): via_2152
Flatten layout cell (no schematic): via_2153
Flatten layout cell (no schematic): via_2154
Flatten layout cell (no schematic): via_2105
Flatten layout cell (no schematic): via_2240
Flatten layout cell (no schematic): via_2241
Flatten layout cell (no schematic): via_2242
Flatten layout cell (no schematic): via_2243
Flatten layout cell (no schematic): via_2244
Flatten layout cell (no schematic): via_2245
Flatten layout cell (no schematic): via_2246
Flatten layout cell (no schematic): via_2247
Flatten layout cell (no schematic): via_2155
Flatten layout cell (no schematic): via_2109
Flatten layout cell (no schematic): via_2107
Flatten layout cell (no schematic): via_2156
Flatten layout cell (no schematic): via_2400
Flatten layout cell (no schematic): via_2401
Flatten layout cell (no schematic): via_2402
Flatten layout cell (no schematic): via_2403
Flatten layout cell (no schematic): via_2404
Flatten layout cell (no schematic): via_2405
Flatten layout cell (no schematic): via_2406
Flatten layout cell (no schematic): via_2407
Flatten layout cell (no schematic): via_2408
Flatten layout cell (no schematic): via_2194
Flatten layout cell (no schematic): via_2195
Flatten layout cell (no schematic): via_2196
Flatten layout cell (no schematic): via_2197
Flatten layout cell (no schematic): via_2198
Flatten layout cell (no schematic): via_2199
Flatten layout cell (no schematic): via_2200
Flatten layout cell (no schematic): via_2108
Flatten layout cell (no schematic): via_2284
Flatten layout cell (no schematic): via_2285
Flatten layout cell (no schematic): via_2286
Flatten layout cell (no schematic): via_2287
Flatten layout cell (no schematic): via_2201
Flatten layout cell (no schematic): via_2202
Flatten layout cell (no schematic): via_2288
Flatten layout cell (no schematic): via_2289
Flatten layout cell (no schematic): via_2110
Flatten layout cell (no schematic): via_2104
Flatten layout cell (no schematic): via_2111
Flatten layout cell (no schematic): via_2112
Flatten layout cell (no schematic): via_2157
Flatten layout cell (no schematic): via_2106
Flatten layout cell (no schematic): via_2343
Flatten layout cell (no schematic): via_3455
Flatten layout cell (no schematic): via_3456
Flatten layout cell (no schematic): via_3457
Flatten layout cell (no schematic): via_3458
Flatten layout cell (no schematic): via_3459
Flatten layout cell (no schematic): via_3460
Flatten layout cell (no schematic): via_3461
Flatten layout cell (no schematic): via_3462
Flatten layout cell (no schematic): via_3463
Flatten layout cell (no schematic): via_3464
Flatten layout cell (no schematic): via_3465
Flatten layout cell (no schematic): via_3466
Flatten layout cell (no schematic): via_3467
Flatten layout cell (no schematic): via_3468
Flatten layout cell (no schematic): via_3469
Flatten layout cell (no schematic): via_3502
Flatten layout cell (no schematic): via_3503
Flatten layout cell (no schematic): via_3504
Flatten layout cell (no schematic): via_3505
Flatten layout cell (no schematic): via_3506
Flatten layout cell (no schematic): via_3507
Flatten layout cell (no schematic): via_3508
Flatten layout cell (no schematic): via_3509
Flatten layout cell (no schematic): via_3510
Flatten layout cell (no schematic): via_3511
Flatten layout cell (no schematic): via_3512
Flatten layout cell (no schematic): via_3513
Flatten layout cell (no schematic): via_3514
Flatten layout cell (no schematic): via_3515
Flatten layout cell (no schematic): via_3548
Flatten layout cell (no schematic): via_3549
Flatten layout cell (no schematic): via_3550
Flatten layout cell (no schematic): via_3551
Flatten layout cell (no schematic): via_3552
Flatten layout cell (no schematic): via_3553
Flatten layout cell (no schematic): via_3554
Flatten layout cell (no schematic): via_3555
Flatten layout cell (no schematic): via_3556
Flatten layout cell (no schematic): via_3557
Flatten layout cell (no schematic): via_3558
Flatten layout cell (no schematic): via_3559
Flatten layout cell (no schematic): via_3560
Flatten layout cell (no schematic): via_3561
Flatten layout cell (no schematic): via_3562
Flatten layout cell (no schematic): via_2333
Flatten layout cell (no schematic): via_2140
Flatten layout cell (no schematic): via_1568
Flatten layout cell (no schematic): via_1569
Flatten layout cell (no schematic): via_1570
Flatten layout cell (no schematic): via_1571
Flatten layout cell (no schematic): via_1572
Flatten layout cell (no schematic): via_1573
Flatten layout cell (no schematic): via_1574
Flatten layout cell (no schematic): via_1575
Flatten layout cell (no schematic): via_1576
Flatten layout cell (no schematic): via_1577
Flatten layout cell (no schematic): via_2230
Flatten layout cell (no schematic): via_2338
Flatten layout cell (no schematic): via_2339
Flatten layout cell (no schematic): via_2340
Flatten layout cell (no schematic): via_2341
Flatten layout cell (no schematic): via_2186
Flatten layout cell (no schematic): via_2187
Flatten layout cell (no schematic): via_2188
Flatten layout cell (no schematic): via_2189
Flatten layout cell (no schematic): via_2190
Flatten layout cell (no schematic): via_2191
Flatten layout cell (no schematic): via_2192
Flatten layout cell (no schematic): via_2193
Flatten layout cell (no schematic): via_2101
Flatten layout cell (no schematic): via_2102
Flatten layout cell (no schematic): via_2103
Flatten layout cell (no schematic): via_2096
Flatten layout cell (no schematic): via_2097
Flatten layout cell (no schematic): via_2232
Flatten layout cell (no schematic): via_2141
Flatten layout cell (no schematic): via_2142
Flatten layout cell (no schematic): via_2392
Flatten layout cell (no schematic): via_2393
Flatten layout cell (no schematic): via_2394
Flatten layout cell (no schematic): via_2395
Flatten layout cell (no schematic): via_2396
Flatten layout cell (no schematic): via_2397
Flatten layout cell (no schematic): via_2398
Flatten layout cell (no schematic): via_2399
Flatten layout cell (no schematic): via_2276
Flatten layout cell (no schematic): via_2277
Flatten layout cell (no schematic): via_2278
Flatten layout cell (no schematic): via_2279
Flatten layout cell (no schematic): via_2280
Flatten layout cell (no schematic): via_2281
Flatten layout cell (no schematic): via_2282
Flatten layout cell (no schematic): via_2283
Flatten layout cell (no schematic): via_2143
Flatten layout cell (no schematic): via_2144
Flatten layout cell (no schematic): via_2145
Flatten layout cell (no schematic): via_2146
Flatten layout cell (no schematic): via_2147
Flatten layout cell (no schematic): via_2148
Flatten layout cell (no schematic): via_2098
Flatten layout cell (no schematic): via_2099
Flatten layout cell (no schematic): via_2100
Flatten layout cell (no schematic): via_2233
Flatten layout cell (no schematic): via_2234
Flatten layout cell (no schematic): via_2235
Flatten layout cell (no schematic): via_2236
Flatten layout cell (no schematic): via_2237
Flatten layout cell (no schematic): via_2238
Flatten layout cell (no schematic): via_2231
Flatten layout cell (no schematic): via_2334
Flatten layout cell (no schematic): via_2335
Flatten layout cell (no schematic): via_2336
Flatten layout cell (no schematic): via_2337
Flatten layout cell (no schematic): via_3594
Flatten layout cell (no schematic): via_3595
Flatten layout cell (no schematic): via_3596
Flatten layout cell (no schematic): via_3597
Flatten layout cell (no schematic): via_2224
Flatten layout cell (no schematic): via_2225
Flatten layout cell (no schematic): via_3451
Flatten layout cell (no schematic): via_3452
Flatten layout cell (no schematic): via_3453
Flatten layout cell (no schematic): via_3454
Flatten layout cell (no schematic): via_2137
Flatten layout cell (no schematic): via_2138
Flatten layout cell (no schematic): via_2139
Flatten layout cell (no schematic): via_2269
Flatten layout cell (no schematic): via_2270
Flatten layout cell (no schematic): via_2271
Flatten layout cell (no schematic): via_2385
Flatten layout cell (no schematic): via_2386
Flatten layout cell (no schematic): via_3498
Flatten layout cell (no schematic): via_3499
Flatten layout cell (no schematic): via_3500
Flatten layout cell (no schematic): via_3501
Flatten layout cell (no schematic): via_2387
Flatten layout cell (no schematic): via_2388
Flatten layout cell (no schematic): via_2389
Flatten layout cell (no schematic): via_2390
Flatten layout cell (no schematic): via_2391
Flatten layout cell (no schematic): via_2185
Flatten layout cell (no schematic): via_3544
Flatten layout cell (no schematic): via_3545
Flatten layout cell (no schematic): via_3546
Flatten layout cell (no schematic): via_3547
Flatten layout cell (no schematic): via_2182
Flatten layout cell (no schematic): via_2272
Flatten layout cell (no schematic): via_2273
Flatten layout cell (no schematic): via_2274
Flatten layout cell (no schematic): via_2275
Flatten layout cell (no schematic): via_2183
Flatten layout cell (no schematic): via_2184
Flatten layout cell (no schematic): via_2327
Flatten layout cell (no schematic): via_2328
Flatten layout cell (no schematic): via_2329
Flatten layout cell (no schematic): via_2330
Flatten layout cell (no schematic): via_2331
Flatten layout cell (no schematic): via_2332
Flatten layout cell (no schematic): via_2092
Flatten layout cell (no schematic): via_2226
Flatten layout cell (no schematic): via_2227
Flatten layout cell (no schematic): via_2228
Flatten layout cell (no schematic): via_2229
Flatten layout cell (no schematic): via_2093
Flatten layout cell (no schematic): via_2094
Flatten layout cell (no schematic): via_2095
Flatten layout cell (no schematic): via_2134
Flatten layout cell (no schematic): via_2135
Flatten layout cell (no schematic): via_2136
Flatten layout cell (no schematic): via_2179
Flatten layout cell (no schematic): via_2180
Flatten layout cell (no schematic): via_2087
Flatten layout cell (no schematic): via_2181
Flatten layout cell (no schematic): via_2089
Flatten layout cell (no schematic): via_2090
Flatten layout cell (no schematic): via_2091
Flatten layout cell (no schematic): via_2377
Flatten layout cell (no schematic): via_3408
Flatten layout cell (no schematic): via_3409
Flatten layout cell (no schematic): via_3410
Flatten layout cell (no schematic): via_3411
Flatten layout cell (no schematic): via_2448
Flatten layout cell (no schematic): via_1647
Flatten layout cell (no schematic): via_1657
Flatten layout cell (no schematic): via_2470
Flatten layout cell (no schematic): via_1637
Flatten layout cell (no schematic): via_1607
Flatten layout cell (no schematic): via_1617
Flatten layout cell (no schematic): via_1627
Flatten layout cell (no schematic): via_1597
Flatten layout cell (no schematic): via_2453
Flatten layout cell (no schematic): via_2467
Flatten layout cell (no schematic): via_2441
Flatten layout cell (no schematic): via_2325
Flatten layout cell (no schematic): via_2382
Flatten layout cell (no schematic): via_2475
Flatten layout cell (no schematic): via_3422
Flatten layout cell (no schematic): via_3423
Flatten layout cell (no schematic): via_3424
Flatten layout cell (no schematic): via_3425
Flatten layout cell (no schematic): via_3412
Flatten layout cell (no schematic): via_3413
Flatten layout cell (no schematic): via_3414
Flatten layout cell (no schematic): via_3415
Flatten layout cell (no schematic): via_3416
Flatten layout cell (no schematic): via_3417
Flatten layout cell (no schematic): via_3418
Flatten layout cell (no schematic): via_3419
Flatten layout cell (no schematic): via_3420
Flatten layout cell (no schematic): via_3421
Flatten layout cell (no schematic): via_2786
Flatten layout cell (no schematic): via_2696
Flatten layout cell (no schematic): via_2593
Flatten layout cell (no schematic): via_2789
Flatten layout cell (no schematic): via_2790
Flatten layout cell (no schematic): via_2791
Flatten layout cell (no schematic): via_2792
Flatten layout cell (no schematic): via_2793
Flatten layout cell (no schematic): via_2794
Flatten layout cell (no schematic): via_2787
Flatten layout cell (no schematic): via_2697
Flatten layout cell (no schematic): via_2698
Flatten layout cell (no schematic): via_2699
Flatten layout cell (no schematic): via_2700
Flatten layout cell (no schematic): via_2701
Flatten layout cell (no schematic): via_2702
Flatten layout cell (no schematic): via_2703
Flatten layout cell (no schematic): via_2704
Flatten layout cell (no schematic): via_2788
Flatten layout cell (no schematic): via_2594
Flatten layout cell (no schematic): via_2652
Flatten layout cell (no schematic): via_2653
Flatten layout cell (no schematic): via_2654
Flatten layout cell (no schematic): via_2655
Flatten layout cell (no schematic): via_2656
Flatten layout cell (no schematic): via_2832
Flatten layout cell (no schematic): via_2833
Flatten layout cell (no schematic): via_2834
Flatten layout cell (no schematic): via_2835
Flatten layout cell (no schematic): via_2836
Flatten layout cell (no schematic): via_2837
Flatten layout cell (no schematic): via_2838
Flatten layout cell (no schematic): via_2839
Flatten layout cell (no schematic): via_2657
Flatten layout cell (no schematic): via_2658
Flatten layout cell (no schematic): via_2659
Flatten layout cell (no schematic): via_2595
Flatten layout cell (no schematic): via_2596
Flatten layout cell (no schematic): via_2597
Flatten layout cell (no schematic): via_2598
Flatten layout cell (no schematic): via_2599
Flatten layout cell (no schematic): via_2600
Flatten layout cell (no schematic): via_2742
Flatten layout cell (no schematic): via_2743
Flatten layout cell (no schematic): via_2744
Flatten layout cell (no schematic): via_2745
Flatten layout cell (no schematic): via_2746
Flatten layout cell (no schematic): via_2747
Flatten layout cell (no schematic): via_2748
Flatten layout cell (no schematic): via_2749
Flatten layout cell (no schematic): via_2601
Flatten layout cell (no schematic): via_2536
Flatten layout cell (no schematic): via_2537
Flatten layout cell (no schematic): via_2538
Flatten layout cell (no schematic): via_2539
Flatten layout cell (no schematic): via_2540
Flatten layout cell (no schematic): via_2541
Flatten layout cell (no schematic): via_2542
Flatten layout cell (no schematic): via_2543
Flatten layout cell (no schematic): via_3485
Flatten layout cell (no schematic): via_3577
Flatten layout cell (no schematic): via_3578
Flatten layout cell (no schematic): via_3579
Flatten layout cell (no schematic): via_3580
Flatten layout cell (no schematic): via_3581
Flatten layout cell (no schematic): via_3582
Flatten layout cell (no schematic): via_3583
Flatten layout cell (no schematic): via_3486
Flatten layout cell (no schematic): via_3487
Flatten layout cell (no schematic): via_3531
Flatten layout cell (no schematic): via_3532
Flatten layout cell (no schematic): via_3533
Flatten layout cell (no schematic): via_3534
Flatten layout cell (no schematic): via_3535
Flatten layout cell (no schematic): via_3536
Flatten layout cell (no schematic): via_3537
Flatten layout cell (no schematic): via_3488
Flatten layout cell (no schematic): via_3489
Flatten layout cell (no schematic): via_3490
Flatten layout cell (no schematic): via_3484
Flatten layout cell (no schematic): via_2649
Flatten layout cell (no schematic): via_2650
Flatten layout cell (no schematic): via_2651
Flatten layout cell (no schematic): via_2827
Flatten layout cell (no schematic): via_2828
Flatten layout cell (no schematic): via_2829
Flatten layout cell (no schematic): via_2830
Flatten layout cell (no schematic): via_2831
Flatten layout cell (no schematic): via_2783
Flatten layout cell (no schematic): via_2784
Flatten layout cell (no schematic): via_2785
Flatten layout cell (no schematic): via_2590
Flatten layout cell (no schematic): via_2591
Flatten layout cell (no schematic): via_2737
Flatten layout cell (no schematic): via_2738
Flatten layout cell (no schematic): via_2739
Flatten layout cell (no schematic): via_2740
Flatten layout cell (no schematic): via_2741
Flatten layout cell (no schematic): via_2592
Flatten layout cell (no schematic): via_2532
Flatten layout cell (no schematic): via_2533
Flatten layout cell (no schematic): via_2534
Flatten layout cell (no schematic): via_2535
Flatten layout cell (no schematic): via_2647
Flatten layout cell (no schematic): via_2648
Flatten layout cell (no schematic): via_2531
Flatten layout cell (no schematic): via_2693
Flatten layout cell (no schematic): via_2694
Flatten layout cell (no schematic): via_2695
Flatten layout cell (no schematic): via_3494
Flatten layout cell (no schematic): via_3584
Flatten layout cell (no schematic): via_3538
Flatten layout cell (no schematic): via_3539
Flatten layout cell (no schematic): via_3540
Flatten layout cell (no schematic): via_3585
Flatten layout cell (no schematic): via_3586
Flatten layout cell (no schematic): via_3587
Flatten layout cell (no schematic): via_3491
Flatten layout cell (no schematic): via_3492
Flatten layout cell (no schematic): via_3493
Flatten layout cell (no schematic): via_2825
Flatten layout cell (no schematic): via_2780
Flatten layout cell (no schematic): via_2588
Flatten layout cell (no schematic): via_2589
Flatten layout cell (no schematic): via_2735
Flatten layout cell (no schematic): via_2736
Flatten layout cell (no schematic): via_2781
Flatten layout cell (no schematic): via_2782
Flatten layout cell (no schematic): via_2826
Flatten layout cell (no schematic): via_2645
Flatten layout cell (no schematic): via_2646
Flatten layout cell (no schematic): via_2529
Flatten layout cell (no schematic): via_2530
Flatten layout cell (no schematic): via_2587
Flatten layout cell (no schematic): via_2690
Flatten layout cell (no schematic): via_2691
Flatten layout cell (no schematic): via_2692
Flatten layout cell (no schematic): via_3483
Flatten layout cell (no schematic): via_3470
Flatten layout cell (no schematic): via_3471
Flatten layout cell (no schematic): via_3472
Flatten layout cell (no schematic): via_3473
Flatten layout cell (no schematic): via_3474
Flatten layout cell (no schematic): via_3475
Flatten layout cell (no schematic): via_3476
Flatten layout cell (no schematic): via_3477
Flatten layout cell (no schematic): via_3478
Flatten layout cell (no schematic): via_3479
Flatten layout cell (no schematic): via_3480
Flatten layout cell (no schematic): via_3481
Flatten layout cell (no schematic): via_3482
Flatten layout cell (no schematic): via_3516
Flatten layout cell (no schematic): via_3517
Flatten layout cell (no schematic): via_3518
Flatten layout cell (no schematic): via_3519
Flatten layout cell (no schematic): via_3520
Flatten layout cell (no schematic): via_3521
Flatten layout cell (no schematic): via_3522
Flatten layout cell (no schematic): via_3523
Flatten layout cell (no schematic): via_3524
Flatten layout cell (no schematic): via_3525
Flatten layout cell (no schematic): via_3526
Flatten layout cell (no schematic): via_3527
Flatten layout cell (no schematic): via_3528
Flatten layout cell (no schematic): via_3529
Flatten layout cell (no schematic): via_3530
Flatten layout cell (no schematic): via_3563
Flatten layout cell (no schematic): via_3564
Flatten layout cell (no schematic): via_3565
Flatten layout cell (no schematic): via_3566
Flatten layout cell (no schematic): via_3567
Flatten layout cell (no schematic): via_3568
Flatten layout cell (no schematic): via_3569
Flatten layout cell (no schematic): via_3570
Flatten layout cell (no schematic): via_3571
Flatten layout cell (no schematic): via_3572
Flatten layout cell (no schematic): via_3573
Flatten layout cell (no schematic): via_3574
Flatten layout cell (no schematic): via_3575
Flatten layout cell (no schematic): via_3576
Flatten layout cell (no schematic): via_3428
Flatten layout cell (no schematic): via_3429
Flatten layout cell (no schematic): via_3430
Flatten layout cell (no schematic): via_3431
Flatten layout cell (no schematic): via_3433
Flatten layout cell (no schematic): via_3434
Flatten layout cell (no schematic): via_3435
Flatten layout cell (no schematic): via_3436
Flatten layout cell (no schematic): via_3437
Flatten layout cell (no schematic): via_3438
Flatten layout cell (no schematic): via_3439
Flatten layout cell (no schematic): via_3440
Flatten layout cell (no schematic): via_3432
Flatten layout cell (no schematic): via_3426
Flatten layout cell (no schematic): via_3427
Flatten layout cell (no schematic): via_2637
Flatten layout cell (no schematic): via_2495
Flatten layout cell (no schematic): via_2521
Flatten layout cell (no schematic): via_3448
Flatten layout cell (no schematic): via_3449
Flatten layout cell (no schematic): via_3450
Flatten layout cell (no schematic): via_3445
Flatten layout cell (no schematic): via_3446
Flatten layout cell (no schematic): via_3447
Flatten layout cell (no schematic): via_3441
Flatten layout cell (no schematic): via_3442
Flatten layout cell (no schematic): via_3443
Flatten layout cell (no schematic): via_3444
Flatten layout cell (no schematic): via_2500
Flatten layout cell (no schematic): via_2514
Flatten layout cell (no schematic): via_2642
Flatten layout cell (no schematic): via_2526
Flatten layout cell (no schematic): via_2585
Flatten layout cell (no schematic): via_2488
Flatten layout cell (no schematic): via_3733
Flatten layout cell (no schematic): via_3734
Flatten layout cell (no schematic): via_3735
Flatten layout cell (no schematic): via_3736
Flatten layout cell (no schematic): via_3737
Flatten layout cell (no schematic): via_3738
Flatten layout cell (no schematic): via_1513
Flatten layout cell (no schematic): via_1514
Flatten layout cell (no schematic): via_3941
Flatten layout cell (no schematic): via_3948
Flatten layout cell (no schematic): via_3949
Flatten layout cell (no schematic): via_3942
Flatten layout cell (no schematic): via_3947
Flatten layout cell (no schematic): via_3935
Flatten layout cell (no schematic): via_3937
Flatten layout cell (no schematic): via_3933
Flatten layout cell (no schematic): via_3939
Flatten layout cell (no schematic): via_3932
Flatten layout cell (no schematic): via_3940
Flatten layout cell (no schematic): via_3927
Flatten layout cell (no schematic): via_3929
Flatten layout cell (no schematic): via_3930
Flatten layout cell (no schematic): via_3897
Flatten layout cell (no schematic): via_3899
Flatten layout cell (no schematic): via_3903
Flatten layout cell (no schematic): via_3904
Flatten layout cell (no schematic): via_3906
Flatten layout cell (no schematic): via_3907
Flatten layout cell (no schematic): via_3909
Flatten layout cell (no schematic): via_3910
Flatten layout cell (no schematic): via_3912
Flatten layout cell (no schematic): via_3913
Flatten layout cell (no schematic): via_3915
Flatten layout cell (no schematic): via_3917
Flatten layout cell (no schematic): via_3919
Flatten layout cell (no schematic): via_3920
Flatten layout cell (no schematic): via_3922
Flatten layout cell (no schematic): via_3924
Flatten layout cell (no schematic): via_3926
Flatten layout cell (no schematic): via_3936
Flatten layout cell (no schematic): via_3938
Flatten layout cell (no schematic): via_3931
Flatten layout cell (no schematic): via_3934
Flatten layout cell (no schematic): via_3901
Flatten layout cell (no schematic): via_3894
Flatten layout cell (no schematic): via_3900
Flatten layout cell (no schematic): via_3908
Flatten layout cell (no schematic): via_3923
Flatten layout cell (no schematic): via_3916
Flatten layout cell (no schematic): via_3902
Flatten layout cell (no schematic): via_3896
Flatten layout cell (no schematic): via_3911
Flatten layout cell (no schematic): via_3914
Flatten layout cell (no schematic): via_3925
Flatten layout cell (no schematic): via_3905
Flatten layout cell (no schematic): via_3928
Flatten layout cell (no schematic): via_3918
Flatten layout cell (no schematic): via_3898
Flatten layout cell (no schematic): via_3895
Flatten layout cell (no schematic): via_3921
Flatten layout cell (no schematic): via_3785
Flatten layout cell (no schematic): via_3833
Flatten layout cell (no schematic): via_3837
Flatten layout cell (no schematic): via_3742
Flatten layout cell (no schematic): via_3796
Flatten layout cell (no schematic): via_3753
Flatten layout cell (no schematic): via_3764
Flatten layout cell (no schematic): via_3808
Flatten layout cell (no schematic): via_3774
Flatten layout cell (no schematic): via_3820
Flatten layout cell (no schematic): via_3859
Flatten layout cell (no schematic): via_3860
Flatten layout cell (no schematic): via_3866
Flatten layout cell (no schematic): via_3840
Flatten layout cell (no schematic): via_3867
Flatten layout cell (no schematic): via_3873
Flatten layout cell (no schematic): via_3843
Flatten layout cell (no schematic): via_3874
Flatten layout cell (no schematic): via_3880
Flatten layout cell (no schematic): via_3881
Flatten layout cell (no schematic): via_3887
Flatten layout cell (no schematic): via_3888
Flatten layout cell (no schematic): via_3892
Flatten layout cell (no schematic): via_3846
Flatten layout cell (no schematic): via_3848
Flatten layout cell (no schematic): via_3850
Flatten layout cell (no schematic): via_3853
Flatten layout cell (no schematic): via_3854
Flatten layout cell (no schematic): via_3852
Flatten layout cell (no schematic): via_3856
Flatten layout cell (no schematic): via_3857
Flatten layout cell (no schematic): via_3858
Flatten layout cell (no schematic): via_3862
Flatten layout cell (no schematic): via_3863
Flatten layout cell (no schematic): via_3865
Flatten layout cell (no schematic): via_3869
Flatten layout cell (no schematic): via_3870
Flatten layout cell (no schematic): via_3872
Flatten layout cell (no schematic): via_3876
Flatten layout cell (no schematic): via_3877
Flatten layout cell (no schematic): via_3879
Flatten layout cell (no schematic): via_3883
Flatten layout cell (no schematic): via_3884
Flatten layout cell (no schematic): via_3886
Flatten layout cell (no schematic): via_3890
Flatten layout cell (no schematic): via_3891
Flatten layout cell (no schematic): via_1530
Flatten layout cell (no schematic): via_1525
Flatten layout cell (no schematic): via_1540
Flatten layout cell (no schematic): via_1535
Flatten layout cell (no schematic): via_3741
Flatten layout cell (no schematic): via_3803
Flatten layout cell (no schematic): via_3832
Flatten layout cell (no schematic): via_3744
Flatten layout cell (no schematic): via_1518
Flatten layout cell (no schematic): via_3789
Flatten layout cell (no schematic): via_3752
Flatten layout cell (no schematic): via_3795
Flatten layout cell (no schematic): via_3755
Flatten layout cell (no schematic): via_3763
Flatten layout cell (no schematic): via_3784
Flatten layout cell (no schematic): via_3807
Flatten layout cell (no schematic): via_3819
Flatten layout cell (no schematic): via_3769
Flatten layout cell (no schematic): via_3773
Flatten layout cell (no schematic): via_3780
Flatten layout cell (no schematic): via_3815
Flatten layout cell (no schematic): via_3824
Flatten layout cell (no schematic): via_3816
Flatten layout cell (no schematic): via_3817
Flatten layout cell (no schematic): via_3748
Flatten layout cell (no schematic): via_3811
Flatten layout cell (no schematic): via_3825
Flatten layout cell (no schematic): via_3782
Flatten layout cell (no schematic): via_3756
Flatten layout cell (no schematic): via_3767
Flatten layout cell (no schematic): via_3759
Flatten layout cell (no schematic): via_3805
Flatten layout cell (no schematic): via_3828
Flatten layout cell (no schematic): via_3793
Flatten layout cell (no schematic): via_3765
Flatten layout cell (no schematic): via_3830
Flatten layout cell (no schematic): via_3834
Flatten layout cell (no schematic): via_3781
Flatten layout cell (no schematic): via_3745
Flatten layout cell (no schematic): via_3799
Flatten layout cell (no schematic): via_3770
Flatten layout cell (no schematic): via_3790
Flatten layout cell (no schematic): via_3804
Flatten layout cell (no schematic): via_3875
Flatten layout cell (no schematic): via_3812
Flatten layout cell (no schematic): via_3842
Flatten layout cell (no schematic): via_3768
Flatten layout cell (no schematic): via_3749
Flatten layout cell (no schematic): via_3831
Flatten layout cell (no schematic): via_3878
Flatten layout cell (no schematic): via_3754
Flatten layout cell (no schematic): via_3844
Flatten layout cell (no schematic): via_3845
Flatten layout cell (no schematic): via_3783
Flatten layout cell (no schematic): via_3861
Flatten layout cell (no schematic): via_3760
Flatten layout cell (no schematic): via_3882
Flatten layout cell (no schematic): via_3835
Flatten layout cell (no schematic): via_3818
Flatten layout cell (no schematic): via_3777
Flatten layout cell (no schematic): via_3847
Flatten layout cell (no schematic): via_3806
Flatten layout cell (no schematic): via_3766
Flatten layout cell (no schematic): via_3800
Flatten layout cell (no schematic): via_3885
Flatten layout cell (no schematic): via_3864
Flatten layout cell (no schematic): via_3836
Flatten layout cell (no schematic): via_3849
Flatten layout cell (no schematic): via_3889
Flatten layout cell (no schematic): via_3829
Flatten layout cell (no schematic): via_3868
Flatten layout cell (no schematic): via_3794
Flatten layout cell (no schematic): via_3851
Flatten layout cell (no schematic): via_3893
Flatten layout cell (no schematic): via_3838
Flatten layout cell (no schematic): via_3871
Flatten layout cell (no schematic): via_3839
Flatten layout cell (no schematic): via_3743
Flatten layout cell (no schematic): via_3788
Flatten layout cell (no schematic): via_3823
Flatten layout cell (no schematic): via_3855
Flatten layout cell (no schematic): via_3841
Flatten layout cell (no schematic): via_1782
Flatten layout cell (no schematic): via_1786
Flatten layout cell (no schematic): via_1778
Flatten layout cell (no schematic): via_1770
Flatten layout cell (no schematic): via_1774
Flatten layout cell (no schematic): via_1766
Flatten layout cell (no schematic): via_1534
Flatten layout cell (no schematic): via_1539
Flatten layout cell (no schematic): via_1529
Flatten layout cell (no schematic): via_1524
Flatten layout cell (no schematic): via_3821
Flatten layout cell (no schematic): via_1776
Flatten layout cell (no schematic): via_1777
Flatten layout cell (no schematic): via_1772
Flatten layout cell (no schematic): via_1773
Flatten layout cell (no schematic): via_3739
Flatten layout cell (no schematic): via_3797
Flatten layout cell (no schematic): via_3775
Flatten layout cell (no schematic): via_1785
Flatten layout cell (no schematic): via_1780
Flatten layout cell (no schematic): via_1781
Flatten layout cell (no schematic): via_1764
Flatten layout cell (no schematic): via_1784
Flatten layout cell (no schematic): via_1765
Flatten layout cell (no schematic): via_3750
Flatten layout cell (no schematic): via_1768
Flatten layout cell (no schematic): via_1769
Flatten layout cell (no schematic): via_3809
Flatten layout cell (no schematic): via_3761
Flatten layout cell (no schematic): via_3786
Flatten layout cell (no schematic): via_3791
Flatten layout cell (no schematic): via_3792
Flatten layout cell (no schematic): via_1531
Flatten layout cell (no schematic): via_1532
Flatten layout cell (no schematic): via_3802
Flatten layout cell (no schematic): via_1537
Flatten layout cell (no schematic): via_1536
Flatten layout cell (no schematic): via_3827
Flatten layout cell (no schematic): via_1533
Flatten layout cell (no schematic): via_1538
Flatten layout cell (no schematic): via_3814
Flatten layout cell (no schematic): via_3810
Flatten layout cell (no schematic): via_3801
Flatten layout cell (no schematic): via_3822
Flatten layout cell (no schematic): via_3798
Flatten layout cell (no schematic): via_3813
Flatten layout cell (no schematic): via_3826
Flatten layout cell (no schematic): via_3740
Flatten layout cell (no schematic): via_3771
Flatten layout cell (no schematic): via_3778
Flatten layout cell (no schematic): via_3757
Flatten layout cell (no schematic): via_3776
Flatten layout cell (no schematic): via_3746
Flatten layout cell (no schematic): via_3751
Flatten layout cell (no schematic): via_3762
Flatten layout cell (no schematic): via_3787
Flatten layout cell (no schematic): via_1527
Flatten layout cell (no schematic): via_1528
Flatten layout cell (no schematic): via_3747
Flatten layout cell (no schematic): via_3772
Flatten layout cell (no schematic): via_1511
Flatten layout cell (no schematic): via_1512
Flatten layout cell (no schematic): via_1522
Flatten layout cell (no schematic): via_1523
Flatten layout cell (no schematic): via_3758
Flatten layout cell (no schematic): via_3779
Flatten layout cell (no schematic): via_1526
Flatten layout cell (no schematic): via_1521
Flatten layout cell (no schematic): via_1516
Flatten layout cell (no schematic): via_1517
Flatten layout cell (no schematic): via_1842
Flatten layout cell (no schematic): via_1843
Flatten layout cell (no schematic): via_2081
Flatten layout cell (no schematic): via_2084
Flatten layout cell (no schematic): via_1702
Flatten layout cell (no schematic): decoder_stage_13
Flatten layout cell (no schematic): via_1704
Flatten layout cell (no schematic): via_3723
Flatten layout cell (no schematic): via_3724
Flatten layout cell (no schematic): via_3730
Flatten layout cell (no schematic): via_3666
Flatten layout cell (no schematic): via_3667
Flatten layout cell (no schematic): via_3673
Flatten layout cell (no schematic): via_1506
Flatten layout cell (no schematic): via_1507
Flatten layout cell (no schematic): via_1508
Flatten layout cell (no schematic): via_3675
Flatten layout cell (no schematic): via_3676
Flatten layout cell (no schematic): via_3684
Flatten layout cell (no schematic): via_3686
Flatten layout cell (no schematic): via_3687
Flatten layout cell (no schematic): via_3695
Flatten layout cell (no schematic): via_3702
Flatten layout cell (no schematic): via_1491
Flatten layout cell (no schematic): via_3703
Flatten layout cell (no schematic): via_1492
Flatten layout cell (no schematic): via_1493
Flatten layout cell (no schematic): via_3705
Flatten layout cell (no schematic): via_3711
Flatten layout cell (no schematic): via_1496
Flatten layout cell (no schematic): via_1497
Flatten layout cell (no schematic): via_3712
Flatten layout cell (no schematic): via_1498
Flatten layout cell (no schematic): via_3716
Flatten layout cell (no schematic): via_1501
Flatten layout cell (no schematic): via_1502
Flatten layout cell (no schematic): via_1503
Flatten layout cell (no schematic): via_3694
Flatten layout cell (no schematic): via_3729
Flatten layout cell (no schematic): via_1752
Flatten layout cell (no schematic): via_1753
Flatten layout cell (no schematic): via_1756
Flatten layout cell (no schematic): via_1757
Flatten layout cell (no schematic): via_3704
Flatten layout cell (no schematic): via_3683
Flatten layout cell (no schematic): via_1760
Flatten layout cell (no schematic): via_1761
Flatten layout cell (no schematic): via_3715
Flatten layout cell (no schematic): via_1748
Flatten layout cell (no schematic): via_1749
Flatten layout cell (no schematic): via_3672
Flatten layout cell (no schematic): via_1699
Flatten layout cell (no schematic): via_1499
Flatten layout cell (no schematic): via_1509
Flatten layout cell (no schematic): via_2082
Flatten layout cell (no schematic): via_2085
Flatten layout cell (no schematic): via_2086
Flatten layout cell (no schematic): via_2083
Flatten layout cell (no schematic): via_1504
Flatten layout cell (no schematic): via_2080
Flatten layout cell (no schematic): via_2063
Flatten layout cell (no schematic): via_2064
Flatten layout cell (no schematic): via_1698
Flatten layout cell (no schematic): via_1701
Flatten layout cell (no schematic): via_1706
Flatten layout cell (no schematic): via_1707
Flatten layout cell (no schematic): via_1709
Flatten layout cell (no schematic): via_1708
Flatten layout cell (no schematic): via_1494
Flatten layout cell (no schematic): via_1762
Flatten layout cell (no schematic): via_1754
Flatten layout cell (no schematic): via_1758
Flatten layout cell (no schematic): via_1750
Flatten layout cell (no schematic): via_1684
Flatten layout cell (no schematic): replica_metal_routing
Flatten layout cell (no schematic): via_1687
Flatten layout cell (no schematic): via_1688
Flatten layout cell (no schematic): via_1689
Flatten layout cell (no schematic): via_1690
Flatten layout cell (no schematic): via_1691
Flatten layout cell (no schematic): via_1692
Flatten layout cell (no schematic): via_1693
Flatten layout cell (no schematic): via_1694
Flatten layout cell (no schematic): via_1695
Flatten layout cell (no schematic): via_1839
Flatten layout cell (no schematic): via_1840
Flatten layout cell (no schematic): via_1841
Flatten layout cell (no schematic): via_1685
Flatten layout cell (no schematic): via_1835
Flatten layout cell (no schematic): via_1836
Flatten layout cell (no schematic): via_1837
Flatten layout cell (no schematic): via_1838
Flatten layout cell (no schematic): via_1686
Flatten layout cell (no schematic): via_1680
Flatten layout cell (no schematic): via_1681
Flatten layout cell (no schematic): via_1682
Flatten layout cell (no schematic): via_1683
Flatten layout cell (no schematic): via_1705
Flatten layout cell (no schematic): via_1985
Flatten layout cell (no schematic): via_1978
Flatten layout cell (no schematic): via_1979
Flatten layout cell (no schematic): via_1980
Flatten layout cell (no schematic): via_1981
Flatten layout cell (no schematic): via_1982
Flatten layout cell (no schematic): via_1983
Flatten layout cell (no schematic): via_1984
Flatten layout cell (no schematic): via_1703
Flatten layout cell (no schematic): via_2047
Flatten layout cell (no schematic): via_2016
Flatten layout cell (no schematic): via_3371
Flatten layout cell (no schematic): via_3388
Flatten layout cell (no schematic): via_3392
Flatten layout cell (no schematic): via_3386
Flatten layout cell (no schematic): via_3385
Flatten layout cell (no schematic): via_1844
Flatten layout cell (no schematic): via_1845
Flatten layout cell (no schematic): via_3387
Flatten layout cell (no schematic): via_1846
Flatten layout cell (no schematic): via_3381
Flatten layout cell (no schematic): via_3374
Flatten layout cell (no schematic): via_3382
Flatten layout cell (no schematic): via_3377
Flatten layout cell (no schematic): via_1700
Flatten layout cell (no schematic): replica_precharge
Flatten layout cell (no schematic): via_1939
Flatten layout cell (no schematic): via_1908
Flatten layout cell (no schematic): via_3373
Flatten layout cell (no schematic): via_1877
Flatten layout cell (no schematic): via_3378
Flatten layout cell (no schematic): via_3379
Flatten layout cell (no schematic): via_1955
Flatten layout cell (no schematic): via_1854
Flatten layout cell (no schematic): via_1967
Flatten layout cell (no schematic): via_1968
Flatten layout cell (no schematic): via_1969
Flatten layout cell (no schematic): via_1970
Flatten layout cell (no schematic): via_1857
Flatten layout cell (no schematic): via_1885
Flatten layout cell (no schematic): via_1886
Flatten layout cell (no schematic): via_1887
Flatten layout cell (no schematic): via_1937
Flatten layout cell (no schematic): via_1938
Flatten layout cell (no schematic): via_1888
Flatten layout cell (no schematic): via_1947
Flatten layout cell (no schematic): via_1948
Flatten layout cell (no schematic): via_1949
Flatten layout cell (no schematic): via_1903
Flatten layout cell (no schematic): via_1904
Flatten layout cell (no schematic): via_1905
Flatten layout cell (no schematic): via_1906
Flatten layout cell (no schematic): via_1907
Flatten layout cell (no schematic): via_1916
Flatten layout cell (no schematic): via_1917
Flatten layout cell (no schematic): via_1918
Flatten layout cell (no schematic): via_1919
Flatten layout cell (no schematic): via_1920
Flatten layout cell (no schematic): via_1921
Flatten layout cell (no schematic): via_1922
Flatten layout cell (no schematic): via_1923
Flatten layout cell (no schematic): via_1931
Flatten layout cell (no schematic): via_1889
Flatten layout cell (no schematic): via_1890
Flatten layout cell (no schematic): via_1891
Flatten layout cell (no schematic): via_1892
Flatten layout cell (no schematic): via_1900
Flatten layout cell (no schematic): via_1901
Flatten layout cell (no schematic): via_1902
Flatten layout cell (no schematic): via_1932
Flatten layout cell (no schematic): via_1933
Flatten layout cell (no schematic): via_1934
Flatten layout cell (no schematic): via_1935
Flatten layout cell (no schematic): via_1936
Flatten layout cell (no schematic): via_1952
Flatten layout cell (no schematic): via_1953
Flatten layout cell (no schematic): via_1870
Flatten layout cell (no schematic): via_1954
Flatten layout cell (no schematic): via_1950
Flatten layout cell (no schematic): via_1871
Flatten layout cell (no schematic): via_1872
Flatten layout cell (no schematic): via_1873
Flatten layout cell (no schematic): via_1874
Flatten layout cell (no schematic): via_1875
Flatten layout cell (no schematic): via_1876
Flatten layout cell (no schematic): via_1858
Flatten layout cell (no schematic): via_1859
Flatten layout cell (no schematic): via_1963
Flatten layout cell (no schematic): via_1860
Flatten layout cell (no schematic): via_1964
Flatten layout cell (no schematic): via_1855
Flatten layout cell (no schematic): via_1856
Flatten layout cell (no schematic): via_1861
Flatten layout cell (no schematic): via_1869
Flatten layout cell (no schematic): via_1965
Flatten layout cell (no schematic): via_1966
Flatten layout cell (no schematic): via_1951
Flatten layout cell (no schematic): via_3349
Flatten layout cell (no schematic): via_3363
Flatten layout cell (no schematic): via_3358
Flatten layout cell (no schematic): via_3367
Flatten layout cell (no schematic): via_3352
Flatten layout cell (no schematic): via_3353
Flatten layout cell (no schematic): via_3350
Flatten layout cell (no schematic): via_2059
Flatten layout cell (no schematic): via_2014
Flatten layout cell (no schematic): via_2076
Flatten layout cell (no schematic): via_2015
Flatten layout cell (no schematic): via_2077
Flatten layout cell (no schematic): via_2043
Flatten layout cell (no schematic): via_2044
Flatten layout cell (no schematic): via_2078
Flatten layout cell (no schematic): via_2045
Flatten layout cell (no schematic): via_2046
Flatten layout cell (no schematic): via_2028
Flatten layout cell (no schematic): via_2079
Flatten layout cell (no schematic): via_2029
Flatten layout cell (no schematic): via_2012
Flatten layout cell (no schematic): via_2013
Flatten layout cell (no schematic): via_2060
Flatten layout cell (no schematic): via_2061
Flatten layout cell (no schematic): via_1997
Flatten layout cell (no schematic): via_1998
Flatten layout cell (no schematic): via_2062
Flatten layout cell (no schematic): via_1999
Flatten layout cell (no schematic): via_2000
Flatten layout cell (no schematic): via_2030
Flatten layout cell (no schematic): via_2031
Flatten layout cell (no schematic): via_2010
Flatten layout cell (no schematic): via_2072
Flatten layout cell (no schematic): via_2073
Flatten layout cell (no schematic): via_2074
Flatten layout cell (no schematic): via_2075
Flatten layout cell (no schematic): via_2042
Flatten layout cell (no schematic): via_2027
Flatten layout cell (no schematic): via_2039
Flatten layout cell (no schematic): via_1994
Flatten layout cell (no schematic): via_1995
Flatten layout cell (no schematic): via_1996
Flatten layout cell (no schematic): via_2040
Flatten layout cell (no schematic): via_2055
Flatten layout cell (no schematic): via_2058
Flatten layout cell (no schematic): via_2056
Flatten layout cell (no schematic): via_2057
Flatten layout cell (no schematic): via_2009
Flatten layout cell (no schematic): via_2008
Flatten layout cell (no schematic): via_2041
Flatten layout cell (no schematic): via_2011
Flatten layout cell (no schematic): via_2024
Flatten layout cell (no schematic): via_1993
Flatten layout cell (no schematic): via_2025
Flatten layout cell (no schematic): via_2026
Flatten layout cell (no schematic): via_3345
Flatten layout cell (no schematic): via_3325
Flatten layout cell (no schematic): via_3332
Flatten layout cell (no schematic): via_3338
Flatten layout cell (no schematic): via_3329
Flatten layout cell (no schematic): via_3343
Flatten layout cell (no schematic): via_3335
Flatten layout cell (no schematic): decoder_stage_12
Flatten layout cell (no schematic): via_3641
Flatten layout cell (no schematic): via_3643
Flatten layout cell (no schematic): via_3647
Flatten layout cell (no schematic): via_3653
Flatten layout cell (no schematic): via_3656
Flatten layout cell (no schematic): via_3660
Flatten layout cell (no schematic): via_3663
Flatten layout cell (no schematic): via_3669
Flatten layout cell (no schematic): via_3674
Flatten layout cell (no schematic): via_3680
Flatten layout cell (no schematic): via_3685
Flatten layout cell (no schematic): via_3691
Flatten layout cell (no schematic): via_3697
Flatten layout cell (no schematic): via_3699
Flatten layout cell (no schematic): via_3708
Flatten layout cell (no schematic): via_3714
Flatten layout cell (no schematic): via_3720
Flatten layout cell (no schematic): via_3726
Flatten layout cell (no schematic): via_3732
Flatten layout cell (no schematic): via_3637
Flatten layout cell (no schematic): via_3541
Flatten layout cell (no schematic): via_3542
Flatten layout cell (no schematic): via_3633
Flatten layout cell (no schematic): via_3588
Flatten layout cell (no schematic): via_3495
Flatten layout cell (no schematic): via_3496
Flatten layout cell (no schematic): via_3591
Flatten layout cell (no schematic): via_3599
Flatten layout cell (no schematic): via_3603
Flatten layout cell (no schematic): via_3609
Flatten layout cell (no schematic): via_3612
Flatten layout cell (no schematic): via_3616
Flatten layout cell (no schematic): via_3619
Flatten layout cell (no schematic): via_3623
Flatten layout cell (no schematic): via_3626
Flatten layout cell (no schematic): via_3630
Flatten layout cell (no schematic): via_3543
Flatten layout cell (no schematic): via_3589
Flatten layout cell (no schematic): via_3590
Flatten layout cell (no schematic): via_3497
Flatten layout cell (no schematic): via_3592
Flatten layout cell (no schematic): via_3593
Flatten layout cell (no schematic): via_3632
Flatten layout cell (no schematic): via_3682
Flatten layout cell (no schematic): via_3649
Flatten layout cell (no schematic): via_3655
Flatten layout cell (no schematic): via_3693
Flatten layout cell (no schematic): via_3639
Flatten layout cell (no schematic): via_3707
Flatten layout cell (no schematic): via_3718
Flatten layout cell (no schematic): via_3728
Flatten layout cell (no schematic): via_3605
Flatten layout cell (no schematic): via_3611
Flatten layout cell (no schematic): via_3618
Flatten layout cell (no schematic): via_3625
Flatten layout cell (no schematic): via_3662
Flatten layout cell (no schematic): via_3671
Flatten layout cell (no schematic): via_3678
Flatten layout cell (no schematic): via_3651
Flatten layout cell (no schematic): via_3640
Flatten layout cell (no schematic): via_3642
Flatten layout cell (no schematic): via_3652
Flatten layout cell (no schematic): via_3710
Flatten layout cell (no schematic): via_3713
Flatten layout cell (no schematic): via_3679
Flatten layout cell (no schematic): via_3719
Flatten layout cell (no schematic): via_3722
Flatten layout cell (no schematic): via_3725
Flatten layout cell (no schematic): via_3645
Flatten layout cell (no schematic): via_3731
Flatten layout cell (no schematic): via_3689
Flatten layout cell (no schematic): via_3690
Flatten layout cell (no schematic): via_3658
Flatten layout cell (no schematic): via_3659
Flatten layout cell (no schematic): via_3646
Flatten layout cell (no schematic): via_3696
Flatten layout cell (no schematic): via_3698
Flatten layout cell (no schematic): via_3665
Flatten layout cell (no schematic): via_3668
Flatten layout cell (no schematic): via_3701
Flatten layout cell (no schematic): via_3650
Flatten layout cell (no schematic): via_3706
Flatten layout cell (no schematic): via_3644
Flatten layout cell (no schematic): via_3709
Flatten layout cell (no schematic): via_3654
Flatten layout cell (no schematic): via_3717
Flatten layout cell (no schematic): via_3721
Flatten layout cell (no schematic): via_3688
Flatten layout cell (no schematic): via_3677
Flatten layout cell (no schematic): via_3727
Flatten layout cell (no schematic): via_3692
Flatten layout cell (no schematic): via_3657
Flatten layout cell (no schematic): via_3681
Flatten layout cell (no schematic): via_3700
Flatten layout cell (no schematic): via_3661
Flatten layout cell (no schematic): via_3648
Flatten layout cell (no schematic): via_3664
Flatten layout cell (no schematic): via_3638
Flatten layout cell (no schematic): via_3670
Flatten layout cell (no schematic): via_3604
Flatten layout cell (no schematic): via_3606
Flatten layout cell (no schematic): via_3610
Flatten layout cell (no schematic): via_3613
Flatten layout cell (no schematic): via_3617
Flatten layout cell (no schematic): via_3620
Flatten layout cell (no schematic): via_3624
Flatten layout cell (no schematic): via_3634
Flatten layout cell (no schematic): via_3631
Flatten layout cell (no schematic): via_3627
Flatten layout cell (no schematic): via_1515
Flatten layout cell (no schematic): via_1500
Flatten layout cell (no schematic): via_1519
Flatten layout cell (no schematic): via_1520
Flatten layout cell (no schematic): via_1505
Flatten layout cell (no schematic): via_1510
Flatten layout cell (no schematic): via_1495
Flatten layout cell (no schematic): via_3600
Flatten layout cell (no schematic): via_3601
Flatten layout cell (no schematic): via_3602
Flatten layout cell (no schematic): via_3607
Flatten layout cell (no schematic): via_3608
Flatten layout cell (no schematic): via_3636
Flatten layout cell (no schematic): via_3614
Flatten layout cell (no schematic): via_3615
Flatten layout cell (no schematic): via_3621
Flatten layout cell (no schematic): via_3622
Flatten layout cell (no schematic): via_1710
Flatten layout cell (no schematic): via_3635
Flatten layout cell (no schematic): via_3598
Flatten layout cell (no schematic): via_3628
Flatten layout cell (no schematic): via_3629
Flatten layout cell (no schematic): via_3401
Flatten layout cell (no schematic): via_3375
Flatten layout cell (no schematic): via_3383
Flatten layout cell (no schematic): via_3394
Flatten layout cell (no schematic): via_3390
Flatten layout cell (no schematic): via_3354
Flatten layout cell (no schematic): via_3351
Flatten layout cell (no schematic): via_3369
Flatten layout cell (no schematic): via_3365
Flatten layout cell (no schematic): via_3362
Flatten layout cell (no schematic): via_3339
Flatten layout cell (no schematic): via_3340
Flatten layout cell (no schematic): via_3347
Flatten layout cell (no schematic): via_3333
Flatten layout cell (no schematic): via_3326
Flatten layout cell (no schematic): via_3344
Flatten layout cell (no schematic): via_3327
Flatten layout cell (no schematic): via_3330
Flatten layout cell (no schematic): via_3336
Flatten layout cell (no schematic): via_1541
Flatten layout cell (no schematic): via_1542
Flatten layout cell (no schematic): via_3393
Flatten layout cell (no schematic): via_3404
Flatten layout cell (no schematic): via_3398
Flatten layout cell (no schematic): via_3384
Flatten layout cell (no schematic): via_3405
Flatten layout cell (no schematic): via_3406
Flatten layout cell (no schematic): via_3376
Flatten layout cell (no schematic): via_3389
Flatten layout cell (no schematic): via_3396
Flatten layout cell (no schematic): via_3380
Flatten layout cell (no schematic): via_3397
Flatten layout cell (no schematic): via_3407
Flatten layout cell (no schematic): via_3372
Flatten layout cell (no schematic): via_3399
Flatten layout cell (no schematic): via_3400
Flatten layout cell (no schematic): via_3395
Flatten layout cell (no schematic): via_3402
Flatten layout cell (no schematic): via_3391
Flatten layout cell (no schematic): via_3403
Flatten layout cell (no schematic): via_3355
Flatten layout cell (no schematic): via_3356
Flatten layout cell (no schematic): via_3360
Flatten layout cell (no schematic): via_3364
Flatten layout cell (no schematic): via_3366
Flatten layout cell (no schematic): via_3359
Flatten layout cell (no schematic): via_3368
Flatten layout cell (no schematic): via_3370
Flatten layout cell (no schematic): via_3342
Flatten layout cell (no schematic): via_3331
Flatten layout cell (no schematic): via_3337
Flatten layout cell (no schematic): via_3361
Flatten layout cell (no schematic): via_3328
Flatten layout cell (no schematic): via_3334
Flatten layout cell (no schematic): via_3357
Flatten layout cell (no schematic): via_3348
Flatten layout cell (no schematic): via_3346
Flatten layout cell (no schematic): via_3341
Flatten layout cell (no schematic): via_3082
Flatten layout cell (no schematic): via_3083
Flatten layout cell (no schematic): via_3084
Flatten layout cell (no schematic): decoder_4
Flatten layout cell (no schematic): via_1582
Flatten layout cell (no schematic): via_3317
Flatten layout cell (no schematic): via_3319
Flatten layout cell (no schematic): via_1543
Flatten layout cell (no schematic): via_3268
Flatten layout cell (no schematic): via_3267
Flatten layout cell (no schematic): via_1635
Flatten layout cell (no schematic): via_1638
Flatten layout cell (no schematic): via_1640
Flatten layout cell (no schematic): via_1643
Flatten layout cell (no schematic): via_1645
Flatten layout cell (no schematic): via_1648
Flatten layout cell (no schematic): via_1650
Flatten layout cell (no schematic): via_1653
Flatten layout cell (no schematic): via_1655
Flatten layout cell (no schematic): via_3269
Flatten layout cell (no schematic): via_1630
Flatten layout cell (no schematic): via_3299
Flatten layout cell (no schematic): via_3304
Flatten layout cell (no schematic): via_3308
Flatten layout cell (no schematic): via_3313
Flatten layout cell (no schematic): via_3318
Flatten layout cell (no schematic): via_3321
Flatten layout cell (no schematic): via_3322
Flatten layout cell (no schematic): via_3301
Flatten layout cell (no schematic): via_3302
Flatten layout cell (no schematic): via_3306
Flatten layout cell (no schematic): via_3310
Flatten layout cell (no schematic): via_3311
Flatten layout cell (no schematic): via_3315
Flatten layout cell (no schematic): via_3316
Flatten layout cell (no schematic): via_3278
Flatten layout cell (no schematic): via_3279
Flatten layout cell (no schematic): via_3284
Flatten layout cell (no schematic): via_3287
Flatten layout cell (no schematic): via_3288
Flatten layout cell (no schematic): via_3289
Flatten layout cell (no schematic): via_3292
Flatten layout cell (no schematic): via_3296
Flatten layout cell (no schematic): via_3297
Flatten layout cell (no schematic): via_3285
Flatten layout cell (no schematic): via_3294
Flatten layout cell (no schematic): via_3274
Flatten layout cell (no schematic): via_3209
Flatten layout cell (no schematic): via_3211
Flatten layout cell (no schematic): via_3213
Flatten layout cell (no schematic): via_3216
Flatten layout cell (no schematic): via_3218
Flatten layout cell (no schematic): via_3220
Flatten layout cell (no schematic): via_3223
Flatten layout cell (no schematic): via_3224
Flatten layout cell (no schematic): via_3226
Flatten layout cell (no schematic): via_3227
Flatten layout cell (no schematic): via_3230
Flatten layout cell (no schematic): via_3231
Flatten layout cell (no schematic): via_3234
Flatten layout cell (no schematic): via_3235
Flatten layout cell (no schematic): via_3237
Flatten layout cell (no schematic): via_3238
Flatten layout cell (no schematic): via_3240
Flatten layout cell (no schematic): via_3243
Flatten layout cell (no schematic): via_3246
Flatten layout cell (no schematic): via_3247
Flatten layout cell (no schematic): via_3250
Flatten layout cell (no schematic): via_3251
Flatten layout cell (no schematic): via_3254
Flatten layout cell (no schematic): via_3255
Flatten layout cell (no schematic): via_3258
Flatten layout cell (no schematic): via_3259
Flatten layout cell (no schematic): via_3266
Flatten layout cell (no schematic): via_3239
Flatten layout cell (no schematic): via_3242
Flatten layout cell (no schematic): via_3244
Flatten layout cell (no schematic): via_3248
Flatten layout cell (no schematic): via_3252
Flatten layout cell (no schematic): via_3261
Flatten layout cell (no schematic): via_3256
Flatten layout cell (no schematic): via_3215
Flatten layout cell (no schematic): via_3225
Flatten layout cell (no schematic): via_3210
Flatten layout cell (no schematic): via_3228
Flatten layout cell (no schematic): via_3236
Flatten layout cell (no schematic): via_3219
Flatten layout cell (no schematic): via_3221
Flatten layout cell (no schematic): via_3232
Flatten layout cell (no schematic): via_3208
Flatten layout cell (no schematic): via_3212
Flatten layout cell (no schematic): via_3196
Flatten layout cell (no schematic): via_3198
Flatten layout cell (no schematic): via_3203
Flatten layout cell (no schematic): via_3205
Flatten layout cell (no schematic): via_3146
Flatten layout cell (no schematic): via_3149
Flatten layout cell (no schematic): via_3153
Flatten layout cell (no schematic): via_3154
Flatten layout cell (no schematic): via_3158
Flatten layout cell (no schematic): via_3160
Flatten layout cell (no schematic): via_3164
Flatten layout cell (no schematic): via_3167
Flatten layout cell (no schematic): via_3171
Flatten layout cell (no schematic): via_3173
Flatten layout cell (no schematic): via_3175
Flatten layout cell (no schematic): via_3177
Flatten layout cell (no schematic): via_3179
Flatten layout cell (no schematic): via_3184
Flatten layout cell (no schematic): via_3189
Flatten layout cell (no schematic): via_3192
Flatten layout cell (no schematic): via_3195
Flatten layout cell (no schematic): via_3197
Flatten layout cell (no schematic): via_3200
Flatten layout cell (no schematic): via_3201
Flatten layout cell (no schematic): via_3202
Flatten layout cell (no schematic): via_3204
Flatten layout cell (no schematic): via_3206
Flatten layout cell (no schematic): via_3147
Flatten layout cell (no schematic): via_3150
Flatten layout cell (no schematic): via_3152
Flatten layout cell (no schematic): via_3155
Flatten layout cell (no schematic): via_3156
Flatten layout cell (no schematic): via_3159
Flatten layout cell (no schematic): via_3162
Flatten layout cell (no schematic): via_3163
Flatten layout cell (no schematic): via_3165
Flatten layout cell (no schematic): via_3166
Flatten layout cell (no schematic): via_3168
Flatten layout cell (no schematic): via_3169
Flatten layout cell (no schematic): via_3172
Flatten layout cell (no schematic): via_3174
Flatten layout cell (no schematic): via_3178
Flatten layout cell (no schematic): via_3181
Flatten layout cell (no schematic): via_3182
Flatten layout cell (no schematic): via_3185
Flatten layout cell (no schematic): via_3186
Flatten layout cell (no schematic): via_3188
Flatten layout cell (no schematic): via_3190
Flatten layout cell (no schematic): via_3193
Flatten layout cell (no schematic): via_3140
Flatten layout cell (no schematic): via_3144
Flatten layout cell (no schematic): via_3086
Flatten layout cell (no schematic): via_3087
Flatten layout cell (no schematic): via_3089
Flatten layout cell (no schematic): via_3094
Flatten layout cell (no schematic): via_3099
Flatten layout cell (no schematic): via_3101
Flatten layout cell (no schematic): via_3102
Flatten layout cell (no schematic): via_3105
Flatten layout cell (no schematic): via_3108
Flatten layout cell (no schematic): via_3109
Flatten layout cell (no schematic): via_3112
Flatten layout cell (no schematic): via_3113
Flatten layout cell (no schematic): via_3116
Flatten layout cell (no schematic): via_3117
Flatten layout cell (no schematic): via_3122
Flatten layout cell (no schematic): via_3125
Flatten layout cell (no schematic): via_3128
Flatten layout cell (no schematic): via_3129
Flatten layout cell (no schematic): via_3132
Flatten layout cell (no schematic): via_3133
Flatten layout cell (no schematic): via_3136
Flatten layout cell (no schematic): via_3138
Flatten layout cell (no schematic): via_3103
Flatten layout cell (no schematic): via_3106
Flatten layout cell (no schematic): via_3110
Flatten layout cell (no schematic): via_3114
Flatten layout cell (no schematic): via_3118
Flatten layout cell (no schematic): via_3119
Flatten layout cell (no schematic): via_3120
Flatten layout cell (no schematic): via_1713
Flatten layout cell (no schematic): via_1716
Flatten layout cell (no schematic): via_1718
Flatten layout cell (no schematic): via_1719
Flatten layout cell (no schematic): via_1723
Flatten layout cell (no schematic): via_1724
Flatten layout cell (no schematic): via_1728
Flatten layout cell (no schematic): via_1729
Flatten layout cell (no schematic): via_1733
Flatten layout cell (no schematic): via_1734
Flatten layout cell (no schematic): via_1738
Flatten layout cell (no schematic): via_1739
Flatten layout cell (no schematic): via_1743
Flatten layout cell (no schematic): via_1744
Flatten layout cell (no schematic): via_3123
Flatten layout cell (no schematic): via_3126
Flatten layout cell (no schematic): via_3130
Flatten layout cell (no schematic): via_3134
Flatten layout cell (no schematic): via_3135
Flatten layout cell (no schematic): via_3137
Flatten layout cell (no schematic): via_3141
Flatten layout cell (no schematic): via_3143
Flatten layout cell (no schematic): via_1608
Flatten layout cell (no schematic): via_1610
Flatten layout cell (no schematic): via_1613
Flatten layout cell (no schematic): via_1615
Flatten layout cell (no schematic): via_1618
Flatten layout cell (no schematic): via_1620
Flatten layout cell (no schematic): via_1623
Flatten layout cell (no schematic): via_3097
Flatten layout cell (no schematic): via_1590
Flatten layout cell (no schematic): via_1593
Flatten layout cell (no schematic): via_1595
Flatten layout cell (no schematic): via_1579
Flatten layout cell (no schematic): via_1580
Flatten layout cell (no schematic): via_1581
Flatten layout cell (no schematic): via_1578
Flatten layout cell (no schematic): via_1583
Flatten layout cell (no schematic): via_1585
Flatten layout cell (no schematic): via_3090
Flatten layout cell (no schematic): via_3091
Flatten layout cell (no schematic): via_3092
Flatten layout cell (no schematic): via_1588
Flatten layout cell (no schematic): via_1625
Flatten layout cell (no schematic): via_1628
Flatten layout cell (no schematic): via_3095
Flatten layout cell (no schematic): via_1633
Flatten layout cell (no schematic): via_3096
Flatten layout cell (no schematic): via_1598
Flatten layout cell (no schematic): via_1600
Flatten layout cell (no schematic): via_1603
Flatten layout cell (no schematic): via_1605
Flatten layout cell (no schematic): via_1971
Flatten layout cell (no schematic): via_1972
Flatten layout cell (no schematic): via_1973
Flatten layout cell (no schematic): via_1974
Flatten layout cell (no schematic): via_1975
Flatten layout cell (no schematic): via_1976
Flatten layout cell (no schematic): via_1977
Flatten layout cell (no schematic): via_3270
Flatten layout cell (no schematic): via_3271
Flatten layout cell (no schematic): via_3272
Flatten layout cell (no schematic): via_2019
Flatten layout cell (no schematic): via_2050
Flatten layout cell (no schematic): via_1988
Flatten layout cell (no schematic): via_3298
Flatten layout cell (no schematic): via_3300
Flatten layout cell (no schematic): via_3303
Flatten layout cell (no schematic): via_3305
Flatten layout cell (no schematic): via_3307
Flatten layout cell (no schematic): via_3309
Flatten layout cell (no schematic): via_3312
Flatten layout cell (no schematic): via_3314
Flatten layout cell (no schematic): via_3320
Flatten layout cell (no schematic): via_2022
Flatten layout cell (no schematic): via_2023
Flatten layout cell (no schematic): via_2035
Flatten layout cell (no schematic): via_2036
Flatten layout cell (no schematic): via_2037
Flatten layout cell (no schematic): via_2038
Flatten layout cell (no schematic): via_2051
Flatten layout cell (no schematic): via_2052
Flatten layout cell (no schematic): via_2053
Flatten layout cell (no schematic): via_2054
Flatten layout cell (no schematic): via_2068
Flatten layout cell (no schematic): via_2069
Flatten layout cell (no schematic): via_2070
Flatten layout cell (no schematic): via_2071
Flatten layout cell (no schematic): via_1697
Flatten layout cell (no schematic): via_1989
Flatten layout cell (no schematic): via_1990
Flatten layout cell (no schematic): via_1991
Flatten layout cell (no schematic): via_1992
Flatten layout cell (no schematic): via_2004
Flatten layout cell (no schematic): via_2005
Flatten layout cell (no schematic): via_2006
Flatten layout cell (no schematic): via_2007
Flatten layout cell (no schematic): via_2020
Flatten layout cell (no schematic): via_2021
Flatten layout cell (no schematic): via_1986
Flatten layout cell (no schematic): via_1987
Flatten layout cell (no schematic): via_2066
Flatten layout cell (no schematic): via_2067
Flatten layout cell (no schematic): via_2017
Flatten layout cell (no schematic): via_2048
Flatten layout cell (no schematic): via_2049
Flatten layout cell (no schematic): via_2001
Flatten layout cell (no schematic): via_2002
Flatten layout cell (no schematic): via_2018
Flatten layout cell (no schematic): via_2032
Flatten layout cell (no schematic): via_2033
Flatten layout cell (no schematic): via_2034
Flatten layout cell (no schematic): via_2003
Flatten layout cell (no schematic): via_2065
Flatten layout cell (no schematic): via_3291
Flatten layout cell (no schematic): via_3293
Flatten layout cell (no schematic): via_3295
Flatten layout cell (no schematic): via_3277
Flatten layout cell (no schematic): via_3283
Flatten layout cell (no schematic): via_3286
Flatten layout cell (no schematic): via_3290
Flatten layout cell (no schematic): via_1893
Flatten layout cell (no schematic): via_1926
Flatten layout cell (no schematic): via_1927
Flatten layout cell (no schematic): via_1928
Flatten layout cell (no schematic): via_1896
Flatten layout cell (no schematic): via_1929
Flatten layout cell (no schematic): via_1930
Flatten layout cell (no schematic): via_1940
Flatten layout cell (no schematic): via_1897
Flatten layout cell (no schematic): via_1898
Flatten layout cell (no schematic): via_1941
Flatten layout cell (no schematic): via_1894
Flatten layout cell (no schematic): via_1899
Flatten layout cell (no schematic): via_1942
Flatten layout cell (no schematic): via_1943
Flatten layout cell (no schematic): via_1944
Flatten layout cell (no schematic): via_1895
Flatten layout cell (no schematic): via_1945
Flatten layout cell (no schematic): via_1946
Flatten layout cell (no schematic): via_1909
Flatten layout cell (no schematic): via_1956
Flatten layout cell (no schematic): via_1910
Flatten layout cell (no schematic): via_1957
Flatten layout cell (no schematic): via_1911
Flatten layout cell (no schematic): via_1847
Flatten layout cell (no schematic): via_1958
Flatten layout cell (no schematic): via_1848
Flatten layout cell (no schematic): via_1849
Flatten layout cell (no schematic): via_1850
Flatten layout cell (no schematic): via_1851
Flatten layout cell (no schematic): via_1852
Flatten layout cell (no schematic): via_1853
Flatten layout cell (no schematic): via_1959
Flatten layout cell (no schematic): via_3275
Flatten layout cell (no schematic): via_3276
Flatten layout cell (no schematic): via_1912
Flatten layout cell (no schematic): via_1913
Flatten layout cell (no schematic): via_3280
Flatten layout cell (no schematic): via_3281
Flatten layout cell (no schematic): via_3282
Flatten layout cell (no schematic): via_1914
Flatten layout cell (no schematic): via_1960
Flatten layout cell (no schematic): via_1862
Flatten layout cell (no schematic): via_1863
Flatten layout cell (no schematic): via_1864
Flatten layout cell (no schematic): via_1865
Flatten layout cell (no schematic): via_1866
Flatten layout cell (no schematic): via_1867
Flatten layout cell (no schematic): via_1961
Flatten layout cell (no schematic): via_1868
Flatten layout cell (no schematic): via_1962
Flatten layout cell (no schematic): via_1884
Flatten layout cell (no schematic): via_1924
Flatten layout cell (no schematic): via_1915
Flatten layout cell (no schematic): via_1925
Flatten layout cell (no schematic): via_1878
Flatten layout cell (no schematic): via_1879
Flatten layout cell (no schematic): via_1880
Flatten layout cell (no schematic): via_1881
Flatten layout cell (no schematic): via_1882
Flatten layout cell (no schematic): via_1883
Flatten layout cell (no schematic): via_3263
Flatten layout cell (no schematic): via_3264
Flatten layout cell (no schematic): via_1696
Flatten layout cell (no schematic): via_3265
Flatten layout cell (no schematic): via_3241
Flatten layout cell (no schematic): via_3245
Flatten layout cell (no schematic): via_3273
Flatten layout cell (no schematic): via_3249
Flatten layout cell (no schematic): via_3253
Flatten layout cell (no schematic): via_3257
Flatten layout cell (no schematic): via_3260
Flatten layout cell (no schematic): via_3262
Flatten layout cell (no schematic): via_3229
Flatten layout cell (no schematic): via_3233
Flatten layout cell (no schematic): via_3207
Flatten layout cell (no schematic): via_3214
Flatten layout cell (no schematic): via_3217
Flatten layout cell (no schematic): via_3222
Flatten layout cell (no schematic): via_3199
Flatten layout cell (no schematic): via_3176
Flatten layout cell (no schematic): via_3180
Flatten layout cell (no schematic): via_3183
Flatten layout cell (no schematic): via_3187
Flatten layout cell (no schematic): via_3191
Flatten layout cell (no schematic): via_3194
Flatten layout cell (no schematic): via_3151
Flatten layout cell (no schematic): via_3145
Flatten layout cell (no schematic): via_3161
Flatten layout cell (no schematic): via_3170
Flatten layout cell (no schematic): via_3157
Flatten layout cell (no schematic): via_3148
Flatten layout cell (no schematic): via_3124
Flatten layout cell (no schematic): via_3127
Flatten layout cell (no schematic): via_3139
Flatten layout cell (no schematic): via_3142
Flatten layout cell (no schematic): via_3131
Flatten layout cell (no schematic): via_3121
Flatten layout cell (no schematic): via_3088
Flatten layout cell (no schematic): via_3085
Flatten layout cell (no schematic): via_3104
Flatten layout cell (no schematic): via_3115
Flatten layout cell (no schematic): via_3107
Flatten layout cell (no schematic): via_3098
Flatten layout cell (no schematic): via_3093
Flatten layout cell (no schematic): via_3100
Flatten layout cell (no schematic): via_3111
Flatten layout cell (no schematic): via_3053
Flatten layout cell (no schematic): via_3059
Flatten layout cell (no schematic): via_3062
Flatten layout cell (no schematic): via_3066
Flatten layout cell (no schematic): via_3074
Flatten layout cell (no schematic): via_3076
Flatten layout cell (no schematic): via_3079
Flatten layout cell (no schematic): via_3036
Flatten layout cell (no schematic): via_3045
Flatten layout cell (no schematic): via_3041
Flatten layout cell (no schematic): via_3048
Flatten layout cell (no schematic): via_3030
Flatten layout cell (no schematic): via_1658
Flatten layout cell (no schematic): via_1676
Flatten layout cell (no schematic): via_1666
Flatten layout cell (no schematic): via_1679
Flatten layout cell (no schematic): via_1779
Flatten layout cell (no schematic): via_3010
Flatten layout cell (no schematic): via_3020
Flatten layout cell (no schematic): via_2950
Flatten layout cell (no schematic): via_2970
Flatten layout cell (no schematic): via_1783
Flatten layout cell (no schematic): via_2960
Flatten layout cell (no schematic): via_2980
Flatten layout cell (no schematic): via_2990
Flatten layout cell (no schematic): via_2940
Flatten layout cell (no schematic): via_3000
Flatten layout cell (no schematic): via_2890
Flatten layout cell (no schematic): via_2920
Flatten layout cell (no schematic): via_2880
Flatten layout cell (no schematic): via_2910
Flatten layout cell (no schematic): via_2930
Flatten layout cell (no schematic): via_2900
Flatten layout cell (no schematic): via_1481
Flatten layout cell (no schematic): via_2870
Flatten layout cell (no schematic): decoder_stage_14
Flatten layout cell (no schematic): via_3055
Flatten layout cell (no schematic): via_3061
Flatten layout cell (no schematic): via_3069
Flatten layout cell (no schematic): via_3075
Flatten layout cell (no schematic): via_3078
Flatten layout cell (no schematic): via_3044
Flatten layout cell (no schematic): via_3047
Flatten layout cell (no schematic): via_3058
Flatten layout cell (no schematic): via_3065
Flatten layout cell (no schematic): via_1714
Flatten layout cell (no schematic): via_3072
Flatten layout cell (no schematic): via_3052
Flatten layout cell (no schematic): via_1721
Flatten layout cell (no schematic): via_1731
Flatten layout cell (no schematic): via_1736
Flatten layout cell (no schematic): via_1726
Flatten layout cell (no schematic): via_1675
Flatten layout cell (no schematic): via_1678
Flatten layout cell (no schematic): via_1667
Flatten layout cell (no schematic): via_1659
Flatten layout cell (no schematic): via_1715
Flatten layout cell (no schematic): via_3046
Flatten layout cell (no schematic): via_3049
Flatten layout cell (no schematic): via_3050
Flatten layout cell (no schematic): via_3032
Flatten layout cell (no schematic): via_3033
Flatten layout cell (no schematic): via_3034
Flatten layout cell (no schematic): via_3054
Flatten layout cell (no schematic): via_3051
Flatten layout cell (no schematic): via_3056
Flatten layout cell (no schematic): via_3057
Flatten layout cell (no schematic): via_3063
Flatten layout cell (no schematic): via_3064
Flatten layout cell (no schematic): via_3031
Flatten layout cell (no schematic): via_3067
Flatten layout cell (no schematic): via_3035
Flatten layout cell (no schematic): via_3037
Flatten layout cell (no schematic): via_3038
Flatten layout cell (no schematic): via_3039
Flatten layout cell (no schematic): via_3060
Flatten layout cell (no schematic): via_3068
Flatten layout cell (no schematic): via_3070
Flatten layout cell (no schematic): via_3071
Flatten layout cell (no schematic): via_3040
Flatten layout cell (no schematic): via_3073
Flatten layout cell (no schematic): via_3077
Flatten layout cell (no schematic): via_3042
Flatten layout cell (no schematic): via_3080
Flatten layout cell (no schematic): via_3081
Flatten layout cell (no schematic): via_3043
Flatten layout cell (no schematic): via_1725
Flatten layout cell (no schematic): via_1740
Flatten layout cell (no schematic): via_1745
Flatten layout cell (no schematic): via_1730
Flatten layout cell (no schematic): via_1735
Flatten layout cell (no schematic): via_1720
Flatten layout cell (no schematic): via_1741
Flatten layout cell (no schematic): via_1746
Flatten layout cell (no schematic): via_1484
Flatten layout cell (no schematic): via_2974
Flatten layout cell (no schematic): via_3023
Flatten layout cell (no schematic): via_3024
Flatten layout cell (no schematic): via_3003
Flatten layout cell (no schematic): via_2954
Flatten layout cell (no schematic): via_2963
Flatten layout cell (no schematic): via_2964
Flatten layout cell (no schematic): via_3004
Flatten layout cell (no schematic): via_1747
Flatten layout cell (no schematic): via_2983
Flatten layout cell (no schematic): via_2984
Flatten layout cell (no schematic): via_1751
Flatten layout cell (no schematic): via_2943
Flatten layout cell (no schematic): via_2944
Flatten layout cell (no schematic): via_1755
Flatten layout cell (no schematic): via_2994
Flatten layout cell (no schematic): via_3014
Flatten layout cell (no schematic): via_2945
Flatten layout cell (no schematic): via_2965
Flatten layout cell (no schematic): via_1742
Flatten layout cell (no schematic): via_1737
Flatten layout cell (no schematic): via_2985
Flatten layout cell (no schematic): via_3015
Flatten layout cell (no schematic): via_2995
Flatten layout cell (no schematic): via_3005
Flatten layout cell (no schematic): via_2975
Flatten layout cell (no schematic): via_3025
Flatten layout cell (no schematic): via_2955
Flatten layout cell (no schematic): via_3012
Flatten layout cell (no schematic): via_2981
Flatten layout cell (no schematic): via_2951
Flatten layout cell (no schematic): via_2952
Flatten layout cell (no schematic): via_2971
Flatten layout cell (no schematic): via_2972
Flatten layout cell (no schematic): via_3021
Flatten layout cell (no schematic): via_2941
Flatten layout cell (no schematic): via_3011
Flatten layout cell (no schematic): via_3001
Flatten layout cell (no schematic): via_2991
Flatten layout cell (no schematic): via_2992
Flatten layout cell (no schematic): via_1775
Flatten layout cell (no schematic): via_1771
Flatten layout cell (no schematic): via_2961
Flatten layout cell (no schematic): via_3013
Flatten layout cell (no schematic): via_2942
Flatten layout cell (no schematic): via_1759
Flatten layout cell (no schematic): via_2962
Flatten layout cell (no schematic): via_1763
Flatten layout cell (no schematic): via_3022
Flatten layout cell (no schematic): via_2982
Flatten layout cell (no schematic): via_3002
Flatten layout cell (no schematic): via_2993
Flatten layout cell (no schematic): via_2953
Flatten layout cell (no schematic): via_1767
Flatten layout cell (no schematic): via_2973
Flatten layout cell (no schematic): via_2922
Flatten layout cell (no schematic): via_2913
Flatten layout cell (no schematic): via_2882
Flatten layout cell (no schematic): via_2893
Flatten layout cell (no schematic): via_2902
Flatten layout cell (no schematic): via_2933
Flatten layout cell (no schematic): via_2881
Flatten layout cell (no schematic): via_2891
Flatten layout cell (no schematic): via_2892
Flatten layout cell (no schematic): via_2901
Flatten layout cell (no schematic): via_2921
Flatten layout cell (no schematic): via_2912
Flatten layout cell (no schematic): via_2931
Flatten layout cell (no schematic): via_2932
Flatten layout cell (no schematic): via_2911
Flatten layout cell (no schematic): via_1482
Flatten layout cell (no schematic): via_2871
Flatten layout cell (no schematic): via_2872
Flatten layout cell (no schematic): via_1483
Flatten layout cell (no schematic): via_2873
Flatten layout cell (no schematic): via_2895
Flatten layout cell (no schematic): via_2905
Flatten layout cell (no schematic): via_2935
Flatten layout cell (no schematic): via_2915
Flatten layout cell (no schematic): via_2925
Flatten layout cell (no schematic): via_2885
Flatten layout cell (no schematic): via_2903
Flatten layout cell (no schematic): via_2904
Flatten layout cell (no schematic): via_2883
Flatten layout cell (no schematic): via_2884
Flatten layout cell (no schematic): via_2934
Flatten layout cell (no schematic): via_2923
Flatten layout cell (no schematic): via_2924
Flatten layout cell (no schematic): via_2914
Flatten layout cell (no schematic): via_2894
Flatten layout cell (no schematic): via_2874
Flatten layout cell (no schematic): via_1485
Flatten layout cell (no schematic): via_1486
Flatten layout cell (no schematic): via_2875
Flatten layout cell (no schematic): via_1674
Flatten layout cell (no schematic): via_2959
Flatten layout cell (no schematic): via_1677
Flatten layout cell (no schematic): via_2949
Flatten layout cell (no schematic): via_2988
Flatten layout cell (no schematic): via_2989
Flatten layout cell (no schematic): via_2969
Flatten layout cell (no schematic): via_2999
Flatten layout cell (no schematic): via_3019
Flatten layout cell (no schematic): via_3008
Flatten layout cell (no schematic): via_3009
Flatten layout cell (no schematic): via_2968
Flatten layout cell (no schematic): via_2979
Flatten layout cell (no schematic): via_3028
Flatten layout cell (no schematic): via_3029
Flatten layout cell (no schematic): via_2948
Flatten layout cell (no schematic): via_1717
Flatten layout cell (no schematic): via_2966
Flatten layout cell (no schematic): via_2956
Flatten layout cell (no schematic): via_3016
Flatten layout cell (no schematic): via_3017
Flatten layout cell (no schematic): via_2976
Flatten layout cell (no schematic): via_2996
Flatten layout cell (no schematic): via_2997
Flatten layout cell (no schematic): via_2977
Flatten layout cell (no schematic): via_3026
Flatten layout cell (no schematic): via_2986
Flatten layout cell (no schematic): via_2946
Flatten layout cell (no schematic): via_1727
Flatten layout cell (no schematic): via_1732
Flatten layout cell (no schematic): via_2957
Flatten layout cell (no schematic): via_3006
Flatten layout cell (no schematic): via_3018
Flatten layout cell (no schematic): via_2998
Flatten layout cell (no schematic): via_2958
Flatten layout cell (no schematic): via_2967
Flatten layout cell (no schematic): via_2978
Flatten layout cell (no schematic): via_2987
Flatten layout cell (no schematic): via_2947
Flatten layout cell (no schematic): via_3027
Flatten layout cell (no schematic): via_3007
Flatten layout cell (no schematic): via_1722
Flatten layout cell (no schematic): via_2938
Flatten layout cell (no schematic): via_2887
Flatten layout cell (no schematic): via_2907
Flatten layout cell (no schematic): via_2927
Flatten layout cell (no schematic): via_2918
Flatten layout cell (no schematic): via_2898
Flatten layout cell (no schematic): via_2916
Flatten layout cell (no schematic): via_2917
Flatten layout cell (no schematic): via_2906
Flatten layout cell (no schematic): via_2897
Flatten layout cell (no schematic): via_2926
Flatten layout cell (no schematic): via_2886
Flatten layout cell (no schematic): via_2896
Flatten layout cell (no schematic): via_2936
Flatten layout cell (no schematic): via_2937
Flatten layout cell (no schematic): via_2876
Flatten layout cell (no schematic): via_1487
Flatten layout cell (no schematic): via_2877
Flatten layout cell (no schematic): via_1488
Flatten layout cell (no schematic): via_1489
Flatten layout cell (no schematic): via_2878
Flatten layout cell (no schematic): via_1668
Flatten layout cell (no schematic): via_1660
Flatten layout cell (no schematic): via_2919
Flatten layout cell (no schematic): via_2889
Flatten layout cell (no schematic): via_2939
Flatten layout cell (no schematic): via_2928
Flatten layout cell (no schematic): via_2929
Flatten layout cell (no schematic): via_2908
Flatten layout cell (no schematic): via_2909
Flatten layout cell (no schematic): via_2899
Flatten layout cell (no schematic): via_2888
Flatten layout cell (no schematic): via_1490
Flatten layout cell (no schematic): via_2879
Flatten layout cell (no schematic): via_1671
Flatten layout cell (no schematic): via_1663
Flatten layout cell (no schematic): via_1661
Flatten layout cell (no schematic): via_2494
Flatten layout cell (no schematic): via_2509
Flatten layout cell (no schematic): via_2520
Flatten layout cell (no schematic): via_2483
Flatten layout cell (no schematic): via_2636
Flatten layout cell (no schematic): via_2580
Flatten layout cell (no schematic): via_2507
Flatten layout cell (no schematic): via_2481
Flatten layout cell (no schematic): via_2578
Flatten layout cell (no schematic): via_2496
Flatten layout cell (no schematic): via_2499
Flatten layout cell (no schematic): via_2508
Flatten layout cell (no schematic): via_2510
Flatten layout cell (no schematic): via_2513
Flatten layout cell (no schematic): via_2522
Flatten layout cell (no schematic): via_2525
Flatten layout cell (no schematic): via_2638
Flatten layout cell (no schematic): via_2641
Flatten layout cell (no schematic): via_2482
Flatten layout cell (no schematic): via_2484
Flatten layout cell (no schematic): via_2579
Flatten layout cell (no schematic): via_2581
Flatten layout cell (no schematic): via_2584
Flatten layout cell (no schematic): via_2487
Flatten layout cell (no schematic): via_2511
Flatten layout cell (no schematic): via_2582
Flatten layout cell (no schematic): via_2583
Flatten layout cell (no schematic): via_2497
Flatten layout cell (no schematic): via_2485
Flatten layout cell (no schematic): via_2486
Flatten layout cell (no schematic): via_2512
Flatten layout cell (no schematic): via_2498
Flatten layout cell (no schematic): via_2523
Flatten layout cell (no schematic): via_2524
Flatten layout cell (no schematic): via_2639
Flatten layout cell (no schematic): via_2640
Flatten layout cell (no schematic): via_2447
Flatten layout cell (no schematic): via_2462
Flatten layout cell (no schematic): via_2469
Flatten layout cell (no schematic): via_1631
Flatten layout cell (no schematic): via_1632
Flatten layout cell (no schematic): via_2320
Flatten layout cell (no schematic): via_1636
Flatten layout cell (no schematic): via_1639
Flatten layout cell (no schematic): via_1612
Flatten layout cell (no schematic): via_1641
Flatten layout cell (no schematic): via_1642
Flatten layout cell (no schematic): via_1644
Flatten layout cell (no schematic): via_1646
Flatten layout cell (no schematic): via_1649
Flatten layout cell (no schematic): via_1592
Flatten layout cell (no schematic): via_1651
Flatten layout cell (no schematic): via_1652
Flatten layout cell (no schematic): via_1654
Flatten layout cell (no schematic): via_1656
Flatten layout cell (no schematic): via_1602
Flatten layout cell (no schematic): via_1622
Flatten layout cell (no schematic): via_2376
Flatten layout cell (no schematic): via_2436
Flatten layout cell (no schematic): via_2460
Flatten layout cell (no schematic): via_2318
Flatten layout cell (no schematic): via_1604
Flatten layout cell (no schematic): via_2434
Flatten layout cell (no schematic): via_2452
Flatten layout cell (no schematic): via_2461
Flatten layout cell (no schematic): via_2463
Flatten layout cell (no schematic): via_2466
Flatten layout cell (no schematic): via_2324
Flatten layout cell (no schematic): via_2471
Flatten layout cell (no schematic): via_2474
Flatten layout cell (no schematic): via_2319
Flatten layout cell (no schematic): via_2321
Flatten layout cell (no schematic): via_2449
Flatten layout cell (no schematic): via_2435
Flatten layout cell (no schematic): via_2378
Flatten layout cell (no schematic): via_2381
Flatten layout cell (no schematic): via_2437
Flatten layout cell (no schematic): via_2440
Flatten layout cell (no schematic): via_1614
Flatten layout cell (no schematic): via_1616
Flatten layout cell (no schematic): via_1629
Flatten layout cell (no schematic): via_1634
Flatten layout cell (no schematic): via_1619
Flatten layout cell (no schematic): via_1621
Flatten layout cell (no schematic): via_1624
Flatten layout cell (no schematic): via_1626
Flatten layout cell (no schematic): via_1611
Flatten layout cell (no schematic): via_1599
Flatten layout cell (no schematic): via_1601
Flatten layout cell (no schematic): via_1609
Flatten layout cell (no schematic): via_1606
Flatten layout cell (no schematic): via_1594
Flatten layout cell (no schematic): via_1589
Flatten layout cell (no schematic): via_1596
Flatten layout cell (no schematic): via_1591
Flatten layout cell (no schematic): via_2464
Flatten layout cell (no schematic): via_2323
Flatten layout cell (no schematic): via_2379
Flatten layout cell (no schematic): via_2380
Flatten layout cell (no schematic): via_2322
Flatten layout cell (no schematic): via_2472
Flatten layout cell (no schematic): via_2473
Flatten layout cell (no schematic): via_2450
Flatten layout cell (no schematic): via_2438
Flatten layout cell (no schematic): via_2451
Flatten layout cell (no schematic): via_2439
Flatten layout cell (no schematic): via_2465
Flatten layout cell (no schematic): via_2445
Flatten layout cell (no schematic): via_2446
Flatten layout cell (no schematic): via_2433
Flatten layout cell (no schematic): via_1669
Flatten layout cell (no schematic): via_2454
Flatten layout cell (no schematic): via_2459
Flatten layout cell (no schematic): via_2317
Flatten layout cell (no schematic): via_1791
Flatten layout cell (no schematic): via_1793
Flatten layout cell (no schematic): via_2476
Flatten layout cell (no schematic): via_1801
Flatten layout cell (no schematic): via_2374
Flatten layout cell (no schematic): via_2375
Flatten layout cell (no schematic): via_2383
Flatten layout cell (no schematic): via_1797
Flatten layout cell (no schematic): via_1799
Flatten layout cell (no schematic): via_2444
Flatten layout cell (no schematic): via_1544
Flatten layout cell (no schematic): via_2432
Flatten layout cell (no schematic): via_2430
Flatten layout cell (no schematic): via_2431
Flatten layout cell (no schematic): via_2315
Flatten layout cell (no schematic): via_2316
Flatten layout cell (no schematic): via_2456
Flatten layout cell (no schematic): via_2457
Flatten layout cell (no schematic): via_2458
Flatten layout cell (no schematic): via_1545
Flatten layout cell (no schematic): via_2372
Flatten layout cell (no schematic): via_2373
Flatten layout cell (no schematic): via_1787
Flatten layout cell (no schematic): via_1789
Flatten layout cell (no schematic): via_2314
Flatten layout cell (no schematic): via_2443
Flatten layout cell (no schematic): via_1795
Flatten layout cell (no schematic): via_1672
Flatten layout cell (no schematic): via_2455
Flatten layout cell (no schematic): via_2468
Flatten layout cell (no schematic): via_2384
Flatten layout cell (no schematic): via_2326
Flatten layout cell (no schematic): via_1664
Flatten layout cell (no schematic): via_2442
Flatten layout cell (no schematic): via_1670
Flatten layout cell (no schematic): via_1673
Flatten layout cell (no schematic): via_1662
Flatten layout cell (no schematic): via_1665
Flatten layout cell (no schematic): via_1819
Flatten layout cell (no schematic): via_1803
Flatten layout cell (no schematic): via_1820
Flatten layout cell (no schematic): via_1821
Flatten layout cell (no schematic): via_1822
Flatten layout cell (no schematic): via_1804
Flatten layout cell (no schematic): via_1805
Flatten layout cell (no schematic): via_1806
Flatten layout cell (no schematic): via_1823
Flatten layout cell (no schematic): via_1824
Flatten layout cell (no schematic): via_1807
Flatten layout cell (no schematic): via_1808
Flatten layout cell (no schematic): via_2519
Flatten layout cell (no schematic): via_2527
Flatten layout cell (no schematic): via_2634
Flatten layout cell (no schematic): via_2635
Flatten layout cell (no schematic): via_2643
Flatten layout cell (no schematic): via_2577
Flatten layout cell (no schematic): via_1802
Flatten layout cell (no schematic): via_2518
Flatten layout cell (no schematic): via_1792
Flatten layout cell (no schematic): via_1794
Flatten layout cell (no schematic): via_2492
Flatten layout cell (no schematic): via_2493
Flatten layout cell (no schematic): via_2480
Flatten layout cell (no schematic): via_2501
Flatten layout cell (no schematic): via_2506
Flatten layout cell (no schematic): via_2576
Flatten layout cell (no schematic): via_1788
Flatten layout cell (no schematic): via_1790
Flatten layout cell (no schematic): via_1796
Flatten layout cell (no schematic): via_1798
Flatten layout cell (no schematic): via_1800
Flatten layout cell (no schematic): via_2574
Flatten layout cell (no schematic): via_2575
Flatten layout cell (no schematic): via_2632
Flatten layout cell (no schematic): via_2490
Flatten layout cell (no schematic): via_2491
Flatten layout cell (no schematic): via_2633
Flatten layout cell (no schematic): via_2517
Flatten layout cell (no schematic): via_2477
Flatten layout cell (no schematic): via_2478
Flatten layout cell (no schematic): via_2479
Flatten layout cell (no schematic): via_2503
Flatten layout cell (no schematic): via_2504
Flatten layout cell (no schematic): via_2505
Flatten layout cell (no schematic): via_2516
Flatten layout cell (no schematic): via_1809
Flatten layout cell (no schematic): via_1810
Flatten layout cell (no schematic): via_1811
Flatten layout cell (no schematic): via_1812
Flatten layout cell (no schematic): via_1825
Flatten layout cell (no schematic): via_1826
Flatten layout cell (no schematic): via_1827
Flatten layout cell (no schematic): via_1828
Flatten layout cell (no schematic): via_1813
Flatten layout cell (no schematic): via_1814
Flatten layout cell (no schematic): via_1829
Flatten layout cell (no schematic): via_1830
Flatten layout cell (no schematic): via_2586
Flatten layout cell (no schematic): via_2528
Flatten layout cell (no schematic): via_2489
Flatten layout cell (no schematic): via_2515
Flatten layout cell (no schematic): via_2502
Flatten layout cell (no schematic): via_2644
Flatten layout cell (no schematic): via_1833
Flatten layout cell (no schematic): via_1834
Flatten layout cell (no schematic): via_1831
Flatten layout cell (no schematic): via_1832
Flatten layout cell (no schematic): via_1815
Flatten layout cell (no schematic): via_1816
Flatten layout cell (no schematic): via_1817
Flatten layout cell (no schematic): via_1818
Flatten layout cell (no schematic): guard_ring
Flatten layout cell (no schematic): via_5758
Flatten layout cell (no schematic): via_5229
Flatten layout cell (no schematic): via_5231
Flatten layout cell (no schematic): via_5233
Flatten layout cell (no schematic): via_5235
Flatten layout cell (no schematic): via_5237
Flatten layout cell (no schematic): via_5239
Flatten layout cell (no schematic): via_5241
Flatten layout cell (no schematic): via_5243
Flatten layout cell (no schematic): via_5245
Flatten layout cell (no schematic): via_5247
Flatten layout cell (no schematic): via_5249
Flatten layout cell (no schematic): via_5251
Flatten layout cell (no schematic): via_5253
Flatten layout cell (no schematic): via_5255
Flatten layout cell (no schematic): via_5257
Flatten layout cell (no schematic): via_5259
Flatten layout cell (no schematic): via_5261
Flatten layout cell (no schematic): via_5263
Flatten layout cell (no schematic): via_5265
Flatten layout cell (no schematic): via_5267
Flatten layout cell (no schematic): via_5269
Flatten layout cell (no schematic): via_5271
Flatten layout cell (no schematic): via_5273
Flatten layout cell (no schematic): via_5227
Flatten layout cell (no schematic): via_5760
Flatten layout cell (no schematic): via_5762
Flatten layout cell (no schematic): via_5764
Flatten layout cell (no schematic): via_5766
Flatten layout cell (no schematic): via_5768
Flatten layout cell (no schematic): via_5770
Flatten layout cell (no schematic): via_5772
Flatten layout cell (no schematic): via_5774
Flatten layout cell (no schematic): via_5776
Flatten layout cell (no schematic): via_5778
Flatten layout cell (no schematic): via_5780
Flatten layout cell (no schematic): via_5782
Flatten layout cell (no schematic): via_5784
Flatten layout cell (no schematic): via_5786
Flatten layout cell (no schematic): via_5788
Flatten layout cell (no schematic): via_5790
Flatten layout cell (no schematic): via_5792
Flatten layout cell (no schematic): via_5794
Flatten layout cell (no schematic): via_5796
Flatten layout cell (no schematic): via_5798
Flatten layout cell (no schematic): via_5800
Flatten layout cell (no schematic): via_5802
Flatten layout cell (no schematic): via_5804
Flatten layout cell (no schematic): via_5806
Flatten layout cell (no schematic): via_5808
Flatten layout cell (no schematic): via_5810
Flatten layout cell (no schematic): via_5812
Flatten layout cell (no schematic): via_5814
Flatten layout cell (no schematic): via_5816
Flatten layout cell (no schematic): via_5818
Flatten layout cell (no schematic): via_5820
Flatten layout cell (no schematic): via_5822
Flatten layout cell (no schematic): via_5824
Flatten layout cell (no schematic): via_5826
Flatten layout cell (no schematic): via_5828
Flatten layout cell (no schematic): via_5830
Flatten layout cell (no schematic): via_5832
Flatten layout cell (no schematic): via_5834
Flatten layout cell (no schematic): via_5836
Flatten layout cell (no schematic): via_5838
Flatten layout cell (no schematic): via_5840
Flatten layout cell (no schematic): via_5842
Flatten layout cell (no schematic): via_5844
Flatten layout cell (no schematic): via_5846
Flatten layout cell (no schematic): via_5848
Flatten layout cell (no schematic): via_5850
Flatten layout cell (no schematic): via_5852
Flatten layout cell (no schematic): via_5854
Flatten layout cell (no schematic): via_5856
Flatten layout cell (no schematic): via_5858
Flatten layout cell (no schematic): via_5860
Flatten layout cell (no schematic): via_5862
Flatten layout cell (no schematic): via_5864
Flatten layout cell (no schematic): via_5866
Flatten layout cell (no schematic): via_5868
Flatten layout cell (no schematic): via_5870
Flatten layout cell (no schematic): via_5872
Flatten layout cell (no schematic): via_5874
Flatten layout cell (no schematic): via_5876
Flatten layout cell (no schematic): via_5878
Flatten layout cell (no schematic): via_5880
Flatten layout cell (no schematic): via_5882
Flatten layout cell (no schematic): via_5884
Flatten layout cell (no schematic): via_5886
Flatten layout cell (no schematic): via_5888
Flatten layout cell (no schematic): via_5890
Flatten layout cell (no schematic): via_5891
Flatten layout cell (no schematic): via_5893
Flatten layout cell (no schematic): via_5895
Flatten layout cell (no schematic): via_5897
Flatten layout cell (no schematic): via_5899
Flatten layout cell (no schematic): via_5901
Flatten layout cell (no schematic): via_5903
Flatten layout cell (no schematic): via_5905
Flatten layout cell (no schematic): via_5907
Flatten layout cell (no schematic): via_4939
Flatten layout cell (no schematic): via_4940
Flatten layout cell (no schematic): via_4943
Flatten layout cell (no schematic): via_4944
Flatten layout cell (no schematic): via_4947
Flatten layout cell (no schematic): via_4948
Flatten layout cell (no schematic): via_4951
Flatten layout cell (no schematic): via_4952
Flatten layout cell (no schematic): via_4955
Flatten layout cell (no schematic): via_4956
Flatten layout cell (no schematic): via_4959
Flatten layout cell (no schematic): via_4960
Flatten layout cell (no schematic): via_4963
Flatten layout cell (no schematic): via_4964
Flatten layout cell (no schematic): via_4967
Flatten layout cell (no schematic): via_4968
Flatten layout cell (no schematic): via_4971
Flatten layout cell (no schematic): via_4972
Flatten layout cell (no schematic): via_4975
Flatten layout cell (no schematic): via_4976
Flatten layout cell (no schematic): via_4979
Flatten layout cell (no schematic): via_4980
Flatten layout cell (no schematic): via_4981
Flatten layout cell (no schematic): via_4983
Flatten layout cell (no schematic): via_4985
Flatten layout cell (no schematic): via_4987
Flatten layout cell (no schematic): via_4989
Flatten layout cell (no schematic): via_4991
Flatten layout cell (no schematic): via_4993
Flatten layout cell (no schematic): via_4995
Flatten layout cell (no schematic): via_4871
Flatten layout cell (no schematic): via_4872
Flatten layout cell (no schematic): via_4875
Flatten layout cell (no schematic): via_4876
Flatten layout cell (no schematic): via_4879
Flatten layout cell (no schematic): via_4880
Flatten layout cell (no schematic): via_4883
Flatten layout cell (no schematic): via_4884
Flatten layout cell (no schematic): via_4887
Flatten layout cell (no schematic): via_4888
Flatten layout cell (no schematic): via_4891
Flatten layout cell (no schematic): via_4892
Flatten layout cell (no schematic): via_4895
Flatten layout cell (no schematic): via_4896
Flatten layout cell (no schematic): via_4899
Flatten layout cell (no schematic): via_4900
Flatten layout cell (no schematic): via_4903
Flatten layout cell (no schematic): via_4904
Flatten layout cell (no schematic): via_4907
Flatten layout cell (no schematic): via_4908
Flatten layout cell (no schematic): via_4911
Flatten layout cell (no schematic): via_4912
Flatten layout cell (no schematic): via_4915
Flatten layout cell (no schematic): via_4916
Flatten layout cell (no schematic): via_4863
Flatten layout cell (no schematic): via_4864
Flatten layout cell (no schematic): via_4919
Flatten layout cell (no schematic): via_4920
Flatten layout cell (no schematic): via_4923
Flatten layout cell (no schematic): via_4924
Flatten layout cell (no schematic): via_4927
Flatten layout cell (no schematic): via_4928
Flatten layout cell (no schematic): via_4931
Flatten layout cell (no schematic): via_4932
Flatten layout cell (no schematic): via_4935
Flatten layout cell (no schematic): via_4936
Flatten layout cell (no schematic): via_4867
Flatten layout cell (no schematic): via_4868
Flatten layout cell (no schematic): via_5750
Flatten layout cell (no schematic): via_5752
Flatten layout cell (no schematic): via_5754
Flatten layout cell (no schematic): via_5756
Flatten layout cell (no schematic): via_5594
Flatten layout cell (no schematic): via_5596
Flatten layout cell (no schematic): via_5598
Flatten layout cell (no schematic): via_5600
Flatten layout cell (no schematic): via_5602
Flatten layout cell (no schematic): via_5604
Flatten layout cell (no schematic): via_5606
Flatten layout cell (no schematic): via_5608
Flatten layout cell (no schematic): via_5610
Flatten layout cell (no schematic): via_5612
Flatten layout cell (no schematic): via_5614
Flatten layout cell (no schematic): via_5616
Flatten layout cell (no schematic): via_5618
Flatten layout cell (no schematic): via_5620
Flatten layout cell (no schematic): via_5622
Flatten layout cell (no schematic): via_5624
Flatten layout cell (no schematic): via_5626
Flatten layout cell (no schematic): via_5628
Flatten layout cell (no schematic): via_5630
Flatten layout cell (no schematic): via_5632
Flatten layout cell (no schematic): via_5634
Flatten layout cell (no schematic): via_5636
Flatten layout cell (no schematic): via_5638
Flatten layout cell (no schematic): via_5640
Flatten layout cell (no schematic): via_5642
Flatten layout cell (no schematic): via_5644
Flatten layout cell (no schematic): via_5646
Flatten layout cell (no schematic): via_5648
Flatten layout cell (no schematic): via_5650
Flatten layout cell (no schematic): via_5652
Flatten layout cell (no schematic): via_5654
Flatten layout cell (no schematic): via_5656
Flatten layout cell (no schematic): via_5658
Flatten layout cell (no schematic): via_5660
Flatten layout cell (no schematic): via_5662
Flatten layout cell (no schematic): via_5664
Flatten layout cell (no schematic): via_5666
Flatten layout cell (no schematic): via_5668
Flatten layout cell (no schematic): via_5670
Flatten layout cell (no schematic): via_5672
Flatten layout cell (no schematic): via_5674
Flatten layout cell (no schematic): via_5676
Flatten layout cell (no schematic): via_5678
Flatten layout cell (no schematic): via_5680
Flatten layout cell (no schematic): via_5682
Flatten layout cell (no schematic): via_5684
Flatten layout cell (no schematic): via_5686
Flatten layout cell (no schematic): via_5688
Flatten layout cell (no schematic): via_5690
Flatten layout cell (no schematic): via_5692
Flatten layout cell (no schematic): via_5694
Flatten layout cell (no schematic): via_5696
Flatten layout cell (no schematic): via_5698
Flatten layout cell (no schematic): via_5700
Flatten layout cell (no schematic): via_5702
Flatten layout cell (no schematic): via_5704
Flatten layout cell (no schematic): via_5706
Flatten layout cell (no schematic): via_5708
Flatten layout cell (no schematic): via_5710
Flatten layout cell (no schematic): via_5712
Flatten layout cell (no schematic): via_5714
Flatten layout cell (no schematic): via_5716
Flatten layout cell (no schematic): via_5718
Flatten layout cell (no schematic): via_5720
Flatten layout cell (no schematic): via_5722
Flatten layout cell (no schematic): via_5724
Flatten layout cell (no schematic): via_5726
Flatten layout cell (no schematic): via_5728
Flatten layout cell (no schematic): via_5730
Flatten layout cell (no schematic): via_5732
Flatten layout cell (no schematic): via_5734
Flatten layout cell (no schematic): via_5736
Flatten layout cell (no schematic): via_5738
Flatten layout cell (no schematic): via_5740
Flatten layout cell (no schematic): via_5742
Flatten layout cell (no schematic): via_5744
Flatten layout cell (no schematic): via_5746
Flatten layout cell (no schematic): via_5748
Flatten layout cell (no schematic): via_5757
Flatten layout cell (no schematic): via_4683
Flatten layout cell (no schematic): via_4684
Flatten layout cell (no schematic): via_4687
Flatten layout cell (no schematic): via_4688
Flatten layout cell (no schematic): via_4691
Flatten layout cell (no schematic): via_4692
Flatten layout cell (no schematic): via_4695
Flatten layout cell (no schematic): via_4696
Flatten layout cell (no schematic): via_4699
Flatten layout cell (no schematic): via_4700
Flatten layout cell (no schematic): via_4701
Flatten layout cell (no schematic): via_4702
Flatten layout cell (no schematic): via_4705
Flatten layout cell (no schematic): via_4706
Flatten layout cell (no schematic): via_4709
Flatten layout cell (no schematic): via_4710
Flatten layout cell (no schematic): via_4713
Flatten layout cell (no schematic): via_4714
Flatten layout cell (no schematic): via_4717
Flatten layout cell (no schematic): via_4718
Flatten layout cell (no schematic): via_4721
Flatten layout cell (no schematic): via_4722
Flatten layout cell (no schematic): via_4725
Flatten layout cell (no schematic): via_4726
Flatten layout cell (no schematic): via_4729
Flatten layout cell (no schematic): via_4730
Flatten layout cell (no schematic): via_4733
Flatten layout cell (no schematic): via_4734
Flatten layout cell (no schematic): via_4735
Flatten layout cell (no schematic): via_4736
Flatten layout cell (no schematic): via_4739
Flatten layout cell (no schematic): via_4740
Flatten layout cell (no schematic): via_4743
Flatten layout cell (no schematic): via_4744
Flatten layout cell (no schematic): via_4747
Flatten layout cell (no schematic): via_4748
Flatten layout cell (no schematic): via_4751
Flatten layout cell (no schematic): via_4752
Flatten layout cell (no schematic): via_4755
Flatten layout cell (no schematic): via_4756
Flatten layout cell (no schematic): via_4759
Flatten layout cell (no schematic): via_4760
Flatten layout cell (no schematic): via_4763
Flatten layout cell (no schematic): via_4764
Flatten layout cell (no schematic): via_4767
Flatten layout cell (no schematic): via_4768
Flatten layout cell (no schematic): via_4769
Flatten layout cell (no schematic): via_4770
Flatten layout cell (no schematic): via_4773
Flatten layout cell (no schematic): via_4774
Flatten layout cell (no schematic): via_4777
Flatten layout cell (no schematic): via_4778
Flatten layout cell (no schematic): via_4781
Flatten layout cell (no schematic): via_4782
Flatten layout cell (no schematic): via_4785
Flatten layout cell (no schematic): via_4786
Flatten layout cell (no schematic): via_4789
Flatten layout cell (no schematic): via_4790
Flatten layout cell (no schematic): via_4793
Flatten layout cell (no schematic): via_4794
Flatten layout cell (no schematic): via_4797
Flatten layout cell (no schematic): via_4798
Flatten layout cell (no schematic): via_4801
Flatten layout cell (no schematic): via_4802
Flatten layout cell (no schematic): via_4803
Flatten layout cell (no schematic): via_4804
Flatten layout cell (no schematic): via_4807
Flatten layout cell (no schematic): via_4808
Flatten layout cell (no schematic): via_4811
Flatten layout cell (no schematic): via_4812
Flatten layout cell (no schematic): via_4815
Flatten layout cell (no schematic): via_4816
Flatten layout cell (no schematic): via_4819
Flatten layout cell (no schematic): via_4820
Flatten layout cell (no schematic): via_4821
Flatten layout cell (no schematic): via_4822
Flatten layout cell (no schematic): via_4823
Flatten layout cell (no schematic): via_4824
Flatten layout cell (no schematic): via_4827
Flatten layout cell (no schematic): via_4828
Flatten layout cell (no schematic): via_4831
Flatten layout cell (no schematic): via_4832
Flatten layout cell (no schematic): via_4835
Flatten layout cell (no schematic): via_4836
Flatten layout cell (no schematic): via_4839
Flatten layout cell (no schematic): via_4840
Flatten layout cell (no schematic): via_4843
Flatten layout cell (no schematic): via_4844
Flatten layout cell (no schematic): via_4847
Flatten layout cell (no schematic): via_4848
Flatten layout cell (no schematic): via_4851
Flatten layout cell (no schematic): via_4852
Flatten layout cell (no schematic): via_4855
Flatten layout cell (no schematic): via_4856
Flatten layout cell (no schematic): via_4859
Flatten layout cell (no schematic): via_4860
Flatten layout cell (no schematic): via_4649
Flatten layout cell (no schematic): via_4650
Flatten layout cell (no schematic): via_4653
Flatten layout cell (no schematic): via_4654
Flatten layout cell (no schematic): via_4657
Flatten layout cell (no schematic): via_4658
Flatten layout cell (no schematic): via_4661
Flatten layout cell (no schematic): via_4662
Flatten layout cell (no schematic): via_4665
Flatten layout cell (no schematic): via_4666
Flatten layout cell (no schematic): via_4667
Flatten layout cell (no schematic): via_4668
Flatten layout cell (no schematic): via_4671
Flatten layout cell (no schematic): via_4672
Flatten layout cell (no schematic): via_4675
Flatten layout cell (no schematic): via_4676
Flatten layout cell (no schematic): via_4679
Flatten layout cell (no schematic): via_4680
Flatten layout cell (no schematic): via_4646
Flatten layout cell (no schematic): via_4645
Flatten layout cell (no schematic): via_4501
Flatten layout cell (no schematic): via_4502
Flatten layout cell (no schematic): via_4505
Flatten layout cell (no schematic): via_4506
Flatten layout cell (no schematic): via_4509
Flatten layout cell (no schematic): via_4510
Flatten layout cell (no schematic): via_4513
Flatten layout cell (no schematic): via_4514
Flatten layout cell (no schematic): via_4517
Flatten layout cell (no schematic): via_4518
Flatten layout cell (no schematic): via_4521
Flatten layout cell (no schematic): via_4522
Flatten layout cell (no schematic): via_4525
Flatten layout cell (no schematic): via_4526
Flatten layout cell (no schematic): via_4529
Flatten layout cell (no schematic): via_4530
Flatten layout cell (no schematic): via_4533
Flatten layout cell (no schematic): via_4534
Flatten layout cell (no schematic): via_4535
Flatten layout cell (no schematic): via_4536
Flatten layout cell (no schematic): via_4539
Flatten layout cell (no schematic): via_4540
Flatten layout cell (no schematic): via_4543
Flatten layout cell (no schematic): via_4544
Flatten layout cell (no schematic): via_4547
Flatten layout cell (no schematic): via_4548
Flatten layout cell (no schematic): via_4551
Flatten layout cell (no schematic): via_4552
Flatten layout cell (no schematic): via_4555
Flatten layout cell (no schematic): via_4556
Flatten layout cell (no schematic): via_4559
Flatten layout cell (no schematic): via_4560
Flatten layout cell (no schematic): via_4563
Flatten layout cell (no schematic): via_4564
Flatten layout cell (no schematic): via_4567
Flatten layout cell (no schematic): via_4568
Flatten layout cell (no schematic): via_4569
Flatten layout cell (no schematic): via_4570
Flatten layout cell (no schematic): via_4573
Flatten layout cell (no schematic): via_4574
Flatten layout cell (no schematic): via_4577
Flatten layout cell (no schematic): via_4578
Flatten layout cell (no schematic): via_4581
Flatten layout cell (no schematic): via_4582
Flatten layout cell (no schematic): via_4585
Flatten layout cell (no schematic): via_4586
Flatten layout cell (no schematic): via_4589
Flatten layout cell (no schematic): via_4590
Flatten layout cell (no schematic): via_4593
Flatten layout cell (no schematic): via_4594
Flatten layout cell (no schematic): via_4597
Flatten layout cell (no schematic): via_4598
Flatten layout cell (no schematic): via_4601
Flatten layout cell (no schematic): via_4602
Flatten layout cell (no schematic): via_4603
Flatten layout cell (no schematic): via_4604
Flatten layout cell (no schematic): via_4607
Flatten layout cell (no schematic): via_4608
Flatten layout cell (no schematic): via_4611
Flatten layout cell (no schematic): via_4612
Flatten layout cell (no schematic): via_4615
Flatten layout cell (no schematic): via_4616
Flatten layout cell (no schematic): via_4619
Flatten layout cell (no schematic): via_4620
Flatten layout cell (no schematic): via_4623
Flatten layout cell (no schematic): via_4624
Flatten layout cell (no schematic): via_4627
Flatten layout cell (no schematic): via_4628
Flatten layout cell (no schematic): via_4631
Flatten layout cell (no schematic): via_4632
Flatten layout cell (no schematic): via_4633
Flatten layout cell (no schematic): via_4634
Flatten layout cell (no schematic): via_4637
Flatten layout cell (no schematic): via_4638
Flatten layout cell (no schematic): via_4641
Flatten layout cell (no schematic): via_4642
Flatten layout cell (no schematic): via_4307
Flatten layout cell (no schematic): via_4308
Flatten layout cell (no schematic): via_4311
Flatten layout cell (no schematic): via_4312
Flatten layout cell (no schematic): via_4315
Flatten layout cell (no schematic): via_4316
Flatten layout cell (no schematic): via_4319
Flatten layout cell (no schematic): via_4320
Flatten layout cell (no schematic): via_4323
Flatten layout cell (no schematic): via_4324
Flatten layout cell (no schematic): via_4327
Flatten layout cell (no schematic): via_4328
Flatten layout cell (no schematic): via_4331
Flatten layout cell (no schematic): via_4332
Flatten layout cell (no schematic): via_4335
Flatten layout cell (no schematic): via_4336
Flatten layout cell (no schematic): via_4339
Flatten layout cell (no schematic): via_4340
Flatten layout cell (no schematic): via_4343
Flatten layout cell (no schematic): via_4344
Flatten layout cell (no schematic): via_4347
Flatten layout cell (no schematic): via_4348
Flatten layout cell (no schematic): via_4351
Flatten layout cell (no schematic): via_4352
Flatten layout cell (no schematic): via_4355
Flatten layout cell (no schematic): via_4356
Flatten layout cell (no schematic): via_4359
Flatten layout cell (no schematic): via_4360
Flatten layout cell (no schematic): via_4363
Flatten layout cell (no schematic): via_4364
Flatten layout cell (no schematic): via_4367
Flatten layout cell (no schematic): via_4368
Flatten layout cell (no schematic): via_4371
Flatten layout cell (no schematic): via_4372
Flatten layout cell (no schematic): via_4375
Flatten layout cell (no schematic): via_4376
Flatten layout cell (no schematic): via_4379
Flatten layout cell (no schematic): via_4380
Flatten layout cell (no schematic): via_4383
Flatten layout cell (no schematic): via_4384
Flatten layout cell (no schematic): via_4387
Flatten layout cell (no schematic): via_4388
Flatten layout cell (no schematic): via_4391
Flatten layout cell (no schematic): via_4392
Flatten layout cell (no schematic): via_4395
Flatten layout cell (no schematic): via_4396
Flatten layout cell (no schematic): via_4399
Flatten layout cell (no schematic): via_4400
Flatten layout cell (no schematic): via_4403
Flatten layout cell (no schematic): via_4404
Flatten layout cell (no schematic): via_4407
Flatten layout cell (no schematic): via_4408
Flatten layout cell (no schematic): via_4411
Flatten layout cell (no schematic): via_4412
Flatten layout cell (no schematic): via_4415
Flatten layout cell (no schematic): via_4416
Flatten layout cell (no schematic): via_4419
Flatten layout cell (no schematic): via_4420
Flatten layout cell (no schematic): via_4423
Flatten layout cell (no schematic): via_4424
Flatten layout cell (no schematic): via_4427
Flatten layout cell (no schematic): via_4428
Flatten layout cell (no schematic): via_4431
Flatten layout cell (no schematic): via_4432
Flatten layout cell (no schematic): via_4435
Flatten layout cell (no schematic): via_4436
Flatten layout cell (no schematic): via_4439
Flatten layout cell (no schematic): via_4440
Flatten layout cell (no schematic): via_4443
Flatten layout cell (no schematic): via_4444
Flatten layout cell (no schematic): via_4447
Flatten layout cell (no schematic): via_4448
Flatten layout cell (no schematic): via_4451
Flatten layout cell (no schematic): via_4452
Flatten layout cell (no schematic): via_4455
Flatten layout cell (no schematic): via_4456
Flatten layout cell (no schematic): via_4459
Flatten layout cell (no schematic): via_4460
Flatten layout cell (no schematic): via_4463
Flatten layout cell (no schematic): via_4464
Flatten layout cell (no schematic): via_4467
Flatten layout cell (no schematic): via_4468
Flatten layout cell (no schematic): via_4471
Flatten layout cell (no schematic): via_4472
Flatten layout cell (no schematic): via_4475
Flatten layout cell (no schematic): via_4476
Flatten layout cell (no schematic): via_4479
Flatten layout cell (no schematic): via_4480
Flatten layout cell (no schematic): via_4483
Flatten layout cell (no schematic): via_4484
Flatten layout cell (no schematic): via_4487
Flatten layout cell (no schematic): via_4488
Flatten layout cell (no schematic): via_4491
Flatten layout cell (no schematic): via_4492
Flatten layout cell (no schematic): via_4495
Flatten layout cell (no schematic): via_4496
Flatten layout cell (no schematic): via_4499
Flatten layout cell (no schematic): via_4500
Flatten layout cell (no schematic): via_4211
Flatten layout cell (no schematic): via_4212
Flatten layout cell (no schematic): via_4303
Flatten layout cell (no schematic): via_4304
Flatten layout cell (no schematic): via_4300
Flatten layout cell (no schematic): via_4215
Flatten layout cell (no schematic): via_4216
Flatten layout cell (no schematic): via_4219
Flatten layout cell (no schematic): via_4220
Flatten layout cell (no schematic): via_4223
Flatten layout cell (no schematic): via_4224
Flatten layout cell (no schematic): via_4227
Flatten layout cell (no schematic): via_4228
Flatten layout cell (no schematic): via_4231
Flatten layout cell (no schematic): via_4232
Flatten layout cell (no schematic): via_4235
Flatten layout cell (no schematic): via_4236
Flatten layout cell (no schematic): via_4239
Flatten layout cell (no schematic): via_4240
Flatten layout cell (no schematic): via_4243
Flatten layout cell (no schematic): via_4244
Flatten layout cell (no schematic): via_4247
Flatten layout cell (no schematic): via_4248
Flatten layout cell (no schematic): via_4251
Flatten layout cell (no schematic): via_4252
Flatten layout cell (no schematic): via_4255
Flatten layout cell (no schematic): via_4256
Flatten layout cell (no schematic): via_4259
Flatten layout cell (no schematic): via_4260
Flatten layout cell (no schematic): via_4263
Flatten layout cell (no schematic): via_4264
Flatten layout cell (no schematic): via_4267
Flatten layout cell (no schematic): via_4268
Flatten layout cell (no schematic): via_4271
Flatten layout cell (no schematic): via_4272
Flatten layout cell (no schematic): via_4275
Flatten layout cell (no schematic): via_4276
Flatten layout cell (no schematic): via_4279
Flatten layout cell (no schematic): via_4280
Flatten layout cell (no schematic): via_4283
Flatten layout cell (no schematic): via_4284
Flatten layout cell (no schematic): via_4287
Flatten layout cell (no schematic): via_4288
Flatten layout cell (no schematic): via_4291
Flatten layout cell (no schematic): via_4292
Flatten layout cell (no schematic): via_4295
Flatten layout cell (no schematic): via_4296
Flatten layout cell (no schematic): via_4299
Flatten layout cell (no schematic): via_4171
Flatten layout cell (no schematic): via_4173
Flatten layout cell (no schematic): via_4175
Flatten layout cell (no schematic): via_4177
Flatten layout cell (no schematic): via_4179
Flatten layout cell (no schematic): via_4183
Flatten layout cell (no schematic): via_4184
Flatten layout cell (no schematic): via_4187
Flatten layout cell (no schematic): via_4188
Flatten layout cell (no schematic): via_4191
Flatten layout cell (no schematic): via_4192
Flatten layout cell (no schematic): via_4195
Flatten layout cell (no schematic): via_4196
Flatten layout cell (no schematic): via_4199
Flatten layout cell (no schematic): via_4200
Flatten layout cell (no schematic): via_4203
Flatten layout cell (no schematic): via_4204
Flatten layout cell (no schematic): via_5883
Flatten layout cell (no schematic): via_4207
Flatten layout cell (no schematic): via_5885
Flatten layout cell (no schematic): via_4208
Flatten layout cell (no schematic): via_5887
Flatten layout cell (no schematic): via_4145
Flatten layout cell (no schematic): via_5889
Flatten layout cell (no schematic): via_4147
Flatten layout cell (no schematic): via_4149
Flatten layout cell (no schematic): via_5892
Flatten layout cell (no schematic): via_4151
Flatten layout cell (no schematic): via_5894
Flatten layout cell (no schematic): via_4153
Flatten layout cell (no schematic): via_5896
Flatten layout cell (no schematic): via_4155
Flatten layout cell (no schematic): via_5898
Flatten layout cell (no schematic): via_4157
Flatten layout cell (no schematic): via_5900
Flatten layout cell (no schematic): via_4159
Flatten layout cell (no schematic): via_5902
Flatten layout cell (no schematic): via_4161
Flatten layout cell (no schematic): via_5904
Flatten layout cell (no schematic): via_4163
Flatten layout cell (no schematic): via_5906
Flatten layout cell (no schematic): via_4165
Flatten layout cell (no schematic): via_5908
Flatten layout cell (no schematic): via_4167
Flatten layout cell (no schematic): via_4169
Flatten layout cell (no schematic): via_5869
Flatten layout cell (no schematic): via_5855
Flatten layout cell (no schematic): via_5871
Flatten layout cell (no schematic): via_5841
Flatten layout cell (no schematic): via_5873
Flatten layout cell (no schematic): via_5857
Flatten layout cell (no schematic): via_5875
Flatten layout cell (no schematic): via_5849
Flatten layout cell (no schematic): via_5877
Flatten layout cell (no schematic): via_5859
Flatten layout cell (no schematic): via_5879
Flatten layout cell (no schematic): via_5845
Flatten layout cell (no schematic): via_5881
Flatten layout cell (no schematic): via_5861
Flatten layout cell (no schematic): via_5851
Flatten layout cell (no schematic): via_5863
Flatten layout cell (no schematic): via_5843
Flatten layout cell (no schematic): via_5865
Flatten layout cell (no schematic): via_5853
Flatten layout cell (no schematic): via_5867
Flatten layout cell (no schematic): via_5847
Flatten layout cell (no schematic): via_5829
Flatten layout cell (no schematic): via_5767
Flatten layout cell (no schematic): via_5831
Flatten layout cell (no schematic): via_5795
Flatten layout cell (no schematic): via_5833
Flatten layout cell (no schematic): via_5777
Flatten layout cell (no schematic): via_5835
Flatten layout cell (no schematic): via_5797
Flatten layout cell (no schematic): via_5837
Flatten layout cell (no schematic): via_5763
Flatten layout cell (no schematic): via_5839
Flatten layout cell (no schematic): via_5799
Flatten layout cell (no schematic): via_5779
Flatten layout cell (no schematic): via_5801
Flatten layout cell (no schematic): via_5769
Flatten layout cell (no schematic): via_5803
Flatten layout cell (no schematic): via_5781
Flatten layout cell (no schematic): via_5805
Flatten layout cell (no schematic): via_5761
Flatten layout cell (no schematic): via_5807
Flatten layout cell (no schematic): via_5783
Flatten layout cell (no schematic): via_5809
Flatten layout cell (no schematic): via_5771
Flatten layout cell (no schematic): via_5811
Flatten layout cell (no schematic): via_5785
Flatten layout cell (no schematic): via_5813
Flatten layout cell (no schematic): via_5765
Flatten layout cell (no schematic): via_5815
Flatten layout cell (no schematic): via_5787
Flatten layout cell (no schematic): via_5817
Flatten layout cell (no schematic): via_5773
Flatten layout cell (no schematic): via_5819
Flatten layout cell (no schematic): via_5789
Flatten layout cell (no schematic): via_5821
Flatten layout cell (no schematic): via_5759
Flatten layout cell (no schematic): via_5823
Flatten layout cell (no schematic): via_5791
Flatten layout cell (no schematic): via_5825
Flatten layout cell (no schematic): via_5775
Flatten layout cell (no schematic): via_5827
Flatten layout cell (no schematic): via_5793
Flatten layout cell (no schematic): via_5747
Flatten layout cell (no schematic): via_5631
Flatten layout cell (no schematic): via_5749
Flatten layout cell (no schematic): via_5671
Flatten layout cell (no schematic): via_5751
Flatten layout cell (no schematic): via_5597
Flatten layout cell (no schematic): via_5753
Flatten layout cell (no schematic): via_5673
Flatten layout cell (no schematic): via_5755
Flatten layout cell (no schematic): via_5633
Flatten layout cell (no schematic): via_5675
Flatten layout cell (no schematic): via_5613
Flatten layout cell (no schematic): via_5677
Flatten layout cell (no schematic): via_5635
Flatten layout cell (no schematic): via_5679
Flatten layout cell (no schematic): via_5603
Flatten layout cell (no schematic): via_5681
Flatten layout cell (no schematic): via_5637
Flatten layout cell (no schematic): via_5683
Flatten layout cell (no schematic): via_5615
Flatten layout cell (no schematic): via_5685
Flatten layout cell (no schematic): via_5639
Flatten layout cell (no schematic): via_5687
Flatten layout cell (no schematic): via_5595
Flatten layout cell (no schematic): via_5689
Flatten layout cell (no schematic): via_5641
Flatten layout cell (no schematic): via_5691
Flatten layout cell (no schematic): via_5617
Flatten layout cell (no schematic): via_5693
Flatten layout cell (no schematic): via_5643
Flatten layout cell (no schematic): via_5695
Flatten layout cell (no schematic): via_5605
Flatten layout cell (no schematic): via_5697
Flatten layout cell (no schematic): via_5645
Flatten layout cell (no schematic): via_5699
Flatten layout cell (no schematic): via_5619
Flatten layout cell (no schematic): via_5701
Flatten layout cell (no schematic): via_5647
Flatten layout cell (no schematic): via_5703
Flatten layout cell (no schematic): via_5599
Flatten layout cell (no schematic): via_5705
Flatten layout cell (no schematic): via_5649
Flatten layout cell (no schematic): via_5707
Flatten layout cell (no schematic): via_5621
Flatten layout cell (no schematic): via_5709
Flatten layout cell (no schematic): via_5651
Flatten layout cell (no schematic): via_5711
Flatten layout cell (no schematic): via_5607
Flatten layout cell (no schematic): via_5713
Flatten layout cell (no schematic): via_5653
Flatten layout cell (no schematic): via_5715
Flatten layout cell (no schematic): via_5623
Flatten layout cell (no schematic): via_5717
Flatten layout cell (no schematic): via_5655
Flatten layout cell (no schematic): via_5719
Flatten layout cell (no schematic): via_5593
Flatten layout cell (no schematic): via_5721
Flatten layout cell (no schematic): via_5657
Flatten layout cell (no schematic): via_5723
Flatten layout cell (no schematic): via_5625
Flatten layout cell (no schematic): via_5725
Flatten layout cell (no schematic): via_5659
Flatten layout cell (no schematic): via_5727
Flatten layout cell (no schematic): via_5609
Flatten layout cell (no schematic): via_5729
Flatten layout cell (no schematic): via_5661
Flatten layout cell (no schematic): via_5731
Flatten layout cell (no schematic): via_5627
Flatten layout cell (no schematic): via_5733
Flatten layout cell (no schematic): via_5663
Flatten layout cell (no schematic): via_5735
Flatten layout cell (no schematic): via_5601
Flatten layout cell (no schematic): via_5737
Flatten layout cell (no schematic): via_5665
Flatten layout cell (no schematic): via_5739
Flatten layout cell (no schematic): via_5629
Flatten layout cell (no schematic): via_5741
Flatten layout cell (no schematic): via_5667
Flatten layout cell (no schematic): via_5743
Flatten layout cell (no schematic): via_5611
Flatten layout cell (no schematic): via_5745
Flatten layout cell (no schematic): via_5669
Flatten layout cell (no schematic): via_5425
Flatten layout cell (no schematic): via_5427
Flatten layout cell (no schematic): via_5429
Flatten layout cell (no schematic): via_5431
Flatten layout cell (no schematic): via_5433
Flatten layout cell (no schematic): via_5435
Flatten layout cell (no schematic): via_5437
Flatten layout cell (no schematic): via_5439
Flatten layout cell (no schematic): via_5441
Flatten layout cell (no schematic): via_5443
Flatten layout cell (no schematic): via_5445
Flatten layout cell (no schematic): via_5447
Flatten layout cell (no schematic): via_5449
Flatten layout cell (no schematic): via_5451
Flatten layout cell (no schematic): via_5453
Flatten layout cell (no schematic): via_5455
Flatten layout cell (no schematic): via_5457
Flatten layout cell (no schematic): via_5459
Flatten layout cell (no schematic): via_5461
Flatten layout cell (no schematic): via_5463
Flatten layout cell (no schematic): via_5465
Flatten layout cell (no schematic): via_5467
Flatten layout cell (no schematic): via_5469
Flatten layout cell (no schematic): via_5471
Flatten layout cell (no schematic): via_5473
Flatten layout cell (no schematic): via_5475
Flatten layout cell (no schematic): via_5477
Flatten layout cell (no schematic): via_5479
Flatten layout cell (no schematic): via_5481
Flatten layout cell (no schematic): via_5483
Flatten layout cell (no schematic): via_5485
Flatten layout cell (no schematic): via_5487
Flatten layout cell (no schematic): via_5489
Flatten layout cell (no schematic): via_5491
Flatten layout cell (no schematic): via_5493
Flatten layout cell (no schematic): via_5495
Flatten layout cell (no schematic): via_5497
Flatten layout cell (no schematic): via_5499
Flatten layout cell (no schematic): via_5501
Flatten layout cell (no schematic): via_5503
Flatten layout cell (no schematic): via_5505
Flatten layout cell (no schematic): via_5507
Flatten layout cell (no schematic): via_5509
Flatten layout cell (no schematic): via_5511
Flatten layout cell (no schematic): via_5513
Flatten layout cell (no schematic): via_5515
Flatten layout cell (no schematic): via_5517
Flatten layout cell (no schematic): via_5519
Flatten layout cell (no schematic): via_5521
Flatten layout cell (no schematic): via_5523
Flatten layout cell (no schematic): via_5525
Flatten layout cell (no schematic): via_5527
Flatten layout cell (no schematic): via_5529
Flatten layout cell (no schematic): via_5531
Flatten layout cell (no schematic): via_5533
Flatten layout cell (no schematic): via_5535
Flatten layout cell (no schematic): via_5537
Flatten layout cell (no schematic): via_5539
Flatten layout cell (no schematic): via_5541
Flatten layout cell (no schematic): via_5543
Flatten layout cell (no schematic): via_5545
Flatten layout cell (no schematic): via_5547
Flatten layout cell (no schematic): via_5549
Flatten layout cell (no schematic): via_5551
Flatten layout cell (no schematic): via_5553
Flatten layout cell (no schematic): via_5555
Flatten layout cell (no schematic): via_5557
Flatten layout cell (no schematic): via_5559
Flatten layout cell (no schematic): via_5561
Flatten layout cell (no schematic): via_5563
Flatten layout cell (no schematic): via_5565
Flatten layout cell (no schematic): via_5567
Flatten layout cell (no schematic): via_5569
Flatten layout cell (no schematic): via_5571
Flatten layout cell (no schematic): via_5573
Flatten layout cell (no schematic): via_5575
Flatten layout cell (no schematic): via_5577
Flatten layout cell (no schematic): via_5579
Flatten layout cell (no schematic): via_5581
Flatten layout cell (no schematic): via_5583
Flatten layout cell (no schematic): via_5585
Flatten layout cell (no schematic): via_5587
Flatten layout cell (no schematic): via_5589
Flatten layout cell (no schematic): via_4305
Flatten layout cell (no schematic): via_4306
Flatten layout cell (no schematic): via_5417
Flatten layout cell (no schematic): via_5419
Flatten layout cell (no schematic): via_5421
Flatten layout cell (no schematic): via_5423
Flatten layout cell (no schematic): via_5343
Flatten layout cell (no schematic): via_5345
Flatten layout cell (no schematic): via_5347
Flatten layout cell (no schematic): via_5349
Flatten layout cell (no schematic): via_5351
Flatten layout cell (no schematic): via_5353
Flatten layout cell (no schematic): via_5355
Flatten layout cell (no schematic): via_5357
Flatten layout cell (no schematic): via_5359
Flatten layout cell (no schematic): via_5361
Flatten layout cell (no schematic): via_5363
Flatten layout cell (no schematic): via_5365
Flatten layout cell (no schematic): via_5367
Flatten layout cell (no schematic): via_5369
Flatten layout cell (no schematic): via_5371
Flatten layout cell (no schematic): via_5373
Flatten layout cell (no schematic): via_5375
Flatten layout cell (no schematic): via_5377
Flatten layout cell (no schematic): via_5379
Flatten layout cell (no schematic): via_5381
Flatten layout cell (no schematic): via_5383
Flatten layout cell (no schematic): via_5385
Flatten layout cell (no schematic): via_5387
Flatten layout cell (no schematic): via_5389
Flatten layout cell (no schematic): via_5391
Flatten layout cell (no schematic): via_5393
Flatten layout cell (no schematic): via_5395
Flatten layout cell (no schematic): via_5397
Flatten layout cell (no schematic): via_5399
Flatten layout cell (no schematic): via_5401
Flatten layout cell (no schematic): via_5403
Flatten layout cell (no schematic): via_5405
Flatten layout cell (no schematic): via_5407
Flatten layout cell (no schematic): via_5409
Flatten layout cell (no schematic): via_5411
Flatten layout cell (no schematic): via_5413
Flatten layout cell (no schematic): via_5415
Flatten layout cell (no schematic): via_4209
Flatten layout cell (no schematic): via_4210
Flatten layout cell (no schematic): via_5341
Flatten layout cell (no schematic): via_5301
Flatten layout cell (no schematic): via_5304
Flatten layout cell (no schematic): via_5305
Flatten layout cell (no schematic): via_5307
Flatten layout cell (no schematic): via_5309
Flatten layout cell (no schematic): via_5311
Flatten layout cell (no schematic): via_5313
Flatten layout cell (no schematic): via_5315
Flatten layout cell (no schematic): via_5317
Flatten layout cell (no schematic): via_5319
Flatten layout cell (no schematic): via_5321
Flatten layout cell (no schematic): via_5323
Flatten layout cell (no schematic): via_5325
Flatten layout cell (no schematic): via_5327
Flatten layout cell (no schematic): via_5329
Flatten layout cell (no schematic): via_5331
Flatten layout cell (no schematic): via_5337
Flatten layout cell (no schematic): via_5339
Flatten layout cell (no schematic): via_5333
Flatten layout cell (no schematic): via_5335
Flatten layout cell (no schematic): via_4202
Flatten layout cell (no schematic): via_5275
Flatten layout cell (no schematic): via_5277
Flatten layout cell (no schematic): via_5280
Flatten layout cell (no schematic): via_5282
Flatten layout cell (no schematic): via_5284
Flatten layout cell (no schematic): via_5286
Flatten layout cell (no schematic): via_5287
Flatten layout cell (no schematic): via_5289
Flatten layout cell (no schematic): via_5292
Flatten layout cell (no schematic): via_5294
Flatten layout cell (no schematic): via_5296
Flatten layout cell (no schematic): via_5298
Flatten layout cell (no schematic): via_4152
Flatten layout cell (no schematic): via_4174
Flatten layout cell (no schematic): via_4205
Flatten layout cell (no schematic): via_4206
Flatten layout cell (no schematic): via_4160
Flatten layout cell (no schematic): via_4176
Flatten layout cell (no schematic): via_5299
Flatten layout cell (no schematic): via_4158
Flatten layout cell (no schematic): via_4146
Flatten layout cell (no schematic): via_4178
Flatten layout cell (no schematic): via_4162
Flatten layout cell (no schematic): via_4180
Flatten layout cell (no schematic): via_4181
Flatten layout cell (no schematic): via_4182
Flatten layout cell (no schematic): via_4154
Flatten layout cell (no schematic): via_4164
Flatten layout cell (no schematic): via_4172
Flatten layout cell (no schematic): via_4201
Flatten layout cell (no schematic): via_4185
Flatten layout cell (no schematic): via_4186
Flatten layout cell (no schematic): via_4150
Flatten layout cell (no schematic): via_4166
Flatten layout cell (no schematic): via_4189
Flatten layout cell (no schematic): via_4190
Flatten layout cell (no schematic): via_4156
Flatten layout cell (no schematic): via_4168
Flatten layout cell (no schematic): via_4193
Flatten layout cell (no schematic): via_4194
Flatten layout cell (no schematic): via_4148
Flatten layout cell (no schematic): via_4170
Flatten layout cell (no schematic): via_4197
Flatten layout cell (no schematic): via_4198
Flatten layout cell (no schematic): via_4217
Flatten layout cell (no schematic): via_4218
Flatten layout cell (no schematic): via_4293
Flatten layout cell (no schematic): via_4294
Flatten layout cell (no schematic): via_4258
Flatten layout cell (no schematic): via_4257
Flatten layout cell (no schematic): via_4297
Flatten layout cell (no schematic): via_4298
Flatten layout cell (no schematic): via_4221
Flatten layout cell (no schematic): via_4222
Flatten layout cell (no schematic): via_4301
Flatten layout cell (no schematic): via_4302
Flatten layout cell (no schematic): via_4273
Flatten layout cell (no schematic): via_4274
Flatten layout cell (no schematic): via_4265
Flatten layout cell (no schematic): via_4266
Flatten layout cell (no schematic): via_4225
Flatten layout cell (no schematic): via_4226
Flatten layout cell (no schematic): via_4277
Flatten layout cell (no schematic): via_4278
Flatten layout cell (no schematic): via_4229
Flatten layout cell (no schematic): via_4230
Flatten layout cell (no schematic): via_4261
Flatten layout cell (no schematic): via_4262
Flatten layout cell (no schematic): via_4233
Flatten layout cell (no schematic): via_4234
Flatten layout cell (no schematic): via_4281
Flatten layout cell (no schematic): via_4282
Flatten layout cell (no schematic): via_4237
Flatten layout cell (no schematic): via_4238
Flatten layout cell (no schematic): via_4213
Flatten layout cell (no schematic): via_4214
Flatten layout cell (no schematic): via_4241
Flatten layout cell (no schematic): via_4242
Flatten layout cell (no schematic): via_4285
Flatten layout cell (no schematic): via_4286
Flatten layout cell (no schematic): via_4245
Flatten layout cell (no schematic): via_4246
Flatten layout cell (no schematic): via_4269
Flatten layout cell (no schematic): via_4270
Flatten layout cell (no schematic): via_4249
Flatten layout cell (no schematic): via_4250
Flatten layout cell (no schematic): via_4289
Flatten layout cell (no schematic): via_4290
Flatten layout cell (no schematic): via_4253
Flatten layout cell (no schematic): via_4254
Flatten layout cell (no schematic): via_4405
Flatten layout cell (no schematic): via_4406
Flatten layout cell (no schematic): via_4449
Flatten layout cell (no schematic): via_4450
Flatten layout cell (no schematic): via_4385
Flatten layout cell (no schematic): via_4386
Flatten layout cell (no schematic): via_4453
Flatten layout cell (no schematic): via_4454
Flatten layout cell (no schematic): via_4409
Flatten layout cell (no schematic): via_4410
Flatten layout cell (no schematic): via_4457
Flatten layout cell (no schematic): via_4458
Flatten layout cell (no schematic): via_4366
Flatten layout cell (no schematic): via_4373
Flatten layout cell (no schematic): via_4461
Flatten layout cell (no schematic): via_4462
Flatten layout cell (no schematic): via_4413
Flatten layout cell (no schematic): via_4414
Flatten layout cell (no schematic): via_4465
Flatten layout cell (no schematic): via_4466
Flatten layout cell (no schematic): via_4389
Flatten layout cell (no schematic): via_4390
Flatten layout cell (no schematic): via_4469
Flatten layout cell (no schematic): via_4470
Flatten layout cell (no schematic): via_4417
Flatten layout cell (no schematic): via_4418
Flatten layout cell (no schematic): via_4473
Flatten layout cell (no schematic): via_4474
Flatten layout cell (no schematic): via_4309
Flatten layout cell (no schematic): via_4310
Flatten layout cell (no schematic): via_4477
Flatten layout cell (no schematic): via_4478
Flatten layout cell (no schematic): via_4374
Flatten layout cell (no schematic): via_4369
Flatten layout cell (no schematic): via_4481
Flatten layout cell (no schematic): via_4482
Flatten layout cell (no schematic): via_4313
Flatten layout cell (no schematic): via_4314
Flatten layout cell (no schematic): via_4485
Flatten layout cell (no schematic): via_4486
Flatten layout cell (no schematic): via_4421
Flatten layout cell (no schematic): via_4422
Flatten layout cell (no schematic): via_4489
Flatten layout cell (no schematic): via_4490
Flatten layout cell (no schematic): via_4317
Flatten layout cell (no schematic): via_4318
Flatten layout cell (no schematic): via_4493
Flatten layout cell (no schematic): via_4494
Flatten layout cell (no schematic): via_4393
Flatten layout cell (no schematic): via_4394
Flatten layout cell (no schematic): via_4497
Flatten layout cell (no schematic): via_4498
Flatten layout cell (no schematic): via_4321
Flatten layout cell (no schematic): via_4322
Flatten layout cell (no schematic): via_4425
Flatten layout cell (no schematic): via_4426
Flatten layout cell (no schematic): via_4325
Flatten layout cell (no schematic): via_4326
Flatten layout cell (no schematic): via_4370
Flatten layout cell (no schematic): via_4377
Flatten layout cell (no schematic): via_4329
Flatten layout cell (no schematic): via_4330
Flatten layout cell (no schematic): via_4429
Flatten layout cell (no schematic): via_4430
Flatten layout cell (no schematic): via_4333
Flatten layout cell (no schematic): via_4334
Flatten layout cell (no schematic): via_4397
Flatten layout cell (no schematic): via_4398
Flatten layout cell (no schematic): via_4337
Flatten layout cell (no schematic): via_4338
Flatten layout cell (no schematic): via_4433
Flatten layout cell (no schematic): via_4434
Flatten layout cell (no schematic): via_4341
Flatten layout cell (no schematic): via_4342
Flatten layout cell (no schematic): via_4381
Flatten layout cell (no schematic): via_4382
Flatten layout cell (no schematic): via_4345
Flatten layout cell (no schematic): via_4346
Flatten layout cell (no schematic): via_4437
Flatten layout cell (no schematic): via_4438
Flatten layout cell (no schematic): via_4349
Flatten layout cell (no schematic): via_4350
Flatten layout cell (no schematic): via_4401
Flatten layout cell (no schematic): via_4402
Flatten layout cell (no schematic): via_4353
Flatten layout cell (no schematic): via_4354
Flatten layout cell (no schematic): via_4441
Flatten layout cell (no schematic): via_4442
Flatten layout cell (no schematic): via_4357
Flatten layout cell (no schematic): via_4358
Flatten layout cell (no schematic): via_4378
Flatten layout cell (no schematic): via_4365
Flatten layout cell (no schematic): via_4361
Flatten layout cell (no schematic): via_4362
Flatten layout cell (no schematic): via_4445
Flatten layout cell (no schematic): via_4446
Flatten layout cell (no schematic): via_4583
Flatten layout cell (no schematic): via_4584
Flatten layout cell (no schematic): via_4677
Flatten layout cell (no schematic): via_4678
Flatten layout cell (no schematic): via_4609
Flatten layout cell (no schematic): via_4610
Flatten layout cell (no schematic): via_4635
Flatten layout cell (no schematic): via_4636
Flatten layout cell (no schematic): via_4599
Flatten layout cell (no schematic): via_4600
Flatten layout cell (no schematic): via_4639
Flatten layout cell (no schematic): via_4640
Flatten layout cell (no schematic): via_4613
Flatten layout cell (no schematic): via_4614
Flatten layout cell (no schematic): via_4643
Flatten layout cell (no schematic): via_4644
Flatten layout cell (no schematic): via_4591
Flatten layout cell (no schematic): via_4592
Flatten layout cell (no schematic): via_4647
Flatten layout cell (no schematic): via_4648
Flatten layout cell (no schematic): via_4617
Flatten layout cell (no schematic): via_4618
Flatten layout cell (no schematic): via_4651
Flatten layout cell (no schematic): via_4652
Flatten layout cell (no schematic): via_4587
Flatten layout cell (no schematic): via_4588
Flatten layout cell (no schematic): via_4503
Flatten layout cell (no schematic): via_4504
Flatten layout cell (no schematic): via_4507
Flatten layout cell (no schematic): via_4508
Flatten layout cell (no schematic): via_4655
Flatten layout cell (no schematic): via_4656
Flatten layout cell (no schematic): via_4511
Flatten layout cell (no schematic): via_4512
Flatten layout cell (no schematic): via_4515
Flatten layout cell (no schematic): via_4516
Flatten layout cell (no schematic): via_4621
Flatten layout cell (no schematic): via_4622
Flatten layout cell (no schematic): via_4519
Flatten layout cell (no schematic): via_4520
Flatten layout cell (no schematic): via_4523
Flatten layout cell (no schematic): via_4524
Flatten layout cell (no schematic): via_4659
Flatten layout cell (no schematic): via_4660
Flatten layout cell (no schematic): via_4527
Flatten layout cell (no schematic): via_4528
Flatten layout cell (no schematic): via_4531
Flatten layout cell (no schematic): via_4532
Flatten layout cell (no schematic): via_4605
Flatten layout cell (no schematic): via_4606
Flatten layout cell (no schematic): via_4663
Flatten layout cell (no schematic): via_4664
Flatten layout cell (no schematic): via_4537
Flatten layout cell (no schematic): via_4538
Flatten layout cell (no schematic): via_4541
Flatten layout cell (no schematic): via_4542
Flatten layout cell (no schematic): via_4625
Flatten layout cell (no schematic): via_4626
Flatten layout cell (no schematic): via_4545
Flatten layout cell (no schematic): via_4546
Flatten layout cell (no schematic): via_4549
Flatten layout cell (no schematic): via_4550
Flatten layout cell (no schematic): via_4595
Flatten layout cell (no schematic): via_4596
Flatten layout cell (no schematic): via_4553
Flatten layout cell (no schematic): via_4554
Flatten layout cell (no schematic): via_4557
Flatten layout cell (no schematic): via_4558
Flatten layout cell (no schematic): via_4669
Flatten layout cell (no schematic): via_4670
Flatten layout cell (no schematic): via_4561
Flatten layout cell (no schematic): via_4562
Flatten layout cell (no schematic): via_4565
Flatten layout cell (no schematic): via_4566
Flatten layout cell (no schematic): via_4629
Flatten layout cell (no schematic): via_4630
Flatten layout cell (no schematic): via_4571
Flatten layout cell (no schematic): via_4572
Flatten layout cell (no schematic): via_4673
Flatten layout cell (no schematic): via_4674
Flatten layout cell (no schematic): via_4575
Flatten layout cell (no schematic): via_4576
Flatten layout cell (no schematic): via_4579
Flatten layout cell (no schematic): via_4580
Flatten layout cell (no schematic): via_4719
Flatten layout cell (no schematic): via_4720
Flatten layout cell (no schematic): via_4845
Flatten layout cell (no schematic): via_4846
Flatten layout cell (no schematic): via_4787
Flatten layout cell (no schematic): via_4788
Flatten layout cell (no schematic): via_4849
Flatten layout cell (no schematic): via_4850
Flatten layout cell (no schematic): via_4681
Flatten layout cell (no schematic): via_4682
Flatten layout cell (no schematic): via_4853
Flatten layout cell (no schematic): via_4854
Flatten layout cell (no schematic): via_4791
Flatten layout cell (no schematic): via_4792
Flatten layout cell (no schematic): via_4857
Flatten layout cell (no schematic): via_4858
Flatten layout cell (no schematic): via_4723
Flatten layout cell (no schematic): via_4724
Flatten layout cell (no schematic): via_4693
Flatten layout cell (no schematic): via_4694
Flatten layout cell (no schematic): via_4795
Flatten layout cell (no schematic): via_4796
Flatten layout cell (no schematic): via_4771
Flatten layout cell (no schematic): via_4772
Flatten layout cell (no schematic): via_4727
Flatten layout cell (no schematic): via_4728
Flatten layout cell (no schematic): via_4799
Flatten layout cell (no schematic): via_4800
Flatten layout cell (no schematic): via_4697
Flatten layout cell (no schematic): via_4698
Flatten layout cell (no schematic): via_4765
Flatten layout cell (no schematic): via_4766
Flatten layout cell (no schematic): via_4731
Flatten layout cell (no schematic): via_4732
Flatten layout cell (no schematic): via_4805
Flatten layout cell (no schematic): via_4806
Flatten layout cell (no schematic): via_4775
Flatten layout cell (no schematic): via_4776
Flatten layout cell (no schematic): via_4809
Flatten layout cell (no schematic): via_4810
Flatten layout cell (no schematic): via_4703
Flatten layout cell (no schematic): via_4704
Flatten layout cell (no schematic): via_4737
Flatten layout cell (no schematic): via_4738
Flatten layout cell (no schematic): via_4813
Flatten layout cell (no schematic): via_4814
Flatten layout cell (no schematic): via_4685
Flatten layout cell (no schematic): via_4686
Flatten layout cell (no schematic): via_4817
Flatten layout cell (no schematic): via_4818
Flatten layout cell (no schematic): via_4741
Flatten layout cell (no schematic): via_4742
Flatten layout cell (no schematic): via_4707
Flatten layout cell (no schematic): via_4708
Flatten layout cell (no schematic): via_4779
Flatten layout cell (no schematic): via_4780
Flatten layout cell (no schematic): via_4711
Flatten layout cell (no schematic): via_4712
Flatten layout cell (no schematic): via_4745
Flatten layout cell (no schematic): via_4746
Flatten layout cell (no schematic): via_4825
Flatten layout cell (no schematic): via_4826
Flatten layout cell (no schematic): via_4761
Flatten layout cell (no schematic): via_4762
Flatten layout cell (no schematic): via_4829
Flatten layout cell (no schematic): via_4830
Flatten layout cell (no schematic): via_4749
Flatten layout cell (no schematic): via_4750
Flatten layout cell (no schematic): via_4715
Flatten layout cell (no schematic): via_4716
Flatten layout cell (no schematic): via_4833
Flatten layout cell (no schematic): via_4834
Flatten layout cell (no schematic): via_4753
Flatten layout cell (no schematic): via_4754
Flatten layout cell (no schematic): via_4783
Flatten layout cell (no schematic): via_4784
Flatten layout cell (no schematic): via_4837
Flatten layout cell (no schematic): via_4838
Flatten layout cell (no schematic): via_4689
Flatten layout cell (no schematic): via_4690
Flatten layout cell (no schematic): via_4757
Flatten layout cell (no schematic): via_4758
Flatten layout cell (no schematic): via_4841
Flatten layout cell (no schematic): via_4842
Flatten layout cell (no schematic): via_5426
Flatten layout cell (no schematic): via_5434
Flatten layout cell (no schematic): via_5436
Flatten layout cell (no schematic): via_5438
Flatten layout cell (no schematic): via_5440
Flatten layout cell (no schematic): via_5442
Flatten layout cell (no schematic): via_5444
Flatten layout cell (no schematic): via_5446
Flatten layout cell (no schematic): via_5448
Flatten layout cell (no schematic): via_5450
Flatten layout cell (no schematic): via_5452
Flatten layout cell (no schematic): via_5454
Flatten layout cell (no schematic): via_5456
Flatten layout cell (no schematic): via_5458
Flatten layout cell (no schematic): via_5460
Flatten layout cell (no schematic): via_5462
Flatten layout cell (no schematic): via_5464
Flatten layout cell (no schematic): via_5466
Flatten layout cell (no schematic): via_5468
Flatten layout cell (no schematic): via_5470
Flatten layout cell (no schematic): via_5472
Flatten layout cell (no schematic): via_5474
Flatten layout cell (no schematic): via_5476
Flatten layout cell (no schematic): via_5478
Flatten layout cell (no schematic): via_5480
Flatten layout cell (no schematic): via_5482
Flatten layout cell (no schematic): via_5484
Flatten layout cell (no schematic): via_5486
Flatten layout cell (no schematic): via_5488
Flatten layout cell (no schematic): via_5490
Flatten layout cell (no schematic): via_5492
Flatten layout cell (no schematic): via_5494
Flatten layout cell (no schematic): via_5496
Flatten layout cell (no schematic): via_5498
Flatten layout cell (no schematic): via_5500
Flatten layout cell (no schematic): via_5502
Flatten layout cell (no schematic): via_5504
Flatten layout cell (no schematic): via_5506
Flatten layout cell (no schematic): via_5508
Flatten layout cell (no schematic): via_5510
Flatten layout cell (no schematic): via_5512
Flatten layout cell (no schematic): via_5514
Flatten layout cell (no schematic): via_5516
Flatten layout cell (no schematic): via_5518
Flatten layout cell (no schematic): via_5520
Flatten layout cell (no schematic): via_5522
Flatten layout cell (no schematic): via_5524
Flatten layout cell (no schematic): via_5526
Flatten layout cell (no schematic): via_5528
Flatten layout cell (no schematic): via_5530
Flatten layout cell (no schematic): via_5532
Flatten layout cell (no schematic): via_5534
Flatten layout cell (no schematic): via_5536
Flatten layout cell (no schematic): via_5538
Flatten layout cell (no schematic): via_5540
Flatten layout cell (no schematic): via_5542
Flatten layout cell (no schematic): via_5544
Flatten layout cell (no schematic): via_5546
Flatten layout cell (no schematic): via_5548
Flatten layout cell (no schematic): via_5550
Flatten layout cell (no schematic): via_5552
Flatten layout cell (no schematic): via_5554
Flatten layout cell (no schematic): via_5556
Flatten layout cell (no schematic): via_5558
Flatten layout cell (no schematic): via_5560
Flatten layout cell (no schematic): via_5562
Flatten layout cell (no schematic): via_5564
Flatten layout cell (no schematic): via_5566
Flatten layout cell (no schematic): via_5568
Flatten layout cell (no schematic): via_5570
Flatten layout cell (no schematic): via_5572
Flatten layout cell (no schematic): via_5574
Flatten layout cell (no schematic): via_5576
Flatten layout cell (no schematic): via_5578
Flatten layout cell (no schematic): via_5580
Flatten layout cell (no schematic): via_5582
Flatten layout cell (no schematic): via_5584
Flatten layout cell (no schematic): via_5586
Flatten layout cell (no schematic): via_5588
Flatten layout cell (no schematic): via_5590
Flatten layout cell (no schematic): via_5432
Flatten layout cell (no schematic): via_5428
Flatten layout cell (no schematic): via_5430
Flatten layout cell (no schematic): via_4929
Flatten layout cell (no schematic): via_4930
Flatten layout cell (no schematic): via_4877
Flatten layout cell (no schematic): via_4878
Flatten layout cell (no schematic): via_4933
Flatten layout cell (no schematic): via_4934
Flatten layout cell (no schematic): via_4897
Flatten layout cell (no schematic): via_4898
Flatten layout cell (no schematic): via_4937
Flatten layout cell (no schematic): via_4938
Flatten layout cell (no schematic): via_4869
Flatten layout cell (no schematic): via_4870
Flatten layout cell (no schematic): via_4941
Flatten layout cell (no schematic): via_4942
Flatten layout cell (no schematic): via_4901
Flatten layout cell (no schematic): via_4902
Flatten layout cell (no schematic): via_4945
Flatten layout cell (no schematic): via_4946
Flatten layout cell (no schematic): via_4881
Flatten layout cell (no schematic): via_4882
Flatten layout cell (no schematic): via_4949
Flatten layout cell (no schematic): via_4950
Flatten layout cell (no schematic): via_4905
Flatten layout cell (no schematic): via_4906
Flatten layout cell (no schematic): via_4953
Flatten layout cell (no schematic): via_4954
Flatten layout cell (no schematic): via_4865
Flatten layout cell (no schematic): via_4866
Flatten layout cell (no schematic): via_4957
Flatten layout cell (no schematic): via_4958
Flatten layout cell (no schematic): via_4909
Flatten layout cell (no schematic): via_4910
Flatten layout cell (no schematic): via_4961
Flatten layout cell (no schematic): via_4962
Flatten layout cell (no schematic): via_4885
Flatten layout cell (no schematic): via_4886
Flatten layout cell (no schematic): via_4965
Flatten layout cell (no schematic): via_4966
Flatten layout cell (no schematic): via_4913
Flatten layout cell (no schematic): via_4914
Flatten layout cell (no schematic): via_4969
Flatten layout cell (no schematic): via_4970
Flatten layout cell (no schematic): via_4873
Flatten layout cell (no schematic): via_4874
Flatten layout cell (no schematic): via_4973
Flatten layout cell (no schematic): via_4974
Flatten layout cell (no schematic): via_4917
Flatten layout cell (no schematic): via_4918
Flatten layout cell (no schematic): via_4977
Flatten layout cell (no schematic): via_4978
Flatten layout cell (no schematic): via_4889
Flatten layout cell (no schematic): via_4890
Flatten layout cell (no schematic): via_4921
Flatten layout cell (no schematic): via_4982
Flatten layout cell (no schematic): via_4922
Flatten layout cell (no schematic): via_4984
Flatten layout cell (no schematic): via_4861
Flatten layout cell (no schematic): via_4986
Flatten layout cell (no schematic): via_4862
Flatten layout cell (no schematic): via_4988
Flatten layout cell (no schematic): via_4925
Flatten layout cell (no schematic): via_4990
Flatten layout cell (no schematic): via_4926
Flatten layout cell (no schematic): via_4992
Flatten layout cell (no schematic): via_4893
Flatten layout cell (no schematic): via_4994
Flatten layout cell (no schematic): via_4894
Flatten layout cell (no schematic): via_4996
Flatten layout cell (no schematic): via_4997
Flatten layout cell (no schematic): via_4998
Flatten layout cell (no schematic): via_4999
Flatten layout cell (no schematic): via_5000
Flatten layout cell (no schematic): via_5001
Flatten layout cell (no schematic): via_5002
Flatten layout cell (no schematic): via_5003
Flatten layout cell (no schematic): via_5004
Flatten layout cell (no schematic): via_5005
Flatten layout cell (no schematic): via_5006
Flatten layout cell (no schematic): via_5007
Flatten layout cell (no schematic): via_5008
Flatten layout cell (no schematic): via_5009
Flatten layout cell (no schematic): via_5010
Flatten layout cell (no schematic): via_5011
Flatten layout cell (no schematic): via_5012
Flatten layout cell (no schematic): via_5013
Flatten layout cell (no schematic): via_5014
Flatten layout cell (no schematic): via_5015
Flatten layout cell (no schematic): via_5016
Flatten layout cell (no schematic): via_5017
Flatten layout cell (no schematic): via_5018
Flatten layout cell (no schematic): via_5019
Flatten layout cell (no schematic): via_5020
Flatten layout cell (no schematic): via_5021
Flatten layout cell (no schematic): via_5022
Flatten layout cell (no schematic): via_5086
Flatten layout cell (no schematic): via_5034
Flatten layout cell (no schematic): via_5087
Flatten layout cell (no schematic): via_5059
Flatten layout cell (no schematic): via_5088
Flatten layout cell (no schematic): via_5045
Flatten layout cell (no schematic): via_5089
Flatten layout cell (no schematic): via_5060
Flatten layout cell (no schematic): via_5090
Flatten layout cell (no schematic): via_5038
Flatten layout cell (no schematic): via_5091
Flatten layout cell (no schematic): via_5061
Flatten layout cell (no schematic): via_5092
Flatten layout cell (no schematic): via_5046
Flatten layout cell (no schematic): via_5093
Flatten layout cell (no schematic): via_5062
Flatten layout cell (no schematic): via_5094
Flatten layout cell (no schematic): via_5031
Flatten layout cell (no schematic): via_5095
Flatten layout cell (no schematic): via_5063
Flatten layout cell (no schematic): via_5096
Flatten layout cell (no schematic): via_5047
Flatten layout cell (no schematic): via_5097
Flatten layout cell (no schematic): via_5064
Flatten layout cell (no schematic): via_5098
Flatten layout cell (no schematic): via_5039
Flatten layout cell (no schematic): via_5099
Flatten layout cell (no schematic): via_5065
Flatten layout cell (no schematic): via_5100
Flatten layout cell (no schematic): via_5048
Flatten layout cell (no schematic): via_5066
Flatten layout cell (no schematic): via_5035
Flatten layout cell (no schematic): via_5067
Flatten layout cell (no schematic): via_5049
Flatten layout cell (no schematic): via_5068
Flatten layout cell (no schematic): via_5040
Flatten layout cell (no schematic): via_5069
Flatten layout cell (no schematic): via_5050
Flatten layout cell (no schematic): via_5070
Flatten layout cell (no schematic): via_5033
Flatten layout cell (no schematic): via_5041
Flatten layout cell (no schematic): via_5073
Flatten layout cell (no schematic): via_5052
Flatten layout cell (no schematic): via_5074
Flatten layout cell (no schematic): via_5036
Flatten layout cell (no schematic): via_5075
Flatten layout cell (no schematic): via_5053
Flatten layout cell (no schematic): via_5076
Flatten layout cell (no schematic): via_5042
Flatten layout cell (no schematic): via_5077
Flatten layout cell (no schematic): via_5054
Flatten layout cell (no schematic): via_5078
Flatten layout cell (no schematic): via_5032
Flatten layout cell (no schematic): via_5079
Flatten layout cell (no schematic): via_5055
Flatten layout cell (no schematic): via_5080
Flatten layout cell (no schematic): via_5043
Flatten layout cell (no schematic): via_5081
Flatten layout cell (no schematic): via_5056
Flatten layout cell (no schematic): via_5082
Flatten layout cell (no schematic): via_5037
Flatten layout cell (no schematic): via_5083
Flatten layout cell (no schematic): via_5057
Flatten layout cell (no schematic): via_5084
Flatten layout cell (no schematic): via_5044
Flatten layout cell (no schematic): via_5085
Flatten layout cell (no schematic): via_5058
Flatten layout cell (no schematic): via_5023
Flatten layout cell (no schematic): via_5024
Flatten layout cell (no schematic): via_5025
Flatten layout cell (no schematic): via_5026
Flatten layout cell (no schematic): via_5027
Flatten layout cell (no schematic): via_5028
Flatten layout cell (no schematic): via_5071
Flatten layout cell (no schematic): via_5029
Flatten layout cell (no schematic): via_5051
Flatten layout cell (no schematic): via_5030
Flatten layout cell (no schematic): via_5072
Flatten layout cell (no schematic): via_5344
Flatten layout cell (no schematic): via_5346
Flatten layout cell (no schematic): via_5348
Flatten layout cell (no schematic): via_5350
Flatten layout cell (no schematic): via_5352
Flatten layout cell (no schematic): via_5354
Flatten layout cell (no schematic): via_5356
Flatten layout cell (no schematic): via_5358
Flatten layout cell (no schematic): via_5360
Flatten layout cell (no schematic): via_5362
Flatten layout cell (no schematic): via_5364
Flatten layout cell (no schematic): via_5366
Flatten layout cell (no schematic): via_5368
Flatten layout cell (no schematic): via_5370
Flatten layout cell (no schematic): via_5372
Flatten layout cell (no schematic): via_5374
Flatten layout cell (no schematic): via_5376
Flatten layout cell (no schematic): via_5378
Flatten layout cell (no schematic): via_5380
Flatten layout cell (no schematic): via_5382
Flatten layout cell (no schematic): via_5384
Flatten layout cell (no schematic): via_5386
Flatten layout cell (no schematic): via_5388
Flatten layout cell (no schematic): via_5390
Flatten layout cell (no schematic): via_5392
Flatten layout cell (no schematic): via_5394
Flatten layout cell (no schematic): via_5396
Flatten layout cell (no schematic): via_5398
Flatten layout cell (no schematic): via_5400
Flatten layout cell (no schematic): via_5402
Flatten layout cell (no schematic): via_5404
Flatten layout cell (no schematic): via_5406
Flatten layout cell (no schematic): via_5408
Flatten layout cell (no schematic): via_5410
Flatten layout cell (no schematic): via_5412
Flatten layout cell (no schematic): via_5414
Flatten layout cell (no schematic): via_5416
Flatten layout cell (no schematic): via_5418
Flatten layout cell (no schematic): via_5420
Flatten layout cell (no schematic): via_5422
Flatten layout cell (no schematic): via_5424
Flatten layout cell (no schematic): via_5142
Flatten layout cell (no schematic): via_5143
Flatten layout cell (no schematic): via_5144
Flatten layout cell (no schematic): via_5145
Flatten layout cell (no schematic): via_5146
Flatten layout cell (no schematic): via_5147
Flatten layout cell (no schematic): via_5148
Flatten layout cell (no schematic): via_5149
Flatten layout cell (no schematic): via_5150
Flatten layout cell (no schematic): via_5151
Flatten layout cell (no schematic): via_5152
Flatten layout cell (no schematic): via_5153
Flatten layout cell (no schematic): via_5154
Flatten layout cell (no schematic): via_5155
Flatten layout cell (no schematic): via_5156
Flatten layout cell (no schematic): via_5157
Flatten layout cell (no schematic): via_5158
Flatten layout cell (no schematic): via_5159
Flatten layout cell (no schematic): via_5106
Flatten layout cell (no schematic): via_5160
Flatten layout cell (no schematic): via_5102
Flatten layout cell (no schematic): via_5161
Flatten layout cell (no schematic): via_5107
Flatten layout cell (no schematic): via_5162
Flatten layout cell (no schematic): via_5104
Flatten layout cell (no schematic): via_5163
Flatten layout cell (no schematic): via_5108
Flatten layout cell (no schematic): via_5164
Flatten layout cell (no schematic): via_5101
Flatten layout cell (no schematic): via_5165
Flatten layout cell (no schematic): via_5109
Flatten layout cell (no schematic): via_5166
Flatten layout cell (no schematic): via_5105
Flatten layout cell (no schematic): via_5167
Flatten layout cell (no schematic): via_5110
Flatten layout cell (no schematic): via_5168
Flatten layout cell (no schematic): via_5103
Flatten layout cell (no schematic): via_5169
Flatten layout cell (no schematic): via_5111
Flatten layout cell (no schematic): via_5170
Flatten layout cell (no schematic): via_5112
Flatten layout cell (no schematic): via_5171
Flatten layout cell (no schematic): via_5113
Flatten layout cell (no schematic): via_5172
Flatten layout cell (no schematic): via_5114
Flatten layout cell (no schematic): via_5173
Flatten layout cell (no schematic): via_5115
Flatten layout cell (no schematic): via_5174
Flatten layout cell (no schematic): via_5116
Flatten layout cell (no schematic): via_5175
Flatten layout cell (no schematic): via_5117
Flatten layout cell (no schematic): via_5176
Flatten layout cell (no schematic): via_5118
Flatten layout cell (no schematic): via_5177
Flatten layout cell (no schematic): via_5119
Flatten layout cell (no schematic): via_5178
Flatten layout cell (no schematic): via_5120
Flatten layout cell (no schematic): via_5121
Flatten layout cell (no schematic): via_5122
Flatten layout cell (no schematic): via_5123
Flatten layout cell (no schematic): via_5124
Flatten layout cell (no schematic): via_5125
Flatten layout cell (no schematic): via_5126
Flatten layout cell (no schematic): via_5127
Flatten layout cell (no schematic): via_5128
Flatten layout cell (no schematic): via_5129
Flatten layout cell (no schematic): via_5130
Flatten layout cell (no schematic): via_5131
Flatten layout cell (no schematic): via_5132
Flatten layout cell (no schematic): via_5133
Flatten layout cell (no schematic): via_5134
Flatten layout cell (no schematic): via_5135
Flatten layout cell (no schematic): via_5136
Flatten layout cell (no schematic): via_5137
Flatten layout cell (no schematic): via_5138
Flatten layout cell (no schematic): via_5139
Flatten layout cell (no schematic): via_5140
Flatten layout cell (no schematic): via_5141
Flatten layout cell (no schematic): via_5217
Flatten layout cell (no schematic): via_5218
Flatten layout cell (no schematic): via_5330
Flatten layout cell (no schematic): via_5332
Flatten layout cell (no schematic): via_5334
Flatten layout cell (no schematic): via_5336
Flatten layout cell (no schematic): via_5338
Flatten layout cell (no schematic): via_5340
Flatten layout cell (no schematic): via_5342
Flatten layout cell (no schematic): via_5302
Flatten layout cell (no schematic): via_5303
Flatten layout cell (no schematic): via_5306
Flatten layout cell (no schematic): via_5308
Flatten layout cell (no schematic): via_5310
Flatten layout cell (no schematic): via_5312
Flatten layout cell (no schematic): via_5326
Flatten layout cell (no schematic): via_5314
Flatten layout cell (no schematic): via_5316
Flatten layout cell (no schematic): via_5328
Flatten layout cell (no schematic): via_5318
Flatten layout cell (no schematic): via_5320
Flatten layout cell (no schematic): via_5322
Flatten layout cell (no schematic): via_5324
Flatten layout cell (no schematic): via_5181
Flatten layout cell (no schematic): via_5208
Flatten layout cell (no schematic): via_5182
Flatten layout cell (no schematic): via_5183
Flatten layout cell (no schematic): via_5209
Flatten layout cell (no schematic): via_5184
Flatten layout cell (no schematic): via_5216
Flatten layout cell (no schematic): via_5185
Flatten layout cell (no schematic): via_5210
Flatten layout cell (no schematic): via_5186
Flatten layout cell (no schematic): via_5187
Flatten layout cell (no schematic): via_5211
Flatten layout cell (no schematic): via_5188
Flatten layout cell (no schematic): via_5212
Flatten layout cell (no schematic): via_5189
Flatten layout cell (no schematic): via_5213
Flatten layout cell (no schematic): via_5190
Flatten layout cell (no schematic): via_5191
Flatten layout cell (no schematic): via_5214
Flatten layout cell (no schematic): via_5192
Flatten layout cell (no schematic): via_5206
Flatten layout cell (no schematic): via_5193
Flatten layout cell (no schematic): via_5207
Flatten layout cell (no schematic): via_5194
Flatten layout cell (no schematic): via_5195
Flatten layout cell (no schematic): via_5179
Flatten layout cell (no schematic): via_5196
Flatten layout cell (no schematic): via_5197
Flatten layout cell (no schematic): via_5180
Flatten layout cell (no schematic): via_5198
Flatten layout cell (no schematic): via_5199
Flatten layout cell (no schematic): via_5215
Flatten layout cell (no schematic): via_5200
Flatten layout cell (no schematic): via_5201
Flatten layout cell (no schematic): via_5202
Flatten layout cell (no schematic): via_5203
Flatten layout cell (no schematic): via_5204
Flatten layout cell (no schematic): via_5205
Flatten layout cell (no schematic): via_5268
Flatten layout cell (no schematic): via_5221
Flatten layout cell (no schematic): via_5270
Flatten layout cell (no schematic): via_5228
Flatten layout cell (no schematic): via_5246
Flatten layout cell (no schematic): via_5272
Flatten layout cell (no schematic): via_5260
Flatten layout cell (no schematic): via_5274
Flatten layout cell (no schematic): via_5230
Flatten layout cell (no schematic): via_5276
Flatten layout cell (no schematic): via_5256
Flatten layout cell (no schematic): via_5278
Flatten layout cell (no schematic): via_5248
Flatten layout cell (no schematic): via_5279
Flatten layout cell (no schematic): via_5232
Flatten layout cell (no schematic): via_5281
Flatten layout cell (no schematic): via_5223
Flatten layout cell (no schematic): via_5283
Flatten layout cell (no schematic): via_5234
Flatten layout cell (no schematic): via_5285
Flatten layout cell (no schematic): via_5250
Flatten layout cell (no schematic): via_5258
Flatten layout cell (no schematic): via_5236
Flatten layout cell (no schematic): via_5288
Flatten layout cell (no schematic): via_5262
Flatten layout cell (no schematic): via_5290
Flatten layout cell (no schematic): via_5291
Flatten layout cell (no schematic): via_5238
Flatten layout cell (no schematic): via_5252
Flatten layout cell (no schematic): via_5293
Flatten layout cell (no schematic): via_5220
Flatten layout cell (no schematic): via_5295
Flatten layout cell (no schematic): via_5219
Flatten layout cell (no schematic): via_5240
Flatten layout cell (no schematic): via_5297
Flatten layout cell (no schematic): via_5224
Flatten layout cell (no schematic): via_5254
Flatten layout cell (no schematic): via_5242
Flatten layout cell (no schematic): via_5300
Flatten layout cell (no schematic): via_5222
Flatten layout cell (no schematic): via_5264
Flatten layout cell (no schematic): via_5225
Flatten layout cell (no schematic): via_5266
Flatten layout cell (no schematic): via_5244
Flatten layout cell (no schematic): via_5226
Flatten layout cell (no schematic): sram_sp_corner
Flatten layout cell (no schematic): sky130_fd_bd_sram__sram_sp_corner_ce
Flatten layout cell (no schematic): sky130_fd_bd_sram__sram_sp_corner_p1m_serif
Flatten layout cell (no schematic): sky130_fd_bd_sram__sram_sp_corner_met2
Flatten layout cell (no schematic): sky130_fd_bd_sram__sram_sp_rowend_replica_ce
Flatten layout cell (no schematic): sky130_fd_bd_sram__sram_sp_rowend_p1m_siz
Flatten layout cell (no schematic): sky130_fd_bd_sram__sram_sp_rowend_met2
Flatten layout cell (no schematic): sky130_fd_bd_sram__sram_sp_colend_ce
Flatten layout cell (no schematic): sky130_fd_bd_sram__sram_sp_colend_met2
Flatten layout cell (no schematic): sky130_fd_bd_sram__sram_sp_colend_p1m_siz
Flatten layout cell (no schematic): sky130_fd_bd_sram__sram_sp_cell_met2
Flatten layout cell (no schematic): sky130_fd_bd_sram__openram_sp_cell_opt1_replica_ce
Flatten layout cell (no schematic): sky130_fd_bd_sram__openram_sp_cell_opt1_replica_cell
Flatten layout cell (no schematic): sky130_fd_bd_sram__sram_sp_cell_addpoly
Flatten layout cell (no schematic): sky130_fd_bd_sram__sram_sp_cell_metopt1
Flatten layout cell (no schematic): sky130_fd_bd_sram__sram_sp_cell_via
Flatten layout cell (no schematic): sky130_fd_bd_sram__sram_sp_cell_p1m_sizing
Flatten layout cell (no schematic): sky130_fd_bd_sram__sram_sp_cell_addpoly_sizing
Flatten layout cell (no schematic): sram_sp_rowend_hstrap2
Flatten layout cell (no schematic): sram_sp_cell_opt1a_replica
Flatten layout cell (no schematic): sky130_fd_bd_sram__sram_sp_cell_met2_2
Flatten layout cell (no schematic): sky130_fd_bd_sram__openram_sp_cell_opt1a_replica_ce
Flatten layout cell (no schematic): sky130_fd_bd_sram__openram_sp_cell_opt1a_cell
Flatten layout cell (no schematic): sky130_fd_bd_sram__sram_sp_cell_addpoly_2
Flatten layout cell (no schematic): sky130_fd_bd_sram__sram_sp_cell_metopt1_2
Flatten layout cell (no schematic): sky130_fd_bd_sram__sram_sp_cell_via_2
Flatten layout cell (no schematic): sky130_fd_bd_sram__sram_sp_cell_addpoly_sizing_2
Flatten layout cell (no schematic): sky130_fd_bd_sram__sram_sp_cell_p1m_sizing_2
Flatten layout cell (no schematic): sky130_fd_bd_sram__sram_sp_corner_ce_2
Flatten layout cell (no schematic): sky130_fd_bd_sram__sram_sp_cornera_p1m_serif
Flatten layout cell (no schematic): sky130_fd_bd_sram__sram_sp_corner_met2_2
Flatten layout cell (no schematic): sram_sp_colenda
Flatten layout cell (no schematic): sky130_fd_bd_sram__sram_sp_colenda_ce
Flatten layout cell (no schematic): sky130_fd_bd_sram__sram_sp_colenda_p1m_siz
Flatten layout cell (no schematic): sky130_fd_bd_sram__sram_sp_colend_met2_2
Flatten layout cell (no schematic): sp_cell_array_corner_ul
Flatten layout cell (no schematic): sram_sp_rowend
Flatten layout cell (no schematic): sky130_fd_bd_sram__sram_sp_rowend_ce
Flatten layout cell (no schematic): sky130_fd_bd_sram__sram_sp_rowend_p1m_siz_2
Flatten layout cell (no schematic): sky130_fd_bd_sram__sram_sp_rowend_met2_3
Flatten layout cell (no schematic): sky130_fd_bd_sram__sram_sp_cell_met2_3
Flatten layout cell (no schematic): sky130_fd_bd_sram__sram_sp_cell_opt1_ce
Flatten layout cell (no schematic): sky130_fd_bd_sram__sram_sp_cell
Flatten layout cell (no schematic): sky130_fd_bd_sram__sram_sp_cell_addpoly_3
Flatten layout cell (no schematic): sky130_fd_bd_sram__sram_sp_cell_metopt1_3
Flatten layout cell (no schematic): sky130_fd_bd_sram__sram_sp_cell_via_3
Flatten layout cell (no schematic): sky130_fd_bd_sram__sram_sp_cell_p1m_sizing_3
Flatten layout cell (no schematic): sky130_fd_bd_sram__sram_sp_cell_addpoly_sizing_3
Flatten layout cell (no schematic): sp_cell_array_top
Flatten layout cell (no schematic): sram_sp_colend_p_cent
Flatten layout cell (no schematic): sky130_fd_bd_sram__sram_sp_colend_p_cent_m2
Flatten layout cell (no schematic): sky130_fd_bd_sram__sram_sp_colend_p_cent_ce
Flatten layout cell (no schematic): sky130_fd_bd_sram__sram_sp_colend_cent_p1m_siz
Flatten layout cell (no schematic): sram_sp_wlstrap_p
Flatten layout cell (no schematic): sky130_fd_bd_sram__sram_sp_wlstrap_p_ce
Flatten layout cell (no schematic): sky130_fd_bd_sram__sram_l1m1
Flatten layout cell (no schematic): sky130_fd_bd_sram__sram_sp_wlstrap_p_met2
Flatten layout cell (no schematic): sky130_fd_bd_sram__sram_sp_wlstrap_p1m_siz
Flatten layout cell (no schematic): sp_cell_array_corner_ur
Flatten layout cell (no schematic): sp_cell_array_left
Flatten layout cell (no schematic): sram_sp_rowenda
Flatten layout cell (no schematic): sky130_fd_bd_sram__sram_sp_rowend_ce_2
Flatten layout cell (no schematic): sky130_fd_bd_sram__sram_sp_rowenda_p1m_siz_2
Flatten layout cell (no schematic): sky130_fd_bd_sram__sram_sp_rowend_met2_4
Flatten layout cell (no schematic): sram_sp_cell_opt1a
Flatten layout cell (no schematic): sky130_fd_bd_sram__sram_sp_cell_met2_4
Flatten layout cell (no schematic): sky130_fd_bd_sram__sram_sp_cell_opt1_ce_2
Flatten layout cell (no schematic): sky130_fd_bd_sram__sram_sp_cell_2
Flatten layout cell (no schematic): sky130_fd_bd_sram__sram_sp_cell_addpoly_4
Flatten layout cell (no schematic): sky130_fd_bd_sram__sram_sp_cell_metopt1_4
Flatten layout cell (no schematic): sky130_fd_bd_sram__sram_sp_cell_via_4
Flatten layout cell (no schematic): sky130_fd_bd_sram__sram_sp_cell_addpoly_sizing_4
Flatten layout cell (no schematic): sky130_fd_bd_sram__sram_sp_cell_p1m_sizing_4
Flatten layout cell (no schematic): sp_cell_array_center
Flatten layout cell (no schematic): sram_sp_wlstrapa_p
Flatten layout cell (no schematic): sky130_fd_bd_sram__sram_sp_wlstrapa_p_ce
Flatten layout cell (no schematic): sky130_fd_bd_sram__sram_l1m1_2
Flatten layout cell (no schematic): sky130_fd_bd_sram__sram_sp_wlstrapa_p_met2
Flatten layout cell (no schematic): sky130_fd_bd_sram__sram_sp_wlstrapa_p_p1m_siz
Flatten layout cell (no schematic): sp_cell_array_right
Flatten layout cell (no schematic): sp_cell_array_corner_ll
Flatten layout cell (no schematic): sp_cell_array_bot
Flatten layout cell (no schematic): sram_sp_colenda_p_cent
Flatten layout cell (no schematic): sky130_fd_bd_sram__sram_sp_colend_p_cent_m2_2
Flatten layout cell (no schematic): sky130_fd_bd_sram__sram_sp_colend_p_cent_ce_2
Flatten layout cell (no schematic): sky130_fd_bd_sram__sram_sp_colenda_p_cent_p1m_siz
Flatten layout cell (no schematic): sp_cell_array_corner_lr
Flatten layout cell (no schematic): via_4125
Flatten layout cell (no schematic): via_4126
Flatten layout cell (no schematic): via_4127
Flatten layout cell (no schematic): via_4128
Flatten layout cell (no schematic): via_4129
Flatten layout cell (no schematic): via_4130
Flatten layout cell (no schematic): via_4131
Flatten layout cell (no schematic): via_4132
Flatten layout cell (no schematic): via_4133
Flatten layout cell (no schematic): via_4134
Flatten layout cell (no schematic): via_4135
Flatten layout cell (no schematic): via_4136
Flatten layout cell (no schematic): via_4137
Flatten layout cell (no schematic): via_4138
Flatten layout cell (no schematic): via_4139
Flatten layout cell (no schematic): via_4140
Flatten layout cell (no schematic): via_4141
Flatten layout cell (no schematic): via_4142
Flatten layout cell (no schematic): via_4143
Flatten layout cell (no schematic): via_4144
Flatten layout cell (no schematic): column_cent_5
Flatten layout cell (no schematic): precharge_end_3
Flatten layout cell (no schematic): tgate_mux_end_1
Flatten layout cell (no schematic): via_168
Flatten layout cell (no schematic): via_169
Flatten layout cell (no schematic): via_170
Flatten layout cell (no schematic): via_1432
Flatten layout cell (no schematic): via_1433
Flatten layout cell (no schematic): via_1434
Flatten layout cell (no schematic): sense_amp_cent
Flatten layout cell (no schematic): via_174
Flatten layout cell (no schematic): via_175
Flatten layout cell (no schematic): via_176
Flatten layout cell (no schematic): via_177
Flatten layout cell (no schematic): via_178
Flatten layout cell (no schematic): via_179
Flatten layout cell (no schematic): write_driver_cent
Flatten layout cell (no schematic): via_180
Flatten layout cell (no schematic): via_181
Flatten layout cell (no schematic): via_182
Flatten layout cell (no schematic): via_183
Flatten layout cell (no schematic): via_184
Flatten layout cell (no schematic): via_185
Flatten layout cell (no schematic): diff_buf_cent
Flatten layout cell (no schematic): via_186
Flatten layout cell (no schematic): via_187
Flatten layout cell (no schematic): via_188
Flatten layout cell (no schematic): via_189
Flatten layout cell (no schematic): via_190
Flatten layout cell (no schematic): via_191
Flatten layout cell (no schematic): via_192
Flatten layout cell (no schematic): via_193
Flatten layout cell (no schematic): via_194
Flatten layout cell (no schematic): via_195
Flatten layout cell (no schematic): via_196
Flatten layout cell (no schematic): via_197
Flatten layout cell (no schematic): via_198
Flatten layout cell (no schematic): via_199
Flatten layout cell (no schematic): via_200
Flatten layout cell (no schematic): via_201
Flatten layout cell (no schematic): via_202
Flatten layout cell (no schematic): via_203
Flatten layout cell (no schematic): via_204
Flatten layout cell (no schematic): via_205
Flatten layout cell (no schematic): via_206
Flatten layout cell (no schematic): dff_col_1
Flatten layout cell (no schematic): column_3
Flatten layout cell (no schematic): precharge_2
Flatten layout cell (no schematic): tgate_mux_group_1
Flatten layout cell (no schematic): tgate_mux_9
Flatten layout cell (no schematic): tgate_mux_10
Flatten layout cell (no schematic): tgate_mux_8
Flatten layout cell (no schematic): tgate_mux_11
Flatten layout cell (no schematic): tgate_mux_12
Flatten layout cell (no schematic): tgate_mux_13
Flatten layout cell (no schematic): tgate_mux_14
Flatten layout cell (no schematic): tgate_mux_15
Flatten layout cell (no schematic): via_1427
Flatten layout cell (no schematic): via_1428
Flatten layout cell (no schematic): via_70
Flatten layout cell (no schematic): via_71
Flatten layout cell (no schematic): via_72
Flatten layout cell (no schematic): via_73
Flatten layout cell (no schematic): via_74
Flatten layout cell (no schematic): via_75
Flatten layout cell (no schematic): via_76
Flatten layout cell (no schematic): via_77
Flatten layout cell (no schematic): via_78
Flatten layout cell (no schematic): via_79
Flatten layout cell (no schematic): via_80
Flatten layout cell (no schematic): via_81
Flatten layout cell (no schematic): via_82
Flatten layout cell (no schematic): via_83
Flatten layout cell (no schematic): via_84
Flatten layout cell (no schematic): via_85
Flatten layout cell (no schematic): via_86
Flatten layout cell (no schematic): via_87
Flatten layout cell (no schematic): via_88
Flatten layout cell (no schematic): via_89
Flatten layout cell (no schematic): mos_3
Flatten layout cell (no schematic): mos_4
Flatten layout cell (no schematic): via_7
Flatten layout cell (no schematic): via_9
Flatten layout cell (no schematic): via_93
Flatten layout cell (no schematic): via_94
Flatten layout cell (no schematic): via_95
Flatten layout cell (no schematic): via_96
Flatten layout cell (no schematic): via_97
Flatten layout cell (no schematic): via_98
Flatten layout cell (no schematic): via_99
Flatten layout cell (no schematic): via_100
Flatten layout cell (no schematic): via_101
Flatten layout cell (no schematic): via_102
Flatten layout cell (no schematic): via_103
Flatten layout cell (no schematic): via_104
Flatten layout cell (no schematic): via_105
Flatten layout cell (no schematic): via_106
Flatten layout cell (no schematic): via_107
Flatten layout cell (no schematic): via_108
Flatten layout cell (no schematic): via_109
Flatten layout cell (no schematic): via_110
Flatten layout cell (no schematic): via_111
Flatten layout cell (no schematic): via_112
Flatten layout cell (no schematic): via_113
Flatten layout cell (no schematic): via_114
Flatten layout cell (no schematic): via_115
Flatten layout cell (no schematic): via_116
Flatten layout cell (no schematic): via_117
Flatten layout cell (no schematic): via_118
Flatten layout cell (no schematic): via_119
Flatten layout cell (no schematic): via_120
Flatten layout cell (no schematic): via_121
Flatten layout cell (no schematic): via_122
Flatten layout cell (no schematic): via_123
Flatten layout cell (no schematic): via_124
Flatten layout cell (no schematic): via_125
Flatten layout cell (no schematic): via_126
Flatten layout cell (no schematic): via_127
Flatten layout cell (no schematic): via_128
Flatten layout cell (no schematic): via_129
Flatten layout cell (no schematic): via_130
Flatten layout cell (no schematic): via_131
Flatten layout cell (no schematic): via_132
Flatten layout cell (no schematic): via_133
Flatten layout cell (no schematic): via_134
Flatten layout cell (no schematic): via_135
Flatten layout cell (no schematic): via_136
Flatten layout cell (no schematic): via_137
Flatten layout cell (no schematic): via_138
Flatten layout cell (no schematic): via_139
Flatten layout cell (no schematic): via_140
Flatten layout cell (no schematic): via_141
Flatten layout cell (no schematic): via_142
Flatten layout cell (no schematic): via_143
Flatten layout cell (no schematic): via_144
Flatten layout cell (no schematic): via_145
Flatten layout cell (no schematic): via_146
Flatten layout cell (no schematic): decoder_via
Flatten layout cell (no schematic): decoder_via_1
Flatten layout cell (no schematic): decoder_via_2
Flatten layout cell (no schematic): decoder_via_3
Flatten layout cell (no schematic): mos_6
Flatten layout cell (no schematic): dff_col
Flatten layout cell (no schematic): via_5
Flatten layout cell (no schematic): via_6
Flatten layout cell (no schematic): tapped_dff
Flatten layout cell (no schematic): via
Flatten layout cell (no schematic): via_1
Flatten layout cell (no schematic): via_2
Flatten layout cell (no schematic): via_3
Flatten layout cell (no schematic): via_4
Flatten layout cell (no schematic): via_155
Flatten layout cell (no schematic): via_156
Flatten layout cell (no schematic): via_157
Flatten layout cell (no schematic): via_158
Flatten layout cell (no schematic): via_159
Flatten layout cell (no schematic): via_160
Flatten layout cell (no schematic): via_161
Flatten layout cell (no schematic): via_162
Flatten layout cell (no schematic): via_163
Flatten layout cell (no schematic): via_164
Flatten layout cell (no schematic): column_cent_4
Flatten layout cell (no schematic): precharge_cent_1
Flatten layout cell (no schematic): tgate_mux_cent_1
Flatten layout cell (no schematic): peripherals_wmask_1
Flatten layout cell (no schematic): decoder_tap
Flatten layout cell (no schematic): decoder_via_6
Flatten layout cell (no schematic): decoder_via_7
Flatten layout cell (no schematic): decoder_via_8
Flatten layout cell (no schematic): decoder_via_9
Flatten layout cell (no schematic): decoder_gate
Flatten layout cell (no schematic): decoder_via_4
Flatten layout cell (no schematic): decoder_via_5
Flatten layout cell (no schematic): decoder_tap_1
Flatten layout cell (no schematic): decoder_via_14
Flatten layout cell (no schematic): decoder_via_15
Flatten layout cell (no schematic): decoder_via_16
Flatten layout cell (no schematic): decoder_via_17
Flatten layout cell (no schematic): decoder_gate_2
Flatten layout cell (no schematic): decoder_via_10
Flatten layout cell (no schematic): decoder_via_11
Flatten layout cell (no schematic): decoder_via_12
Flatten layout cell (no schematic): decoder_via_13
Flatten layout cell (no schematic): decoder_tap_2
Flatten layout cell (no schematic): decoder_via_22
Flatten layout cell (no schematic): decoder_via_23
Flatten layout cell (no schematic): decoder_via_24
Flatten layout cell (no schematic): decoder_via_25
Flatten layout cell (no schematic): decoder_gate_4
Flatten layout cell (no schematic): decoder_via_18
Flatten layout cell (no schematic): decoder_via_19
Flatten layout cell (no schematic): decoder_via_20
Flatten layout cell (no schematic): decoder_via_21
Flatten layout cell (no schematic): decoder_via_26
Flatten layout cell (no schematic): decoder_via_27
Flatten layout cell (no schematic): via_236
Flatten layout cell (no schematic): via_237
Flatten layout cell (no schematic): via_238
Flatten layout cell (no schematic): via_239
Flatten layout cell (no schematic): via_240
Flatten layout cell (no schematic): via_241
Flatten layout cell (no schematic): via_242
Flatten layout cell (no schematic): via_243
Flatten layout cell (no schematic): via_244
Flatten layout cell (no schematic): via_245
Flatten layout cell (no schematic): via_246
Flatten layout cell (no schematic): via_247
Flatten layout cell (no schematic): via_248
Flatten layout cell (no schematic): via_249
Flatten layout cell (no schematic): via_250
Flatten layout cell (no schematic): via_251
Flatten layout cell (no schematic): via_252
Flatten layout cell (no schematic): via_253
Flatten layout cell (no schematic): via_254
Flatten layout cell (no schematic): via_255
Flatten layout cell (no schematic): via_256
Flatten layout cell (no schematic): via_257
Flatten layout cell (no schematic): via_258
Flatten layout cell (no schematic): via_259
Flatten layout cell (no schematic): via_260
Flatten layout cell (no schematic): via_261
Flatten layout cell (no schematic): via_262
Flatten layout cell (no schematic): via_263
Flatten layout cell (no schematic): via_264
Flatten layout cell (no schematic): via_265
Flatten layout cell (no schematic): via_266
Flatten layout cell (no schematic): via_267
Flatten layout cell (no schematic): via_268
Flatten layout cell (no schematic): via_269
Flatten layout cell (no schematic): via_270
Flatten layout cell (no schematic): via_271
Flatten layout cell (no schematic): via_272
Flatten layout cell (no schematic): via_273
Flatten layout cell (no schematic): via_274
Flatten layout cell (no schematic): via_275
Flatten layout cell (no schematic): via_276
Flatten layout cell (no schematic): via_277
Flatten layout cell (no schematic): via_278
Flatten layout cell (no schematic): via_279
Flatten layout cell (no schematic): via_280
Flatten layout cell (no schematic): via_281
Flatten layout cell (no schematic): via_282
Flatten layout cell (no schematic): via_283
Flatten layout cell (no schematic): via_284
Flatten layout cell (no schematic): via_285
Flatten layout cell (no schematic): via_286
Flatten layout cell (no schematic): via_287
Flatten layout cell (no schematic): via_288
Flatten layout cell (no schematic): via_289
Flatten layout cell (no schematic): via_290
Flatten layout cell (no schematic): via_291
Flatten layout cell (no schematic): via_292
Flatten layout cell (no schematic): via_293
Flatten layout cell (no schematic): via_294
Flatten layout cell (no schematic): via_295
Flatten layout cell (no schematic): via_296
Flatten layout cell (no schematic): via_297
Flatten layout cell (no schematic): via_298
Flatten layout cell (no schematic): via_299
Flatten layout cell (no schematic): via_300
Flatten layout cell (no schematic): via_301
Flatten layout cell (no schematic): via_302
Flatten layout cell (no schematic): via_303
Flatten layout cell (no schematic): via_304
Flatten layout cell (no schematic): via_305
Flatten layout cell (no schematic): via_306
Flatten layout cell (no schematic): via_307
Flatten layout cell (no schematic): via_308
Flatten layout cell (no schematic): via_309
Flatten layout cell (no schematic): via_310
Flatten layout cell (no schematic): via_311
Flatten layout cell (no schematic): via_312
Flatten layout cell (no schematic): via_313
Flatten layout cell (no schematic): via_314
Flatten layout cell (no schematic): via_315
Flatten layout cell (no schematic): via_1462
Flatten layout cell (no schematic): decoder_tap_7
Flatten layout cell (no schematic): decoder_via_98
Flatten layout cell (no schematic): decoder_via_99
Flatten layout cell (no schematic): decoder_via_100
Flatten layout cell (no schematic): decoder_via_101
Flatten layout cell (no schematic): decoder_gate_14
Flatten layout cell (no schematic): decoder_via_94
Flatten layout cell (no schematic): decoder_via_95
Flatten layout cell (no schematic): decoder_via_96
Flatten layout cell (no schematic): decoder_via_97
Flatten layout cell (no schematic): decoder_gate_15
Flatten layout cell (no schematic): decoder_tap_28
Flatten layout cell (no schematic): decoder_via_315
Flatten layout cell (no schematic): decoder_via_337
Flatten layout cell (no schematic): decoder_via_317
Flatten layout cell (no schematic): decoder_via_338
Flatten layout cell (no schematic): decoder_gate_56
Flatten layout cell (no schematic): via_1435
Flatten layout cell (no schematic): via_1436
Flatten layout cell (no schematic): via_1437
Flatten layout cell (no schematic): via_1438
Flatten layout cell (no schematic): via_1439
Flatten layout cell (no schematic): via_1440
Flatten layout cell (no schematic): via_1441
Flatten layout cell (no schematic): via_1442
Flatten layout cell (no schematic): via_1443
Flatten layout cell (no schematic): via_1444
Flatten layout cell (no schematic): via_1445
Flatten layout cell (no schematic): via_1446
Flatten layout cell (no schematic): via_1447
Flatten layout cell (no schematic): via_1448
Flatten layout cell (no schematic): via_1449
Flatten layout cell (no schematic): via_1450
Flatten layout cell (no schematic): decoder_via_349
Flatten layout cell (no schematic): sky130_fd_sc_hs__tap_2
Flatten layout cell (no schematic): via_335
Flatten layout cell (no schematic): via_336
Flatten layout cell (no schematic): via_345
Flatten layout cell (no schematic): via_346
Flatten layout cell (no schematic): via_347
Flatten layout cell (no schematic): via_348
Flatten layout cell (no schematic): via_349
Flatten layout cell (no schematic): via_350
Flatten layout cell (no schematic): via_353
Flatten layout cell (no schematic): via_354
Flatten layout cell (no schematic): via_357
Flatten layout cell (no schematic): via_358
Flatten layout cell (no schematic): via_389
Flatten layout cell (no schematic): via_390
Flatten layout cell (no schematic): via_405
Flatten layout cell (no schematic): via_406
Flatten layout cell (no schematic): via_409
Flatten layout cell (no schematic): via_410
Flatten layout cell (no schematic): via_422
Flatten layout cell (no schematic): via_423
Flatten layout cell (no schematic): via_428
Flatten layout cell (no schematic): via_433
Flatten layout cell (no schematic): via_434
Flatten layout cell (no schematic): via_435
Flatten layout cell (no schematic): via_436
Flatten layout cell (no schematic): via_437
Flatten layout cell (no schematic): via_438
Flatten layout cell (no schematic): via_449
Flatten layout cell (no schematic): via_450
Flatten layout cell (no schematic): via_455
Flatten layout cell (no schematic): via_456
Flatten layout cell (no schematic): via_395
Flatten layout cell (no schematic): via_403
Flatten layout cell (no schematic): via_404
Flatten layout cell (no schematic): via_407
Flatten layout cell (no schematic): via_408
Flatten layout cell (no schematic): via_411
Flatten layout cell (no schematic): via_417
Flatten layout cell (no schematic): via_418
Flatten layout cell (no schematic): via_419
Flatten layout cell (no schematic): via_424
Flatten layout cell (no schematic): via_425
Flatten layout cell (no schematic): via_426
Flatten layout cell (no schematic): via_427
Flatten layout cell (no schematic): via_431
Flatten layout cell (no schematic): via_432
Flatten layout cell (no schematic): via_445
Flatten layout cell (no schematic): via_446
Flatten layout cell (no schematic): via_447
Flatten layout cell (no schematic): via_448
Flatten layout cell (no schematic): via_457
Flatten layout cell (no schematic): via_458
Flatten layout cell (no schematic): via_459
Flatten layout cell (no schematic): via_460
Flatten layout cell (no schematic): via_343
Flatten layout cell (no schematic): via_344
Flatten layout cell (no schematic): via_361
Flatten layout cell (no schematic): via_374
Flatten layout cell (no schematic): via_375
Flatten layout cell (no schematic): via_378
Flatten layout cell (no schematic): via_379
Flatten layout cell (no schematic): via_381
Flatten layout cell (no schematic): via_386
Flatten layout cell (no schematic): via_387
Flatten layout cell (no schematic): via_388
Flatten layout cell (no schematic): via_391
Flatten layout cell (no schematic): via_392
Flatten layout cell (no schematic): via_393
Flatten layout cell (no schematic): via_394
Flatten layout cell (no schematic): via_370
Flatten layout cell (no schematic): via_371
Flatten layout cell (no schematic): via_372
Flatten layout cell (no schematic): via_461
Flatten layout cell (no schematic): via_462
Flatten layout cell (no schematic): via_373
Flatten layout cell (no schematic): via_341
Flatten layout cell (no schematic): via_351
Flatten layout cell (no schematic): via_415
Flatten layout cell (no schematic): via_416
Flatten layout cell (no schematic): via_376
Flatten layout cell (no schematic): via_377
Flatten layout cell (no schematic): via_352
Flatten layout cell (no schematic): via_421
Flatten layout cell (no schematic): via_355
Flatten layout cell (no schematic): via_384
Flatten layout cell (no schematic): via_356
Flatten layout cell (no schematic): via_342
Flatten layout cell (no schematic): via_429
Flatten layout cell (no schematic): via_430
Flatten layout cell (no schematic): via_359
Flatten layout cell (no schematic): via_360
Flatten layout cell (no schematic): via_363
Flatten layout cell (no schematic): via_367
Flatten layout cell (no schematic): via_439
Flatten layout cell (no schematic): via_440
Flatten layout cell (no schematic): via_441
Flatten layout cell (no schematic): via_368
Flatten layout cell (no schematic): via_369
Flatten layout cell (no schematic): via_400
Flatten layout cell (no schematic): via_401
Flatten layout cell (no schematic): via_402
Flatten layout cell (no schematic): via_337
Flatten layout cell (no schematic): via_338
Flatten layout cell (no schematic): via_339
Flatten layout cell (no schematic): via_340
Flatten layout cell (no schematic): via_451
Flatten layout cell (no schematic): via_452
Flatten layout cell (no schematic): via_454
Flatten layout cell (no schematic): via_399
Flatten layout cell (no schematic): via_383
Flatten layout cell (no schematic): via_442
Flatten layout cell (no schematic): via_443
Flatten layout cell (no schematic): via_444
Flatten layout cell (no schematic): via_364
Flatten layout cell (no schematic): via_397
Flatten layout cell (no schematic): via_398
Flatten layout cell (no schematic): via_413
Flatten layout cell (no schematic): via_414
Flatten layout cell (no schematic): via_362
Flatten layout cell (no schematic): via_412
Flatten layout cell (no schematic): via_396
Flatten layout cell (no schematic): via_382
Flatten layout cell (no schematic): via_365
Flatten layout cell (no schematic): via_453
Flatten layout cell (no schematic): via_366
Flatten layout cell (no schematic): via_385
Flatten layout cell (no schematic): via_380
Flatten layout cell (no schematic): via_420
Flatten layout cell (no schematic): sky130_fd_bd_sram__sram_sp_cell_fom_serifs
Flatten layout cell (no schematic): sky130_fd_bd_sram__sram_sp_cell_fom_serifs_2
Flatten layout cell (no schematic): sky130_fd_bd_sram__sram_sp_cell_fom_serifs_3
Flatten layout cell (no schematic): sky130_fd_bd_sram__sram_sp_cell_fom_serifs_4
Flatten layout cell (no schematic): decoder_tap_3
Flatten layout cell (no schematic): decoder_via_32
Flatten layout cell (no schematic): decoder_via_33
Flatten layout cell (no schematic): decoder_via_34
Flatten layout cell (no schematic): decoder_via_35
Flatten layout cell (no schematic): decoder_gate_6
Flatten layout cell (no schematic): decoder_via_28
Flatten layout cell (no schematic): decoder_via_29
Flatten layout cell (no schematic): decoder_via_30
Flatten layout cell (no schematic): decoder_via_31
Flatten layout cell (no schematic): decoder_via_36
Flatten layout cell (no schematic): decoder_via_37
Flatten layout cell (no schematic): decoder_via_38
Flatten layout cell (no schematic): decoder_via_39
Flatten layout cell (no schematic): decoder_via_40
Flatten layout cell (no schematic): decoder_via_41
Flatten layout cell (no schematic): decoder_via_42
Flatten layout cell (no schematic): decoder_via_43
Flatten layout cell (no schematic): decoder_via_44
Flatten layout cell (no schematic): decoder_via_45
Flatten layout cell (no schematic): decoder_tap_25
Flatten layout cell (no schematic): decoder_via_344
Flatten layout cell (no schematic): decoder_via_345
Flatten layout cell (no schematic): decoder_gate_50
Flatten layout cell (no schematic): decoder_via_340
Flatten layout cell (no schematic): decoder_via_341
Flatten layout cell (no schematic): decoder_via_342
Flatten layout cell (no schematic): decoder_via_343
Flatten layout cell (no schematic): decoder_gate_51
Flatten layout cell (no schematic): decoder_tap_26
Flatten layout cell (no schematic): decoder_gate_52
Flatten layout cell (no schematic): decoder_via_346
Flatten layout cell (no schematic): column_mos_end
Flatten layout cell (no schematic): via_1319
Flatten layout cell (no schematic): via_1320
Flatten layout cell (no schematic): via_1321
Flatten layout cell (no schematic): via_1322
Flatten layout cell (no schematic): via_1323
Flatten layout cell (no schematic): via_1324
Flatten layout cell (no schematic): via_1325
Flatten layout cell (no schematic): via_1326
Flatten layout cell (no schematic): mos_37
Flatten layout cell (no schematic): mos_38
Flatten layout cell (no schematic): mos_39
Flatten layout cell (no schematic): via_1307
Flatten layout cell (no schematic): via_1309
Flatten layout cell (no schematic): via_1310
Flatten layout cell (no schematic): via_1311
Flatten layout cell (no schematic): via_1312
Flatten layout cell (no schematic): via_1313
Flatten layout cell (no schematic): via_1314
Flatten layout cell (no schematic): via_1315
Flatten layout cell (no schematic): via_1316
Flatten layout cell (no schematic): via_1317
Flatten layout cell (no schematic): via_1318
Flatten layout cell (no schematic): via_1293
Flatten layout cell (no schematic): precharge_end_2
Flatten layout cell (no schematic): via_1454
Flatten layout cell (no schematic): decoder_tap_8
Flatten layout cell (no schematic): decoder_via_102
Flatten layout cell (no schematic): decoder_via_103
Flatten layout cell (no schematic): decoder_via_104
Flatten layout cell (no schematic): decoder_via_105
Flatten layout cell (no schematic): decoder_gate_16
Flatten layout cell (no schematic): via_602
Flatten layout cell (no schematic): via_603
Flatten layout cell (no schematic): via_604
Flatten layout cell (no schematic): via_605
Flatten layout cell (no schematic): via_606
Flatten layout cell (no schematic): via_607
Flatten layout cell (no schematic): via_608
Flatten layout cell (no schematic): via_609
Flatten layout cell (no schematic): via_610
Flatten layout cell (no schematic): via_611
Flatten layout cell (no schematic): via_612
Flatten layout cell (no schematic): via_613
Flatten layout cell (no schematic): via_614
Flatten layout cell (no schematic): via_615
Flatten layout cell (no schematic): via_616
Flatten layout cell (no schematic): via_617
Flatten layout cell (no schematic): via_618
Flatten layout cell (no schematic): via_619
Flatten layout cell (no schematic): decoder_gate_17
Flatten layout cell (no schematic): decoder_tap_23
Flatten layout cell (no schematic): decoder_gate_46
Flatten layout cell (no schematic): decoder_gate_47
Flatten layout cell (no schematic): decoder_tap_24
Flatten layout cell (no schematic): decoder_gate_48
Flatten layout cell (no schematic): decoder_via_339
Flatten layout cell (no schematic): decoder_tap_27
Flatten layout cell (no schematic): decoder_via_347
Flatten layout cell (no schematic): decoder_via_348
Flatten layout cell (no schematic): decoder_gate_54
Flatten layout cell (no schematic): via_1465
Flatten layout cell (no schematic): via_1466
Flatten layout cell (no schematic): via_1467
Flatten layout cell (no schematic): via_1468
Flatten layout cell (no schematic): via_1469
Flatten layout cell (no schematic): via_1470
Flatten layout cell (no schematic): via_1471
Flatten layout cell (no schematic): via_1472
Flatten layout cell (no schematic): via_1473
Flatten layout cell (no schematic): via_1474
Flatten layout cell (no schematic): via_1475
Flatten layout cell (no schematic): via_1476
Flatten layout cell (no schematic): via_90
Flatten layout cell (no schematic): via_92
Flatten layout cell (no schematic): via_8
Flatten layout cell (no schematic): via_1308
Flatten layout cell (no schematic): via_211
Flatten layout cell (no schematic): via_212
Flatten layout cell (no schematic): via_220
Flatten layout cell (no schematic): via_221
Flatten layout cell (no schematic): via_230
Flatten layout cell (no schematic): via_231
Flatten layout cell (no schematic): via_597
Flatten layout cell (no schematic): via_598
Flatten layout cell (no schematic): via_1342
Flatten layout cell (no schematic): via_1451
Flatten layout cell (no schematic): via_321
Flatten layout cell (no schematic): via_322
Flatten layout cell (no schematic): via_620
Flatten layout cell (no schematic): via_621
Flatten layout cell (no schematic): via_1477
Flatten layout cell (no schematic): via_147
Flatten layout cell (no schematic): via_148
Flatten layout cell (no schematic): via_149
Flatten layout cell (no schematic): via_150
Flatten layout cell (no schematic): via_151
Flatten layout cell (no schematic): via_152
Flatten layout cell (no schematic): via_153
Flatten layout cell (no schematic): via_154
Flatten layout cell (no schematic): via_213
Flatten layout cell (no schematic): via_214
Flatten layout cell (no schematic): via_209
Flatten layout cell (no schematic): via_210
Flatten layout cell (no schematic): via_222
Flatten layout cell (no schematic): via_223
Flatten layout cell (no schematic): via_216
Flatten layout cell (no schematic): via_217
Flatten layout cell (no schematic): via_218
Flatten layout cell (no schematic): via_219
Flatten layout cell (no schematic): via_232
Flatten layout cell (no schematic): via_233
Flatten layout cell (no schematic): via_226
Flatten layout cell (no schematic): via_227
Flatten layout cell (no schematic): via_228
Flatten layout cell (no schematic): via_229
Flatten layout cell (no schematic): via_234
Flatten layout cell (no schematic): via_235
Flatten layout cell (no schematic): via_599
Flatten layout cell (no schematic): via_600
Flatten layout cell (no schematic): via_593
Flatten layout cell (no schematic): via_594
Flatten layout cell (no schematic): via_595
Flatten layout cell (no schematic): via_596
Flatten layout cell (no schematic): via_1344
Flatten layout cell (no schematic): via_1345
Flatten layout cell (no schematic): via_1452
Flatten layout cell (no schematic): via_1453
Flatten layout cell (no schematic): via_1463
Flatten layout cell (no schematic): via_323
Flatten layout cell (no schematic): via_324
Flatten layout cell (no schematic): via_317
Flatten layout cell (no schematic): via_318
Flatten layout cell (no schematic): via_319
Flatten layout cell (no schematic): via_320
Flatten layout cell (no schematic): via_325
Flatten layout cell (no schematic): via_326
Flatten layout cell (no schematic): via_327
Flatten layout cell (no schematic): via_328
Flatten layout cell (no schematic): via_329
Flatten layout cell (no schematic): via_330
Flatten layout cell (no schematic): via_331
Flatten layout cell (no schematic): via_332
Flatten layout cell (no schematic): via_333
Flatten layout cell (no schematic): via_334
Flatten layout cell (no schematic): via_1460
Flatten layout cell (no schematic): via_1461
Flatten layout cell (no schematic): via_1456
Flatten layout cell (no schematic): via_1457
Flatten layout cell (no schematic): via_1458
Flatten layout cell (no schematic): via_1459
Flatten layout cell (no schematic): via_1464
Flatten layout cell (no schematic): via_1480
Flatten layout cell (no schematic): via_622
Flatten layout cell (no schematic): via_623
Flatten layout cell (no schematic): via_624
Flatten layout cell (no schematic): via_625
Flatten layout cell (no schematic): via_1455
Flatten layout cell (no schematic): via_1478
Flatten layout cell (no schematic): via_1479
Flatten schematic circuit (no layout): AND2
Flatten schematic circuit (no layout): NAND2
Flatten schematic circuit (no layout): MOS_W2000_L150_M1_NF1_ID0
Flatten schematic circuit (no layout): SKY130_FD_PR__NFET_01V8(L=0.15,NF=1,W=2)
Flatten schematic circuit (no layout): MOS_W2500_L150_M1_NF1_ID1
Flatten schematic circuit (no layout): SKY130_FD_PR__PFET_01V8(L=0.15,NF=1,W=2.5)
Flatten schematic circuit (no layout): FOLDED_INV_1
Flatten schematic circuit (no layout): MOS_W5000_L150_M1_NF1_ID1
Flatten schematic circuit (no layout): SKY130_FD_PR__PFET_01V8(L=0.15,NF=1,W=5)
Flatten schematic circuit (no layout): DECODER
Flatten schematic circuit (no layout): DECODER_2
Flatten schematic circuit (no layout): DECODER_STAGE_8
Flatten schematic circuit (no layout): NAND3
Flatten schematic circuit (no layout): MOS_W3000_L150_M1_NF1_ID0
Flatten schematic circuit (no layout): SKY130_FD_PR__NFET_01V8(L=0.15,NF=1,W=3)
Flatten schematic circuit (no layout): FOLDED_INV_4
Flatten schematic circuit (no layout): MOS_W2750_L150_M1_NF1_ID1
Flatten schematic circuit (no layout): SKY130_FD_PR__PFET_01V8(L=0.15,NF=1,W=2.75)
Flatten schematic circuit (no layout): MOS_W1100_L150_M1_NF1_ID0
Flatten schematic circuit (no layout): SKY130_FD_PR__NFET_01V8(L=0.15,NF=1,W=1.1)
Flatten schematic circuit (no layout): DECODER_3
Flatten schematic circuit (no layout): DECODER_STAGE_9
Flatten schematic circuit (no layout): NAND2_1
Flatten schematic circuit (no layout): FOLDED_INV_5
Flatten schematic circuit (no layout): MOS_W3900_L150_M1_NF1_ID1
Flatten schematic circuit (no layout): SKY130_FD_PR__PFET_01V8(L=0.15,NF=1,W=3.9)
Flatten schematic circuit (no layout): MOS_W1550_L150_M1_NF1_ID0
Flatten schematic circuit (no layout): SKY130_FD_PR__NFET_01V8(L=0.15,NF=1,W=1.55)
Flatten schematic circuit (no layout): DECODER_STAGE_5
Flatten schematic circuit (no layout): AND2_1
Flatten schematic circuit (no layout): NAND2_2
Flatten schematic circuit (no layout): MOS_W2100_L150_M1_NF1_ID0
Flatten schematic circuit (no layout): SKY130_FD_PR__NFET_01V8(L=0.15,NF=1,W=2.1)
Flatten schematic circuit (no layout): MOS_W2650_L150_M1_NF1_ID1
Flatten schematic circuit (no layout): SKY130_FD_PR__PFET_01V8(L=0.15,NF=1,W=2.65)
Flatten schematic circuit (no layout): FOLDED_INV_6
Flatten schematic circuit (no layout): MOS_W2900_L150_M1_NF1_ID1
Flatten schematic circuit (no layout): SKY130_FD_PR__PFET_01V8(L=0.15,NF=1,W=2.9)
Flatten schematic circuit (no layout): MOS_W1150_L150_M1_NF1_ID0
Flatten schematic circuit (no layout): SKY130_FD_PR__NFET_01V8(L=0.15,NF=1,W=1.15)
Flatten schematic circuit (no layout): MULTI_FINGER_INV_6
Flatten schematic circuit (no layout): MOS_W700_L150_M1_NF1_ID1
Flatten schematic circuit (no layout): SKY130_FD_PR__PFET_01V8(L=0.15,NF=1,W=0.7)
Flatten schematic circuit (no layout): MOS_W700_L150_M1_NF1_ID0
Flatten schematic circuit (no layout): SKY130_FD_PR__NFET_01V8(L=0.15,NF=1,W=0.7)
Flatten schematic circuit (no layout): MULTI_FINGER_INV_7
Flatten schematic circuit (no layout): DECODER_STAGE_6
Flatten schematic circuit (no layout): MULTI_FINGER_INV_8
Flatten schematic circuit (no layout): MULTI_FINGER_INV_9
Flatten schematic circuit (no layout): MULTI_FINGER_INV_10
Flatten schematic circuit (no layout): SKY130_FD_SC_HS__INV_16_WRAPPER
Flatten schematic circuit (no layout): SKY130_FD_PR__PFET_01V8(L=0.15,NF=1,W=1.12)
Flatten schematic circuit (no layout): SKY130_FD_PR__NFET_01V8_LVT(L=0.15,NF=1,W=0.74)
Flatten schematic circuit (no layout): SKY130_FD_SC_HS__INV_2_WRAPPER
Flatten schematic circuit (no layout): SKY130_FD_SC_HS__INV_4_WRAPPER
Flatten schematic circuit (no layout): SKY130_FD_SC_HS__AND2_2_WRAPPER
Flatten schematic circuit (no layout): SKY130_FD_PR__PFET_01V8(L=0.15,NF=1,W=1)
Flatten schematic circuit (no layout): SKY130_FD_SC_HS__AND2_4_WRAPPER
Flatten schematic circuit (no layout): SKY130_FD_PR__PFET_01V8(L=0.15,NF=1,W=0.84)
Flatten schematic circuit (no layout): SKY130_FD_PR__NFET_01V8_LVT(L=0.15,NF=1,W=0.64)
Flatten schematic circuit (no layout): SKY130_FD_SC_HS__BUF_16_WRAPPER
Flatten schematic circuit (no layout): SKY130_FD_SC_HS__MUX2_4_WRAPPER
Flatten schematic circuit (no layout): SRAMGEN_SVT_INV_2_WRAPPER
Flatten schematic circuit (no layout): SKY130_FD_PR__NFET_01V8(L=0.15,NF=1,W=0.74)
Flatten schematic circuit (no layout): SRAMGEN_SVT_INV_4_WRAPPER
Flatten schematic circuit (no layout): SKY130_FD_SC_HS__NOR2_4_WRAPPER
Flatten schematic circuit (no layout): SKY130_FD_SC_HS__NAND2_4_WRAPPER
Flatten schematic circuit (no layout): SKY130_FD_SC_HS__NAND2_8_WRAPPER
Flatten schematic circuit (no layout): MOS_W1250_L150_M1_NF1_ID1
Flatten schematic circuit (no layout): SKY130_FD_PR__PFET_01V8(L=0.15,NF=1,W=1.25)
Flatten schematic circuit (no layout): MOS_W500_L150_M1_NF1_ID0
Flatten schematic circuit (no layout): SKY130_FD_PR__NFET_01V8(L=0.15,NF=1,W=0.5)
Flatten schematic circuit (no layout): MULTI_FINGER_INV
Flatten schematic circuit (no layout): MULTI_FINGER_INV_1
Flatten schematic circuit (no layout): MULTI_FINGER_INV_2
Flatten schematic circuit (no layout): DECODER_STAGE_2
Flatten schematic circuit (no layout): MULTI_FINGER_INV_3
Flatten schematic circuit (no layout): DECODER_STAGE_3
Flatten schematic circuit (no layout): MULTI_FINGER_INV_4
Flatten schematic circuit (no layout): DECODER_STAGE_4
Flatten schematic circuit (no layout): MULTI_FINGER_INV_5
Flatten schematic circuit (no layout): SKY130_FD_SC_HS__DFRBP_2_WRAPPER
Flatten schematic circuit (no layout): SKY130_FD_PR__PFET_01V8(L=0.15,NF=1,W=0.42)
Flatten schematic circuit (no layout): SKY130_FD_PR__NFET_01V8_LVT(L=0.15,NF=1,W=0.42)
Flatten schematic circuit (no layout): SRAM_SP_CELL_WRAPPER
Flatten schematic circuit (no layout): SKY130_FD_PR__SPECIAL_NFET_PASS(L=0.15,NF=1,W=0.14)
Flatten schematic circuit (no layout): SKY130_FD_PR__SPECIAL_NFET_LATCH(L=0.15,NF=1,W=0.21)
Flatten schematic circuit (no layout): SKY130_FD_PR__SPECIAL_PFET_PASS(L=25M,NF=1,W=0.14)
Flatten schematic circuit (no layout): SKY130_FD_PR__SPECIAL_PFET_PASS(L=0.15,NF=1,W=0.14)
Flatten schematic circuit (no layout): SRAM_SP_COLEND_WRAPPER
Flatten schematic circuit (no layout): SKY130_FD_PR__SPECIAL_NFET_PASS(L=0.14,NF=1,W=0.14)
Flatten schematic circuit (no layout): SRAM_SP_HSTRAP_WRAPPER
Flatten schematic circuit (no layout): SRAM_SP_HORIZ_WLSTRAP_P2_WRAPPER
Flatten schematic circuit (no layout): SKY130_FD_PR__NFET_01V8(L=0.15,NF=1,W=0.42)
Flatten schematic circuit (no layout): SRAM_SP_CELL_REPLICA_WRAPPER
Flatten schematic circuit (no layout): SRAM_SP_ROWTAPEND_REPLICA_WRAPPER
Flatten schematic circuit (no layout): COL_PERIPHERALS
Flatten schematic circuit (no layout): DFF_ARRAY_8
Flatten schematic circuit (no layout): DECODER_STAGE_7
Flatten schematic circuit (no layout): FOLDED_INV_2
Flatten schematic circuit (no layout): MOS_W1300_L150_M1_NF1_ID1
Flatten schematic circuit (no layout): SKY130_FD_PR__PFET_01V8(L=0.15,NF=1,W=1.3)
Flatten schematic circuit (no layout): MOS_W530_L150_M1_NF1_ID0
Flatten schematic circuit (no layout): SKY130_FD_PR__NFET_01V8(L=0.15,NF=1,W=0.53)
Flatten schematic circuit (no layout): FOLDED_INV_3
Flatten schematic circuit (no layout): MOS_W1400_L150_M1_NF1_ID1
Flatten schematic circuit (no layout): SKY130_FD_PR__PFET_01V8(L=0.15,NF=1,W=1.4)
Flatten schematic circuit (no layout): MOS_W550_L150_M1_NF1_ID0
Flatten schematic circuit (no layout): SKY130_FD_PR__NFET_01V8(L=0.15,NF=1,W=0.55)
Flatten schematic circuit (no layout): COLUMN
Flatten schematic circuit (no layout): MOS_W1350_L150_M1_NF1_ID1
Flatten schematic circuit (no layout): SKY130_FD_PR__PFET_01V8(L=0.15,NF=1,W=1.35)
Flatten schematic circuit (no layout): MOS_W800_L150_M1_NF1_ID1
Flatten schematic circuit (no layout): SKY130_FD_PR__PFET_01V8(L=0.15,NF=1,W=0.8)
Flatten schematic circuit (no layout): TGATE_MUX
Flatten schematic circuit (no layout): MOS_W1900_L150_M1_NF1_ID1
Flatten schematic circuit (no layout): SKY130_FD_PR__PFET_01V8(L=0.15,NF=1,W=1.9)
Flatten schematic circuit (no layout): MOS_W1300_L150_M1_NF1_ID0
Flatten schematic circuit (no layout): SKY130_FD_PR__NFET_01V8(L=0.15,NF=1,W=1.3)
Flatten schematic circuit (no layout): MOS_W1350_L150_M1_NF1_ID0
Flatten schematic circuit (no layout): SKY130_FD_PR__NFET_01V8(L=0.15,NF=1,W=1.35)
Flatten schematic circuit (no layout): SRAMGEN_SP_SENSE_AMP_WRAPPER
Flatten schematic circuit (no layout): SKY130_FD_PR__PFET_01V8(L=0.15,NF=2,W=1)
Flatten schematic circuit (no layout): SKY130_FD_PR__PFET_01V8(L=0.15,NF=2,W=2)
Flatten schematic circuit (no layout): SKY130_FD_PR__NFET_01V8(L=0.15,NF=4,W=1.68)
Flatten schematic circuit (no layout): SKY130_FD_PR__NFET_01V8(L=0.15,NF=2,W=1.68)
Flatten schematic circuit (no layout): FOLDED_INV_7
Flatten schematic circuit (no layout): MOS_W1000_L150_M1_NF1_ID1
Flatten schematic circuit (no layout): MOS_W600_L150_M1_NF1_ID0
Flatten schematic circuit (no layout): SKY130_FD_PR__NFET_01V8(L=0.15,NF=1,W=0.6)
Flatten schematic circuit (no layout): MOS_W1000_L150_M1_NF1_ID0
Flatten schematic circuit (no layout): SKY130_FD_PR__NFET_01V8(L=0.15,NF=1,W=1)
Flatten schematic circuit (no layout): PRECHARGE
Flatten schematic circuit (no layout): MOS_W500_L150_M1_NF1_ID1
Flatten schematic circuit (no layout): SKY130_FD_PR__PFET_01V8(L=0.15,NF=1,W=0.5)
Flatten schematic circuit (no layout): MOS_W800_L150_M1_NF1_ID0
Flatten schematic circuit (no layout): SKY130_FD_PR__NFET_01V8(L=0.15,NF=1,W=0.8)
Flatten schematic circuit (no layout): MOS_W2150_L150_M1_NF1_ID0
Flatten schematic circuit (no layout): SKY130_FD_PR__NFET_01V8(L=0.15,NF=1,W=2.15)
Flatten schematic circuit (no layout): MOS_W3050_L150_M1_NF1_ID1
Flatten schematic circuit (no layout): SKY130_FD_PR__PFET_01V8(L=0.15,NF=1,W=3.05)
Writing netlist: /work/campaigns/iscas_sustainability_extension/memory_compiler/gate3_attempt06_replacement_sram_backend_qualification/raw/physical/lvs/sram22_256x8m8w1_extracted.cir ..
Total elapsed: 51.350s  Memory: 602.00M
ERROR : Netlists don't match
