blocking_reason,citation,date_version,entity_id,evidence_kind,evidence_tier,experiment_hash,implementation_hash,measurement_model_boundary,pvt,qualification_status,quantity_id,quantity_name,source_id,source_type,technology_id,uncertainty_representation,unit,value,workload_id,record_origin,netlist_hash,physical_configuration,physical_configuration_hash,timing_constraint_hash,workload_hash,activity_file_hash
No matched independent characterization.,campaigns/iscas_sustainability_extension/green_refoundation_node_aware_carbon/green_matrix_v2/GREEN_MATRIX_V2_RAW.csv,2026-09-08,MP|U0|SBU_ALL_COORDINATES|none,DIAGNOSTIC,E4,7106bc2a8d7157a8940bcb279f56b88181bd5685fc35ebbcfe433122fdc45ae5,d636140c5ad3c21c45df0be70835bf4655d3613685f964b6f05fd81139aa5c41,SB_MP_IMPLEMENTATION_ONLY,UNDECLARED,TOOL_ESTIMATE,ME|MP|U0|SBU_ALL_COORDINATES|none|observed_macro_area_um2,observed_macro_area_um2,A10_LOGICAL_CONTROLS;A10_POSTROUTE_ACTIVITY_DIAGNOSTIC;SRC_SKYWATER_SKY130_PDK,POST_ROUTE_TOOL_ESTIMATE,SKY130,NOT_QUANTIFIED,um2,201266.5968,W0_READ_DOMINANT_SEED,V3_FOUNDATION,,,,,,
Coverage is incomplete and is not workload energy.,campaigns/iscas_sustainability_extension/green_refoundation_node_aware_carbon/green_matrix_v2/GREEN_MATRIX_V2_RAW.csv,2026-09-08,MP|U0|SBU_ALL_COORDINATES|none,DIAGNOSTIC,E3,7106bc2a8d7157a8940bcb279f56b88181bd5685fc35ebbcfe433122fdc45ae5,d636140c5ad3c21c45df0be70835bf4655d3613685f964b6f05fd81139aa5c41,SB_MP_IMPLEMENTATION_ONLY,UNDECLARED,DERIVED,ME|MP|U0|SBU_ALL_COORDINATES|none|activity_coverage_fraction,activity_coverage_fraction,A10_LOGICAL_CONTROLS;A10_POSTROUTE_ACTIVITY_DIAGNOSTIC;SRC_SKYWATER_SKY130_PDK,DERIVED_ACTIVITY_COVERAGE,SKY130,NOT_QUANTIFIED,probability,0.4868421052631579,W0_READ_DOMINANT_SEED,V3_FOUNDATION,,,,,,
Diagnostic power is not activity-qualified access energy.,campaigns/iscas_sustainability_extension/green_refoundation_node_aware_carbon/green_matrix_v2/GREEN_MATRIX_V2_RAW.csv,2026-09-08,MP|U0|SBU_ALL_COORDINATES|none,DIAGNOSTIC,E4,7106bc2a8d7157a8940bcb279f56b88181bd5685fc35ebbcfe433122fdc45ae5,d636140c5ad3c21c45df0be70835bf4655d3613685f964b6f05fd81139aa5c41,SB_MP_IMPLEMENTATION_ONLY,UNDECLARED,TOOL_ESTIMATE,ME|MP|U0|SBU_ALL_COORDINATES|none|diagnostic_tool_power_w,diagnostic_tool_power_w,A10_LOGICAL_CONTROLS;A10_POSTROUTE_ACTIVITY_DIAGNOSTIC;SRC_SKYWATER_SKY130_PDK,POST_ROUTE_TOOL_DIAGNOSTIC,SKY130,NOT_QUANTIFIED,W,0.001893166452646,W0_READ_DOMINANT_SEED,V3_FOUNDATION,,,,,,
Logical mask count is not a physical event rate.,campaigns/iscas_sustainability_extension/green_refoundation_node_aware_carbon/green_matrix_v2/GREEN_MATRIX_V2_RAW.csv,2026-09-08,MP|U0|SBU_ALL_COORDINATES|none,LOGICAL_CONTROL,E3,7106bc2a8d7157a8940bcb279f56b88181bd5685fc35ebbcfe433122fdc45ae5,d636140c5ad3c21c45df0be70835bf4655d3613685f964b6f05fd81139aa5c41,SB_MP_IMPLEMENTATION_ONLY,UNDECLARED,DERIVED,ME|MP|U0|SBU_ALL_COORDINATES|none|logical_pattern_count,logical_pattern_count,A10_LOGICAL_CONTROLS;A10_POSTROUTE_ACTIVITY_DIAGNOSTIC;SRC_SKYWATER_SKY130_PDK,EXACT_LOGICAL_ENUMERATION,SKY130,NOT_QUANTIFIED,count,64,W0_READ_DOMINANT_SEED,V3_FOUNDATION,,,,,,
Conditioned on enumerated masks; no P(f).,campaigns/iscas_sustainability_extension/green_refoundation_node_aware_carbon/green_matrix_v2/GREEN_MATRIX_V2_RAW.csv,2026-09-08,MP|U0|SBU_ALL_COORDINATES|none,LOGICAL_CONTROL,E3,7106bc2a8d7157a8940bcb279f56b88181bd5685fc35ebbcfe433122fdc45ae5,d636140c5ad3c21c45df0be70835bf4655d3613685f964b6f05fd81139aa5c41,SB_MP_IMPLEMENTATION_ONLY,UNDECLARED,DERIVED,ME|MP|U0|SBU_ALL_COORDINATES|none|logical_control_success_fraction,logical_control_success_fraction,A10_LOGICAL_CONTROLS;A10_POSTROUTE_ACTIVITY_DIAGNOSTIC;SRC_SKYWATER_SKY130_PDK,EXACT_LOGICAL_ENUMERATION,SKY130,NOT_QUANTIFIED,probability,0,W0_READ_DOMINANT_SEED,V3_FOUNDATION,,,,,,
Conditioned on enumerated masks; no P(f).,campaigns/iscas_sustainability_extension/green_refoundation_node_aware_carbon/green_matrix_v2/GREEN_MATRIX_V2_RAW.csv,2026-09-08,MP|U0|SBU_ALL_COORDINATES|none,LOGICAL_CONTROL,E3,7106bc2a8d7157a8940bcb279f56b88181bd5685fc35ebbcfe433122fdc45ae5,d636140c5ad3c21c45df0be70835bf4655d3613685f964b6f05fd81139aa5c41,SB_MP_IMPLEMENTATION_ONLY,UNDECLARED,DERIVED,ME|MP|U0|SBU_ALL_COORDINATES|none|logical_control_due_fraction,logical_control_due_fraction,A10_LOGICAL_CONTROLS;A10_POSTROUTE_ACTIVITY_DIAGNOSTIC;SRC_SKYWATER_SKY130_PDK,EXACT_LOGICAL_ENUMERATION,SKY130,NOT_QUANTIFIED,probability,0,W0_READ_DOMINANT_SEED,V3_FOUNDATION,,,,,,
Conditioned on enumerated masks; no P(f).,campaigns/iscas_sustainability_extension/green_refoundation_node_aware_carbon/green_matrix_v2/GREEN_MATRIX_V2_RAW.csv,2026-09-08,MP|U0|SBU_ALL_COORDINATES|none,LOGICAL_CONTROL,E3,7106bc2a8d7157a8940bcb279f56b88181bd5685fc35ebbcfe433122fdc45ae5,d636140c5ad3c21c45df0be70835bf4655d3613685f964b6f05fd81139aa5c41,SB_MP_IMPLEMENTATION_ONLY,UNDECLARED,DERIVED,ME|MP|U0|SBU_ALL_COORDINATES|none|logical_control_sdc_fraction,logical_control_sdc_fraction,A10_LOGICAL_CONTROLS;A10_POSTROUTE_ACTIVITY_DIAGNOSTIC;SRC_SKYWATER_SKY130_PDK,EXACT_LOGICAL_ENUMERATION,SKY130,NOT_QUANTIFIED,probability,1,W0_READ_DOMINANT_SEED,V3_FOUNDATION,,,,,,
Conditioned on enumerated masks; no P(f).,campaigns/iscas_sustainability_extension/green_refoundation_node_aware_carbon/green_matrix_v2/GREEN_MATRIX_V2_RAW.csv,2026-09-08,MP|U0|SBU_ALL_COORDINATES|none,LOGICAL_CONTROL,E3,7106bc2a8d7157a8940bcb279f56b88181bd5685fc35ebbcfe433122fdc45ae5,d636140c5ad3c21c45df0be70835bf4655d3613685f964b6f05fd81139aa5c41,SB_MP_IMPLEMENTATION_ONLY,UNDECLARED,DERIVED,ME|MP|U0|SBU_ALL_COORDINATES|none|logical_control_corrected_fraction,logical_control_corrected_fraction,A10_LOGICAL_CONTROLS;A10_POSTROUTE_ACTIVITY_DIAGNOSTIC;SRC_SKYWATER_SKY130_PDK,EXACT_LOGICAL_ENUMERATION,SKY130,NOT_QUANTIFIED,probability,0,W0_READ_DOMINANT_SEED,V3_FOUNDATION,,,,,,
Conditioned on enumerated masks; no P(f).,campaigns/iscas_sustainability_extension/green_refoundation_node_aware_carbon/green_matrix_v2/GREEN_MATRIX_V2_RAW.csv,2026-09-08,MP|U0|SBU_ALL_COORDINATES|none,LOGICAL_CONTROL,E3,7106bc2a8d7157a8940bcb279f56b88181bd5685fc35ebbcfe433122fdc45ae5,d636140c5ad3c21c45df0be70835bf4655d3613685f964b6f05fd81139aa5c41,SB_MP_IMPLEMENTATION_ONLY,UNDECLARED,DERIVED,ME|MP|U0|SBU_ALL_COORDINATES|none|logical_control_retry_fraction,logical_control_retry_fraction,A10_LOGICAL_CONTROLS;A10_POSTROUTE_ACTIVITY_DIAGNOSTIC;SRC_SKYWATER_SKY130_PDK,EXACT_LOGICAL_ENUMERATION,SKY130,NOT_QUANTIFIED,probability,0,W0_READ_DOMINANT_SEED,V3_FOUNDATION,,,,,,
Latency is not measured for the declared service policy.,campaigns/iscas_sustainability_extension/green_refoundation_node_aware_carbon/green_matrix_v2/GREEN_MATRIX_V2_RAW.csv,2026-09-08,MP|U0|SBU_ALL_COORDINATES|none,UNQUALIFIED,E0,7106bc2a8d7157a8940bcb279f56b88181bd5685fc35ebbcfe433122fdc45ae5,d636140c5ad3c21c45df0be70835bf4655d3613685f964b6f05fd81139aa5c41,REQUIRED_BOUNDARY_UNAVAILABLE,UNDECLARED,UNAVAILABLE,ME|MP|U0|SBU_ALL_COORDINATES|none|latency_s,latency_s,A10_LOGICAL_CONTROLS;A10_POSTROUTE_ACTIVITY_DIAGNOSTIC;SRC_SKYWATER_SKY130_PDK,ABSENT,SKY130,MISSING,s,,W0_READ_DOMINANT_SEED,V3_FOUNDATION,,,,,,
Activity-qualified architecture energy is unavailable.,campaigns/iscas_sustainability_extension/green_refoundation_node_aware_carbon/green_matrix_v2/GREEN_MATRIX_V2_RAW.csv,2026-09-08,MP|U0|SBU_ALL_COORDINATES|none,UNQUALIFIED,E0,7106bc2a8d7157a8940bcb279f56b88181bd5685fc35ebbcfe433122fdc45ae5,d636140c5ad3c21c45df0be70835bf4655d3613685f964b6f05fd81139aa5c41,REQUIRED_BOUNDARY_UNAVAILABLE,UNDECLARED,UNAVAILABLE,ME|MP|U0|SBU_ALL_COORDINATES|none|operational_energy_j,operational_energy_j,A10_LOGICAL_CONTROLS;A10_POSTROUTE_ACTIVITY_DIAGNOSTIC;SRC_SKYWATER_SKY130_PDK,ABSENT,SKY130,MISSING,J,,W0_READ_DOMINANT_SEED,V3_FOUNDATION,,,,,,
Physical SBU/DBU/MBU event probabilities are unavailable.,campaigns/iscas_sustainability_extension/green_refoundation_node_aware_carbon/green_matrix_v2/GREEN_MATRIX_V2_RAW.csv,2026-09-08,MP|U0|SBU_ALL_COORDINATES|none,UNQUALIFIED,E0,7106bc2a8d7157a8940bcb279f56b88181bd5685fc35ebbcfe433122fdc45ae5,d636140c5ad3c21c45df0be70835bf4655d3613685f964b6f05fd81139aa5c41,REQUIRED_BOUNDARY_UNAVAILABLE,UNDECLARED,UNAVAILABLE,ME|MP|U0|SBU_ALL_COORDINATES|none|physical_fault_probability,physical_fault_probability,A10_LOGICAL_CONTROLS;A10_POSTROUTE_ACTIVITY_DIAGNOSTIC;SRC_SKYWATER_SKY130_PDK,ABSENT,SKY130,MISSING,probability,,W0_READ_DOMINANT_SEED,V3_FOUNDATION,,,,,,
Logical mask frequencies cannot establish physical SDC.,campaigns/iscas_sustainability_extension/green_refoundation_node_aware_carbon/green_matrix_v2/GREEN_MATRIX_V2_RAW.csv,2026-09-08,MP|U0|SBU_ALL_COORDINATES|none,UNQUALIFIED,E0,7106bc2a8d7157a8940bcb279f56b88181bd5685fc35ebbcfe433122fdc45ae5,d636140c5ad3c21c45df0be70835bf4655d3613685f964b6f05fd81139aa5c41,REQUIRED_BOUNDARY_UNAVAILABLE,UNDECLARED,UNAVAILABLE,ME|MP|U0|SBU_ALL_COORDINATES|none|physical_sdc_probability,physical_sdc_probability,A10_LOGICAL_CONTROLS;A10_POSTROUTE_ACTIVITY_DIAGNOSTIC;SRC_SKYWATER_SKY130_PDK,ABSENT,SKY130,MISSING,probability,,W0_READ_DOMINANT_SEED,V3_FOUNDATION,,,,,,
Logical mask frequencies cannot establish physical DUE.,campaigns/iscas_sustainability_extension/green_refoundation_node_aware_carbon/green_matrix_v2/GREEN_MATRIX_V2_RAW.csv,2026-09-08,MP|U0|SBU_ALL_COORDINATES|none,UNQUALIFIED,E0,7106bc2a8d7157a8940bcb279f56b88181bd5685fc35ebbcfe433122fdc45ae5,d636140c5ad3c21c45df0be70835bf4655d3613685f964b6f05fd81139aa5c41,REQUIRED_BOUNDARY_UNAVAILABLE,UNDECLARED,UNAVAILABLE,ME|MP|U0|SBU_ALL_COORDINATES|none|physical_due_probability,physical_due_probability,A10_LOGICAL_CONTROLS;A10_POSTROUTE_ACTIVITY_DIAGNOSTIC;SRC_SKYWATER_SKY130_PDK,ABSENT,SKY130,MISSING,probability,,W0_READ_DOMINANT_SEED,V3_FOUNDATION,,,,,,
Matched SKY130 manufacturing inventory is unavailable.,campaigns/iscas_sustainability_extension/green_refoundation_node_aware_carbon/green_matrix_v2/GREEN_MATRIX_V2_RAW.csv,2026-09-08,MP|U0|SBU_ALL_COORDINATES|none,UNQUALIFIED,E0,7106bc2a8d7157a8940bcb279f56b88181bd5685fc35ebbcfe433122fdc45ae5,d636140c5ad3c21c45df0be70835bf4655d3613685f964b6f05fd81139aa5c41,REQUIRED_BOUNDARY_UNAVAILABLE,UNDECLARED,UNAVAILABLE,ME|MP|U0|SBU_ALL_COORDINATES|none|manufacturing_carbon_kgco2e,manufacturing_carbon_kgco2e,SRC_SKYWATER_SKY130_PDK,ABSENT,SKY130,MISSING,kgCO2e,,W0_READ_DOMINANT_SEED,V3_FOUNDATION,,,,,,
No matched independent characterization.,campaigns/iscas_sustainability_extension/green_refoundation_node_aware_carbon/green_matrix_v2/GREEN_MATRIX_V2_RAW.csv,2026-09-08,MP|U0|DBU_ALL_PAIRS|none,DIAGNOSTIC,E4,7106bc2a8d7157a8940bcb279f56b88181bd5685fc35ebbcfe433122fdc45ae5,3fa146e2cad85134f648552e13e0d0a2d87abf3bceacf589658ac077aec836e0,SB_MP_IMPLEMENTATION_ONLY,UNDECLARED,TOOL_ESTIMATE,ME|MP|U0|DBU_ALL_PAIRS|none|observed_macro_area_um2,observed_macro_area_um2,A10_LOGICAL_CONTROLS;A10_POSTROUTE_ACTIVITY_DIAGNOSTIC;SRC_SKYWATER_SKY130_PDK,POST_ROUTE_TOOL_ESTIMATE,SKY130,NOT_QUANTIFIED,um2,201266.5968,W0_READ_DOMINANT_SEED,V3_FOUNDATION,,,,,,
Coverage is incomplete and is not workload energy.,campaigns/iscas_sustainability_extension/green_refoundation_node_aware_carbon/green_matrix_v2/GREEN_MATRIX_V2_RAW.csv,2026-09-08,MP|U0|DBU_ALL_PAIRS|none,DIAGNOSTIC,E3,7106bc2a8d7157a8940bcb279f56b88181bd5685fc35ebbcfe433122fdc45ae5,3fa146e2cad85134f648552e13e0d0a2d87abf3bceacf589658ac077aec836e0,SB_MP_IMPLEMENTATION_ONLY,UNDECLARED,DERIVED,ME|MP|U0|DBU_ALL_PAIRS|none|activity_coverage_fraction,activity_coverage_fraction,A10_LOGICAL_CONTROLS;A10_POSTROUTE_ACTIVITY_DIAGNOSTIC;SRC_SKYWATER_SKY130_PDK,DERIVED_ACTIVITY_COVERAGE,SKY130,NOT_QUANTIFIED,probability,0.4868421052631579,W0_READ_DOMINANT_SEED,V3_FOUNDATION,,,,,,
Diagnostic power is not activity-qualified access energy.,campaigns/iscas_sustainability_extension/green_refoundation_node_aware_carbon/green_matrix_v2/GREEN_MATRIX_V2_RAW.csv,2026-09-08,MP|U0|DBU_ALL_PAIRS|none,DIAGNOSTIC,E4,7106bc2a8d7157a8940bcb279f56b88181bd5685fc35ebbcfe433122fdc45ae5,3fa146e2cad85134f648552e13e0d0a2d87abf3bceacf589658ac077aec836e0,SB_MP_IMPLEMENTATION_ONLY,UNDECLARED,TOOL_ESTIMATE,ME|MP|U0|DBU_ALL_PAIRS|none|diagnostic_tool_power_w,diagnostic_tool_power_w,A10_LOGICAL_CONTROLS;A10_POSTROUTE_ACTIVITY_DIAGNOSTIC;SRC_SKYWATER_SKY130_PDK,POST_ROUTE_TOOL_DIAGNOSTIC,SKY130,NOT_QUANTIFIED,W,0.001893166452646,W0_READ_DOMINANT_SEED,V3_FOUNDATION,,,,,,
Logical mask count is not a physical event rate.,campaigns/iscas_sustainability_extension/green_refoundation_node_aware_carbon/green_matrix_v2/GREEN_MATRIX_V2_RAW.csv,2026-09-08,MP|U0|DBU_ALL_PAIRS|none,LOGICAL_CONTROL,E3,7106bc2a8d7157a8940bcb279f56b88181bd5685fc35ebbcfe433122fdc45ae5,3fa146e2cad85134f648552e13e0d0a2d87abf3bceacf589658ac077aec836e0,SB_MP_IMPLEMENTATION_ONLY,UNDECLARED,DERIVED,ME|MP|U0|DBU_ALL_PAIRS|none|logical_pattern_count,logical_pattern_count,A10_LOGICAL_CONTROLS;A10_POSTROUTE_ACTIVITY_DIAGNOSTIC;SRC_SKYWATER_SKY130_PDK,EXACT_LOGICAL_ENUMERATION,SKY130,NOT_QUANTIFIED,count,2016,W0_READ_DOMINANT_SEED,V3_FOUNDATION,,,,,,
Conditioned on enumerated masks; no P(f).,campaigns/iscas_sustainability_extension/green_refoundation_node_aware_carbon/green_matrix_v2/GREEN_MATRIX_V2_RAW.csv,2026-09-08,MP|U0|DBU_ALL_PAIRS|none,LOGICAL_CONTROL,E3,7106bc2a8d7157a8940bcb279f56b88181bd5685fc35ebbcfe433122fdc45ae5,3fa146e2cad85134f648552e13e0d0a2d87abf3bceacf589658ac077aec836e0,SB_MP_IMPLEMENTATION_ONLY,UNDECLARED,DERIVED,ME|MP|U0|DBU_ALL_PAIRS|none|logical_control_success_fraction,logical_control_success_fraction,A10_LOGICAL_CONTROLS;A10_POSTROUTE_ACTIVITY_DIAGNOSTIC;SRC_SKYWATER_SKY130_PDK,EXACT_LOGICAL_ENUMERATION,SKY130,NOT_QUANTIFIED,probability,0,W0_READ_DOMINANT_SEED,V3_FOUNDATION,,,,,,
Conditioned on enumerated masks; no P(f).,campaigns/iscas_sustainability_extension/green_refoundation_node_aware_carbon/green_matrix_v2/GREEN_MATRIX_V2_RAW.csv,2026-09-08,MP|U0|DBU_ALL_PAIRS|none,LOGICAL_CONTROL,E3,7106bc2a8d7157a8940bcb279f56b88181bd5685fc35ebbcfe433122fdc45ae5,3fa146e2cad85134f648552e13e0d0a2d87abf3bceacf589658ac077aec836e0,SB_MP_IMPLEMENTATION_ONLY,UNDECLARED,DERIVED,ME|MP|U0|DBU_ALL_PAIRS|none|logical_control_due_fraction,logical_control_due_fraction,A10_LOGICAL_CONTROLS;A10_POSTROUTE_ACTIVITY_DIAGNOSTIC;SRC_SKYWATER_SKY130_PDK,EXACT_LOGICAL_ENUMERATION,SKY130,NOT_QUANTIFIED,probability,0,W0_READ_DOMINANT_SEED,V3_FOUNDATION,,,,,,
Conditioned on enumerated masks; no P(f).,campaigns/iscas_sustainability_extension/green_refoundation_node_aware_carbon/green_matrix_v2/GREEN_MATRIX_V2_RAW.csv,2026-09-08,MP|U0|DBU_ALL_PAIRS|none,LOGICAL_CONTROL,E3,7106bc2a8d7157a8940bcb279f56b88181bd5685fc35ebbcfe433122fdc45ae5,3fa146e2cad85134f648552e13e0d0a2d87abf3bceacf589658ac077aec836e0,SB_MP_IMPLEMENTATION_ONLY,UNDECLARED,DERIVED,ME|MP|U0|DBU_ALL_PAIRS|none|logical_control_sdc_fraction,logical_control_sdc_fraction,A10_LOGICAL_CONTROLS;A10_POSTROUTE_ACTIVITY_DIAGNOSTIC;SRC_SKYWATER_SKY130_PDK,EXACT_LOGICAL_ENUMERATION,SKY130,NOT_QUANTIFIED,probability,1,W0_READ_DOMINANT_SEED,V3_FOUNDATION,,,,,,
Conditioned on enumerated masks; no P(f).,campaigns/iscas_sustainability_extension/green_refoundation_node_aware_carbon/green_matrix_v2/GREEN_MATRIX_V2_RAW.csv,2026-09-08,MP|U0|DBU_ALL_PAIRS|none,LOGICAL_CONTROL,E3,7106bc2a8d7157a8940bcb279f56b88181bd5685fc35ebbcfe433122fdc45ae5,3fa146e2cad85134f648552e13e0d0a2d87abf3bceacf589658ac077aec836e0,SB_MP_IMPLEMENTATION_ONLY,UNDECLARED,DERIVED,ME|MP|U0|DBU_ALL_PAIRS|none|logical_control_corrected_fraction,logical_control_corrected_fraction,A10_LOGICAL_CONTROLS;A10_POSTROUTE_ACTIVITY_DIAGNOSTIC;SRC_SKYWATER_SKY130_PDK,EXACT_LOGICAL_ENUMERATION,SKY130,NOT_QUANTIFIED,probability,0,W0_READ_DOMINANT_SEED,V3_FOUNDATION,,,,,,
Conditioned on enumerated masks; no P(f).,campaigns/iscas_sustainability_extension/green_refoundation_node_aware_carbon/green_matrix_v2/GREEN_MATRIX_V2_RAW.csv,2026-09-08,MP|U0|DBU_ALL_PAIRS|none,LOGICAL_CONTROL,E3,7106bc2a8d7157a8940bcb279f56b88181bd5685fc35ebbcfe433122fdc45ae5,3fa146e2cad85134f648552e13e0d0a2d87abf3bceacf589658ac077aec836e0,SB_MP_IMPLEMENTATION_ONLY,UNDECLARED,DERIVED,ME|MP|U0|DBU_ALL_PAIRS|none|logical_control_retry_fraction,logical_control_retry_fraction,A10_LOGICAL_CONTROLS;A10_POSTROUTE_ACTIVITY_DIAGNOSTIC;SRC_SKYWATER_SKY130_PDK,EXACT_LOGICAL_ENUMERATION,SKY130,NOT_QUANTIFIED,probability,0,W0_READ_DOMINANT_SEED,V3_FOUNDATION,,,,,,
Latency is not measured for the declared service policy.,campaigns/iscas_sustainability_extension/green_refoundation_node_aware_carbon/green_matrix_v2/GREEN_MATRIX_V2_RAW.csv,2026-09-08,MP|U0|DBU_ALL_PAIRS|none,UNQUALIFIED,E0,7106bc2a8d7157a8940bcb279f56b88181bd5685fc35ebbcfe433122fdc45ae5,3fa146e2cad85134f648552e13e0d0a2d87abf3bceacf589658ac077aec836e0,REQUIRED_BOUNDARY_UNAVAILABLE,UNDECLARED,UNAVAILABLE,ME|MP|U0|DBU_ALL_PAIRS|none|latency_s,latency_s,A10_LOGICAL_CONTROLS;A10_POSTROUTE_ACTIVITY_DIAGNOSTIC;SRC_SKYWATER_SKY130_PDK,ABSENT,SKY130,MISSING,s,,W0_READ_DOMINANT_SEED,V3_FOUNDATION,,,,,,
Activity-qualified architecture energy is unavailable.,campaigns/iscas_sustainability_extension/green_refoundation_node_aware_carbon/green_matrix_v2/GREEN_MATRIX_V2_RAW.csv,2026-09-08,MP|U0|DBU_ALL_PAIRS|none,UNQUALIFIED,E0,7106bc2a8d7157a8940bcb279f56b88181bd5685fc35ebbcfe433122fdc45ae5,3fa146e2cad85134f648552e13e0d0a2d87abf3bceacf589658ac077aec836e0,REQUIRED_BOUNDARY_UNAVAILABLE,UNDECLARED,UNAVAILABLE,ME|MP|U0|DBU_ALL_PAIRS|none|operational_energy_j,operational_energy_j,A10_LOGICAL_CONTROLS;A10_POSTROUTE_ACTIVITY_DIAGNOSTIC;SRC_SKYWATER_SKY130_PDK,ABSENT,SKY130,MISSING,J,,W0_READ_DOMINANT_SEED,V3_FOUNDATION,,,,,,
Physical SBU/DBU/MBU event probabilities are unavailable.,campaigns/iscas_sustainability_extension/green_refoundation_node_aware_carbon/green_matrix_v2/GREEN_MATRIX_V2_RAW.csv,2026-09-08,MP|U0|DBU_ALL_PAIRS|none,UNQUALIFIED,E0,7106bc2a8d7157a8940bcb279f56b88181bd5685fc35ebbcfe433122fdc45ae5,3fa146e2cad85134f648552e13e0d0a2d87abf3bceacf589658ac077aec836e0,REQUIRED_BOUNDARY_UNAVAILABLE,UNDECLARED,UNAVAILABLE,ME|MP|U0|DBU_ALL_PAIRS|none|physical_fault_probability,physical_fault_probability,A10_LOGICAL_CONTROLS;A10_POSTROUTE_ACTIVITY_DIAGNOSTIC;SRC_SKYWATER_SKY130_PDK,ABSENT,SKY130,MISSING,probability,,W0_READ_DOMINANT_SEED,V3_FOUNDATION,,,,,,
Logical mask frequencies cannot establish physical SDC.,campaigns/iscas_sustainability_extension/green_refoundation_node_aware_carbon/green_matrix_v2/GREEN_MATRIX_V2_RAW.csv,2026-09-08,MP|U0|DBU_ALL_PAIRS|none,UNQUALIFIED,E0,7106bc2a8d7157a8940bcb279f56b88181bd5685fc35ebbcfe433122fdc45ae5,3fa146e2cad85134f648552e13e0d0a2d87abf3bceacf589658ac077aec836e0,REQUIRED_BOUNDARY_UNAVAILABLE,UNDECLARED,UNAVAILABLE,ME|MP|U0|DBU_ALL_PAIRS|none|physical_sdc_probability,physical_sdc_probability,A10_LOGICAL_CONTROLS;A10_POSTROUTE_ACTIVITY_DIAGNOSTIC;SRC_SKYWATER_SKY130_PDK,ABSENT,SKY130,MISSING,probability,,W0_READ_DOMINANT_SEED,V3_FOUNDATION,,,,,,
Logical mask frequencies cannot establish physical DUE.,campaigns/iscas_sustainability_extension/green_refoundation_node_aware_carbon/green_matrix_v2/GREEN_MATRIX_V2_RAW.csv,2026-09-08,MP|U0|DBU_ALL_PAIRS|none,UNQUALIFIED,E0,7106bc2a8d7157a8940bcb279f56b88181bd5685fc35ebbcfe433122fdc45ae5,3fa146e2cad85134f648552e13e0d0a2d87abf3bceacf589658ac077aec836e0,REQUIRED_BOUNDARY_UNAVAILABLE,UNDECLARED,UNAVAILABLE,ME|MP|U0|DBU_ALL_PAIRS|none|physical_due_probability,physical_due_probability,A10_LOGICAL_CONTROLS;A10_POSTROUTE_ACTIVITY_DIAGNOSTIC;SRC_SKYWATER_SKY130_PDK,ABSENT,SKY130,MISSING,probability,,W0_READ_DOMINANT_SEED,V3_FOUNDATION,,,,,,
Matched SKY130 manufacturing inventory is unavailable.,campaigns/iscas_sustainability_extension/green_refoundation_node_aware_carbon/green_matrix_v2/GREEN_MATRIX_V2_RAW.csv,2026-09-08,MP|U0|DBU_ALL_PAIRS|none,UNQUALIFIED,E0,7106bc2a8d7157a8940bcb279f56b88181bd5685fc35ebbcfe433122fdc45ae5,3fa146e2cad85134f648552e13e0d0a2d87abf3bceacf589658ac077aec836e0,REQUIRED_BOUNDARY_UNAVAILABLE,UNDECLARED,UNAVAILABLE,ME|MP|U0|DBU_ALL_PAIRS|none|manufacturing_carbon_kgco2e,manufacturing_carbon_kgco2e,SRC_SKYWATER_SKY130_PDK,ABSENT,SKY130,MISSING,kgCO2e,,W0_READ_DOMINANT_SEED,V3_FOUNDATION,,,,,,
No matched independent characterization.,campaigns/iscas_sustainability_extension/green_refoundation_node_aware_carbon/green_matrix_v2/GREEN_MATRIX_V2_RAW.csv,2026-09-08,MP|U0|LOGICAL_CONSECUTIVE_3|none,DIAGNOSTIC,E4,7106bc2a8d7157a8940bcb279f56b88181bd5685fc35ebbcfe433122fdc45ae5,4ae4d1d08f7f51bbbbf0fcc3edf681fa19e4cb6528d6eb5febcce7d38b2e965a,SB_MP_IMPLEMENTATION_ONLY,UNDECLARED,TOOL_ESTIMATE,ME|MP|U0|LOGICAL_CONSECUTIVE_3|none|observed_macro_area_um2,observed_macro_area_um2,A10_LOGICAL_CONTROLS;A10_POSTROUTE_ACTIVITY_DIAGNOSTIC;SRC_SKYWATER_SKY130_PDK,POST_ROUTE_TOOL_ESTIMATE,SKY130,NOT_QUANTIFIED,um2,201266.5968,W0_READ_DOMINANT_SEED,V3_FOUNDATION,,,,,,
Coverage is incomplete and is not workload energy.,campaigns/iscas_sustainability_extension/green_refoundation_node_aware_carbon/green_matrix_v2/GREEN_MATRIX_V2_RAW.csv,2026-09-08,MP|U0|LOGICAL_CONSECUTIVE_3|none,DIAGNOSTIC,E3,7106bc2a8d7157a8940bcb279f56b88181bd5685fc35ebbcfe433122fdc45ae5,4ae4d1d08f7f51bbbbf0fcc3edf681fa19e4cb6528d6eb5febcce7d38b2e965a,SB_MP_IMPLEMENTATION_ONLY,UNDECLARED,DERIVED,ME|MP|U0|LOGICAL_CONSECUTIVE_3|none|activity_coverage_fraction,activity_coverage_fraction,A10_LOGICAL_CONTROLS;A10_POSTROUTE_ACTIVITY_DIAGNOSTIC;SRC_SKYWATER_SKY130_PDK,DERIVED_ACTIVITY_COVERAGE,SKY130,NOT_QUANTIFIED,probability,0.4868421052631579,W0_READ_DOMINANT_SEED,V3_FOUNDATION,,,,,,
Diagnostic power is not activity-qualified access energy.,campaigns/iscas_sustainability_extension/green_refoundation_node_aware_carbon/green_matrix_v2/GREEN_MATRIX_V2_RAW.csv,2026-09-08,MP|U0|LOGICAL_CONSECUTIVE_3|none,DIAGNOSTIC,E4,7106bc2a8d7157a8940bcb279f56b88181bd5685fc35ebbcfe433122fdc45ae5,4ae4d1d08f7f51bbbbf0fcc3edf681fa19e4cb6528d6eb5febcce7d38b2e965a,SB_MP_IMPLEMENTATION_ONLY,UNDECLARED,TOOL_ESTIMATE,ME|MP|U0|LOGICAL_CONSECUTIVE_3|none|diagnostic_tool_power_w,diagnostic_tool_power_w,A10_LOGICAL_CONTROLS;A10_POSTROUTE_ACTIVITY_DIAGNOSTIC;SRC_SKYWATER_SKY130_PDK,POST_ROUTE_TOOL_DIAGNOSTIC,SKY130,NOT_QUANTIFIED,W,0.001893166452646,W0_READ_DOMINANT_SEED,V3_FOUNDATION,,,,,,
Logical mask count is not a physical event rate.,campaigns/iscas_sustainability_extension/green_refoundation_node_aware_carbon/green_matrix_v2/GREEN_MATRIX_V2_RAW.csv,2026-09-08,MP|U0|LOGICAL_CONSECUTIVE_3|none,LOGICAL_CONTROL,E3,7106bc2a8d7157a8940bcb279f56b88181bd5685fc35ebbcfe433122fdc45ae5,4ae4d1d08f7f51bbbbf0fcc3edf681fa19e4cb6528d6eb5febcce7d38b2e965a,SB_MP_IMPLEMENTATION_ONLY,UNDECLARED,DERIVED,ME|MP|U0|LOGICAL_CONSECUTIVE_3|none|logical_pattern_count,logical_pattern_count,A10_LOGICAL_CONTROLS;A10_POSTROUTE_ACTIVITY_DIAGNOSTIC;SRC_SKYWATER_SKY130_PDK,EXACT_LOGICAL_ENUMERATION,SKY130,NOT_QUANTIFIED,count,62,W0_READ_DOMINANT_SEED,V3_FOUNDATION,,,,,,
Conditioned on enumerated masks; no P(f).,campaigns/iscas_sustainability_extension/green_refoundation_node_aware_carbon/green_matrix_v2/GREEN_MATRIX_V2_RAW.csv,2026-09-08,MP|U0|LOGICAL_CONSECUTIVE_3|none,LOGICAL_CONTROL,E3,7106bc2a8d7157a8940bcb279f56b88181bd5685fc35ebbcfe433122fdc45ae5,4ae4d1d08f7f51bbbbf0fcc3edf681fa19e4cb6528d6eb5febcce7d38b2e965a,SB_MP_IMPLEMENTATION_ONLY,UNDECLARED,DERIVED,ME|MP|U0|LOGICAL_CONSECUTIVE_3|none|logical_control_success_fraction,logical_control_success_fraction,A10_LOGICAL_CONTROLS;A10_POSTROUTE_ACTIVITY_DIAGNOSTIC;SRC_SKYWATER_SKY130_PDK,EXACT_LOGICAL_ENUMERATION,SKY130,NOT_QUANTIFIED,probability,0,W0_READ_DOMINANT_SEED,V3_FOUNDATION,,,,,,
Conditioned on enumerated masks; no P(f).,campaigns/iscas_sustainability_extension/green_refoundation_node_aware_carbon/green_matrix_v2/GREEN_MATRIX_V2_RAW.csv,2026-09-08,MP|U0|LOGICAL_CONSECUTIVE_3|none,LOGICAL_CONTROL,E3,7106bc2a8d7157a8940bcb279f56b88181bd5685fc35ebbcfe433122fdc45ae5,4ae4d1d08f7f51bbbbf0fcc3edf681fa19e4cb6528d6eb5febcce7d38b2e965a,SB_MP_IMPLEMENTATION_ONLY,UNDECLARED,DERIVED,ME|MP|U0|LOGICAL_CONSECUTIVE_3|none|logical_control_due_fraction,logical_control_due_fraction,A10_LOGICAL_CONTROLS;A10_POSTROUTE_ACTIVITY_DIAGNOSTIC;SRC_SKYWATER_SKY130_PDK,EXACT_LOGICAL_ENUMERATION,SKY130,NOT_QUANTIFIED,probability,0,W0_READ_DOMINANT_SEED,V3_FOUNDATION,,,,,,
Conditioned on enumerated masks; no P(f).,campaigns/iscas_sustainability_extension/green_refoundation_node_aware_carbon/green_matrix_v2/GREEN_MATRIX_V2_RAW.csv,2026-09-08,MP|U0|LOGICAL_CONSECUTIVE_3|none,LOGICAL_CONTROL,E3,7106bc2a8d7157a8940bcb279f56b88181bd5685fc35ebbcfe433122fdc45ae5,4ae4d1d08f7f51bbbbf0fcc3edf681fa19e4cb6528d6eb5febcce7d38b2e965a,SB_MP_IMPLEMENTATION_ONLY,UNDECLARED,DERIVED,ME|MP|U0|LOGICAL_CONSECUTIVE_3|none|logical_control_sdc_fraction,logical_control_sdc_fraction,A10_LOGICAL_CONTROLS;A10_POSTROUTE_ACTIVITY_DIAGNOSTIC;SRC_SKYWATER_SKY130_PDK,EXACT_LOGICAL_ENUMERATION,SKY130,NOT_QUANTIFIED,probability,1,W0_READ_DOMINANT_SEED,V3_FOUNDATION,,,,,,
Conditioned on enumerated masks; no P(f).,campaigns/iscas_sustainability_extension/green_refoundation_node_aware_carbon/green_matrix_v2/GREEN_MATRIX_V2_RAW.csv,2026-09-08,MP|U0|LOGICAL_CONSECUTIVE_3|none,LOGICAL_CONTROL,E3,7106bc2a8d7157a8940bcb279f56b88181bd5685fc35ebbcfe433122fdc45ae5,4ae4d1d08f7f51bbbbf0fcc3edf681fa19e4cb6528d6eb5febcce7d38b2e965a,SB_MP_IMPLEMENTATION_ONLY,UNDECLARED,DERIVED,ME|MP|U0|LOGICAL_CONSECUTIVE_3|none|logical_control_corrected_fraction,logical_control_corrected_fraction,A10_LOGICAL_CONTROLS;A10_POSTROUTE_ACTIVITY_DIAGNOSTIC;SRC_SKYWATER_SKY130_PDK,EXACT_LOGICAL_ENUMERATION,SKY130,NOT_QUANTIFIED,probability,0,W0_READ_DOMINANT_SEED,V3_FOUNDATION,,,,,,
Conditioned on enumerated masks; no P(f).,campaigns/iscas_sustainability_extension/green_refoundation_node_aware_carbon/green_matrix_v2/GREEN_MATRIX_V2_RAW.csv,2026-09-08,MP|U0|LOGICAL_CONSECUTIVE_3|none,LOGICAL_CONTROL,E3,7106bc2a8d7157a8940bcb279f56b88181bd5685fc35ebbcfe433122fdc45ae5,4ae4d1d08f7f51bbbbf0fcc3edf681fa19e4cb6528d6eb5febcce7d38b2e965a,SB_MP_IMPLEMENTATION_ONLY,UNDECLARED,DERIVED,ME|MP|U0|LOGICAL_CONSECUTIVE_3|none|logical_control_retry_fraction,logical_control_retry_fraction,A10_LOGICAL_CONTROLS;A10_POSTROUTE_ACTIVITY_DIAGNOSTIC;SRC_SKYWATER_SKY130_PDK,EXACT_LOGICAL_ENUMERATION,SKY130,NOT_QUANTIFIED,probability,0,W0_READ_DOMINANT_SEED,V3_FOUNDATION,,,,,,
Latency is not measured for the declared service policy.,campaigns/iscas_sustainability_extension/green_refoundation_node_aware_carbon/green_matrix_v2/GREEN_MATRIX_V2_RAW.csv,2026-09-08,MP|U0|LOGICAL_CONSECUTIVE_3|none,UNQUALIFIED,E0,7106bc2a8d7157a8940bcb279f56b88181bd5685fc35ebbcfe433122fdc45ae5,4ae4d1d08f7f51bbbbf0fcc3edf681fa19e4cb6528d6eb5febcce7d38b2e965a,REQUIRED_BOUNDARY_UNAVAILABLE,UNDECLARED,UNAVAILABLE,ME|MP|U0|LOGICAL_CONSECUTIVE_3|none|latency_s,latency_s,A10_LOGICAL_CONTROLS;A10_POSTROUTE_ACTIVITY_DIAGNOSTIC;SRC_SKYWATER_SKY130_PDK,ABSENT,SKY130,MISSING,s,,W0_READ_DOMINANT_SEED,V3_FOUNDATION,,,,,,
Activity-qualified architecture energy is unavailable.,campaigns/iscas_sustainability_extension/green_refoundation_node_aware_carbon/green_matrix_v2/GREEN_MATRIX_V2_RAW.csv,2026-09-08,MP|U0|LOGICAL_CONSECUTIVE_3|none,UNQUALIFIED,E0,7106bc2a8d7157a8940bcb279f56b88181bd5685fc35ebbcfe433122fdc45ae5,4ae4d1d08f7f51bbbbf0fcc3edf681fa19e4cb6528d6eb5febcce7d38b2e965a,REQUIRED_BOUNDARY_UNAVAILABLE,UNDECLARED,UNAVAILABLE,ME|MP|U0|LOGICAL_CONSECUTIVE_3|none|operational_energy_j,operational_energy_j,A10_LOGICAL_CONTROLS;A10_POSTROUTE_ACTIVITY_DIAGNOSTIC;SRC_SKYWATER_SKY130_PDK,ABSENT,SKY130,MISSING,J,,W0_READ_DOMINANT_SEED,V3_FOUNDATION,,,,,,
Physical SBU/DBU/MBU event probabilities are unavailable.,campaigns/iscas_sustainability_extension/green_refoundation_node_aware_carbon/green_matrix_v2/GREEN_MATRIX_V2_RAW.csv,2026-09-08,MP|U0|LOGICAL_CONSECUTIVE_3|none,UNQUALIFIED,E0,7106bc2a8d7157a8940bcb279f56b88181bd5685fc35ebbcfe433122fdc45ae5,4ae4d1d08f7f51bbbbf0fcc3edf681fa19e4cb6528d6eb5febcce7d38b2e965a,REQUIRED_BOUNDARY_UNAVAILABLE,UNDECLARED,UNAVAILABLE,ME|MP|U0|LOGICAL_CONSECUTIVE_3|none|physical_fault_probability,physical_fault_probability,A10_LOGICAL_CONTROLS;A10_POSTROUTE_ACTIVITY_DIAGNOSTIC;SRC_SKYWATER_SKY130_PDK,ABSENT,SKY130,MISSING,probability,,W0_READ_DOMINANT_SEED,V3_FOUNDATION,,,,,,
Logical mask frequencies cannot establish physical SDC.,campaigns/iscas_sustainability_extension/green_refoundation_node_aware_carbon/green_matrix_v2/GREEN_MATRIX_V2_RAW.csv,2026-09-08,MP|U0|LOGICAL_CONSECUTIVE_3|none,UNQUALIFIED,E0,7106bc2a8d7157a8940bcb279f56b88181bd5685fc35ebbcfe433122fdc45ae5,4ae4d1d08f7f51bbbbf0fcc3edf681fa19e4cb6528d6eb5febcce7d38b2e965a,REQUIRED_BOUNDARY_UNAVAILABLE,UNDECLARED,UNAVAILABLE,ME|MP|U0|LOGICAL_CONSECUTIVE_3|none|physical_sdc_probability,physical_sdc_probability,A10_LOGICAL_CONTROLS;A10_POSTROUTE_ACTIVITY_DIAGNOSTIC;SRC_SKYWATER_SKY130_PDK,ABSENT,SKY130,MISSING,probability,,W0_READ_DOMINANT_SEED,V3_FOUNDATION,,,,,,
Logical mask frequencies cannot establish physical DUE.,campaigns/iscas_sustainability_extension/green_refoundation_node_aware_carbon/green_matrix_v2/GREEN_MATRIX_V2_RAW.csv,2026-09-08,MP|U0|LOGICAL_CONSECUTIVE_3|none,UNQUALIFIED,E0,7106bc2a8d7157a8940bcb279f56b88181bd5685fc35ebbcfe433122fdc45ae5,4ae4d1d08f7f51bbbbf0fcc3edf681fa19e4cb6528d6eb5febcce7d38b2e965a,REQUIRED_BOUNDARY_UNAVAILABLE,UNDECLARED,UNAVAILABLE,ME|MP|U0|LOGICAL_CONSECUTIVE_3|none|physical_due_probability,physical_due_probability,A10_LOGICAL_CONTROLS;A10_POSTROUTE_ACTIVITY_DIAGNOSTIC;SRC_SKYWATER_SKY130_PDK,ABSENT,SKY130,MISSING,probability,,W0_READ_DOMINANT_SEED,V3_FOUNDATION,,,,,,
Matched SKY130 manufacturing inventory is unavailable.,campaigns/iscas_sustainability_extension/green_refoundation_node_aware_carbon/green_matrix_v2/GREEN_MATRIX_V2_RAW.csv,2026-09-08,MP|U0|LOGICAL_CONSECUTIVE_3|none,UNQUALIFIED,E0,7106bc2a8d7157a8940bcb279f56b88181bd5685fc35ebbcfe433122fdc45ae5,4ae4d1d08f7f51bbbbf0fcc3edf681fa19e4cb6528d6eb5febcce7d38b2e965a,REQUIRED_BOUNDARY_UNAVAILABLE,UNDECLARED,UNAVAILABLE,ME|MP|U0|LOGICAL_CONSECUTIVE_3|none|manufacturing_carbon_kgco2e,manufacturing_carbon_kgco2e,SRC_SKYWATER_SKY130_PDK,ABSENT,SKY130,MISSING,kgCO2e,,W0_READ_DOMINANT_SEED,V3_FOUNDATION,,,,,,
No matched independent characterization.,campaigns/iscas_sustainability_extension/green_refoundation_node_aware_carbon/green_matrix_v2/GREEN_MATRIX_V2_RAW.csv,2026-09-08,MP|U0|LOGICAL_CONSECUTIVE_4|none,DIAGNOSTIC,E4,7106bc2a8d7157a8940bcb279f56b88181bd5685fc35ebbcfe433122fdc45ae5,3d87cacc02401043cb08feee29eccdc0bb7fdd5423fa8270114f52716f0ae950,SB_MP_IMPLEMENTATION_ONLY,UNDECLARED,TOOL_ESTIMATE,ME|MP|U0|LOGICAL_CONSECUTIVE_4|none|observed_macro_area_um2,observed_macro_area_um2,A10_LOGICAL_CONTROLS;A10_POSTROUTE_ACTIVITY_DIAGNOSTIC;SRC_SKYWATER_SKY130_PDK,POST_ROUTE_TOOL_ESTIMATE,SKY130,NOT_QUANTIFIED,um2,201266.5968,W0_READ_DOMINANT_SEED,V3_FOUNDATION,,,,,,
Coverage is incomplete and is not workload energy.,campaigns/iscas_sustainability_extension/green_refoundation_node_aware_carbon/green_matrix_v2/GREEN_MATRIX_V2_RAW.csv,2026-09-08,MP|U0|LOGICAL_CONSECUTIVE_4|none,DIAGNOSTIC,E3,7106bc2a8d7157a8940bcb279f56b88181bd5685fc35ebbcfe433122fdc45ae5,3d87cacc02401043cb08feee29eccdc0bb7fdd5423fa8270114f52716f0ae950,SB_MP_IMPLEMENTATION_ONLY,UNDECLARED,DERIVED,ME|MP|U0|LOGICAL_CONSECUTIVE_4|none|activity_coverage_fraction,activity_coverage_fraction,A10_LOGICAL_CONTROLS;A10_POSTROUTE_ACTIVITY_DIAGNOSTIC;SRC_SKYWATER_SKY130_PDK,DERIVED_ACTIVITY_COVERAGE,SKY130,NOT_QUANTIFIED,probability,0.4868421052631579,W0_READ_DOMINANT_SEED,V3_FOUNDATION,,,,,,
Diagnostic power is not activity-qualified access energy.,campaigns/iscas_sustainability_extension/green_refoundation_node_aware_carbon/green_matrix_v2/GREEN_MATRIX_V2_RAW.csv,2026-09-08,MP|U0|LOGICAL_CONSECUTIVE_4|none,DIAGNOSTIC,E4,7106bc2a8d7157a8940bcb279f56b88181bd5685fc35ebbcfe433122fdc45ae5,3d87cacc02401043cb08feee29eccdc0bb7fdd5423fa8270114f52716f0ae950,SB_MP_IMPLEMENTATION_ONLY,UNDECLARED,TOOL_ESTIMATE,ME|MP|U0|LOGICAL_CONSECUTIVE_4|none|diagnostic_tool_power_w,diagnostic_tool_power_w,A10_LOGICAL_CONTROLS;A10_POSTROUTE_ACTIVITY_DIAGNOSTIC;SRC_SKYWATER_SKY130_PDK,POST_ROUTE_TOOL_DIAGNOSTIC,SKY130,NOT_QUANTIFIED,W,0.001893166452646,W0_READ_DOMINANT_SEED,V3_FOUNDATION,,,,,,
Logical mask count is not a physical event rate.,campaigns/iscas_sustainability_extension/green_refoundation_node_aware_carbon/green_matrix_v2/GREEN_MATRIX_V2_RAW.csv,2026-09-08,MP|U0|LOGICAL_CONSECUTIVE_4|none,LOGICAL_CONTROL,E3,7106bc2a8d7157a8940bcb279f56b88181bd5685fc35ebbcfe433122fdc45ae5,3d87cacc02401043cb08feee29eccdc0bb7fdd5423fa8270114f52716f0ae950,SB_MP_IMPLEMENTATION_ONLY,UNDECLARED,DERIVED,ME|MP|U0|LOGICAL_CONSECUTIVE_4|none|logical_pattern_count,logical_pattern_count,A10_LOGICAL_CONTROLS;A10_POSTROUTE_ACTIVITY_DIAGNOSTIC;SRC_SKYWATER_SKY130_PDK,EXACT_LOGICAL_ENUMERATION,SKY130,NOT_QUANTIFIED,count,61,W0_READ_DOMINANT_SEED,V3_FOUNDATION,,,,,,
Conditioned on enumerated masks; no P(f).,campaigns/iscas_sustainability_extension/green_refoundation_node_aware_carbon/green_matrix_v2/GREEN_MATRIX_V2_RAW.csv,2026-09-08,MP|U0|LOGICAL_CONSECUTIVE_4|none,LOGICAL_CONTROL,E3,7106bc2a8d7157a8940bcb279f56b88181bd5685fc35ebbcfe433122fdc45ae5,3d87cacc02401043cb08feee29eccdc0bb7fdd5423fa8270114f52716f0ae950,SB_MP_IMPLEMENTATION_ONLY,UNDECLARED,DERIVED,ME|MP|U0|LOGICAL_CONSECUTIVE_4|none|logical_control_success_fraction,logical_control_success_fraction,A10_LOGICAL_CONTROLS;A10_POSTROUTE_ACTIVITY_DIAGNOSTIC;SRC_SKYWATER_SKY130_PDK,EXACT_LOGICAL_ENUMERATION,SKY130,NOT_QUANTIFIED,probability,0,W0_READ_DOMINANT_SEED,V3_FOUNDATION,,,,,,
Conditioned on enumerated masks; no P(f).,campaigns/iscas_sustainability_extension/green_refoundation_node_aware_carbon/green_matrix_v2/GREEN_MATRIX_V2_RAW.csv,2026-09-08,MP|U0|LOGICAL_CONSECUTIVE_4|none,LOGICAL_CONTROL,E3,7106bc2a8d7157a8940bcb279f56b88181bd5685fc35ebbcfe433122fdc45ae5,3d87cacc02401043cb08feee29eccdc0bb7fdd5423fa8270114f52716f0ae950,SB_MP_IMPLEMENTATION_ONLY,UNDECLARED,DERIVED,ME|MP|U0|LOGICAL_CONSECUTIVE_4|none|logical_control_due_fraction,logical_control_due_fraction,A10_LOGICAL_CONTROLS;A10_POSTROUTE_ACTIVITY_DIAGNOSTIC;SRC_SKYWATER_SKY130_PDK,EXACT_LOGICAL_ENUMERATION,SKY130,NOT_QUANTIFIED,probability,0,W0_READ_DOMINANT_SEED,V3_FOUNDATION,,,,,,
Conditioned on enumerated masks; no P(f).,campaigns/iscas_sustainability_extension/green_refoundation_node_aware_carbon/green_matrix_v2/GREEN_MATRIX_V2_RAW.csv,2026-09-08,MP|U0|LOGICAL_CONSECUTIVE_4|none,LOGICAL_CONTROL,E3,7106bc2a8d7157a8940bcb279f56b88181bd5685fc35ebbcfe433122fdc45ae5,3d87cacc02401043cb08feee29eccdc0bb7fdd5423fa8270114f52716f0ae950,SB_MP_IMPLEMENTATION_ONLY,UNDECLARED,DERIVED,ME|MP|U0|LOGICAL_CONSECUTIVE_4|none|logical_control_sdc_fraction,logical_control_sdc_fraction,A10_LOGICAL_CONTROLS;A10_POSTROUTE_ACTIVITY_DIAGNOSTIC;SRC_SKYWATER_SKY130_PDK,EXACT_LOGICAL_ENUMERATION,SKY130,NOT_QUANTIFIED,probability,1,W0_READ_DOMINANT_SEED,V3_FOUNDATION,,,,,,
Conditioned on enumerated masks; no P(f).,campaigns/iscas_sustainability_extension/green_refoundation_node_aware_carbon/green_matrix_v2/GREEN_MATRIX_V2_RAW.csv,2026-09-08,MP|U0|LOGICAL_CONSECUTIVE_4|none,LOGICAL_CONTROL,E3,7106bc2a8d7157a8940bcb279f56b88181bd5685fc35ebbcfe433122fdc45ae5,3d87cacc02401043cb08feee29eccdc0bb7fdd5423fa8270114f52716f0ae950,SB_MP_IMPLEMENTATION_ONLY,UNDECLARED,DERIVED,ME|MP|U0|LOGICAL_CONSECUTIVE_4|none|logical_control_corrected_fraction,logical_control_corrected_fraction,A10_LOGICAL_CONTROLS;A10_POSTROUTE_ACTIVITY_DIAGNOSTIC;SRC_SKYWATER_SKY130_PDK,EXACT_LOGICAL_ENUMERATION,SKY130,NOT_QUANTIFIED,probability,0,W0_READ_DOMINANT_SEED,V3_FOUNDATION,,,,,,
Conditioned on enumerated masks; no P(f).,campaigns/iscas_sustainability_extension/green_refoundation_node_aware_carbon/green_matrix_v2/GREEN_MATRIX_V2_RAW.csv,2026-09-08,MP|U0|LOGICAL_CONSECUTIVE_4|none,LOGICAL_CONTROL,E3,7106bc2a8d7157a8940bcb279f56b88181bd5685fc35ebbcfe433122fdc45ae5,3d87cacc02401043cb08feee29eccdc0bb7fdd5423fa8270114f52716f0ae950,SB_MP_IMPLEMENTATION_ONLY,UNDECLARED,DERIVED,ME|MP|U0|LOGICAL_CONSECUTIVE_4|none|logical_control_retry_fraction,logical_control_retry_fraction,A10_LOGICAL_CONTROLS;A10_POSTROUTE_ACTIVITY_DIAGNOSTIC;SRC_SKYWATER_SKY130_PDK,EXACT_LOGICAL_ENUMERATION,SKY130,NOT_QUANTIFIED,probability,0,W0_READ_DOMINANT_SEED,V3_FOUNDATION,,,,,,
Latency is not measured for the declared service policy.,campaigns/iscas_sustainability_extension/green_refoundation_node_aware_carbon/green_matrix_v2/GREEN_MATRIX_V2_RAW.csv,2026-09-08,MP|U0|LOGICAL_CONSECUTIVE_4|none,UNQUALIFIED,E0,7106bc2a8d7157a8940bcb279f56b88181bd5685fc35ebbcfe433122fdc45ae5,3d87cacc02401043cb08feee29eccdc0bb7fdd5423fa8270114f52716f0ae950,REQUIRED_BOUNDARY_UNAVAILABLE,UNDECLARED,UNAVAILABLE,ME|MP|U0|LOGICAL_CONSECUTIVE_4|none|latency_s,latency_s,A10_LOGICAL_CONTROLS;A10_POSTROUTE_ACTIVITY_DIAGNOSTIC;SRC_SKYWATER_SKY130_PDK,ABSENT,SKY130,MISSING,s,,W0_READ_DOMINANT_SEED,V3_FOUNDATION,,,,,,
Activity-qualified architecture energy is unavailable.,campaigns/iscas_sustainability_extension/green_refoundation_node_aware_carbon/green_matrix_v2/GREEN_MATRIX_V2_RAW.csv,2026-09-08,MP|U0|LOGICAL_CONSECUTIVE_4|none,UNQUALIFIED,E0,7106bc2a8d7157a8940bcb279f56b88181bd5685fc35ebbcfe433122fdc45ae5,3d87cacc02401043cb08feee29eccdc0bb7fdd5423fa8270114f52716f0ae950,REQUIRED_BOUNDARY_UNAVAILABLE,UNDECLARED,UNAVAILABLE,ME|MP|U0|LOGICAL_CONSECUTIVE_4|none|operational_energy_j,operational_energy_j,A10_LOGICAL_CONTROLS;A10_POSTROUTE_ACTIVITY_DIAGNOSTIC;SRC_SKYWATER_SKY130_PDK,ABSENT,SKY130,MISSING,J,,W0_READ_DOMINANT_SEED,V3_FOUNDATION,,,,,,
Physical SBU/DBU/MBU event probabilities are unavailable.,campaigns/iscas_sustainability_extension/green_refoundation_node_aware_carbon/green_matrix_v2/GREEN_MATRIX_V2_RAW.csv,2026-09-08,MP|U0|LOGICAL_CONSECUTIVE_4|none,UNQUALIFIED,E0,7106bc2a8d7157a8940bcb279f56b88181bd5685fc35ebbcfe433122fdc45ae5,3d87cacc02401043cb08feee29eccdc0bb7fdd5423fa8270114f52716f0ae950,REQUIRED_BOUNDARY_UNAVAILABLE,UNDECLARED,UNAVAILABLE,ME|MP|U0|LOGICAL_CONSECUTIVE_4|none|physical_fault_probability,physical_fault_probability,A10_LOGICAL_CONTROLS;A10_POSTROUTE_ACTIVITY_DIAGNOSTIC;SRC_SKYWATER_SKY130_PDK,ABSENT,SKY130,MISSING,probability,,W0_READ_DOMINANT_SEED,V3_FOUNDATION,,,,,,
Logical mask frequencies cannot establish physical SDC.,campaigns/iscas_sustainability_extension/green_refoundation_node_aware_carbon/green_matrix_v2/GREEN_MATRIX_V2_RAW.csv,2026-09-08,MP|U0|LOGICAL_CONSECUTIVE_4|none,UNQUALIFIED,E0,7106bc2a8d7157a8940bcb279f56b88181bd5685fc35ebbcfe433122fdc45ae5,3d87cacc02401043cb08feee29eccdc0bb7fdd5423fa8270114f52716f0ae950,REQUIRED_BOUNDARY_UNAVAILABLE,UNDECLARED,UNAVAILABLE,ME|MP|U0|LOGICAL_CONSECUTIVE_4|none|physical_sdc_probability,physical_sdc_probability,A10_LOGICAL_CONTROLS;A10_POSTROUTE_ACTIVITY_DIAGNOSTIC;SRC_SKYWATER_SKY130_PDK,ABSENT,SKY130,MISSING,probability,,W0_READ_DOMINANT_SEED,V3_FOUNDATION,,,,,,
Logical mask frequencies cannot establish physical DUE.,campaigns/iscas_sustainability_extension/green_refoundation_node_aware_carbon/green_matrix_v2/GREEN_MATRIX_V2_RAW.csv,2026-09-08,MP|U0|LOGICAL_CONSECUTIVE_4|none,UNQUALIFIED,E0,7106bc2a8d7157a8940bcb279f56b88181bd5685fc35ebbcfe433122fdc45ae5,3d87cacc02401043cb08feee29eccdc0bb7fdd5423fa8270114f52716f0ae950,REQUIRED_BOUNDARY_UNAVAILABLE,UNDECLARED,UNAVAILABLE,ME|MP|U0|LOGICAL_CONSECUTIVE_4|none|physical_due_probability,physical_due_probability,A10_LOGICAL_CONTROLS;A10_POSTROUTE_ACTIVITY_DIAGNOSTIC;SRC_SKYWATER_SKY130_PDK,ABSENT,SKY130,MISSING,probability,,W0_READ_DOMINANT_SEED,V3_FOUNDATION,,,,,,
Matched SKY130 manufacturing inventory is unavailable.,campaigns/iscas_sustainability_extension/green_refoundation_node_aware_carbon/green_matrix_v2/GREEN_MATRIX_V2_RAW.csv,2026-09-08,MP|U0|LOGICAL_CONSECUTIVE_4|none,UNQUALIFIED,E0,7106bc2a8d7157a8940bcb279f56b88181bd5685fc35ebbcfe433122fdc45ae5,3d87cacc02401043cb08feee29eccdc0bb7fdd5423fa8270114f52716f0ae950,REQUIRED_BOUNDARY_UNAVAILABLE,UNDECLARED,UNAVAILABLE,ME|MP|U0|LOGICAL_CONSECUTIVE_4|none|manufacturing_carbon_kgco2e,manufacturing_carbon_kgco2e,SRC_SKYWATER_SKY130_PDK,ABSENT,SKY130,MISSING,kgCO2e,,W0_READ_DOMINANT_SEED,V3_FOUNDATION,,,,,,
No matched independent characterization.,campaigns/iscas_sustainability_extension/green_refoundation_node_aware_carbon/green_matrix_v2/GREEN_MATRIX_V2_RAW.csv,2026-09-08,MP|E0|SBU_ALL_COORDINATES|none,DIAGNOSTIC,E4,7106bc2a8d7157a8940bcb279f56b88181bd5685fc35ebbcfe433122fdc45ae5,21725621776174bc4a9062275f2e5e49d87efccabe310635201f4c7afbf36a55,SB_MP_IMPLEMENTATION_ONLY,UNDECLARED,TOOL_ESTIMATE,ME|MP|E0|SBU_ALL_COORDINATES|none|observed_macro_area_um2,observed_macro_area_um2,A10_LOGICAL_CONTROLS;A10_POSTROUTE_ACTIVITY_DIAGNOSTIC;SRC_SKYWATER_SKY130_PDK,POST_ROUTE_TOOL_ESTIMATE,SKY130,NOT_QUANTIFIED,um2,260331.5664,W0_READ_DOMINANT_SEED,V3_FOUNDATION,,,,,,
Coverage is incomplete and is not workload energy.,campaigns/iscas_sustainability_extension/green_refoundation_node_aware_carbon/green_matrix_v2/GREEN_MATRIX_V2_RAW.csv,2026-09-08,MP|E0|SBU_ALL_COORDINATES|none,DIAGNOSTIC,E3,7106bc2a8d7157a8940bcb279f56b88181bd5685fc35ebbcfe433122fdc45ae5,21725621776174bc4a9062275f2e5e49d87efccabe310635201f4c7afbf36a55,SB_MP_IMPLEMENTATION_ONLY,UNDECLARED,DERIVED,ME|MP|E0|SBU_ALL_COORDINATES|none|activity_coverage_fraction,activity_coverage_fraction,A10_LOGICAL_CONTROLS;A10_POSTROUTE_ACTIVITY_DIAGNOSTIC;SRC_SKYWATER_SKY130_PDK,DERIVED_ACTIVITY_COVERAGE,SKY130,NOT_QUANTIFIED,probability,0.043451652386780906,W0_READ_DOMINANT_SEED,V3_FOUNDATION,,,,,,
Diagnostic power is not activity-qualified access energy.,campaigns/iscas_sustainability_extension/green_refoundation_node_aware_carbon/green_matrix_v2/GREEN_MATRIX_V2_RAW.csv,2026-09-08,MP|E0|SBU_ALL_COORDINATES|none,DIAGNOSTIC,E4,7106bc2a8d7157a8940bcb279f56b88181bd5685fc35ebbcfe433122fdc45ae5,21725621776174bc4a9062275f2e5e49d87efccabe310635201f4c7afbf36a55,SB_MP_IMPLEMENTATION_ONLY,UNDECLARED,TOOL_ESTIMATE,ME|MP|E0|SBU_ALL_COORDINATES|none|diagnostic_tool_power_w,diagnostic_tool_power_w,A10_LOGICAL_CONTROLS;A10_POSTROUTE_ACTIVITY_DIAGNOSTIC;SRC_SKYWATER_SKY130_PDK,POST_ROUTE_TOOL_DIAGNOSTIC,SKY130,NOT_QUANTIFIED,W,0.005495859775692,W0_READ_DOMINANT_SEED,V3_FOUNDATION,,,,,,
Logical mask count is not a physical event rate.,campaigns/iscas_sustainability_extension/green_refoundation_node_aware_carbon/green_matrix_v2/GREEN_MATRIX_V2_RAW.csv,2026-09-08,MP|E0|SBU_ALL_COORDINATES|none,LOGICAL_CONTROL,E3,7106bc2a8d7157a8940bcb279f56b88181bd5685fc35ebbcfe433122fdc45ae5,21725621776174bc4a9062275f2e5e49d87efccabe310635201f4c7afbf36a55,SB_MP_IMPLEMENTATION_ONLY,UNDECLARED,DERIVED,ME|MP|E0|SBU_ALL_COORDINATES|none|logical_pattern_count,logical_pattern_count,A10_LOGICAL_CONTROLS;A10_POSTROUTE_ACTIVITY_DIAGNOSTIC;SRC_SKYWATER_SKY130_PDK,EXACT_LOGICAL_ENUMERATION,SKY130,NOT_QUANTIFIED,count,72,W0_READ_DOMINANT_SEED,V3_FOUNDATION,,,,,,
Conditioned on enumerated masks; no P(f).,campaigns/iscas_sustainability_extension/green_refoundation_node_aware_carbon/green_matrix_v2/GREEN_MATRIX_V2_RAW.csv,2026-09-08,MP|E0|SBU_ALL_COORDINATES|none,LOGICAL_CONTROL,E3,7106bc2a8d7157a8940bcb279f56b88181bd5685fc35ebbcfe433122fdc45ae5,21725621776174bc4a9062275f2e5e49d87efccabe310635201f4c7afbf36a55,SB_MP_IMPLEMENTATION_ONLY,UNDECLARED,DERIVED,ME|MP|E0|SBU_ALL_COORDINATES|none|logical_control_success_fraction,logical_control_success_fraction,A10_LOGICAL_CONTROLS;A10_POSTROUTE_ACTIVITY_DIAGNOSTIC;SRC_SKYWATER_SKY130_PDK,EXACT_LOGICAL_ENUMERATION,SKY130,NOT_QUANTIFIED,probability,1,W0_READ_DOMINANT_SEED,V3_FOUNDATION,,,,,,
Conditioned on enumerated masks; no P(f).,campaigns/iscas_sustainability_extension/green_refoundation_node_aware_carbon/green_matrix_v2/GREEN_MATRIX_V2_RAW.csv,2026-09-08,MP|E0|SBU_ALL_COORDINATES|none,LOGICAL_CONTROL,E3,7106bc2a8d7157a8940bcb279f56b88181bd5685fc35ebbcfe433122fdc45ae5,21725621776174bc4a9062275f2e5e49d87efccabe310635201f4c7afbf36a55,SB_MP_IMPLEMENTATION_ONLY,UNDECLARED,DERIVED,ME|MP|E0|SBU_ALL_COORDINATES|none|logical_control_due_fraction,logical_control_due_fraction,A10_LOGICAL_CONTROLS;A10_POSTROUTE_ACTIVITY_DIAGNOSTIC;SRC_SKYWATER_SKY130_PDK,EXACT_LOGICAL_ENUMERATION,SKY130,NOT_QUANTIFIED,probability,0,W0_READ_DOMINANT_SEED,V3_FOUNDATION,,,,,,
Conditioned on enumerated masks; no P(f).,campaigns/iscas_sustainability_extension/green_refoundation_node_aware_carbon/green_matrix_v2/GREEN_MATRIX_V2_RAW.csv,2026-09-08,MP|E0|SBU_ALL_COORDINATES|none,LOGICAL_CONTROL,E3,7106bc2a8d7157a8940bcb279f56b88181bd5685fc35ebbcfe433122fdc45ae5,21725621776174bc4a9062275f2e5e49d87efccabe310635201f4c7afbf36a55,SB_MP_IMPLEMENTATION_ONLY,UNDECLARED,DERIVED,ME|MP|E0|SBU_ALL_COORDINATES|none|logical_control_sdc_fraction,logical_control_sdc_fraction,A10_LOGICAL_CONTROLS;A10_POSTROUTE_ACTIVITY_DIAGNOSTIC;SRC_SKYWATER_SKY130_PDK,EXACT_LOGICAL_ENUMERATION,SKY130,NOT_QUANTIFIED,probability,0,W0_READ_DOMINANT_SEED,V3_FOUNDATION,,,,,,
Conditioned on enumerated masks; no P(f).,campaigns/iscas_sustainability_extension/green_refoundation_node_aware_carbon/green_matrix_v2/GREEN_MATRIX_V2_RAW.csv,2026-09-08,MP|E0|SBU_ALL_COORDINATES|none,LOGICAL_CONTROL,E3,7106bc2a8d7157a8940bcb279f56b88181bd5685fc35ebbcfe433122fdc45ae5,21725621776174bc4a9062275f2e5e49d87efccabe310635201f4c7afbf36a55,SB_MP_IMPLEMENTATION_ONLY,UNDECLARED,DERIVED,ME|MP|E0|SBU_ALL_COORDINATES|none|logical_control_corrected_fraction,logical_control_corrected_fraction,A10_LOGICAL_CONTROLS;A10_POSTROUTE_ACTIVITY_DIAGNOSTIC;SRC_SKYWATER_SKY130_PDK,EXACT_LOGICAL_ENUMERATION,SKY130,NOT_QUANTIFIED,probability,1,W0_READ_DOMINANT_SEED,V3_FOUNDATION,,,,,,
Conditioned on enumerated masks; no P(f).,campaigns/iscas_sustainability_extension/green_refoundation_node_aware_carbon/green_matrix_v2/GREEN_MATRIX_V2_RAW.csv,2026-09-08,MP|E0|SBU_ALL_COORDINATES|none,LOGICAL_CONTROL,E3,7106bc2a8d7157a8940bcb279f56b88181bd5685fc35ebbcfe433122fdc45ae5,21725621776174bc4a9062275f2e5e49d87efccabe310635201f4c7afbf36a55,SB_MP_IMPLEMENTATION_ONLY,UNDECLARED,DERIVED,ME|MP|E0|SBU_ALL_COORDINATES|none|logical_control_retry_fraction,logical_control_retry_fraction,A10_LOGICAL_CONTROLS;A10_POSTROUTE_ACTIVITY_DIAGNOSTIC;SRC_SKYWATER_SKY130_PDK,EXACT_LOGICAL_ENUMERATION,SKY130,NOT_QUANTIFIED,probability,0,W0_READ_DOMINANT_SEED,V3_FOUNDATION,,,,,,
Latency is not measured for the declared service policy.,campaigns/iscas_sustainability_extension/green_refoundation_node_aware_carbon/green_matrix_v2/GREEN_MATRIX_V2_RAW.csv,2026-09-08,MP|E0|SBU_ALL_COORDINATES|none,UNQUALIFIED,E0,7106bc2a8d7157a8940bcb279f56b88181bd5685fc35ebbcfe433122fdc45ae5,21725621776174bc4a9062275f2e5e49d87efccabe310635201f4c7afbf36a55,REQUIRED_BOUNDARY_UNAVAILABLE,UNDECLARED,UNAVAILABLE,ME|MP|E0|SBU_ALL_COORDINATES|none|latency_s,latency_s,A10_LOGICAL_CONTROLS;A10_POSTROUTE_ACTIVITY_DIAGNOSTIC;SRC_SKYWATER_SKY130_PDK,ABSENT,SKY130,MISSING,s,,W0_READ_DOMINANT_SEED,V3_FOUNDATION,,,,,,
Activity-qualified architecture energy is unavailable.,campaigns/iscas_sustainability_extension/green_refoundation_node_aware_carbon/green_matrix_v2/GREEN_MATRIX_V2_RAW.csv,2026-09-08,MP|E0|SBU_ALL_COORDINATES|none,UNQUALIFIED,E0,7106bc2a8d7157a8940bcb279f56b88181bd5685fc35ebbcfe433122fdc45ae5,21725621776174bc4a9062275f2e5e49d87efccabe310635201f4c7afbf36a55,REQUIRED_BOUNDARY_UNAVAILABLE,UNDECLARED,UNAVAILABLE,ME|MP|E0|SBU_ALL_COORDINATES|none|operational_energy_j,operational_energy_j,A10_LOGICAL_CONTROLS;A10_POSTROUTE_ACTIVITY_DIAGNOSTIC;SRC_SKYWATER_SKY130_PDK,ABSENT,SKY130,MISSING,J,,W0_READ_DOMINANT_SEED,V3_FOUNDATION,,,,,,
Physical SBU/DBU/MBU event probabilities are unavailable.,campaigns/iscas_sustainability_extension/green_refoundation_node_aware_carbon/green_matrix_v2/GREEN_MATRIX_V2_RAW.csv,2026-09-08,MP|E0|SBU_ALL_COORDINATES|none,UNQUALIFIED,E0,7106bc2a8d7157a8940bcb279f56b88181bd5685fc35ebbcfe433122fdc45ae5,21725621776174bc4a9062275f2e5e49d87efccabe310635201f4c7afbf36a55,REQUIRED_BOUNDARY_UNAVAILABLE,UNDECLARED,UNAVAILABLE,ME|MP|E0|SBU_ALL_COORDINATES|none|physical_fault_probability,physical_fault_probability,A10_LOGICAL_CONTROLS;A10_POSTROUTE_ACTIVITY_DIAGNOSTIC;SRC_SKYWATER_SKY130_PDK,ABSENT,SKY130,MISSING,probability,,W0_READ_DOMINANT_SEED,V3_FOUNDATION,,,,,,
Logical mask frequencies cannot establish physical SDC.,campaigns/iscas_sustainability_extension/green_refoundation_node_aware_carbon/green_matrix_v2/GREEN_MATRIX_V2_RAW.csv,2026-09-08,MP|E0|SBU_ALL_COORDINATES|none,UNQUALIFIED,E0,7106bc2a8d7157a8940bcb279f56b88181bd5685fc35ebbcfe433122fdc45ae5,21725621776174bc4a9062275f2e5e49d87efccabe310635201f4c7afbf36a55,REQUIRED_BOUNDARY_UNAVAILABLE,UNDECLARED,UNAVAILABLE,ME|MP|E0|SBU_ALL_COORDINATES|none|physical_sdc_probability,physical_sdc_probability,A10_LOGICAL_CONTROLS;A10_POSTROUTE_ACTIVITY_DIAGNOSTIC;SRC_SKYWATER_SKY130_PDK,ABSENT,SKY130,MISSING,probability,,W0_READ_DOMINANT_SEED,V3_FOUNDATION,,,,,,
Logical mask frequencies cannot establish physical DUE.,campaigns/iscas_sustainability_extension/green_refoundation_node_aware_carbon/green_matrix_v2/GREEN_MATRIX_V2_RAW.csv,2026-09-08,MP|E0|SBU_ALL_COORDINATES|none,UNQUALIFIED,E0,7106bc2a8d7157a8940bcb279f56b88181bd5685fc35ebbcfe433122fdc45ae5,21725621776174bc4a9062275f2e5e49d87efccabe310635201f4c7afbf36a55,REQUIRED_BOUNDARY_UNAVAILABLE,UNDECLARED,UNAVAILABLE,ME|MP|E0|SBU_ALL_COORDINATES|none|physical_due_probability,physical_due_probability,A10_LOGICAL_CONTROLS;A10_POSTROUTE_ACTIVITY_DIAGNOSTIC;SRC_SKYWATER_SKY130_PDK,ABSENT,SKY130,MISSING,probability,,W0_READ_DOMINANT_SEED,V3_FOUNDATION,,,,,,
Matched SKY130 manufacturing inventory is unavailable.,campaigns/iscas_sustainability_extension/green_refoundation_node_aware_carbon/green_matrix_v2/GREEN_MATRIX_V2_RAW.csv,2026-09-08,MP|E0|SBU_ALL_COORDINATES|none,UNQUALIFIED,E0,7106bc2a8d7157a8940bcb279f56b88181bd5685fc35ebbcfe433122fdc45ae5,21725621776174bc4a9062275f2e5e49d87efccabe310635201f4c7afbf36a55,REQUIRED_BOUNDARY_UNAVAILABLE,UNDECLARED,UNAVAILABLE,ME|MP|E0|SBU_ALL_COORDINATES|none|manufacturing_carbon_kgco2e,manufacturing_carbon_kgco2e,SRC_SKYWATER_SKY130_PDK,ABSENT,SKY130,MISSING,kgCO2e,,W0_READ_DOMINANT_SEED,V3_FOUNDATION,,,,,,
No matched independent characterization.,campaigns/iscas_sustainability_extension/green_refoundation_node_aware_carbon/green_matrix_v2/GREEN_MATRIX_V2_RAW.csv,2026-09-08,MP|E0|DBU_ALL_PAIRS|none,DIAGNOSTIC,E4,7106bc2a8d7157a8940bcb279f56b88181bd5685fc35ebbcfe433122fdc45ae5,9452031a1cb3315d89017aae2ad244c13301e95f8a70b6a8724e6f1d8d6fe078,SB_MP_IMPLEMENTATION_ONLY,UNDECLARED,TOOL_ESTIMATE,ME|MP|E0|DBU_ALL_PAIRS|none|observed_macro_area_um2,observed_macro_area_um2,A10_LOGICAL_CONTROLS;A10_POSTROUTE_ACTIVITY_DIAGNOSTIC;SRC_SKYWATER_SKY130_PDK,POST_ROUTE_TOOL_ESTIMATE,SKY130,NOT_QUANTIFIED,um2,260331.5664,W0_READ_DOMINANT_SEED,V3_FOUNDATION,,,,,,
Coverage is incomplete and is not workload energy.,campaigns/iscas_sustainability_extension/green_refoundation_node_aware_carbon/green_matrix_v2/GREEN_MATRIX_V2_RAW.csv,2026-09-08,MP|E0|DBU_ALL_PAIRS|none,DIAGNOSTIC,E3,7106bc2a8d7157a8940bcb279f56b88181bd5685fc35ebbcfe433122fdc45ae5,9452031a1cb3315d89017aae2ad244c13301e95f8a70b6a8724e6f1d8d6fe078,SB_MP_IMPLEMENTATION_ONLY,UNDECLARED,DERIVED,ME|MP|E0|DBU_ALL_PAIRS|none|activity_coverage_fraction,activity_coverage_fraction,A10_LOGICAL_CONTROLS;A10_POSTROUTE_ACTIVITY_DIAGNOSTIC;SRC_SKYWATER_SKY130_PDK,DERIVED_ACTIVITY_COVERAGE,SKY130,NOT_QUANTIFIED,probability,0.043451652386780906,W0_READ_DOMINANT_SEED,V3_FOUNDATION,,,,,,
Diagnostic power is not activity-qualified access energy.,campaigns/iscas_sustainability_extension/green_refoundation_node_aware_carbon/green_matrix_v2/GREEN_MATRIX_V2_RAW.csv,2026-09-08,MP|E0|DBU_ALL_PAIRS|none,DIAGNOSTIC,E4,7106bc2a8d7157a8940bcb279f56b88181bd5685fc35ebbcfe433122fdc45ae5,9452031a1cb3315d89017aae2ad244c13301e95f8a70b6a8724e6f1d8d6fe078,SB_MP_IMPLEMENTATION_ONLY,UNDECLARED,TOOL_ESTIMATE,ME|MP|E0|DBU_ALL_PAIRS|none|diagnostic_tool_power_w,diagnostic_tool_power_w,A10_LOGICAL_CONTROLS;A10_POSTROUTE_ACTIVITY_DIAGNOSTIC;SRC_SKYWATER_SKY130_PDK,POST_ROUTE_TOOL_DIAGNOSTIC,SKY130,NOT_QUANTIFIED,W,0.005495859775692,W0_READ_DOMINANT_SEED,V3_FOUNDATION,,,,,,
Logical mask count is not a physical event rate.,campaigns/iscas_sustainability_extension/green_refoundation_node_aware_carbon/green_matrix_v2/GREEN_MATRIX_V2_RAW.csv,2026-09-08,MP|E0|DBU_ALL_PAIRS|none,LOGICAL_CONTROL,E3,7106bc2a8d7157a8940bcb279f56b88181bd5685fc35ebbcfe433122fdc45ae5,9452031a1cb3315d89017aae2ad244c13301e95f8a70b6a8724e6f1d8d6fe078,SB_MP_IMPLEMENTATION_ONLY,UNDECLARED,DERIVED,ME|MP|E0|DBU_ALL_PAIRS|none|logical_pattern_count,logical_pattern_count,A10_LOGICAL_CONTROLS;A10_POSTROUTE_ACTIVITY_DIAGNOSTIC;SRC_SKYWATER_SKY130_PDK,EXACT_LOGICAL_ENUMERATION,SKY130,NOT_QUANTIFIED,count,2556,W0_READ_DOMINANT_SEED,V3_FOUNDATION,,,,,,
Conditioned on enumerated masks; no P(f).,campaigns/iscas_sustainability_extension/green_refoundation_node_aware_carbon/green_matrix_v2/GREEN_MATRIX_V2_RAW.csv,2026-09-08,MP|E0|DBU_ALL_PAIRS|none,LOGICAL_CONTROL,E3,7106bc2a8d7157a8940bcb279f56b88181bd5685fc35ebbcfe433122fdc45ae5,9452031a1cb3315d89017aae2ad244c13301e95f8a70b6a8724e6f1d8d6fe078,SB_MP_IMPLEMENTATION_ONLY,UNDECLARED,DERIVED,ME|MP|E0|DBU_ALL_PAIRS|none|logical_control_success_fraction,logical_control_success_fraction,A10_LOGICAL_CONTROLS;A10_POSTROUTE_ACTIVITY_DIAGNOSTIC;SRC_SKYWATER_SKY130_PDK,EXACT_LOGICAL_ENUMERATION,SKY130,NOT_QUANTIFIED,probability,0,W0_READ_DOMINANT_SEED,V3_FOUNDATION,,,,,,
Conditioned on enumerated masks; no P(f).,campaigns/iscas_sustainability_extension/green_refoundation_node_aware_carbon/green_matrix_v2/GREEN_MATRIX_V2_RAW.csv,2026-09-08,MP|E0|DBU_ALL_PAIRS|none,LOGICAL_CONTROL,E3,7106bc2a8d7157a8940bcb279f56b88181bd5685fc35ebbcfe433122fdc45ae5,9452031a1cb3315d89017aae2ad244c13301e95f8a70b6a8724e6f1d8d6fe078,SB_MP_IMPLEMENTATION_ONLY,UNDECLARED,DERIVED,ME|MP|E0|DBU_ALL_PAIRS|none|logical_control_due_fraction,logical_control_due_fraction,A10_LOGICAL_CONTROLS;A10_POSTROUTE_ACTIVITY_DIAGNOSTIC;SRC_SKYWATER_SKY130_PDK,EXACT_LOGICAL_ENUMERATION,SKY130,NOT_QUANTIFIED,probability,1,W0_READ_DOMINANT_SEED,V3_FOUNDATION,,,,,,
Conditioned on enumerated masks; no P(f).,campaigns/iscas_sustainability_extension/green_refoundation_node_aware_carbon/green_matrix_v2/GREEN_MATRIX_V2_RAW.csv,2026-09-08,MP|E0|DBU_ALL_PAIRS|none,LOGICAL_CONTROL,E3,7106bc2a8d7157a8940bcb279f56b88181bd5685fc35ebbcfe433122fdc45ae5,9452031a1cb3315d89017aae2ad244c13301e95f8a70b6a8724e6f1d8d6fe078,SB_MP_IMPLEMENTATION_ONLY,UNDECLARED,DERIVED,ME|MP|E0|DBU_ALL_PAIRS|none|logical_control_sdc_fraction,logical_control_sdc_fraction,A10_LOGICAL_CONTROLS;A10_POSTROUTE_ACTIVITY_DIAGNOSTIC;SRC_SKYWATER_SKY130_PDK,EXACT_LOGICAL_ENUMERATION,SKY130,NOT_QUANTIFIED,probability,0,W0_READ_DOMINANT_SEED,V3_FOUNDATION,,,,,,
Conditioned on enumerated masks; no P(f).,campaigns/iscas_sustainability_extension/green_refoundation_node_aware_carbon/green_matrix_v2/GREEN_MATRIX_V2_RAW.csv,2026-09-08,MP|E0|DBU_ALL_PAIRS|none,LOGICAL_CONTROL,E3,7106bc2a8d7157a8940bcb279f56b88181bd5685fc35ebbcfe433122fdc45ae5,9452031a1cb3315d89017aae2ad244c13301e95f8a70b6a8724e6f1d8d6fe078,SB_MP_IMPLEMENTATION_ONLY,UNDECLARED,DERIVED,ME|MP|E0|DBU_ALL_PAIRS|none|logical_control_corrected_fraction,logical_control_corrected_fraction,A10_LOGICAL_CONTROLS;A10_POSTROUTE_ACTIVITY_DIAGNOSTIC;SRC_SKYWATER_SKY130_PDK,EXACT_LOGICAL_ENUMERATION,SKY130,NOT_QUANTIFIED,probability,0,W0_READ_DOMINANT_SEED,V3_FOUNDATION,,,,,,
Conditioned on enumerated masks; no P(f).,campaigns/iscas_sustainability_extension/green_refoundation_node_aware_carbon/green_matrix_v2/GREEN_MATRIX_V2_RAW.csv,2026-09-08,MP|E0|DBU_ALL_PAIRS|none,LOGICAL_CONTROL,E3,7106bc2a8d7157a8940bcb279f56b88181bd5685fc35ebbcfe433122fdc45ae5,9452031a1cb3315d89017aae2ad244c13301e95f8a70b6a8724e6f1d8d6fe078,SB_MP_IMPLEMENTATION_ONLY,UNDECLARED,DERIVED,ME|MP|E0|DBU_ALL_PAIRS|none|logical_control_retry_fraction,logical_control_retry_fraction,A10_LOGICAL_CONTROLS;A10_POSTROUTE_ACTIVITY_DIAGNOSTIC;SRC_SKYWATER_SKY130_PDK,EXACT_LOGICAL_ENUMERATION,SKY130,NOT_QUANTIFIED,probability,0,W0_READ_DOMINANT_SEED,V3_FOUNDATION,,,,,,
Latency is not measured for the declared service policy.,campaigns/iscas_sustainability_extension/green_refoundation_node_aware_carbon/green_matrix_v2/GREEN_MATRIX_V2_RAW.csv,2026-09-08,MP|E0|DBU_ALL_PAIRS|none,UNQUALIFIED,E0,7106bc2a8d7157a8940bcb279f56b88181bd5685fc35ebbcfe433122fdc45ae5,9452031a1cb3315d89017aae2ad244c13301e95f8a70b6a8724e6f1d8d6fe078,REQUIRED_BOUNDARY_UNAVAILABLE,UNDECLARED,UNAVAILABLE,ME|MP|E0|DBU_ALL_PAIRS|none|latency_s,latency_s,A10_LOGICAL_CONTROLS;A10_POSTROUTE_ACTIVITY_DIAGNOSTIC;SRC_SKYWATER_SKY130_PDK,ABSENT,SKY130,MISSING,s,,W0_READ_DOMINANT_SEED,V3_FOUNDATION,,,,,,
Activity-qualified architecture energy is unavailable.,campaigns/iscas_sustainability_extension/green_refoundation_node_aware_carbon/green_matrix_v2/GREEN_MATRIX_V2_RAW.csv,2026-09-08,MP|E0|DBU_ALL_PAIRS|none,UNQUALIFIED,E0,7106bc2a8d7157a8940bcb279f56b88181bd5685fc35ebbcfe433122fdc45ae5,9452031a1cb3315d89017aae2ad244c13301e95f8a70b6a8724e6f1d8d6fe078,REQUIRED_BOUNDARY_UNAVAILABLE,UNDECLARED,UNAVAILABLE,ME|MP|E0|DBU_ALL_PAIRS|none|operational_energy_j,operational_energy_j,A10_LOGICAL_CONTROLS;A10_POSTROUTE_ACTIVITY_DIAGNOSTIC;SRC_SKYWATER_SKY130_PDK,ABSENT,SKY130,MISSING,J,,W0_READ_DOMINANT_SEED,V3_FOUNDATION,,,,,,
Physical SBU/DBU/MBU event probabilities are unavailable.,campaigns/iscas_sustainability_extension/green_refoundation_node_aware_carbon/green_matrix_v2/GREEN_MATRIX_V2_RAW.csv,2026-09-08,MP|E0|DBU_ALL_PAIRS|none,UNQUALIFIED,E0,7106bc2a8d7157a8940bcb279f56b88181bd5685fc35ebbcfe433122fdc45ae5,9452031a1cb3315d89017aae2ad244c13301e95f8a70b6a8724e6f1d8d6fe078,REQUIRED_BOUNDARY_UNAVAILABLE,UNDECLARED,UNAVAILABLE,ME|MP|E0|DBU_ALL_PAIRS|none|physical_fault_probability,physical_fault_probability,A10_LOGICAL_CONTROLS;A10_POSTROUTE_ACTIVITY_DIAGNOSTIC;SRC_SKYWATER_SKY130_PDK,ABSENT,SKY130,MISSING,probability,,W0_READ_DOMINANT_SEED,V3_FOUNDATION,,,,,,
Logical mask frequencies cannot establish physical SDC.,campaigns/iscas_sustainability_extension/green_refoundation_node_aware_carbon/green_matrix_v2/GREEN_MATRIX_V2_RAW.csv,2026-09-08,MP|E0|DBU_ALL_PAIRS|none,UNQUALIFIED,E0,7106bc2a8d7157a8940bcb279f56b88181bd5685fc35ebbcfe433122fdc45ae5,9452031a1cb3315d89017aae2ad244c13301e95f8a70b6a8724e6f1d8d6fe078,REQUIRED_BOUNDARY_UNAVAILABLE,UNDECLARED,UNAVAILABLE,ME|MP|E0|DBU_ALL_PAIRS|none|physical_sdc_probability,physical_sdc_probability,A10_LOGICAL_CONTROLS;A10_POSTROUTE_ACTIVITY_DIAGNOSTIC;SRC_SKYWATER_SKY130_PDK,ABSENT,SKY130,MISSING,probability,,W0_READ_DOMINANT_SEED,V3_FOUNDATION,,,,,,
Logical mask frequencies cannot establish physical DUE.,campaigns/iscas_sustainability_extension/green_refoundation_node_aware_carbon/green_matrix_v2/GREEN_MATRIX_V2_RAW.csv,2026-09-08,MP|E0|DBU_ALL_PAIRS|none,UNQUALIFIED,E0,7106bc2a8d7157a8940bcb279f56b88181bd5685fc35ebbcfe433122fdc45ae5,9452031a1cb3315d89017aae2ad244c13301e95f8a70b6a8724e6f1d8d6fe078,REQUIRED_BOUNDARY_UNAVAILABLE,UNDECLARED,UNAVAILABLE,ME|MP|E0|DBU_ALL_PAIRS|none|physical_due_probability,physical_due_probability,A10_LOGICAL_CONTROLS;A10_POSTROUTE_ACTIVITY_DIAGNOSTIC;SRC_SKYWATER_SKY130_PDK,ABSENT,SKY130,MISSING,probability,,W0_READ_DOMINANT_SEED,V3_FOUNDATION,,,,,,
Matched SKY130 manufacturing inventory is unavailable.,campaigns/iscas_sustainability_extension/green_refoundation_node_aware_carbon/green_matrix_v2/GREEN_MATRIX_V2_RAW.csv,2026-09-08,MP|E0|DBU_ALL_PAIRS|none,UNQUALIFIED,E0,7106bc2a8d7157a8940bcb279f56b88181bd5685fc35ebbcfe433122fdc45ae5,9452031a1cb3315d89017aae2ad244c13301e95f8a70b6a8724e6f1d8d6fe078,REQUIRED_BOUNDARY_UNAVAILABLE,UNDECLARED,UNAVAILABLE,ME|MP|E0|DBU_ALL_PAIRS|none|manufacturing_carbon_kgco2e,manufacturing_carbon_kgco2e,SRC_SKYWATER_SKY130_PDK,ABSENT,SKY130,MISSING,kgCO2e,,W0_READ_DOMINANT_SEED,V3_FOUNDATION,,,,,,
No matched independent characterization.,campaigns/iscas_sustainability_extension/green_refoundation_node_aware_carbon/green_matrix_v2/GREEN_MATRIX_V2_RAW.csv,2026-09-08,MP|E0|LOGICAL_CONSECUTIVE_3|none,DIAGNOSTIC,E4,7106bc2a8d7157a8940bcb279f56b88181bd5685fc35ebbcfe433122fdc45ae5,7f1e1b8eeb103a22d2acd05a19c46b9c429af796106d3a37a88e7915d3fbc8c9,SB_MP_IMPLEMENTATION_ONLY,UNDECLARED,TOOL_ESTIMATE,ME|MP|E0|LOGICAL_CONSECUTIVE_3|none|observed_macro_area_um2,observed_macro_area_um2,A10_LOGICAL_CONTROLS;A10_POSTROUTE_ACTIVITY_DIAGNOSTIC;SRC_SKYWATER_SKY130_PDK,POST_ROUTE_TOOL_ESTIMATE,SKY130,NOT_QUANTIFIED,um2,260331.5664,W0_READ_DOMINANT_SEED,V3_FOUNDATION,,,,,,
Coverage is incomplete and is not workload energy.,campaigns/iscas_sustainability_extension/green_refoundation_node_aware_carbon/green_matrix_v2/GREEN_MATRIX_V2_RAW.csv,2026-09-08,MP|E0|LOGICAL_CONSECUTIVE_3|none,DIAGNOSTIC,E3,7106bc2a8d7157a8940bcb279f56b88181bd5685fc35ebbcfe433122fdc45ae5,7f1e1b8eeb103a22d2acd05a19c46b9c429af796106d3a37a88e7915d3fbc8c9,SB_MP_IMPLEMENTATION_ONLY,UNDECLARED,DERIVED,ME|MP|E0|LOGICAL_CONSECUTIVE_3|none|activity_coverage_fraction,activity_coverage_fraction,A10_LOGICAL_CONTROLS;A10_POSTROUTE_ACTIVITY_DIAGNOSTIC;SRC_SKYWATER_SKY130_PDK,DERIVED_ACTIVITY_COVERAGE,SKY130,NOT_QUANTIFIED,probability,0.043451652386780906,W0_READ_DOMINANT_SEED,V3_FOUNDATION,,,,,,
Diagnostic power is not activity-qualified access energy.,campaigns/iscas_sustainability_extension/green_refoundation_node_aware_carbon/green_matrix_v2/GREEN_MATRIX_V2_RAW.csv,2026-09-08,MP|E0|LOGICAL_CONSECUTIVE_3|none,DIAGNOSTIC,E4,7106bc2a8d7157a8940bcb279f56b88181bd5685fc35ebbcfe433122fdc45ae5,7f1e1b8eeb103a22d2acd05a19c46b9c429af796106d3a37a88e7915d3fbc8c9,SB_MP_IMPLEMENTATION_ONLY,UNDECLARED,TOOL_ESTIMATE,ME|MP|E0|LOGICAL_CONSECUTIVE_3|none|diagnostic_tool_power_w,diagnostic_tool_power_w,A10_LOGICAL_CONTROLS;A10_POSTROUTE_ACTIVITY_DIAGNOSTIC;SRC_SKYWATER_SKY130_PDK,POST_ROUTE_TOOL_DIAGNOSTIC,SKY130,NOT_QUANTIFIED,W,0.005495859775692,W0_READ_DOMINANT_SEED,V3_FOUNDATION,,,,,,
Logical mask count is not a physical event rate.,campaigns/iscas_sustainability_extension/green_refoundation_node_aware_carbon/green_matrix_v2/GREEN_MATRIX_V2_RAW.csv,2026-09-08,MP|E0|LOGICAL_CONSECUTIVE_3|none,LOGICAL_CONTROL,E3,7106bc2a8d7157a8940bcb279f56b88181bd5685fc35ebbcfe433122fdc45ae5,7f1e1b8eeb103a22d2acd05a19c46b9c429af796106d3a37a88e7915d3fbc8c9,SB_MP_IMPLEMENTATION_ONLY,UNDECLARED,DERIVED,ME|MP|E0|LOGICAL_CONSECUTIVE_3|none|logical_pattern_count,logical_pattern_count,A10_LOGICAL_CONTROLS;A10_POSTROUTE_ACTIVITY_DIAGNOSTIC;SRC_SKYWATER_SKY130_PDK,EXACT_LOGICAL_ENUMERATION,SKY130,NOT_QUANTIFIED,count,70,W0_READ_DOMINANT_SEED,V3_FOUNDATION,,,,,,
Conditioned on enumerated masks; no P(f).,campaigns/iscas_sustainability_extension/green_refoundation_node_aware_carbon/green_matrix_v2/GREEN_MATRIX_V2_RAW.csv,2026-09-08,MP|E0|LOGICAL_CONSECUTIVE_3|none,LOGICAL_CONTROL,E3,7106bc2a8d7157a8940bcb279f56b88181bd5685fc35ebbcfe433122fdc45ae5,7f1e1b8eeb103a22d2acd05a19c46b9c429af796106d3a37a88e7915d3fbc8c9,SB_MP_IMPLEMENTATION_ONLY,UNDECLARED,DERIVED,ME|MP|E0|LOGICAL_CONSECUTIVE_3|none|logical_control_success_fraction,logical_control_success_fraction,A10_LOGICAL_CONTROLS;A10_POSTROUTE_ACTIVITY_DIAGNOSTIC;SRC_SKYWATER_SKY130_PDK,EXACT_LOGICAL_ENUMERATION,SKY130,NOT_QUANTIFIED,probability,0,W0_READ_DOMINANT_SEED,V3_FOUNDATION,,,,,,
Conditioned on enumerated masks; no P(f).,campaigns/iscas_sustainability_extension/green_refoundation_node_aware_carbon/green_matrix_v2/GREEN_MATRIX_V2_RAW.csv,2026-09-08,MP|E0|LOGICAL_CONSECUTIVE_3|none,LOGICAL_CONTROL,E3,7106bc2a8d7157a8940bcb279f56b88181bd5685fc35ebbcfe433122fdc45ae5,7f1e1b8eeb103a22d2acd05a19c46b9c429af796106d3a37a88e7915d3fbc8c9,SB_MP_IMPLEMENTATION_ONLY,UNDECLARED,DERIVED,ME|MP|E0|LOGICAL_CONSECUTIVE_3|none|logical_control_due_fraction,logical_control_due_fraction,A10_LOGICAL_CONTROLS;A10_POSTROUTE_ACTIVITY_DIAGNOSTIC;SRC_SKYWATER_SKY130_PDK,EXACT_LOGICAL_ENUMERATION,SKY130,NOT_QUANTIFIED,probability,0.34285714285714286,W0_READ_DOMINANT_SEED,V3_FOUNDATION,,,,,,
Conditioned on enumerated masks; no P(f).,campaigns/iscas_sustainability_extension/green_refoundation_node_aware_carbon/green_matrix_v2/GREEN_MATRIX_V2_RAW.csv,2026-09-08,MP|E0|LOGICAL_CONSECUTIVE_3|none,LOGICAL_CONTROL,E3,7106bc2a8d7157a8940bcb279f56b88181bd5685fc35ebbcfe433122fdc45ae5,7f1e1b8eeb103a22d2acd05a19c46b9c429af796106d3a37a88e7915d3fbc8c9,SB_MP_IMPLEMENTATION_ONLY,UNDECLARED,DERIVED,ME|MP|E0|LOGICAL_CONSECUTIVE_3|none|logical_control_sdc_fraction,logical_control_sdc_fraction,A10_LOGICAL_CONTROLS;A10_POSTROUTE_ACTIVITY_DIAGNOSTIC;SRC_SKYWATER_SKY130_PDK,EXACT_LOGICAL_ENUMERATION,SKY130,NOT_QUANTIFIED,probability,0.65714285714285714,W0_READ_DOMINANT_SEED,V3_FOUNDATION,,,,,,
Conditioned on enumerated masks; no P(f).,campaigns/iscas_sustainability_extension/green_refoundation_node_aware_carbon/green_matrix_v2/GREEN_MATRIX_V2_RAW.csv,2026-09-08,MP|E0|LOGICAL_CONSECUTIVE_3|none,LOGICAL_CONTROL,E3,7106bc2a8d7157a8940bcb279f56b88181bd5685fc35ebbcfe433122fdc45ae5,7f1e1b8eeb103a22d2acd05a19c46b9c429af796106d3a37a88e7915d3fbc8c9,SB_MP_IMPLEMENTATION_ONLY,UNDECLARED,DERIVED,ME|MP|E0|LOGICAL_CONSECUTIVE_3|none|logical_control_corrected_fraction,logical_control_corrected_fraction,A10_LOGICAL_CONTROLS;A10_POSTROUTE_ACTIVITY_DIAGNOSTIC;SRC_SKYWATER_SKY130_PDK,EXACT_LOGICAL_ENUMERATION,SKY130,NOT_QUANTIFIED,probability,0,W0_READ_DOMINANT_SEED,V3_FOUNDATION,,,,,,
Conditioned on enumerated masks; no P(f).,campaigns/iscas_sustainability_extension/green_refoundation_node_aware_carbon/green_matrix_v2/GREEN_MATRIX_V2_RAW.csv,2026-09-08,MP|E0|LOGICAL_CONSECUTIVE_3|none,LOGICAL_CONTROL,E3,7106bc2a8d7157a8940bcb279f56b88181bd5685fc35ebbcfe433122fdc45ae5,7f1e1b8eeb103a22d2acd05a19c46b9c429af796106d3a37a88e7915d3fbc8c9,SB_MP_IMPLEMENTATION_ONLY,UNDECLARED,DERIVED,ME|MP|E0|LOGICAL_CONSECUTIVE_3|none|logical_control_retry_fraction,logical_control_retry_fraction,A10_LOGICAL_CONTROLS;A10_POSTROUTE_ACTIVITY_DIAGNOSTIC;SRC_SKYWATER_SKY130_PDK,EXACT_LOGICAL_ENUMERATION,SKY130,NOT_QUANTIFIED,probability,0,W0_READ_DOMINANT_SEED,V3_FOUNDATION,,,,,,
Latency is not measured for the declared service policy.,campaigns/iscas_sustainability_extension/green_refoundation_node_aware_carbon/green_matrix_v2/GREEN_MATRIX_V2_RAW.csv,2026-09-08,MP|E0|LOGICAL_CONSECUTIVE_3|none,UNQUALIFIED,E0,7106bc2a8d7157a8940bcb279f56b88181bd5685fc35ebbcfe433122fdc45ae5,7f1e1b8eeb103a22d2acd05a19c46b9c429af796106d3a37a88e7915d3fbc8c9,REQUIRED_BOUNDARY_UNAVAILABLE,UNDECLARED,UNAVAILABLE,ME|MP|E0|LOGICAL_CONSECUTIVE_3|none|latency_s,latency_s,A10_LOGICAL_CONTROLS;A10_POSTROUTE_ACTIVITY_DIAGNOSTIC;SRC_SKYWATER_SKY130_PDK,ABSENT,SKY130,MISSING,s,,W0_READ_DOMINANT_SEED,V3_FOUNDATION,,,,,,
Activity-qualified architecture energy is unavailable.,campaigns/iscas_sustainability_extension/green_refoundation_node_aware_carbon/green_matrix_v2/GREEN_MATRIX_V2_RAW.csv,2026-09-08,MP|E0|LOGICAL_CONSECUTIVE_3|none,UNQUALIFIED,E0,7106bc2a8d7157a8940bcb279f56b88181bd5685fc35ebbcfe433122fdc45ae5,7f1e1b8eeb103a22d2acd05a19c46b9c429af796106d3a37a88e7915d3fbc8c9,REQUIRED_BOUNDARY_UNAVAILABLE,UNDECLARED,UNAVAILABLE,ME|MP|E0|LOGICAL_CONSECUTIVE_3|none|operational_energy_j,operational_energy_j,A10_LOGICAL_CONTROLS;A10_POSTROUTE_ACTIVITY_DIAGNOSTIC;SRC_SKYWATER_SKY130_PDK,ABSENT,SKY130,MISSING,J,,W0_READ_DOMINANT_SEED,V3_FOUNDATION,,,,,,
Physical SBU/DBU/MBU event probabilities are unavailable.,campaigns/iscas_sustainability_extension/green_refoundation_node_aware_carbon/green_matrix_v2/GREEN_MATRIX_V2_RAW.csv,2026-09-08,MP|E0|LOGICAL_CONSECUTIVE_3|none,UNQUALIFIED,E0,7106bc2a8d7157a8940bcb279f56b88181bd5685fc35ebbcfe433122fdc45ae5,7f1e1b8eeb103a22d2acd05a19c46b9c429af796106d3a37a88e7915d3fbc8c9,REQUIRED_BOUNDARY_UNAVAILABLE,UNDECLARED,UNAVAILABLE,ME|MP|E0|LOGICAL_CONSECUTIVE_3|none|physical_fault_probability,physical_fault_probability,A10_LOGICAL_CONTROLS;A10_POSTROUTE_ACTIVITY_DIAGNOSTIC;SRC_SKYWATER_SKY130_PDK,ABSENT,SKY130,MISSING,probability,,W0_READ_DOMINANT_SEED,V3_FOUNDATION,,,,,,
Logical mask frequencies cannot establish physical SDC.,campaigns/iscas_sustainability_extension/green_refoundation_node_aware_carbon/green_matrix_v2/GREEN_MATRIX_V2_RAW.csv,2026-09-08,MP|E0|LOGICAL_CONSECUTIVE_3|none,UNQUALIFIED,E0,7106bc2a8d7157a8940bcb279f56b88181bd5685fc35ebbcfe433122fdc45ae5,7f1e1b8eeb103a22d2acd05a19c46b9c429af796106d3a37a88e7915d3fbc8c9,REQUIRED_BOUNDARY_UNAVAILABLE,UNDECLARED,UNAVAILABLE,ME|MP|E0|LOGICAL_CONSECUTIVE_3|none|physical_sdc_probability,physical_sdc_probability,A10_LOGICAL_CONTROLS;A10_POSTROUTE_ACTIVITY_DIAGNOSTIC;SRC_SKYWATER_SKY130_PDK,ABSENT,SKY130,MISSING,probability,,W0_READ_DOMINANT_SEED,V3_FOUNDATION,,,,,,
Logical mask frequencies cannot establish physical DUE.,campaigns/iscas_sustainability_extension/green_refoundation_node_aware_carbon/green_matrix_v2/GREEN_MATRIX_V2_RAW.csv,2026-09-08,MP|E0|LOGICAL_CONSECUTIVE_3|none,UNQUALIFIED,E0,7106bc2a8d7157a8940bcb279f56b88181bd5685fc35ebbcfe433122fdc45ae5,7f1e1b8eeb103a22d2acd05a19c46b9c429af796106d3a37a88e7915d3fbc8c9,REQUIRED_BOUNDARY_UNAVAILABLE,UNDECLARED,UNAVAILABLE,ME|MP|E0|LOGICAL_CONSECUTIVE_3|none|physical_due_probability,physical_due_probability,A10_LOGICAL_CONTROLS;A10_POSTROUTE_ACTIVITY_DIAGNOSTIC;SRC_SKYWATER_SKY130_PDK,ABSENT,SKY130,MISSING,probability,,W0_READ_DOMINANT_SEED,V3_FOUNDATION,,,,,,
Matched SKY130 manufacturing inventory is unavailable.,campaigns/iscas_sustainability_extension/green_refoundation_node_aware_carbon/green_matrix_v2/GREEN_MATRIX_V2_RAW.csv,2026-09-08,MP|E0|LOGICAL_CONSECUTIVE_3|none,UNQUALIFIED,E0,7106bc2a8d7157a8940bcb279f56b88181bd5685fc35ebbcfe433122fdc45ae5,7f1e1b8eeb103a22d2acd05a19c46b9c429af796106d3a37a88e7915d3fbc8c9,REQUIRED_BOUNDARY_UNAVAILABLE,UNDECLARED,UNAVAILABLE,ME|MP|E0|LOGICAL_CONSECUTIVE_3|none|manufacturing_carbon_kgco2e,manufacturing_carbon_kgco2e,SRC_SKYWATER_SKY130_PDK,ABSENT,SKY130,MISSING,kgCO2e,,W0_READ_DOMINANT_SEED,V3_FOUNDATION,,,,,,
No matched independent characterization.,campaigns/iscas_sustainability_extension/green_refoundation_node_aware_carbon/green_matrix_v2/GREEN_MATRIX_V2_RAW.csv,2026-09-08,MP|E0|LOGICAL_CONSECUTIVE_4|none,DIAGNOSTIC,E4,7106bc2a8d7157a8940bcb279f56b88181bd5685fc35ebbcfe433122fdc45ae5,afcb097174c5830d76f01e855ffbf9ea8a728cfadc3114e3bd7790261ea87152,SB_MP_IMPLEMENTATION_ONLY,UNDECLARED,TOOL_ESTIMATE,ME|MP|E0|LOGICAL_CONSECUTIVE_4|none|observed_macro_area_um2,observed_macro_area_um2,A10_LOGICAL_CONTROLS;A10_POSTROUTE_ACTIVITY_DIAGNOSTIC;SRC_SKYWATER_SKY130_PDK,POST_ROUTE_TOOL_ESTIMATE,SKY130,NOT_QUANTIFIED,um2,260331.5664,W0_READ_DOMINANT_SEED,V3_FOUNDATION,,,,,,
Coverage is incomplete and is not workload energy.,campaigns/iscas_sustainability_extension/green_refoundation_node_aware_carbon/green_matrix_v2/GREEN_MATRIX_V2_RAW.csv,2026-09-08,MP|E0|LOGICAL_CONSECUTIVE_4|none,DIAGNOSTIC,E3,7106bc2a8d7157a8940bcb279f56b88181bd5685fc35ebbcfe433122fdc45ae5,afcb097174c5830d76f01e855ffbf9ea8a728cfadc3114e3bd7790261ea87152,SB_MP_IMPLEMENTATION_ONLY,UNDECLARED,DERIVED,ME|MP|E0|LOGICAL_CONSECUTIVE_4|none|activity_coverage_fraction,activity_coverage_fraction,A10_LOGICAL_CONTROLS;A10_POSTROUTE_ACTIVITY_DIAGNOSTIC;SRC_SKYWATER_SKY130_PDK,DERIVED_ACTIVITY_COVERAGE,SKY130,NOT_QUANTIFIED,probability,0.043451652386780906,W0_READ_DOMINANT_SEED,V3_FOUNDATION,,,,,,
Diagnostic power is not activity-qualified access energy.,campaigns/iscas_sustainability_extension/green_refoundation_node_aware_carbon/green_matrix_v2/GREEN_MATRIX_V2_RAW.csv,2026-09-08,MP|E0|LOGICAL_CONSECUTIVE_4|none,DIAGNOSTIC,E4,7106bc2a8d7157a8940bcb279f56b88181bd5685fc35ebbcfe433122fdc45ae5,afcb097174c5830d76f01e855ffbf9ea8a728cfadc3114e3bd7790261ea87152,SB_MP_IMPLEMENTATION_ONLY,UNDECLARED,TOOL_ESTIMATE,ME|MP|E0|LOGICAL_CONSECUTIVE_4|none|diagnostic_tool_power_w,diagnostic_tool_power_w,A10_LOGICAL_CONTROLS;A10_POSTROUTE_ACTIVITY_DIAGNOSTIC;SRC_SKYWATER_SKY130_PDK,POST_ROUTE_TOOL_DIAGNOSTIC,SKY130,NOT_QUANTIFIED,W,0.005495859775692,W0_READ_DOMINANT_SEED,V3_FOUNDATION,,,,,,
Logical mask count is not a physical event rate.,campaigns/iscas_sustainability_extension/green_refoundation_node_aware_carbon/green_matrix_v2/GREEN_MATRIX_V2_RAW.csv,2026-09-08,MP|E0|LOGICAL_CONSECUTIVE_4|none,LOGICAL_CONTROL,E3,7106bc2a8d7157a8940bcb279f56b88181bd5685fc35ebbcfe433122fdc45ae5,afcb097174c5830d76f01e855ffbf9ea8a728cfadc3114e3bd7790261ea87152,SB_MP_IMPLEMENTATION_ONLY,UNDECLARED,DERIVED,ME|MP|E0|LOGICAL_CONSECUTIVE_4|none|logical_pattern_count,logical_pattern_count,A10_LOGICAL_CONTROLS;A10_POSTROUTE_ACTIVITY_DIAGNOSTIC;SRC_SKYWATER_SKY130_PDK,EXACT_LOGICAL_ENUMERATION,SKY130,NOT_QUANTIFIED,count,69,W0_READ_DOMINANT_SEED,V3_FOUNDATION,,,,,,
Conditioned on enumerated masks; no P(f).,campaigns/iscas_sustainability_extension/green_refoundation_node_aware_carbon/green_matrix_v2/GREEN_MATRIX_V2_RAW.csv,2026-09-08,MP|E0|LOGICAL_CONSECUTIVE_4|none,LOGICAL_CONTROL,E3,7106bc2a8d7157a8940bcb279f56b88181bd5685fc35ebbcfe433122fdc45ae5,afcb097174c5830d76f01e855ffbf9ea8a728cfadc3114e3bd7790261ea87152,SB_MP_IMPLEMENTATION_ONLY,UNDECLARED,DERIVED,ME|MP|E0|LOGICAL_CONSECUTIVE_4|none|logical_control_success_fraction,logical_control_success_fraction,A10_LOGICAL_CONTROLS;A10_POSTROUTE_ACTIVITY_DIAGNOSTIC;SRC_SKYWATER_SKY130_PDK,EXACT_LOGICAL_ENUMERATION,SKY130,NOT_QUANTIFIED,probability,0,W0_READ_DOMINANT_SEED,V3_FOUNDATION,,,,,,
Conditioned on enumerated masks; no P(f).,campaigns/iscas_sustainability_extension/green_refoundation_node_aware_carbon/green_matrix_v2/GREEN_MATRIX_V2_RAW.csv,2026-09-08,MP|E0|LOGICAL_CONSECUTIVE_4|none,LOGICAL_CONTROL,E3,7106bc2a8d7157a8940bcb279f56b88181bd5685fc35ebbcfe433122fdc45ae5,afcb097174c5830d76f01e855ffbf9ea8a728cfadc3114e3bd7790261ea87152,SB_MP_IMPLEMENTATION_ONLY,UNDECLARED,DERIVED,ME|MP|E0|LOGICAL_CONSECUTIVE_4|none|logical_control_due_fraction,logical_control_due_fraction,A10_LOGICAL_CONTROLS;A10_POSTROUTE_ACTIVITY_DIAGNOSTIC;SRC_SKYWATER_SKY130_PDK,EXACT_LOGICAL_ENUMERATION,SKY130,NOT_QUANTIFIED,probability,0.91304347826086951,W0_READ_DOMINANT_SEED,V3_FOUNDATION,,,,,,
Conditioned on enumerated masks; no P(f).,campaigns/iscas_sustainability_extension/green_refoundation_node_aware_carbon/green_matrix_v2/GREEN_MATRIX_V2_RAW.csv,2026-09-08,MP|E0|LOGICAL_CONSECUTIVE_4|none,LOGICAL_CONTROL,E3,7106bc2a8d7157a8940bcb279f56b88181bd5685fc35ebbcfe433122fdc45ae5,afcb097174c5830d76f01e855ffbf9ea8a728cfadc3114e3bd7790261ea87152,SB_MP_IMPLEMENTATION_ONLY,UNDECLARED,DERIVED,ME|MP|E0|LOGICAL_CONSECUTIVE_4|none|logical_control_sdc_fraction,logical_control_sdc_fraction,A10_LOGICAL_CONTROLS;A10_POSTROUTE_ACTIVITY_DIAGNOSTIC;SRC_SKYWATER_SKY130_PDK,EXACT_LOGICAL_ENUMERATION,SKY130,NOT_QUANTIFIED,probability,0.086956521739130432,W0_READ_DOMINANT_SEED,V3_FOUNDATION,,,,,,
Conditioned on enumerated masks; no P(f).,campaigns/iscas_sustainability_extension/green_refoundation_node_aware_carbon/green_matrix_v2/GREEN_MATRIX_V2_RAW.csv,2026-09-08,MP|E0|LOGICAL_CONSECUTIVE_4|none,LOGICAL_CONTROL,E3,7106bc2a8d7157a8940bcb279f56b88181bd5685fc35ebbcfe433122fdc45ae5,afcb097174c5830d76f01e855ffbf9ea8a728cfadc3114e3bd7790261ea87152,SB_MP_IMPLEMENTATION_ONLY,UNDECLARED,DERIVED,ME|MP|E0|LOGICAL_CONSECUTIVE_4|none|logical_control_corrected_fraction,logical_control_corrected_fraction,A10_LOGICAL_CONTROLS;A10_POSTROUTE_ACTIVITY_DIAGNOSTIC;SRC_SKYWATER_SKY130_PDK,EXACT_LOGICAL_ENUMERATION,SKY130,NOT_QUANTIFIED,probability,0,W0_READ_DOMINANT_SEED,V3_FOUNDATION,,,,,,
Conditioned on enumerated masks; no P(f).,campaigns/iscas_sustainability_extension/green_refoundation_node_aware_carbon/green_matrix_v2/GREEN_MATRIX_V2_RAW.csv,2026-09-08,MP|E0|LOGICAL_CONSECUTIVE_4|none,LOGICAL_CONTROL,E3,7106bc2a8d7157a8940bcb279f56b88181bd5685fc35ebbcfe433122fdc45ae5,afcb097174c5830d76f01e855ffbf9ea8a728cfadc3114e3bd7790261ea87152,SB_MP_IMPLEMENTATION_ONLY,UNDECLARED,DERIVED,ME|MP|E0|LOGICAL_CONSECUTIVE_4|none|logical_control_retry_fraction,logical_control_retry_fraction,A10_LOGICAL_CONTROLS;A10_POSTROUTE_ACTIVITY_DIAGNOSTIC;SRC_SKYWATER_SKY130_PDK,EXACT_LOGICAL_ENUMERATION,SKY130,NOT_QUANTIFIED,probability,0,W0_READ_DOMINANT_SEED,V3_FOUNDATION,,,,,,
Latency is not measured for the declared service policy.,campaigns/iscas_sustainability_extension/green_refoundation_node_aware_carbon/green_matrix_v2/GREEN_MATRIX_V2_RAW.csv,2026-09-08,MP|E0|LOGICAL_CONSECUTIVE_4|none,UNQUALIFIED,E0,7106bc2a8d7157a8940bcb279f56b88181bd5685fc35ebbcfe433122fdc45ae5,afcb097174c5830d76f01e855ffbf9ea8a728cfadc3114e3bd7790261ea87152,REQUIRED_BOUNDARY_UNAVAILABLE,UNDECLARED,UNAVAILABLE,ME|MP|E0|LOGICAL_CONSECUTIVE_4|none|latency_s,latency_s,A10_LOGICAL_CONTROLS;A10_POSTROUTE_ACTIVITY_DIAGNOSTIC;SRC_SKYWATER_SKY130_PDK,ABSENT,SKY130,MISSING,s,,W0_READ_DOMINANT_SEED,V3_FOUNDATION,,,,,,
Activity-qualified architecture energy is unavailable.,campaigns/iscas_sustainability_extension/green_refoundation_node_aware_carbon/green_matrix_v2/GREEN_MATRIX_V2_RAW.csv,2026-09-08,MP|E0|LOGICAL_CONSECUTIVE_4|none,UNQUALIFIED,E0,7106bc2a8d7157a8940bcb279f56b88181bd5685fc35ebbcfe433122fdc45ae5,afcb097174c5830d76f01e855ffbf9ea8a728cfadc3114e3bd7790261ea87152,REQUIRED_BOUNDARY_UNAVAILABLE,UNDECLARED,UNAVAILABLE,ME|MP|E0|LOGICAL_CONSECUTIVE_4|none|operational_energy_j,operational_energy_j,A10_LOGICAL_CONTROLS;A10_POSTROUTE_ACTIVITY_DIAGNOSTIC;SRC_SKYWATER_SKY130_PDK,ABSENT,SKY130,MISSING,J,,W0_READ_DOMINANT_SEED,V3_FOUNDATION,,,,,,
Physical SBU/DBU/MBU event probabilities are unavailable.,campaigns/iscas_sustainability_extension/green_refoundation_node_aware_carbon/green_matrix_v2/GREEN_MATRIX_V2_RAW.csv,2026-09-08,MP|E0|LOGICAL_CONSECUTIVE_4|none,UNQUALIFIED,E0,7106bc2a8d7157a8940bcb279f56b88181bd5685fc35ebbcfe433122fdc45ae5,afcb097174c5830d76f01e855ffbf9ea8a728cfadc3114e3bd7790261ea87152,REQUIRED_BOUNDARY_UNAVAILABLE,UNDECLARED,UNAVAILABLE,ME|MP|E0|LOGICAL_CONSECUTIVE_4|none|physical_fault_probability,physical_fault_probability,A10_LOGICAL_CONTROLS;A10_POSTROUTE_ACTIVITY_DIAGNOSTIC;SRC_SKYWATER_SKY130_PDK,ABSENT,SKY130,MISSING,probability,,W0_READ_DOMINANT_SEED,V3_FOUNDATION,,,,,,
Logical mask frequencies cannot establish physical SDC.,campaigns/iscas_sustainability_extension/green_refoundation_node_aware_carbon/green_matrix_v2/GREEN_MATRIX_V2_RAW.csv,2026-09-08,MP|E0|LOGICAL_CONSECUTIVE_4|none,UNQUALIFIED,E0,7106bc2a8d7157a8940bcb279f56b88181bd5685fc35ebbcfe433122fdc45ae5,afcb097174c5830d76f01e855ffbf9ea8a728cfadc3114e3bd7790261ea87152,REQUIRED_BOUNDARY_UNAVAILABLE,UNDECLARED,UNAVAILABLE,ME|MP|E0|LOGICAL_CONSECUTIVE_4|none|physical_sdc_probability,physical_sdc_probability,A10_LOGICAL_CONTROLS;A10_POSTROUTE_ACTIVITY_DIAGNOSTIC;SRC_SKYWATER_SKY130_PDK,ABSENT,SKY130,MISSING,probability,,W0_READ_DOMINANT_SEED,V3_FOUNDATION,,,,,,
Logical mask frequencies cannot establish physical DUE.,campaigns/iscas_sustainability_extension/green_refoundation_node_aware_carbon/green_matrix_v2/GREEN_MATRIX_V2_RAW.csv,2026-09-08,MP|E0|LOGICAL_CONSECUTIVE_4|none,UNQUALIFIED,E0,7106bc2a8d7157a8940bcb279f56b88181bd5685fc35ebbcfe433122fdc45ae5,afcb097174c5830d76f01e855ffbf9ea8a728cfadc3114e3bd7790261ea87152,REQUIRED_BOUNDARY_UNAVAILABLE,UNDECLARED,UNAVAILABLE,ME|MP|E0|LOGICAL_CONSECUTIVE_4|none|physical_due_probability,physical_due_probability,A10_LOGICAL_CONTROLS;A10_POSTROUTE_ACTIVITY_DIAGNOSTIC;SRC_SKYWATER_SKY130_PDK,ABSENT,SKY130,MISSING,probability,,W0_READ_DOMINANT_SEED,V3_FOUNDATION,,,,,,
Matched SKY130 manufacturing inventory is unavailable.,campaigns/iscas_sustainability_extension/green_refoundation_node_aware_carbon/green_matrix_v2/GREEN_MATRIX_V2_RAW.csv,2026-09-08,MP|E0|LOGICAL_CONSECUTIVE_4|none,UNQUALIFIED,E0,7106bc2a8d7157a8940bcb279f56b88181bd5685fc35ebbcfe433122fdc45ae5,afcb097174c5830d76f01e855ffbf9ea8a728cfadc3114e3bd7790261ea87152,REQUIRED_BOUNDARY_UNAVAILABLE,UNDECLARED,UNAVAILABLE,ME|MP|E0|LOGICAL_CONSECUTIVE_4|none|manufacturing_carbon_kgco2e,manufacturing_carbon_kgco2e,SRC_SKYWATER_SKY130_PDK,ABSENT,SKY130,MISSING,kgCO2e,,W0_READ_DOMINANT_SEED,V3_FOUNDATION,,,,,,
No matched independent characterization.,campaigns/iscas_sustainability_extension/green_refoundation_node_aware_carbon/green_matrix_v2/GREEN_MATRIX_V2_RAW.csv,2026-09-08,MP|U0|PERSISTENT_SEQUENCE_1_2_0_4|none,DIAGNOSTIC,E4,7106bc2a8d7157a8940bcb279f56b88181bd5685fc35ebbcfe433122fdc45ae5,98a7fb0def91a6c4bc0f5c7b5be7befc7a75ef57eedbda1d433e75401dfc95e9,SB_MP_IMPLEMENTATION_ONLY,UNDECLARED,TOOL_ESTIMATE,ME|MP|U0|PERSISTENT_SEQUENCE_1_2_0_4|none|observed_macro_area_um2,observed_macro_area_um2,A10_LOGICAL_CONTROLS;A10_POSTROUTE_ACTIVITY_DIAGNOSTIC;SRC_SKYWATER_SKY130_PDK,POST_ROUTE_TOOL_ESTIMATE,SKY130,NOT_QUANTIFIED,um2,201266.5968,W0_READ_DOMINANT_SEED,V3_FOUNDATION,,,,,,
Coverage is incomplete and is not workload energy.,campaigns/iscas_sustainability_extension/green_refoundation_node_aware_carbon/green_matrix_v2/GREEN_MATRIX_V2_RAW.csv,2026-09-08,MP|U0|PERSISTENT_SEQUENCE_1_2_0_4|none,DIAGNOSTIC,E3,7106bc2a8d7157a8940bcb279f56b88181bd5685fc35ebbcfe433122fdc45ae5,98a7fb0def91a6c4bc0f5c7b5be7befc7a75ef57eedbda1d433e75401dfc95e9,SB_MP_IMPLEMENTATION_ONLY,UNDECLARED,DERIVED,ME|MP|U0|PERSISTENT_SEQUENCE_1_2_0_4|none|activity_coverage_fraction,activity_coverage_fraction,A10_LOGICAL_CONTROLS;A10_POSTROUTE_ACTIVITY_DIAGNOSTIC;SRC_SKYWATER_SKY130_PDK,DERIVED_ACTIVITY_COVERAGE,SKY130,NOT_QUANTIFIED,probability,0.4868421052631579,W0_READ_DOMINANT_SEED,V3_FOUNDATION,,,,,,
Diagnostic power is not activity-qualified access energy.,campaigns/iscas_sustainability_extension/green_refoundation_node_aware_carbon/green_matrix_v2/GREEN_MATRIX_V2_RAW.csv,2026-09-08,MP|U0|PERSISTENT_SEQUENCE_1_2_0_4|none,DIAGNOSTIC,E4,7106bc2a8d7157a8940bcb279f56b88181bd5685fc35ebbcfe433122fdc45ae5,98a7fb0def91a6c4bc0f5c7b5be7befc7a75ef57eedbda1d433e75401dfc95e9,SB_MP_IMPLEMENTATION_ONLY,UNDECLARED,TOOL_ESTIMATE,ME|MP|U0|PERSISTENT_SEQUENCE_1_2_0_4|none|diagnostic_tool_power_w,diagnostic_tool_power_w,A10_LOGICAL_CONTROLS;A10_POSTROUTE_ACTIVITY_DIAGNOSTIC;SRC_SKYWATER_SKY130_PDK,POST_ROUTE_TOOL_DIAGNOSTIC,SKY130,NOT_QUANTIFIED,W,0.001893166452646,W0_READ_DOMINANT_SEED,V3_FOUNDATION,,,,,,
Logical mask count is not a physical event rate.,campaigns/iscas_sustainability_extension/green_refoundation_node_aware_carbon/green_matrix_v2/GREEN_MATRIX_V2_RAW.csv,2026-09-08,MP|U0|PERSISTENT_SEQUENCE_1_2_0_4|none,LOGICAL_CONTROL,E3,7106bc2a8d7157a8940bcb279f56b88181bd5685fc35ebbcfe433122fdc45ae5,98a7fb0def91a6c4bc0f5c7b5be7befc7a75ef57eedbda1d433e75401dfc95e9,SB_MP_IMPLEMENTATION_ONLY,UNDECLARED,DERIVED,ME|MP|U0|PERSISTENT_SEQUENCE_1_2_0_4|none|logical_pattern_count,logical_pattern_count,A10_LOGICAL_CONTROLS;A10_POSTROUTE_ACTIVITY_DIAGNOSTIC;SRC_SKYWATER_SKY130_PDK,EXACT_LOGICAL_ENUMERATION,SKY130,NOT_QUANTIFIED,count,4,W0_READ_DOMINANT_SEED,V3_FOUNDATION,,,,,,
Conditioned on enumerated masks; no P(f).,campaigns/iscas_sustainability_extension/green_refoundation_node_aware_carbon/green_matrix_v2/GREEN_MATRIX_V2_RAW.csv,2026-09-08,MP|U0|PERSISTENT_SEQUENCE_1_2_0_4|none,LOGICAL_CONTROL,E3,7106bc2a8d7157a8940bcb279f56b88181bd5685fc35ebbcfe433122fdc45ae5,98a7fb0def91a6c4bc0f5c7b5be7befc7a75ef57eedbda1d433e75401dfc95e9,SB_MP_IMPLEMENTATION_ONLY,UNDECLARED,DERIVED,ME|MP|U0|PERSISTENT_SEQUENCE_1_2_0_4|none|logical_control_success_fraction,logical_control_success_fraction,A10_LOGICAL_CONTROLS;A10_POSTROUTE_ACTIVITY_DIAGNOSTIC;SRC_SKYWATER_SKY130_PDK,EXACT_LOGICAL_ENUMERATION,SKY130,NOT_QUANTIFIED,probability,0,W0_READ_DOMINANT_SEED,V3_FOUNDATION,,,,,,
Conditioned on enumerated masks; no P(f).,campaigns/iscas_sustainability_extension/green_refoundation_node_aware_carbon/green_matrix_v2/GREEN_MATRIX_V2_RAW.csv,2026-09-08,MP|U0|PERSISTENT_SEQUENCE_1_2_0_4|none,LOGICAL_CONTROL,E3,7106bc2a8d7157a8940bcb279f56b88181bd5685fc35ebbcfe433122fdc45ae5,98a7fb0def91a6c4bc0f5c7b5be7befc7a75ef57eedbda1d433e75401dfc95e9,SB_MP_IMPLEMENTATION_ONLY,UNDECLARED,DERIVED,ME|MP|U0|PERSISTENT_SEQUENCE_1_2_0_4|none|logical_control_due_fraction,logical_control_due_fraction,A10_LOGICAL_CONTROLS;A10_POSTROUTE_ACTIVITY_DIAGNOSTIC;SRC_SKYWATER_SKY130_PDK,EXACT_LOGICAL_ENUMERATION,SKY130,NOT_QUANTIFIED,probability,0,W0_READ_DOMINANT_SEED,V3_FOUNDATION,,,,,,
Conditioned on enumerated masks; no P(f).,campaigns/iscas_sustainability_extension/green_refoundation_node_aware_carbon/green_matrix_v2/GREEN_MATRIX_V2_RAW.csv,2026-09-08,MP|U0|PERSISTENT_SEQUENCE_1_2_0_4|none,LOGICAL_CONTROL,E3,7106bc2a8d7157a8940bcb279f56b88181bd5685fc35ebbcfe433122fdc45ae5,98a7fb0def91a6c4bc0f5c7b5be7befc7a75ef57eedbda1d433e75401dfc95e9,SB_MP_IMPLEMENTATION_ONLY,UNDECLARED,DERIVED,ME|MP|U0|PERSISTENT_SEQUENCE_1_2_0_4|none|logical_control_sdc_fraction,logical_control_sdc_fraction,A10_LOGICAL_CONTROLS;A10_POSTROUTE_ACTIVITY_DIAGNOSTIC;SRC_SKYWATER_SKY130_PDK,EXACT_LOGICAL_ENUMERATION,SKY130,NOT_QUANTIFIED,probability,1,W0_READ_DOMINANT_SEED,V3_FOUNDATION,,,,,,
Conditioned on enumerated masks; no P(f).,campaigns/iscas_sustainability_extension/green_refoundation_node_aware_carbon/green_matrix_v2/GREEN_MATRIX_V2_RAW.csv,2026-09-08,MP|U0|PERSISTENT_SEQUENCE_1_2_0_4|none,LOGICAL_CONTROL,E3,7106bc2a8d7157a8940bcb279f56b88181bd5685fc35ebbcfe433122fdc45ae5,98a7fb0def91a6c4bc0f5c7b5be7befc7a75ef57eedbda1d433e75401dfc95e9,SB_MP_IMPLEMENTATION_ONLY,UNDECLARED,DERIVED,ME|MP|U0|PERSISTENT_SEQUENCE_1_2_0_4|none|logical_control_corrected_fraction,logical_control_corrected_fraction,A10_LOGICAL_CONTROLS;A10_POSTROUTE_ACTIVITY_DIAGNOSTIC;SRC_SKYWATER_SKY130_PDK,EXACT_LOGICAL_ENUMERATION,SKY130,NOT_QUANTIFIED,probability,0,W0_READ_DOMINANT_SEED,V3_FOUNDATION,,,,,,
Conditioned on enumerated masks; no P(f).,campaigns/iscas_sustainability_extension/green_refoundation_node_aware_carbon/green_matrix_v2/GREEN_MATRIX_V2_RAW.csv,2026-09-08,MP|U0|PERSISTENT_SEQUENCE_1_2_0_4|none,LOGICAL_CONTROL,E3,7106bc2a8d7157a8940bcb279f56b88181bd5685fc35ebbcfe433122fdc45ae5,98a7fb0def91a6c4bc0f5c7b5be7befc7a75ef57eedbda1d433e75401dfc95e9,SB_MP_IMPLEMENTATION_ONLY,UNDECLARED,DERIVED,ME|MP|U0|PERSISTENT_SEQUENCE_1_2_0_4|none|logical_control_retry_fraction,logical_control_retry_fraction,A10_LOGICAL_CONTROLS;A10_POSTROUTE_ACTIVITY_DIAGNOSTIC;SRC_SKYWATER_SKY130_PDK,EXACT_LOGICAL_ENUMERATION,SKY130,NOT_QUANTIFIED,probability,0,W0_READ_DOMINANT_SEED,V3_FOUNDATION,,,,,,
Latency is not measured for the declared service policy.,campaigns/iscas_sustainability_extension/green_refoundation_node_aware_carbon/green_matrix_v2/GREEN_MATRIX_V2_RAW.csv,2026-09-08,MP|U0|PERSISTENT_SEQUENCE_1_2_0_4|none,UNQUALIFIED,E0,7106bc2a8d7157a8940bcb279f56b88181bd5685fc35ebbcfe433122fdc45ae5,98a7fb0def91a6c4bc0f5c7b5be7befc7a75ef57eedbda1d433e75401dfc95e9,REQUIRED_BOUNDARY_UNAVAILABLE,UNDECLARED,UNAVAILABLE,ME|MP|U0|PERSISTENT_SEQUENCE_1_2_0_4|none|latency_s,latency_s,A10_LOGICAL_CONTROLS;A10_POSTROUTE_ACTIVITY_DIAGNOSTIC;SRC_SKYWATER_SKY130_PDK,ABSENT,SKY130,MISSING,s,,W0_READ_DOMINANT_SEED,V3_FOUNDATION,,,,,,
Activity-qualified architecture energy is unavailable.,campaigns/iscas_sustainability_extension/green_refoundation_node_aware_carbon/green_matrix_v2/GREEN_MATRIX_V2_RAW.csv,2026-09-08,MP|U0|PERSISTENT_SEQUENCE_1_2_0_4|none,UNQUALIFIED,E0,7106bc2a8d7157a8940bcb279f56b88181bd5685fc35ebbcfe433122fdc45ae5,98a7fb0def91a6c4bc0f5c7b5be7befc7a75ef57eedbda1d433e75401dfc95e9,REQUIRED_BOUNDARY_UNAVAILABLE,UNDECLARED,UNAVAILABLE,ME|MP|U0|PERSISTENT_SEQUENCE_1_2_0_4|none|operational_energy_j,operational_energy_j,A10_LOGICAL_CONTROLS;A10_POSTROUTE_ACTIVITY_DIAGNOSTIC;SRC_SKYWATER_SKY130_PDK,ABSENT,SKY130,MISSING,J,,W0_READ_DOMINANT_SEED,V3_FOUNDATION,,,,,,
Physical SBU/DBU/MBU event probabilities are unavailable.,campaigns/iscas_sustainability_extension/green_refoundation_node_aware_carbon/green_matrix_v2/GREEN_MATRIX_V2_RAW.csv,2026-09-08,MP|U0|PERSISTENT_SEQUENCE_1_2_0_4|none,UNQUALIFIED,E0,7106bc2a8d7157a8940bcb279f56b88181bd5685fc35ebbcfe433122fdc45ae5,98a7fb0def91a6c4bc0f5c7b5be7befc7a75ef57eedbda1d433e75401dfc95e9,REQUIRED_BOUNDARY_UNAVAILABLE,UNDECLARED,UNAVAILABLE,ME|MP|U0|PERSISTENT_SEQUENCE_1_2_0_4|none|physical_fault_probability,physical_fault_probability,A10_LOGICAL_CONTROLS;A10_POSTROUTE_ACTIVITY_DIAGNOSTIC;SRC_SKYWATER_SKY130_PDK,ABSENT,SKY130,MISSING,probability,,W0_READ_DOMINANT_SEED,V3_FOUNDATION,,,,,,
Logical mask frequencies cannot establish physical SDC.,campaigns/iscas_sustainability_extension/green_refoundation_node_aware_carbon/green_matrix_v2/GREEN_MATRIX_V2_RAW.csv,2026-09-08,MP|U0|PERSISTENT_SEQUENCE_1_2_0_4|none,UNQUALIFIED,E0,7106bc2a8d7157a8940bcb279f56b88181bd5685fc35ebbcfe433122fdc45ae5,98a7fb0def91a6c4bc0f5c7b5be7befc7a75ef57eedbda1d433e75401dfc95e9,REQUIRED_BOUNDARY_UNAVAILABLE,UNDECLARED,UNAVAILABLE,ME|MP|U0|PERSISTENT_SEQUENCE_1_2_0_4|none|physical_sdc_probability,physical_sdc_probability,A10_LOGICAL_CONTROLS;A10_POSTROUTE_ACTIVITY_DIAGNOSTIC;SRC_SKYWATER_SKY130_PDK,ABSENT,SKY130,MISSING,probability,,W0_READ_DOMINANT_SEED,V3_FOUNDATION,,,,,,
Logical mask frequencies cannot establish physical DUE.,campaigns/iscas_sustainability_extension/green_refoundation_node_aware_carbon/green_matrix_v2/GREEN_MATRIX_V2_RAW.csv,2026-09-08,MP|U0|PERSISTENT_SEQUENCE_1_2_0_4|none,UNQUALIFIED,E0,7106bc2a8d7157a8940bcb279f56b88181bd5685fc35ebbcfe433122fdc45ae5,98a7fb0def91a6c4bc0f5c7b5be7befc7a75ef57eedbda1d433e75401dfc95e9,REQUIRED_BOUNDARY_UNAVAILABLE,UNDECLARED,UNAVAILABLE,ME|MP|U0|PERSISTENT_SEQUENCE_1_2_0_4|none|physical_due_probability,physical_due_probability,A10_LOGICAL_CONTROLS;A10_POSTROUTE_ACTIVITY_DIAGNOSTIC;SRC_SKYWATER_SKY130_PDK,ABSENT,SKY130,MISSING,probability,,W0_READ_DOMINANT_SEED,V3_FOUNDATION,,,,,,
Matched SKY130 manufacturing inventory is unavailable.,campaigns/iscas_sustainability_extension/green_refoundation_node_aware_carbon/green_matrix_v2/GREEN_MATRIX_V2_RAW.csv,2026-09-08,MP|U0|PERSISTENT_SEQUENCE_1_2_0_4|none,UNQUALIFIED,E0,7106bc2a8d7157a8940bcb279f56b88181bd5685fc35ebbcfe433122fdc45ae5,98a7fb0def91a6c4bc0f5c7b5be7befc7a75ef57eedbda1d433e75401dfc95e9,REQUIRED_BOUNDARY_UNAVAILABLE,UNDECLARED,UNAVAILABLE,ME|MP|U0|PERSISTENT_SEQUENCE_1_2_0_4|none|manufacturing_carbon_kgco2e,manufacturing_carbon_kgco2e,SRC_SKYWATER_SKY130_PDK,ABSENT,SKY130,MISSING,kgCO2e,,W0_READ_DOMINANT_SEED,V3_FOUNDATION,,,,,,
No matched independent characterization.,campaigns/iscas_sustainability_extension/green_refoundation_node_aware_carbon/green_matrix_v2/GREEN_MATRIX_V2_RAW.csv,2026-09-08,MP|U0|PERSISTENT_SEQUENCE_1_2_0_4|scrub_on_correct,DIAGNOSTIC,E4,7106bc2a8d7157a8940bcb279f56b88181bd5685fc35ebbcfe433122fdc45ae5,42f04aa8894b812dd5b9445fd8ac3cf1a0d4aef4c374b249128cd1782fc4daac,SB_MP_IMPLEMENTATION_ONLY,UNDECLARED,TOOL_ESTIMATE,ME|MP|U0|PERSISTENT_SEQUENCE_1_2_0_4|scrub_on_correct|observed_macro_area_um2,observed_macro_area_um2,A10_LOGICAL_CONTROLS;A10_POSTROUTE_ACTIVITY_DIAGNOSTIC;SRC_SKYWATER_SKY130_PDK,POST_ROUTE_TOOL_ESTIMATE,SKY130,NOT_QUANTIFIED,um2,201266.5968,W0_READ_DOMINANT_SEED,V3_FOUNDATION,,,,,,
Coverage is incomplete and is not workload energy.,campaigns/iscas_sustainability_extension/green_refoundation_node_aware_carbon/green_matrix_v2/GREEN_MATRIX_V2_RAW.csv,2026-09-08,MP|U0|PERSISTENT_SEQUENCE_1_2_0_4|scrub_on_correct,DIAGNOSTIC,E3,7106bc2a8d7157a8940bcb279f56b88181bd5685fc35ebbcfe433122fdc45ae5,42f04aa8894b812dd5b9445fd8ac3cf1a0d4aef4c374b249128cd1782fc4daac,SB_MP_IMPLEMENTATION_ONLY,UNDECLARED,DERIVED,ME|MP|U0|PERSISTENT_SEQUENCE_1_2_0_4|scrub_on_correct|activity_coverage_fraction,activity_coverage_fraction,A10_LOGICAL_CONTROLS;A10_POSTROUTE_ACTIVITY_DIAGNOSTIC;SRC_SKYWATER_SKY130_PDK,DERIVED_ACTIVITY_COVERAGE,SKY130,NOT_QUANTIFIED,probability,0.4868421052631579,W0_READ_DOMINANT_SEED,V3_FOUNDATION,,,,,,
Diagnostic power is not activity-qualified access energy.,campaigns/iscas_sustainability_extension/green_refoundation_node_aware_carbon/green_matrix_v2/GREEN_MATRIX_V2_RAW.csv,2026-09-08,MP|U0|PERSISTENT_SEQUENCE_1_2_0_4|scrub_on_correct,DIAGNOSTIC,E4,7106bc2a8d7157a8940bcb279f56b88181bd5685fc35ebbcfe433122fdc45ae5,42f04aa8894b812dd5b9445fd8ac3cf1a0d4aef4c374b249128cd1782fc4daac,SB_MP_IMPLEMENTATION_ONLY,UNDECLARED,TOOL_ESTIMATE,ME|MP|U0|PERSISTENT_SEQUENCE_1_2_0_4|scrub_on_correct|diagnostic_tool_power_w,diagnostic_tool_power_w,A10_LOGICAL_CONTROLS;A10_POSTROUTE_ACTIVITY_DIAGNOSTIC;SRC_SKYWATER_SKY130_PDK,POST_ROUTE_TOOL_DIAGNOSTIC,SKY130,NOT_QUANTIFIED,W,0.001893166452646,W0_READ_DOMINANT_SEED,V3_FOUNDATION,,,,,,
Logical mask count is not a physical event rate.,campaigns/iscas_sustainability_extension/green_refoundation_node_aware_carbon/green_matrix_v2/GREEN_MATRIX_V2_RAW.csv,2026-09-08,MP|U0|PERSISTENT_SEQUENCE_1_2_0_4|scrub_on_correct,LOGICAL_CONTROL,E3,7106bc2a8d7157a8940bcb279f56b88181bd5685fc35ebbcfe433122fdc45ae5,42f04aa8894b812dd5b9445fd8ac3cf1a0d4aef4c374b249128cd1782fc4daac,SB_MP_IMPLEMENTATION_ONLY,UNDECLARED,DERIVED,ME|MP|U0|PERSISTENT_SEQUENCE_1_2_0_4|scrub_on_correct|logical_pattern_count,logical_pattern_count,A10_LOGICAL_CONTROLS;A10_POSTROUTE_ACTIVITY_DIAGNOSTIC;SRC_SKYWATER_SKY130_PDK,EXACT_LOGICAL_ENUMERATION,SKY130,NOT_QUANTIFIED,count,4,W0_READ_DOMINANT_SEED,V3_FOUNDATION,,,,,,
Conditioned on enumerated masks; no P(f).,campaigns/iscas_sustainability_extension/green_refoundation_node_aware_carbon/green_matrix_v2/GREEN_MATRIX_V2_RAW.csv,2026-09-08,MP|U0|PERSISTENT_SEQUENCE_1_2_0_4|scrub_on_correct,LOGICAL_CONTROL,E3,7106bc2a8d7157a8940bcb279f56b88181bd5685fc35ebbcfe433122fdc45ae5,42f04aa8894b812dd5b9445fd8ac3cf1a0d4aef4c374b249128cd1782fc4daac,SB_MP_IMPLEMENTATION_ONLY,UNDECLARED,DERIVED,ME|MP|U0|PERSISTENT_SEQUENCE_1_2_0_4|scrub_on_correct|logical_control_success_fraction,logical_control_success_fraction,A10_LOGICAL_CONTROLS;A10_POSTROUTE_ACTIVITY_DIAGNOSTIC;SRC_SKYWATER_SKY130_PDK,EXACT_LOGICAL_ENUMERATION,SKY130,NOT_QUANTIFIED,probability,0,W0_READ_DOMINANT_SEED,V3_FOUNDATION,,,,,,
Conditioned on enumerated masks; no P(f).,campaigns/iscas_sustainability_extension/green_refoundation_node_aware_carbon/green_matrix_v2/GREEN_MATRIX_V2_RAW.csv,2026-09-08,MP|U0|PERSISTENT_SEQUENCE_1_2_0_4|scrub_on_correct,LOGICAL_CONTROL,E3,7106bc2a8d7157a8940bcb279f56b88181bd5685fc35ebbcfe433122fdc45ae5,42f04aa8894b812dd5b9445fd8ac3cf1a0d4aef4c374b249128cd1782fc4daac,SB_MP_IMPLEMENTATION_ONLY,UNDECLARED,DERIVED,ME|MP|U0|PERSISTENT_SEQUENCE_1_2_0_4|scrub_on_correct|logical_control_due_fraction,logical_control_due_fraction,A10_LOGICAL_CONTROLS;A10_POSTROUTE_ACTIVITY_DIAGNOSTIC;SRC_SKYWATER_SKY130_PDK,EXACT_LOGICAL_ENUMERATION,SKY130,NOT_QUANTIFIED,probability,0,W0_READ_DOMINANT_SEED,V3_FOUNDATION,,,,,,
Conditioned on enumerated masks; no P(f).,campaigns/iscas_sustainability_extension/green_refoundation_node_aware_carbon/green_matrix_v2/GREEN_MATRIX_V2_RAW.csv,2026-09-08,MP|U0|PERSISTENT_SEQUENCE_1_2_0_4|scrub_on_correct,LOGICAL_CONTROL,E3,7106bc2a8d7157a8940bcb279f56b88181bd5685fc35ebbcfe433122fdc45ae5,42f04aa8894b812dd5b9445fd8ac3cf1a0d4aef4c374b249128cd1782fc4daac,SB_MP_IMPLEMENTATION_ONLY,UNDECLARED,DERIVED,ME|MP|U0|PERSISTENT_SEQUENCE_1_2_0_4|scrub_on_correct|logical_control_sdc_fraction,logical_control_sdc_fraction,A10_LOGICAL_CONTROLS;A10_POSTROUTE_ACTIVITY_DIAGNOSTIC;SRC_SKYWATER_SKY130_PDK,EXACT_LOGICAL_ENUMERATION,SKY130,NOT_QUANTIFIED,probability,1,W0_READ_DOMINANT_SEED,V3_FOUNDATION,,,,,,
Conditioned on enumerated masks; no P(f).,campaigns/iscas_sustainability_extension/green_refoundation_node_aware_carbon/green_matrix_v2/GREEN_MATRIX_V2_RAW.csv,2026-09-08,MP|U0|PERSISTENT_SEQUENCE_1_2_0_4|scrub_on_correct,LOGICAL_CONTROL,E3,7106bc2a8d7157a8940bcb279f56b88181bd5685fc35ebbcfe433122fdc45ae5,42f04aa8894b812dd5b9445fd8ac3cf1a0d4aef4c374b249128cd1782fc4daac,SB_MP_IMPLEMENTATION_ONLY,UNDECLARED,DERIVED,ME|MP|U0|PERSISTENT_SEQUENCE_1_2_0_4|scrub_on_correct|logical_control_corrected_fraction,logical_control_corrected_fraction,A10_LOGICAL_CONTROLS;A10_POSTROUTE_ACTIVITY_DIAGNOSTIC;SRC_SKYWATER_SKY130_PDK,EXACT_LOGICAL_ENUMERATION,SKY130,NOT_QUANTIFIED,probability,0,W0_READ_DOMINANT_SEED,V3_FOUNDATION,,,,,,
Conditioned on enumerated masks; no P(f).,campaigns/iscas_sustainability_extension/green_refoundation_node_aware_carbon/green_matrix_v2/GREEN_MATRIX_V2_RAW.csv,2026-09-08,MP|U0|PERSISTENT_SEQUENCE_1_2_0_4|scrub_on_correct,LOGICAL_CONTROL,E3,7106bc2a8d7157a8940bcb279f56b88181bd5685fc35ebbcfe433122fdc45ae5,42f04aa8894b812dd5b9445fd8ac3cf1a0d4aef4c374b249128cd1782fc4daac,SB_MP_IMPLEMENTATION_ONLY,UNDECLARED,DERIVED,ME|MP|U0|PERSISTENT_SEQUENCE_1_2_0_4|scrub_on_correct|logical_control_retry_fraction,logical_control_retry_fraction,A10_LOGICAL_CONTROLS;A10_POSTROUTE_ACTIVITY_DIAGNOSTIC;SRC_SKYWATER_SKY130_PDK,EXACT_LOGICAL_ENUMERATION,SKY130,NOT_QUANTIFIED,probability,0,W0_READ_DOMINANT_SEED,V3_FOUNDATION,,,,,,
Latency is not measured for the declared service policy.,campaigns/iscas_sustainability_extension/green_refoundation_node_aware_carbon/green_matrix_v2/GREEN_MATRIX_V2_RAW.csv,2026-09-08,MP|U0|PERSISTENT_SEQUENCE_1_2_0_4|scrub_on_correct,UNQUALIFIED,E0,7106bc2a8d7157a8940bcb279f56b88181bd5685fc35ebbcfe433122fdc45ae5,42f04aa8894b812dd5b9445fd8ac3cf1a0d4aef4c374b249128cd1782fc4daac,REQUIRED_BOUNDARY_UNAVAILABLE,UNDECLARED,UNAVAILABLE,ME|MP|U0|PERSISTENT_SEQUENCE_1_2_0_4|scrub_on_correct|latency_s,latency_s,A10_LOGICAL_CONTROLS;A10_POSTROUTE_ACTIVITY_DIAGNOSTIC;SRC_SKYWATER_SKY130_PDK,ABSENT,SKY130,MISSING,s,,W0_READ_DOMINANT_SEED,V3_FOUNDATION,,,,,,
Activity-qualified architecture energy is unavailable.,campaigns/iscas_sustainability_extension/green_refoundation_node_aware_carbon/green_matrix_v2/GREEN_MATRIX_V2_RAW.csv,2026-09-08,MP|U0|PERSISTENT_SEQUENCE_1_2_0_4|scrub_on_correct,UNQUALIFIED,E0,7106bc2a8d7157a8940bcb279f56b88181bd5685fc35ebbcfe433122fdc45ae5,42f04aa8894b812dd5b9445fd8ac3cf1a0d4aef4c374b249128cd1782fc4daac,REQUIRED_BOUNDARY_UNAVAILABLE,UNDECLARED,UNAVAILABLE,ME|MP|U0|PERSISTENT_SEQUENCE_1_2_0_4|scrub_on_correct|operational_energy_j,operational_energy_j,A10_LOGICAL_CONTROLS;A10_POSTROUTE_ACTIVITY_DIAGNOSTIC;SRC_SKYWATER_SKY130_PDK,ABSENT,SKY130,MISSING,J,,W0_READ_DOMINANT_SEED,V3_FOUNDATION,,,,,,
Physical SBU/DBU/MBU event probabilities are unavailable.,campaigns/iscas_sustainability_extension/green_refoundation_node_aware_carbon/green_matrix_v2/GREEN_MATRIX_V2_RAW.csv,2026-09-08,MP|U0|PERSISTENT_SEQUENCE_1_2_0_4|scrub_on_correct,UNQUALIFIED,E0,7106bc2a8d7157a8940bcb279f56b88181bd5685fc35ebbcfe433122fdc45ae5,42f04aa8894b812dd5b9445fd8ac3cf1a0d4aef4c374b249128cd1782fc4daac,REQUIRED_BOUNDARY_UNAVAILABLE,UNDECLARED,UNAVAILABLE,ME|MP|U0|PERSISTENT_SEQUENCE_1_2_0_4|scrub_on_correct|physical_fault_probability,physical_fault_probability,A10_LOGICAL_CONTROLS;A10_POSTROUTE_ACTIVITY_DIAGNOSTIC;SRC_SKYWATER_SKY130_PDK,ABSENT,SKY130,MISSING,probability,,W0_READ_DOMINANT_SEED,V3_FOUNDATION,,,,,,
Logical mask frequencies cannot establish physical SDC.,campaigns/iscas_sustainability_extension/green_refoundation_node_aware_carbon/green_matrix_v2/GREEN_MATRIX_V2_RAW.csv,2026-09-08,MP|U0|PERSISTENT_SEQUENCE_1_2_0_4|scrub_on_correct,UNQUALIFIED,E0,7106bc2a8d7157a8940bcb279f56b88181bd5685fc35ebbcfe433122fdc45ae5,42f04aa8894b812dd5b9445fd8ac3cf1a0d4aef4c374b249128cd1782fc4daac,REQUIRED_BOUNDARY_UNAVAILABLE,UNDECLARED,UNAVAILABLE,ME|MP|U0|PERSISTENT_SEQUENCE_1_2_0_4|scrub_on_correct|physical_sdc_probability,physical_sdc_probability,A10_LOGICAL_CONTROLS;A10_POSTROUTE_ACTIVITY_DIAGNOSTIC;SRC_SKYWATER_SKY130_PDK,ABSENT,SKY130,MISSING,probability,,W0_READ_DOMINANT_SEED,V3_FOUNDATION,,,,,,
Logical mask frequencies cannot establish physical DUE.,campaigns/iscas_sustainability_extension/green_refoundation_node_aware_carbon/green_matrix_v2/GREEN_MATRIX_V2_RAW.csv,2026-09-08,MP|U0|PERSISTENT_SEQUENCE_1_2_0_4|scrub_on_correct,UNQUALIFIED,E0,7106bc2a8d7157a8940bcb279f56b88181bd5685fc35ebbcfe433122fdc45ae5,42f04aa8894b812dd5b9445fd8ac3cf1a0d4aef4c374b249128cd1782fc4daac,REQUIRED_BOUNDARY_UNAVAILABLE,UNDECLARED,UNAVAILABLE,ME|MP|U0|PERSISTENT_SEQUENCE_1_2_0_4|scrub_on_correct|physical_due_probability,physical_due_probability,A10_LOGICAL_CONTROLS;A10_POSTROUTE_ACTIVITY_DIAGNOSTIC;SRC_SKYWATER_SKY130_PDK,ABSENT,SKY130,MISSING,probability,,W0_READ_DOMINANT_SEED,V3_FOUNDATION,,,,,,
Matched SKY130 manufacturing inventory is unavailable.,campaigns/iscas_sustainability_extension/green_refoundation_node_aware_carbon/green_matrix_v2/GREEN_MATRIX_V2_RAW.csv,2026-09-08,MP|U0|PERSISTENT_SEQUENCE_1_2_0_4|scrub_on_correct,UNQUALIFIED,E0,7106bc2a8d7157a8940bcb279f56b88181bd5685fc35ebbcfe433122fdc45ae5,42f04aa8894b812dd5b9445fd8ac3cf1a0d4aef4c374b249128cd1782fc4daac,REQUIRED_BOUNDARY_UNAVAILABLE,UNDECLARED,UNAVAILABLE,ME|MP|U0|PERSISTENT_SEQUENCE_1_2_0_4|scrub_on_correct|manufacturing_carbon_kgco2e,manufacturing_carbon_kgco2e,SRC_SKYWATER_SKY130_PDK,ABSENT,SKY130,MISSING,kgCO2e,,W0_READ_DOMINANT_SEED,V3_FOUNDATION,,,,,,
No matched independent characterization.,campaigns/iscas_sustainability_extension/green_refoundation_node_aware_carbon/green_matrix_v2/GREEN_MATRIX_V2_RAW.csv,2026-09-08,MP|U0|PERSISTENT_SEQUENCE_1_2_0_4|periodic_2_steps,DIAGNOSTIC,E4,7106bc2a8d7157a8940bcb279f56b88181bd5685fc35ebbcfe433122fdc45ae5,d455d4e32d747104accae60a4758d3f3aed526cb04fe82b005e66e341f53e520,SB_MP_IMPLEMENTATION_ONLY,UNDECLARED,TOOL_ESTIMATE,ME|MP|U0|PERSISTENT_SEQUENCE_1_2_0_4|periodic_2_steps|observed_macro_area_um2,observed_macro_area_um2,A10_LOGICAL_CONTROLS;A10_POSTROUTE_ACTIVITY_DIAGNOSTIC;SRC_SKYWATER_SKY130_PDK,POST_ROUTE_TOOL_ESTIMATE,SKY130,NOT_QUANTIFIED,um2,201266.5968,W0_READ_DOMINANT_SEED,V3_FOUNDATION,,,,,,
Coverage is incomplete and is not workload energy.,campaigns/iscas_sustainability_extension/green_refoundation_node_aware_carbon/green_matrix_v2/GREEN_MATRIX_V2_RAW.csv,2026-09-08,MP|U0|PERSISTENT_SEQUENCE_1_2_0_4|periodic_2_steps,DIAGNOSTIC,E3,7106bc2a8d7157a8940bcb279f56b88181bd5685fc35ebbcfe433122fdc45ae5,d455d4e32d747104accae60a4758d3f3aed526cb04fe82b005e66e341f53e520,SB_MP_IMPLEMENTATION_ONLY,UNDECLARED,DERIVED,ME|MP|U0|PERSISTENT_SEQUENCE_1_2_0_4|periodic_2_steps|activity_coverage_fraction,activity_coverage_fraction,A10_LOGICAL_CONTROLS;A10_POSTROUTE_ACTIVITY_DIAGNOSTIC;SRC_SKYWATER_SKY130_PDK,DERIVED_ACTIVITY_COVERAGE,SKY130,NOT_QUANTIFIED,probability,0.4868421052631579,W0_READ_DOMINANT_SEED,V3_FOUNDATION,,,,,,
Diagnostic power is not activity-qualified access energy.,campaigns/iscas_sustainability_extension/green_refoundation_node_aware_carbon/green_matrix_v2/GREEN_MATRIX_V2_RAW.csv,2026-09-08,MP|U0|PERSISTENT_SEQUENCE_1_2_0_4|periodic_2_steps,DIAGNOSTIC,E4,7106bc2a8d7157a8940bcb279f56b88181bd5685fc35ebbcfe433122fdc45ae5,d455d4e32d747104accae60a4758d3f3aed526cb04fe82b005e66e341f53e520,SB_MP_IMPLEMENTATION_ONLY,UNDECLARED,TOOL_ESTIMATE,ME|MP|U0|PERSISTENT_SEQUENCE_1_2_0_4|periodic_2_steps|diagnostic_tool_power_w,diagnostic_tool_power_w,A10_LOGICAL_CONTROLS;A10_POSTROUTE_ACTIVITY_DIAGNOSTIC;SRC_SKYWATER_SKY130_PDK,POST_ROUTE_TOOL_DIAGNOSTIC,SKY130,NOT_QUANTIFIED,W,0.001893166452646,W0_READ_DOMINANT_SEED,V3_FOUNDATION,,,,,,
Logical mask count is not a physical event rate.,campaigns/iscas_sustainability_extension/green_refoundation_node_aware_carbon/green_matrix_v2/GREEN_MATRIX_V2_RAW.csv,2026-09-08,MP|U0|PERSISTENT_SEQUENCE_1_2_0_4|periodic_2_steps,LOGICAL_CONTROL,E3,7106bc2a8d7157a8940bcb279f56b88181bd5685fc35ebbcfe433122fdc45ae5,d455d4e32d747104accae60a4758d3f3aed526cb04fe82b005e66e341f53e520,SB_MP_IMPLEMENTATION_ONLY,UNDECLARED,DERIVED,ME|MP|U0|PERSISTENT_SEQUENCE_1_2_0_4|periodic_2_steps|logical_pattern_count,logical_pattern_count,A10_LOGICAL_CONTROLS;A10_POSTROUTE_ACTIVITY_DIAGNOSTIC;SRC_SKYWATER_SKY130_PDK,EXACT_LOGICAL_ENUMERATION,SKY130,NOT_QUANTIFIED,count,4,W0_READ_DOMINANT_SEED,V3_FOUNDATION,,,,,,
Conditioned on enumerated masks; no P(f).,campaigns/iscas_sustainability_extension/green_refoundation_node_aware_carbon/green_matrix_v2/GREEN_MATRIX_V2_RAW.csv,2026-09-08,MP|U0|PERSISTENT_SEQUENCE_1_2_0_4|periodic_2_steps,LOGICAL_CONTROL,E3,7106bc2a8d7157a8940bcb279f56b88181bd5685fc35ebbcfe433122fdc45ae5,d455d4e32d747104accae60a4758d3f3aed526cb04fe82b005e66e341f53e520,SB_MP_IMPLEMENTATION_ONLY,UNDECLARED,DERIVED,ME|MP|U0|PERSISTENT_SEQUENCE_1_2_0_4|periodic_2_steps|logical_control_success_fraction,logical_control_success_fraction,A10_LOGICAL_CONTROLS;A10_POSTROUTE_ACTIVITY_DIAGNOSTIC;SRC_SKYWATER_SKY130_PDK,EXACT_LOGICAL_ENUMERATION,SKY130,NOT_QUANTIFIED,probability,0,W0_READ_DOMINANT_SEED,V3_FOUNDATION,,,,,,
Conditioned on enumerated masks; no P(f).,campaigns/iscas_sustainability_extension/green_refoundation_node_aware_carbon/green_matrix_v2/GREEN_MATRIX_V2_RAW.csv,2026-09-08,MP|U0|PERSISTENT_SEQUENCE_1_2_0_4|periodic_2_steps,LOGICAL_CONTROL,E3,7106bc2a8d7157a8940bcb279f56b88181bd5685fc35ebbcfe433122fdc45ae5,d455d4e32d747104accae60a4758d3f3aed526cb04fe82b005e66e341f53e520,SB_MP_IMPLEMENTATION_ONLY,UNDECLARED,DERIVED,ME|MP|U0|PERSISTENT_SEQUENCE_1_2_0_4|periodic_2_steps|logical_control_due_fraction,logical_control_due_fraction,A10_LOGICAL_CONTROLS;A10_POSTROUTE_ACTIVITY_DIAGNOSTIC;SRC_SKYWATER_SKY130_PDK,EXACT_LOGICAL_ENUMERATION,SKY130,NOT_QUANTIFIED,probability,0,W0_READ_DOMINANT_SEED,V3_FOUNDATION,,,,,,
Conditioned on enumerated masks; no P(f).,campaigns/iscas_sustainability_extension/green_refoundation_node_aware_carbon/green_matrix_v2/GREEN_MATRIX_V2_RAW.csv,2026-09-08,MP|U0|PERSISTENT_SEQUENCE_1_2_0_4|periodic_2_steps,LOGICAL_CONTROL,E3,7106bc2a8d7157a8940bcb279f56b88181bd5685fc35ebbcfe433122fdc45ae5,d455d4e32d747104accae60a4758d3f3aed526cb04fe82b005e66e341f53e520,SB_MP_IMPLEMENTATION_ONLY,UNDECLARED,DERIVED,ME|MP|U0|PERSISTENT_SEQUENCE_1_2_0_4|periodic_2_steps|logical_control_sdc_fraction,logical_control_sdc_fraction,A10_LOGICAL_CONTROLS;A10_POSTROUTE_ACTIVITY_DIAGNOSTIC;SRC_SKYWATER_SKY130_PDK,EXACT_LOGICAL_ENUMERATION,SKY130,NOT_QUANTIFIED,probability,1,W0_READ_DOMINANT_SEED,V3_FOUNDATION,,,,,,
Conditioned on enumerated masks; no P(f).,campaigns/iscas_sustainability_extension/green_refoundation_node_aware_carbon/green_matrix_v2/GREEN_MATRIX_V2_RAW.csv,2026-09-08,MP|U0|PERSISTENT_SEQUENCE_1_2_0_4|periodic_2_steps,LOGICAL_CONTROL,E3,7106bc2a8d7157a8940bcb279f56b88181bd5685fc35ebbcfe433122fdc45ae5,d455d4e32d747104accae60a4758d3f3aed526cb04fe82b005e66e341f53e520,SB_MP_IMPLEMENTATION_ONLY,UNDECLARED,DERIVED,ME|MP|U0|PERSISTENT_SEQUENCE_1_2_0_4|periodic_2_steps|logical_control_corrected_fraction,logical_control_corrected_fraction,A10_LOGICAL_CONTROLS;A10_POSTROUTE_ACTIVITY_DIAGNOSTIC;SRC_SKYWATER_SKY130_PDK,EXACT_LOGICAL_ENUMERATION,SKY130,NOT_QUANTIFIED,probability,0,W0_READ_DOMINANT_SEED,V3_FOUNDATION,,,,,,
Conditioned on enumerated masks; no P(f).,campaigns/iscas_sustainability_extension/green_refoundation_node_aware_carbon/green_matrix_v2/GREEN_MATRIX_V2_RAW.csv,2026-09-08,MP|U0|PERSISTENT_SEQUENCE_1_2_0_4|periodic_2_steps,LOGICAL_CONTROL,E3,7106bc2a8d7157a8940bcb279f56b88181bd5685fc35ebbcfe433122fdc45ae5,d455d4e32d747104accae60a4758d3f3aed526cb04fe82b005e66e341f53e520,SB_MP_IMPLEMENTATION_ONLY,UNDECLARED,DERIVED,ME|MP|U0|PERSISTENT_SEQUENCE_1_2_0_4|periodic_2_steps|logical_control_retry_fraction,logical_control_retry_fraction,A10_LOGICAL_CONTROLS;A10_POSTROUTE_ACTIVITY_DIAGNOSTIC;SRC_SKYWATER_SKY130_PDK,EXACT_LOGICAL_ENUMERATION,SKY130,NOT_QUANTIFIED,probability,0,W0_READ_DOMINANT_SEED,V3_FOUNDATION,,,,,,
Latency is not measured for the declared service policy.,campaigns/iscas_sustainability_extension/green_refoundation_node_aware_carbon/green_matrix_v2/GREEN_MATRIX_V2_RAW.csv,2026-09-08,MP|U0|PERSISTENT_SEQUENCE_1_2_0_4|periodic_2_steps,UNQUALIFIED,E0,7106bc2a8d7157a8940bcb279f56b88181bd5685fc35ebbcfe433122fdc45ae5,d455d4e32d747104accae60a4758d3f3aed526cb04fe82b005e66e341f53e520,REQUIRED_BOUNDARY_UNAVAILABLE,UNDECLARED,UNAVAILABLE,ME|MP|U0|PERSISTENT_SEQUENCE_1_2_0_4|periodic_2_steps|latency_s,latency_s,A10_LOGICAL_CONTROLS;A10_POSTROUTE_ACTIVITY_DIAGNOSTIC;SRC_SKYWATER_SKY130_PDK,ABSENT,SKY130,MISSING,s,,W0_READ_DOMINANT_SEED,V3_FOUNDATION,,,,,,
Activity-qualified architecture energy is unavailable.,campaigns/iscas_sustainability_extension/green_refoundation_node_aware_carbon/green_matrix_v2/GREEN_MATRIX_V2_RAW.csv,2026-09-08,MP|U0|PERSISTENT_SEQUENCE_1_2_0_4|periodic_2_steps,UNQUALIFIED,E0,7106bc2a8d7157a8940bcb279f56b88181bd5685fc35ebbcfe433122fdc45ae5,d455d4e32d747104accae60a4758d3f3aed526cb04fe82b005e66e341f53e520,REQUIRED_BOUNDARY_UNAVAILABLE,UNDECLARED,UNAVAILABLE,ME|MP|U0|PERSISTENT_SEQUENCE_1_2_0_4|periodic_2_steps|operational_energy_j,operational_energy_j,A10_LOGICAL_CONTROLS;A10_POSTROUTE_ACTIVITY_DIAGNOSTIC;SRC_SKYWATER_SKY130_PDK,ABSENT,SKY130,MISSING,J,,W0_READ_DOMINANT_SEED,V3_FOUNDATION,,,,,,
Physical SBU/DBU/MBU event probabilities are unavailable.,campaigns/iscas_sustainability_extension/green_refoundation_node_aware_carbon/green_matrix_v2/GREEN_MATRIX_V2_RAW.csv,2026-09-08,MP|U0|PERSISTENT_SEQUENCE_1_2_0_4|periodic_2_steps,UNQUALIFIED,E0,7106bc2a8d7157a8940bcb279f56b88181bd5685fc35ebbcfe433122fdc45ae5,d455d4e32d747104accae60a4758d3f3aed526cb04fe82b005e66e341f53e520,REQUIRED_BOUNDARY_UNAVAILABLE,UNDECLARED,UNAVAILABLE,ME|MP|U0|PERSISTENT_SEQUENCE_1_2_0_4|periodic_2_steps|physical_fault_probability,physical_fault_probability,A10_LOGICAL_CONTROLS;A10_POSTROUTE_ACTIVITY_DIAGNOSTIC;SRC_SKYWATER_SKY130_PDK,ABSENT,SKY130,MISSING,probability,,W0_READ_DOMINANT_SEED,V3_FOUNDATION,,,,,,
Logical mask frequencies cannot establish physical SDC.,campaigns/iscas_sustainability_extension/green_refoundation_node_aware_carbon/green_matrix_v2/GREEN_MATRIX_V2_RAW.csv,2026-09-08,MP|U0|PERSISTENT_SEQUENCE_1_2_0_4|periodic_2_steps,UNQUALIFIED,E0,7106bc2a8d7157a8940bcb279f56b88181bd5685fc35ebbcfe433122fdc45ae5,d455d4e32d747104accae60a4758d3f3aed526cb04fe82b005e66e341f53e520,REQUIRED_BOUNDARY_UNAVAILABLE,UNDECLARED,UNAVAILABLE,ME|MP|U0|PERSISTENT_SEQUENCE_1_2_0_4|periodic_2_steps|physical_sdc_probability,physical_sdc_probability,A10_LOGICAL_CONTROLS;A10_POSTROUTE_ACTIVITY_DIAGNOSTIC;SRC_SKYWATER_SKY130_PDK,ABSENT,SKY130,MISSING,probability,,W0_READ_DOMINANT_SEED,V3_FOUNDATION,,,,,,
Logical mask frequencies cannot establish physical DUE.,campaigns/iscas_sustainability_extension/green_refoundation_node_aware_carbon/green_matrix_v2/GREEN_MATRIX_V2_RAW.csv,2026-09-08,MP|U0|PERSISTENT_SEQUENCE_1_2_0_4|periodic_2_steps,UNQUALIFIED,E0,7106bc2a8d7157a8940bcb279f56b88181bd5685fc35ebbcfe433122fdc45ae5,d455d4e32d747104accae60a4758d3f3aed526cb04fe82b005e66e341f53e520,REQUIRED_BOUNDARY_UNAVAILABLE,UNDECLARED,UNAVAILABLE,ME|MP|U0|PERSISTENT_SEQUENCE_1_2_0_4|periodic_2_steps|physical_due_probability,physical_due_probability,A10_LOGICAL_CONTROLS;A10_POSTROUTE_ACTIVITY_DIAGNOSTIC;SRC_SKYWATER_SKY130_PDK,ABSENT,SKY130,MISSING,probability,,W0_READ_DOMINANT_SEED,V3_FOUNDATION,,,,,,
Matched SKY130 manufacturing inventory is unavailable.,campaigns/iscas_sustainability_extension/green_refoundation_node_aware_carbon/green_matrix_v2/GREEN_MATRIX_V2_RAW.csv,2026-09-08,MP|U0|PERSISTENT_SEQUENCE_1_2_0_4|periodic_2_steps,UNQUALIFIED,E0,7106bc2a8d7157a8940bcb279f56b88181bd5685fc35ebbcfe433122fdc45ae5,d455d4e32d747104accae60a4758d3f3aed526cb04fe82b005e66e341f53e520,REQUIRED_BOUNDARY_UNAVAILABLE,UNDECLARED,UNAVAILABLE,ME|MP|U0|PERSISTENT_SEQUENCE_1_2_0_4|periodic_2_steps|manufacturing_carbon_kgco2e,manufacturing_carbon_kgco2e,SRC_SKYWATER_SKY130_PDK,ABSENT,SKY130,MISSING,kgCO2e,,W0_READ_DOMINANT_SEED,V3_FOUNDATION,,,,,,
No matched independent characterization.,campaigns/iscas_sustainability_extension/green_refoundation_node_aware_carbon/green_matrix_v2/GREEN_MATRIX_V2_RAW.csv,2026-09-08,MP|E0|PERSISTENT_SEQUENCE_1_2_0_4|none,DIAGNOSTIC,E4,7106bc2a8d7157a8940bcb279f56b88181bd5685fc35ebbcfe433122fdc45ae5,14987ebf03c45b64a3a3e88d1aefcc6be3e1afe5baecb2f25348b5582b0517c8,SB_MP_IMPLEMENTATION_ONLY,UNDECLARED,TOOL_ESTIMATE,ME|MP|E0|PERSISTENT_SEQUENCE_1_2_0_4|none|observed_macro_area_um2,observed_macro_area_um2,A10_LOGICAL_CONTROLS;A10_POSTROUTE_ACTIVITY_DIAGNOSTIC;SRC_SKYWATER_SKY130_PDK,POST_ROUTE_TOOL_ESTIMATE,SKY130,NOT_QUANTIFIED,um2,260331.5664,W0_READ_DOMINANT_SEED,V3_FOUNDATION,,,,,,
Coverage is incomplete and is not workload energy.,campaigns/iscas_sustainability_extension/green_refoundation_node_aware_carbon/green_matrix_v2/GREEN_MATRIX_V2_RAW.csv,2026-09-08,MP|E0|PERSISTENT_SEQUENCE_1_2_0_4|none,DIAGNOSTIC,E3,7106bc2a8d7157a8940bcb279f56b88181bd5685fc35ebbcfe433122fdc45ae5,14987ebf03c45b64a3a3e88d1aefcc6be3e1afe5baecb2f25348b5582b0517c8,SB_MP_IMPLEMENTATION_ONLY,UNDECLARED,DERIVED,ME|MP|E0|PERSISTENT_SEQUENCE_1_2_0_4|none|activity_coverage_fraction,activity_coverage_fraction,A10_LOGICAL_CONTROLS;A10_POSTROUTE_ACTIVITY_DIAGNOSTIC;SRC_SKYWATER_SKY130_PDK,DERIVED_ACTIVITY_COVERAGE,SKY130,NOT_QUANTIFIED,probability,0.043451652386780906,W0_READ_DOMINANT_SEED,V3_FOUNDATION,,,,,,
Diagnostic power is not activity-qualified access energy.,campaigns/iscas_sustainability_extension/green_refoundation_node_aware_carbon/green_matrix_v2/GREEN_MATRIX_V2_RAW.csv,2026-09-08,MP|E0|PERSISTENT_SEQUENCE_1_2_0_4|none,DIAGNOSTIC,E4,7106bc2a8d7157a8940bcb279f56b88181bd5685fc35ebbcfe433122fdc45ae5,14987ebf03c45b64a3a3e88d1aefcc6be3e1afe5baecb2f25348b5582b0517c8,SB_MP_IMPLEMENTATION_ONLY,UNDECLARED,TOOL_ESTIMATE,ME|MP|E0|PERSISTENT_SEQUENCE_1_2_0_4|none|diagnostic_tool_power_w,diagnostic_tool_power_w,A10_LOGICAL_CONTROLS;A10_POSTROUTE_ACTIVITY_DIAGNOSTIC;SRC_SKYWATER_SKY130_PDK,POST_ROUTE_TOOL_DIAGNOSTIC,SKY130,NOT_QUANTIFIED,W,0.005495859775692,W0_READ_DOMINANT_SEED,V3_FOUNDATION,,,,,,
Logical mask count is not a physical event rate.,campaigns/iscas_sustainability_extension/green_refoundation_node_aware_carbon/green_matrix_v2/GREEN_MATRIX_V2_RAW.csv,2026-09-08,MP|E0|PERSISTENT_SEQUENCE_1_2_0_4|none,LOGICAL_CONTROL,E3,7106bc2a8d7157a8940bcb279f56b88181bd5685fc35ebbcfe433122fdc45ae5,14987ebf03c45b64a3a3e88d1aefcc6be3e1afe5baecb2f25348b5582b0517c8,SB_MP_IMPLEMENTATION_ONLY,UNDECLARED,DERIVED,ME|MP|E0|PERSISTENT_SEQUENCE_1_2_0_4|none|logical_pattern_count,logical_pattern_count,A10_LOGICAL_CONTROLS;A10_POSTROUTE_ACTIVITY_DIAGNOSTIC;SRC_SKYWATER_SKY130_PDK,EXACT_LOGICAL_ENUMERATION,SKY130,NOT_QUANTIFIED,count,4,W0_READ_DOMINANT_SEED,V3_FOUNDATION,,,,,,
Conditioned on enumerated masks; no P(f).,campaigns/iscas_sustainability_extension/green_refoundation_node_aware_carbon/green_matrix_v2/GREEN_MATRIX_V2_RAW.csv,2026-09-08,MP|E0|PERSISTENT_SEQUENCE_1_2_0_4|none,LOGICAL_CONTROL,E3,7106bc2a8d7157a8940bcb279f56b88181bd5685fc35ebbcfe433122fdc45ae5,14987ebf03c45b64a3a3e88d1aefcc6be3e1afe5baecb2f25348b5582b0517c8,SB_MP_IMPLEMENTATION_ONLY,UNDECLARED,DERIVED,ME|MP|E0|PERSISTENT_SEQUENCE_1_2_0_4|none|logical_control_success_fraction,logical_control_success_fraction,A10_LOGICAL_CONTROLS;A10_POSTROUTE_ACTIVITY_DIAGNOSTIC;SRC_SKYWATER_SKY130_PDK,EXACT_LOGICAL_ENUMERATION,SKY130,NOT_QUANTIFIED,probability,0.25,W0_READ_DOMINANT_SEED,V3_FOUNDATION,,,,,,
Conditioned on enumerated masks; no P(f).,campaigns/iscas_sustainability_extension/green_refoundation_node_aware_carbon/green_matrix_v2/GREEN_MATRIX_V2_RAW.csv,2026-09-08,MP|E0|PERSISTENT_SEQUENCE_1_2_0_4|none,LOGICAL_CONTROL,E3,7106bc2a8d7157a8940bcb279f56b88181bd5685fc35ebbcfe433122fdc45ae5,14987ebf03c45b64a3a3e88d1aefcc6be3e1afe5baecb2f25348b5582b0517c8,SB_MP_IMPLEMENTATION_ONLY,UNDECLARED,DERIVED,ME|MP|E0|PERSISTENT_SEQUENCE_1_2_0_4|none|logical_control_due_fraction,logical_control_due_fraction,A10_LOGICAL_CONTROLS;A10_POSTROUTE_ACTIVITY_DIAGNOSTIC;SRC_SKYWATER_SKY130_PDK,EXACT_LOGICAL_ENUMERATION,SKY130,NOT_QUANTIFIED,probability,0.5,W0_READ_DOMINANT_SEED,V3_FOUNDATION,,,,,,
Conditioned on enumerated masks; no P(f).,campaigns/iscas_sustainability_extension/green_refoundation_node_aware_carbon/green_matrix_v2/GREEN_MATRIX_V2_RAW.csv,2026-09-08,MP|E0|PERSISTENT_SEQUENCE_1_2_0_4|none,LOGICAL_CONTROL,E3,7106bc2a8d7157a8940bcb279f56b88181bd5685fc35ebbcfe433122fdc45ae5,14987ebf03c45b64a3a3e88d1aefcc6be3e1afe5baecb2f25348b5582b0517c8,SB_MP_IMPLEMENTATION_ONLY,UNDECLARED,DERIVED,ME|MP|E0|PERSISTENT_SEQUENCE_1_2_0_4|none|logical_control_sdc_fraction,logical_control_sdc_fraction,A10_LOGICAL_CONTROLS;A10_POSTROUTE_ACTIVITY_DIAGNOSTIC;SRC_SKYWATER_SKY130_PDK,EXACT_LOGICAL_ENUMERATION,SKY130,NOT_QUANTIFIED,probability,0.25,W0_READ_DOMINANT_SEED,V3_FOUNDATION,,,,,,
Conditioned on enumerated masks; no P(f).,campaigns/iscas_sustainability_extension/green_refoundation_node_aware_carbon/green_matrix_v2/GREEN_MATRIX_V2_RAW.csv,2026-09-08,MP|E0|PERSISTENT_SEQUENCE_1_2_0_4|none,LOGICAL_CONTROL,E3,7106bc2a8d7157a8940bcb279f56b88181bd5685fc35ebbcfe433122fdc45ae5,14987ebf03c45b64a3a3e88d1aefcc6be3e1afe5baecb2f25348b5582b0517c8,SB_MP_IMPLEMENTATION_ONLY,UNDECLARED,DERIVED,ME|MP|E0|PERSISTENT_SEQUENCE_1_2_0_4|none|logical_control_corrected_fraction,logical_control_corrected_fraction,A10_LOGICAL_CONTROLS;A10_POSTROUTE_ACTIVITY_DIAGNOSTIC;SRC_SKYWATER_SKY130_PDK,EXACT_LOGICAL_ENUMERATION,SKY130,NOT_QUANTIFIED,probability,0.25,W0_READ_DOMINANT_SEED,V3_FOUNDATION,,,,,,
Conditioned on enumerated masks; no P(f).,campaigns/iscas_sustainability_extension/green_refoundation_node_aware_carbon/green_matrix_v2/GREEN_MATRIX_V2_RAW.csv,2026-09-08,MP|E0|PERSISTENT_SEQUENCE_1_2_0_4|none,LOGICAL_CONTROL,E3,7106bc2a8d7157a8940bcb279f56b88181bd5685fc35ebbcfe433122fdc45ae5,14987ebf03c45b64a3a3e88d1aefcc6be3e1afe5baecb2f25348b5582b0517c8,SB_MP_IMPLEMENTATION_ONLY,UNDECLARED,DERIVED,ME|MP|E0|PERSISTENT_SEQUENCE_1_2_0_4|none|logical_control_retry_fraction,logical_control_retry_fraction,A10_LOGICAL_CONTROLS;A10_POSTROUTE_ACTIVITY_DIAGNOSTIC;SRC_SKYWATER_SKY130_PDK,EXACT_LOGICAL_ENUMERATION,SKY130,NOT_QUANTIFIED,probability,0,W0_READ_DOMINANT_SEED,V3_FOUNDATION,,,,,,
Latency is not measured for the declared service policy.,campaigns/iscas_sustainability_extension/green_refoundation_node_aware_carbon/green_matrix_v2/GREEN_MATRIX_V2_RAW.csv,2026-09-08,MP|E0|PERSISTENT_SEQUENCE_1_2_0_4|none,UNQUALIFIED,E0,7106bc2a8d7157a8940bcb279f56b88181bd5685fc35ebbcfe433122fdc45ae5,14987ebf03c45b64a3a3e88d1aefcc6be3e1afe5baecb2f25348b5582b0517c8,REQUIRED_BOUNDARY_UNAVAILABLE,UNDECLARED,UNAVAILABLE,ME|MP|E0|PERSISTENT_SEQUENCE_1_2_0_4|none|latency_s,latency_s,A10_LOGICAL_CONTROLS;A10_POSTROUTE_ACTIVITY_DIAGNOSTIC;SRC_SKYWATER_SKY130_PDK,ABSENT,SKY130,MISSING,s,,W0_READ_DOMINANT_SEED,V3_FOUNDATION,,,,,,
Activity-qualified architecture energy is unavailable.,campaigns/iscas_sustainability_extension/green_refoundation_node_aware_carbon/green_matrix_v2/GREEN_MATRIX_V2_RAW.csv,2026-09-08,MP|E0|PERSISTENT_SEQUENCE_1_2_0_4|none,UNQUALIFIED,E0,7106bc2a8d7157a8940bcb279f56b88181bd5685fc35ebbcfe433122fdc45ae5,14987ebf03c45b64a3a3e88d1aefcc6be3e1afe5baecb2f25348b5582b0517c8,REQUIRED_BOUNDARY_UNAVAILABLE,UNDECLARED,UNAVAILABLE,ME|MP|E0|PERSISTENT_SEQUENCE_1_2_0_4|none|operational_energy_j,operational_energy_j,A10_LOGICAL_CONTROLS;A10_POSTROUTE_ACTIVITY_DIAGNOSTIC;SRC_SKYWATER_SKY130_PDK,ABSENT,SKY130,MISSING,J,,W0_READ_DOMINANT_SEED,V3_FOUNDATION,,,,,,
Physical SBU/DBU/MBU event probabilities are unavailable.,campaigns/iscas_sustainability_extension/green_refoundation_node_aware_carbon/green_matrix_v2/GREEN_MATRIX_V2_RAW.csv,2026-09-08,MP|E0|PERSISTENT_SEQUENCE_1_2_0_4|none,UNQUALIFIED,E0,7106bc2a8d7157a8940bcb279f56b88181bd5685fc35ebbcfe433122fdc45ae5,14987ebf03c45b64a3a3e88d1aefcc6be3e1afe5baecb2f25348b5582b0517c8,REQUIRED_BOUNDARY_UNAVAILABLE,UNDECLARED,UNAVAILABLE,ME|MP|E0|PERSISTENT_SEQUENCE_1_2_0_4|none|physical_fault_probability,physical_fault_probability,A10_LOGICAL_CONTROLS;A10_POSTROUTE_ACTIVITY_DIAGNOSTIC;SRC_SKYWATER_SKY130_PDK,ABSENT,SKY130,MISSING,probability,,W0_READ_DOMINANT_SEED,V3_FOUNDATION,,,,,,
Logical mask frequencies cannot establish physical SDC.,campaigns/iscas_sustainability_extension/green_refoundation_node_aware_carbon/green_matrix_v2/GREEN_MATRIX_V2_RAW.csv,2026-09-08,MP|E0|PERSISTENT_SEQUENCE_1_2_0_4|none,UNQUALIFIED,E0,7106bc2a8d7157a8940bcb279f56b88181bd5685fc35ebbcfe433122fdc45ae5,14987ebf03c45b64a3a3e88d1aefcc6be3e1afe5baecb2f25348b5582b0517c8,REQUIRED_BOUNDARY_UNAVAILABLE,UNDECLARED,UNAVAILABLE,ME|MP|E0|PERSISTENT_SEQUENCE_1_2_0_4|none|physical_sdc_probability,physical_sdc_probability,A10_LOGICAL_CONTROLS;A10_POSTROUTE_ACTIVITY_DIAGNOSTIC;SRC_SKYWATER_SKY130_PDK,ABSENT,SKY130,MISSING,probability,,W0_READ_DOMINANT_SEED,V3_FOUNDATION,,,,,,
Logical mask frequencies cannot establish physical DUE.,campaigns/iscas_sustainability_extension/green_refoundation_node_aware_carbon/green_matrix_v2/GREEN_MATRIX_V2_RAW.csv,2026-09-08,MP|E0|PERSISTENT_SEQUENCE_1_2_0_4|none,UNQUALIFIED,E0,7106bc2a8d7157a8940bcb279f56b88181bd5685fc35ebbcfe433122fdc45ae5,14987ebf03c45b64a3a3e88d1aefcc6be3e1afe5baecb2f25348b5582b0517c8,REQUIRED_BOUNDARY_UNAVAILABLE,UNDECLARED,UNAVAILABLE,ME|MP|E0|PERSISTENT_SEQUENCE_1_2_0_4|none|physical_due_probability,physical_due_probability,A10_LOGICAL_CONTROLS;A10_POSTROUTE_ACTIVITY_DIAGNOSTIC;SRC_SKYWATER_SKY130_PDK,ABSENT,SKY130,MISSING,probability,,W0_READ_DOMINANT_SEED,V3_FOUNDATION,,,,,,
Matched SKY130 manufacturing inventory is unavailable.,campaigns/iscas_sustainability_extension/green_refoundation_node_aware_carbon/green_matrix_v2/GREEN_MATRIX_V2_RAW.csv,2026-09-08,MP|E0|PERSISTENT_SEQUENCE_1_2_0_4|none,UNQUALIFIED,E0,7106bc2a8d7157a8940bcb279f56b88181bd5685fc35ebbcfe433122fdc45ae5,14987ebf03c45b64a3a3e88d1aefcc6be3e1afe5baecb2f25348b5582b0517c8,REQUIRED_BOUNDARY_UNAVAILABLE,UNDECLARED,UNAVAILABLE,ME|MP|E0|PERSISTENT_SEQUENCE_1_2_0_4|none|manufacturing_carbon_kgco2e,manufacturing_carbon_kgco2e,SRC_SKYWATER_SKY130_PDK,ABSENT,SKY130,MISSING,kgCO2e,,W0_READ_DOMINANT_SEED,V3_FOUNDATION,,,,,,
No matched independent characterization.,campaigns/iscas_sustainability_extension/green_refoundation_node_aware_carbon/green_matrix_v2/GREEN_MATRIX_V2_RAW.csv,2026-09-08,MP|E0|PERSISTENT_SEQUENCE_1_2_0_4|scrub_on_correct,DIAGNOSTIC,E4,7106bc2a8d7157a8940bcb279f56b88181bd5685fc35ebbcfe433122fdc45ae5,59b82aec8dfffa553645b418b0a1100d1194bf3ca2fddc27ac4199623adf7e62,SB_MP_IMPLEMENTATION_ONLY,UNDECLARED,TOOL_ESTIMATE,ME|MP|E0|PERSISTENT_SEQUENCE_1_2_0_4|scrub_on_correct|observed_macro_area_um2,observed_macro_area_um2,A10_LOGICAL_CONTROLS;A10_POSTROUTE_ACTIVITY_DIAGNOSTIC;SRC_SKYWATER_SKY130_PDK,POST_ROUTE_TOOL_ESTIMATE,SKY130,NOT_QUANTIFIED,um2,260331.5664,W0_READ_DOMINANT_SEED,V3_FOUNDATION,,,,,,
Coverage is incomplete and is not workload energy.,campaigns/iscas_sustainability_extension/green_refoundation_node_aware_carbon/green_matrix_v2/GREEN_MATRIX_V2_RAW.csv,2026-09-08,MP|E0|PERSISTENT_SEQUENCE_1_2_0_4|scrub_on_correct,DIAGNOSTIC,E3,7106bc2a8d7157a8940bcb279f56b88181bd5685fc35ebbcfe433122fdc45ae5,59b82aec8dfffa553645b418b0a1100d1194bf3ca2fddc27ac4199623adf7e62,SB_MP_IMPLEMENTATION_ONLY,UNDECLARED,DERIVED,ME|MP|E0|PERSISTENT_SEQUENCE_1_2_0_4|scrub_on_correct|activity_coverage_fraction,activity_coverage_fraction,A10_LOGICAL_CONTROLS;A10_POSTROUTE_ACTIVITY_DIAGNOSTIC;SRC_SKYWATER_SKY130_PDK,DERIVED_ACTIVITY_COVERAGE,SKY130,NOT_QUANTIFIED,probability,0.043451652386780906,W0_READ_DOMINANT_SEED,V3_FOUNDATION,,,,,,
Diagnostic power is not activity-qualified access energy.,campaigns/iscas_sustainability_extension/green_refoundation_node_aware_carbon/green_matrix_v2/GREEN_MATRIX_V2_RAW.csv,2026-09-08,MP|E0|PERSISTENT_SEQUENCE_1_2_0_4|scrub_on_correct,DIAGNOSTIC,E4,7106bc2a8d7157a8940bcb279f56b88181bd5685fc35ebbcfe433122fdc45ae5,59b82aec8dfffa553645b418b0a1100d1194bf3ca2fddc27ac4199623adf7e62,SB_MP_IMPLEMENTATION_ONLY,UNDECLARED,TOOL_ESTIMATE,ME|MP|E0|PERSISTENT_SEQUENCE_1_2_0_4|scrub_on_correct|diagnostic_tool_power_w,diagnostic_tool_power_w,A10_LOGICAL_CONTROLS;A10_POSTROUTE_ACTIVITY_DIAGNOSTIC;SRC_SKYWATER_SKY130_PDK,POST_ROUTE_TOOL_DIAGNOSTIC,SKY130,NOT_QUANTIFIED,W,0.005495859775692,W0_READ_DOMINANT_SEED,V3_FOUNDATION,,,,,,
Logical mask count is not a physical event rate.,campaigns/iscas_sustainability_extension/green_refoundation_node_aware_carbon/green_matrix_v2/GREEN_MATRIX_V2_RAW.csv,2026-09-08,MP|E0|PERSISTENT_SEQUENCE_1_2_0_4|scrub_on_correct,LOGICAL_CONTROL,E3,7106bc2a8d7157a8940bcb279f56b88181bd5685fc35ebbcfe433122fdc45ae5,59b82aec8dfffa553645b418b0a1100d1194bf3ca2fddc27ac4199623adf7e62,SB_MP_IMPLEMENTATION_ONLY,UNDECLARED,DERIVED,ME|MP|E0|PERSISTENT_SEQUENCE_1_2_0_4|scrub_on_correct|logical_pattern_count,logical_pattern_count,A10_LOGICAL_CONTROLS;A10_POSTROUTE_ACTIVITY_DIAGNOSTIC;SRC_SKYWATER_SKY130_PDK,EXACT_LOGICAL_ENUMERATION,SKY130,NOT_QUANTIFIED,count,4,W0_READ_DOMINANT_SEED,V3_FOUNDATION,,,,,,
Conditioned on enumerated masks; no P(f).,campaigns/iscas_sustainability_extension/green_refoundation_node_aware_carbon/green_matrix_v2/GREEN_MATRIX_V2_RAW.csv,2026-09-08,MP|E0|PERSISTENT_SEQUENCE_1_2_0_4|scrub_on_correct,LOGICAL_CONTROL,E3,7106bc2a8d7157a8940bcb279f56b88181bd5685fc35ebbcfe433122fdc45ae5,59b82aec8dfffa553645b418b0a1100d1194bf3ca2fddc27ac4199623adf7e62,SB_MP_IMPLEMENTATION_ONLY,UNDECLARED,DERIVED,ME|MP|E0|PERSISTENT_SEQUENCE_1_2_0_4|scrub_on_correct|logical_control_success_fraction,logical_control_success_fraction,A10_LOGICAL_CONTROLS;A10_POSTROUTE_ACTIVITY_DIAGNOSTIC;SRC_SKYWATER_SKY130_PDK,EXACT_LOGICAL_ENUMERATION,SKY130,NOT_QUANTIFIED,probability,1,W0_READ_DOMINANT_SEED,V3_FOUNDATION,,,,,,
Conditioned on enumerated masks; no P(f).,campaigns/iscas_sustainability_extension/green_refoundation_node_aware_carbon/green_matrix_v2/GREEN_MATRIX_V2_RAW.csv,2026-09-08,MP|E0|PERSISTENT_SEQUENCE_1_2_0_4|scrub_on_correct,LOGICAL_CONTROL,E3,7106bc2a8d7157a8940bcb279f56b88181bd5685fc35ebbcfe433122fdc45ae5,59b82aec8dfffa553645b418b0a1100d1194bf3ca2fddc27ac4199623adf7e62,SB_MP_IMPLEMENTATION_ONLY,UNDECLARED,DERIVED,ME|MP|E0|PERSISTENT_SEQUENCE_1_2_0_4|scrub_on_correct|logical_control_due_fraction,logical_control_due_fraction,A10_LOGICAL_CONTROLS;A10_POSTROUTE_ACTIVITY_DIAGNOSTIC;SRC_SKYWATER_SKY130_PDK,EXACT_LOGICAL_ENUMERATION,SKY130,NOT_QUANTIFIED,probability,0,W0_READ_DOMINANT_SEED,V3_FOUNDATION,,,,,,
Conditioned on enumerated masks; no P(f).,campaigns/iscas_sustainability_extension/green_refoundation_node_aware_carbon/green_matrix_v2/GREEN_MATRIX_V2_RAW.csv,2026-09-08,MP|E0|PERSISTENT_SEQUENCE_1_2_0_4|scrub_on_correct,LOGICAL_CONTROL,E3,7106bc2a8d7157a8940bcb279f56b88181bd5685fc35ebbcfe433122fdc45ae5,59b82aec8dfffa553645b418b0a1100d1194bf3ca2fddc27ac4199623adf7e62,SB_MP_IMPLEMENTATION_ONLY,UNDECLARED,DERIVED,ME|MP|E0|PERSISTENT_SEQUENCE_1_2_0_4|scrub_on_correct|logical_control_sdc_fraction,logical_control_sdc_fraction,A10_LOGICAL_CONTROLS;A10_POSTROUTE_ACTIVITY_DIAGNOSTIC;SRC_SKYWATER_SKY130_PDK,EXACT_LOGICAL_ENUMERATION,SKY130,NOT_QUANTIFIED,probability,0,W0_READ_DOMINANT_SEED,V3_FOUNDATION,,,,,,
Conditioned on enumerated masks; no P(f).,campaigns/iscas_sustainability_extension/green_refoundation_node_aware_carbon/green_matrix_v2/GREEN_MATRIX_V2_RAW.csv,2026-09-08,MP|E0|PERSISTENT_SEQUENCE_1_2_0_4|scrub_on_correct,LOGICAL_CONTROL,E3,7106bc2a8d7157a8940bcb279f56b88181bd5685fc35ebbcfe433122fdc45ae5,59b82aec8dfffa553645b418b0a1100d1194bf3ca2fddc27ac4199623adf7e62,SB_MP_IMPLEMENTATION_ONLY,UNDECLARED,DERIVED,ME|MP|E0|PERSISTENT_SEQUENCE_1_2_0_4|scrub_on_correct|logical_control_corrected_fraction,logical_control_corrected_fraction,A10_LOGICAL_CONTROLS;A10_POSTROUTE_ACTIVITY_DIAGNOSTIC;SRC_SKYWATER_SKY130_PDK,EXACT_LOGICAL_ENUMERATION,SKY130,NOT_QUANTIFIED,probability,0.75,W0_READ_DOMINANT_SEED,V3_FOUNDATION,,,,,,
Conditioned on enumerated masks; no P(f).,campaigns/iscas_sustainability_extension/green_refoundation_node_aware_carbon/green_matrix_v2/GREEN_MATRIX_V2_RAW.csv,2026-09-08,MP|E0|PERSISTENT_SEQUENCE_1_2_0_4|scrub_on_correct,LOGICAL_CONTROL,E3,7106bc2a8d7157a8940bcb279f56b88181bd5685fc35ebbcfe433122fdc45ae5,59b82aec8dfffa553645b418b0a1100d1194bf3ca2fddc27ac4199623adf7e62,SB_MP_IMPLEMENTATION_ONLY,UNDECLARED,DERIVED,ME|MP|E0|PERSISTENT_SEQUENCE_1_2_0_4|scrub_on_correct|logical_control_retry_fraction,logical_control_retry_fraction,A10_LOGICAL_CONTROLS;A10_POSTROUTE_ACTIVITY_DIAGNOSTIC;SRC_SKYWATER_SKY130_PDK,EXACT_LOGICAL_ENUMERATION,SKY130,NOT_QUANTIFIED,probability,0,W0_READ_DOMINANT_SEED,V3_FOUNDATION,,,,,,
Latency is not measured for the declared service policy.,campaigns/iscas_sustainability_extension/green_refoundation_node_aware_carbon/green_matrix_v2/GREEN_MATRIX_V2_RAW.csv,2026-09-08,MP|E0|PERSISTENT_SEQUENCE_1_2_0_4|scrub_on_correct,UNQUALIFIED,E0,7106bc2a8d7157a8940bcb279f56b88181bd5685fc35ebbcfe433122fdc45ae5,59b82aec8dfffa553645b418b0a1100d1194bf3ca2fddc27ac4199623adf7e62,REQUIRED_BOUNDARY_UNAVAILABLE,UNDECLARED,UNAVAILABLE,ME|MP|E0|PERSISTENT_SEQUENCE_1_2_0_4|scrub_on_correct|latency_s,latency_s,A10_LOGICAL_CONTROLS;A10_POSTROUTE_ACTIVITY_DIAGNOSTIC;SRC_SKYWATER_SKY130_PDK,ABSENT,SKY130,MISSING,s,,W0_READ_DOMINANT_SEED,V3_FOUNDATION,,,,,,
Activity-qualified architecture energy is unavailable.,campaigns/iscas_sustainability_extension/green_refoundation_node_aware_carbon/green_matrix_v2/GREEN_MATRIX_V2_RAW.csv,2026-09-08,MP|E0|PERSISTENT_SEQUENCE_1_2_0_4|scrub_on_correct,UNQUALIFIED,E0,7106bc2a8d7157a8940bcb279f56b88181bd5685fc35ebbcfe433122fdc45ae5,59b82aec8dfffa553645b418b0a1100d1194bf3ca2fddc27ac4199623adf7e62,REQUIRED_BOUNDARY_UNAVAILABLE,UNDECLARED,UNAVAILABLE,ME|MP|E0|PERSISTENT_SEQUENCE_1_2_0_4|scrub_on_correct|operational_energy_j,operational_energy_j,A10_LOGICAL_CONTROLS;A10_POSTROUTE_ACTIVITY_DIAGNOSTIC;SRC_SKYWATER_SKY130_PDK,ABSENT,SKY130,MISSING,J,,W0_READ_DOMINANT_SEED,V3_FOUNDATION,,,,,,
Physical SBU/DBU/MBU event probabilities are unavailable.,campaigns/iscas_sustainability_extension/green_refoundation_node_aware_carbon/green_matrix_v2/GREEN_MATRIX_V2_RAW.csv,2026-09-08,MP|E0|PERSISTENT_SEQUENCE_1_2_0_4|scrub_on_correct,UNQUALIFIED,E0,7106bc2a8d7157a8940bcb279f56b88181bd5685fc35ebbcfe433122fdc45ae5,59b82aec8dfffa553645b418b0a1100d1194bf3ca2fddc27ac4199623adf7e62,REQUIRED_BOUNDARY_UNAVAILABLE,UNDECLARED,UNAVAILABLE,ME|MP|E0|PERSISTENT_SEQUENCE_1_2_0_4|scrub_on_correct|physical_fault_probability,physical_fault_probability,A10_LOGICAL_CONTROLS;A10_POSTROUTE_ACTIVITY_DIAGNOSTIC;SRC_SKYWATER_SKY130_PDK,ABSENT,SKY130,MISSING,probability,,W0_READ_DOMINANT_SEED,V3_FOUNDATION,,,,,,
Logical mask frequencies cannot establish physical SDC.,campaigns/iscas_sustainability_extension/green_refoundation_node_aware_carbon/green_matrix_v2/GREEN_MATRIX_V2_RAW.csv,2026-09-08,MP|E0|PERSISTENT_SEQUENCE_1_2_0_4|scrub_on_correct,UNQUALIFIED,E0,7106bc2a8d7157a8940bcb279f56b88181bd5685fc35ebbcfe433122fdc45ae5,59b82aec8dfffa553645b418b0a1100d1194bf3ca2fddc27ac4199623adf7e62,REQUIRED_BOUNDARY_UNAVAILABLE,UNDECLARED,UNAVAILABLE,ME|MP|E0|PERSISTENT_SEQUENCE_1_2_0_4|scrub_on_correct|physical_sdc_probability,physical_sdc_probability,A10_LOGICAL_CONTROLS;A10_POSTROUTE_ACTIVITY_DIAGNOSTIC;SRC_SKYWATER_SKY130_PDK,ABSENT,SKY130,MISSING,probability,,W0_READ_DOMINANT_SEED,V3_FOUNDATION,,,,,,
Logical mask frequencies cannot establish physical DUE.,campaigns/iscas_sustainability_extension/green_refoundation_node_aware_carbon/green_matrix_v2/GREEN_MATRIX_V2_RAW.csv,2026-09-08,MP|E0|PERSISTENT_SEQUENCE_1_2_0_4|scrub_on_correct,UNQUALIFIED,E0,7106bc2a8d7157a8940bcb279f56b88181bd5685fc35ebbcfe433122fdc45ae5,59b82aec8dfffa553645b418b0a1100d1194bf3ca2fddc27ac4199623adf7e62,REQUIRED_BOUNDARY_UNAVAILABLE,UNDECLARED,UNAVAILABLE,ME|MP|E0|PERSISTENT_SEQUENCE_1_2_0_4|scrub_on_correct|physical_due_probability,physical_due_probability,A10_LOGICAL_CONTROLS;A10_POSTROUTE_ACTIVITY_DIAGNOSTIC;SRC_SKYWATER_SKY130_PDK,ABSENT,SKY130,MISSING,probability,,W0_READ_DOMINANT_SEED,V3_FOUNDATION,,,,,,
Matched SKY130 manufacturing inventory is unavailable.,campaigns/iscas_sustainability_extension/green_refoundation_node_aware_carbon/green_matrix_v2/GREEN_MATRIX_V2_RAW.csv,2026-09-08,MP|E0|PERSISTENT_SEQUENCE_1_2_0_4|scrub_on_correct,UNQUALIFIED,E0,7106bc2a8d7157a8940bcb279f56b88181bd5685fc35ebbcfe433122fdc45ae5,59b82aec8dfffa553645b418b0a1100d1194bf3ca2fddc27ac4199623adf7e62,REQUIRED_BOUNDARY_UNAVAILABLE,UNDECLARED,UNAVAILABLE,ME|MP|E0|PERSISTENT_SEQUENCE_1_2_0_4|scrub_on_correct|manufacturing_carbon_kgco2e,manufacturing_carbon_kgco2e,SRC_SKYWATER_SKY130_PDK,ABSENT,SKY130,MISSING,kgCO2e,,W0_READ_DOMINANT_SEED,V3_FOUNDATION,,,,,,
No matched independent characterization.,campaigns/iscas_sustainability_extension/green_refoundation_node_aware_carbon/green_matrix_v2/GREEN_MATRIX_V2_RAW.csv,2026-09-08,MP|E0|PERSISTENT_SEQUENCE_1_2_0_4|periodic_2_steps,DIAGNOSTIC,E4,7106bc2a8d7157a8940bcb279f56b88181bd5685fc35ebbcfe433122fdc45ae5,02d79c22028d56da28f79d62512c0e5ffa2e23a836685e28d0cca40c8892806b,SB_MP_IMPLEMENTATION_ONLY,UNDECLARED,TOOL_ESTIMATE,ME|MP|E0|PERSISTENT_SEQUENCE_1_2_0_4|periodic_2_steps|observed_macro_area_um2,observed_macro_area_um2,A10_LOGICAL_CONTROLS;A10_POSTROUTE_ACTIVITY_DIAGNOSTIC;SRC_SKYWATER_SKY130_PDK,POST_ROUTE_TOOL_ESTIMATE,SKY130,NOT_QUANTIFIED,um2,260331.5664,W0_READ_DOMINANT_SEED,V3_FOUNDATION,,,,,,
Coverage is incomplete and is not workload energy.,campaigns/iscas_sustainability_extension/green_refoundation_node_aware_carbon/green_matrix_v2/GREEN_MATRIX_V2_RAW.csv,2026-09-08,MP|E0|PERSISTENT_SEQUENCE_1_2_0_4|periodic_2_steps,DIAGNOSTIC,E3,7106bc2a8d7157a8940bcb279f56b88181bd5685fc35ebbcfe433122fdc45ae5,02d79c22028d56da28f79d62512c0e5ffa2e23a836685e28d0cca40c8892806b,SB_MP_IMPLEMENTATION_ONLY,UNDECLARED,DERIVED,ME|MP|E0|PERSISTENT_SEQUENCE_1_2_0_4|periodic_2_steps|activity_coverage_fraction,activity_coverage_fraction,A10_LOGICAL_CONTROLS;A10_POSTROUTE_ACTIVITY_DIAGNOSTIC;SRC_SKYWATER_SKY130_PDK,DERIVED_ACTIVITY_COVERAGE,SKY130,NOT_QUANTIFIED,probability,0.043451652386780906,W0_READ_DOMINANT_SEED,V3_FOUNDATION,,,,,,
Diagnostic power is not activity-qualified access energy.,campaigns/iscas_sustainability_extension/green_refoundation_node_aware_carbon/green_matrix_v2/GREEN_MATRIX_V2_RAW.csv,2026-09-08,MP|E0|PERSISTENT_SEQUENCE_1_2_0_4|periodic_2_steps,DIAGNOSTIC,E4,7106bc2a8d7157a8940bcb279f56b88181bd5685fc35ebbcfe433122fdc45ae5,02d79c22028d56da28f79d62512c0e5ffa2e23a836685e28d0cca40c8892806b,SB_MP_IMPLEMENTATION_ONLY,UNDECLARED,TOOL_ESTIMATE,ME|MP|E0|PERSISTENT_SEQUENCE_1_2_0_4|periodic_2_steps|diagnostic_tool_power_w,diagnostic_tool_power_w,A10_LOGICAL_CONTROLS;A10_POSTROUTE_ACTIVITY_DIAGNOSTIC;SRC_SKYWATER_SKY130_PDK,POST_ROUTE_TOOL_DIAGNOSTIC,SKY130,NOT_QUANTIFIED,W,0.005495859775692,W0_READ_DOMINANT_SEED,V3_FOUNDATION,,,,,,
Logical mask count is not a physical event rate.,campaigns/iscas_sustainability_extension/green_refoundation_node_aware_carbon/green_matrix_v2/GREEN_MATRIX_V2_RAW.csv,2026-09-08,MP|E0|PERSISTENT_SEQUENCE_1_2_0_4|periodic_2_steps,LOGICAL_CONTROL,E3,7106bc2a8d7157a8940bcb279f56b88181bd5685fc35ebbcfe433122fdc45ae5,02d79c22028d56da28f79d62512c0e5ffa2e23a836685e28d0cca40c8892806b,SB_MP_IMPLEMENTATION_ONLY,UNDECLARED,DERIVED,ME|MP|E0|PERSISTENT_SEQUENCE_1_2_0_4|periodic_2_steps|logical_pattern_count,logical_pattern_count,A10_LOGICAL_CONTROLS;A10_POSTROUTE_ACTIVITY_DIAGNOSTIC;SRC_SKYWATER_SKY130_PDK,EXACT_LOGICAL_ENUMERATION,SKY130,NOT_QUANTIFIED,count,4,W0_READ_DOMINANT_SEED,V3_FOUNDATION,,,,,,
Conditioned on enumerated masks; no P(f).,campaigns/iscas_sustainability_extension/green_refoundation_node_aware_carbon/green_matrix_v2/GREEN_MATRIX_V2_RAW.csv,2026-09-08,MP|E0|PERSISTENT_SEQUENCE_1_2_0_4|periodic_2_steps,LOGICAL_CONTROL,E3,7106bc2a8d7157a8940bcb279f56b88181bd5685fc35ebbcfe433122fdc45ae5,02d79c22028d56da28f79d62512c0e5ffa2e23a836685e28d0cca40c8892806b,SB_MP_IMPLEMENTATION_ONLY,UNDECLARED,DERIVED,ME|MP|E0|PERSISTENT_SEQUENCE_1_2_0_4|periodic_2_steps|logical_control_success_fraction,logical_control_success_fraction,A10_LOGICAL_CONTROLS;A10_POSTROUTE_ACTIVITY_DIAGNOSTIC;SRC_SKYWATER_SKY130_PDK,EXACT_LOGICAL_ENUMERATION,SKY130,NOT_QUANTIFIED,probability,0.25,W0_READ_DOMINANT_SEED,V3_FOUNDATION,,,,,,
Conditioned on enumerated masks; no P(f).,campaigns/iscas_sustainability_extension/green_refoundation_node_aware_carbon/green_matrix_v2/GREEN_MATRIX_V2_RAW.csv,2026-09-08,MP|E0|PERSISTENT_SEQUENCE_1_2_0_4|periodic_2_steps,LOGICAL_CONTROL,E3,7106bc2a8d7157a8940bcb279f56b88181bd5685fc35ebbcfe433122fdc45ae5,02d79c22028d56da28f79d62512c0e5ffa2e23a836685e28d0cca40c8892806b,SB_MP_IMPLEMENTATION_ONLY,UNDECLARED,DERIVED,ME|MP|E0|PERSISTENT_SEQUENCE_1_2_0_4|periodic_2_steps|logical_control_due_fraction,logical_control_due_fraction,A10_LOGICAL_CONTROLS;A10_POSTROUTE_ACTIVITY_DIAGNOSTIC;SRC_SKYWATER_SKY130_PDK,EXACT_LOGICAL_ENUMERATION,SKY130,NOT_QUANTIFIED,probability,0.5,W0_READ_DOMINANT_SEED,V3_FOUNDATION,,,,,,
Conditioned on enumerated masks; no P(f).,campaigns/iscas_sustainability_extension/green_refoundation_node_aware_carbon/green_matrix_v2/GREEN_MATRIX_V2_RAW.csv,2026-09-08,MP|E0|PERSISTENT_SEQUENCE_1_2_0_4|periodic_2_steps,LOGICAL_CONTROL,E3,7106bc2a8d7157a8940bcb279f56b88181bd5685fc35ebbcfe433122fdc45ae5,02d79c22028d56da28f79d62512c0e5ffa2e23a836685e28d0cca40c8892806b,SB_MP_IMPLEMENTATION_ONLY,UNDECLARED,DERIVED,ME|MP|E0|PERSISTENT_SEQUENCE_1_2_0_4|periodic_2_steps|logical_control_sdc_fraction,logical_control_sdc_fraction,A10_LOGICAL_CONTROLS;A10_POSTROUTE_ACTIVITY_DIAGNOSTIC;SRC_SKYWATER_SKY130_PDK,EXACT_LOGICAL_ENUMERATION,SKY130,NOT_QUANTIFIED,probability,0.25,W0_READ_DOMINANT_SEED,V3_FOUNDATION,,,,,,
Conditioned on enumerated masks; no P(f).,campaigns/iscas_sustainability_extension/green_refoundation_node_aware_carbon/green_matrix_v2/GREEN_MATRIX_V2_RAW.csv,2026-09-08,MP|E0|PERSISTENT_SEQUENCE_1_2_0_4|periodic_2_steps,LOGICAL_CONTROL,E3,7106bc2a8d7157a8940bcb279f56b88181bd5685fc35ebbcfe433122fdc45ae5,02d79c22028d56da28f79d62512c0e5ffa2e23a836685e28d0cca40c8892806b,SB_MP_IMPLEMENTATION_ONLY,UNDECLARED,DERIVED,ME|MP|E0|PERSISTENT_SEQUENCE_1_2_0_4|periodic_2_steps|logical_control_corrected_fraction,logical_control_corrected_fraction,A10_LOGICAL_CONTROLS;A10_POSTROUTE_ACTIVITY_DIAGNOSTIC;SRC_SKYWATER_SKY130_PDK,EXACT_LOGICAL_ENUMERATION,SKY130,NOT_QUANTIFIED,probability,0.25,W0_READ_DOMINANT_SEED,V3_FOUNDATION,,,,,,
Conditioned on enumerated masks; no P(f).,campaigns/iscas_sustainability_extension/green_refoundation_node_aware_carbon/green_matrix_v2/GREEN_MATRIX_V2_RAW.csv,2026-09-08,MP|E0|PERSISTENT_SEQUENCE_1_2_0_4|periodic_2_steps,LOGICAL_CONTROL,E3,7106bc2a8d7157a8940bcb279f56b88181bd5685fc35ebbcfe433122fdc45ae5,02d79c22028d56da28f79d62512c0e5ffa2e23a836685e28d0cca40c8892806b,SB_MP_IMPLEMENTATION_ONLY,UNDECLARED,DERIVED,ME|MP|E0|PERSISTENT_SEQUENCE_1_2_0_4|periodic_2_steps|logical_control_retry_fraction,logical_control_retry_fraction,A10_LOGICAL_CONTROLS;A10_POSTROUTE_ACTIVITY_DIAGNOSTIC;SRC_SKYWATER_SKY130_PDK,EXACT_LOGICAL_ENUMERATION,SKY130,NOT_QUANTIFIED,probability,0,W0_READ_DOMINANT_SEED,V3_FOUNDATION,,,,,,
Latency is not measured for the declared service policy.,campaigns/iscas_sustainability_extension/green_refoundation_node_aware_carbon/green_matrix_v2/GREEN_MATRIX_V2_RAW.csv,2026-09-08,MP|E0|PERSISTENT_SEQUENCE_1_2_0_4|periodic_2_steps,UNQUALIFIED,E0,7106bc2a8d7157a8940bcb279f56b88181bd5685fc35ebbcfe433122fdc45ae5,02d79c22028d56da28f79d62512c0e5ffa2e23a836685e28d0cca40c8892806b,REQUIRED_BOUNDARY_UNAVAILABLE,UNDECLARED,UNAVAILABLE,ME|MP|E0|PERSISTENT_SEQUENCE_1_2_0_4|periodic_2_steps|latency_s,latency_s,A10_LOGICAL_CONTROLS;A10_POSTROUTE_ACTIVITY_DIAGNOSTIC;SRC_SKYWATER_SKY130_PDK,ABSENT,SKY130,MISSING,s,,W0_READ_DOMINANT_SEED,V3_FOUNDATION,,,,,,
Activity-qualified architecture energy is unavailable.,campaigns/iscas_sustainability_extension/green_refoundation_node_aware_carbon/green_matrix_v2/GREEN_MATRIX_V2_RAW.csv,2026-09-08,MP|E0|PERSISTENT_SEQUENCE_1_2_0_4|periodic_2_steps,UNQUALIFIED,E0,7106bc2a8d7157a8940bcb279f56b88181bd5685fc35ebbcfe433122fdc45ae5,02d79c22028d56da28f79d62512c0e5ffa2e23a836685e28d0cca40c8892806b,REQUIRED_BOUNDARY_UNAVAILABLE,UNDECLARED,UNAVAILABLE,ME|MP|E0|PERSISTENT_SEQUENCE_1_2_0_4|periodic_2_steps|operational_energy_j,operational_energy_j,A10_LOGICAL_CONTROLS;A10_POSTROUTE_ACTIVITY_DIAGNOSTIC;SRC_SKYWATER_SKY130_PDK,ABSENT,SKY130,MISSING,J,,W0_READ_DOMINANT_SEED,V3_FOUNDATION,,,,,,
Physical SBU/DBU/MBU event probabilities are unavailable.,campaigns/iscas_sustainability_extension/green_refoundation_node_aware_carbon/green_matrix_v2/GREEN_MATRIX_V2_RAW.csv,2026-09-08,MP|E0|PERSISTENT_SEQUENCE_1_2_0_4|periodic_2_steps,UNQUALIFIED,E0,7106bc2a8d7157a8940bcb279f56b88181bd5685fc35ebbcfe433122fdc45ae5,02d79c22028d56da28f79d62512c0e5ffa2e23a836685e28d0cca40c8892806b,REQUIRED_BOUNDARY_UNAVAILABLE,UNDECLARED,UNAVAILABLE,ME|MP|E0|PERSISTENT_SEQUENCE_1_2_0_4|periodic_2_steps|physical_fault_probability,physical_fault_probability,A10_LOGICAL_CONTROLS;A10_POSTROUTE_ACTIVITY_DIAGNOSTIC;SRC_SKYWATER_SKY130_PDK,ABSENT,SKY130,MISSING,probability,,W0_READ_DOMINANT_SEED,V3_FOUNDATION,,,,,,
Logical mask frequencies cannot establish physical SDC.,campaigns/iscas_sustainability_extension/green_refoundation_node_aware_carbon/green_matrix_v2/GREEN_MATRIX_V2_RAW.csv,2026-09-08,MP|E0|PERSISTENT_SEQUENCE_1_2_0_4|periodic_2_steps,UNQUALIFIED,E0,7106bc2a8d7157a8940bcb279f56b88181bd5685fc35ebbcfe433122fdc45ae5,02d79c22028d56da28f79d62512c0e5ffa2e23a836685e28d0cca40c8892806b,REQUIRED_BOUNDARY_UNAVAILABLE,UNDECLARED,UNAVAILABLE,ME|MP|E0|PERSISTENT_SEQUENCE_1_2_0_4|periodic_2_steps|physical_sdc_probability,physical_sdc_probability,A10_LOGICAL_CONTROLS;A10_POSTROUTE_ACTIVITY_DIAGNOSTIC;SRC_SKYWATER_SKY130_PDK,ABSENT,SKY130,MISSING,probability,,W0_READ_DOMINANT_SEED,V3_FOUNDATION,,,,,,
Logical mask frequencies cannot establish physical DUE.,campaigns/iscas_sustainability_extension/green_refoundation_node_aware_carbon/green_matrix_v2/GREEN_MATRIX_V2_RAW.csv,2026-09-08,MP|E0|PERSISTENT_SEQUENCE_1_2_0_4|periodic_2_steps,UNQUALIFIED,E0,7106bc2a8d7157a8940bcb279f56b88181bd5685fc35ebbcfe433122fdc45ae5,02d79c22028d56da28f79d62512c0e5ffa2e23a836685e28d0cca40c8892806b,REQUIRED_BOUNDARY_UNAVAILABLE,UNDECLARED,UNAVAILABLE,ME|MP|E0|PERSISTENT_SEQUENCE_1_2_0_4|periodic_2_steps|physical_due_probability,physical_due_probability,A10_LOGICAL_CONTROLS;A10_POSTROUTE_ACTIVITY_DIAGNOSTIC;SRC_SKYWATER_SKY130_PDK,ABSENT,SKY130,MISSING,probability,,W0_READ_DOMINANT_SEED,V3_FOUNDATION,,,,,,
Matched SKY130 manufacturing inventory is unavailable.,campaigns/iscas_sustainability_extension/green_refoundation_node_aware_carbon/green_matrix_v2/GREEN_MATRIX_V2_RAW.csv,2026-09-08,MP|E0|PERSISTENT_SEQUENCE_1_2_0_4|periodic_2_steps,UNQUALIFIED,E0,7106bc2a8d7157a8940bcb279f56b88181bd5685fc35ebbcfe433122fdc45ae5,02d79c22028d56da28f79d62512c0e5ffa2e23a836685e28d0cca40c8892806b,REQUIRED_BOUNDARY_UNAVAILABLE,UNDECLARED,UNAVAILABLE,ME|MP|E0|PERSISTENT_SEQUENCE_1_2_0_4|periodic_2_steps|manufacturing_carbon_kgco2e,manufacturing_carbon_kgco2e,SRC_SKYWATER_SKY130_PDK,ABSENT,SKY130,MISSING,kgCO2e,,W0_READ_DOMINANT_SEED,V3_FOUNDATION,,,,,,
residual SRAM input-transition violations prevent signoff qualification,repository provenance; no external numeric substitution,2026-09-08/v3.1.0,MP31|U0|UPSTREAM_ORIGINAL|seed11|I0,POST_ROUTE_ESTIMATE,E4,d70181dc199692bcd152a8192a5a43825e6a9c19c95860e16c8bdcb3aee5eab7,1a263502ae81073f6cfafceb41ba7c717378f57e1b1ba4039e129fdc8b047f99,SB_V3_1_MATCHED_U0_E0_IMPLEMENTATION_AND_SERVICE,TT/25C/1.8V,DIAGNOSTIC_ONLY,ME31|MP31_U0_UPSTREAM_ORIGINAL_seed11_I0|routed_total_area_um2,routed_total_area_um2,U0-UPSTREAM_ORIGINAL-seed11,MATCHED_POST_ROUTE_TOOL,SKY130HD_WITH_SRAM22_RESEARCH_MACROS,FIVE_IMPLEMENTATION_SEEDS,um2,206833,read_dominant,V3_1_PHYSICAL_POPULATION,90db8ba99880047f277844cef511ea59a9072f0c0ec89101342a14f37f9bfb31,"OpenROAD-flow-scripts SKY130HD, frozen image sha256:f05cee3219a02f26289f02f00e11a3fc986ab51a482a0000a2da810cda219a6e",9c3815a782be62795be0b7cf4eb467032c2bb0c36d6af77984fa1ad46b732830,83b9951d04766eeb85d673794aefe8a3b540af1686222a1a5017cb62e27a31ad,d414d57ee0438a1610b4435dd8b61422d00ba6eb98ac960f7c11f411a178f4be,a09fed258ee5e5fbe3859629f69ef57ffb59cea05053ea4611c1f95d1c7298c0
residual SRAM input-transition violations prevent signoff qualification,repository provenance; no external numeric substitution,2026-09-08/v3.1.0,MP31|U0|UPSTREAM_ORIGINAL|seed11|I0,POST_ROUTE_ESTIMATE,E4,d70181dc199692bcd152a8192a5a43825e6a9c19c95860e16c8bdcb3aee5eab7,1a263502ae81073f6cfafceb41ba7c717378f57e1b1ba4039e129fdc8b047f99,SB_V3_1_MATCHED_U0_E0_IMPLEMENTATION_AND_SERVICE,TT/25C/1.8V,DIAGNOSTIC_ONLY,ME31|MP31_U0_UPSTREAM_ORIGINAL_seed11_I0|wirelength_um,wirelength_um,U0-UPSTREAM_ORIGINAL-seed11,MATCHED_POST_ROUTE_TOOL,SKY130HD_WITH_SRAM22_RESEARCH_MACROS,FIVE_IMPLEMENTATION_SEEDS,um,22186,read_dominant,V3_1_PHYSICAL_POPULATION,90db8ba99880047f277844cef511ea59a9072f0c0ec89101342a14f37f9bfb31,"OpenROAD-flow-scripts SKY130HD, frozen image sha256:f05cee3219a02f26289f02f00e11a3fc986ab51a482a0000a2da810cda219a6e",9c3815a782be62795be0b7cf4eb467032c2bb0c36d6af77984fa1ad46b732830,83b9951d04766eeb85d673794aefe8a3b540af1686222a1a5017cb62e27a31ad,d414d57ee0438a1610b4435dd8b61422d00ba6eb98ac960f7c11f411a178f4be,a09fed258ee5e5fbe3859629f69ef57ffb59cea05053ea4611c1f95d1c7298c0
residual SRAM input-transition violations prevent signoff qualification,repository provenance; no external numeric substitution,2026-09-08/v3.1.0,MP31|U0|UPSTREAM_ORIGINAL|seed11|I0,POST_ROUTE_ESTIMATE,E4,d70181dc199692bcd152a8192a5a43825e6a9c19c95860e16c8bdcb3aee5eab7,1a263502ae81073f6cfafceb41ba7c717378f57e1b1ba4039e129fdc8b047f99,SB_V3_1_MATCHED_U0_E0_IMPLEMENTATION_AND_SERVICE,TT/25C/1.8V,DIAGNOSTIC_ONLY,ME31|MP31_U0_UPSTREAM_ORIGINAL_seed11_I0|via_count,via_count,U0-UPSTREAM_ORIGINAL-seed11,MATCHED_POST_ROUTE_TOOL,SKY130HD_WITH_SRAM22_RESEARCH_MACROS,FIVE_IMPLEMENTATION_SEEDS,count,1084,read_dominant,V3_1_PHYSICAL_POPULATION,90db8ba99880047f277844cef511ea59a9072f0c0ec89101342a14f37f9bfb31,"OpenROAD-flow-scripts SKY130HD, frozen image sha256:f05cee3219a02f26289f02f00e11a3fc986ab51a482a0000a2da810cda219a6e",9c3815a782be62795be0b7cf4eb467032c2bb0c36d6af77984fa1ad46b732830,83b9951d04766eeb85d673794aefe8a3b540af1686222a1a5017cb62e27a31ad,d414d57ee0438a1610b4435dd8b61422d00ba6eb98ac960f7c11f411a178f4be,a09fed258ee5e5fbe3859629f69ef57ffb59cea05053ea4611c1f95d1c7298c0
residual SRAM input-transition violations prevent signoff qualification,repository provenance; no external numeric substitution,2026-09-08/v3.1.0,MP31|U0|UPSTREAM_ORIGINAL|seed11|I0,POST_ROUTE_ESTIMATE,E4,d70181dc199692bcd152a8192a5a43825e6a9c19c95860e16c8bdcb3aee5eab7,1a263502ae81073f6cfafceb41ba7c717378f57e1b1ba4039e129fdc8b047f99,SB_V3_1_MATCHED_U0_E0_IMPLEMENTATION_AND_SERVICE,TT/25C/1.8V,DIAGNOSTIC_ONLY,ME31|MP31_U0_UPSTREAM_ORIGINAL_seed11_I0|power_internal_w,power_internal_w,U0-UPSTREAM_ORIGINAL-seed11,MATCHED_POST_ROUTE_TOOL,SKY130HD_WITH_SRAM22_RESEARCH_MACROS,FIVE_IMPLEMENTATION_SEEDS,W,0.000772797,read_dominant,V3_1_PHYSICAL_POPULATION,90db8ba99880047f277844cef511ea59a9072f0c0ec89101342a14f37f9bfb31,"OpenROAD-flow-scripts SKY130HD, frozen image sha256:f05cee3219a02f26289f02f00e11a3fc986ab51a482a0000a2da810cda219a6e",9c3815a782be62795be0b7cf4eb467032c2bb0c36d6af77984fa1ad46b732830,83b9951d04766eeb85d673794aefe8a3b540af1686222a1a5017cb62e27a31ad,d414d57ee0438a1610b4435dd8b61422d00ba6eb98ac960f7c11f411a178f4be,a09fed258ee5e5fbe3859629f69ef57ffb59cea05053ea4611c1f95d1c7298c0
residual SRAM input-transition violations prevent signoff qualification,repository provenance; no external numeric substitution,2026-09-08/v3.1.0,MP31|U0|UPSTREAM_ORIGINAL|seed11|I0,POST_ROUTE_ESTIMATE,E4,d70181dc199692bcd152a8192a5a43825e6a9c19c95860e16c8bdcb3aee5eab7,1a263502ae81073f6cfafceb41ba7c717378f57e1b1ba4039e129fdc8b047f99,SB_V3_1_MATCHED_U0_E0_IMPLEMENTATION_AND_SERVICE,TT/25C/1.8V,DIAGNOSTIC_ONLY,ME31|MP31_U0_UPSTREAM_ORIGINAL_seed11_I0|power_switching_w,power_switching_w,U0-UPSTREAM_ORIGINAL-seed11,MATCHED_POST_ROUTE_TOOL,SKY130HD_WITH_SRAM22_RESEARCH_MACROS,FIVE_IMPLEMENTATION_SEEDS,W,3.10699e-05,read_dominant,V3_1_PHYSICAL_POPULATION,90db8ba99880047f277844cef511ea59a9072f0c0ec89101342a14f37f9bfb31,"OpenROAD-flow-scripts SKY130HD, frozen image sha256:f05cee3219a02f26289f02f00e11a3fc986ab51a482a0000a2da810cda219a6e",9c3815a782be62795be0b7cf4eb467032c2bb0c36d6af77984fa1ad46b732830,83b9951d04766eeb85d673794aefe8a3b540af1686222a1a5017cb62e27a31ad,d414d57ee0438a1610b4435dd8b61422d00ba6eb98ac960f7c11f411a178f4be,a09fed258ee5e5fbe3859629f69ef57ffb59cea05053ea4611c1f95d1c7298c0
residual SRAM input-transition violations prevent signoff qualification,repository provenance; no external numeric substitution,2026-09-08/v3.1.0,MP31|U0|UPSTREAM_ORIGINAL|seed11|I0,POST_ROUTE_ESTIMATE,E4,d70181dc199692bcd152a8192a5a43825e6a9c19c95860e16c8bdcb3aee5eab7,1a263502ae81073f6cfafceb41ba7c717378f57e1b1ba4039e129fdc8b047f99,SB_V3_1_MATCHED_U0_E0_IMPLEMENTATION_AND_SERVICE,TT/25C/1.8V,DIAGNOSTIC_ONLY,ME31|MP31_U0_UPSTREAM_ORIGINAL_seed11_I0|power_leakage_w,power_leakage_w,U0-UPSTREAM_ORIGINAL-seed11,MATCHED_POST_ROUTE_TOOL,SKY130HD_WITH_SRAM22_RESEARCH_MACROS,FIVE_IMPLEMENTATION_SEEDS,W,6.42569e-07,read_dominant,V3_1_PHYSICAL_POPULATION,90db8ba99880047f277844cef511ea59a9072f0c0ec89101342a14f37f9bfb31,"OpenROAD-flow-scripts SKY130HD, frozen image sha256:f05cee3219a02f26289f02f00e11a3fc986ab51a482a0000a2da810cda219a6e",9c3815a782be62795be0b7cf4eb467032c2bb0c36d6af77984fa1ad46b732830,83b9951d04766eeb85d673794aefe8a3b540af1686222a1a5017cb62e27a31ad,d414d57ee0438a1610b4435dd8b61422d00ba6eb98ac960f7c11f411a178f4be,a09fed258ee5e5fbe3859629f69ef57ffb59cea05053ea4611c1f95d1c7298c0
residual SRAM input-transition violations prevent signoff qualification,repository provenance; no external numeric substitution,2026-09-08/v3.1.0,MP31|U0|UPSTREAM_ORIGINAL|seed11|I0,POST_ROUTE_ESTIMATE,E4,d70181dc199692bcd152a8192a5a43825e6a9c19c95860e16c8bdcb3aee5eab7,1a263502ae81073f6cfafceb41ba7c717378f57e1b1ba4039e129fdc8b047f99,SB_V3_1_MATCHED_U0_E0_IMPLEMENTATION_AND_SERVICE,TT/25C/1.8V,DIAGNOSTIC_ONLY,ME31|MP31_U0_UPSTREAM_ORIGINAL_seed11_I0|power_total_vectorless_w,power_total_vectorless_w,U0-UPSTREAM_ORIGINAL-seed11,MATCHED_POST_ROUTE_TOOL,SKY130HD_WITH_SRAM22_RESEARCH_MACROS,FIVE_IMPLEMENTATION_SEEDS,W,0.00080451,read_dominant,V3_1_PHYSICAL_POPULATION,90db8ba99880047f277844cef511ea59a9072f0c0ec89101342a14f37f9bfb31,"OpenROAD-flow-scripts SKY130HD, frozen image sha256:f05cee3219a02f26289f02f00e11a3fc986ab51a482a0000a2da810cda219a6e",9c3815a782be62795be0b7cf4eb467032c2bb0c36d6af77984fa1ad46b732830,83b9951d04766eeb85d673794aefe8a3b540af1686222a1a5017cb62e27a31ad,d414d57ee0438a1610b4435dd8b61422d00ba6eb98ac960f7c11f411a178f4be,a09fed258ee5e5fbe3859629f69ef57ffb59cea05053ea4611c1f95d1c7298c0
residual SRAM input-transition violations prevent signoff qualification,repository provenance; no external numeric substitution,2026-09-08/v3.1.0,MP31|U0|UPSTREAM_ORIGINAL|seed11|I0,POST_ROUTE_ESTIMATE,E4,d70181dc199692bcd152a8192a5a43825e6a9c19c95860e16c8bdcb3aee5eab7,1a263502ae81073f6cfafceb41ba7c717378f57e1b1ba4039e129fdc8b047f99,SB_V3_1_MATCHED_U0_E0_IMPLEMENTATION_AND_SERVICE,TT/25C/1.8V,DIAGNOSTIC_ONLY,ME31|MP31_U0_UPSTREAM_ORIGINAL_seed11_I0|setup_wns_ns,setup_wns_ns,U0-UPSTREAM_ORIGINAL-seed11,MATCHED_POST_ROUTE_TOOL,SKY130HD_WITH_SRAM22_RESEARCH_MACROS,FIVE_IMPLEMENTATION_SEEDS,ns,4.46099,read_dominant,V3_1_PHYSICAL_POPULATION,90db8ba99880047f277844cef511ea59a9072f0c0ec89101342a14f37f9bfb31,"OpenROAD-flow-scripts SKY130HD, frozen image sha256:f05cee3219a02f26289f02f00e11a3fc986ab51a482a0000a2da810cda219a6e",9c3815a782be62795be0b7cf4eb467032c2bb0c36d6af77984fa1ad46b732830,83b9951d04766eeb85d673794aefe8a3b540af1686222a1a5017cb62e27a31ad,d414d57ee0438a1610b4435dd8b61422d00ba6eb98ac960f7c11f411a178f4be,a09fed258ee5e5fbe3859629f69ef57ffb59cea05053ea4611c1f95d1c7298c0
residual SRAM input-transition violations prevent signoff qualification,repository provenance; no external numeric substitution,2026-09-08/v3.1.0,MP31|U0|UPSTREAM_ORIGINAL|seed11|I0,POST_ROUTE_ESTIMATE,E4,d70181dc199692bcd152a8192a5a43825e6a9c19c95860e16c8bdcb3aee5eab7,1a263502ae81073f6cfafceb41ba7c717378f57e1b1ba4039e129fdc8b047f99,SB_V3_1_MATCHED_U0_E0_IMPLEMENTATION_AND_SERVICE,TT/25C/1.8V,DIAGNOSTIC_ONLY,ME31|MP31_U0_UPSTREAM_ORIGINAL_seed11_I0|hold_wns_ns,hold_wns_ns,U0-UPSTREAM_ORIGINAL-seed11,MATCHED_POST_ROUTE_TOOL,SKY130HD_WITH_SRAM22_RESEARCH_MACROS,FIVE_IMPLEMENTATION_SEEDS,ns,0.0249489,read_dominant,V3_1_PHYSICAL_POPULATION,90db8ba99880047f277844cef511ea59a9072f0c0ec89101342a14f37f9bfb31,"OpenROAD-flow-scripts SKY130HD, frozen image sha256:f05cee3219a02f26289f02f00e11a3fc986ab51a482a0000a2da810cda219a6e",9c3815a782be62795be0b7cf4eb467032c2bb0c36d6af77984fa1ad46b732830,83b9951d04766eeb85d673794aefe8a3b540af1686222a1a5017cb62e27a31ad,d414d57ee0438a1610b4435dd8b61422d00ba6eb98ac960f7c11f411a178f4be,a09fed258ee5e5fbe3859629f69ef57ffb59cea05053ea4611c1f95d1c7298c0
,repository provenance; no external numeric substitution,2026-09-08/v3.1.0,MP31|U0|UPSTREAM_ORIGINAL|seed11|I0,ANALYTICAL,E3,d70181dc199692bcd152a8192a5a43825e6a9c19c95860e16c8bdcb3aee5eab7,1a263502ae81073f6cfafceb41ba7c717378f57e1b1ba4039e129fdc8b047f99,SB_V3_1_MATCHED_U0_E0_IMPLEMENTATION_AND_SERVICE,TT/25C/1.8V,QUALIFIED_WITHIN_DECLARED_RTL_BOUNDARY,ME31|MP31_U0_UPSTREAM_ORIGINAL_seed11_I0|registered_service_latency_s,registered_service_latency_s,U0-UPSTREAM_ORIGINAL-seed11,RTL_CONTRACT_AND_EXACT_LOGICAL_MODEL,SKY130HD_WITH_SRAM22_RESEARCH_MACROS,DETERMINISTIC_RTL_CONTRACT,s,1e-08,read_dominant,V3_1_PHYSICAL_POPULATION,90db8ba99880047f277844cef511ea59a9072f0c0ec89101342a14f37f9bfb31,"OpenROAD-flow-scripts SKY130HD, frozen image sha256:f05cee3219a02f26289f02f00e11a3fc986ab51a482a0000a2da810cda219a6e",9c3815a782be62795be0b7cf4eb467032c2bb0c36d6af77984fa1ad46b732830,83b9951d04766eeb85d673794aefe8a3b540af1686222a1a5017cb62e27a31ad,d414d57ee0438a1610b4435dd8b61422d00ba6eb98ac960f7c11f411a178f4be,a09fed258ee5e5fbe3859629f69ef57ffb59cea05053ea4611c1f95d1c7298c0
,repository provenance; no external numeric substitution,2026-09-08/v3.1.0,MP31|U0|UPSTREAM_ORIGINAL|seed11|I0,ANALYTICAL,E3,d70181dc199692bcd152a8192a5a43825e6a9c19c95860e16c8bdcb3aee5eab7,1a263502ae81073f6cfafceb41ba7c717378f57e1b1ba4039e129fdc8b047f99,SB_V3_1_MATCHED_U0_E0_IMPLEMENTATION_AND_SERVICE,TT/25C/1.8V,QUALIFIED_WITHIN_DECLARED_RTL_BOUNDARY,ME31|MP31_U0_UPSTREAM_ORIGINAL_seed11_I0|initiation_interval_cycles,initiation_interval_cycles,U0-UPSTREAM_ORIGINAL-seed11,RTL_CONTRACT_AND_EXACT_LOGICAL_MODEL,SKY130HD_WITH_SRAM22_RESEARCH_MACROS,DETERMINISTIC_RTL_CONTRACT,cycle,1,read_dominant,V3_1_PHYSICAL_POPULATION,90db8ba99880047f277844cef511ea59a9072f0c0ec89101342a14f37f9bfb31,"OpenROAD-flow-scripts SKY130HD, frozen image sha256:f05cee3219a02f26289f02f00e11a3fc986ab51a482a0000a2da810cda219a6e",9c3815a782be62795be0b7cf4eb467032c2bb0c36d6af77984fa1ad46b732830,83b9951d04766eeb85d673794aefe8a3b540af1686222a1a5017cb62e27a31ad,d414d57ee0438a1610b4435dd8b61422d00ba6eb98ac960f7c11f411a178f4be,a09fed258ee5e5fbe3859629f69ef57ffb59cea05053ea4611c1f95d1c7298c0
,repository provenance; no external numeric substitution,2026-09-08/v3.1.0,MP31|U0|UPSTREAM_ORIGINAL|seed11|I0,ANALYTICAL,E3,d70181dc199692bcd152a8192a5a43825e6a9c19c95860e16c8bdcb3aee5eab7,1a263502ae81073f6cfafceb41ba7c717378f57e1b1ba4039e129fdc8b047f99,SB_V3_1_MATCHED_U0_E0_IMPLEMENTATION_AND_SERVICE,TT/25C/1.8V,QUALIFIED_WITHIN_DECLARED_RTL_BOUNDARY,ME31|MP31_U0_UPSTREAM_ORIGINAL_seed11_I0|nominal_initiation_capacity_services_per_s,nominal_initiation_capacity_services_per_s,U0-UPSTREAM_ORIGINAL-seed11,RTL_CONTRACT_AND_EXACT_LOGICAL_MODEL,SKY130HD_WITH_SRAM22_RESEARCH_MACROS,DETERMINISTIC_RTL_CONTRACT,services_per_s,100000000.0,read_dominant,V3_1_PHYSICAL_POPULATION,90db8ba99880047f277844cef511ea59a9072f0c0ec89101342a14f37f9bfb31,"OpenROAD-flow-scripts SKY130HD, frozen image sha256:f05cee3219a02f26289f02f00e11a3fc986ab51a482a0000a2da810cda219a6e",9c3815a782be62795be0b7cf4eb467032c2bb0c36d6af77984fa1ad46b732830,83b9951d04766eeb85d673794aefe8a3b540af1686222a1a5017cb62e27a31ad,d414d57ee0438a1610b4435dd8b61422d00ba6eb98ac960f7c11f411a178f4be,a09fed258ee5e5fbe3859629f69ef57ffb59cea05053ea4611c1f95d1c7298c0
,repository provenance; no external numeric substitution,2026-09-08/v3.1.0,MP31|U0|UPSTREAM_ORIGINAL|seed11|I0,ANALYTICAL,E3,d70181dc199692bcd152a8192a5a43825e6a9c19c95860e16c8bdcb3aee5eab7,1a263502ae81073f6cfafceb41ba7c717378f57e1b1ba4039e129fdc8b047f99,SB_V3_1_MATCHED_U0_E0_IMPLEMENTATION_AND_SERVICE,TT/25C/1.8V,QUALIFIED_WITHIN_DECLARED_RTL_BOUNDARY,ME31|MP31_U0_UPSTREAM_ORIGINAL_seed11_I0|conditional_ecc_outcome_model,conditional_ecc_outcome_model,U0-UPSTREAM_ORIGINAL-seed11,RTL_CONTRACT_AND_EXACT_LOGICAL_MODEL,SKY130HD_WITH_SRAM22_RESEARCH_MACROS,DETERMINISTIC_RTL_CONTRACT,mapping,DECODER_REQUIRED_AFTER_PHYSICAL_MAPPING,read_dominant,V3_1_PHYSICAL_POPULATION,90db8ba99880047f277844cef511ea59a9072f0c0ec89101342a14f37f9bfb31,"OpenROAD-flow-scripts SKY130HD, frozen image sha256:f05cee3219a02f26289f02f00e11a3fc986ab51a482a0000a2da810cda219a6e",9c3815a782be62795be0b7cf4eb467032c2bb0c36d6af77984fa1ad46b732830,83b9951d04766eeb85d673794aefe8a3b540af1686222a1a5017cb62e27a31ad,d414d57ee0438a1610b4435dd8b61422d00ba6eb98ac960f7c11f411a178f4be,a09fed258ee5e5fbe3859629f69ef57ffb59cea05053ea4611c1f95d1c7298c0
does not establish bitcell xy or address-to-cell mapping,repository provenance; no external numeric substitution,2026-09-08/v3.1.0,MP31|U0|UPSTREAM_ORIGINAL|seed11|I0,POST_ROUTE_ESTIMATE,E4,d70181dc199692bcd152a8192a5a43825e6a9c19c95860e16c8bdcb3aee5eab7,1a263502ae81073f6cfafceb41ba7c717378f57e1b1ba4039e129fdc8b047f99,SB_V3_1_MATCHED_U0_E0_IMPLEMENTATION_AND_SERVICE,TT/25C/1.8V,MACRO_LEVEL_ONLY,ME31|MP31_U0_UPSTREAM_ORIGINAL_seed11_I0|macro_placement_geometry,macro_placement_geometry,U0-UPSTREAM_ORIGINAL-seed11,POST_ROUTE_DEF_LEF_AND_SPICE_CONNECTIVITY,SKY130HD_WITH_SRAM22_RESEARCH_MACROS,FIVE_IMPLEMENTATION_SEEDS,mapping,DEF_MACRO_ORIGIN_ORIENTATION_AND_LEF_EXTENT,read_dominant,V3_1_PHYSICAL_POPULATION,90db8ba99880047f277844cef511ea59a9072f0c0ec89101342a14f37f9bfb31,"OpenROAD-flow-scripts SKY130HD, frozen image sha256:f05cee3219a02f26289f02f00e11a3fc986ab51a482a0000a2da810cda219a6e",9c3815a782be62795be0b7cf4eb467032c2bb0c36d6af77984fa1ad46b732830,83b9951d04766eeb85d673794aefe8a3b540af1686222a1a5017cb62e27a31ad,d414d57ee0438a1610b4435dd8b61422d00ba6eb98ac960f7c11f411a178f4be,a09fed258ee5e5fbe3859629f69ef57ffb59cea05053ea4611c1f95d1c7298c0
complete address/column-select-to-GDS-bitcell map is unavailable,repository provenance; no external numeric substitution,2026-09-08/v3.1.0,MP31|U0|UPSTREAM_ORIGINAL|seed11|I0,UNAVAILABLE,E0,d70181dc199692bcd152a8192a5a43825e6a9c19c95860e16c8bdcb3aee5eab7,1a263502ae81073f6cfafceb41ba7c717378f57e1b1ba4039e129fdc8b047f99,SB_V3_1_MATCHED_U0_E0_IMPLEMENTATION_AND_SERVICE,TT/25C/1.8V,BLOCKED,ME31|MP31_U0_UPSTREAM_ORIGINAL_seed11_I0|bitcell_physical_geometry,bitcell_physical_geometry,U0-UPSTREAM_ORIGINAL-seed11,NOT_AVAILABLE,SKY130HD_WITH_SRAM22_RESEARCH_MACROS,STRUCTURAL_MISSINGNESS,mapping,,read_dominant,V3_1_PHYSICAL_POPULATION,90db8ba99880047f277844cef511ea59a9072f0c0ec89101342a14f37f9bfb31,"OpenROAD-flow-scripts SKY130HD, frozen image sha256:f05cee3219a02f26289f02f00e11a3fc986ab51a482a0000a2da810cda219a6e",9c3815a782be62795be0b7cf4eb467032c2bb0c36d6af77984fa1ad46b732830,83b9951d04766eeb85d673794aefe8a3b540af1686222a1a5017cb62e27a31ad,d414d57ee0438a1610b4435dd8b61422d00ba6eb98ac960f7c11f411a178f4be,a09fed258ee5e5fbe3859629f69ef57ffb59cea05053ea4611c1f95d1c7298c0
no qualified transient-injection experiment and model-card provenance were established,repository provenance; no external numeric substitution,2026-09-08/v3.1.0,MP31|U0|UPSTREAM_ORIGINAL|seed11|I0,UNAVAILABLE,E0,d70181dc199692bcd152a8192a5a43825e6a9c19c95860e16c8bdcb3aee5eab7,1a263502ae81073f6cfafceb41ba7c717378f57e1b1ba4039e129fdc8b047f99,SB_V3_1_MATCHED_U0_E0_IMPLEMENTATION_AND_SERVICE,TT/25C/1.8V,BLOCKED,ME31|MP31_U0_UPSTREAM_ORIGINAL_seed11_I0|qcrit_c,qcrit_c,U0-UPSTREAM_ORIGINAL-seed11,NOT_AVAILABLE,SKY130HD_WITH_SRAM22_RESEARCH_MACROS,STRUCTURAL_MISSINGNESS,C,,read_dominant,V3_1_PHYSICAL_POPULATION,90db8ba99880047f277844cef511ea59a9072f0c0ec89101342a14f37f9bfb31,"OpenROAD-flow-scripts SKY130HD, frozen image sha256:f05cee3219a02f26289f02f00e11a3fc986ab51a482a0000a2da810cda219a6e",9c3815a782be62795be0b7cf4eb467032c2bb0c36d6af77984fa1ad46b732830,83b9951d04766eeb85d673794aefe8a3b540af1686222a1a5017cb62e27a31ad,d414d57ee0438a1610b4435dd8b61422d00ba6eb98ac960f7c11f411a178f4be,a09fed258ee5e5fbe3859629f69ef57ffb59cea05053ea4611c1f95d1c7298c0
no technology/PVT/geometry-matched physical event PMF or rate,repository provenance; no external numeric substitution,2026-09-08/v3.1.0,MP31|U0|UPSTREAM_ORIGINAL|seed11|I0,UNAVAILABLE,E0,d70181dc199692bcd152a8192a5a43825e6a9c19c95860e16c8bdcb3aee5eab7,1a263502ae81073f6cfafceb41ba7c717378f57e1b1ba4039e129fdc8b047f99,SB_V3_1_MATCHED_U0_E0_IMPLEMENTATION_AND_SERVICE,TT/25C/1.8V,BLOCKED,ME31|MP31_U0_UPSTREAM_ORIGINAL_seed11_I0|physical_fault_probability,physical_fault_probability,U0-UPSTREAM_ORIGINAL-seed11,NOT_AVAILABLE,SKY130HD_WITH_SRAM22_RESEARCH_MACROS,STRUCTURAL_MISSINGNESS,probability,,read_dominant,V3_1_PHYSICAL_POPULATION,90db8ba99880047f277844cef511ea59a9072f0c0ec89101342a14f37f9bfb31,"OpenROAD-flow-scripts SKY130HD, frozen image sha256:f05cee3219a02f26289f02f00e11a3fc986ab51a482a0000a2da810cda219a6e",9c3815a782be62795be0b7cf4eb467032c2bb0c36d6af77984fa1ad46b732830,83b9951d04766eeb85d673794aefe8a3b540af1686222a1a5017cb62e27a31ad,d414d57ee0438a1610b4435dd8b61422d00ba6eb98ac960f7c11f411a178f4be,a09fed258ee5e5fbe3859629f69ef57ffb59cea05053ea4611c1f95d1c7298c0
physical topology probabilities and exact cell mapping are unavailable,repository provenance; no external numeric substitution,2026-09-08/v3.1.0,MP31|U0|UPSTREAM_ORIGINAL|seed11|I0,UNAVAILABLE,E0,d70181dc199692bcd152a8192a5a43825e6a9c19c95860e16c8bdcb3aee5eab7,1a263502ae81073f6cfafceb41ba7c717378f57e1b1ba4039e129fdc8b047f99,SB_V3_1_MATCHED_U0_E0_IMPLEMENTATION_AND_SERVICE,TT/25C/1.8V,BLOCKED,ME31|MP31_U0_UPSTREAM_ORIGINAL_seed11_I0|physical_sdc_probability,physical_sdc_probability,U0-UPSTREAM_ORIGINAL-seed11,NOT_AVAILABLE,SKY130HD_WITH_SRAM22_RESEARCH_MACROS,STRUCTURAL_MISSINGNESS,probability,,read_dominant,V3_1_PHYSICAL_POPULATION,90db8ba99880047f277844cef511ea59a9072f0c0ec89101342a14f37f9bfb31,"OpenROAD-flow-scripts SKY130HD, frozen image sha256:f05cee3219a02f26289f02f00e11a3fc986ab51a482a0000a2da810cda219a6e",9c3815a782be62795be0b7cf4eb467032c2bb0c36d6af77984fa1ad46b732830,83b9951d04766eeb85d673794aefe8a3b540af1686222a1a5017cb62e27a31ad,d414d57ee0438a1610b4435dd8b61422d00ba6eb98ac960f7c11f411a178f4be,a09fed258ee5e5fbe3859629f69ef57ffb59cea05053ea4611c1f95d1c7298c0
physical topology probabilities and exact cell mapping are unavailable,repository provenance; no external numeric substitution,2026-09-08/v3.1.0,MP31|U0|UPSTREAM_ORIGINAL|seed11|I0,UNAVAILABLE,E0,d70181dc199692bcd152a8192a5a43825e6a9c19c95860e16c8bdcb3aee5eab7,1a263502ae81073f6cfafceb41ba7c717378f57e1b1ba4039e129fdc8b047f99,SB_V3_1_MATCHED_U0_E0_IMPLEMENTATION_AND_SERVICE,TT/25C/1.8V,BLOCKED,ME31|MP31_U0_UPSTREAM_ORIGINAL_seed11_I0|physical_due_probability,physical_due_probability,U0-UPSTREAM_ORIGINAL-seed11,NOT_AVAILABLE,SKY130HD_WITH_SRAM22_RESEARCH_MACROS,STRUCTURAL_MISSINGNESS,probability,,read_dominant,V3_1_PHYSICAL_POPULATION,90db8ba99880047f277844cef511ea59a9072f0c0ec89101342a14f37f9bfb31,"OpenROAD-flow-scripts SKY130HD, frozen image sha256:f05cee3219a02f26289f02f00e11a3fc986ab51a482a0000a2da810cda219a6e",9c3815a782be62795be0b7cf4eb467032c2bb0c36d6af77984fa1ad46b732830,83b9951d04766eeb85d673794aefe8a3b540af1686222a1a5017cb62e27a31ad,d414d57ee0438a1610b4435dd8b61422d00ba6eb98ac960f7c11f411a178f4be,a09fed258ee5e5fbe3859629f69ef57ffb59cea05053ea4611c1f95d1c7298c0
no qualified event rate; logical enumeration is not FIT,repository provenance; no external numeric substitution,2026-09-08/v3.1.0,MP31|U0|UPSTREAM_ORIGINAL|seed11|I0,UNAVAILABLE,E0,d70181dc199692bcd152a8192a5a43825e6a9c19c95860e16c8bdcb3aee5eab7,1a263502ae81073f6cfafceb41ba7c717378f57e1b1ba4039e129fdc8b047f99,SB_V3_1_MATCHED_U0_E0_IMPLEMENTATION_AND_SERVICE,TT/25C/1.8V,BLOCKED,ME31|MP31_U0_UPSTREAM_ORIGINAL_seed11_I0|fit,fit,U0-UPSTREAM_ORIGINAL-seed11,NOT_AVAILABLE,SKY130HD_WITH_SRAM22_RESEARCH_MACROS,STRUCTURAL_MISSINGNESS,FIT,,read_dominant,V3_1_PHYSICAL_POPULATION,90db8ba99880047f277844cef511ea59a9072f0c0ec89101342a14f37f9bfb31,"OpenROAD-flow-scripts SKY130HD, frozen image sha256:f05cee3219a02f26289f02f00e11a3fc986ab51a482a0000a2da810cda219a6e",9c3815a782be62795be0b7cf4eb467032c2bb0c36d6af77984fa1ad46b732830,83b9951d04766eeb85d673794aefe8a3b540af1686222a1a5017cb62e27a31ad,d414d57ee0438a1610b4435dd8b61422d00ba6eb98ac960f7c11f411a178f4be,a09fed258ee5e5fbe3859629f69ef57ffb59cea05053ea4611c1f95d1c7298c0
"I1/I2 are proposals, not routed implementations",repository provenance; no external numeric substitution,2026-09-08/v3.1.0,MP31|U0|UPSTREAM_ORIGINAL|seed11|I0,UNAVAILABLE,E0,d70181dc199692bcd152a8192a5a43825e6a9c19c95860e16c8bdcb3aee5eab7,1a263502ae81073f6cfafceb41ba7c717378f57e1b1ba4039e129fdc8b047f99,SB_V3_1_MATCHED_U0_E0_IMPLEMENTATION_AND_SERVICE,TT/25C/1.8V,BLOCKED,ME31|MP31_U0_UPSTREAM_ORIGINAL_seed11_I0|implemented_nontrivial_interleaver_overhead,implemented_nontrivial_interleaver_overhead,U0-UPSTREAM_ORIGINAL-seed11,NOT_AVAILABLE,SKY130HD_WITH_SRAM22_RESEARCH_MACROS,STRUCTURAL_MISSINGNESS,um2,,read_dominant,V3_1_PHYSICAL_POPULATION,90db8ba99880047f277844cef511ea59a9072f0c0ec89101342a14f37f9bfb31,"OpenROAD-flow-scripts SKY130HD, frozen image sha256:f05cee3219a02f26289f02f00e11a3fc986ab51a482a0000a2da810cda219a6e",9c3815a782be62795be0b7cf4eb467032c2bb0c36d6af77984fa1ad46b732830,83b9951d04766eeb85d673794aefe8a3b540af1686222a1a5017cb62e27a31ad,d414d57ee0438a1610b4435dd8b61422d00ba6eb98ac960f7c11f411a178f4be,a09fed258ee5e5fbe3859629f69ef57ffb59cea05053ea4611c1f95d1c7298c0
matched SKY130 manufacturing inventory is unavailable,repository provenance; no external numeric substitution,2026-09-08/v3.1.0,MP31|U0|UPSTREAM_ORIGINAL|seed11|I0,UNAVAILABLE,E0,d70181dc199692bcd152a8192a5a43825e6a9c19c95860e16c8bdcb3aee5eab7,1a263502ae81073f6cfafceb41ba7c717378f57e1b1ba4039e129fdc8b047f99,SB_V3_1_MATCHED_U0_E0_IMPLEMENTATION_AND_SERVICE,TT/25C/1.8V,BLOCKED,ME31|MP31_U0_UPSTREAM_ORIGINAL_seed11_I0|manufacturing_carbon_kgco2e,manufacturing_carbon_kgco2e,U0-UPSTREAM_ORIGINAL-seed11,NOT_AVAILABLE,SKY130HD_WITH_SRAM22_RESEARCH_MACROS,STRUCTURAL_MISSINGNESS,kgCO2e,,read_dominant,V3_1_PHYSICAL_POPULATION,90db8ba99880047f277844cef511ea59a9072f0c0ec89101342a14f37f9bfb31,"OpenROAD-flow-scripts SKY130HD, frozen image sha256:f05cee3219a02f26289f02f00e11a3fc986ab51a482a0000a2da810cda219a6e",9c3815a782be62795be0b7cf4eb467032c2bb0c36d6af77984fa1ad46b732830,83b9951d04766eeb85d673794aefe8a3b540af1686222a1a5017cb62e27a31ad,d414d57ee0438a1610b4435dd8b61422d00ba6eb98ac960f7c11f411a178f4be,a09fed258ee5e5fbe3859629f69ef57ffb59cea05053ea4611c1f95d1c7298c0
lifecycle carbon and physical correct-service probability are unavailable,repository provenance; no external numeric substitution,2026-09-08/v3.1.0,MP31|U0|UPSTREAM_ORIGINAL|seed11|I0,UNAVAILABLE,E0,d70181dc199692bcd152a8192a5a43825e6a9c19c95860e16c8bdcb3aee5eab7,1a263502ae81073f6cfafceb41ba7c717378f57e1b1ba4039e129fdc8b047f99,SB_V3_1_MATCHED_U0_E0_IMPLEMENTATION_AND_SERVICE,TT/25C/1.8V,BLOCKED,ME31|MP31_U0_UPSTREAM_ORIGINAL_seed11_I0|csci_kgco2e_per_correct_service,csci_kgco2e_per_correct_service,U0-UPSTREAM_ORIGINAL-seed11,NOT_AVAILABLE,SKY130HD_WITH_SRAM22_RESEARCH_MACROS,STRUCTURAL_MISSINGNESS,kgCO2e_per_correct_service,,read_dominant,V3_1_PHYSICAL_POPULATION,90db8ba99880047f277844cef511ea59a9072f0c0ec89101342a14f37f9bfb31,"OpenROAD-flow-scripts SKY130HD, frozen image sha256:f05cee3219a02f26289f02f00e11a3fc986ab51a482a0000a2da810cda219a6e",9c3815a782be62795be0b7cf4eb467032c2bb0c36d6af77984fa1ad46b732830,83b9951d04766eeb85d673794aefe8a3b540af1686222a1a5017cb62e27a31ad,d414d57ee0438a1610b4435dd8b61422d00ba6eb98ac960f7c11f411a178f4be,a09fed258ee5e5fbe3859629f69ef57ffb59cea05053ea4611c1f95d1c7298c0
matched lifecycle carbon and physical correct-service counts are unavailable,repository provenance; no external numeric substitution,2026-09-08/v3.1.0,MP31|U0|UPSTREAM_ORIGINAL|seed11|I0,UNAVAILABLE,E0,d70181dc199692bcd152a8192a5a43825e6a9c19c95860e16c8bdcb3aee5eab7,1a263502ae81073f6cfafceb41ba7c717378f57e1b1ba4039e129fdc8b047f99,SB_V3_1_MATCHED_U0_E0_IMPLEMENTATION_AND_SERVICE,TT/25C/1.8V,BLOCKED,ME31|MP31_U0_UPSTREAM_ORIGINAL_seed11_I0|mrcc_kgco2e_per_additional_correct_service,mrcc_kgco2e_per_additional_correct_service,U0-UPSTREAM_ORIGINAL-seed11,NOT_AVAILABLE,SKY130HD_WITH_SRAM22_RESEARCH_MACROS,STRUCTURAL_MISSINGNESS,kgCO2e_per_additional_correct_service,,read_dominant,V3_1_PHYSICAL_POPULATION,90db8ba99880047f277844cef511ea59a9072f0c0ec89101342a14f37f9bfb31,"OpenROAD-flow-scripts SKY130HD, frozen image sha256:f05cee3219a02f26289f02f00e11a3fc986ab51a482a0000a2da810cda219a6e",9c3815a782be62795be0b7cf4eb467032c2bb0c36d6af77984fa1ad46b732830,83b9951d04766eeb85d673794aefe8a3b540af1686222a1a5017cb62e27a31ad,d414d57ee0438a1610b4435dd8b61422d00ba6eb98ac960f7c11f411a178f4be,a09fed258ee5e5fbe3859629f69ef57ffb59cea05053ea4611c1f95d1c7298c0
no saturated architecture-level traffic experiment with backpressure,repository provenance; no external numeric substitution,2026-09-08/v3.1.0,MP31|U0|UPSTREAM_ORIGINAL|seed11|I0,UNAVAILABLE,E0,d70181dc199692bcd152a8192a5a43825e6a9c19c95860e16c8bdcb3aee5eab7,1a263502ae81073f6cfafceb41ba7c717378f57e1b1ba4039e129fdc8b047f99,SB_V3_1_MATCHED_U0_E0_IMPLEMENTATION_AND_SERVICE,TT/25C/1.8V,BLOCKED,ME31|MP31_U0_UPSTREAM_ORIGINAL_seed11_I0|maximum_sustainable_throughput_services_per_s,maximum_sustainable_throughput_services_per_s,U0-UPSTREAM_ORIGINAL-seed11,NOT_AVAILABLE,SKY130HD_WITH_SRAM22_RESEARCH_MACROS,STRUCTURAL_MISSINGNESS,services_per_s,,read_dominant,V3_1_PHYSICAL_POPULATION,90db8ba99880047f277844cef511ea59a9072f0c0ec89101342a14f37f9bfb31,"OpenROAD-flow-scripts SKY130HD, frozen image sha256:f05cee3219a02f26289f02f00e11a3fc986ab51a482a0000a2da810cda219a6e",9c3815a782be62795be0b7cf4eb467032c2bb0c36d6af77984fa1ad46b732830,83b9951d04766eeb85d673794aefe8a3b540af1686222a1a5017cb62e27a31ad,d414d57ee0438a1610b4435dd8b61422d00ba6eb98ac960f7c11f411a178f4be,a09fed258ee5e5fbe3859629f69ef57ffb59cea05053ea4611c1f95d1c7298c0
,repository provenance; no external numeric substitution,2026-09-08/v3.1.0,MP31|U0|UPSTREAM_ORIGINAL|seed11|I0,ANALYTICAL,E3,a0a4565c61ef02edc0660e55f681c7f586885f4f48a9ed1f4358f6d900972059,1a263502ae81073f6cfafceb41ba7c717378f57e1b1ba4039e129fdc8b047f99,SB_V3_1_MATCHED_U0_E0_IMPLEMENTATION_AND_SERVICE,TT/25C/1.8V,QUALIFIED_RTL_ACTIVITY_TRACE,ME31|MP31_U0_UPSTREAM_ORIGINAL_seed11_I0|activity_trace_sha256,activity_trace_sha256,U0-UPSTREAM_ORIGINAL-seed11,DETERMINISTIC_RTL_SIMULATION,SKY130HD_WITH_SRAM22_RESEARCH_MACROS,DETERMINISTIC_RTL_CONTRACT,sha256,a09fed258ee5e5fbe3859629f69ef57ffb59cea05053ea4611c1f95d1c7298c0,read_dominant,V3_1_PHYSICAL_POPULATION,90db8ba99880047f277844cef511ea59a9072f0c0ec89101342a14f37f9bfb31,"OpenROAD-flow-scripts SKY130HD, frozen image sha256:f05cee3219a02f26289f02f00e11a3fc986ab51a482a0000a2da810cda219a6e",9c3815a782be62795be0b7cf4eb467032c2bb0c36d6af77984fa1ad46b732830,83b9951d04766eeb85d673794aefe8a3b540af1686222a1a5017cb62e27a31ad,d414d57ee0438a1610b4435dd8b61422d00ba6eb98ac960f7c11f411a178f4be,a09fed258ee5e5fbe3859629f69ef57ffb59cea05053ea4611c1f95d1c7298c0
"[""unannotated gate pins and synthesis-name mismatch"",""no mapped glitch-aware gate simulation"",""no independent read/write-conditioned macro power validation"",""encoder/decoder/control power partition unavailable""]",repository provenance; no external numeric substitution,2026-09-08/v3.1.0,MP31|U0|UPSTREAM_ORIGINAL|seed11|I0,POST_ROUTE_ESTIMATE,E4,d70181dc199692bcd152a8192a5a43825e6a9c19c95860e16c8bdcb3aee5eab7,1a263502ae81073f6cfafceb41ba7c717378f57e1b1ba4039e129fdc8b047f99,SB_V3_1_MATCHED_U0_E0_IMPLEMENTATION_AND_SERVICE,TT/25C/1.8V,DIAGNOSTIC_ONLY,ME31|MP31_U0_UPSTREAM_ORIGINAL_seed11_I0|activity_coverage_fraction,activity_coverage_fraction,U0-UPSTREAM_ORIGINAL-seed11,PARTIAL_RTL_ACTIVITY_ANNOTATED_POST_ROUTE_TOOL,SKY130HD_WITH_SRAM22_RESEARCH_MACROS,FIVE_IMPLEMENTATION_SEEDS,fraction,0.4868421052631579,read_dominant,V3_1_PHYSICAL_POPULATION,90db8ba99880047f277844cef511ea59a9072f0c0ec89101342a14f37f9bfb31,"OpenROAD-flow-scripts SKY130HD, frozen image sha256:f05cee3219a02f26289f02f00e11a3fc986ab51a482a0000a2da810cda219a6e",9c3815a782be62795be0b7cf4eb467032c2bb0c36d6af77984fa1ad46b732830,83b9951d04766eeb85d673794aefe8a3b540af1686222a1a5017cb62e27a31ad,d414d57ee0438a1610b4435dd8b61422d00ba6eb98ac960f7c11f411a178f4be,a09fed258ee5e5fbe3859629f69ef57ffb59cea05053ea4611c1f95d1c7298c0
"[""unannotated gate pins and synthesis-name mismatch"",""no mapped glitch-aware gate simulation"",""no independent read/write-conditioned macro power validation"",""encoder/decoder/control power partition unavailable""]",repository provenance; no external numeric substitution,2026-09-08/v3.1.0,MP31|U0|UPSTREAM_ORIGINAL|seed11|I0,POST_ROUTE_ESTIMATE,E4,d70181dc199692bcd152a8192a5a43825e6a9c19c95860e16c8bdcb3aee5eab7,1a263502ae81073f6cfafceb41ba7c717378f57e1b1ba4039e129fdc8b047f99,SB_V3_1_MATCHED_U0_E0_IMPLEMENTATION_AND_SERVICE,TT/25C/1.8V,DIAGNOSTIC_ONLY_NOT_E5,ME31|MP31_U0_UPSTREAM_ORIGINAL_seed11_I0|diagnostic_internal_energy_per_requested_service_j,diagnostic_internal_energy_per_requested_service_j,U0-UPSTREAM_ORIGINAL-seed11,DERIVED_FROM_PARTIALLY_ANNOTATED_POST_ROUTE_POWER,SKY130HD_WITH_SRAM22_RESEARCH_MACROS,FIVE_IMPLEMENTATION_SEEDS,J_per_requested_service,1.787801971659e-11,read_dominant,V3_1_PHYSICAL_POPULATION,90db8ba99880047f277844cef511ea59a9072f0c0ec89101342a14f37f9bfb31,"OpenROAD-flow-scripts SKY130HD, frozen image sha256:f05cee3219a02f26289f02f00e11a3fc986ab51a482a0000a2da810cda219a6e",9c3815a782be62795be0b7cf4eb467032c2bb0c36d6af77984fa1ad46b732830,83b9951d04766eeb85d673794aefe8a3b540af1686222a1a5017cb62e27a31ad,d414d57ee0438a1610b4435dd8b61422d00ba6eb98ac960f7c11f411a178f4be,a09fed258ee5e5fbe3859629f69ef57ffb59cea05053ea4611c1f95d1c7298c0
"[""unannotated gate pins and synthesis-name mismatch"",""no mapped glitch-aware gate simulation"",""no independent read/write-conditioned macro power validation"",""encoder/decoder/control power partition unavailable""]",repository provenance; no external numeric substitution,2026-09-08/v3.1.0,MP31|U0|UPSTREAM_ORIGINAL|seed11|I0,POST_ROUTE_ESTIMATE,E4,d70181dc199692bcd152a8192a5a43825e6a9c19c95860e16c8bdcb3aee5eab7,1a263502ae81073f6cfafceb41ba7c717378f57e1b1ba4039e129fdc8b047f99,SB_V3_1_MATCHED_U0_E0_IMPLEMENTATION_AND_SERVICE,TT/25C/1.8V,DIAGNOSTIC_ONLY_NOT_E5,ME31|MP31_U0_UPSTREAM_ORIGINAL_seed11_I0|diagnostic_switching_energy_per_requested_service_j,diagnostic_switching_energy_per_requested_service_j,U0-UPSTREAM_ORIGINAL-seed11,DERIVED_FROM_PARTIALLY_ANNOTATED_POST_ROUTE_POWER,SKY130HD_WITH_SRAM22_RESEARCH_MACROS,FIVE_IMPLEMENTATION_SEEDS,J_per_requested_service,1.047224795911e-12,read_dominant,V3_1_PHYSICAL_POPULATION,90db8ba99880047f277844cef511ea59a9072f0c0ec89101342a14f37f9bfb31,"OpenROAD-flow-scripts SKY130HD, frozen image sha256:f05cee3219a02f26289f02f00e11a3fc986ab51a482a0000a2da810cda219a6e",9c3815a782be62795be0b7cf4eb467032c2bb0c36d6af77984fa1ad46b732830,83b9951d04766eeb85d673794aefe8a3b540af1686222a1a5017cb62e27a31ad,d414d57ee0438a1610b4435dd8b61422d00ba6eb98ac960f7c11f411a178f4be,a09fed258ee5e5fbe3859629f69ef57ffb59cea05053ea4611c1f95d1c7298c0
"[""unannotated gate pins and synthesis-name mismatch"",""no mapped glitch-aware gate simulation"",""no independent read/write-conditioned macro power validation"",""encoder/decoder/control power partition unavailable""]",repository provenance; no external numeric substitution,2026-09-08/v3.1.0,MP31|U0|UPSTREAM_ORIGINAL|seed11|I0,POST_ROUTE_ESTIMATE,E4,d70181dc199692bcd152a8192a5a43825e6a9c19c95860e16c8bdcb3aee5eab7,1a263502ae81073f6cfafceb41ba7c717378f57e1b1ba4039e129fdc8b047f99,SB_V3_1_MATCHED_U0_E0_IMPLEMENTATION_AND_SERVICE,TT/25C/1.8V,DIAGNOSTIC_ONLY_NOT_E5,ME31|MP31_U0_UPSTREAM_ORIGINAL_seed11_I0|diagnostic_leakage_energy_per_requested_service_j,diagnostic_leakage_energy_per_requested_service_j,U0-UPSTREAM_ORIGINAL-seed11,DERIVED_FROM_PARTIALLY_ANNOTATED_POST_ROUTE_POWER,SKY130HD_WITH_SRAM22_RESEARCH_MACROS,FIVE_IMPLEMENTATION_SEEDS,J_per_requested_service,6.420754630199e-15,read_dominant,V3_1_PHYSICAL_POPULATION,90db8ba99880047f277844cef511ea59a9072f0c0ec89101342a14f37f9bfb31,"OpenROAD-flow-scripts SKY130HD, frozen image sha256:f05cee3219a02f26289f02f00e11a3fc986ab51a482a0000a2da810cda219a6e",9c3815a782be62795be0b7cf4eb467032c2bb0c36d6af77984fa1ad46b732830,83b9951d04766eeb85d673794aefe8a3b540af1686222a1a5017cb62e27a31ad,d414d57ee0438a1610b4435dd8b61422d00ba6eb98ac960f7c11f411a178f4be,a09fed258ee5e5fbe3859629f69ef57ffb59cea05053ea4611c1f95d1c7298c0
"[""unannotated gate pins and synthesis-name mismatch"",""no mapped glitch-aware gate simulation"",""no independent read/write-conditioned macro power validation"",""encoder/decoder/control power partition unavailable""]",repository provenance; no external numeric substitution,2026-09-08/v3.1.0,MP31|U0|UPSTREAM_ORIGINAL|seed11|I0,POST_ROUTE_ESTIMATE,E4,d70181dc199692bcd152a8192a5a43825e6a9c19c95860e16c8bdcb3aee5eab7,1a263502ae81073f6cfafceb41ba7c717378f57e1b1ba4039e129fdc8b047f99,SB_V3_1_MATCHED_U0_E0_IMPLEMENTATION_AND_SERVICE,TT/25C/1.8V,DIAGNOSTIC_ONLY_NOT_E5,ME31|MP31_U0_UPSTREAM_ORIGINAL_seed11_I0|diagnostic_total_energy_per_requested_service_j,diagnostic_total_energy_per_requested_service_j,U0-UPSTREAM_ORIGINAL-seed11,DERIVED_FROM_PARTIALLY_ANNOTATED_POST_ROUTE_POWER,SKY130HD_WITH_SRAM22_RESEARCH_MACROS,FIVE_IMPLEMENTATION_SEEDS,J_per_requested_service,1.893166452646e-11,read_dominant,V3_1_PHYSICAL_POPULATION,90db8ba99880047f277844cef511ea59a9072f0c0ec89101342a14f37f9bfb31,"OpenROAD-flow-scripts SKY130HD, frozen image sha256:f05cee3219a02f26289f02f00e11a3fc986ab51a482a0000a2da810cda219a6e",9c3815a782be62795be0b7cf4eb467032c2bb0c36d6af77984fa1ad46b732830,83b9951d04766eeb85d673794aefe8a3b540af1686222a1a5017cb62e27a31ad,d414d57ee0438a1610b4435dd8b61422d00ba6eb98ac960f7c11f411a178f4be,a09fed258ee5e5fbe3859629f69ef57ffb59cea05053ea4611c1f95d1c7298c0
residual SRAM input-transition violations prevent signoff qualification,repository provenance; no external numeric substitution,2026-09-08/v3.1.0,MP31|E0|UPSTREAM_ORIGINAL|seed11|I0,POST_ROUTE_ESTIMATE,E4,d70181dc199692bcd152a8192a5a43825e6a9c19c95860e16c8bdcb3aee5eab7,0331bd0c05c8fd41e5be525d375b87b113124f5cf339ef15cc63084c3789ee3d,SB_V3_1_MATCHED_U0_E0_IMPLEMENTATION_AND_SERVICE,TT/25C/1.8V,DIAGNOSTIC_ONLY,ME31|MP31_E0_UPSTREAM_ORIGINAL_seed11_I0|routed_total_area_um2,routed_total_area_um2,E0-UPSTREAM_ORIGINAL-seed11,MATCHED_POST_ROUTE_TOOL,SKY130HD_WITH_SRAM22_RESEARCH_MACROS,FIVE_IMPLEMENTATION_SEEDS,um2,276033,read_dominant,V3_1_PHYSICAL_POPULATION,fb2aa6861d2f2203a3e1d622ed68d85d0658228d9621419453c98c4fe071605e,"OpenROAD-flow-scripts SKY130HD, frozen image sha256:f05cee3219a02f26289f02f00e11a3fc986ab51a482a0000a2da810cda219a6e",aa3f5945ea6f76d5cd471acf06d9aacb29f5a7331f7e19a0957a35b6d4ffcb4a,e38b1f590237cf3f4f247268476991ab784c581d07d800e0f395e01c9d9971e8,d414d57ee0438a1610b4435dd8b61422d00ba6eb98ac960f7c11f411a178f4be,da0025a410d64c1269ecbd5ff84776ca43ceafafdd2bde924d4b1d5217eaf67b
residual SRAM input-transition violations prevent signoff qualification,repository provenance; no external numeric substitution,2026-09-08/v3.1.0,MP31|E0|UPSTREAM_ORIGINAL|seed11|I0,POST_ROUTE_ESTIMATE,E4,d70181dc199692bcd152a8192a5a43825e6a9c19c95860e16c8bdcb3aee5eab7,0331bd0c05c8fd41e5be525d375b87b113124f5cf339ef15cc63084c3789ee3d,SB_V3_1_MATCHED_U0_E0_IMPLEMENTATION_AND_SERVICE,TT/25C/1.8V,DIAGNOSTIC_ONLY,ME31|MP31_E0_UPSTREAM_ORIGINAL_seed11_I0|wirelength_um,wirelength_um,E0-UPSTREAM_ORIGINAL-seed11,MATCHED_POST_ROUTE_TOOL,SKY130HD_WITH_SRAM22_RESEARCH_MACROS,FIVE_IMPLEMENTATION_SEEDS,um,79915,read_dominant,V3_1_PHYSICAL_POPULATION,fb2aa6861d2f2203a3e1d622ed68d85d0658228d9621419453c98c4fe071605e,"OpenROAD-flow-scripts SKY130HD, frozen image sha256:f05cee3219a02f26289f02f00e11a3fc986ab51a482a0000a2da810cda219a6e",aa3f5945ea6f76d5cd471acf06d9aacb29f5a7331f7e19a0957a35b6d4ffcb4a,e38b1f590237cf3f4f247268476991ab784c581d07d800e0f395e01c9d9971e8,d414d57ee0438a1610b4435dd8b61422d00ba6eb98ac960f7c11f411a178f4be,da0025a410d64c1269ecbd5ff84776ca43ceafafdd2bde924d4b1d5217eaf67b
residual SRAM input-transition violations prevent signoff qualification,repository provenance; no external numeric substitution,2026-09-08/v3.1.0,MP31|E0|UPSTREAM_ORIGINAL|seed11|I0,POST_ROUTE_ESTIMATE,E4,d70181dc199692bcd152a8192a5a43825e6a9c19c95860e16c8bdcb3aee5eab7,0331bd0c05c8fd41e5be525d375b87b113124f5cf339ef15cc63084c3789ee3d,SB_V3_1_MATCHED_U0_E0_IMPLEMENTATION_AND_SERVICE,TT/25C/1.8V,DIAGNOSTIC_ONLY,ME31|MP31_E0_UPSTREAM_ORIGINAL_seed11_I0|via_count,via_count,E0-UPSTREAM_ORIGINAL-seed11,MATCHED_POST_ROUTE_TOOL,SKY130HD_WITH_SRAM22_RESEARCH_MACROS,FIVE_IMPLEMENTATION_SEEDS,count,6793,read_dominant,V3_1_PHYSICAL_POPULATION,fb2aa6861d2f2203a3e1d622ed68d85d0658228d9621419453c98c4fe071605e,"OpenROAD-flow-scripts SKY130HD, frozen image sha256:f05cee3219a02f26289f02f00e11a3fc986ab51a482a0000a2da810cda219a6e",aa3f5945ea6f76d5cd471acf06d9aacb29f5a7331f7e19a0957a35b6d4ffcb4a,e38b1f590237cf3f4f247268476991ab784c581d07d800e0f395e01c9d9971e8,d414d57ee0438a1610b4435dd8b61422d00ba6eb98ac960f7c11f411a178f4be,da0025a410d64c1269ecbd5ff84776ca43ceafafdd2bde924d4b1d5217eaf67b
residual SRAM input-transition violations prevent signoff qualification,repository provenance; no external numeric substitution,2026-09-08/v3.1.0,MP31|E0|UPSTREAM_ORIGINAL|seed11|I0,POST_ROUTE_ESTIMATE,E4,d70181dc199692bcd152a8192a5a43825e6a9c19c95860e16c8bdcb3aee5eab7,0331bd0c05c8fd41e5be525d375b87b113124f5cf339ef15cc63084c3789ee3d,SB_V3_1_MATCHED_U0_E0_IMPLEMENTATION_AND_SERVICE,TT/25C/1.8V,DIAGNOSTIC_ONLY,ME31|MP31_E0_UPSTREAM_ORIGINAL_seed11_I0|power_internal_w,power_internal_w,E0-UPSTREAM_ORIGINAL-seed11,MATCHED_POST_ROUTE_TOOL,SKY130HD_WITH_SRAM22_RESEARCH_MACROS,FIVE_IMPLEMENTATION_SEEDS,W,0.00142725,read_dominant,V3_1_PHYSICAL_POPULATION,fb2aa6861d2f2203a3e1d622ed68d85d0658228d9621419453c98c4fe071605e,"OpenROAD-flow-scripts SKY130HD, frozen image sha256:f05cee3219a02f26289f02f00e11a3fc986ab51a482a0000a2da810cda219a6e",aa3f5945ea6f76d5cd471acf06d9aacb29f5a7331f7e19a0957a35b6d4ffcb4a,e38b1f590237cf3f4f247268476991ab784c581d07d800e0f395e01c9d9971e8,d414d57ee0438a1610b4435dd8b61422d00ba6eb98ac960f7c11f411a178f4be,da0025a410d64c1269ecbd5ff84776ca43ceafafdd2bde924d4b1d5217eaf67b
residual SRAM input-transition violations prevent signoff qualification,repository provenance; no external numeric substitution,2026-09-08/v3.1.0,MP31|E0|UPSTREAM_ORIGINAL|seed11|I0,POST_ROUTE_ESTIMATE,E4,d70181dc199692bcd152a8192a5a43825e6a9c19c95860e16c8bdcb3aee5eab7,0331bd0c05c8fd41e5be525d375b87b113124f5cf339ef15cc63084c3789ee3d,SB_V3_1_MATCHED_U0_E0_IMPLEMENTATION_AND_SERVICE,TT/25C/1.8V,DIAGNOSTIC_ONLY,ME31|MP31_E0_UPSTREAM_ORIGINAL_seed11_I0|power_switching_w,power_switching_w,E0-UPSTREAM_ORIGINAL-seed11,MATCHED_POST_ROUTE_TOOL,SKY130HD_WITH_SRAM22_RESEARCH_MACROS,FIVE_IMPLEMENTATION_SEEDS,W,0.000642448,read_dominant,V3_1_PHYSICAL_POPULATION,fb2aa6861d2f2203a3e1d622ed68d85d0658228d9621419453c98c4fe071605e,"OpenROAD-flow-scripts SKY130HD, frozen image sha256:f05cee3219a02f26289f02f00e11a3fc986ab51a482a0000a2da810cda219a6e",aa3f5945ea6f76d5cd471acf06d9aacb29f5a7331f7e19a0957a35b6d4ffcb4a,e38b1f590237cf3f4f247268476991ab784c581d07d800e0f395e01c9d9971e8,d414d57ee0438a1610b4435dd8b61422d00ba6eb98ac960f7c11f411a178f4be,da0025a410d64c1269ecbd5ff84776ca43ceafafdd2bde924d4b1d5217eaf67b
residual SRAM input-transition violations prevent signoff qualification,repository provenance; no external numeric substitution,2026-09-08/v3.1.0,MP31|E0|UPSTREAM_ORIGINAL|seed11|I0,POST_ROUTE_ESTIMATE,E4,d70181dc199692bcd152a8192a5a43825e6a9c19c95860e16c8bdcb3aee5eab7,0331bd0c05c8fd41e5be525d375b87b113124f5cf339ef15cc63084c3789ee3d,SB_V3_1_MATCHED_U0_E0_IMPLEMENTATION_AND_SERVICE,TT/25C/1.8V,DIAGNOSTIC_ONLY,ME31|MP31_E0_UPSTREAM_ORIGINAL_seed11_I0|power_leakage_w,power_leakage_w,E0-UPSTREAM_ORIGINAL-seed11,MATCHED_POST_ROUTE_TOOL,SKY130HD_WITH_SRAM22_RESEARCH_MACROS,FIVE_IMPLEMENTATION_SEEDS,W,7.34488e-07,read_dominant,V3_1_PHYSICAL_POPULATION,fb2aa6861d2f2203a3e1d622ed68d85d0658228d9621419453c98c4fe071605e,"OpenROAD-flow-scripts SKY130HD, frozen image sha256:f05cee3219a02f26289f02f00e11a3fc986ab51a482a0000a2da810cda219a6e",aa3f5945ea6f76d5cd471acf06d9aacb29f5a7331f7e19a0957a35b6d4ffcb4a,e38b1f590237cf3f4f247268476991ab784c581d07d800e0f395e01c9d9971e8,d414d57ee0438a1610b4435dd8b61422d00ba6eb98ac960f7c11f411a178f4be,da0025a410d64c1269ecbd5ff84776ca43ceafafdd2bde924d4b1d5217eaf67b
residual SRAM input-transition violations prevent signoff qualification,repository provenance; no external numeric substitution,2026-09-08/v3.1.0,MP31|E0|UPSTREAM_ORIGINAL|seed11|I0,POST_ROUTE_ESTIMATE,E4,d70181dc199692bcd152a8192a5a43825e6a9c19c95860e16c8bdcb3aee5eab7,0331bd0c05c8fd41e5be525d375b87b113124f5cf339ef15cc63084c3789ee3d,SB_V3_1_MATCHED_U0_E0_IMPLEMENTATION_AND_SERVICE,TT/25C/1.8V,DIAGNOSTIC_ONLY,ME31|MP31_E0_UPSTREAM_ORIGINAL_seed11_I0|power_total_vectorless_w,power_total_vectorless_w,E0-UPSTREAM_ORIGINAL-seed11,MATCHED_POST_ROUTE_TOOL,SKY130HD_WITH_SRAM22_RESEARCH_MACROS,FIVE_IMPLEMENTATION_SEEDS,W,0.00207044,read_dominant,V3_1_PHYSICAL_POPULATION,fb2aa6861d2f2203a3e1d622ed68d85d0658228d9621419453c98c4fe071605e,"OpenROAD-flow-scripts SKY130HD, frozen image sha256:f05cee3219a02f26289f02f00e11a3fc986ab51a482a0000a2da810cda219a6e",aa3f5945ea6f76d5cd471acf06d9aacb29f5a7331f7e19a0957a35b6d4ffcb4a,e38b1f590237cf3f4f247268476991ab784c581d07d800e0f395e01c9d9971e8,d414d57ee0438a1610b4435dd8b61422d00ba6eb98ac960f7c11f411a178f4be,da0025a410d64c1269ecbd5ff84776ca43ceafafdd2bde924d4b1d5217eaf67b
residual SRAM input-transition violations prevent signoff qualification,repository provenance; no external numeric substitution,2026-09-08/v3.1.0,MP31|E0|UPSTREAM_ORIGINAL|seed11|I0,POST_ROUTE_ESTIMATE,E4,d70181dc199692bcd152a8192a5a43825e6a9c19c95860e16c8bdcb3aee5eab7,0331bd0c05c8fd41e5be525d375b87b113124f5cf339ef15cc63084c3789ee3d,SB_V3_1_MATCHED_U0_E0_IMPLEMENTATION_AND_SERVICE,TT/25C/1.8V,DIAGNOSTIC_ONLY,ME31|MP31_E0_UPSTREAM_ORIGINAL_seed11_I0|setup_wns_ns,setup_wns_ns,E0-UPSTREAM_ORIGINAL-seed11,MATCHED_POST_ROUTE_TOOL,SKY130HD_WITH_SRAM22_RESEARCH_MACROS,FIVE_IMPLEMENTATION_SEEDS,ns,0.611109,read_dominant,V3_1_PHYSICAL_POPULATION,fb2aa6861d2f2203a3e1d622ed68d85d0658228d9621419453c98c4fe071605e,"OpenROAD-flow-scripts SKY130HD, frozen image sha256:f05cee3219a02f26289f02f00e11a3fc986ab51a482a0000a2da810cda219a6e",aa3f5945ea6f76d5cd471acf06d9aacb29f5a7331f7e19a0957a35b6d4ffcb4a,e38b1f590237cf3f4f247268476991ab784c581d07d800e0f395e01c9d9971e8,d414d57ee0438a1610b4435dd8b61422d00ba6eb98ac960f7c11f411a178f4be,da0025a410d64c1269ecbd5ff84776ca43ceafafdd2bde924d4b1d5217eaf67b
residual SRAM input-transition violations prevent signoff qualification,repository provenance; no external numeric substitution,2026-09-08/v3.1.0,MP31|E0|UPSTREAM_ORIGINAL|seed11|I0,POST_ROUTE_ESTIMATE,E4,d70181dc199692bcd152a8192a5a43825e6a9c19c95860e16c8bdcb3aee5eab7,0331bd0c05c8fd41e5be525d375b87b113124f5cf339ef15cc63084c3789ee3d,SB_V3_1_MATCHED_U0_E0_IMPLEMENTATION_AND_SERVICE,TT/25C/1.8V,DIAGNOSTIC_ONLY,ME31|MP31_E0_UPSTREAM_ORIGINAL_seed11_I0|hold_wns_ns,hold_wns_ns,E0-UPSTREAM_ORIGINAL-seed11,MATCHED_POST_ROUTE_TOOL,SKY130HD_WITH_SRAM22_RESEARCH_MACROS,FIVE_IMPLEMENTATION_SEEDS,ns,0.00941408,read_dominant,V3_1_PHYSICAL_POPULATION,fb2aa6861d2f2203a3e1d622ed68d85d0658228d9621419453c98c4fe071605e,"OpenROAD-flow-scripts SKY130HD, frozen image sha256:f05cee3219a02f26289f02f00e11a3fc986ab51a482a0000a2da810cda219a6e",aa3f5945ea6f76d5cd471acf06d9aacb29f5a7331f7e19a0957a35b6d4ffcb4a,e38b1f590237cf3f4f247268476991ab784c581d07d800e0f395e01c9d9971e8,d414d57ee0438a1610b4435dd8b61422d00ba6eb98ac960f7c11f411a178f4be,da0025a410d64c1269ecbd5ff84776ca43ceafafdd2bde924d4b1d5217eaf67b
,repository provenance; no external numeric substitution,2026-09-08/v3.1.0,MP31|E0|UPSTREAM_ORIGINAL|seed11|I0,ANALYTICAL,E3,d70181dc199692bcd152a8192a5a43825e6a9c19c95860e16c8bdcb3aee5eab7,0331bd0c05c8fd41e5be525d375b87b113124f5cf339ef15cc63084c3789ee3d,SB_V3_1_MATCHED_U0_E0_IMPLEMENTATION_AND_SERVICE,TT/25C/1.8V,QUALIFIED_WITHIN_DECLARED_RTL_BOUNDARY,ME31|MP31_E0_UPSTREAM_ORIGINAL_seed11_I0|registered_service_latency_s,registered_service_latency_s,E0-UPSTREAM_ORIGINAL-seed11,RTL_CONTRACT_AND_EXACT_LOGICAL_MODEL,SKY130HD_WITH_SRAM22_RESEARCH_MACROS,DETERMINISTIC_RTL_CONTRACT,s,1e-08,read_dominant,V3_1_PHYSICAL_POPULATION,fb2aa6861d2f2203a3e1d622ed68d85d0658228d9621419453c98c4fe071605e,"OpenROAD-flow-scripts SKY130HD, frozen image sha256:f05cee3219a02f26289f02f00e11a3fc986ab51a482a0000a2da810cda219a6e",aa3f5945ea6f76d5cd471acf06d9aacb29f5a7331f7e19a0957a35b6d4ffcb4a,e38b1f590237cf3f4f247268476991ab784c581d07d800e0f395e01c9d9971e8,d414d57ee0438a1610b4435dd8b61422d00ba6eb98ac960f7c11f411a178f4be,da0025a410d64c1269ecbd5ff84776ca43ceafafdd2bde924d4b1d5217eaf67b
,repository provenance; no external numeric substitution,2026-09-08/v3.1.0,MP31|E0|UPSTREAM_ORIGINAL|seed11|I0,ANALYTICAL,E3,d70181dc199692bcd152a8192a5a43825e6a9c19c95860e16c8bdcb3aee5eab7,0331bd0c05c8fd41e5be525d375b87b113124f5cf339ef15cc63084c3789ee3d,SB_V3_1_MATCHED_U0_E0_IMPLEMENTATION_AND_SERVICE,TT/25C/1.8V,QUALIFIED_WITHIN_DECLARED_RTL_BOUNDARY,ME31|MP31_E0_UPSTREAM_ORIGINAL_seed11_I0|initiation_interval_cycles,initiation_interval_cycles,E0-UPSTREAM_ORIGINAL-seed11,RTL_CONTRACT_AND_EXACT_LOGICAL_MODEL,SKY130HD_WITH_SRAM22_RESEARCH_MACROS,DETERMINISTIC_RTL_CONTRACT,cycle,1,read_dominant,V3_1_PHYSICAL_POPULATION,fb2aa6861d2f2203a3e1d622ed68d85d0658228d9621419453c98c4fe071605e,"OpenROAD-flow-scripts SKY130HD, frozen image sha256:f05cee3219a02f26289f02f00e11a3fc986ab51a482a0000a2da810cda219a6e",aa3f5945ea6f76d5cd471acf06d9aacb29f5a7331f7e19a0957a35b6d4ffcb4a,e38b1f590237cf3f4f247268476991ab784c581d07d800e0f395e01c9d9971e8,d414d57ee0438a1610b4435dd8b61422d00ba6eb98ac960f7c11f411a178f4be,da0025a410d64c1269ecbd5ff84776ca43ceafafdd2bde924d4b1d5217eaf67b
,repository provenance; no external numeric substitution,2026-09-08/v3.1.0,MP31|E0|UPSTREAM_ORIGINAL|seed11|I0,ANALYTICAL,E3,d70181dc199692bcd152a8192a5a43825e6a9c19c95860e16c8bdcb3aee5eab7,0331bd0c05c8fd41e5be525d375b87b113124f5cf339ef15cc63084c3789ee3d,SB_V3_1_MATCHED_U0_E0_IMPLEMENTATION_AND_SERVICE,TT/25C/1.8V,QUALIFIED_WITHIN_DECLARED_RTL_BOUNDARY,ME31|MP31_E0_UPSTREAM_ORIGINAL_seed11_I0|nominal_initiation_capacity_services_per_s,nominal_initiation_capacity_services_per_s,E0-UPSTREAM_ORIGINAL-seed11,RTL_CONTRACT_AND_EXACT_LOGICAL_MODEL,SKY130HD_WITH_SRAM22_RESEARCH_MACROS,DETERMINISTIC_RTL_CONTRACT,services_per_s,100000000.0,read_dominant,V3_1_PHYSICAL_POPULATION,fb2aa6861d2f2203a3e1d622ed68d85d0658228d9621419453c98c4fe071605e,"OpenROAD-flow-scripts SKY130HD, frozen image sha256:f05cee3219a02f26289f02f00e11a3fc986ab51a482a0000a2da810cda219a6e",aa3f5945ea6f76d5cd471acf06d9aacb29f5a7331f7e19a0957a35b6d4ffcb4a,e38b1f590237cf3f4f247268476991ab784c581d07d800e0f395e01c9d9971e8,d414d57ee0438a1610b4435dd8b61422d00ba6eb98ac960f7c11f411a178f4be,da0025a410d64c1269ecbd5ff84776ca43ceafafdd2bde924d4b1d5217eaf67b
,repository provenance; no external numeric substitution,2026-09-08/v3.1.0,MP31|E0|UPSTREAM_ORIGINAL|seed11|I0,ANALYTICAL,E3,d70181dc199692bcd152a8192a5a43825e6a9c19c95860e16c8bdcb3aee5eab7,0331bd0c05c8fd41e5be525d375b87b113124f5cf339ef15cc63084c3789ee3d,SB_V3_1_MATCHED_U0_E0_IMPLEMENTATION_AND_SERVICE,TT/25C/1.8V,QUALIFIED_WITHIN_DECLARED_RTL_BOUNDARY,ME31|MP31_E0_UPSTREAM_ORIGINAL_seed11_I0|conditional_ecc_outcome_model,conditional_ecc_outcome_model,E0-UPSTREAM_ORIGINAL-seed11,RTL_CONTRACT_AND_EXACT_LOGICAL_MODEL,SKY130HD_WITH_SRAM22_RESEARCH_MACROS,DETERMINISTIC_RTL_CONTRACT,mapping,DECODER_REQUIRED_AFTER_PHYSICAL_MAPPING,read_dominant,V3_1_PHYSICAL_POPULATION,fb2aa6861d2f2203a3e1d622ed68d85d0658228d9621419453c98c4fe071605e,"OpenROAD-flow-scripts SKY130HD, frozen image sha256:f05cee3219a02f26289f02f00e11a3fc986ab51a482a0000a2da810cda219a6e",aa3f5945ea6f76d5cd471acf06d9aacb29f5a7331f7e19a0957a35b6d4ffcb4a,e38b1f590237cf3f4f247268476991ab784c581d07d800e0f395e01c9d9971e8,d414d57ee0438a1610b4435dd8b61422d00ba6eb98ac960f7c11f411a178f4be,da0025a410d64c1269ecbd5ff84776ca43ceafafdd2bde924d4b1d5217eaf67b
does not establish bitcell xy or address-to-cell mapping,repository provenance; no external numeric substitution,2026-09-08/v3.1.0,MP31|E0|UPSTREAM_ORIGINAL|seed11|I0,POST_ROUTE_ESTIMATE,E4,d70181dc199692bcd152a8192a5a43825e6a9c19c95860e16c8bdcb3aee5eab7,0331bd0c05c8fd41e5be525d375b87b113124f5cf339ef15cc63084c3789ee3d,SB_V3_1_MATCHED_U0_E0_IMPLEMENTATION_AND_SERVICE,TT/25C/1.8V,MACRO_LEVEL_ONLY,ME31|MP31_E0_UPSTREAM_ORIGINAL_seed11_I0|macro_placement_geometry,macro_placement_geometry,E0-UPSTREAM_ORIGINAL-seed11,POST_ROUTE_DEF_LEF_AND_SPICE_CONNECTIVITY,SKY130HD_WITH_SRAM22_RESEARCH_MACROS,FIVE_IMPLEMENTATION_SEEDS,mapping,DEF_MACRO_ORIGIN_ORIENTATION_AND_LEF_EXTENT,read_dominant,V3_1_PHYSICAL_POPULATION,fb2aa6861d2f2203a3e1d622ed68d85d0658228d9621419453c98c4fe071605e,"OpenROAD-flow-scripts SKY130HD, frozen image sha256:f05cee3219a02f26289f02f00e11a3fc986ab51a482a0000a2da810cda219a6e",aa3f5945ea6f76d5cd471acf06d9aacb29f5a7331f7e19a0957a35b6d4ffcb4a,e38b1f590237cf3f4f247268476991ab784c581d07d800e0f395e01c9d9971e8,d414d57ee0438a1610b4435dd8b61422d00ba6eb98ac960f7c11f411a178f4be,da0025a410d64c1269ecbd5ff84776ca43ceafafdd2bde924d4b1d5217eaf67b
complete address/column-select-to-GDS-bitcell map is unavailable,repository provenance; no external numeric substitution,2026-09-08/v3.1.0,MP31|E0|UPSTREAM_ORIGINAL|seed11|I0,UNAVAILABLE,E0,d70181dc199692bcd152a8192a5a43825e6a9c19c95860e16c8bdcb3aee5eab7,0331bd0c05c8fd41e5be525d375b87b113124f5cf339ef15cc63084c3789ee3d,SB_V3_1_MATCHED_U0_E0_IMPLEMENTATION_AND_SERVICE,TT/25C/1.8V,BLOCKED,ME31|MP31_E0_UPSTREAM_ORIGINAL_seed11_I0|bitcell_physical_geometry,bitcell_physical_geometry,E0-UPSTREAM_ORIGINAL-seed11,NOT_AVAILABLE,SKY130HD_WITH_SRAM22_RESEARCH_MACROS,STRUCTURAL_MISSINGNESS,mapping,,read_dominant,V3_1_PHYSICAL_POPULATION,fb2aa6861d2f2203a3e1d622ed68d85d0658228d9621419453c98c4fe071605e,"OpenROAD-flow-scripts SKY130HD, frozen image sha256:f05cee3219a02f26289f02f00e11a3fc986ab51a482a0000a2da810cda219a6e",aa3f5945ea6f76d5cd471acf06d9aacb29f5a7331f7e19a0957a35b6d4ffcb4a,e38b1f590237cf3f4f247268476991ab784c581d07d800e0f395e01c9d9971e8,d414d57ee0438a1610b4435dd8b61422d00ba6eb98ac960f7c11f411a178f4be,da0025a410d64c1269ecbd5ff84776ca43ceafafdd2bde924d4b1d5217eaf67b
no qualified transient-injection experiment and model-card provenance were established,repository provenance; no external numeric substitution,2026-09-08/v3.1.0,MP31|E0|UPSTREAM_ORIGINAL|seed11|I0,UNAVAILABLE,E0,d70181dc199692bcd152a8192a5a43825e6a9c19c95860e16c8bdcb3aee5eab7,0331bd0c05c8fd41e5be525d375b87b113124f5cf339ef15cc63084c3789ee3d,SB_V3_1_MATCHED_U0_E0_IMPLEMENTATION_AND_SERVICE,TT/25C/1.8V,BLOCKED,ME31|MP31_E0_UPSTREAM_ORIGINAL_seed11_I0|qcrit_c,qcrit_c,E0-UPSTREAM_ORIGINAL-seed11,NOT_AVAILABLE,SKY130HD_WITH_SRAM22_RESEARCH_MACROS,STRUCTURAL_MISSINGNESS,C,,read_dominant,V3_1_PHYSICAL_POPULATION,fb2aa6861d2f2203a3e1d622ed68d85d0658228d9621419453c98c4fe071605e,"OpenROAD-flow-scripts SKY130HD, frozen image sha256:f05cee3219a02f26289f02f00e11a3fc986ab51a482a0000a2da810cda219a6e",aa3f5945ea6f76d5cd471acf06d9aacb29f5a7331f7e19a0957a35b6d4ffcb4a,e38b1f590237cf3f4f247268476991ab784c581d07d800e0f395e01c9d9971e8,d414d57ee0438a1610b4435dd8b61422d00ba6eb98ac960f7c11f411a178f4be,da0025a410d64c1269ecbd5ff84776ca43ceafafdd2bde924d4b1d5217eaf67b
no technology/PVT/geometry-matched physical event PMF or rate,repository provenance; no external numeric substitution,2026-09-08/v3.1.0,MP31|E0|UPSTREAM_ORIGINAL|seed11|I0,UNAVAILABLE,E0,d70181dc199692bcd152a8192a5a43825e6a9c19c95860e16c8bdcb3aee5eab7,0331bd0c05c8fd41e5be525d375b87b113124f5cf339ef15cc63084c3789ee3d,SB_V3_1_MATCHED_U0_E0_IMPLEMENTATION_AND_SERVICE,TT/25C/1.8V,BLOCKED,ME31|MP31_E0_UPSTREAM_ORIGINAL_seed11_I0|physical_fault_probability,physical_fault_probability,E0-UPSTREAM_ORIGINAL-seed11,NOT_AVAILABLE,SKY130HD_WITH_SRAM22_RESEARCH_MACROS,STRUCTURAL_MISSINGNESS,probability,,read_dominant,V3_1_PHYSICAL_POPULATION,fb2aa6861d2f2203a3e1d622ed68d85d0658228d9621419453c98c4fe071605e,"OpenROAD-flow-scripts SKY130HD, frozen image sha256:f05cee3219a02f26289f02f00e11a3fc986ab51a482a0000a2da810cda219a6e",aa3f5945ea6f76d5cd471acf06d9aacb29f5a7331f7e19a0957a35b6d4ffcb4a,e38b1f590237cf3f4f247268476991ab784c581d07d800e0f395e01c9d9971e8,d414d57ee0438a1610b4435dd8b61422d00ba6eb98ac960f7c11f411a178f4be,da0025a410d64c1269ecbd5ff84776ca43ceafafdd2bde924d4b1d5217eaf67b
physical topology probabilities and exact cell mapping are unavailable,repository provenance; no external numeric substitution,2026-09-08/v3.1.0,MP31|E0|UPSTREAM_ORIGINAL|seed11|I0,UNAVAILABLE,E0,d70181dc199692bcd152a8192a5a43825e6a9c19c95860e16c8bdcb3aee5eab7,0331bd0c05c8fd41e5be525d375b87b113124f5cf339ef15cc63084c3789ee3d,SB_V3_1_MATCHED_U0_E0_IMPLEMENTATION_AND_SERVICE,TT/25C/1.8V,BLOCKED,ME31|MP31_E0_UPSTREAM_ORIGINAL_seed11_I0|physical_sdc_probability,physical_sdc_probability,E0-UPSTREAM_ORIGINAL-seed11,NOT_AVAILABLE,SKY130HD_WITH_SRAM22_RESEARCH_MACROS,STRUCTURAL_MISSINGNESS,probability,,read_dominant,V3_1_PHYSICAL_POPULATION,fb2aa6861d2f2203a3e1d622ed68d85d0658228d9621419453c98c4fe071605e,"OpenROAD-flow-scripts SKY130HD, frozen image sha256:f05cee3219a02f26289f02f00e11a3fc986ab51a482a0000a2da810cda219a6e",aa3f5945ea6f76d5cd471acf06d9aacb29f5a7331f7e19a0957a35b6d4ffcb4a,e38b1f590237cf3f4f247268476991ab784c581d07d800e0f395e01c9d9971e8,d414d57ee0438a1610b4435dd8b61422d00ba6eb98ac960f7c11f411a178f4be,da0025a410d64c1269ecbd5ff84776ca43ceafafdd2bde924d4b1d5217eaf67b
physical topology probabilities and exact cell mapping are unavailable,repository provenance; no external numeric substitution,2026-09-08/v3.1.0,MP31|E0|UPSTREAM_ORIGINAL|seed11|I0,UNAVAILABLE,E0,d70181dc199692bcd152a8192a5a43825e6a9c19c95860e16c8bdcb3aee5eab7,0331bd0c05c8fd41e5be525d375b87b113124f5cf339ef15cc63084c3789ee3d,SB_V3_1_MATCHED_U0_E0_IMPLEMENTATION_AND_SERVICE,TT/25C/1.8V,BLOCKED,ME31|MP31_E0_UPSTREAM_ORIGINAL_seed11_I0|physical_due_probability,physical_due_probability,E0-UPSTREAM_ORIGINAL-seed11,NOT_AVAILABLE,SKY130HD_WITH_SRAM22_RESEARCH_MACROS,STRUCTURAL_MISSINGNESS,probability,,read_dominant,V3_1_PHYSICAL_POPULATION,fb2aa6861d2f2203a3e1d622ed68d85d0658228d9621419453c98c4fe071605e,"OpenROAD-flow-scripts SKY130HD, frozen image sha256:f05cee3219a02f26289f02f00e11a3fc986ab51a482a0000a2da810cda219a6e",aa3f5945ea6f76d5cd471acf06d9aacb29f5a7331f7e19a0957a35b6d4ffcb4a,e38b1f590237cf3f4f247268476991ab784c581d07d800e0f395e01c9d9971e8,d414d57ee0438a1610b4435dd8b61422d00ba6eb98ac960f7c11f411a178f4be,da0025a410d64c1269ecbd5ff84776ca43ceafafdd2bde924d4b1d5217eaf67b
no qualified event rate; logical enumeration is not FIT,repository provenance; no external numeric substitution,2026-09-08/v3.1.0,MP31|E0|UPSTREAM_ORIGINAL|seed11|I0,UNAVAILABLE,E0,d70181dc199692bcd152a8192a5a43825e6a9c19c95860e16c8bdcb3aee5eab7,0331bd0c05c8fd41e5be525d375b87b113124f5cf339ef15cc63084c3789ee3d,SB_V3_1_MATCHED_U0_E0_IMPLEMENTATION_AND_SERVICE,TT/25C/1.8V,BLOCKED,ME31|MP31_E0_UPSTREAM_ORIGINAL_seed11_I0|fit,fit,E0-UPSTREAM_ORIGINAL-seed11,NOT_AVAILABLE,SKY130HD_WITH_SRAM22_RESEARCH_MACROS,STRUCTURAL_MISSINGNESS,FIT,,read_dominant,V3_1_PHYSICAL_POPULATION,fb2aa6861d2f2203a3e1d622ed68d85d0658228d9621419453c98c4fe071605e,"OpenROAD-flow-scripts SKY130HD, frozen image sha256:f05cee3219a02f26289f02f00e11a3fc986ab51a482a0000a2da810cda219a6e",aa3f5945ea6f76d5cd471acf06d9aacb29f5a7331f7e19a0957a35b6d4ffcb4a,e38b1f590237cf3f4f247268476991ab784c581d07d800e0f395e01c9d9971e8,d414d57ee0438a1610b4435dd8b61422d00ba6eb98ac960f7c11f411a178f4be,da0025a410d64c1269ecbd5ff84776ca43ceafafdd2bde924d4b1d5217eaf67b
"I1/I2 are proposals, not routed implementations",repository provenance; no external numeric substitution,2026-09-08/v3.1.0,MP31|E0|UPSTREAM_ORIGINAL|seed11|I0,UNAVAILABLE,E0,d70181dc199692bcd152a8192a5a43825e6a9c19c95860e16c8bdcb3aee5eab7,0331bd0c05c8fd41e5be525d375b87b113124f5cf339ef15cc63084c3789ee3d,SB_V3_1_MATCHED_U0_E0_IMPLEMENTATION_AND_SERVICE,TT/25C/1.8V,BLOCKED,ME31|MP31_E0_UPSTREAM_ORIGINAL_seed11_I0|implemented_nontrivial_interleaver_overhead,implemented_nontrivial_interleaver_overhead,E0-UPSTREAM_ORIGINAL-seed11,NOT_AVAILABLE,SKY130HD_WITH_SRAM22_RESEARCH_MACROS,STRUCTURAL_MISSINGNESS,um2,,read_dominant,V3_1_PHYSICAL_POPULATION,fb2aa6861d2f2203a3e1d622ed68d85d0658228d9621419453c98c4fe071605e,"OpenROAD-flow-scripts SKY130HD, frozen image sha256:f05cee3219a02f26289f02f00e11a3fc986ab51a482a0000a2da810cda219a6e",aa3f5945ea6f76d5cd471acf06d9aacb29f5a7331f7e19a0957a35b6d4ffcb4a,e38b1f590237cf3f4f247268476991ab784c581d07d800e0f395e01c9d9971e8,d414d57ee0438a1610b4435dd8b61422d00ba6eb98ac960f7c11f411a178f4be,da0025a410d64c1269ecbd5ff84776ca43ceafafdd2bde924d4b1d5217eaf67b
matched SKY130 manufacturing inventory is unavailable,repository provenance; no external numeric substitution,2026-09-08/v3.1.0,MP31|E0|UPSTREAM_ORIGINAL|seed11|I0,UNAVAILABLE,E0,d70181dc199692bcd152a8192a5a43825e6a9c19c95860e16c8bdcb3aee5eab7,0331bd0c05c8fd41e5be525d375b87b113124f5cf339ef15cc63084c3789ee3d,SB_V3_1_MATCHED_U0_E0_IMPLEMENTATION_AND_SERVICE,TT/25C/1.8V,BLOCKED,ME31|MP31_E0_UPSTREAM_ORIGINAL_seed11_I0|manufacturing_carbon_kgco2e,manufacturing_carbon_kgco2e,E0-UPSTREAM_ORIGINAL-seed11,NOT_AVAILABLE,SKY130HD_WITH_SRAM22_RESEARCH_MACROS,STRUCTURAL_MISSINGNESS,kgCO2e,,read_dominant,V3_1_PHYSICAL_POPULATION,fb2aa6861d2f2203a3e1d622ed68d85d0658228d9621419453c98c4fe071605e,"OpenROAD-flow-scripts SKY130HD, frozen image sha256:f05cee3219a02f26289f02f00e11a3fc986ab51a482a0000a2da810cda219a6e",aa3f5945ea6f76d5cd471acf06d9aacb29f5a7331f7e19a0957a35b6d4ffcb4a,e38b1f590237cf3f4f247268476991ab784c581d07d800e0f395e01c9d9971e8,d414d57ee0438a1610b4435dd8b61422d00ba6eb98ac960f7c11f411a178f4be,da0025a410d64c1269ecbd5ff84776ca43ceafafdd2bde924d4b1d5217eaf67b
lifecycle carbon and physical correct-service probability are unavailable,repository provenance; no external numeric substitution,2026-09-08/v3.1.0,MP31|E0|UPSTREAM_ORIGINAL|seed11|I0,UNAVAILABLE,E0,d70181dc199692bcd152a8192a5a43825e6a9c19c95860e16c8bdcb3aee5eab7,0331bd0c05c8fd41e5be525d375b87b113124f5cf339ef15cc63084c3789ee3d,SB_V3_1_MATCHED_U0_E0_IMPLEMENTATION_AND_SERVICE,TT/25C/1.8V,BLOCKED,ME31|MP31_E0_UPSTREAM_ORIGINAL_seed11_I0|csci_kgco2e_per_correct_service,csci_kgco2e_per_correct_service,E0-UPSTREAM_ORIGINAL-seed11,NOT_AVAILABLE,SKY130HD_WITH_SRAM22_RESEARCH_MACROS,STRUCTURAL_MISSINGNESS,kgCO2e_per_correct_service,,read_dominant,V3_1_PHYSICAL_POPULATION,fb2aa6861d2f2203a3e1d622ed68d85d0658228d9621419453c98c4fe071605e,"OpenROAD-flow-scripts SKY130HD, frozen image sha256:f05cee3219a02f26289f02f00e11a3fc986ab51a482a0000a2da810cda219a6e",aa3f5945ea6f76d5cd471acf06d9aacb29f5a7331f7e19a0957a35b6d4ffcb4a,e38b1f590237cf3f4f247268476991ab784c581d07d800e0f395e01c9d9971e8,d414d57ee0438a1610b4435dd8b61422d00ba6eb98ac960f7c11f411a178f4be,da0025a410d64c1269ecbd5ff84776ca43ceafafdd2bde924d4b1d5217eaf67b
matched lifecycle carbon and physical correct-service counts are unavailable,repository provenance; no external numeric substitution,2026-09-08/v3.1.0,MP31|E0|UPSTREAM_ORIGINAL|seed11|I0,UNAVAILABLE,E0,d70181dc199692bcd152a8192a5a43825e6a9c19c95860e16c8bdcb3aee5eab7,0331bd0c05c8fd41e5be525d375b87b113124f5cf339ef15cc63084c3789ee3d,SB_V3_1_MATCHED_U0_E0_IMPLEMENTATION_AND_SERVICE,TT/25C/1.8V,BLOCKED,ME31|MP31_E0_UPSTREAM_ORIGINAL_seed11_I0|mrcc_kgco2e_per_additional_correct_service,mrcc_kgco2e_per_additional_correct_service,E0-UPSTREAM_ORIGINAL-seed11,NOT_AVAILABLE,SKY130HD_WITH_SRAM22_RESEARCH_MACROS,STRUCTURAL_MISSINGNESS,kgCO2e_per_additional_correct_service,,read_dominant,V3_1_PHYSICAL_POPULATION,fb2aa6861d2f2203a3e1d622ed68d85d0658228d9621419453c98c4fe071605e,"OpenROAD-flow-scripts SKY130HD, frozen image sha256:f05cee3219a02f26289f02f00e11a3fc986ab51a482a0000a2da810cda219a6e",aa3f5945ea6f76d5cd471acf06d9aacb29f5a7331f7e19a0957a35b6d4ffcb4a,e38b1f590237cf3f4f247268476991ab784c581d07d800e0f395e01c9d9971e8,d414d57ee0438a1610b4435dd8b61422d00ba6eb98ac960f7c11f411a178f4be,da0025a410d64c1269ecbd5ff84776ca43ceafafdd2bde924d4b1d5217eaf67b
no saturated architecture-level traffic experiment with backpressure,repository provenance; no external numeric substitution,2026-09-08/v3.1.0,MP31|E0|UPSTREAM_ORIGINAL|seed11|I0,UNAVAILABLE,E0,d70181dc199692bcd152a8192a5a43825e6a9c19c95860e16c8bdcb3aee5eab7,0331bd0c05c8fd41e5be525d375b87b113124f5cf339ef15cc63084c3789ee3d,SB_V3_1_MATCHED_U0_E0_IMPLEMENTATION_AND_SERVICE,TT/25C/1.8V,BLOCKED,ME31|MP31_E0_UPSTREAM_ORIGINAL_seed11_I0|maximum_sustainable_throughput_services_per_s,maximum_sustainable_throughput_services_per_s,E0-UPSTREAM_ORIGINAL-seed11,NOT_AVAILABLE,SKY130HD_WITH_SRAM22_RESEARCH_MACROS,STRUCTURAL_MISSINGNESS,services_per_s,,read_dominant,V3_1_PHYSICAL_POPULATION,fb2aa6861d2f2203a3e1d622ed68d85d0658228d9621419453c98c4fe071605e,"OpenROAD-flow-scripts SKY130HD, frozen image sha256:f05cee3219a02f26289f02f00e11a3fc986ab51a482a0000a2da810cda219a6e",aa3f5945ea6f76d5cd471acf06d9aacb29f5a7331f7e19a0957a35b6d4ffcb4a,e38b1f590237cf3f4f247268476991ab784c581d07d800e0f395e01c9d9971e8,d414d57ee0438a1610b4435dd8b61422d00ba6eb98ac960f7c11f411a178f4be,da0025a410d64c1269ecbd5ff84776ca43ceafafdd2bde924d4b1d5217eaf67b
,repository provenance; no external numeric substitution,2026-09-08/v3.1.0,MP31|E0|UPSTREAM_ORIGINAL|seed11|I0,ANALYTICAL,E3,291fe5039cb4ae2d843e28df1ca0237a36a428dfa0d047c13b88646e50f8c893,0331bd0c05c8fd41e5be525d375b87b113124f5cf339ef15cc63084c3789ee3d,SB_V3_1_MATCHED_U0_E0_IMPLEMENTATION_AND_SERVICE,TT/25C/1.8V,QUALIFIED_RTL_ACTIVITY_TRACE,ME31|MP31_E0_UPSTREAM_ORIGINAL_seed11_I0|activity_trace_sha256,activity_trace_sha256,E0-UPSTREAM_ORIGINAL-seed11,DETERMINISTIC_RTL_SIMULATION,SKY130HD_WITH_SRAM22_RESEARCH_MACROS,DETERMINISTIC_RTL_CONTRACT,sha256,da0025a410d64c1269ecbd5ff84776ca43ceafafdd2bde924d4b1d5217eaf67b,read_dominant,V3_1_PHYSICAL_POPULATION,fb2aa6861d2f2203a3e1d622ed68d85d0658228d9621419453c98c4fe071605e,"OpenROAD-flow-scripts SKY130HD, frozen image sha256:f05cee3219a02f26289f02f00e11a3fc986ab51a482a0000a2da810cda219a6e",aa3f5945ea6f76d5cd471acf06d9aacb29f5a7331f7e19a0957a35b6d4ffcb4a,e38b1f590237cf3f4f247268476991ab784c581d07d800e0f395e01c9d9971e8,d414d57ee0438a1610b4435dd8b61422d00ba6eb98ac960f7c11f411a178f4be,da0025a410d64c1269ecbd5ff84776ca43ceafafdd2bde924d4b1d5217eaf67b
"[""unannotated gate pins and synthesis-name mismatch"",""no mapped glitch-aware gate simulation"",""no independent read/write-conditioned macro power validation"",""encoder/decoder/control power partition unavailable""]",repository provenance; no external numeric substitution,2026-09-08/v3.1.0,MP31|E0|UPSTREAM_ORIGINAL|seed11|I0,POST_ROUTE_ESTIMATE,E4,d70181dc199692bcd152a8192a5a43825e6a9c19c95860e16c8bdcb3aee5eab7,0331bd0c05c8fd41e5be525d375b87b113124f5cf339ef15cc63084c3789ee3d,SB_V3_1_MATCHED_U0_E0_IMPLEMENTATION_AND_SERVICE,TT/25C/1.8V,DIAGNOSTIC_ONLY,ME31|MP31_E0_UPSTREAM_ORIGINAL_seed11_I0|activity_coverage_fraction,activity_coverage_fraction,E0-UPSTREAM_ORIGINAL-seed11,PARTIAL_RTL_ACTIVITY_ANNOTATED_POST_ROUTE_TOOL,SKY130HD_WITH_SRAM22_RESEARCH_MACROS,FIVE_IMPLEMENTATION_SEEDS,fraction,0.043451652386780906,read_dominant,V3_1_PHYSICAL_POPULATION,fb2aa6861d2f2203a3e1d622ed68d85d0658228d9621419453c98c4fe071605e,"OpenROAD-flow-scripts SKY130HD, frozen image sha256:f05cee3219a02f26289f02f00e11a3fc986ab51a482a0000a2da810cda219a6e",aa3f5945ea6f76d5cd471acf06d9aacb29f5a7331f7e19a0957a35b6d4ffcb4a,e38b1f590237cf3f4f247268476991ab784c581d07d800e0f395e01c9d9971e8,d414d57ee0438a1610b4435dd8b61422d00ba6eb98ac960f7c11f411a178f4be,da0025a410d64c1269ecbd5ff84776ca43ceafafdd2bde924d4b1d5217eaf67b
"[""unannotated gate pins and synthesis-name mismatch"",""no mapped glitch-aware gate simulation"",""no independent read/write-conditioned macro power validation"",""encoder/decoder/control power partition unavailable""]",repository provenance; no external numeric substitution,2026-09-08/v3.1.0,MP31|E0|UPSTREAM_ORIGINAL|seed11|I0,POST_ROUTE_ESTIMATE,E4,d70181dc199692bcd152a8192a5a43825e6a9c19c95860e16c8bdcb3aee5eab7,0331bd0c05c8fd41e5be525d375b87b113124f5cf339ef15cc63084c3789ee3d,SB_V3_1_MATCHED_U0_E0_IMPLEMENTATION_AND_SERVICE,TT/25C/1.8V,DIAGNOSTIC_ONLY_NOT_E5,ME31|MP31_E0_UPSTREAM_ORIGINAL_seed11_I0|diagnostic_internal_energy_per_requested_service_j,diagnostic_internal_energy_per_requested_service_j,E0-UPSTREAM_ORIGINAL-seed11,DERIVED_FROM_PARTIALLY_ANNOTATED_POST_ROUTE_POWER,SKY130HD_WITH_SRAM22_RESEARCH_MACROS,FIVE_IMPLEMENTATION_SEEDS,J_per_requested_service,3.337531816214e-11,read_dominant,V3_1_PHYSICAL_POPULATION,fb2aa6861d2f2203a3e1d622ed68d85d0658228d9621419453c98c4fe071605e,"OpenROAD-flow-scripts SKY130HD, frozen image sha256:f05cee3219a02f26289f02f00e11a3fc986ab51a482a0000a2da810cda219a6e",aa3f5945ea6f76d5cd471acf06d9aacb29f5a7331f7e19a0957a35b6d4ffcb4a,e38b1f590237cf3f4f247268476991ab784c581d07d800e0f395e01c9d9971e8,d414d57ee0438a1610b4435dd8b61422d00ba6eb98ac960f7c11f411a178f4be,da0025a410d64c1269ecbd5ff84776ca43ceafafdd2bde924d4b1d5217eaf67b
"[""unannotated gate pins and synthesis-name mismatch"",""no mapped glitch-aware gate simulation"",""no independent read/write-conditioned macro power validation"",""encoder/decoder/control power partition unavailable""]",repository provenance; no external numeric substitution,2026-09-08/v3.1.0,MP31|E0|UPSTREAM_ORIGINAL|seed11|I0,POST_ROUTE_ESTIMATE,E4,d70181dc199692bcd152a8192a5a43825e6a9c19c95860e16c8bdcb3aee5eab7,0331bd0c05c8fd41e5be525d375b87b113124f5cf339ef15cc63084c3789ee3d,SB_V3_1_MATCHED_U0_E0_IMPLEMENTATION_AND_SERVICE,TT/25C/1.8V,DIAGNOSTIC_ONLY_NOT_E5,ME31|MP31_E0_UPSTREAM_ORIGINAL_seed11_I0|diagnostic_switching_energy_per_requested_service_j,diagnostic_switching_energy_per_requested_service_j,E0-UPSTREAM_ORIGINAL-seed11,DERIVED_FROM_PARTIALLY_ANNOTATED_POST_ROUTE_POWER,SKY130HD_WITH_SRAM22_RESEARCH_MACROS,FIVE_IMPLEMENTATION_SEEDS,J_per_requested_service,2.1575933787970002e-11,read_dominant,V3_1_PHYSICAL_POPULATION,fb2aa6861d2f2203a3e1d622ed68d85d0658228d9621419453c98c4fe071605e,"OpenROAD-flow-scripts SKY130HD, frozen image sha256:f05cee3219a02f26289f02f00e11a3fc986ab51a482a0000a2da810cda219a6e",aa3f5945ea6f76d5cd471acf06d9aacb29f5a7331f7e19a0957a35b6d4ffcb4a,e38b1f590237cf3f4f247268476991ab784c581d07d800e0f395e01c9d9971e8,d414d57ee0438a1610b4435dd8b61422d00ba6eb98ac960f7c11f411a178f4be,da0025a410d64c1269ecbd5ff84776ca43ceafafdd2bde924d4b1d5217eaf67b
"[""unannotated gate pins and synthesis-name mismatch"",""no mapped glitch-aware gate simulation"",""no independent read/write-conditioned macro power validation"",""encoder/decoder/control power partition unavailable""]",repository provenance; no external numeric substitution,2026-09-08/v3.1.0,MP31|E0|UPSTREAM_ORIGINAL|seed11|I0,POST_ROUTE_ESTIMATE,E4,d70181dc199692bcd152a8192a5a43825e6a9c19c95860e16c8bdcb3aee5eab7,0331bd0c05c8fd41e5be525d375b87b113124f5cf339ef15cc63084c3789ee3d,SB_V3_1_MATCHED_U0_E0_IMPLEMENTATION_AND_SERVICE,TT/25C/1.8V,DIAGNOSTIC_ONLY_NOT_E5,ME31|MP31_E0_UPSTREAM_ORIGINAL_seed11_I0|diagnostic_leakage_energy_per_requested_service_j,diagnostic_leakage_energy_per_requested_service_j,E0-UPSTREAM_ORIGINAL-seed11,DERIVED_FROM_PARTIALLY_ANNOTATED_POST_ROUTE_POWER,SKY130HD_WITH_SRAM22_RESEARCH_MACROS,FIVE_IMPLEMENTATION_SEEDS,J_per_requested_service,7.34514458145e-15,read_dominant,V3_1_PHYSICAL_POPULATION,fb2aa6861d2f2203a3e1d622ed68d85d0658228d9621419453c98c4fe071605e,"OpenROAD-flow-scripts SKY130HD, frozen image sha256:f05cee3219a02f26289f02f00e11a3fc986ab51a482a0000a2da810cda219a6e",aa3f5945ea6f76d5cd471acf06d9aacb29f5a7331f7e19a0957a35b6d4ffcb4a,e38b1f590237cf3f4f247268476991ab784c581d07d800e0f395e01c9d9971e8,d414d57ee0438a1610b4435dd8b61422d00ba6eb98ac960f7c11f411a178f4be,da0025a410d64c1269ecbd5ff84776ca43ceafafdd2bde924d4b1d5217eaf67b
"[""unannotated gate pins and synthesis-name mismatch"",""no mapped glitch-aware gate simulation"",""no independent read/write-conditioned macro power validation"",""encoder/decoder/control power partition unavailable""]",repository provenance; no external numeric substitution,2026-09-08/v3.1.0,MP31|E0|UPSTREAM_ORIGINAL|seed11|I0,POST_ROUTE_ESTIMATE,E4,d70181dc199692bcd152a8192a5a43825e6a9c19c95860e16c8bdcb3aee5eab7,0331bd0c05c8fd41e5be525d375b87b113124f5cf339ef15cc63084c3789ee3d,SB_V3_1_MATCHED_U0_E0_IMPLEMENTATION_AND_SERVICE,TT/25C/1.8V,DIAGNOSTIC_ONLY_NOT_E5,ME31|MP31_E0_UPSTREAM_ORIGINAL_seed11_I0|diagnostic_total_energy_per_requested_service_j,diagnostic_total_energy_per_requested_service_j,E0-UPSTREAM_ORIGINAL-seed11,DERIVED_FROM_PARTIALLY_ANNOTATED_POST_ROUTE_POWER,SKY130HD_WITH_SRAM22_RESEARCH_MACROS,FIVE_IMPLEMENTATION_SEEDS,J_per_requested_service,5.495859775692e-11,read_dominant,V3_1_PHYSICAL_POPULATION,fb2aa6861d2f2203a3e1d622ed68d85d0658228d9621419453c98c4fe071605e,"OpenROAD-flow-scripts SKY130HD, frozen image sha256:f05cee3219a02f26289f02f00e11a3fc986ab51a482a0000a2da810cda219a6e",aa3f5945ea6f76d5cd471acf06d9aacb29f5a7331f7e19a0957a35b6d4ffcb4a,e38b1f590237cf3f4f247268476991ab784c581d07d800e0f395e01c9d9971e8,d414d57ee0438a1610b4435dd8b61422d00ba6eb98ac960f7c11f411a178f4be,da0025a410d64c1269ecbd5ff84776ca43ceafafdd2bde924d4b1d5217eaf67b
residual SRAM input-transition violations prevent signoff qualification,repository provenance; no external numeric substitution,2026-09-08/v3.1.0,MP31|U0|UPSTREAM_ORIGINAL|seed13|I0,POST_ROUTE_ESTIMATE,E4,d70181dc199692bcd152a8192a5a43825e6a9c19c95860e16c8bdcb3aee5eab7,dc5e2d90770996b06d47b517db0f21b7d35be60d3f55d836b2818f4ed20091e5,SB_V3_1_MATCHED_U0_E0_IMPLEMENTATION_AND_SERVICE,TT/25C/1.8V,DIAGNOSTIC_ONLY,ME31|MP31_U0_UPSTREAM_ORIGINAL_seed13_I0|routed_total_area_um2,routed_total_area_um2,U0-UPSTREAM_ORIGINAL-seed13,MATCHED_POST_ROUTE_TOOL,SKY130HD_WITH_SRAM22_RESEARCH_MACROS,FIVE_IMPLEMENTATION_SEEDS,um2,206833,read_dominant,V3_1_PHYSICAL_POPULATION,90db8ba99880047f277844cef511ea59a9072f0c0ec89101342a14f37f9bfb31,"OpenROAD-flow-scripts SKY130HD, frozen image sha256:f05cee3219a02f26289f02f00e11a3fc986ab51a482a0000a2da810cda219a6e",9c3815a782be62795be0b7cf4eb467032c2bb0c36d6af77984fa1ad46b732830,83b9951d04766eeb85d673794aefe8a3b540af1686222a1a5017cb62e27a31ad,,
residual SRAM input-transition violations prevent signoff qualification,repository provenance; no external numeric substitution,2026-09-08/v3.1.0,MP31|U0|UPSTREAM_ORIGINAL|seed13|I0,POST_ROUTE_ESTIMATE,E4,d70181dc199692bcd152a8192a5a43825e6a9c19c95860e16c8bdcb3aee5eab7,dc5e2d90770996b06d47b517db0f21b7d35be60d3f55d836b2818f4ed20091e5,SB_V3_1_MATCHED_U0_E0_IMPLEMENTATION_AND_SERVICE,TT/25C/1.8V,DIAGNOSTIC_ONLY,ME31|MP31_U0_UPSTREAM_ORIGINAL_seed13_I0|wirelength_um,wirelength_um,U0-UPSTREAM_ORIGINAL-seed13,MATCHED_POST_ROUTE_TOOL,SKY130HD_WITH_SRAM22_RESEARCH_MACROS,FIVE_IMPLEMENTATION_SEEDS,um,22183,read_dominant,V3_1_PHYSICAL_POPULATION,90db8ba99880047f277844cef511ea59a9072f0c0ec89101342a14f37f9bfb31,"OpenROAD-flow-scripts SKY130HD, frozen image sha256:f05cee3219a02f26289f02f00e11a3fc986ab51a482a0000a2da810cda219a6e",9c3815a782be62795be0b7cf4eb467032c2bb0c36d6af77984fa1ad46b732830,83b9951d04766eeb85d673794aefe8a3b540af1686222a1a5017cb62e27a31ad,,
residual SRAM input-transition violations prevent signoff qualification,repository provenance; no external numeric substitution,2026-09-08/v3.1.0,MP31|U0|UPSTREAM_ORIGINAL|seed13|I0,POST_ROUTE_ESTIMATE,E4,d70181dc199692bcd152a8192a5a43825e6a9c19c95860e16c8bdcb3aee5eab7,dc5e2d90770996b06d47b517db0f21b7d35be60d3f55d836b2818f4ed20091e5,SB_V3_1_MATCHED_U0_E0_IMPLEMENTATION_AND_SERVICE,TT/25C/1.8V,DIAGNOSTIC_ONLY,ME31|MP31_U0_UPSTREAM_ORIGINAL_seed13_I0|via_count,via_count,U0-UPSTREAM_ORIGINAL-seed13,MATCHED_POST_ROUTE_TOOL,SKY130HD_WITH_SRAM22_RESEARCH_MACROS,FIVE_IMPLEMENTATION_SEEDS,count,1124,read_dominant,V3_1_PHYSICAL_POPULATION,90db8ba99880047f277844cef511ea59a9072f0c0ec89101342a14f37f9bfb31,"OpenROAD-flow-scripts SKY130HD, frozen image sha256:f05cee3219a02f26289f02f00e11a3fc986ab51a482a0000a2da810cda219a6e",9c3815a782be62795be0b7cf4eb467032c2bb0c36d6af77984fa1ad46b732830,83b9951d04766eeb85d673794aefe8a3b540af1686222a1a5017cb62e27a31ad,,
residual SRAM input-transition violations prevent signoff qualification,repository provenance; no external numeric substitution,2026-09-08/v3.1.0,MP31|U0|UPSTREAM_ORIGINAL|seed13|I0,POST_ROUTE_ESTIMATE,E4,d70181dc199692bcd152a8192a5a43825e6a9c19c95860e16c8bdcb3aee5eab7,dc5e2d90770996b06d47b517db0f21b7d35be60d3f55d836b2818f4ed20091e5,SB_V3_1_MATCHED_U0_E0_IMPLEMENTATION_AND_SERVICE,TT/25C/1.8V,DIAGNOSTIC_ONLY,ME31|MP31_U0_UPSTREAM_ORIGINAL_seed13_I0|power_internal_w,power_internal_w,U0-UPSTREAM_ORIGINAL-seed13,MATCHED_POST_ROUTE_TOOL,SKY130HD_WITH_SRAM22_RESEARCH_MACROS,FIVE_IMPLEMENTATION_SEEDS,W,0.000772798,read_dominant,V3_1_PHYSICAL_POPULATION,90db8ba99880047f277844cef511ea59a9072f0c0ec89101342a14f37f9bfb31,"OpenROAD-flow-scripts SKY130HD, frozen image sha256:f05cee3219a02f26289f02f00e11a3fc986ab51a482a0000a2da810cda219a6e",9c3815a782be62795be0b7cf4eb467032c2bb0c36d6af77984fa1ad46b732830,83b9951d04766eeb85d673794aefe8a3b540af1686222a1a5017cb62e27a31ad,,
residual SRAM input-transition violations prevent signoff qualification,repository provenance; no external numeric substitution,2026-09-08/v3.1.0,MP31|U0|UPSTREAM_ORIGINAL|seed13|I0,POST_ROUTE_ESTIMATE,E4,d70181dc199692bcd152a8192a5a43825e6a9c19c95860e16c8bdcb3aee5eab7,dc5e2d90770996b06d47b517db0f21b7d35be60d3f55d836b2818f4ed20091e5,SB_V3_1_MATCHED_U0_E0_IMPLEMENTATION_AND_SERVICE,TT/25C/1.8V,DIAGNOSTIC_ONLY,ME31|MP31_U0_UPSTREAM_ORIGINAL_seed13_I0|power_switching_w,power_switching_w,U0-UPSTREAM_ORIGINAL-seed13,MATCHED_POST_ROUTE_TOOL,SKY130HD_WITH_SRAM22_RESEARCH_MACROS,FIVE_IMPLEMENTATION_SEEDS,W,3.11186e-05,read_dominant,V3_1_PHYSICAL_POPULATION,90db8ba99880047f277844cef511ea59a9072f0c0ec89101342a14f37f9bfb31,"OpenROAD-flow-scripts SKY130HD, frozen image sha256:f05cee3219a02f26289f02f00e11a3fc986ab51a482a0000a2da810cda219a6e",9c3815a782be62795be0b7cf4eb467032c2bb0c36d6af77984fa1ad46b732830,83b9951d04766eeb85d673794aefe8a3b540af1686222a1a5017cb62e27a31ad,,
residual SRAM input-transition violations prevent signoff qualification,repository provenance; no external numeric substitution,2026-09-08/v3.1.0,MP31|U0|UPSTREAM_ORIGINAL|seed13|I0,POST_ROUTE_ESTIMATE,E4,d70181dc199692bcd152a8192a5a43825e6a9c19c95860e16c8bdcb3aee5eab7,dc5e2d90770996b06d47b517db0f21b7d35be60d3f55d836b2818f4ed20091e5,SB_V3_1_MATCHED_U0_E0_IMPLEMENTATION_AND_SERVICE,TT/25C/1.8V,DIAGNOSTIC_ONLY,ME31|MP31_U0_UPSTREAM_ORIGINAL_seed13_I0|power_leakage_w,power_leakage_w,U0-UPSTREAM_ORIGINAL-seed13,MATCHED_POST_ROUTE_TOOL,SKY130HD_WITH_SRAM22_RESEARCH_MACROS,FIVE_IMPLEMENTATION_SEEDS,W,6.42569e-07,read_dominant,V3_1_PHYSICAL_POPULATION,90db8ba99880047f277844cef511ea59a9072f0c0ec89101342a14f37f9bfb31,"OpenROAD-flow-scripts SKY130HD, frozen image sha256:f05cee3219a02f26289f02f00e11a3fc986ab51a482a0000a2da810cda219a6e",9c3815a782be62795be0b7cf4eb467032c2bb0c36d6af77984fa1ad46b732830,83b9951d04766eeb85d673794aefe8a3b540af1686222a1a5017cb62e27a31ad,,
residual SRAM input-transition violations prevent signoff qualification,repository provenance; no external numeric substitution,2026-09-08/v3.1.0,MP31|U0|UPSTREAM_ORIGINAL|seed13|I0,POST_ROUTE_ESTIMATE,E4,d70181dc199692bcd152a8192a5a43825e6a9c19c95860e16c8bdcb3aee5eab7,dc5e2d90770996b06d47b517db0f21b7d35be60d3f55d836b2818f4ed20091e5,SB_V3_1_MATCHED_U0_E0_IMPLEMENTATION_AND_SERVICE,TT/25C/1.8V,DIAGNOSTIC_ONLY,ME31|MP31_U0_UPSTREAM_ORIGINAL_seed13_I0|power_total_vectorless_w,power_total_vectorless_w,U0-UPSTREAM_ORIGINAL-seed13,MATCHED_POST_ROUTE_TOOL,SKY130HD_WITH_SRAM22_RESEARCH_MACROS,FIVE_IMPLEMENTATION_SEEDS,W,0.000804559,read_dominant,V3_1_PHYSICAL_POPULATION,90db8ba99880047f277844cef511ea59a9072f0c0ec89101342a14f37f9bfb31,"OpenROAD-flow-scripts SKY130HD, frozen image sha256:f05cee3219a02f26289f02f00e11a3fc986ab51a482a0000a2da810cda219a6e",9c3815a782be62795be0b7cf4eb467032c2bb0c36d6af77984fa1ad46b732830,83b9951d04766eeb85d673794aefe8a3b540af1686222a1a5017cb62e27a31ad,,
residual SRAM input-transition violations prevent signoff qualification,repository provenance; no external numeric substitution,2026-09-08/v3.1.0,MP31|U0|UPSTREAM_ORIGINAL|seed13|I0,POST_ROUTE_ESTIMATE,E4,d70181dc199692bcd152a8192a5a43825e6a9c19c95860e16c8bdcb3aee5eab7,dc5e2d90770996b06d47b517db0f21b7d35be60d3f55d836b2818f4ed20091e5,SB_V3_1_MATCHED_U0_E0_IMPLEMENTATION_AND_SERVICE,TT/25C/1.8V,DIAGNOSTIC_ONLY,ME31|MP31_U0_UPSTREAM_ORIGINAL_seed13_I0|setup_wns_ns,setup_wns_ns,U0-UPSTREAM_ORIGINAL-seed13,MATCHED_POST_ROUTE_TOOL,SKY130HD_WITH_SRAM22_RESEARCH_MACROS,FIVE_IMPLEMENTATION_SEEDS,ns,4.4588,read_dominant,V3_1_PHYSICAL_POPULATION,90db8ba99880047f277844cef511ea59a9072f0c0ec89101342a14f37f9bfb31,"OpenROAD-flow-scripts SKY130HD, frozen image sha256:f05cee3219a02f26289f02f00e11a3fc986ab51a482a0000a2da810cda219a6e",9c3815a782be62795be0b7cf4eb467032c2bb0c36d6af77984fa1ad46b732830,83b9951d04766eeb85d673794aefe8a3b540af1686222a1a5017cb62e27a31ad,,
residual SRAM input-transition violations prevent signoff qualification,repository provenance; no external numeric substitution,2026-09-08/v3.1.0,MP31|U0|UPSTREAM_ORIGINAL|seed13|I0,POST_ROUTE_ESTIMATE,E4,d70181dc199692bcd152a8192a5a43825e6a9c19c95860e16c8bdcb3aee5eab7,dc5e2d90770996b06d47b517db0f21b7d35be60d3f55d836b2818f4ed20091e5,SB_V3_1_MATCHED_U0_E0_IMPLEMENTATION_AND_SERVICE,TT/25C/1.8V,DIAGNOSTIC_ONLY,ME31|MP31_U0_UPSTREAM_ORIGINAL_seed13_I0|hold_wns_ns,hold_wns_ns,U0-UPSTREAM_ORIGINAL-seed13,MATCHED_POST_ROUTE_TOOL,SKY130HD_WITH_SRAM22_RESEARCH_MACROS,FIVE_IMPLEMENTATION_SEEDS,ns,0.0275344,read_dominant,V3_1_PHYSICAL_POPULATION,90db8ba99880047f277844cef511ea59a9072f0c0ec89101342a14f37f9bfb31,"OpenROAD-flow-scripts SKY130HD, frozen image sha256:f05cee3219a02f26289f02f00e11a3fc986ab51a482a0000a2da810cda219a6e",9c3815a782be62795be0b7cf4eb467032c2bb0c36d6af77984fa1ad46b732830,83b9951d04766eeb85d673794aefe8a3b540af1686222a1a5017cb62e27a31ad,,
,repository provenance; no external numeric substitution,2026-09-08/v3.1.0,MP31|U0|UPSTREAM_ORIGINAL|seed13|I0,ANALYTICAL,E3,d70181dc199692bcd152a8192a5a43825e6a9c19c95860e16c8bdcb3aee5eab7,dc5e2d90770996b06d47b517db0f21b7d35be60d3f55d836b2818f4ed20091e5,SB_V3_1_MATCHED_U0_E0_IMPLEMENTATION_AND_SERVICE,TT/25C/1.8V,QUALIFIED_WITHIN_DECLARED_RTL_BOUNDARY,ME31|MP31_U0_UPSTREAM_ORIGINAL_seed13_I0|registered_service_latency_s,registered_service_latency_s,U0-UPSTREAM_ORIGINAL-seed13,RTL_CONTRACT_AND_EXACT_LOGICAL_MODEL,SKY130HD_WITH_SRAM22_RESEARCH_MACROS,DETERMINISTIC_RTL_CONTRACT,s,1e-08,read_dominant,V3_1_PHYSICAL_POPULATION,90db8ba99880047f277844cef511ea59a9072f0c0ec89101342a14f37f9bfb31,"OpenROAD-flow-scripts SKY130HD, frozen image sha256:f05cee3219a02f26289f02f00e11a3fc986ab51a482a0000a2da810cda219a6e",9c3815a782be62795be0b7cf4eb467032c2bb0c36d6af77984fa1ad46b732830,83b9951d04766eeb85d673794aefe8a3b540af1686222a1a5017cb62e27a31ad,,
,repository provenance; no external numeric substitution,2026-09-08/v3.1.0,MP31|U0|UPSTREAM_ORIGINAL|seed13|I0,ANALYTICAL,E3,d70181dc199692bcd152a8192a5a43825e6a9c19c95860e16c8bdcb3aee5eab7,dc5e2d90770996b06d47b517db0f21b7d35be60d3f55d836b2818f4ed20091e5,SB_V3_1_MATCHED_U0_E0_IMPLEMENTATION_AND_SERVICE,TT/25C/1.8V,QUALIFIED_WITHIN_DECLARED_RTL_BOUNDARY,ME31|MP31_U0_UPSTREAM_ORIGINAL_seed13_I0|initiation_interval_cycles,initiation_interval_cycles,U0-UPSTREAM_ORIGINAL-seed13,RTL_CONTRACT_AND_EXACT_LOGICAL_MODEL,SKY130HD_WITH_SRAM22_RESEARCH_MACROS,DETERMINISTIC_RTL_CONTRACT,cycle,1,read_dominant,V3_1_PHYSICAL_POPULATION,90db8ba99880047f277844cef511ea59a9072f0c0ec89101342a14f37f9bfb31,"OpenROAD-flow-scripts SKY130HD, frozen image sha256:f05cee3219a02f26289f02f00e11a3fc986ab51a482a0000a2da810cda219a6e",9c3815a782be62795be0b7cf4eb467032c2bb0c36d6af77984fa1ad46b732830,83b9951d04766eeb85d673794aefe8a3b540af1686222a1a5017cb62e27a31ad,,
,repository provenance; no external numeric substitution,2026-09-08/v3.1.0,MP31|U0|UPSTREAM_ORIGINAL|seed13|I0,ANALYTICAL,E3,d70181dc199692bcd152a8192a5a43825e6a9c19c95860e16c8bdcb3aee5eab7,dc5e2d90770996b06d47b517db0f21b7d35be60d3f55d836b2818f4ed20091e5,SB_V3_1_MATCHED_U0_E0_IMPLEMENTATION_AND_SERVICE,TT/25C/1.8V,QUALIFIED_WITHIN_DECLARED_RTL_BOUNDARY,ME31|MP31_U0_UPSTREAM_ORIGINAL_seed13_I0|nominal_initiation_capacity_services_per_s,nominal_initiation_capacity_services_per_s,U0-UPSTREAM_ORIGINAL-seed13,RTL_CONTRACT_AND_EXACT_LOGICAL_MODEL,SKY130HD_WITH_SRAM22_RESEARCH_MACROS,DETERMINISTIC_RTL_CONTRACT,services_per_s,100000000.0,read_dominant,V3_1_PHYSICAL_POPULATION,90db8ba99880047f277844cef511ea59a9072f0c0ec89101342a14f37f9bfb31,"OpenROAD-flow-scripts SKY130HD, frozen image sha256:f05cee3219a02f26289f02f00e11a3fc986ab51a482a0000a2da810cda219a6e",9c3815a782be62795be0b7cf4eb467032c2bb0c36d6af77984fa1ad46b732830,83b9951d04766eeb85d673794aefe8a3b540af1686222a1a5017cb62e27a31ad,,
,repository provenance; no external numeric substitution,2026-09-08/v3.1.0,MP31|U0|UPSTREAM_ORIGINAL|seed13|I0,ANALYTICAL,E3,d70181dc199692bcd152a8192a5a43825e6a9c19c95860e16c8bdcb3aee5eab7,dc5e2d90770996b06d47b517db0f21b7d35be60d3f55d836b2818f4ed20091e5,SB_V3_1_MATCHED_U0_E0_IMPLEMENTATION_AND_SERVICE,TT/25C/1.8V,QUALIFIED_WITHIN_DECLARED_RTL_BOUNDARY,ME31|MP31_U0_UPSTREAM_ORIGINAL_seed13_I0|conditional_ecc_outcome_model,conditional_ecc_outcome_model,U0-UPSTREAM_ORIGINAL-seed13,RTL_CONTRACT_AND_EXACT_LOGICAL_MODEL,SKY130HD_WITH_SRAM22_RESEARCH_MACROS,DETERMINISTIC_RTL_CONTRACT,mapping,DECODER_REQUIRED_AFTER_PHYSICAL_MAPPING,read_dominant,V3_1_PHYSICAL_POPULATION,90db8ba99880047f277844cef511ea59a9072f0c0ec89101342a14f37f9bfb31,"OpenROAD-flow-scripts SKY130HD, frozen image sha256:f05cee3219a02f26289f02f00e11a3fc986ab51a482a0000a2da810cda219a6e",9c3815a782be62795be0b7cf4eb467032c2bb0c36d6af77984fa1ad46b732830,83b9951d04766eeb85d673794aefe8a3b540af1686222a1a5017cb62e27a31ad,,
does not establish bitcell xy or address-to-cell mapping,repository provenance; no external numeric substitution,2026-09-08/v3.1.0,MP31|U0|UPSTREAM_ORIGINAL|seed13|I0,POST_ROUTE_ESTIMATE,E4,d70181dc199692bcd152a8192a5a43825e6a9c19c95860e16c8bdcb3aee5eab7,dc5e2d90770996b06d47b517db0f21b7d35be60d3f55d836b2818f4ed20091e5,SB_V3_1_MATCHED_U0_E0_IMPLEMENTATION_AND_SERVICE,TT/25C/1.8V,MACRO_LEVEL_ONLY,ME31|MP31_U0_UPSTREAM_ORIGINAL_seed13_I0|macro_placement_geometry,macro_placement_geometry,U0-UPSTREAM_ORIGINAL-seed13,POST_ROUTE_DEF_LEF_AND_SPICE_CONNECTIVITY,SKY130HD_WITH_SRAM22_RESEARCH_MACROS,FIVE_IMPLEMENTATION_SEEDS,mapping,DEF_MACRO_ORIGIN_ORIENTATION_AND_LEF_EXTENT,read_dominant,V3_1_PHYSICAL_POPULATION,90db8ba99880047f277844cef511ea59a9072f0c0ec89101342a14f37f9bfb31,"OpenROAD-flow-scripts SKY130HD, frozen image sha256:f05cee3219a02f26289f02f00e11a3fc986ab51a482a0000a2da810cda219a6e",9c3815a782be62795be0b7cf4eb467032c2bb0c36d6af77984fa1ad46b732830,83b9951d04766eeb85d673794aefe8a3b540af1686222a1a5017cb62e27a31ad,,
complete address/column-select-to-GDS-bitcell map is unavailable,repository provenance; no external numeric substitution,2026-09-08/v3.1.0,MP31|U0|UPSTREAM_ORIGINAL|seed13|I0,UNAVAILABLE,E0,d70181dc199692bcd152a8192a5a43825e6a9c19c95860e16c8bdcb3aee5eab7,dc5e2d90770996b06d47b517db0f21b7d35be60d3f55d836b2818f4ed20091e5,SB_V3_1_MATCHED_U0_E0_IMPLEMENTATION_AND_SERVICE,TT/25C/1.8V,BLOCKED,ME31|MP31_U0_UPSTREAM_ORIGINAL_seed13_I0|bitcell_physical_geometry,bitcell_physical_geometry,U0-UPSTREAM_ORIGINAL-seed13,NOT_AVAILABLE,SKY130HD_WITH_SRAM22_RESEARCH_MACROS,STRUCTURAL_MISSINGNESS,mapping,,read_dominant,V3_1_PHYSICAL_POPULATION,90db8ba99880047f277844cef511ea59a9072f0c0ec89101342a14f37f9bfb31,"OpenROAD-flow-scripts SKY130HD, frozen image sha256:f05cee3219a02f26289f02f00e11a3fc986ab51a482a0000a2da810cda219a6e",9c3815a782be62795be0b7cf4eb467032c2bb0c36d6af77984fa1ad46b732830,83b9951d04766eeb85d673794aefe8a3b540af1686222a1a5017cb62e27a31ad,,
no qualified transient-injection experiment and model-card provenance were established,repository provenance; no external numeric substitution,2026-09-08/v3.1.0,MP31|U0|UPSTREAM_ORIGINAL|seed13|I0,UNAVAILABLE,E0,d70181dc199692bcd152a8192a5a43825e6a9c19c95860e16c8bdcb3aee5eab7,dc5e2d90770996b06d47b517db0f21b7d35be60d3f55d836b2818f4ed20091e5,SB_V3_1_MATCHED_U0_E0_IMPLEMENTATION_AND_SERVICE,TT/25C/1.8V,BLOCKED,ME31|MP31_U0_UPSTREAM_ORIGINAL_seed13_I0|qcrit_c,qcrit_c,U0-UPSTREAM_ORIGINAL-seed13,NOT_AVAILABLE,SKY130HD_WITH_SRAM22_RESEARCH_MACROS,STRUCTURAL_MISSINGNESS,C,,read_dominant,V3_1_PHYSICAL_POPULATION,90db8ba99880047f277844cef511ea59a9072f0c0ec89101342a14f37f9bfb31,"OpenROAD-flow-scripts SKY130HD, frozen image sha256:f05cee3219a02f26289f02f00e11a3fc986ab51a482a0000a2da810cda219a6e",9c3815a782be62795be0b7cf4eb467032c2bb0c36d6af77984fa1ad46b732830,83b9951d04766eeb85d673794aefe8a3b540af1686222a1a5017cb62e27a31ad,,
no technology/PVT/geometry-matched physical event PMF or rate,repository provenance; no external numeric substitution,2026-09-08/v3.1.0,MP31|U0|UPSTREAM_ORIGINAL|seed13|I0,UNAVAILABLE,E0,d70181dc199692bcd152a8192a5a43825e6a9c19c95860e16c8bdcb3aee5eab7,dc5e2d90770996b06d47b517db0f21b7d35be60d3f55d836b2818f4ed20091e5,SB_V3_1_MATCHED_U0_E0_IMPLEMENTATION_AND_SERVICE,TT/25C/1.8V,BLOCKED,ME31|MP31_U0_UPSTREAM_ORIGINAL_seed13_I0|physical_fault_probability,physical_fault_probability,U0-UPSTREAM_ORIGINAL-seed13,NOT_AVAILABLE,SKY130HD_WITH_SRAM22_RESEARCH_MACROS,STRUCTURAL_MISSINGNESS,probability,,read_dominant,V3_1_PHYSICAL_POPULATION,90db8ba99880047f277844cef511ea59a9072f0c0ec89101342a14f37f9bfb31,"OpenROAD-flow-scripts SKY130HD, frozen image sha256:f05cee3219a02f26289f02f00e11a3fc986ab51a482a0000a2da810cda219a6e",9c3815a782be62795be0b7cf4eb467032c2bb0c36d6af77984fa1ad46b732830,83b9951d04766eeb85d673794aefe8a3b540af1686222a1a5017cb62e27a31ad,,
physical topology probabilities and exact cell mapping are unavailable,repository provenance; no external numeric substitution,2026-09-08/v3.1.0,MP31|U0|UPSTREAM_ORIGINAL|seed13|I0,UNAVAILABLE,E0,d70181dc199692bcd152a8192a5a43825e6a9c19c95860e16c8bdcb3aee5eab7,dc5e2d90770996b06d47b517db0f21b7d35be60d3f55d836b2818f4ed20091e5,SB_V3_1_MATCHED_U0_E0_IMPLEMENTATION_AND_SERVICE,TT/25C/1.8V,BLOCKED,ME31|MP31_U0_UPSTREAM_ORIGINAL_seed13_I0|physical_sdc_probability,physical_sdc_probability,U0-UPSTREAM_ORIGINAL-seed13,NOT_AVAILABLE,SKY130HD_WITH_SRAM22_RESEARCH_MACROS,STRUCTURAL_MISSINGNESS,probability,,read_dominant,V3_1_PHYSICAL_POPULATION,90db8ba99880047f277844cef511ea59a9072f0c0ec89101342a14f37f9bfb31,"OpenROAD-flow-scripts SKY130HD, frozen image sha256:f05cee3219a02f26289f02f00e11a3fc986ab51a482a0000a2da810cda219a6e",9c3815a782be62795be0b7cf4eb467032c2bb0c36d6af77984fa1ad46b732830,83b9951d04766eeb85d673794aefe8a3b540af1686222a1a5017cb62e27a31ad,,
physical topology probabilities and exact cell mapping are unavailable,repository provenance; no external numeric substitution,2026-09-08/v3.1.0,MP31|U0|UPSTREAM_ORIGINAL|seed13|I0,UNAVAILABLE,E0,d70181dc199692bcd152a8192a5a43825e6a9c19c95860e16c8bdcb3aee5eab7,dc5e2d90770996b06d47b517db0f21b7d35be60d3f55d836b2818f4ed20091e5,SB_V3_1_MATCHED_U0_E0_IMPLEMENTATION_AND_SERVICE,TT/25C/1.8V,BLOCKED,ME31|MP31_U0_UPSTREAM_ORIGINAL_seed13_I0|physical_due_probability,physical_due_probability,U0-UPSTREAM_ORIGINAL-seed13,NOT_AVAILABLE,SKY130HD_WITH_SRAM22_RESEARCH_MACROS,STRUCTURAL_MISSINGNESS,probability,,read_dominant,V3_1_PHYSICAL_POPULATION,90db8ba99880047f277844cef511ea59a9072f0c0ec89101342a14f37f9bfb31,"OpenROAD-flow-scripts SKY130HD, frozen image sha256:f05cee3219a02f26289f02f00e11a3fc986ab51a482a0000a2da810cda219a6e",9c3815a782be62795be0b7cf4eb467032c2bb0c36d6af77984fa1ad46b732830,83b9951d04766eeb85d673794aefe8a3b540af1686222a1a5017cb62e27a31ad,,
no qualified event rate; logical enumeration is not FIT,repository provenance; no external numeric substitution,2026-09-08/v3.1.0,MP31|U0|UPSTREAM_ORIGINAL|seed13|I0,UNAVAILABLE,E0,d70181dc199692bcd152a8192a5a43825e6a9c19c95860e16c8bdcb3aee5eab7,dc5e2d90770996b06d47b517db0f21b7d35be60d3f55d836b2818f4ed20091e5,SB_V3_1_MATCHED_U0_E0_IMPLEMENTATION_AND_SERVICE,TT/25C/1.8V,BLOCKED,ME31|MP31_U0_UPSTREAM_ORIGINAL_seed13_I0|fit,fit,U0-UPSTREAM_ORIGINAL-seed13,NOT_AVAILABLE,SKY130HD_WITH_SRAM22_RESEARCH_MACROS,STRUCTURAL_MISSINGNESS,FIT,,read_dominant,V3_1_PHYSICAL_POPULATION,90db8ba99880047f277844cef511ea59a9072f0c0ec89101342a14f37f9bfb31,"OpenROAD-flow-scripts SKY130HD, frozen image sha256:f05cee3219a02f26289f02f00e11a3fc986ab51a482a0000a2da810cda219a6e",9c3815a782be62795be0b7cf4eb467032c2bb0c36d6af77984fa1ad46b732830,83b9951d04766eeb85d673794aefe8a3b540af1686222a1a5017cb62e27a31ad,,
"I1/I2 are proposals, not routed implementations",repository provenance; no external numeric substitution,2026-09-08/v3.1.0,MP31|U0|UPSTREAM_ORIGINAL|seed13|I0,UNAVAILABLE,E0,d70181dc199692bcd152a8192a5a43825e6a9c19c95860e16c8bdcb3aee5eab7,dc5e2d90770996b06d47b517db0f21b7d35be60d3f55d836b2818f4ed20091e5,SB_V3_1_MATCHED_U0_E0_IMPLEMENTATION_AND_SERVICE,TT/25C/1.8V,BLOCKED,ME31|MP31_U0_UPSTREAM_ORIGINAL_seed13_I0|implemented_nontrivial_interleaver_overhead,implemented_nontrivial_interleaver_overhead,U0-UPSTREAM_ORIGINAL-seed13,NOT_AVAILABLE,SKY130HD_WITH_SRAM22_RESEARCH_MACROS,STRUCTURAL_MISSINGNESS,um2,,read_dominant,V3_1_PHYSICAL_POPULATION,90db8ba99880047f277844cef511ea59a9072f0c0ec89101342a14f37f9bfb31,"OpenROAD-flow-scripts SKY130HD, frozen image sha256:f05cee3219a02f26289f02f00e11a3fc986ab51a482a0000a2da810cda219a6e",9c3815a782be62795be0b7cf4eb467032c2bb0c36d6af77984fa1ad46b732830,83b9951d04766eeb85d673794aefe8a3b540af1686222a1a5017cb62e27a31ad,,
matched SKY130 manufacturing inventory is unavailable,repository provenance; no external numeric substitution,2026-09-08/v3.1.0,MP31|U0|UPSTREAM_ORIGINAL|seed13|I0,UNAVAILABLE,E0,d70181dc199692bcd152a8192a5a43825e6a9c19c95860e16c8bdcb3aee5eab7,dc5e2d90770996b06d47b517db0f21b7d35be60d3f55d836b2818f4ed20091e5,SB_V3_1_MATCHED_U0_E0_IMPLEMENTATION_AND_SERVICE,TT/25C/1.8V,BLOCKED,ME31|MP31_U0_UPSTREAM_ORIGINAL_seed13_I0|manufacturing_carbon_kgco2e,manufacturing_carbon_kgco2e,U0-UPSTREAM_ORIGINAL-seed13,NOT_AVAILABLE,SKY130HD_WITH_SRAM22_RESEARCH_MACROS,STRUCTURAL_MISSINGNESS,kgCO2e,,read_dominant,V3_1_PHYSICAL_POPULATION,90db8ba99880047f277844cef511ea59a9072f0c0ec89101342a14f37f9bfb31,"OpenROAD-flow-scripts SKY130HD, frozen image sha256:f05cee3219a02f26289f02f00e11a3fc986ab51a482a0000a2da810cda219a6e",9c3815a782be62795be0b7cf4eb467032c2bb0c36d6af77984fa1ad46b732830,83b9951d04766eeb85d673794aefe8a3b540af1686222a1a5017cb62e27a31ad,,
lifecycle carbon and physical correct-service probability are unavailable,repository provenance; no external numeric substitution,2026-09-08/v3.1.0,MP31|U0|UPSTREAM_ORIGINAL|seed13|I0,UNAVAILABLE,E0,d70181dc199692bcd152a8192a5a43825e6a9c19c95860e16c8bdcb3aee5eab7,dc5e2d90770996b06d47b517db0f21b7d35be60d3f55d836b2818f4ed20091e5,SB_V3_1_MATCHED_U0_E0_IMPLEMENTATION_AND_SERVICE,TT/25C/1.8V,BLOCKED,ME31|MP31_U0_UPSTREAM_ORIGINAL_seed13_I0|csci_kgco2e_per_correct_service,csci_kgco2e_per_correct_service,U0-UPSTREAM_ORIGINAL-seed13,NOT_AVAILABLE,SKY130HD_WITH_SRAM22_RESEARCH_MACROS,STRUCTURAL_MISSINGNESS,kgCO2e_per_correct_service,,read_dominant,V3_1_PHYSICAL_POPULATION,90db8ba99880047f277844cef511ea59a9072f0c0ec89101342a14f37f9bfb31,"OpenROAD-flow-scripts SKY130HD, frozen image sha256:f05cee3219a02f26289f02f00e11a3fc986ab51a482a0000a2da810cda219a6e",9c3815a782be62795be0b7cf4eb467032c2bb0c36d6af77984fa1ad46b732830,83b9951d04766eeb85d673794aefe8a3b540af1686222a1a5017cb62e27a31ad,,
matched lifecycle carbon and physical correct-service counts are unavailable,repository provenance; no external numeric substitution,2026-09-08/v3.1.0,MP31|U0|UPSTREAM_ORIGINAL|seed13|I0,UNAVAILABLE,E0,d70181dc199692bcd152a8192a5a43825e6a9c19c95860e16c8bdcb3aee5eab7,dc5e2d90770996b06d47b517db0f21b7d35be60d3f55d836b2818f4ed20091e5,SB_V3_1_MATCHED_U0_E0_IMPLEMENTATION_AND_SERVICE,TT/25C/1.8V,BLOCKED,ME31|MP31_U0_UPSTREAM_ORIGINAL_seed13_I0|mrcc_kgco2e_per_additional_correct_service,mrcc_kgco2e_per_additional_correct_service,U0-UPSTREAM_ORIGINAL-seed13,NOT_AVAILABLE,SKY130HD_WITH_SRAM22_RESEARCH_MACROS,STRUCTURAL_MISSINGNESS,kgCO2e_per_additional_correct_service,,read_dominant,V3_1_PHYSICAL_POPULATION,90db8ba99880047f277844cef511ea59a9072f0c0ec89101342a14f37f9bfb31,"OpenROAD-flow-scripts SKY130HD, frozen image sha256:f05cee3219a02f26289f02f00e11a3fc986ab51a482a0000a2da810cda219a6e",9c3815a782be62795be0b7cf4eb467032c2bb0c36d6af77984fa1ad46b732830,83b9951d04766eeb85d673794aefe8a3b540af1686222a1a5017cb62e27a31ad,,
no saturated architecture-level traffic experiment with backpressure,repository provenance; no external numeric substitution,2026-09-08/v3.1.0,MP31|U0|UPSTREAM_ORIGINAL|seed13|I0,UNAVAILABLE,E0,d70181dc199692bcd152a8192a5a43825e6a9c19c95860e16c8bdcb3aee5eab7,dc5e2d90770996b06d47b517db0f21b7d35be60d3f55d836b2818f4ed20091e5,SB_V3_1_MATCHED_U0_E0_IMPLEMENTATION_AND_SERVICE,TT/25C/1.8V,BLOCKED,ME31|MP31_U0_UPSTREAM_ORIGINAL_seed13_I0|maximum_sustainable_throughput_services_per_s,maximum_sustainable_throughput_services_per_s,U0-UPSTREAM_ORIGINAL-seed13,NOT_AVAILABLE,SKY130HD_WITH_SRAM22_RESEARCH_MACROS,STRUCTURAL_MISSINGNESS,services_per_s,,read_dominant,V3_1_PHYSICAL_POPULATION,90db8ba99880047f277844cef511ea59a9072f0c0ec89101342a14f37f9bfb31,"OpenROAD-flow-scripts SKY130HD, frozen image sha256:f05cee3219a02f26289f02f00e11a3fc986ab51a482a0000a2da810cda219a6e",9c3815a782be62795be0b7cf4eb467032c2bb0c36d6af77984fa1ad46b732830,83b9951d04766eeb85d673794aefe8a3b540af1686222a1a5017cb62e27a31ad,,
residual SRAM input-transition violations prevent signoff qualification,repository provenance; no external numeric substitution,2026-09-08/v3.1.0,MP31|E0|UPSTREAM_ORIGINAL|seed13|I0,POST_ROUTE_ESTIMATE,E4,d70181dc199692bcd152a8192a5a43825e6a9c19c95860e16c8bdcb3aee5eab7,c7e48b60a221c3240ebeaba78ef53a722a128156943112808c84d5e262272f75,SB_V3_1_MATCHED_U0_E0_IMPLEMENTATION_AND_SERVICE,TT/25C/1.8V,DIAGNOSTIC_ONLY,ME31|MP31_E0_UPSTREAM_ORIGINAL_seed13_I0|routed_total_area_um2,routed_total_area_um2,E0-UPSTREAM_ORIGINAL-seed13,MATCHED_POST_ROUTE_TOOL,SKY130HD_WITH_SRAM22_RESEARCH_MACROS,FIVE_IMPLEMENTATION_SEEDS,um2,276030,read_dominant,V3_1_PHYSICAL_POPULATION,e3f9208950eee23e804ef0135cd98272a5c06654319b7dd9b2f391b7908b3147,"OpenROAD-flow-scripts SKY130HD, frozen image sha256:f05cee3219a02f26289f02f00e11a3fc986ab51a482a0000a2da810cda219a6e",aa3f5945ea6f76d5cd471acf06d9aacb29f5a7331f7e19a0957a35b6d4ffcb4a,e38b1f590237cf3f4f247268476991ab784c581d07d800e0f395e01c9d9971e8,,
residual SRAM input-transition violations prevent signoff qualification,repository provenance; no external numeric substitution,2026-09-08/v3.1.0,MP31|E0|UPSTREAM_ORIGINAL|seed13|I0,POST_ROUTE_ESTIMATE,E4,d70181dc199692bcd152a8192a5a43825e6a9c19c95860e16c8bdcb3aee5eab7,c7e48b60a221c3240ebeaba78ef53a722a128156943112808c84d5e262272f75,SB_V3_1_MATCHED_U0_E0_IMPLEMENTATION_AND_SERVICE,TT/25C/1.8V,DIAGNOSTIC_ONLY,ME31|MP31_E0_UPSTREAM_ORIGINAL_seed13_I0|wirelength_um,wirelength_um,E0-UPSTREAM_ORIGINAL-seed13,MATCHED_POST_ROUTE_TOOL,SKY130HD_WITH_SRAM22_RESEARCH_MACROS,FIVE_IMPLEMENTATION_SEEDS,um,79728,read_dominant,V3_1_PHYSICAL_POPULATION,e3f9208950eee23e804ef0135cd98272a5c06654319b7dd9b2f391b7908b3147,"OpenROAD-flow-scripts SKY130HD, frozen image sha256:f05cee3219a02f26289f02f00e11a3fc986ab51a482a0000a2da810cda219a6e",aa3f5945ea6f76d5cd471acf06d9aacb29f5a7331f7e19a0957a35b6d4ffcb4a,e38b1f590237cf3f4f247268476991ab784c581d07d800e0f395e01c9d9971e8,,
residual SRAM input-transition violations prevent signoff qualification,repository provenance; no external numeric substitution,2026-09-08/v3.1.0,MP31|E0|UPSTREAM_ORIGINAL|seed13|I0,POST_ROUTE_ESTIMATE,E4,d70181dc199692bcd152a8192a5a43825e6a9c19c95860e16c8bdcb3aee5eab7,c7e48b60a221c3240ebeaba78ef53a722a128156943112808c84d5e262272f75,SB_V3_1_MATCHED_U0_E0_IMPLEMENTATION_AND_SERVICE,TT/25C/1.8V,DIAGNOSTIC_ONLY,ME31|MP31_E0_UPSTREAM_ORIGINAL_seed13_I0|via_count,via_count,E0-UPSTREAM_ORIGINAL-seed13,MATCHED_POST_ROUTE_TOOL,SKY130HD_WITH_SRAM22_RESEARCH_MACROS,FIVE_IMPLEMENTATION_SEEDS,count,6662,read_dominant,V3_1_PHYSICAL_POPULATION,e3f9208950eee23e804ef0135cd98272a5c06654319b7dd9b2f391b7908b3147,"OpenROAD-flow-scripts SKY130HD, frozen image sha256:f05cee3219a02f26289f02f00e11a3fc986ab51a482a0000a2da810cda219a6e",aa3f5945ea6f76d5cd471acf06d9aacb29f5a7331f7e19a0957a35b6d4ffcb4a,e38b1f590237cf3f4f247268476991ab784c581d07d800e0f395e01c9d9971e8,,
residual SRAM input-transition violations prevent signoff qualification,repository provenance; no external numeric substitution,2026-09-08/v3.1.0,MP31|E0|UPSTREAM_ORIGINAL|seed13|I0,POST_ROUTE_ESTIMATE,E4,d70181dc199692bcd152a8192a5a43825e6a9c19c95860e16c8bdcb3aee5eab7,c7e48b60a221c3240ebeaba78ef53a722a128156943112808c84d5e262272f75,SB_V3_1_MATCHED_U0_E0_IMPLEMENTATION_AND_SERVICE,TT/25C/1.8V,DIAGNOSTIC_ONLY,ME31|MP31_E0_UPSTREAM_ORIGINAL_seed13_I0|power_internal_w,power_internal_w,E0-UPSTREAM_ORIGINAL-seed13,MATCHED_POST_ROUTE_TOOL,SKY130HD_WITH_SRAM22_RESEARCH_MACROS,FIVE_IMPLEMENTATION_SEEDS,W,0.00142668,read_dominant,V3_1_PHYSICAL_POPULATION,e3f9208950eee23e804ef0135cd98272a5c06654319b7dd9b2f391b7908b3147,"OpenROAD-flow-scripts SKY130HD, frozen image sha256:f05cee3219a02f26289f02f00e11a3fc986ab51a482a0000a2da810cda219a6e",aa3f5945ea6f76d5cd471acf06d9aacb29f5a7331f7e19a0957a35b6d4ffcb4a,e38b1f590237cf3f4f247268476991ab784c581d07d800e0f395e01c9d9971e8,,
residual SRAM input-transition violations prevent signoff qualification,repository provenance; no external numeric substitution,2026-09-08/v3.1.0,MP31|E0|UPSTREAM_ORIGINAL|seed13|I0,POST_ROUTE_ESTIMATE,E4,d70181dc199692bcd152a8192a5a43825e6a9c19c95860e16c8bdcb3aee5eab7,c7e48b60a221c3240ebeaba78ef53a722a128156943112808c84d5e262272f75,SB_V3_1_MATCHED_U0_E0_IMPLEMENTATION_AND_SERVICE,TT/25C/1.8V,DIAGNOSTIC_ONLY,ME31|MP31_E0_UPSTREAM_ORIGINAL_seed13_I0|power_switching_w,power_switching_w,E0-UPSTREAM_ORIGINAL-seed13,MATCHED_POST_ROUTE_TOOL,SKY130HD_WITH_SRAM22_RESEARCH_MACROS,FIVE_IMPLEMENTATION_SEEDS,W,0.000642266,read_dominant,V3_1_PHYSICAL_POPULATION,e3f9208950eee23e804ef0135cd98272a5c06654319b7dd9b2f391b7908b3147,"OpenROAD-flow-scripts SKY130HD, frozen image sha256:f05cee3219a02f26289f02f00e11a3fc986ab51a482a0000a2da810cda219a6e",aa3f5945ea6f76d5cd471acf06d9aacb29f5a7331f7e19a0957a35b6d4ffcb4a,e38b1f590237cf3f4f247268476991ab784c581d07d800e0f395e01c9d9971e8,,
residual SRAM input-transition violations prevent signoff qualification,repository provenance; no external numeric substitution,2026-09-08/v3.1.0,MP31|E0|UPSTREAM_ORIGINAL|seed13|I0,POST_ROUTE_ESTIMATE,E4,d70181dc199692bcd152a8192a5a43825e6a9c19c95860e16c8bdcb3aee5eab7,c7e48b60a221c3240ebeaba78ef53a722a128156943112808c84d5e262272f75,SB_V3_1_MATCHED_U0_E0_IMPLEMENTATION_AND_SERVICE,TT/25C/1.8V,DIAGNOSTIC_ONLY,ME31|MP31_E0_UPSTREAM_ORIGINAL_seed13_I0|power_leakage_w,power_leakage_w,E0-UPSTREAM_ORIGINAL-seed13,MATCHED_POST_ROUTE_TOOL,SKY130HD_WITH_SRAM22_RESEARCH_MACROS,FIVE_IMPLEMENTATION_SEEDS,W,7.34403e-07,read_dominant,V3_1_PHYSICAL_POPULATION,e3f9208950eee23e804ef0135cd98272a5c06654319b7dd9b2f391b7908b3147,"OpenROAD-flow-scripts SKY130HD, frozen image sha256:f05cee3219a02f26289f02f00e11a3fc986ab51a482a0000a2da810cda219a6e",aa3f5945ea6f76d5cd471acf06d9aacb29f5a7331f7e19a0957a35b6d4ffcb4a,e38b1f590237cf3f4f247268476991ab784c581d07d800e0f395e01c9d9971e8,,
residual SRAM input-transition violations prevent signoff qualification,repository provenance; no external numeric substitution,2026-09-08/v3.1.0,MP31|E0|UPSTREAM_ORIGINAL|seed13|I0,POST_ROUTE_ESTIMATE,E4,d70181dc199692bcd152a8192a5a43825e6a9c19c95860e16c8bdcb3aee5eab7,c7e48b60a221c3240ebeaba78ef53a722a128156943112808c84d5e262272f75,SB_V3_1_MATCHED_U0_E0_IMPLEMENTATION_AND_SERVICE,TT/25C/1.8V,DIAGNOSTIC_ONLY,ME31|MP31_E0_UPSTREAM_ORIGINAL_seed13_I0|power_total_vectorless_w,power_total_vectorless_w,E0-UPSTREAM_ORIGINAL-seed13,MATCHED_POST_ROUTE_TOOL,SKY130HD_WITH_SRAM22_RESEARCH_MACROS,FIVE_IMPLEMENTATION_SEEDS,W,0.00206968,read_dominant,V3_1_PHYSICAL_POPULATION,e3f9208950eee23e804ef0135cd98272a5c06654319b7dd9b2f391b7908b3147,"OpenROAD-flow-scripts SKY130HD, frozen image sha256:f05cee3219a02f26289f02f00e11a3fc986ab51a482a0000a2da810cda219a6e",aa3f5945ea6f76d5cd471acf06d9aacb29f5a7331f7e19a0957a35b6d4ffcb4a,e38b1f590237cf3f4f247268476991ab784c581d07d800e0f395e01c9d9971e8,,
residual SRAM input-transition violations prevent signoff qualification,repository provenance; no external numeric substitution,2026-09-08/v3.1.0,MP31|E0|UPSTREAM_ORIGINAL|seed13|I0,POST_ROUTE_ESTIMATE,E4,d70181dc199692bcd152a8192a5a43825e6a9c19c95860e16c8bdcb3aee5eab7,c7e48b60a221c3240ebeaba78ef53a722a128156943112808c84d5e262272f75,SB_V3_1_MATCHED_U0_E0_IMPLEMENTATION_AND_SERVICE,TT/25C/1.8V,DIAGNOSTIC_ONLY,ME31|MP31_E0_UPSTREAM_ORIGINAL_seed13_I0|setup_wns_ns,setup_wns_ns,E0-UPSTREAM_ORIGINAL-seed13,MATCHED_POST_ROUTE_TOOL,SKY130HD_WITH_SRAM22_RESEARCH_MACROS,FIVE_IMPLEMENTATION_SEEDS,ns,0.433227,read_dominant,V3_1_PHYSICAL_POPULATION,e3f9208950eee23e804ef0135cd98272a5c06654319b7dd9b2f391b7908b3147,"OpenROAD-flow-scripts SKY130HD, frozen image sha256:f05cee3219a02f26289f02f00e11a3fc986ab51a482a0000a2da810cda219a6e",aa3f5945ea6f76d5cd471acf06d9aacb29f5a7331f7e19a0957a35b6d4ffcb4a,e38b1f590237cf3f4f247268476991ab784c581d07d800e0f395e01c9d9971e8,,
residual SRAM input-transition violations prevent signoff qualification,repository provenance; no external numeric substitution,2026-09-08/v3.1.0,MP31|E0|UPSTREAM_ORIGINAL|seed13|I0,POST_ROUTE_ESTIMATE,E4,d70181dc199692bcd152a8192a5a43825e6a9c19c95860e16c8bdcb3aee5eab7,c7e48b60a221c3240ebeaba78ef53a722a128156943112808c84d5e262272f75,SB_V3_1_MATCHED_U0_E0_IMPLEMENTATION_AND_SERVICE,TT/25C/1.8V,DIAGNOSTIC_ONLY,ME31|MP31_E0_UPSTREAM_ORIGINAL_seed13_I0|hold_wns_ns,hold_wns_ns,E0-UPSTREAM_ORIGINAL-seed13,MATCHED_POST_ROUTE_TOOL,SKY130HD_WITH_SRAM22_RESEARCH_MACROS,FIVE_IMPLEMENTATION_SEEDS,ns,0.00231037,read_dominant,V3_1_PHYSICAL_POPULATION,e3f9208950eee23e804ef0135cd98272a5c06654319b7dd9b2f391b7908b3147,"OpenROAD-flow-scripts SKY130HD, frozen image sha256:f05cee3219a02f26289f02f00e11a3fc986ab51a482a0000a2da810cda219a6e",aa3f5945ea6f76d5cd471acf06d9aacb29f5a7331f7e19a0957a35b6d4ffcb4a,e38b1f590237cf3f4f247268476991ab784c581d07d800e0f395e01c9d9971e8,,
,repository provenance; no external numeric substitution,2026-09-08/v3.1.0,MP31|E0|UPSTREAM_ORIGINAL|seed13|I0,ANALYTICAL,E3,d70181dc199692bcd152a8192a5a43825e6a9c19c95860e16c8bdcb3aee5eab7,c7e48b60a221c3240ebeaba78ef53a722a128156943112808c84d5e262272f75,SB_V3_1_MATCHED_U0_E0_IMPLEMENTATION_AND_SERVICE,TT/25C/1.8V,QUALIFIED_WITHIN_DECLARED_RTL_BOUNDARY,ME31|MP31_E0_UPSTREAM_ORIGINAL_seed13_I0|registered_service_latency_s,registered_service_latency_s,E0-UPSTREAM_ORIGINAL-seed13,RTL_CONTRACT_AND_EXACT_LOGICAL_MODEL,SKY130HD_WITH_SRAM22_RESEARCH_MACROS,DETERMINISTIC_RTL_CONTRACT,s,1e-08,read_dominant,V3_1_PHYSICAL_POPULATION,e3f9208950eee23e804ef0135cd98272a5c06654319b7dd9b2f391b7908b3147,"OpenROAD-flow-scripts SKY130HD, frozen image sha256:f05cee3219a02f26289f02f00e11a3fc986ab51a482a0000a2da810cda219a6e",aa3f5945ea6f76d5cd471acf06d9aacb29f5a7331f7e19a0957a35b6d4ffcb4a,e38b1f590237cf3f4f247268476991ab784c581d07d800e0f395e01c9d9971e8,,
,repository provenance; no external numeric substitution,2026-09-08/v3.1.0,MP31|E0|UPSTREAM_ORIGINAL|seed13|I0,ANALYTICAL,E3,d70181dc199692bcd152a8192a5a43825e6a9c19c95860e16c8bdcb3aee5eab7,c7e48b60a221c3240ebeaba78ef53a722a128156943112808c84d5e262272f75,SB_V3_1_MATCHED_U0_E0_IMPLEMENTATION_AND_SERVICE,TT/25C/1.8V,QUALIFIED_WITHIN_DECLARED_RTL_BOUNDARY,ME31|MP31_E0_UPSTREAM_ORIGINAL_seed13_I0|initiation_interval_cycles,initiation_interval_cycles,E0-UPSTREAM_ORIGINAL-seed13,RTL_CONTRACT_AND_EXACT_LOGICAL_MODEL,SKY130HD_WITH_SRAM22_RESEARCH_MACROS,DETERMINISTIC_RTL_CONTRACT,cycle,1,read_dominant,V3_1_PHYSICAL_POPULATION,e3f9208950eee23e804ef0135cd98272a5c06654319b7dd9b2f391b7908b3147,"OpenROAD-flow-scripts SKY130HD, frozen image sha256:f05cee3219a02f26289f02f00e11a3fc986ab51a482a0000a2da810cda219a6e",aa3f5945ea6f76d5cd471acf06d9aacb29f5a7331f7e19a0957a35b6d4ffcb4a,e38b1f590237cf3f4f247268476991ab784c581d07d800e0f395e01c9d9971e8,,
,repository provenance; no external numeric substitution,2026-09-08/v3.1.0,MP31|E0|UPSTREAM_ORIGINAL|seed13|I0,ANALYTICAL,E3,d70181dc199692bcd152a8192a5a43825e6a9c19c95860e16c8bdcb3aee5eab7,c7e48b60a221c3240ebeaba78ef53a722a128156943112808c84d5e262272f75,SB_V3_1_MATCHED_U0_E0_IMPLEMENTATION_AND_SERVICE,TT/25C/1.8V,QUALIFIED_WITHIN_DECLARED_RTL_BOUNDARY,ME31|MP31_E0_UPSTREAM_ORIGINAL_seed13_I0|nominal_initiation_capacity_services_per_s,nominal_initiation_capacity_services_per_s,E0-UPSTREAM_ORIGINAL-seed13,RTL_CONTRACT_AND_EXACT_LOGICAL_MODEL,SKY130HD_WITH_SRAM22_RESEARCH_MACROS,DETERMINISTIC_RTL_CONTRACT,services_per_s,100000000.0,read_dominant,V3_1_PHYSICAL_POPULATION,e3f9208950eee23e804ef0135cd98272a5c06654319b7dd9b2f391b7908b3147,"OpenROAD-flow-scripts SKY130HD, frozen image sha256:f05cee3219a02f26289f02f00e11a3fc986ab51a482a0000a2da810cda219a6e",aa3f5945ea6f76d5cd471acf06d9aacb29f5a7331f7e19a0957a35b6d4ffcb4a,e38b1f590237cf3f4f247268476991ab784c581d07d800e0f395e01c9d9971e8,,
,repository provenance; no external numeric substitution,2026-09-08/v3.1.0,MP31|E0|UPSTREAM_ORIGINAL|seed13|I0,ANALYTICAL,E3,d70181dc199692bcd152a8192a5a43825e6a9c19c95860e16c8bdcb3aee5eab7,c7e48b60a221c3240ebeaba78ef53a722a128156943112808c84d5e262272f75,SB_V3_1_MATCHED_U0_E0_IMPLEMENTATION_AND_SERVICE,TT/25C/1.8V,QUALIFIED_WITHIN_DECLARED_RTL_BOUNDARY,ME31|MP31_E0_UPSTREAM_ORIGINAL_seed13_I0|conditional_ecc_outcome_model,conditional_ecc_outcome_model,E0-UPSTREAM_ORIGINAL-seed13,RTL_CONTRACT_AND_EXACT_LOGICAL_MODEL,SKY130HD_WITH_SRAM22_RESEARCH_MACROS,DETERMINISTIC_RTL_CONTRACT,mapping,DECODER_REQUIRED_AFTER_PHYSICAL_MAPPING,read_dominant,V3_1_PHYSICAL_POPULATION,e3f9208950eee23e804ef0135cd98272a5c06654319b7dd9b2f391b7908b3147,"OpenROAD-flow-scripts SKY130HD, frozen image sha256:f05cee3219a02f26289f02f00e11a3fc986ab51a482a0000a2da810cda219a6e",aa3f5945ea6f76d5cd471acf06d9aacb29f5a7331f7e19a0957a35b6d4ffcb4a,e38b1f590237cf3f4f247268476991ab784c581d07d800e0f395e01c9d9971e8,,
does not establish bitcell xy or address-to-cell mapping,repository provenance; no external numeric substitution,2026-09-08/v3.1.0,MP31|E0|UPSTREAM_ORIGINAL|seed13|I0,POST_ROUTE_ESTIMATE,E4,d70181dc199692bcd152a8192a5a43825e6a9c19c95860e16c8bdcb3aee5eab7,c7e48b60a221c3240ebeaba78ef53a722a128156943112808c84d5e262272f75,SB_V3_1_MATCHED_U0_E0_IMPLEMENTATION_AND_SERVICE,TT/25C/1.8V,MACRO_LEVEL_ONLY,ME31|MP31_E0_UPSTREAM_ORIGINAL_seed13_I0|macro_placement_geometry,macro_placement_geometry,E0-UPSTREAM_ORIGINAL-seed13,POST_ROUTE_DEF_LEF_AND_SPICE_CONNECTIVITY,SKY130HD_WITH_SRAM22_RESEARCH_MACROS,FIVE_IMPLEMENTATION_SEEDS,mapping,DEF_MACRO_ORIGIN_ORIENTATION_AND_LEF_EXTENT,read_dominant,V3_1_PHYSICAL_POPULATION,e3f9208950eee23e804ef0135cd98272a5c06654319b7dd9b2f391b7908b3147,"OpenROAD-flow-scripts SKY130HD, frozen image sha256:f05cee3219a02f26289f02f00e11a3fc986ab51a482a0000a2da810cda219a6e",aa3f5945ea6f76d5cd471acf06d9aacb29f5a7331f7e19a0957a35b6d4ffcb4a,e38b1f590237cf3f4f247268476991ab784c581d07d800e0f395e01c9d9971e8,,
complete address/column-select-to-GDS-bitcell map is unavailable,repository provenance; no external numeric substitution,2026-09-08/v3.1.0,MP31|E0|UPSTREAM_ORIGINAL|seed13|I0,UNAVAILABLE,E0,d70181dc199692bcd152a8192a5a43825e6a9c19c95860e16c8bdcb3aee5eab7,c7e48b60a221c3240ebeaba78ef53a722a128156943112808c84d5e262272f75,SB_V3_1_MATCHED_U0_E0_IMPLEMENTATION_AND_SERVICE,TT/25C/1.8V,BLOCKED,ME31|MP31_E0_UPSTREAM_ORIGINAL_seed13_I0|bitcell_physical_geometry,bitcell_physical_geometry,E0-UPSTREAM_ORIGINAL-seed13,NOT_AVAILABLE,SKY130HD_WITH_SRAM22_RESEARCH_MACROS,STRUCTURAL_MISSINGNESS,mapping,,read_dominant,V3_1_PHYSICAL_POPULATION,e3f9208950eee23e804ef0135cd98272a5c06654319b7dd9b2f391b7908b3147,"OpenROAD-flow-scripts SKY130HD, frozen image sha256:f05cee3219a02f26289f02f00e11a3fc986ab51a482a0000a2da810cda219a6e",aa3f5945ea6f76d5cd471acf06d9aacb29f5a7331f7e19a0957a35b6d4ffcb4a,e38b1f590237cf3f4f247268476991ab784c581d07d800e0f395e01c9d9971e8,,
no qualified transient-injection experiment and model-card provenance were established,repository provenance; no external numeric substitution,2026-09-08/v3.1.0,MP31|E0|UPSTREAM_ORIGINAL|seed13|I0,UNAVAILABLE,E0,d70181dc199692bcd152a8192a5a43825e6a9c19c95860e16c8bdcb3aee5eab7,c7e48b60a221c3240ebeaba78ef53a722a128156943112808c84d5e262272f75,SB_V3_1_MATCHED_U0_E0_IMPLEMENTATION_AND_SERVICE,TT/25C/1.8V,BLOCKED,ME31|MP31_E0_UPSTREAM_ORIGINAL_seed13_I0|qcrit_c,qcrit_c,E0-UPSTREAM_ORIGINAL-seed13,NOT_AVAILABLE,SKY130HD_WITH_SRAM22_RESEARCH_MACROS,STRUCTURAL_MISSINGNESS,C,,read_dominant,V3_1_PHYSICAL_POPULATION,e3f9208950eee23e804ef0135cd98272a5c06654319b7dd9b2f391b7908b3147,"OpenROAD-flow-scripts SKY130HD, frozen image sha256:f05cee3219a02f26289f02f00e11a3fc986ab51a482a0000a2da810cda219a6e",aa3f5945ea6f76d5cd471acf06d9aacb29f5a7331f7e19a0957a35b6d4ffcb4a,e38b1f590237cf3f4f247268476991ab784c581d07d800e0f395e01c9d9971e8,,
no technology/PVT/geometry-matched physical event PMF or rate,repository provenance; no external numeric substitution,2026-09-08/v3.1.0,MP31|E0|UPSTREAM_ORIGINAL|seed13|I0,UNAVAILABLE,E0,d70181dc199692bcd152a8192a5a43825e6a9c19c95860e16c8bdcb3aee5eab7,c7e48b60a221c3240ebeaba78ef53a722a128156943112808c84d5e262272f75,SB_V3_1_MATCHED_U0_E0_IMPLEMENTATION_AND_SERVICE,TT/25C/1.8V,BLOCKED,ME31|MP31_E0_UPSTREAM_ORIGINAL_seed13_I0|physical_fault_probability,physical_fault_probability,E0-UPSTREAM_ORIGINAL-seed13,NOT_AVAILABLE,SKY130HD_WITH_SRAM22_RESEARCH_MACROS,STRUCTURAL_MISSINGNESS,probability,,read_dominant,V3_1_PHYSICAL_POPULATION,e3f9208950eee23e804ef0135cd98272a5c06654319b7dd9b2f391b7908b3147,"OpenROAD-flow-scripts SKY130HD, frozen image sha256:f05cee3219a02f26289f02f00e11a3fc986ab51a482a0000a2da810cda219a6e",aa3f5945ea6f76d5cd471acf06d9aacb29f5a7331f7e19a0957a35b6d4ffcb4a,e38b1f590237cf3f4f247268476991ab784c581d07d800e0f395e01c9d9971e8,,
physical topology probabilities and exact cell mapping are unavailable,repository provenance; no external numeric substitution,2026-09-08/v3.1.0,MP31|E0|UPSTREAM_ORIGINAL|seed13|I0,UNAVAILABLE,E0,d70181dc199692bcd152a8192a5a43825e6a9c19c95860e16c8bdcb3aee5eab7,c7e48b60a221c3240ebeaba78ef53a722a128156943112808c84d5e262272f75,SB_V3_1_MATCHED_U0_E0_IMPLEMENTATION_AND_SERVICE,TT/25C/1.8V,BLOCKED,ME31|MP31_E0_UPSTREAM_ORIGINAL_seed13_I0|physical_sdc_probability,physical_sdc_probability,E0-UPSTREAM_ORIGINAL-seed13,NOT_AVAILABLE,SKY130HD_WITH_SRAM22_RESEARCH_MACROS,STRUCTURAL_MISSINGNESS,probability,,read_dominant,V3_1_PHYSICAL_POPULATION,e3f9208950eee23e804ef0135cd98272a5c06654319b7dd9b2f391b7908b3147,"OpenROAD-flow-scripts SKY130HD, frozen image sha256:f05cee3219a02f26289f02f00e11a3fc986ab51a482a0000a2da810cda219a6e",aa3f5945ea6f76d5cd471acf06d9aacb29f5a7331f7e19a0957a35b6d4ffcb4a,e38b1f590237cf3f4f247268476991ab784c581d07d800e0f395e01c9d9971e8,,
physical topology probabilities and exact cell mapping are unavailable,repository provenance; no external numeric substitution,2026-09-08/v3.1.0,MP31|E0|UPSTREAM_ORIGINAL|seed13|I0,UNAVAILABLE,E0,d70181dc199692bcd152a8192a5a43825e6a9c19c95860e16c8bdcb3aee5eab7,c7e48b60a221c3240ebeaba78ef53a722a128156943112808c84d5e262272f75,SB_V3_1_MATCHED_U0_E0_IMPLEMENTATION_AND_SERVICE,TT/25C/1.8V,BLOCKED,ME31|MP31_E0_UPSTREAM_ORIGINAL_seed13_I0|physical_due_probability,physical_due_probability,E0-UPSTREAM_ORIGINAL-seed13,NOT_AVAILABLE,SKY130HD_WITH_SRAM22_RESEARCH_MACROS,STRUCTURAL_MISSINGNESS,probability,,read_dominant,V3_1_PHYSICAL_POPULATION,e3f9208950eee23e804ef0135cd98272a5c06654319b7dd9b2f391b7908b3147,"OpenROAD-flow-scripts SKY130HD, frozen image sha256:f05cee3219a02f26289f02f00e11a3fc986ab51a482a0000a2da810cda219a6e",aa3f5945ea6f76d5cd471acf06d9aacb29f5a7331f7e19a0957a35b6d4ffcb4a,e38b1f590237cf3f4f247268476991ab784c581d07d800e0f395e01c9d9971e8,,
no qualified event rate; logical enumeration is not FIT,repository provenance; no external numeric substitution,2026-09-08/v3.1.0,MP31|E0|UPSTREAM_ORIGINAL|seed13|I0,UNAVAILABLE,E0,d70181dc199692bcd152a8192a5a43825e6a9c19c95860e16c8bdcb3aee5eab7,c7e48b60a221c3240ebeaba78ef53a722a128156943112808c84d5e262272f75,SB_V3_1_MATCHED_U0_E0_IMPLEMENTATION_AND_SERVICE,TT/25C/1.8V,BLOCKED,ME31|MP31_E0_UPSTREAM_ORIGINAL_seed13_I0|fit,fit,E0-UPSTREAM_ORIGINAL-seed13,NOT_AVAILABLE,SKY130HD_WITH_SRAM22_RESEARCH_MACROS,STRUCTURAL_MISSINGNESS,FIT,,read_dominant,V3_1_PHYSICAL_POPULATION,e3f9208950eee23e804ef0135cd98272a5c06654319b7dd9b2f391b7908b3147,"OpenROAD-flow-scripts SKY130HD, frozen image sha256:f05cee3219a02f26289f02f00e11a3fc986ab51a482a0000a2da810cda219a6e",aa3f5945ea6f76d5cd471acf06d9aacb29f5a7331f7e19a0957a35b6d4ffcb4a,e38b1f590237cf3f4f247268476991ab784c581d07d800e0f395e01c9d9971e8,,
"I1/I2 are proposals, not routed implementations",repository provenance; no external numeric substitution,2026-09-08/v3.1.0,MP31|E0|UPSTREAM_ORIGINAL|seed13|I0,UNAVAILABLE,E0,d70181dc199692bcd152a8192a5a43825e6a9c19c95860e16c8bdcb3aee5eab7,c7e48b60a221c3240ebeaba78ef53a722a128156943112808c84d5e262272f75,SB_V3_1_MATCHED_U0_E0_IMPLEMENTATION_AND_SERVICE,TT/25C/1.8V,BLOCKED,ME31|MP31_E0_UPSTREAM_ORIGINAL_seed13_I0|implemented_nontrivial_interleaver_overhead,implemented_nontrivial_interleaver_overhead,E0-UPSTREAM_ORIGINAL-seed13,NOT_AVAILABLE,SKY130HD_WITH_SRAM22_RESEARCH_MACROS,STRUCTURAL_MISSINGNESS,um2,,read_dominant,V3_1_PHYSICAL_POPULATION,e3f9208950eee23e804ef0135cd98272a5c06654319b7dd9b2f391b7908b3147,"OpenROAD-flow-scripts SKY130HD, frozen image sha256:f05cee3219a02f26289f02f00e11a3fc986ab51a482a0000a2da810cda219a6e",aa3f5945ea6f76d5cd471acf06d9aacb29f5a7331f7e19a0957a35b6d4ffcb4a,e38b1f590237cf3f4f247268476991ab784c581d07d800e0f395e01c9d9971e8,,
matched SKY130 manufacturing inventory is unavailable,repository provenance; no external numeric substitution,2026-09-08/v3.1.0,MP31|E0|UPSTREAM_ORIGINAL|seed13|I0,UNAVAILABLE,E0,d70181dc199692bcd152a8192a5a43825e6a9c19c95860e16c8bdcb3aee5eab7,c7e48b60a221c3240ebeaba78ef53a722a128156943112808c84d5e262272f75,SB_V3_1_MATCHED_U0_E0_IMPLEMENTATION_AND_SERVICE,TT/25C/1.8V,BLOCKED,ME31|MP31_E0_UPSTREAM_ORIGINAL_seed13_I0|manufacturing_carbon_kgco2e,manufacturing_carbon_kgco2e,E0-UPSTREAM_ORIGINAL-seed13,NOT_AVAILABLE,SKY130HD_WITH_SRAM22_RESEARCH_MACROS,STRUCTURAL_MISSINGNESS,kgCO2e,,read_dominant,V3_1_PHYSICAL_POPULATION,e3f9208950eee23e804ef0135cd98272a5c06654319b7dd9b2f391b7908b3147,"OpenROAD-flow-scripts SKY130HD, frozen image sha256:f05cee3219a02f26289f02f00e11a3fc986ab51a482a0000a2da810cda219a6e",aa3f5945ea6f76d5cd471acf06d9aacb29f5a7331f7e19a0957a35b6d4ffcb4a,e38b1f590237cf3f4f247268476991ab784c581d07d800e0f395e01c9d9971e8,,
lifecycle carbon and physical correct-service probability are unavailable,repository provenance; no external numeric substitution,2026-09-08/v3.1.0,MP31|E0|UPSTREAM_ORIGINAL|seed13|I0,UNAVAILABLE,E0,d70181dc199692bcd152a8192a5a43825e6a9c19c95860e16c8bdcb3aee5eab7,c7e48b60a221c3240ebeaba78ef53a722a128156943112808c84d5e262272f75,SB_V3_1_MATCHED_U0_E0_IMPLEMENTATION_AND_SERVICE,TT/25C/1.8V,BLOCKED,ME31|MP31_E0_UPSTREAM_ORIGINAL_seed13_I0|csci_kgco2e_per_correct_service,csci_kgco2e_per_correct_service,E0-UPSTREAM_ORIGINAL-seed13,NOT_AVAILABLE,SKY130HD_WITH_SRAM22_RESEARCH_MACROS,STRUCTURAL_MISSINGNESS,kgCO2e_per_correct_service,,read_dominant,V3_1_PHYSICAL_POPULATION,e3f9208950eee23e804ef0135cd98272a5c06654319b7dd9b2f391b7908b3147,"OpenROAD-flow-scripts SKY130HD, frozen image sha256:f05cee3219a02f26289f02f00e11a3fc986ab51a482a0000a2da810cda219a6e",aa3f5945ea6f76d5cd471acf06d9aacb29f5a7331f7e19a0957a35b6d4ffcb4a,e38b1f590237cf3f4f247268476991ab784c581d07d800e0f395e01c9d9971e8,,
matched lifecycle carbon and physical correct-service counts are unavailable,repository provenance; no external numeric substitution,2026-09-08/v3.1.0,MP31|E0|UPSTREAM_ORIGINAL|seed13|I0,UNAVAILABLE,E0,d70181dc199692bcd152a8192a5a43825e6a9c19c95860e16c8bdcb3aee5eab7,c7e48b60a221c3240ebeaba78ef53a722a128156943112808c84d5e262272f75,SB_V3_1_MATCHED_U0_E0_IMPLEMENTATION_AND_SERVICE,TT/25C/1.8V,BLOCKED,ME31|MP31_E0_UPSTREAM_ORIGINAL_seed13_I0|mrcc_kgco2e_per_additional_correct_service,mrcc_kgco2e_per_additional_correct_service,E0-UPSTREAM_ORIGINAL-seed13,NOT_AVAILABLE,SKY130HD_WITH_SRAM22_RESEARCH_MACROS,STRUCTURAL_MISSINGNESS,kgCO2e_per_additional_correct_service,,read_dominant,V3_1_PHYSICAL_POPULATION,e3f9208950eee23e804ef0135cd98272a5c06654319b7dd9b2f391b7908b3147,"OpenROAD-flow-scripts SKY130HD, frozen image sha256:f05cee3219a02f26289f02f00e11a3fc986ab51a482a0000a2da810cda219a6e",aa3f5945ea6f76d5cd471acf06d9aacb29f5a7331f7e19a0957a35b6d4ffcb4a,e38b1f590237cf3f4f247268476991ab784c581d07d800e0f395e01c9d9971e8,,
no saturated architecture-level traffic experiment with backpressure,repository provenance; no external numeric substitution,2026-09-08/v3.1.0,MP31|E0|UPSTREAM_ORIGINAL|seed13|I0,UNAVAILABLE,E0,d70181dc199692bcd152a8192a5a43825e6a9c19c95860e16c8bdcb3aee5eab7,c7e48b60a221c3240ebeaba78ef53a722a128156943112808c84d5e262272f75,SB_V3_1_MATCHED_U0_E0_IMPLEMENTATION_AND_SERVICE,TT/25C/1.8V,BLOCKED,ME31|MP31_E0_UPSTREAM_ORIGINAL_seed13_I0|maximum_sustainable_throughput_services_per_s,maximum_sustainable_throughput_services_per_s,E0-UPSTREAM_ORIGINAL-seed13,NOT_AVAILABLE,SKY130HD_WITH_SRAM22_RESEARCH_MACROS,STRUCTURAL_MISSINGNESS,services_per_s,,read_dominant,V3_1_PHYSICAL_POPULATION,e3f9208950eee23e804ef0135cd98272a5c06654319b7dd9b2f391b7908b3147,"OpenROAD-flow-scripts SKY130HD, frozen image sha256:f05cee3219a02f26289f02f00e11a3fc986ab51a482a0000a2da810cda219a6e",aa3f5945ea6f76d5cd471acf06d9aacb29f5a7331f7e19a0957a35b6d4ffcb4a,e38b1f590237cf3f4f247268476991ab784c581d07d800e0f395e01c9d9971e8,,
residual SRAM input-transition violations prevent signoff qualification,repository provenance; no external numeric substitution,2026-09-08/v3.1.0,MP31|U0|UPSTREAM_ORIGINAL|seed17|I0,POST_ROUTE_ESTIMATE,E4,d70181dc199692bcd152a8192a5a43825e6a9c19c95860e16c8bdcb3aee5eab7,b3bc28660b6d97821c13f7eb4646ff43977ff9fea84da53839bef4e3152b99ae,SB_V3_1_MATCHED_U0_E0_IMPLEMENTATION_AND_SERVICE,TT/25C/1.8V,DIAGNOSTIC_ONLY,ME31|MP31_U0_UPSTREAM_ORIGINAL_seed17_I0|routed_total_area_um2,routed_total_area_um2,U0-UPSTREAM_ORIGINAL-seed17,MATCHED_POST_ROUTE_TOOL,SKY130HD_WITH_SRAM22_RESEARCH_MACROS,FIVE_IMPLEMENTATION_SEEDS,um2,206833,read_dominant,V3_1_PHYSICAL_POPULATION,90db8ba99880047f277844cef511ea59a9072f0c0ec89101342a14f37f9bfb31,"OpenROAD-flow-scripts SKY130HD, frozen image sha256:f05cee3219a02f26289f02f00e11a3fc986ab51a482a0000a2da810cda219a6e",9c3815a782be62795be0b7cf4eb467032c2bb0c36d6af77984fa1ad46b732830,83b9951d04766eeb85d673794aefe8a3b540af1686222a1a5017cb62e27a31ad,,
residual SRAM input-transition violations prevent signoff qualification,repository provenance; no external numeric substitution,2026-09-08/v3.1.0,MP31|U0|UPSTREAM_ORIGINAL|seed17|I0,POST_ROUTE_ESTIMATE,E4,d70181dc199692bcd152a8192a5a43825e6a9c19c95860e16c8bdcb3aee5eab7,b3bc28660b6d97821c13f7eb4646ff43977ff9fea84da53839bef4e3152b99ae,SB_V3_1_MATCHED_U0_E0_IMPLEMENTATION_AND_SERVICE,TT/25C/1.8V,DIAGNOSTIC_ONLY,ME31|MP31_U0_UPSTREAM_ORIGINAL_seed17_I0|wirelength_um,wirelength_um,U0-UPSTREAM_ORIGINAL-seed17,MATCHED_POST_ROUTE_TOOL,SKY130HD_WITH_SRAM22_RESEARCH_MACROS,FIVE_IMPLEMENTATION_SEEDS,um,22200,read_dominant,V3_1_PHYSICAL_POPULATION,90db8ba99880047f277844cef511ea59a9072f0c0ec89101342a14f37f9bfb31,"OpenROAD-flow-scripts SKY130HD, frozen image sha256:f05cee3219a02f26289f02f00e11a3fc986ab51a482a0000a2da810cda219a6e",9c3815a782be62795be0b7cf4eb467032c2bb0c36d6af77984fa1ad46b732830,83b9951d04766eeb85d673794aefe8a3b540af1686222a1a5017cb62e27a31ad,,
residual SRAM input-transition violations prevent signoff qualification,repository provenance; no external numeric substitution,2026-09-08/v3.1.0,MP31|U0|UPSTREAM_ORIGINAL|seed17|I0,POST_ROUTE_ESTIMATE,E4,d70181dc199692bcd152a8192a5a43825e6a9c19c95860e16c8bdcb3aee5eab7,b3bc28660b6d97821c13f7eb4646ff43977ff9fea84da53839bef4e3152b99ae,SB_V3_1_MATCHED_U0_E0_IMPLEMENTATION_AND_SERVICE,TT/25C/1.8V,DIAGNOSTIC_ONLY,ME31|MP31_U0_UPSTREAM_ORIGINAL_seed17_I0|via_count,via_count,U0-UPSTREAM_ORIGINAL-seed17,MATCHED_POST_ROUTE_TOOL,SKY130HD_WITH_SRAM22_RESEARCH_MACROS,FIVE_IMPLEMENTATION_SEEDS,count,1090,read_dominant,V3_1_PHYSICAL_POPULATION,90db8ba99880047f277844cef511ea59a9072f0c0ec89101342a14f37f9bfb31,"OpenROAD-flow-scripts SKY130HD, frozen image sha256:f05cee3219a02f26289f02f00e11a3fc986ab51a482a0000a2da810cda219a6e",9c3815a782be62795be0b7cf4eb467032c2bb0c36d6af77984fa1ad46b732830,83b9951d04766eeb85d673794aefe8a3b540af1686222a1a5017cb62e27a31ad,,
residual SRAM input-transition violations prevent signoff qualification,repository provenance; no external numeric substitution,2026-09-08/v3.1.0,MP31|U0|UPSTREAM_ORIGINAL|seed17|I0,POST_ROUTE_ESTIMATE,E4,d70181dc199692bcd152a8192a5a43825e6a9c19c95860e16c8bdcb3aee5eab7,b3bc28660b6d97821c13f7eb4646ff43977ff9fea84da53839bef4e3152b99ae,SB_V3_1_MATCHED_U0_E0_IMPLEMENTATION_AND_SERVICE,TT/25C/1.8V,DIAGNOSTIC_ONLY,ME31|MP31_U0_UPSTREAM_ORIGINAL_seed17_I0|power_internal_w,power_internal_w,U0-UPSTREAM_ORIGINAL-seed17,MATCHED_POST_ROUTE_TOOL,SKY130HD_WITH_SRAM22_RESEARCH_MACROS,FIVE_IMPLEMENTATION_SEEDS,W,0.000772799,read_dominant,V3_1_PHYSICAL_POPULATION,90db8ba99880047f277844cef511ea59a9072f0c0ec89101342a14f37f9bfb31,"OpenROAD-flow-scripts SKY130HD, frozen image sha256:f05cee3219a02f26289f02f00e11a3fc986ab51a482a0000a2da810cda219a6e",9c3815a782be62795be0b7cf4eb467032c2bb0c36d6af77984fa1ad46b732830,83b9951d04766eeb85d673794aefe8a3b540af1686222a1a5017cb62e27a31ad,,
residual SRAM input-transition violations prevent signoff qualification,repository provenance; no external numeric substitution,2026-09-08/v3.1.0,MP31|U0|UPSTREAM_ORIGINAL|seed17|I0,POST_ROUTE_ESTIMATE,E4,d70181dc199692bcd152a8192a5a43825e6a9c19c95860e16c8bdcb3aee5eab7,b3bc28660b6d97821c13f7eb4646ff43977ff9fea84da53839bef4e3152b99ae,SB_V3_1_MATCHED_U0_E0_IMPLEMENTATION_AND_SERVICE,TT/25C/1.8V,DIAGNOSTIC_ONLY,ME31|MP31_U0_UPSTREAM_ORIGINAL_seed17_I0|power_switching_w,power_switching_w,U0-UPSTREAM_ORIGINAL-seed17,MATCHED_POST_ROUTE_TOOL,SKY130HD_WITH_SRAM22_RESEARCH_MACROS,FIVE_IMPLEMENTATION_SEEDS,W,3.13192e-05,read_dominant,V3_1_PHYSICAL_POPULATION,90db8ba99880047f277844cef511ea59a9072f0c0ec89101342a14f37f9bfb31,"OpenROAD-flow-scripts SKY130HD, frozen image sha256:f05cee3219a02f26289f02f00e11a3fc986ab51a482a0000a2da810cda219a6e",9c3815a782be62795be0b7cf4eb467032c2bb0c36d6af77984fa1ad46b732830,83b9951d04766eeb85d673794aefe8a3b540af1686222a1a5017cb62e27a31ad,,
residual SRAM input-transition violations prevent signoff qualification,repository provenance; no external numeric substitution,2026-09-08/v3.1.0,MP31|U0|UPSTREAM_ORIGINAL|seed17|I0,POST_ROUTE_ESTIMATE,E4,d70181dc199692bcd152a8192a5a43825e6a9c19c95860e16c8bdcb3aee5eab7,b3bc28660b6d97821c13f7eb4646ff43977ff9fea84da53839bef4e3152b99ae,SB_V3_1_MATCHED_U0_E0_IMPLEMENTATION_AND_SERVICE,TT/25C/1.8V,DIAGNOSTIC_ONLY,ME31|MP31_U0_UPSTREAM_ORIGINAL_seed17_I0|power_leakage_w,power_leakage_w,U0-UPSTREAM_ORIGINAL-seed17,MATCHED_POST_ROUTE_TOOL,SKY130HD_WITH_SRAM22_RESEARCH_MACROS,FIVE_IMPLEMENTATION_SEEDS,W,6.42569e-07,read_dominant,V3_1_PHYSICAL_POPULATION,90db8ba99880047f277844cef511ea59a9072f0c0ec89101342a14f37f9bfb31,"OpenROAD-flow-scripts SKY130HD, frozen image sha256:f05cee3219a02f26289f02f00e11a3fc986ab51a482a0000a2da810cda219a6e",9c3815a782be62795be0b7cf4eb467032c2bb0c36d6af77984fa1ad46b732830,83b9951d04766eeb85d673794aefe8a3b540af1686222a1a5017cb62e27a31ad,,
residual SRAM input-transition violations prevent signoff qualification,repository provenance; no external numeric substitution,2026-09-08/v3.1.0,MP31|U0|UPSTREAM_ORIGINAL|seed17|I0,POST_ROUTE_ESTIMATE,E4,d70181dc199692bcd152a8192a5a43825e6a9c19c95860e16c8bdcb3aee5eab7,b3bc28660b6d97821c13f7eb4646ff43977ff9fea84da53839bef4e3152b99ae,SB_V3_1_MATCHED_U0_E0_IMPLEMENTATION_AND_SERVICE,TT/25C/1.8V,DIAGNOSTIC_ONLY,ME31|MP31_U0_UPSTREAM_ORIGINAL_seed17_I0|power_total_vectorless_w,power_total_vectorless_w,U0-UPSTREAM_ORIGINAL-seed17,MATCHED_POST_ROUTE_TOOL,SKY130HD_WITH_SRAM22_RESEARCH_MACROS,FIVE_IMPLEMENTATION_SEEDS,W,0.000804761,read_dominant,V3_1_PHYSICAL_POPULATION,90db8ba99880047f277844cef511ea59a9072f0c0ec89101342a14f37f9bfb31,"OpenROAD-flow-scripts SKY130HD, frozen image sha256:f05cee3219a02f26289f02f00e11a3fc986ab51a482a0000a2da810cda219a6e",9c3815a782be62795be0b7cf4eb467032c2bb0c36d6af77984fa1ad46b732830,83b9951d04766eeb85d673794aefe8a3b540af1686222a1a5017cb62e27a31ad,,
residual SRAM input-transition violations prevent signoff qualification,repository provenance; no external numeric substitution,2026-09-08/v3.1.0,MP31|U0|UPSTREAM_ORIGINAL|seed17|I0,POST_ROUTE_ESTIMATE,E4,d70181dc199692bcd152a8192a5a43825e6a9c19c95860e16c8bdcb3aee5eab7,b3bc28660b6d97821c13f7eb4646ff43977ff9fea84da53839bef4e3152b99ae,SB_V3_1_MATCHED_U0_E0_IMPLEMENTATION_AND_SERVICE,TT/25C/1.8V,DIAGNOSTIC_ONLY,ME31|MP31_U0_UPSTREAM_ORIGINAL_seed17_I0|setup_wns_ns,setup_wns_ns,U0-UPSTREAM_ORIGINAL-seed17,MATCHED_POST_ROUTE_TOOL,SKY130HD_WITH_SRAM22_RESEARCH_MACROS,FIVE_IMPLEMENTATION_SEEDS,ns,4.46182,read_dominant,V3_1_PHYSICAL_POPULATION,90db8ba99880047f277844cef511ea59a9072f0c0ec89101342a14f37f9bfb31,"OpenROAD-flow-scripts SKY130HD, frozen image sha256:f05cee3219a02f26289f02f00e11a3fc986ab51a482a0000a2da810cda219a6e",9c3815a782be62795be0b7cf4eb467032c2bb0c36d6af77984fa1ad46b732830,83b9951d04766eeb85d673794aefe8a3b540af1686222a1a5017cb62e27a31ad,,
residual SRAM input-transition violations prevent signoff qualification,repository provenance; no external numeric substitution,2026-09-08/v3.1.0,MP31|U0|UPSTREAM_ORIGINAL|seed17|I0,POST_ROUTE_ESTIMATE,E4,d70181dc199692bcd152a8192a5a43825e6a9c19c95860e16c8bdcb3aee5eab7,b3bc28660b6d97821c13f7eb4646ff43977ff9fea84da53839bef4e3152b99ae,SB_V3_1_MATCHED_U0_E0_IMPLEMENTATION_AND_SERVICE,TT/25C/1.8V,DIAGNOSTIC_ONLY,ME31|MP31_U0_UPSTREAM_ORIGINAL_seed17_I0|hold_wns_ns,hold_wns_ns,U0-UPSTREAM_ORIGINAL-seed17,MATCHED_POST_ROUTE_TOOL,SKY130HD_WITH_SRAM22_RESEARCH_MACROS,FIVE_IMPLEMENTATION_SEEDS,ns,0.0246256,read_dominant,V3_1_PHYSICAL_POPULATION,90db8ba99880047f277844cef511ea59a9072f0c0ec89101342a14f37f9bfb31,"OpenROAD-flow-scripts SKY130HD, frozen image sha256:f05cee3219a02f26289f02f00e11a3fc986ab51a482a0000a2da810cda219a6e",9c3815a782be62795be0b7cf4eb467032c2bb0c36d6af77984fa1ad46b732830,83b9951d04766eeb85d673794aefe8a3b540af1686222a1a5017cb62e27a31ad,,
,repository provenance; no external numeric substitution,2026-09-08/v3.1.0,MP31|U0|UPSTREAM_ORIGINAL|seed17|I0,ANALYTICAL,E3,d70181dc199692bcd152a8192a5a43825e6a9c19c95860e16c8bdcb3aee5eab7,b3bc28660b6d97821c13f7eb4646ff43977ff9fea84da53839bef4e3152b99ae,SB_V3_1_MATCHED_U0_E0_IMPLEMENTATION_AND_SERVICE,TT/25C/1.8V,QUALIFIED_WITHIN_DECLARED_RTL_BOUNDARY,ME31|MP31_U0_UPSTREAM_ORIGINAL_seed17_I0|registered_service_latency_s,registered_service_latency_s,U0-UPSTREAM_ORIGINAL-seed17,RTL_CONTRACT_AND_EXACT_LOGICAL_MODEL,SKY130HD_WITH_SRAM22_RESEARCH_MACROS,DETERMINISTIC_RTL_CONTRACT,s,1e-08,read_dominant,V3_1_PHYSICAL_POPULATION,90db8ba99880047f277844cef511ea59a9072f0c0ec89101342a14f37f9bfb31,"OpenROAD-flow-scripts SKY130HD, frozen image sha256:f05cee3219a02f26289f02f00e11a3fc986ab51a482a0000a2da810cda219a6e",9c3815a782be62795be0b7cf4eb467032c2bb0c36d6af77984fa1ad46b732830,83b9951d04766eeb85d673794aefe8a3b540af1686222a1a5017cb62e27a31ad,,
,repository provenance; no external numeric substitution,2026-09-08/v3.1.0,MP31|U0|UPSTREAM_ORIGINAL|seed17|I0,ANALYTICAL,E3,d70181dc199692bcd152a8192a5a43825e6a9c19c95860e16c8bdcb3aee5eab7,b3bc28660b6d97821c13f7eb4646ff43977ff9fea84da53839bef4e3152b99ae,SB_V3_1_MATCHED_U0_E0_IMPLEMENTATION_AND_SERVICE,TT/25C/1.8V,QUALIFIED_WITHIN_DECLARED_RTL_BOUNDARY,ME31|MP31_U0_UPSTREAM_ORIGINAL_seed17_I0|initiation_interval_cycles,initiation_interval_cycles,U0-UPSTREAM_ORIGINAL-seed17,RTL_CONTRACT_AND_EXACT_LOGICAL_MODEL,SKY130HD_WITH_SRAM22_RESEARCH_MACROS,DETERMINISTIC_RTL_CONTRACT,cycle,1,read_dominant,V3_1_PHYSICAL_POPULATION,90db8ba99880047f277844cef511ea59a9072f0c0ec89101342a14f37f9bfb31,"OpenROAD-flow-scripts SKY130HD, frozen image sha256:f05cee3219a02f26289f02f00e11a3fc986ab51a482a0000a2da810cda219a6e",9c3815a782be62795be0b7cf4eb467032c2bb0c36d6af77984fa1ad46b732830,83b9951d04766eeb85d673794aefe8a3b540af1686222a1a5017cb62e27a31ad,,
,repository provenance; no external numeric substitution,2026-09-08/v3.1.0,MP31|U0|UPSTREAM_ORIGINAL|seed17|I0,ANALYTICAL,E3,d70181dc199692bcd152a8192a5a43825e6a9c19c95860e16c8bdcb3aee5eab7,b3bc28660b6d97821c13f7eb4646ff43977ff9fea84da53839bef4e3152b99ae,SB_V3_1_MATCHED_U0_E0_IMPLEMENTATION_AND_SERVICE,TT/25C/1.8V,QUALIFIED_WITHIN_DECLARED_RTL_BOUNDARY,ME31|MP31_U0_UPSTREAM_ORIGINAL_seed17_I0|nominal_initiation_capacity_services_per_s,nominal_initiation_capacity_services_per_s,U0-UPSTREAM_ORIGINAL-seed17,RTL_CONTRACT_AND_EXACT_LOGICAL_MODEL,SKY130HD_WITH_SRAM22_RESEARCH_MACROS,DETERMINISTIC_RTL_CONTRACT,services_per_s,100000000.0,read_dominant,V3_1_PHYSICAL_POPULATION,90db8ba99880047f277844cef511ea59a9072f0c0ec89101342a14f37f9bfb31,"OpenROAD-flow-scripts SKY130HD, frozen image sha256:f05cee3219a02f26289f02f00e11a3fc986ab51a482a0000a2da810cda219a6e",9c3815a782be62795be0b7cf4eb467032c2bb0c36d6af77984fa1ad46b732830,83b9951d04766eeb85d673794aefe8a3b540af1686222a1a5017cb62e27a31ad,,
,repository provenance; no external numeric substitution,2026-09-08/v3.1.0,MP31|U0|UPSTREAM_ORIGINAL|seed17|I0,ANALYTICAL,E3,d70181dc199692bcd152a8192a5a43825e6a9c19c95860e16c8bdcb3aee5eab7,b3bc28660b6d97821c13f7eb4646ff43977ff9fea84da53839bef4e3152b99ae,SB_V3_1_MATCHED_U0_E0_IMPLEMENTATION_AND_SERVICE,TT/25C/1.8V,QUALIFIED_WITHIN_DECLARED_RTL_BOUNDARY,ME31|MP31_U0_UPSTREAM_ORIGINAL_seed17_I0|conditional_ecc_outcome_model,conditional_ecc_outcome_model,U0-UPSTREAM_ORIGINAL-seed17,RTL_CONTRACT_AND_EXACT_LOGICAL_MODEL,SKY130HD_WITH_SRAM22_RESEARCH_MACROS,DETERMINISTIC_RTL_CONTRACT,mapping,DECODER_REQUIRED_AFTER_PHYSICAL_MAPPING,read_dominant,V3_1_PHYSICAL_POPULATION,90db8ba99880047f277844cef511ea59a9072f0c0ec89101342a14f37f9bfb31,"OpenROAD-flow-scripts SKY130HD, frozen image sha256:f05cee3219a02f26289f02f00e11a3fc986ab51a482a0000a2da810cda219a6e",9c3815a782be62795be0b7cf4eb467032c2bb0c36d6af77984fa1ad46b732830,83b9951d04766eeb85d673794aefe8a3b540af1686222a1a5017cb62e27a31ad,,
does not establish bitcell xy or address-to-cell mapping,repository provenance; no external numeric substitution,2026-09-08/v3.1.0,MP31|U0|UPSTREAM_ORIGINAL|seed17|I0,POST_ROUTE_ESTIMATE,E4,d70181dc199692bcd152a8192a5a43825e6a9c19c95860e16c8bdcb3aee5eab7,b3bc28660b6d97821c13f7eb4646ff43977ff9fea84da53839bef4e3152b99ae,SB_V3_1_MATCHED_U0_E0_IMPLEMENTATION_AND_SERVICE,TT/25C/1.8V,MACRO_LEVEL_ONLY,ME31|MP31_U0_UPSTREAM_ORIGINAL_seed17_I0|macro_placement_geometry,macro_placement_geometry,U0-UPSTREAM_ORIGINAL-seed17,POST_ROUTE_DEF_LEF_AND_SPICE_CONNECTIVITY,SKY130HD_WITH_SRAM22_RESEARCH_MACROS,FIVE_IMPLEMENTATION_SEEDS,mapping,DEF_MACRO_ORIGIN_ORIENTATION_AND_LEF_EXTENT,read_dominant,V3_1_PHYSICAL_POPULATION,90db8ba99880047f277844cef511ea59a9072f0c0ec89101342a14f37f9bfb31,"OpenROAD-flow-scripts SKY130HD, frozen image sha256:f05cee3219a02f26289f02f00e11a3fc986ab51a482a0000a2da810cda219a6e",9c3815a782be62795be0b7cf4eb467032c2bb0c36d6af77984fa1ad46b732830,83b9951d04766eeb85d673794aefe8a3b540af1686222a1a5017cb62e27a31ad,,
complete address/column-select-to-GDS-bitcell map is unavailable,repository provenance; no external numeric substitution,2026-09-08/v3.1.0,MP31|U0|UPSTREAM_ORIGINAL|seed17|I0,UNAVAILABLE,E0,d70181dc199692bcd152a8192a5a43825e6a9c19c95860e16c8bdcb3aee5eab7,b3bc28660b6d97821c13f7eb4646ff43977ff9fea84da53839bef4e3152b99ae,SB_V3_1_MATCHED_U0_E0_IMPLEMENTATION_AND_SERVICE,TT/25C/1.8V,BLOCKED,ME31|MP31_U0_UPSTREAM_ORIGINAL_seed17_I0|bitcell_physical_geometry,bitcell_physical_geometry,U0-UPSTREAM_ORIGINAL-seed17,NOT_AVAILABLE,SKY130HD_WITH_SRAM22_RESEARCH_MACROS,STRUCTURAL_MISSINGNESS,mapping,,read_dominant,V3_1_PHYSICAL_POPULATION,90db8ba99880047f277844cef511ea59a9072f0c0ec89101342a14f37f9bfb31,"OpenROAD-flow-scripts SKY130HD, frozen image sha256:f05cee3219a02f26289f02f00e11a3fc986ab51a482a0000a2da810cda219a6e",9c3815a782be62795be0b7cf4eb467032c2bb0c36d6af77984fa1ad46b732830,83b9951d04766eeb85d673794aefe8a3b540af1686222a1a5017cb62e27a31ad,,
no qualified transient-injection experiment and model-card provenance were established,repository provenance; no external numeric substitution,2026-09-08/v3.1.0,MP31|U0|UPSTREAM_ORIGINAL|seed17|I0,UNAVAILABLE,E0,d70181dc199692bcd152a8192a5a43825e6a9c19c95860e16c8bdcb3aee5eab7,b3bc28660b6d97821c13f7eb4646ff43977ff9fea84da53839bef4e3152b99ae,SB_V3_1_MATCHED_U0_E0_IMPLEMENTATION_AND_SERVICE,TT/25C/1.8V,BLOCKED,ME31|MP31_U0_UPSTREAM_ORIGINAL_seed17_I0|qcrit_c,qcrit_c,U0-UPSTREAM_ORIGINAL-seed17,NOT_AVAILABLE,SKY130HD_WITH_SRAM22_RESEARCH_MACROS,STRUCTURAL_MISSINGNESS,C,,read_dominant,V3_1_PHYSICAL_POPULATION,90db8ba99880047f277844cef511ea59a9072f0c0ec89101342a14f37f9bfb31,"OpenROAD-flow-scripts SKY130HD, frozen image sha256:f05cee3219a02f26289f02f00e11a3fc986ab51a482a0000a2da810cda219a6e",9c3815a782be62795be0b7cf4eb467032c2bb0c36d6af77984fa1ad46b732830,83b9951d04766eeb85d673794aefe8a3b540af1686222a1a5017cb62e27a31ad,,
no technology/PVT/geometry-matched physical event PMF or rate,repository provenance; no external numeric substitution,2026-09-08/v3.1.0,MP31|U0|UPSTREAM_ORIGINAL|seed17|I0,UNAVAILABLE,E0,d70181dc199692bcd152a8192a5a43825e6a9c19c95860e16c8bdcb3aee5eab7,b3bc28660b6d97821c13f7eb4646ff43977ff9fea84da53839bef4e3152b99ae,SB_V3_1_MATCHED_U0_E0_IMPLEMENTATION_AND_SERVICE,TT/25C/1.8V,BLOCKED,ME31|MP31_U0_UPSTREAM_ORIGINAL_seed17_I0|physical_fault_probability,physical_fault_probability,U0-UPSTREAM_ORIGINAL-seed17,NOT_AVAILABLE,SKY130HD_WITH_SRAM22_RESEARCH_MACROS,STRUCTURAL_MISSINGNESS,probability,,read_dominant,V3_1_PHYSICAL_POPULATION,90db8ba99880047f277844cef511ea59a9072f0c0ec89101342a14f37f9bfb31,"OpenROAD-flow-scripts SKY130HD, frozen image sha256:f05cee3219a02f26289f02f00e11a3fc986ab51a482a0000a2da810cda219a6e",9c3815a782be62795be0b7cf4eb467032c2bb0c36d6af77984fa1ad46b732830,83b9951d04766eeb85d673794aefe8a3b540af1686222a1a5017cb62e27a31ad,,
physical topology probabilities and exact cell mapping are unavailable,repository provenance; no external numeric substitution,2026-09-08/v3.1.0,MP31|U0|UPSTREAM_ORIGINAL|seed17|I0,UNAVAILABLE,E0,d70181dc199692bcd152a8192a5a43825e6a9c19c95860e16c8bdcb3aee5eab7,b3bc28660b6d97821c13f7eb4646ff43977ff9fea84da53839bef4e3152b99ae,SB_V3_1_MATCHED_U0_E0_IMPLEMENTATION_AND_SERVICE,TT/25C/1.8V,BLOCKED,ME31|MP31_U0_UPSTREAM_ORIGINAL_seed17_I0|physical_sdc_probability,physical_sdc_probability,U0-UPSTREAM_ORIGINAL-seed17,NOT_AVAILABLE,SKY130HD_WITH_SRAM22_RESEARCH_MACROS,STRUCTURAL_MISSINGNESS,probability,,read_dominant,V3_1_PHYSICAL_POPULATION,90db8ba99880047f277844cef511ea59a9072f0c0ec89101342a14f37f9bfb31,"OpenROAD-flow-scripts SKY130HD, frozen image sha256:f05cee3219a02f26289f02f00e11a3fc986ab51a482a0000a2da810cda219a6e",9c3815a782be62795be0b7cf4eb467032c2bb0c36d6af77984fa1ad46b732830,83b9951d04766eeb85d673794aefe8a3b540af1686222a1a5017cb62e27a31ad,,
physical topology probabilities and exact cell mapping are unavailable,repository provenance; no external numeric substitution,2026-09-08/v3.1.0,MP31|U0|UPSTREAM_ORIGINAL|seed17|I0,UNAVAILABLE,E0,d70181dc199692bcd152a8192a5a43825e6a9c19c95860e16c8bdcb3aee5eab7,b3bc28660b6d97821c13f7eb4646ff43977ff9fea84da53839bef4e3152b99ae,SB_V3_1_MATCHED_U0_E0_IMPLEMENTATION_AND_SERVICE,TT/25C/1.8V,BLOCKED,ME31|MP31_U0_UPSTREAM_ORIGINAL_seed17_I0|physical_due_probability,physical_due_probability,U0-UPSTREAM_ORIGINAL-seed17,NOT_AVAILABLE,SKY130HD_WITH_SRAM22_RESEARCH_MACROS,STRUCTURAL_MISSINGNESS,probability,,read_dominant,V3_1_PHYSICAL_POPULATION,90db8ba99880047f277844cef511ea59a9072f0c0ec89101342a14f37f9bfb31,"OpenROAD-flow-scripts SKY130HD, frozen image sha256:f05cee3219a02f26289f02f00e11a3fc986ab51a482a0000a2da810cda219a6e",9c3815a782be62795be0b7cf4eb467032c2bb0c36d6af77984fa1ad46b732830,83b9951d04766eeb85d673794aefe8a3b540af1686222a1a5017cb62e27a31ad,,
no qualified event rate; logical enumeration is not FIT,repository provenance; no external numeric substitution,2026-09-08/v3.1.0,MP31|U0|UPSTREAM_ORIGINAL|seed17|I0,UNAVAILABLE,E0,d70181dc199692bcd152a8192a5a43825e6a9c19c95860e16c8bdcb3aee5eab7,b3bc28660b6d97821c13f7eb4646ff43977ff9fea84da53839bef4e3152b99ae,SB_V3_1_MATCHED_U0_E0_IMPLEMENTATION_AND_SERVICE,TT/25C/1.8V,BLOCKED,ME31|MP31_U0_UPSTREAM_ORIGINAL_seed17_I0|fit,fit,U0-UPSTREAM_ORIGINAL-seed17,NOT_AVAILABLE,SKY130HD_WITH_SRAM22_RESEARCH_MACROS,STRUCTURAL_MISSINGNESS,FIT,,read_dominant,V3_1_PHYSICAL_POPULATION,90db8ba99880047f277844cef511ea59a9072f0c0ec89101342a14f37f9bfb31,"OpenROAD-flow-scripts SKY130HD, frozen image sha256:f05cee3219a02f26289f02f00e11a3fc986ab51a482a0000a2da810cda219a6e",9c3815a782be62795be0b7cf4eb467032c2bb0c36d6af77984fa1ad46b732830,83b9951d04766eeb85d673794aefe8a3b540af1686222a1a5017cb62e27a31ad,,
"I1/I2 are proposals, not routed implementations",repository provenance; no external numeric substitution,2026-09-08/v3.1.0,MP31|U0|UPSTREAM_ORIGINAL|seed17|I0,UNAVAILABLE,E0,d70181dc199692bcd152a8192a5a43825e6a9c19c95860e16c8bdcb3aee5eab7,b3bc28660b6d97821c13f7eb4646ff43977ff9fea84da53839bef4e3152b99ae,SB_V3_1_MATCHED_U0_E0_IMPLEMENTATION_AND_SERVICE,TT/25C/1.8V,BLOCKED,ME31|MP31_U0_UPSTREAM_ORIGINAL_seed17_I0|implemented_nontrivial_interleaver_overhead,implemented_nontrivial_interleaver_overhead,U0-UPSTREAM_ORIGINAL-seed17,NOT_AVAILABLE,SKY130HD_WITH_SRAM22_RESEARCH_MACROS,STRUCTURAL_MISSINGNESS,um2,,read_dominant,V3_1_PHYSICAL_POPULATION,90db8ba99880047f277844cef511ea59a9072f0c0ec89101342a14f37f9bfb31,"OpenROAD-flow-scripts SKY130HD, frozen image sha256:f05cee3219a02f26289f02f00e11a3fc986ab51a482a0000a2da810cda219a6e",9c3815a782be62795be0b7cf4eb467032c2bb0c36d6af77984fa1ad46b732830,83b9951d04766eeb85d673794aefe8a3b540af1686222a1a5017cb62e27a31ad,,
matched SKY130 manufacturing inventory is unavailable,repository provenance; no external numeric substitution,2026-09-08/v3.1.0,MP31|U0|UPSTREAM_ORIGINAL|seed17|I0,UNAVAILABLE,E0,d70181dc199692bcd152a8192a5a43825e6a9c19c95860e16c8bdcb3aee5eab7,b3bc28660b6d97821c13f7eb4646ff43977ff9fea84da53839bef4e3152b99ae,SB_V3_1_MATCHED_U0_E0_IMPLEMENTATION_AND_SERVICE,TT/25C/1.8V,BLOCKED,ME31|MP31_U0_UPSTREAM_ORIGINAL_seed17_I0|manufacturing_carbon_kgco2e,manufacturing_carbon_kgco2e,U0-UPSTREAM_ORIGINAL-seed17,NOT_AVAILABLE,SKY130HD_WITH_SRAM22_RESEARCH_MACROS,STRUCTURAL_MISSINGNESS,kgCO2e,,read_dominant,V3_1_PHYSICAL_POPULATION,90db8ba99880047f277844cef511ea59a9072f0c0ec89101342a14f37f9bfb31,"OpenROAD-flow-scripts SKY130HD, frozen image sha256:f05cee3219a02f26289f02f00e11a3fc986ab51a482a0000a2da810cda219a6e",9c3815a782be62795be0b7cf4eb467032c2bb0c36d6af77984fa1ad46b732830,83b9951d04766eeb85d673794aefe8a3b540af1686222a1a5017cb62e27a31ad,,
lifecycle carbon and physical correct-service probability are unavailable,repository provenance; no external numeric substitution,2026-09-08/v3.1.0,MP31|U0|UPSTREAM_ORIGINAL|seed17|I0,UNAVAILABLE,E0,d70181dc199692bcd152a8192a5a43825e6a9c19c95860e16c8bdcb3aee5eab7,b3bc28660b6d97821c13f7eb4646ff43977ff9fea84da53839bef4e3152b99ae,SB_V3_1_MATCHED_U0_E0_IMPLEMENTATION_AND_SERVICE,TT/25C/1.8V,BLOCKED,ME31|MP31_U0_UPSTREAM_ORIGINAL_seed17_I0|csci_kgco2e_per_correct_service,csci_kgco2e_per_correct_service,U0-UPSTREAM_ORIGINAL-seed17,NOT_AVAILABLE,SKY130HD_WITH_SRAM22_RESEARCH_MACROS,STRUCTURAL_MISSINGNESS,kgCO2e_per_correct_service,,read_dominant,V3_1_PHYSICAL_POPULATION,90db8ba99880047f277844cef511ea59a9072f0c0ec89101342a14f37f9bfb31,"OpenROAD-flow-scripts SKY130HD, frozen image sha256:f05cee3219a02f26289f02f00e11a3fc986ab51a482a0000a2da810cda219a6e",9c3815a782be62795be0b7cf4eb467032c2bb0c36d6af77984fa1ad46b732830,83b9951d04766eeb85d673794aefe8a3b540af1686222a1a5017cb62e27a31ad,,
matched lifecycle carbon and physical correct-service counts are unavailable,repository provenance; no external numeric substitution,2026-09-08/v3.1.0,MP31|U0|UPSTREAM_ORIGINAL|seed17|I0,UNAVAILABLE,E0,d70181dc199692bcd152a8192a5a43825e6a9c19c95860e16c8bdcb3aee5eab7,b3bc28660b6d97821c13f7eb4646ff43977ff9fea84da53839bef4e3152b99ae,SB_V3_1_MATCHED_U0_E0_IMPLEMENTATION_AND_SERVICE,TT/25C/1.8V,BLOCKED,ME31|MP31_U0_UPSTREAM_ORIGINAL_seed17_I0|mrcc_kgco2e_per_additional_correct_service,mrcc_kgco2e_per_additional_correct_service,U0-UPSTREAM_ORIGINAL-seed17,NOT_AVAILABLE,SKY130HD_WITH_SRAM22_RESEARCH_MACROS,STRUCTURAL_MISSINGNESS,kgCO2e_per_additional_correct_service,,read_dominant,V3_1_PHYSICAL_POPULATION,90db8ba99880047f277844cef511ea59a9072f0c0ec89101342a14f37f9bfb31,"OpenROAD-flow-scripts SKY130HD, frozen image sha256:f05cee3219a02f26289f02f00e11a3fc986ab51a482a0000a2da810cda219a6e",9c3815a782be62795be0b7cf4eb467032c2bb0c36d6af77984fa1ad46b732830,83b9951d04766eeb85d673794aefe8a3b540af1686222a1a5017cb62e27a31ad,,
no saturated architecture-level traffic experiment with backpressure,repository provenance; no external numeric substitution,2026-09-08/v3.1.0,MP31|U0|UPSTREAM_ORIGINAL|seed17|I0,UNAVAILABLE,E0,d70181dc199692bcd152a8192a5a43825e6a9c19c95860e16c8bdcb3aee5eab7,b3bc28660b6d97821c13f7eb4646ff43977ff9fea84da53839bef4e3152b99ae,SB_V3_1_MATCHED_U0_E0_IMPLEMENTATION_AND_SERVICE,TT/25C/1.8V,BLOCKED,ME31|MP31_U0_UPSTREAM_ORIGINAL_seed17_I0|maximum_sustainable_throughput_services_per_s,maximum_sustainable_throughput_services_per_s,U0-UPSTREAM_ORIGINAL-seed17,NOT_AVAILABLE,SKY130HD_WITH_SRAM22_RESEARCH_MACROS,STRUCTURAL_MISSINGNESS,services_per_s,,read_dominant,V3_1_PHYSICAL_POPULATION,90db8ba99880047f277844cef511ea59a9072f0c0ec89101342a14f37f9bfb31,"OpenROAD-flow-scripts SKY130HD, frozen image sha256:f05cee3219a02f26289f02f00e11a3fc986ab51a482a0000a2da810cda219a6e",9c3815a782be62795be0b7cf4eb467032c2bb0c36d6af77984fa1ad46b732830,83b9951d04766eeb85d673794aefe8a3b540af1686222a1a5017cb62e27a31ad,,
residual SRAM input-transition violations prevent signoff qualification,repository provenance; no external numeric substitution,2026-09-08/v3.1.0,MP31|E0|UPSTREAM_ORIGINAL|seed17|I0,POST_ROUTE_ESTIMATE,E4,d70181dc199692bcd152a8192a5a43825e6a9c19c95860e16c8bdcb3aee5eab7,204d91b0196aa77ce35d195efc0aaa51a1d04d0b81f0f4c8bc369740160dcbc9,SB_V3_1_MATCHED_U0_E0_IMPLEMENTATION_AND_SERVICE,TT/25C/1.8V,DIAGNOSTIC_ONLY,ME31|MP31_E0_UPSTREAM_ORIGINAL_seed17_I0|routed_total_area_um2,routed_total_area_um2,E0-UPSTREAM_ORIGINAL-seed17,MATCHED_POST_ROUTE_TOOL,SKY130HD_WITH_SRAM22_RESEARCH_MACROS,FIVE_IMPLEMENTATION_SEEDS,um2,276004,read_dominant,V3_1_PHYSICAL_POPULATION,d8744a20c29d0174c7f50098d0cd8166aa669c55d42ecc4c589adc8c9b00af72,"OpenROAD-flow-scripts SKY130HD, frozen image sha256:f05cee3219a02f26289f02f00e11a3fc986ab51a482a0000a2da810cda219a6e",aa3f5945ea6f76d5cd471acf06d9aacb29f5a7331f7e19a0957a35b6d4ffcb4a,e38b1f590237cf3f4f247268476991ab784c581d07d800e0f395e01c9d9971e8,,
residual SRAM input-transition violations prevent signoff qualification,repository provenance; no external numeric substitution,2026-09-08/v3.1.0,MP31|E0|UPSTREAM_ORIGINAL|seed17|I0,POST_ROUTE_ESTIMATE,E4,d70181dc199692bcd152a8192a5a43825e6a9c19c95860e16c8bdcb3aee5eab7,204d91b0196aa77ce35d195efc0aaa51a1d04d0b81f0f4c8bc369740160dcbc9,SB_V3_1_MATCHED_U0_E0_IMPLEMENTATION_AND_SERVICE,TT/25C/1.8V,DIAGNOSTIC_ONLY,ME31|MP31_E0_UPSTREAM_ORIGINAL_seed17_I0|wirelength_um,wirelength_um,E0-UPSTREAM_ORIGINAL-seed17,MATCHED_POST_ROUTE_TOOL,SKY130HD_WITH_SRAM22_RESEARCH_MACROS,FIVE_IMPLEMENTATION_SEEDS,um,79820,read_dominant,V3_1_PHYSICAL_POPULATION,d8744a20c29d0174c7f50098d0cd8166aa669c55d42ecc4c589adc8c9b00af72,"OpenROAD-flow-scripts SKY130HD, frozen image sha256:f05cee3219a02f26289f02f00e11a3fc986ab51a482a0000a2da810cda219a6e",aa3f5945ea6f76d5cd471acf06d9aacb29f5a7331f7e19a0957a35b6d4ffcb4a,e38b1f590237cf3f4f247268476991ab784c581d07d800e0f395e01c9d9971e8,,
residual SRAM input-transition violations prevent signoff qualification,repository provenance; no external numeric substitution,2026-09-08/v3.1.0,MP31|E0|UPSTREAM_ORIGINAL|seed17|I0,POST_ROUTE_ESTIMATE,E4,d70181dc199692bcd152a8192a5a43825e6a9c19c95860e16c8bdcb3aee5eab7,204d91b0196aa77ce35d195efc0aaa51a1d04d0b81f0f4c8bc369740160dcbc9,SB_V3_1_MATCHED_U0_E0_IMPLEMENTATION_AND_SERVICE,TT/25C/1.8V,DIAGNOSTIC_ONLY,ME31|MP31_E0_UPSTREAM_ORIGINAL_seed17_I0|via_count,via_count,E0-UPSTREAM_ORIGINAL-seed17,MATCHED_POST_ROUTE_TOOL,SKY130HD_WITH_SRAM22_RESEARCH_MACROS,FIVE_IMPLEMENTATION_SEEDS,count,6789,read_dominant,V3_1_PHYSICAL_POPULATION,d8744a20c29d0174c7f50098d0cd8166aa669c55d42ecc4c589adc8c9b00af72,"OpenROAD-flow-scripts SKY130HD, frozen image sha256:f05cee3219a02f26289f02f00e11a3fc986ab51a482a0000a2da810cda219a6e",aa3f5945ea6f76d5cd471acf06d9aacb29f5a7331f7e19a0957a35b6d4ffcb4a,e38b1f590237cf3f4f247268476991ab784c581d07d800e0f395e01c9d9971e8,,
residual SRAM input-transition violations prevent signoff qualification,repository provenance; no external numeric substitution,2026-09-08/v3.1.0,MP31|E0|UPSTREAM_ORIGINAL|seed17|I0,POST_ROUTE_ESTIMATE,E4,d70181dc199692bcd152a8192a5a43825e6a9c19c95860e16c8bdcb3aee5eab7,204d91b0196aa77ce35d195efc0aaa51a1d04d0b81f0f4c8bc369740160dcbc9,SB_V3_1_MATCHED_U0_E0_IMPLEMENTATION_AND_SERVICE,TT/25C/1.8V,DIAGNOSTIC_ONLY,ME31|MP31_E0_UPSTREAM_ORIGINAL_seed17_I0|power_internal_w,power_internal_w,E0-UPSTREAM_ORIGINAL-seed17,MATCHED_POST_ROUTE_TOOL,SKY130HD_WITH_SRAM22_RESEARCH_MACROS,FIVE_IMPLEMENTATION_SEEDS,W,0.00142691,read_dominant,V3_1_PHYSICAL_POPULATION,d8744a20c29d0174c7f50098d0cd8166aa669c55d42ecc4c589adc8c9b00af72,"OpenROAD-flow-scripts SKY130HD, frozen image sha256:f05cee3219a02f26289f02f00e11a3fc986ab51a482a0000a2da810cda219a6e",aa3f5945ea6f76d5cd471acf06d9aacb29f5a7331f7e19a0957a35b6d4ffcb4a,e38b1f590237cf3f4f247268476991ab784c581d07d800e0f395e01c9d9971e8,,
residual SRAM input-transition violations prevent signoff qualification,repository provenance; no external numeric substitution,2026-09-08/v3.1.0,MP31|E0|UPSTREAM_ORIGINAL|seed17|I0,POST_ROUTE_ESTIMATE,E4,d70181dc199692bcd152a8192a5a43825e6a9c19c95860e16c8bdcb3aee5eab7,204d91b0196aa77ce35d195efc0aaa51a1d04d0b81f0f4c8bc369740160dcbc9,SB_V3_1_MATCHED_U0_E0_IMPLEMENTATION_AND_SERVICE,TT/25C/1.8V,DIAGNOSTIC_ONLY,ME31|MP31_E0_UPSTREAM_ORIGINAL_seed17_I0|power_switching_w,power_switching_w,E0-UPSTREAM_ORIGINAL-seed17,MATCHED_POST_ROUTE_TOOL,SKY130HD_WITH_SRAM22_RESEARCH_MACROS,FIVE_IMPLEMENTATION_SEEDS,W,0.000628613,read_dominant,V3_1_PHYSICAL_POPULATION,d8744a20c29d0174c7f50098d0cd8166aa669c55d42ecc4c589adc8c9b00af72,"OpenROAD-flow-scripts SKY130HD, frozen image sha256:f05cee3219a02f26289f02f00e11a3fc986ab51a482a0000a2da810cda219a6e",aa3f5945ea6f76d5cd471acf06d9aacb29f5a7331f7e19a0957a35b6d4ffcb4a,e38b1f590237cf3f4f247268476991ab784c581d07d800e0f395e01c9d9971e8,,
residual SRAM input-transition violations prevent signoff qualification,repository provenance; no external numeric substitution,2026-09-08/v3.1.0,MP31|E0|UPSTREAM_ORIGINAL|seed17|I0,POST_ROUTE_ESTIMATE,E4,d70181dc199692bcd152a8192a5a43825e6a9c19c95860e16c8bdcb3aee5eab7,204d91b0196aa77ce35d195efc0aaa51a1d04d0b81f0f4c8bc369740160dcbc9,SB_V3_1_MATCHED_U0_E0_IMPLEMENTATION_AND_SERVICE,TT/25C/1.8V,DIAGNOSTIC_ONLY,ME31|MP31_E0_UPSTREAM_ORIGINAL_seed17_I0|power_leakage_w,power_leakage_w,E0-UPSTREAM_ORIGINAL-seed17,MATCHED_POST_ROUTE_TOOL,SKY130HD_WITH_SRAM22_RESEARCH_MACROS,FIVE_IMPLEMENTATION_SEEDS,W,7.34473e-07,read_dominant,V3_1_PHYSICAL_POPULATION,d8744a20c29d0174c7f50098d0cd8166aa669c55d42ecc4c589adc8c9b00af72,"OpenROAD-flow-scripts SKY130HD, frozen image sha256:f05cee3219a02f26289f02f00e11a3fc986ab51a482a0000a2da810cda219a6e",aa3f5945ea6f76d5cd471acf06d9aacb29f5a7331f7e19a0957a35b6d4ffcb4a,e38b1f590237cf3f4f247268476991ab784c581d07d800e0f395e01c9d9971e8,,
residual SRAM input-transition violations prevent signoff qualification,repository provenance; no external numeric substitution,2026-09-08/v3.1.0,MP31|E0|UPSTREAM_ORIGINAL|seed17|I0,POST_ROUTE_ESTIMATE,E4,d70181dc199692bcd152a8192a5a43825e6a9c19c95860e16c8bdcb3aee5eab7,204d91b0196aa77ce35d195efc0aaa51a1d04d0b81f0f4c8bc369740160dcbc9,SB_V3_1_MATCHED_U0_E0_IMPLEMENTATION_AND_SERVICE,TT/25C/1.8V,DIAGNOSTIC_ONLY,ME31|MP31_E0_UPSTREAM_ORIGINAL_seed17_I0|power_total_vectorless_w,power_total_vectorless_w,E0-UPSTREAM_ORIGINAL-seed17,MATCHED_POST_ROUTE_TOOL,SKY130HD_WITH_SRAM22_RESEARCH_MACROS,FIVE_IMPLEMENTATION_SEEDS,W,0.00205625,read_dominant,V3_1_PHYSICAL_POPULATION,d8744a20c29d0174c7f50098d0cd8166aa669c55d42ecc4c589adc8c9b00af72,"OpenROAD-flow-scripts SKY130HD, frozen image sha256:f05cee3219a02f26289f02f00e11a3fc986ab51a482a0000a2da810cda219a6e",aa3f5945ea6f76d5cd471acf06d9aacb29f5a7331f7e19a0957a35b6d4ffcb4a,e38b1f590237cf3f4f247268476991ab784c581d07d800e0f395e01c9d9971e8,,
residual SRAM input-transition violations prevent signoff qualification,repository provenance; no external numeric substitution,2026-09-08/v3.1.0,MP31|E0|UPSTREAM_ORIGINAL|seed17|I0,POST_ROUTE_ESTIMATE,E4,d70181dc199692bcd152a8192a5a43825e6a9c19c95860e16c8bdcb3aee5eab7,204d91b0196aa77ce35d195efc0aaa51a1d04d0b81f0f4c8bc369740160dcbc9,SB_V3_1_MATCHED_U0_E0_IMPLEMENTATION_AND_SERVICE,TT/25C/1.8V,DIAGNOSTIC_ONLY,ME31|MP31_E0_UPSTREAM_ORIGINAL_seed17_I0|setup_wns_ns,setup_wns_ns,E0-UPSTREAM_ORIGINAL-seed17,MATCHED_POST_ROUTE_TOOL,SKY130HD_WITH_SRAM22_RESEARCH_MACROS,FIVE_IMPLEMENTATION_SEEDS,ns,0.126462,read_dominant,V3_1_PHYSICAL_POPULATION,d8744a20c29d0174c7f50098d0cd8166aa669c55d42ecc4c589adc8c9b00af72,"OpenROAD-flow-scripts SKY130HD, frozen image sha256:f05cee3219a02f26289f02f00e11a3fc986ab51a482a0000a2da810cda219a6e",aa3f5945ea6f76d5cd471acf06d9aacb29f5a7331f7e19a0957a35b6d4ffcb4a,e38b1f590237cf3f4f247268476991ab784c581d07d800e0f395e01c9d9971e8,,
residual SRAM input-transition violations prevent signoff qualification,repository provenance; no external numeric substitution,2026-09-08/v3.1.0,MP31|E0|UPSTREAM_ORIGINAL|seed17|I0,POST_ROUTE_ESTIMATE,E4,d70181dc199692bcd152a8192a5a43825e6a9c19c95860e16c8bdcb3aee5eab7,204d91b0196aa77ce35d195efc0aaa51a1d04d0b81f0f4c8bc369740160dcbc9,SB_V3_1_MATCHED_U0_E0_IMPLEMENTATION_AND_SERVICE,TT/25C/1.8V,DIAGNOSTIC_ONLY,ME31|MP31_E0_UPSTREAM_ORIGINAL_seed17_I0|hold_wns_ns,hold_wns_ns,E0-UPSTREAM_ORIGINAL-seed17,MATCHED_POST_ROUTE_TOOL,SKY130HD_WITH_SRAM22_RESEARCH_MACROS,FIVE_IMPLEMENTATION_SEEDS,ns,0.00436112,read_dominant,V3_1_PHYSICAL_POPULATION,d8744a20c29d0174c7f50098d0cd8166aa669c55d42ecc4c589adc8c9b00af72,"OpenROAD-flow-scripts SKY130HD, frozen image sha256:f05cee3219a02f26289f02f00e11a3fc986ab51a482a0000a2da810cda219a6e",aa3f5945ea6f76d5cd471acf06d9aacb29f5a7331f7e19a0957a35b6d4ffcb4a,e38b1f590237cf3f4f247268476991ab784c581d07d800e0f395e01c9d9971e8,,
,repository provenance; no external numeric substitution,2026-09-08/v3.1.0,MP31|E0|UPSTREAM_ORIGINAL|seed17|I0,ANALYTICAL,E3,d70181dc199692bcd152a8192a5a43825e6a9c19c95860e16c8bdcb3aee5eab7,204d91b0196aa77ce35d195efc0aaa51a1d04d0b81f0f4c8bc369740160dcbc9,SB_V3_1_MATCHED_U0_E0_IMPLEMENTATION_AND_SERVICE,TT/25C/1.8V,QUALIFIED_WITHIN_DECLARED_RTL_BOUNDARY,ME31|MP31_E0_UPSTREAM_ORIGINAL_seed17_I0|registered_service_latency_s,registered_service_latency_s,E0-UPSTREAM_ORIGINAL-seed17,RTL_CONTRACT_AND_EXACT_LOGICAL_MODEL,SKY130HD_WITH_SRAM22_RESEARCH_MACROS,DETERMINISTIC_RTL_CONTRACT,s,1e-08,read_dominant,V3_1_PHYSICAL_POPULATION,d8744a20c29d0174c7f50098d0cd8166aa669c55d42ecc4c589adc8c9b00af72,"OpenROAD-flow-scripts SKY130HD, frozen image sha256:f05cee3219a02f26289f02f00e11a3fc986ab51a482a0000a2da810cda219a6e",aa3f5945ea6f76d5cd471acf06d9aacb29f5a7331f7e19a0957a35b6d4ffcb4a,e38b1f590237cf3f4f247268476991ab784c581d07d800e0f395e01c9d9971e8,,
,repository provenance; no external numeric substitution,2026-09-08/v3.1.0,MP31|E0|UPSTREAM_ORIGINAL|seed17|I0,ANALYTICAL,E3,d70181dc199692bcd152a8192a5a43825e6a9c19c95860e16c8bdcb3aee5eab7,204d91b0196aa77ce35d195efc0aaa51a1d04d0b81f0f4c8bc369740160dcbc9,SB_V3_1_MATCHED_U0_E0_IMPLEMENTATION_AND_SERVICE,TT/25C/1.8V,QUALIFIED_WITHIN_DECLARED_RTL_BOUNDARY,ME31|MP31_E0_UPSTREAM_ORIGINAL_seed17_I0|initiation_interval_cycles,initiation_interval_cycles,E0-UPSTREAM_ORIGINAL-seed17,RTL_CONTRACT_AND_EXACT_LOGICAL_MODEL,SKY130HD_WITH_SRAM22_RESEARCH_MACROS,DETERMINISTIC_RTL_CONTRACT,cycle,1,read_dominant,V3_1_PHYSICAL_POPULATION,d8744a20c29d0174c7f50098d0cd8166aa669c55d42ecc4c589adc8c9b00af72,"OpenROAD-flow-scripts SKY130HD, frozen image sha256:f05cee3219a02f26289f02f00e11a3fc986ab51a482a0000a2da810cda219a6e",aa3f5945ea6f76d5cd471acf06d9aacb29f5a7331f7e19a0957a35b6d4ffcb4a,e38b1f590237cf3f4f247268476991ab784c581d07d800e0f395e01c9d9971e8,,
,repository provenance; no external numeric substitution,2026-09-08/v3.1.0,MP31|E0|UPSTREAM_ORIGINAL|seed17|I0,ANALYTICAL,E3,d70181dc199692bcd152a8192a5a43825e6a9c19c95860e16c8bdcb3aee5eab7,204d91b0196aa77ce35d195efc0aaa51a1d04d0b81f0f4c8bc369740160dcbc9,SB_V3_1_MATCHED_U0_E0_IMPLEMENTATION_AND_SERVICE,TT/25C/1.8V,QUALIFIED_WITHIN_DECLARED_RTL_BOUNDARY,ME31|MP31_E0_UPSTREAM_ORIGINAL_seed17_I0|nominal_initiation_capacity_services_per_s,nominal_initiation_capacity_services_per_s,E0-UPSTREAM_ORIGINAL-seed17,RTL_CONTRACT_AND_EXACT_LOGICAL_MODEL,SKY130HD_WITH_SRAM22_RESEARCH_MACROS,DETERMINISTIC_RTL_CONTRACT,services_per_s,100000000.0,read_dominant,V3_1_PHYSICAL_POPULATION,d8744a20c29d0174c7f50098d0cd8166aa669c55d42ecc4c589adc8c9b00af72,"OpenROAD-flow-scripts SKY130HD, frozen image sha256:f05cee3219a02f26289f02f00e11a3fc986ab51a482a0000a2da810cda219a6e",aa3f5945ea6f76d5cd471acf06d9aacb29f5a7331f7e19a0957a35b6d4ffcb4a,e38b1f590237cf3f4f247268476991ab784c581d07d800e0f395e01c9d9971e8,,
,repository provenance; no external numeric substitution,2026-09-08/v3.1.0,MP31|E0|UPSTREAM_ORIGINAL|seed17|I0,ANALYTICAL,E3,d70181dc199692bcd152a8192a5a43825e6a9c19c95860e16c8bdcb3aee5eab7,204d91b0196aa77ce35d195efc0aaa51a1d04d0b81f0f4c8bc369740160dcbc9,SB_V3_1_MATCHED_U0_E0_IMPLEMENTATION_AND_SERVICE,TT/25C/1.8V,QUALIFIED_WITHIN_DECLARED_RTL_BOUNDARY,ME31|MP31_E0_UPSTREAM_ORIGINAL_seed17_I0|conditional_ecc_outcome_model,conditional_ecc_outcome_model,E0-UPSTREAM_ORIGINAL-seed17,RTL_CONTRACT_AND_EXACT_LOGICAL_MODEL,SKY130HD_WITH_SRAM22_RESEARCH_MACROS,DETERMINISTIC_RTL_CONTRACT,mapping,DECODER_REQUIRED_AFTER_PHYSICAL_MAPPING,read_dominant,V3_1_PHYSICAL_POPULATION,d8744a20c29d0174c7f50098d0cd8166aa669c55d42ecc4c589adc8c9b00af72,"OpenROAD-flow-scripts SKY130HD, frozen image sha256:f05cee3219a02f26289f02f00e11a3fc986ab51a482a0000a2da810cda219a6e",aa3f5945ea6f76d5cd471acf06d9aacb29f5a7331f7e19a0957a35b6d4ffcb4a,e38b1f590237cf3f4f247268476991ab784c581d07d800e0f395e01c9d9971e8,,
does not establish bitcell xy or address-to-cell mapping,repository provenance; no external numeric substitution,2026-09-08/v3.1.0,MP31|E0|UPSTREAM_ORIGINAL|seed17|I0,POST_ROUTE_ESTIMATE,E4,d70181dc199692bcd152a8192a5a43825e6a9c19c95860e16c8bdcb3aee5eab7,204d91b0196aa77ce35d195efc0aaa51a1d04d0b81f0f4c8bc369740160dcbc9,SB_V3_1_MATCHED_U0_E0_IMPLEMENTATION_AND_SERVICE,TT/25C/1.8V,MACRO_LEVEL_ONLY,ME31|MP31_E0_UPSTREAM_ORIGINAL_seed17_I0|macro_placement_geometry,macro_placement_geometry,E0-UPSTREAM_ORIGINAL-seed17,POST_ROUTE_DEF_LEF_AND_SPICE_CONNECTIVITY,SKY130HD_WITH_SRAM22_RESEARCH_MACROS,FIVE_IMPLEMENTATION_SEEDS,mapping,DEF_MACRO_ORIGIN_ORIENTATION_AND_LEF_EXTENT,read_dominant,V3_1_PHYSICAL_POPULATION,d8744a20c29d0174c7f50098d0cd8166aa669c55d42ecc4c589adc8c9b00af72,"OpenROAD-flow-scripts SKY130HD, frozen image sha256:f05cee3219a02f26289f02f00e11a3fc986ab51a482a0000a2da810cda219a6e",aa3f5945ea6f76d5cd471acf06d9aacb29f5a7331f7e19a0957a35b6d4ffcb4a,e38b1f590237cf3f4f247268476991ab784c581d07d800e0f395e01c9d9971e8,,
complete address/column-select-to-GDS-bitcell map is unavailable,repository provenance; no external numeric substitution,2026-09-08/v3.1.0,MP31|E0|UPSTREAM_ORIGINAL|seed17|I0,UNAVAILABLE,E0,d70181dc199692bcd152a8192a5a43825e6a9c19c95860e16c8bdcb3aee5eab7,204d91b0196aa77ce35d195efc0aaa51a1d04d0b81f0f4c8bc369740160dcbc9,SB_V3_1_MATCHED_U0_E0_IMPLEMENTATION_AND_SERVICE,TT/25C/1.8V,BLOCKED,ME31|MP31_E0_UPSTREAM_ORIGINAL_seed17_I0|bitcell_physical_geometry,bitcell_physical_geometry,E0-UPSTREAM_ORIGINAL-seed17,NOT_AVAILABLE,SKY130HD_WITH_SRAM22_RESEARCH_MACROS,STRUCTURAL_MISSINGNESS,mapping,,read_dominant,V3_1_PHYSICAL_POPULATION,d8744a20c29d0174c7f50098d0cd8166aa669c55d42ecc4c589adc8c9b00af72,"OpenROAD-flow-scripts SKY130HD, frozen image sha256:f05cee3219a02f26289f02f00e11a3fc986ab51a482a0000a2da810cda219a6e",aa3f5945ea6f76d5cd471acf06d9aacb29f5a7331f7e19a0957a35b6d4ffcb4a,e38b1f590237cf3f4f247268476991ab784c581d07d800e0f395e01c9d9971e8,,
no qualified transient-injection experiment and model-card provenance were established,repository provenance; no external numeric substitution,2026-09-08/v3.1.0,MP31|E0|UPSTREAM_ORIGINAL|seed17|I0,UNAVAILABLE,E0,d70181dc199692bcd152a8192a5a43825e6a9c19c95860e16c8bdcb3aee5eab7,204d91b0196aa77ce35d195efc0aaa51a1d04d0b81f0f4c8bc369740160dcbc9,SB_V3_1_MATCHED_U0_E0_IMPLEMENTATION_AND_SERVICE,TT/25C/1.8V,BLOCKED,ME31|MP31_E0_UPSTREAM_ORIGINAL_seed17_I0|qcrit_c,qcrit_c,E0-UPSTREAM_ORIGINAL-seed17,NOT_AVAILABLE,SKY130HD_WITH_SRAM22_RESEARCH_MACROS,STRUCTURAL_MISSINGNESS,C,,read_dominant,V3_1_PHYSICAL_POPULATION,d8744a20c29d0174c7f50098d0cd8166aa669c55d42ecc4c589adc8c9b00af72,"OpenROAD-flow-scripts SKY130HD, frozen image sha256:f05cee3219a02f26289f02f00e11a3fc986ab51a482a0000a2da810cda219a6e",aa3f5945ea6f76d5cd471acf06d9aacb29f5a7331f7e19a0957a35b6d4ffcb4a,e38b1f590237cf3f4f247268476991ab784c581d07d800e0f395e01c9d9971e8,,
no technology/PVT/geometry-matched physical event PMF or rate,repository provenance; no external numeric substitution,2026-09-08/v3.1.0,MP31|E0|UPSTREAM_ORIGINAL|seed17|I0,UNAVAILABLE,E0,d70181dc199692bcd152a8192a5a43825e6a9c19c95860e16c8bdcb3aee5eab7,204d91b0196aa77ce35d195efc0aaa51a1d04d0b81f0f4c8bc369740160dcbc9,SB_V3_1_MATCHED_U0_E0_IMPLEMENTATION_AND_SERVICE,TT/25C/1.8V,BLOCKED,ME31|MP31_E0_UPSTREAM_ORIGINAL_seed17_I0|physical_fault_probability,physical_fault_probability,E0-UPSTREAM_ORIGINAL-seed17,NOT_AVAILABLE,SKY130HD_WITH_SRAM22_RESEARCH_MACROS,STRUCTURAL_MISSINGNESS,probability,,read_dominant,V3_1_PHYSICAL_POPULATION,d8744a20c29d0174c7f50098d0cd8166aa669c55d42ecc4c589adc8c9b00af72,"OpenROAD-flow-scripts SKY130HD, frozen image sha256:f05cee3219a02f26289f02f00e11a3fc986ab51a482a0000a2da810cda219a6e",aa3f5945ea6f76d5cd471acf06d9aacb29f5a7331f7e19a0957a35b6d4ffcb4a,e38b1f590237cf3f4f247268476991ab784c581d07d800e0f395e01c9d9971e8,,
physical topology probabilities and exact cell mapping are unavailable,repository provenance; no external numeric substitution,2026-09-08/v3.1.0,MP31|E0|UPSTREAM_ORIGINAL|seed17|I0,UNAVAILABLE,E0,d70181dc199692bcd152a8192a5a43825e6a9c19c95860e16c8bdcb3aee5eab7,204d91b0196aa77ce35d195efc0aaa51a1d04d0b81f0f4c8bc369740160dcbc9,SB_V3_1_MATCHED_U0_E0_IMPLEMENTATION_AND_SERVICE,TT/25C/1.8V,BLOCKED,ME31|MP31_E0_UPSTREAM_ORIGINAL_seed17_I0|physical_sdc_probability,physical_sdc_probability,E0-UPSTREAM_ORIGINAL-seed17,NOT_AVAILABLE,SKY130HD_WITH_SRAM22_RESEARCH_MACROS,STRUCTURAL_MISSINGNESS,probability,,read_dominant,V3_1_PHYSICAL_POPULATION,d8744a20c29d0174c7f50098d0cd8166aa669c55d42ecc4c589adc8c9b00af72,"OpenROAD-flow-scripts SKY130HD, frozen image sha256:f05cee3219a02f26289f02f00e11a3fc986ab51a482a0000a2da810cda219a6e",aa3f5945ea6f76d5cd471acf06d9aacb29f5a7331f7e19a0957a35b6d4ffcb4a,e38b1f590237cf3f4f247268476991ab784c581d07d800e0f395e01c9d9971e8,,
physical topology probabilities and exact cell mapping are unavailable,repository provenance; no external numeric substitution,2026-09-08/v3.1.0,MP31|E0|UPSTREAM_ORIGINAL|seed17|I0,UNAVAILABLE,E0,d70181dc199692bcd152a8192a5a43825e6a9c19c95860e16c8bdcb3aee5eab7,204d91b0196aa77ce35d195efc0aaa51a1d04d0b81f0f4c8bc369740160dcbc9,SB_V3_1_MATCHED_U0_E0_IMPLEMENTATION_AND_SERVICE,TT/25C/1.8V,BLOCKED,ME31|MP31_E0_UPSTREAM_ORIGINAL_seed17_I0|physical_due_probability,physical_due_probability,E0-UPSTREAM_ORIGINAL-seed17,NOT_AVAILABLE,SKY130HD_WITH_SRAM22_RESEARCH_MACROS,STRUCTURAL_MISSINGNESS,probability,,read_dominant,V3_1_PHYSICAL_POPULATION,d8744a20c29d0174c7f50098d0cd8166aa669c55d42ecc4c589adc8c9b00af72,"OpenROAD-flow-scripts SKY130HD, frozen image sha256:f05cee3219a02f26289f02f00e11a3fc986ab51a482a0000a2da810cda219a6e",aa3f5945ea6f76d5cd471acf06d9aacb29f5a7331f7e19a0957a35b6d4ffcb4a,e38b1f590237cf3f4f247268476991ab784c581d07d800e0f395e01c9d9971e8,,
no qualified event rate; logical enumeration is not FIT,repository provenance; no external numeric substitution,2026-09-08/v3.1.0,MP31|E0|UPSTREAM_ORIGINAL|seed17|I0,UNAVAILABLE,E0,d70181dc199692bcd152a8192a5a43825e6a9c19c95860e16c8bdcb3aee5eab7,204d91b0196aa77ce35d195efc0aaa51a1d04d0b81f0f4c8bc369740160dcbc9,SB_V3_1_MATCHED_U0_E0_IMPLEMENTATION_AND_SERVICE,TT/25C/1.8V,BLOCKED,ME31|MP31_E0_UPSTREAM_ORIGINAL_seed17_I0|fit,fit,E0-UPSTREAM_ORIGINAL-seed17,NOT_AVAILABLE,SKY130HD_WITH_SRAM22_RESEARCH_MACROS,STRUCTURAL_MISSINGNESS,FIT,,read_dominant,V3_1_PHYSICAL_POPULATION,d8744a20c29d0174c7f50098d0cd8166aa669c55d42ecc4c589adc8c9b00af72,"OpenROAD-flow-scripts SKY130HD, frozen image sha256:f05cee3219a02f26289f02f00e11a3fc986ab51a482a0000a2da810cda219a6e",aa3f5945ea6f76d5cd471acf06d9aacb29f5a7331f7e19a0957a35b6d4ffcb4a,e38b1f590237cf3f4f247268476991ab784c581d07d800e0f395e01c9d9971e8,,
"I1/I2 are proposals, not routed implementations",repository provenance; no external numeric substitution,2026-09-08/v3.1.0,MP31|E0|UPSTREAM_ORIGINAL|seed17|I0,UNAVAILABLE,E0,d70181dc199692bcd152a8192a5a43825e6a9c19c95860e16c8bdcb3aee5eab7,204d91b0196aa77ce35d195efc0aaa51a1d04d0b81f0f4c8bc369740160dcbc9,SB_V3_1_MATCHED_U0_E0_IMPLEMENTATION_AND_SERVICE,TT/25C/1.8V,BLOCKED,ME31|MP31_E0_UPSTREAM_ORIGINAL_seed17_I0|implemented_nontrivial_interleaver_overhead,implemented_nontrivial_interleaver_overhead,E0-UPSTREAM_ORIGINAL-seed17,NOT_AVAILABLE,SKY130HD_WITH_SRAM22_RESEARCH_MACROS,STRUCTURAL_MISSINGNESS,um2,,read_dominant,V3_1_PHYSICAL_POPULATION,d8744a20c29d0174c7f50098d0cd8166aa669c55d42ecc4c589adc8c9b00af72,"OpenROAD-flow-scripts SKY130HD, frozen image sha256:f05cee3219a02f26289f02f00e11a3fc986ab51a482a0000a2da810cda219a6e",aa3f5945ea6f76d5cd471acf06d9aacb29f5a7331f7e19a0957a35b6d4ffcb4a,e38b1f590237cf3f4f247268476991ab784c581d07d800e0f395e01c9d9971e8,,
matched SKY130 manufacturing inventory is unavailable,repository provenance; no external numeric substitution,2026-09-08/v3.1.0,MP31|E0|UPSTREAM_ORIGINAL|seed17|I0,UNAVAILABLE,E0,d70181dc199692bcd152a8192a5a43825e6a9c19c95860e16c8bdcb3aee5eab7,204d91b0196aa77ce35d195efc0aaa51a1d04d0b81f0f4c8bc369740160dcbc9,SB_V3_1_MATCHED_U0_E0_IMPLEMENTATION_AND_SERVICE,TT/25C/1.8V,BLOCKED,ME31|MP31_E0_UPSTREAM_ORIGINAL_seed17_I0|manufacturing_carbon_kgco2e,manufacturing_carbon_kgco2e,E0-UPSTREAM_ORIGINAL-seed17,NOT_AVAILABLE,SKY130HD_WITH_SRAM22_RESEARCH_MACROS,STRUCTURAL_MISSINGNESS,kgCO2e,,read_dominant,V3_1_PHYSICAL_POPULATION,d8744a20c29d0174c7f50098d0cd8166aa669c55d42ecc4c589adc8c9b00af72,"OpenROAD-flow-scripts SKY130HD, frozen image sha256:f05cee3219a02f26289f02f00e11a3fc986ab51a482a0000a2da810cda219a6e",aa3f5945ea6f76d5cd471acf06d9aacb29f5a7331f7e19a0957a35b6d4ffcb4a,e38b1f590237cf3f4f247268476991ab784c581d07d800e0f395e01c9d9971e8,,
lifecycle carbon and physical correct-service probability are unavailable,repository provenance; no external numeric substitution,2026-09-08/v3.1.0,MP31|E0|UPSTREAM_ORIGINAL|seed17|I0,UNAVAILABLE,E0,d70181dc199692bcd152a8192a5a43825e6a9c19c95860e16c8bdcb3aee5eab7,204d91b0196aa77ce35d195efc0aaa51a1d04d0b81f0f4c8bc369740160dcbc9,SB_V3_1_MATCHED_U0_E0_IMPLEMENTATION_AND_SERVICE,TT/25C/1.8V,BLOCKED,ME31|MP31_E0_UPSTREAM_ORIGINAL_seed17_I0|csci_kgco2e_per_correct_service,csci_kgco2e_per_correct_service,E0-UPSTREAM_ORIGINAL-seed17,NOT_AVAILABLE,SKY130HD_WITH_SRAM22_RESEARCH_MACROS,STRUCTURAL_MISSINGNESS,kgCO2e_per_correct_service,,read_dominant,V3_1_PHYSICAL_POPULATION,d8744a20c29d0174c7f50098d0cd8166aa669c55d42ecc4c589adc8c9b00af72,"OpenROAD-flow-scripts SKY130HD, frozen image sha256:f05cee3219a02f26289f02f00e11a3fc986ab51a482a0000a2da810cda219a6e",aa3f5945ea6f76d5cd471acf06d9aacb29f5a7331f7e19a0957a35b6d4ffcb4a,e38b1f590237cf3f4f247268476991ab784c581d07d800e0f395e01c9d9971e8,,
matched lifecycle carbon and physical correct-service counts are unavailable,repository provenance; no external numeric substitution,2026-09-08/v3.1.0,MP31|E0|UPSTREAM_ORIGINAL|seed17|I0,UNAVAILABLE,E0,d70181dc199692bcd152a8192a5a43825e6a9c19c95860e16c8bdcb3aee5eab7,204d91b0196aa77ce35d195efc0aaa51a1d04d0b81f0f4c8bc369740160dcbc9,SB_V3_1_MATCHED_U0_E0_IMPLEMENTATION_AND_SERVICE,TT/25C/1.8V,BLOCKED,ME31|MP31_E0_UPSTREAM_ORIGINAL_seed17_I0|mrcc_kgco2e_per_additional_correct_service,mrcc_kgco2e_per_additional_correct_service,E0-UPSTREAM_ORIGINAL-seed17,NOT_AVAILABLE,SKY130HD_WITH_SRAM22_RESEARCH_MACROS,STRUCTURAL_MISSINGNESS,kgCO2e_per_additional_correct_service,,read_dominant,V3_1_PHYSICAL_POPULATION,d8744a20c29d0174c7f50098d0cd8166aa669c55d42ecc4c589adc8c9b00af72,"OpenROAD-flow-scripts SKY130HD, frozen image sha256:f05cee3219a02f26289f02f00e11a3fc986ab51a482a0000a2da810cda219a6e",aa3f5945ea6f76d5cd471acf06d9aacb29f5a7331f7e19a0957a35b6d4ffcb4a,e38b1f590237cf3f4f247268476991ab784c581d07d800e0f395e01c9d9971e8,,
no saturated architecture-level traffic experiment with backpressure,repository provenance; no external numeric substitution,2026-09-08/v3.1.0,MP31|E0|UPSTREAM_ORIGINAL|seed17|I0,UNAVAILABLE,E0,d70181dc199692bcd152a8192a5a43825e6a9c19c95860e16c8bdcb3aee5eab7,204d91b0196aa77ce35d195efc0aaa51a1d04d0b81f0f4c8bc369740160dcbc9,SB_V3_1_MATCHED_U0_E0_IMPLEMENTATION_AND_SERVICE,TT/25C/1.8V,BLOCKED,ME31|MP31_E0_UPSTREAM_ORIGINAL_seed17_I0|maximum_sustainable_throughput_services_per_s,maximum_sustainable_throughput_services_per_s,E0-UPSTREAM_ORIGINAL-seed17,NOT_AVAILABLE,SKY130HD_WITH_SRAM22_RESEARCH_MACROS,STRUCTURAL_MISSINGNESS,services_per_s,,read_dominant,V3_1_PHYSICAL_POPULATION,d8744a20c29d0174c7f50098d0cd8166aa669c55d42ecc4c589adc8c9b00af72,"OpenROAD-flow-scripts SKY130HD, frozen image sha256:f05cee3219a02f26289f02f00e11a3fc986ab51a482a0000a2da810cda219a6e",aa3f5945ea6f76d5cd471acf06d9aacb29f5a7331f7e19a0957a35b6d4ffcb4a,e38b1f590237cf3f4f247268476991ab784c581d07d800e0f395e01c9d9971e8,,
residual SRAM input-transition violations prevent signoff qualification,repository provenance; no external numeric substitution,2026-09-08/v3.1.0,MP31|U0|UPSTREAM_ORIGINAL|seed19|I0,POST_ROUTE_ESTIMATE,E4,d70181dc199692bcd152a8192a5a43825e6a9c19c95860e16c8bdcb3aee5eab7,72db22e74d2f01d402d3afd5109a4c11e5bc65ecb857dae817af6bc4f6c2f68a,SB_V3_1_MATCHED_U0_E0_IMPLEMENTATION_AND_SERVICE,TT/25C/1.8V,DIAGNOSTIC_ONLY,ME31|MP31_U0_UPSTREAM_ORIGINAL_seed19_I0|routed_total_area_um2,routed_total_area_um2,U0-UPSTREAM_ORIGINAL-seed19,MATCHED_POST_ROUTE_TOOL,SKY130HD_WITH_SRAM22_RESEARCH_MACROS,FIVE_IMPLEMENTATION_SEEDS,um2,206833,read_dominant,V3_1_PHYSICAL_POPULATION,90db8ba99880047f277844cef511ea59a9072f0c0ec89101342a14f37f9bfb31,"OpenROAD-flow-scripts SKY130HD, frozen image sha256:f05cee3219a02f26289f02f00e11a3fc986ab51a482a0000a2da810cda219a6e",9c3815a782be62795be0b7cf4eb467032c2bb0c36d6af77984fa1ad46b732830,83b9951d04766eeb85d673794aefe8a3b540af1686222a1a5017cb62e27a31ad,,
residual SRAM input-transition violations prevent signoff qualification,repository provenance; no external numeric substitution,2026-09-08/v3.1.0,MP31|U0|UPSTREAM_ORIGINAL|seed19|I0,POST_ROUTE_ESTIMATE,E4,d70181dc199692bcd152a8192a5a43825e6a9c19c95860e16c8bdcb3aee5eab7,72db22e74d2f01d402d3afd5109a4c11e5bc65ecb857dae817af6bc4f6c2f68a,SB_V3_1_MATCHED_U0_E0_IMPLEMENTATION_AND_SERVICE,TT/25C/1.8V,DIAGNOSTIC_ONLY,ME31|MP31_U0_UPSTREAM_ORIGINAL_seed19_I0|wirelength_um,wirelength_um,U0-UPSTREAM_ORIGINAL-seed19,MATCHED_POST_ROUTE_TOOL,SKY130HD_WITH_SRAM22_RESEARCH_MACROS,FIVE_IMPLEMENTATION_SEEDS,um,22198,read_dominant,V3_1_PHYSICAL_POPULATION,90db8ba99880047f277844cef511ea59a9072f0c0ec89101342a14f37f9bfb31,"OpenROAD-flow-scripts SKY130HD, frozen image sha256:f05cee3219a02f26289f02f00e11a3fc986ab51a482a0000a2da810cda219a6e",9c3815a782be62795be0b7cf4eb467032c2bb0c36d6af77984fa1ad46b732830,83b9951d04766eeb85d673794aefe8a3b540af1686222a1a5017cb62e27a31ad,,
residual SRAM input-transition violations prevent signoff qualification,repository provenance; no external numeric substitution,2026-09-08/v3.1.0,MP31|U0|UPSTREAM_ORIGINAL|seed19|I0,POST_ROUTE_ESTIMATE,E4,d70181dc199692bcd152a8192a5a43825e6a9c19c95860e16c8bdcb3aee5eab7,72db22e74d2f01d402d3afd5109a4c11e5bc65ecb857dae817af6bc4f6c2f68a,SB_V3_1_MATCHED_U0_E0_IMPLEMENTATION_AND_SERVICE,TT/25C/1.8V,DIAGNOSTIC_ONLY,ME31|MP31_U0_UPSTREAM_ORIGINAL_seed19_I0|via_count,via_count,U0-UPSTREAM_ORIGINAL-seed19,MATCHED_POST_ROUTE_TOOL,SKY130HD_WITH_SRAM22_RESEARCH_MACROS,FIVE_IMPLEMENTATION_SEEDS,count,1090,read_dominant,V3_1_PHYSICAL_POPULATION,90db8ba99880047f277844cef511ea59a9072f0c0ec89101342a14f37f9bfb31,"OpenROAD-flow-scripts SKY130HD, frozen image sha256:f05cee3219a02f26289f02f00e11a3fc986ab51a482a0000a2da810cda219a6e",9c3815a782be62795be0b7cf4eb467032c2bb0c36d6af77984fa1ad46b732830,83b9951d04766eeb85d673794aefe8a3b540af1686222a1a5017cb62e27a31ad,,
residual SRAM input-transition violations prevent signoff qualification,repository provenance; no external numeric substitution,2026-09-08/v3.1.0,MP31|U0|UPSTREAM_ORIGINAL|seed19|I0,POST_ROUTE_ESTIMATE,E4,d70181dc199692bcd152a8192a5a43825e6a9c19c95860e16c8bdcb3aee5eab7,72db22e74d2f01d402d3afd5109a4c11e5bc65ecb857dae817af6bc4f6c2f68a,SB_V3_1_MATCHED_U0_E0_IMPLEMENTATION_AND_SERVICE,TT/25C/1.8V,DIAGNOSTIC_ONLY,ME31|MP31_U0_UPSTREAM_ORIGINAL_seed19_I0|power_internal_w,power_internal_w,U0-UPSTREAM_ORIGINAL-seed19,MATCHED_POST_ROUTE_TOOL,SKY130HD_WITH_SRAM22_RESEARCH_MACROS,FIVE_IMPLEMENTATION_SEEDS,W,0.000772798,read_dominant,V3_1_PHYSICAL_POPULATION,90db8ba99880047f277844cef511ea59a9072f0c0ec89101342a14f37f9bfb31,"OpenROAD-flow-scripts SKY130HD, frozen image sha256:f05cee3219a02f26289f02f00e11a3fc986ab51a482a0000a2da810cda219a6e",9c3815a782be62795be0b7cf4eb467032c2bb0c36d6af77984fa1ad46b732830,83b9951d04766eeb85d673794aefe8a3b540af1686222a1a5017cb62e27a31ad,,
residual SRAM input-transition violations prevent signoff qualification,repository provenance; no external numeric substitution,2026-09-08/v3.1.0,MP31|U0|UPSTREAM_ORIGINAL|seed19|I0,POST_ROUTE_ESTIMATE,E4,d70181dc199692bcd152a8192a5a43825e6a9c19c95860e16c8bdcb3aee5eab7,72db22e74d2f01d402d3afd5109a4c11e5bc65ecb857dae817af6bc4f6c2f68a,SB_V3_1_MATCHED_U0_E0_IMPLEMENTATION_AND_SERVICE,TT/25C/1.8V,DIAGNOSTIC_ONLY,ME31|MP31_U0_UPSTREAM_ORIGINAL_seed19_I0|power_switching_w,power_switching_w,U0-UPSTREAM_ORIGINAL-seed19,MATCHED_POST_ROUTE_TOOL,SKY130HD_WITH_SRAM22_RESEARCH_MACROS,FIVE_IMPLEMENTATION_SEEDS,W,3.12508e-05,read_dominant,V3_1_PHYSICAL_POPULATION,90db8ba99880047f277844cef511ea59a9072f0c0ec89101342a14f37f9bfb31,"OpenROAD-flow-scripts SKY130HD, frozen image sha256:f05cee3219a02f26289f02f00e11a3fc986ab51a482a0000a2da810cda219a6e",9c3815a782be62795be0b7cf4eb467032c2bb0c36d6af77984fa1ad46b732830,83b9951d04766eeb85d673794aefe8a3b540af1686222a1a5017cb62e27a31ad,,
residual SRAM input-transition violations prevent signoff qualification,repository provenance; no external numeric substitution,2026-09-08/v3.1.0,MP31|U0|UPSTREAM_ORIGINAL|seed19|I0,POST_ROUTE_ESTIMATE,E4,d70181dc199692bcd152a8192a5a43825e6a9c19c95860e16c8bdcb3aee5eab7,72db22e74d2f01d402d3afd5109a4c11e5bc65ecb857dae817af6bc4f6c2f68a,SB_V3_1_MATCHED_U0_E0_IMPLEMENTATION_AND_SERVICE,TT/25C/1.8V,DIAGNOSTIC_ONLY,ME31|MP31_U0_UPSTREAM_ORIGINAL_seed19_I0|power_leakage_w,power_leakage_w,U0-UPSTREAM_ORIGINAL-seed19,MATCHED_POST_ROUTE_TOOL,SKY130HD_WITH_SRAM22_RESEARCH_MACROS,FIVE_IMPLEMENTATION_SEEDS,W,6.42569e-07,read_dominant,V3_1_PHYSICAL_POPULATION,90db8ba99880047f277844cef511ea59a9072f0c0ec89101342a14f37f9bfb31,"OpenROAD-flow-scripts SKY130HD, frozen image sha256:f05cee3219a02f26289f02f00e11a3fc986ab51a482a0000a2da810cda219a6e",9c3815a782be62795be0b7cf4eb467032c2bb0c36d6af77984fa1ad46b732830,83b9951d04766eeb85d673794aefe8a3b540af1686222a1a5017cb62e27a31ad,,
residual SRAM input-transition violations prevent signoff qualification,repository provenance; no external numeric substitution,2026-09-08/v3.1.0,MP31|U0|UPSTREAM_ORIGINAL|seed19|I0,POST_ROUTE_ESTIMATE,E4,d70181dc199692bcd152a8192a5a43825e6a9c19c95860e16c8bdcb3aee5eab7,72db22e74d2f01d402d3afd5109a4c11e5bc65ecb857dae817af6bc4f6c2f68a,SB_V3_1_MATCHED_U0_E0_IMPLEMENTATION_AND_SERVICE,TT/25C/1.8V,DIAGNOSTIC_ONLY,ME31|MP31_U0_UPSTREAM_ORIGINAL_seed19_I0|power_total_vectorless_w,power_total_vectorless_w,U0-UPSTREAM_ORIGINAL-seed19,MATCHED_POST_ROUTE_TOOL,SKY130HD_WITH_SRAM22_RESEARCH_MACROS,FIVE_IMPLEMENTATION_SEEDS,W,0.000804692,read_dominant,V3_1_PHYSICAL_POPULATION,90db8ba99880047f277844cef511ea59a9072f0c0ec89101342a14f37f9bfb31,"OpenROAD-flow-scripts SKY130HD, frozen image sha256:f05cee3219a02f26289f02f00e11a3fc986ab51a482a0000a2da810cda219a6e",9c3815a782be62795be0b7cf4eb467032c2bb0c36d6af77984fa1ad46b732830,83b9951d04766eeb85d673794aefe8a3b540af1686222a1a5017cb62e27a31ad,,
residual SRAM input-transition violations prevent signoff qualification,repository provenance; no external numeric substitution,2026-09-08/v3.1.0,MP31|U0|UPSTREAM_ORIGINAL|seed19|I0,POST_ROUTE_ESTIMATE,E4,d70181dc199692bcd152a8192a5a43825e6a9c19c95860e16c8bdcb3aee5eab7,72db22e74d2f01d402d3afd5109a4c11e5bc65ecb857dae817af6bc4f6c2f68a,SB_V3_1_MATCHED_U0_E0_IMPLEMENTATION_AND_SERVICE,TT/25C/1.8V,DIAGNOSTIC_ONLY,ME31|MP31_U0_UPSTREAM_ORIGINAL_seed19_I0|setup_wns_ns,setup_wns_ns,U0-UPSTREAM_ORIGINAL-seed19,MATCHED_POST_ROUTE_TOOL,SKY130HD_WITH_SRAM22_RESEARCH_MACROS,FIVE_IMPLEMENTATION_SEEDS,ns,4.46182,read_dominant,V3_1_PHYSICAL_POPULATION,90db8ba99880047f277844cef511ea59a9072f0c0ec89101342a14f37f9bfb31,"OpenROAD-flow-scripts SKY130HD, frozen image sha256:f05cee3219a02f26289f02f00e11a3fc986ab51a482a0000a2da810cda219a6e",9c3815a782be62795be0b7cf4eb467032c2bb0c36d6af77984fa1ad46b732830,83b9951d04766eeb85d673794aefe8a3b540af1686222a1a5017cb62e27a31ad,,
residual SRAM input-transition violations prevent signoff qualification,repository provenance; no external numeric substitution,2026-09-08/v3.1.0,MP31|U0|UPSTREAM_ORIGINAL|seed19|I0,POST_ROUTE_ESTIMATE,E4,d70181dc199692bcd152a8192a5a43825e6a9c19c95860e16c8bdcb3aee5eab7,72db22e74d2f01d402d3afd5109a4c11e5bc65ecb857dae817af6bc4f6c2f68a,SB_V3_1_MATCHED_U0_E0_IMPLEMENTATION_AND_SERVICE,TT/25C/1.8V,DIAGNOSTIC_ONLY,ME31|MP31_U0_UPSTREAM_ORIGINAL_seed19_I0|hold_wns_ns,hold_wns_ns,U0-UPSTREAM_ORIGINAL-seed19,MATCHED_POST_ROUTE_TOOL,SKY130HD_WITH_SRAM22_RESEARCH_MACROS,FIVE_IMPLEMENTATION_SEEDS,ns,0.0246256,read_dominant,V3_1_PHYSICAL_POPULATION,90db8ba99880047f277844cef511ea59a9072f0c0ec89101342a14f37f9bfb31,"OpenROAD-flow-scripts SKY130HD, frozen image sha256:f05cee3219a02f26289f02f00e11a3fc986ab51a482a0000a2da810cda219a6e",9c3815a782be62795be0b7cf4eb467032c2bb0c36d6af77984fa1ad46b732830,83b9951d04766eeb85d673794aefe8a3b540af1686222a1a5017cb62e27a31ad,,
,repository provenance; no external numeric substitution,2026-09-08/v3.1.0,MP31|U0|UPSTREAM_ORIGINAL|seed19|I0,ANALYTICAL,E3,d70181dc199692bcd152a8192a5a43825e6a9c19c95860e16c8bdcb3aee5eab7,72db22e74d2f01d402d3afd5109a4c11e5bc65ecb857dae817af6bc4f6c2f68a,SB_V3_1_MATCHED_U0_E0_IMPLEMENTATION_AND_SERVICE,TT/25C/1.8V,QUALIFIED_WITHIN_DECLARED_RTL_BOUNDARY,ME31|MP31_U0_UPSTREAM_ORIGINAL_seed19_I0|registered_service_latency_s,registered_service_latency_s,U0-UPSTREAM_ORIGINAL-seed19,RTL_CONTRACT_AND_EXACT_LOGICAL_MODEL,SKY130HD_WITH_SRAM22_RESEARCH_MACROS,DETERMINISTIC_RTL_CONTRACT,s,1e-08,read_dominant,V3_1_PHYSICAL_POPULATION,90db8ba99880047f277844cef511ea59a9072f0c0ec89101342a14f37f9bfb31,"OpenROAD-flow-scripts SKY130HD, frozen image sha256:f05cee3219a02f26289f02f00e11a3fc986ab51a482a0000a2da810cda219a6e",9c3815a782be62795be0b7cf4eb467032c2bb0c36d6af77984fa1ad46b732830,83b9951d04766eeb85d673794aefe8a3b540af1686222a1a5017cb62e27a31ad,,
,repository provenance; no external numeric substitution,2026-09-08/v3.1.0,MP31|U0|UPSTREAM_ORIGINAL|seed19|I0,ANALYTICAL,E3,d70181dc199692bcd152a8192a5a43825e6a9c19c95860e16c8bdcb3aee5eab7,72db22e74d2f01d402d3afd5109a4c11e5bc65ecb857dae817af6bc4f6c2f68a,SB_V3_1_MATCHED_U0_E0_IMPLEMENTATION_AND_SERVICE,TT/25C/1.8V,QUALIFIED_WITHIN_DECLARED_RTL_BOUNDARY,ME31|MP31_U0_UPSTREAM_ORIGINAL_seed19_I0|initiation_interval_cycles,initiation_interval_cycles,U0-UPSTREAM_ORIGINAL-seed19,RTL_CONTRACT_AND_EXACT_LOGICAL_MODEL,SKY130HD_WITH_SRAM22_RESEARCH_MACROS,DETERMINISTIC_RTL_CONTRACT,cycle,1,read_dominant,V3_1_PHYSICAL_POPULATION,90db8ba99880047f277844cef511ea59a9072f0c0ec89101342a14f37f9bfb31,"OpenROAD-flow-scripts SKY130HD, frozen image sha256:f05cee3219a02f26289f02f00e11a3fc986ab51a482a0000a2da810cda219a6e",9c3815a782be62795be0b7cf4eb467032c2bb0c36d6af77984fa1ad46b732830,83b9951d04766eeb85d673794aefe8a3b540af1686222a1a5017cb62e27a31ad,,
,repository provenance; no external numeric substitution,2026-09-08/v3.1.0,MP31|U0|UPSTREAM_ORIGINAL|seed19|I0,ANALYTICAL,E3,d70181dc199692bcd152a8192a5a43825e6a9c19c95860e16c8bdcb3aee5eab7,72db22e74d2f01d402d3afd5109a4c11e5bc65ecb857dae817af6bc4f6c2f68a,SB_V3_1_MATCHED_U0_E0_IMPLEMENTATION_AND_SERVICE,TT/25C/1.8V,QUALIFIED_WITHIN_DECLARED_RTL_BOUNDARY,ME31|MP31_U0_UPSTREAM_ORIGINAL_seed19_I0|nominal_initiation_capacity_services_per_s,nominal_initiation_capacity_services_per_s,U0-UPSTREAM_ORIGINAL-seed19,RTL_CONTRACT_AND_EXACT_LOGICAL_MODEL,SKY130HD_WITH_SRAM22_RESEARCH_MACROS,DETERMINISTIC_RTL_CONTRACT,services_per_s,100000000.0,read_dominant,V3_1_PHYSICAL_POPULATION,90db8ba99880047f277844cef511ea59a9072f0c0ec89101342a14f37f9bfb31,"OpenROAD-flow-scripts SKY130HD, frozen image sha256:f05cee3219a02f26289f02f00e11a3fc986ab51a482a0000a2da810cda219a6e",9c3815a782be62795be0b7cf4eb467032c2bb0c36d6af77984fa1ad46b732830,83b9951d04766eeb85d673794aefe8a3b540af1686222a1a5017cb62e27a31ad,,
,repository provenance; no external numeric substitution,2026-09-08/v3.1.0,MP31|U0|UPSTREAM_ORIGINAL|seed19|I0,ANALYTICAL,E3,d70181dc199692bcd152a8192a5a43825e6a9c19c95860e16c8bdcb3aee5eab7,72db22e74d2f01d402d3afd5109a4c11e5bc65ecb857dae817af6bc4f6c2f68a,SB_V3_1_MATCHED_U0_E0_IMPLEMENTATION_AND_SERVICE,TT/25C/1.8V,QUALIFIED_WITHIN_DECLARED_RTL_BOUNDARY,ME31|MP31_U0_UPSTREAM_ORIGINAL_seed19_I0|conditional_ecc_outcome_model,conditional_ecc_outcome_model,U0-UPSTREAM_ORIGINAL-seed19,RTL_CONTRACT_AND_EXACT_LOGICAL_MODEL,SKY130HD_WITH_SRAM22_RESEARCH_MACROS,DETERMINISTIC_RTL_CONTRACT,mapping,DECODER_REQUIRED_AFTER_PHYSICAL_MAPPING,read_dominant,V3_1_PHYSICAL_POPULATION,90db8ba99880047f277844cef511ea59a9072f0c0ec89101342a14f37f9bfb31,"OpenROAD-flow-scripts SKY130HD, frozen image sha256:f05cee3219a02f26289f02f00e11a3fc986ab51a482a0000a2da810cda219a6e",9c3815a782be62795be0b7cf4eb467032c2bb0c36d6af77984fa1ad46b732830,83b9951d04766eeb85d673794aefe8a3b540af1686222a1a5017cb62e27a31ad,,
does not establish bitcell xy or address-to-cell mapping,repository provenance; no external numeric substitution,2026-09-08/v3.1.0,MP31|U0|UPSTREAM_ORIGINAL|seed19|I0,POST_ROUTE_ESTIMATE,E4,d70181dc199692bcd152a8192a5a43825e6a9c19c95860e16c8bdcb3aee5eab7,72db22e74d2f01d402d3afd5109a4c11e5bc65ecb857dae817af6bc4f6c2f68a,SB_V3_1_MATCHED_U0_E0_IMPLEMENTATION_AND_SERVICE,TT/25C/1.8V,MACRO_LEVEL_ONLY,ME31|MP31_U0_UPSTREAM_ORIGINAL_seed19_I0|macro_placement_geometry,macro_placement_geometry,U0-UPSTREAM_ORIGINAL-seed19,POST_ROUTE_DEF_LEF_AND_SPICE_CONNECTIVITY,SKY130HD_WITH_SRAM22_RESEARCH_MACROS,FIVE_IMPLEMENTATION_SEEDS,mapping,DEF_MACRO_ORIGIN_ORIENTATION_AND_LEF_EXTENT,read_dominant,V3_1_PHYSICAL_POPULATION,90db8ba99880047f277844cef511ea59a9072f0c0ec89101342a14f37f9bfb31,"OpenROAD-flow-scripts SKY130HD, frozen image sha256:f05cee3219a02f26289f02f00e11a3fc986ab51a482a0000a2da810cda219a6e",9c3815a782be62795be0b7cf4eb467032c2bb0c36d6af77984fa1ad46b732830,83b9951d04766eeb85d673794aefe8a3b540af1686222a1a5017cb62e27a31ad,,
complete address/column-select-to-GDS-bitcell map is unavailable,repository provenance; no external numeric substitution,2026-09-08/v3.1.0,MP31|U0|UPSTREAM_ORIGINAL|seed19|I0,UNAVAILABLE,E0,d70181dc199692bcd152a8192a5a43825e6a9c19c95860e16c8bdcb3aee5eab7,72db22e74d2f01d402d3afd5109a4c11e5bc65ecb857dae817af6bc4f6c2f68a,SB_V3_1_MATCHED_U0_E0_IMPLEMENTATION_AND_SERVICE,TT/25C/1.8V,BLOCKED,ME31|MP31_U0_UPSTREAM_ORIGINAL_seed19_I0|bitcell_physical_geometry,bitcell_physical_geometry,U0-UPSTREAM_ORIGINAL-seed19,NOT_AVAILABLE,SKY130HD_WITH_SRAM22_RESEARCH_MACROS,STRUCTURAL_MISSINGNESS,mapping,,read_dominant,V3_1_PHYSICAL_POPULATION,90db8ba99880047f277844cef511ea59a9072f0c0ec89101342a14f37f9bfb31,"OpenROAD-flow-scripts SKY130HD, frozen image sha256:f05cee3219a02f26289f02f00e11a3fc986ab51a482a0000a2da810cda219a6e",9c3815a782be62795be0b7cf4eb467032c2bb0c36d6af77984fa1ad46b732830,83b9951d04766eeb85d673794aefe8a3b540af1686222a1a5017cb62e27a31ad,,
no qualified transient-injection experiment and model-card provenance were established,repository provenance; no external numeric substitution,2026-09-08/v3.1.0,MP31|U0|UPSTREAM_ORIGINAL|seed19|I0,UNAVAILABLE,E0,d70181dc199692bcd152a8192a5a43825e6a9c19c95860e16c8bdcb3aee5eab7,72db22e74d2f01d402d3afd5109a4c11e5bc65ecb857dae817af6bc4f6c2f68a,SB_V3_1_MATCHED_U0_E0_IMPLEMENTATION_AND_SERVICE,TT/25C/1.8V,BLOCKED,ME31|MP31_U0_UPSTREAM_ORIGINAL_seed19_I0|qcrit_c,qcrit_c,U0-UPSTREAM_ORIGINAL-seed19,NOT_AVAILABLE,SKY130HD_WITH_SRAM22_RESEARCH_MACROS,STRUCTURAL_MISSINGNESS,C,,read_dominant,V3_1_PHYSICAL_POPULATION,90db8ba99880047f277844cef511ea59a9072f0c0ec89101342a14f37f9bfb31,"OpenROAD-flow-scripts SKY130HD, frozen image sha256:f05cee3219a02f26289f02f00e11a3fc986ab51a482a0000a2da810cda219a6e",9c3815a782be62795be0b7cf4eb467032c2bb0c36d6af77984fa1ad46b732830,83b9951d04766eeb85d673794aefe8a3b540af1686222a1a5017cb62e27a31ad,,
no technology/PVT/geometry-matched physical event PMF or rate,repository provenance; no external numeric substitution,2026-09-08/v3.1.0,MP31|U0|UPSTREAM_ORIGINAL|seed19|I0,UNAVAILABLE,E0,d70181dc199692bcd152a8192a5a43825e6a9c19c95860e16c8bdcb3aee5eab7,72db22e74d2f01d402d3afd5109a4c11e5bc65ecb857dae817af6bc4f6c2f68a,SB_V3_1_MATCHED_U0_E0_IMPLEMENTATION_AND_SERVICE,TT/25C/1.8V,BLOCKED,ME31|MP31_U0_UPSTREAM_ORIGINAL_seed19_I0|physical_fault_probability,physical_fault_probability,U0-UPSTREAM_ORIGINAL-seed19,NOT_AVAILABLE,SKY130HD_WITH_SRAM22_RESEARCH_MACROS,STRUCTURAL_MISSINGNESS,probability,,read_dominant,V3_1_PHYSICAL_POPULATION,90db8ba99880047f277844cef511ea59a9072f0c0ec89101342a14f37f9bfb31,"OpenROAD-flow-scripts SKY130HD, frozen image sha256:f05cee3219a02f26289f02f00e11a3fc986ab51a482a0000a2da810cda219a6e",9c3815a782be62795be0b7cf4eb467032c2bb0c36d6af77984fa1ad46b732830,83b9951d04766eeb85d673794aefe8a3b540af1686222a1a5017cb62e27a31ad,,
physical topology probabilities and exact cell mapping are unavailable,repository provenance; no external numeric substitution,2026-09-08/v3.1.0,MP31|U0|UPSTREAM_ORIGINAL|seed19|I0,UNAVAILABLE,E0,d70181dc199692bcd152a8192a5a43825e6a9c19c95860e16c8bdcb3aee5eab7,72db22e74d2f01d402d3afd5109a4c11e5bc65ecb857dae817af6bc4f6c2f68a,SB_V3_1_MATCHED_U0_E0_IMPLEMENTATION_AND_SERVICE,TT/25C/1.8V,BLOCKED,ME31|MP31_U0_UPSTREAM_ORIGINAL_seed19_I0|physical_sdc_probability,physical_sdc_probability,U0-UPSTREAM_ORIGINAL-seed19,NOT_AVAILABLE,SKY130HD_WITH_SRAM22_RESEARCH_MACROS,STRUCTURAL_MISSINGNESS,probability,,read_dominant,V3_1_PHYSICAL_POPULATION,90db8ba99880047f277844cef511ea59a9072f0c0ec89101342a14f37f9bfb31,"OpenROAD-flow-scripts SKY130HD, frozen image sha256:f05cee3219a02f26289f02f00e11a3fc986ab51a482a0000a2da810cda219a6e",9c3815a782be62795be0b7cf4eb467032c2bb0c36d6af77984fa1ad46b732830,83b9951d04766eeb85d673794aefe8a3b540af1686222a1a5017cb62e27a31ad,,
physical topology probabilities and exact cell mapping are unavailable,repository provenance; no external numeric substitution,2026-09-08/v3.1.0,MP31|U0|UPSTREAM_ORIGINAL|seed19|I0,UNAVAILABLE,E0,d70181dc199692bcd152a8192a5a43825e6a9c19c95860e16c8bdcb3aee5eab7,72db22e74d2f01d402d3afd5109a4c11e5bc65ecb857dae817af6bc4f6c2f68a,SB_V3_1_MATCHED_U0_E0_IMPLEMENTATION_AND_SERVICE,TT/25C/1.8V,BLOCKED,ME31|MP31_U0_UPSTREAM_ORIGINAL_seed19_I0|physical_due_probability,physical_due_probability,U0-UPSTREAM_ORIGINAL-seed19,NOT_AVAILABLE,SKY130HD_WITH_SRAM22_RESEARCH_MACROS,STRUCTURAL_MISSINGNESS,probability,,read_dominant,V3_1_PHYSICAL_POPULATION,90db8ba99880047f277844cef511ea59a9072f0c0ec89101342a14f37f9bfb31,"OpenROAD-flow-scripts SKY130HD, frozen image sha256:f05cee3219a02f26289f02f00e11a3fc986ab51a482a0000a2da810cda219a6e",9c3815a782be62795be0b7cf4eb467032c2bb0c36d6af77984fa1ad46b732830,83b9951d04766eeb85d673794aefe8a3b540af1686222a1a5017cb62e27a31ad,,
no qualified event rate; logical enumeration is not FIT,repository provenance; no external numeric substitution,2026-09-08/v3.1.0,MP31|U0|UPSTREAM_ORIGINAL|seed19|I0,UNAVAILABLE,E0,d70181dc199692bcd152a8192a5a43825e6a9c19c95860e16c8bdcb3aee5eab7,72db22e74d2f01d402d3afd5109a4c11e5bc65ecb857dae817af6bc4f6c2f68a,SB_V3_1_MATCHED_U0_E0_IMPLEMENTATION_AND_SERVICE,TT/25C/1.8V,BLOCKED,ME31|MP31_U0_UPSTREAM_ORIGINAL_seed19_I0|fit,fit,U0-UPSTREAM_ORIGINAL-seed19,NOT_AVAILABLE,SKY130HD_WITH_SRAM22_RESEARCH_MACROS,STRUCTURAL_MISSINGNESS,FIT,,read_dominant,V3_1_PHYSICAL_POPULATION,90db8ba99880047f277844cef511ea59a9072f0c0ec89101342a14f37f9bfb31,"OpenROAD-flow-scripts SKY130HD, frozen image sha256:f05cee3219a02f26289f02f00e11a3fc986ab51a482a0000a2da810cda219a6e",9c3815a782be62795be0b7cf4eb467032c2bb0c36d6af77984fa1ad46b732830,83b9951d04766eeb85d673794aefe8a3b540af1686222a1a5017cb62e27a31ad,,
"I1/I2 are proposals, not routed implementations",repository provenance; no external numeric substitution,2026-09-08/v3.1.0,MP31|U0|UPSTREAM_ORIGINAL|seed19|I0,UNAVAILABLE,E0,d70181dc199692bcd152a8192a5a43825e6a9c19c95860e16c8bdcb3aee5eab7,72db22e74d2f01d402d3afd5109a4c11e5bc65ecb857dae817af6bc4f6c2f68a,SB_V3_1_MATCHED_U0_E0_IMPLEMENTATION_AND_SERVICE,TT/25C/1.8V,BLOCKED,ME31|MP31_U0_UPSTREAM_ORIGINAL_seed19_I0|implemented_nontrivial_interleaver_overhead,implemented_nontrivial_interleaver_overhead,U0-UPSTREAM_ORIGINAL-seed19,NOT_AVAILABLE,SKY130HD_WITH_SRAM22_RESEARCH_MACROS,STRUCTURAL_MISSINGNESS,um2,,read_dominant,V3_1_PHYSICAL_POPULATION,90db8ba99880047f277844cef511ea59a9072f0c0ec89101342a14f37f9bfb31,"OpenROAD-flow-scripts SKY130HD, frozen image sha256:f05cee3219a02f26289f02f00e11a3fc986ab51a482a0000a2da810cda219a6e",9c3815a782be62795be0b7cf4eb467032c2bb0c36d6af77984fa1ad46b732830,83b9951d04766eeb85d673794aefe8a3b540af1686222a1a5017cb62e27a31ad,,
matched SKY130 manufacturing inventory is unavailable,repository provenance; no external numeric substitution,2026-09-08/v3.1.0,MP31|U0|UPSTREAM_ORIGINAL|seed19|I0,UNAVAILABLE,E0,d70181dc199692bcd152a8192a5a43825e6a9c19c95860e16c8bdcb3aee5eab7,72db22e74d2f01d402d3afd5109a4c11e5bc65ecb857dae817af6bc4f6c2f68a,SB_V3_1_MATCHED_U0_E0_IMPLEMENTATION_AND_SERVICE,TT/25C/1.8V,BLOCKED,ME31|MP31_U0_UPSTREAM_ORIGINAL_seed19_I0|manufacturing_carbon_kgco2e,manufacturing_carbon_kgco2e,U0-UPSTREAM_ORIGINAL-seed19,NOT_AVAILABLE,SKY130HD_WITH_SRAM22_RESEARCH_MACROS,STRUCTURAL_MISSINGNESS,kgCO2e,,read_dominant,V3_1_PHYSICAL_POPULATION,90db8ba99880047f277844cef511ea59a9072f0c0ec89101342a14f37f9bfb31,"OpenROAD-flow-scripts SKY130HD, frozen image sha256:f05cee3219a02f26289f02f00e11a3fc986ab51a482a0000a2da810cda219a6e",9c3815a782be62795be0b7cf4eb467032c2bb0c36d6af77984fa1ad46b732830,83b9951d04766eeb85d673794aefe8a3b540af1686222a1a5017cb62e27a31ad,,
lifecycle carbon and physical correct-service probability are unavailable,repository provenance; no external numeric substitution,2026-09-08/v3.1.0,MP31|U0|UPSTREAM_ORIGINAL|seed19|I0,UNAVAILABLE,E0,d70181dc199692bcd152a8192a5a43825e6a9c19c95860e16c8bdcb3aee5eab7,72db22e74d2f01d402d3afd5109a4c11e5bc65ecb857dae817af6bc4f6c2f68a,SB_V3_1_MATCHED_U0_E0_IMPLEMENTATION_AND_SERVICE,TT/25C/1.8V,BLOCKED,ME31|MP31_U0_UPSTREAM_ORIGINAL_seed19_I0|csci_kgco2e_per_correct_service,csci_kgco2e_per_correct_service,U0-UPSTREAM_ORIGINAL-seed19,NOT_AVAILABLE,SKY130HD_WITH_SRAM22_RESEARCH_MACROS,STRUCTURAL_MISSINGNESS,kgCO2e_per_correct_service,,read_dominant,V3_1_PHYSICAL_POPULATION,90db8ba99880047f277844cef511ea59a9072f0c0ec89101342a14f37f9bfb31,"OpenROAD-flow-scripts SKY130HD, frozen image sha256:f05cee3219a02f26289f02f00e11a3fc986ab51a482a0000a2da810cda219a6e",9c3815a782be62795be0b7cf4eb467032c2bb0c36d6af77984fa1ad46b732830,83b9951d04766eeb85d673794aefe8a3b540af1686222a1a5017cb62e27a31ad,,
matched lifecycle carbon and physical correct-service counts are unavailable,repository provenance; no external numeric substitution,2026-09-08/v3.1.0,MP31|U0|UPSTREAM_ORIGINAL|seed19|I0,UNAVAILABLE,E0,d70181dc199692bcd152a8192a5a43825e6a9c19c95860e16c8bdcb3aee5eab7,72db22e74d2f01d402d3afd5109a4c11e5bc65ecb857dae817af6bc4f6c2f68a,SB_V3_1_MATCHED_U0_E0_IMPLEMENTATION_AND_SERVICE,TT/25C/1.8V,BLOCKED,ME31|MP31_U0_UPSTREAM_ORIGINAL_seed19_I0|mrcc_kgco2e_per_additional_correct_service,mrcc_kgco2e_per_additional_correct_service,U0-UPSTREAM_ORIGINAL-seed19,NOT_AVAILABLE,SKY130HD_WITH_SRAM22_RESEARCH_MACROS,STRUCTURAL_MISSINGNESS,kgCO2e_per_additional_correct_service,,read_dominant,V3_1_PHYSICAL_POPULATION,90db8ba99880047f277844cef511ea59a9072f0c0ec89101342a14f37f9bfb31,"OpenROAD-flow-scripts SKY130HD, frozen image sha256:f05cee3219a02f26289f02f00e11a3fc986ab51a482a0000a2da810cda219a6e",9c3815a782be62795be0b7cf4eb467032c2bb0c36d6af77984fa1ad46b732830,83b9951d04766eeb85d673794aefe8a3b540af1686222a1a5017cb62e27a31ad,,
no saturated architecture-level traffic experiment with backpressure,repository provenance; no external numeric substitution,2026-09-08/v3.1.0,MP31|U0|UPSTREAM_ORIGINAL|seed19|I0,UNAVAILABLE,E0,d70181dc199692bcd152a8192a5a43825e6a9c19c95860e16c8bdcb3aee5eab7,72db22e74d2f01d402d3afd5109a4c11e5bc65ecb857dae817af6bc4f6c2f68a,SB_V3_1_MATCHED_U0_E0_IMPLEMENTATION_AND_SERVICE,TT/25C/1.8V,BLOCKED,ME31|MP31_U0_UPSTREAM_ORIGINAL_seed19_I0|maximum_sustainable_throughput_services_per_s,maximum_sustainable_throughput_services_per_s,U0-UPSTREAM_ORIGINAL-seed19,NOT_AVAILABLE,SKY130HD_WITH_SRAM22_RESEARCH_MACROS,STRUCTURAL_MISSINGNESS,services_per_s,,read_dominant,V3_1_PHYSICAL_POPULATION,90db8ba99880047f277844cef511ea59a9072f0c0ec89101342a14f37f9bfb31,"OpenROAD-flow-scripts SKY130HD, frozen image sha256:f05cee3219a02f26289f02f00e11a3fc986ab51a482a0000a2da810cda219a6e",9c3815a782be62795be0b7cf4eb467032c2bb0c36d6af77984fa1ad46b732830,83b9951d04766eeb85d673794aefe8a3b540af1686222a1a5017cb62e27a31ad,,
residual SRAM input-transition violations prevent signoff qualification,repository provenance; no external numeric substitution,2026-09-08/v3.1.0,MP31|E0|UPSTREAM_ORIGINAL|seed19|I0,POST_ROUTE_ESTIMATE,E4,d70181dc199692bcd152a8192a5a43825e6a9c19c95860e16c8bdcb3aee5eab7,cb082a4dae6ed537e8994e1f96fe12d68b1bba32a44face58a3cca2e0465e086,SB_V3_1_MATCHED_U0_E0_IMPLEMENTATION_AND_SERVICE,TT/25C/1.8V,DIAGNOSTIC_ONLY,ME31|MP31_E0_UPSTREAM_ORIGINAL_seed19_I0|routed_total_area_um2,routed_total_area_um2,E0-UPSTREAM_ORIGINAL-seed19,MATCHED_POST_ROUTE_TOOL,SKY130HD_WITH_SRAM22_RESEARCH_MACROS,FIVE_IMPLEMENTATION_SEEDS,um2,275997,read_dominant,V3_1_PHYSICAL_POPULATION,1d27b3cc5f9bd107f9f7dc8c3dfaa36375eefc46ad69a82c006bbf37d1839569,"OpenROAD-flow-scripts SKY130HD, frozen image sha256:f05cee3219a02f26289f02f00e11a3fc986ab51a482a0000a2da810cda219a6e",aa3f5945ea6f76d5cd471acf06d9aacb29f5a7331f7e19a0957a35b6d4ffcb4a,e38b1f590237cf3f4f247268476991ab784c581d07d800e0f395e01c9d9971e8,,
residual SRAM input-transition violations prevent signoff qualification,repository provenance; no external numeric substitution,2026-09-08/v3.1.0,MP31|E0|UPSTREAM_ORIGINAL|seed19|I0,POST_ROUTE_ESTIMATE,E4,d70181dc199692bcd152a8192a5a43825e6a9c19c95860e16c8bdcb3aee5eab7,cb082a4dae6ed537e8994e1f96fe12d68b1bba32a44face58a3cca2e0465e086,SB_V3_1_MATCHED_U0_E0_IMPLEMENTATION_AND_SERVICE,TT/25C/1.8V,DIAGNOSTIC_ONLY,ME31|MP31_E0_UPSTREAM_ORIGINAL_seed19_I0|wirelength_um,wirelength_um,E0-UPSTREAM_ORIGINAL-seed19,MATCHED_POST_ROUTE_TOOL,SKY130HD_WITH_SRAM22_RESEARCH_MACROS,FIVE_IMPLEMENTATION_SEEDS,um,80273,read_dominant,V3_1_PHYSICAL_POPULATION,1d27b3cc5f9bd107f9f7dc8c3dfaa36375eefc46ad69a82c006bbf37d1839569,"OpenROAD-flow-scripts SKY130HD, frozen image sha256:f05cee3219a02f26289f02f00e11a3fc986ab51a482a0000a2da810cda219a6e",aa3f5945ea6f76d5cd471acf06d9aacb29f5a7331f7e19a0957a35b6d4ffcb4a,e38b1f590237cf3f4f247268476991ab784c581d07d800e0f395e01c9d9971e8,,
residual SRAM input-transition violations prevent signoff qualification,repository provenance; no external numeric substitution,2026-09-08/v3.1.0,MP31|E0|UPSTREAM_ORIGINAL|seed19|I0,POST_ROUTE_ESTIMATE,E4,d70181dc199692bcd152a8192a5a43825e6a9c19c95860e16c8bdcb3aee5eab7,cb082a4dae6ed537e8994e1f96fe12d68b1bba32a44face58a3cca2e0465e086,SB_V3_1_MATCHED_U0_E0_IMPLEMENTATION_AND_SERVICE,TT/25C/1.8V,DIAGNOSTIC_ONLY,ME31|MP31_E0_UPSTREAM_ORIGINAL_seed19_I0|via_count,via_count,E0-UPSTREAM_ORIGINAL-seed19,MATCHED_POST_ROUTE_TOOL,SKY130HD_WITH_SRAM22_RESEARCH_MACROS,FIVE_IMPLEMENTATION_SEEDS,count,6801,read_dominant,V3_1_PHYSICAL_POPULATION,1d27b3cc5f9bd107f9f7dc8c3dfaa36375eefc46ad69a82c006bbf37d1839569,"OpenROAD-flow-scripts SKY130HD, frozen image sha256:f05cee3219a02f26289f02f00e11a3fc986ab51a482a0000a2da810cda219a6e",aa3f5945ea6f76d5cd471acf06d9aacb29f5a7331f7e19a0957a35b6d4ffcb4a,e38b1f590237cf3f4f247268476991ab784c581d07d800e0f395e01c9d9971e8,,
residual SRAM input-transition violations prevent signoff qualification,repository provenance; no external numeric substitution,2026-09-08/v3.1.0,MP31|E0|UPSTREAM_ORIGINAL|seed19|I0,POST_ROUTE_ESTIMATE,E4,d70181dc199692bcd152a8192a5a43825e6a9c19c95860e16c8bdcb3aee5eab7,cb082a4dae6ed537e8994e1f96fe12d68b1bba32a44face58a3cca2e0465e086,SB_V3_1_MATCHED_U0_E0_IMPLEMENTATION_AND_SERVICE,TT/25C/1.8V,DIAGNOSTIC_ONLY,ME31|MP31_E0_UPSTREAM_ORIGINAL_seed19_I0|power_internal_w,power_internal_w,E0-UPSTREAM_ORIGINAL-seed19,MATCHED_POST_ROUTE_TOOL,SKY130HD_WITH_SRAM22_RESEARCH_MACROS,FIVE_IMPLEMENTATION_SEEDS,W,0.00142825,read_dominant,V3_1_PHYSICAL_POPULATION,1d27b3cc5f9bd107f9f7dc8c3dfaa36375eefc46ad69a82c006bbf37d1839569,"OpenROAD-flow-scripts SKY130HD, frozen image sha256:f05cee3219a02f26289f02f00e11a3fc986ab51a482a0000a2da810cda219a6e",aa3f5945ea6f76d5cd471acf06d9aacb29f5a7331f7e19a0957a35b6d4ffcb4a,e38b1f590237cf3f4f247268476991ab784c581d07d800e0f395e01c9d9971e8,,
residual SRAM input-transition violations prevent signoff qualification,repository provenance; no external numeric substitution,2026-09-08/v3.1.0,MP31|E0|UPSTREAM_ORIGINAL|seed19|I0,POST_ROUTE_ESTIMATE,E4,d70181dc199692bcd152a8192a5a43825e6a9c19c95860e16c8bdcb3aee5eab7,cb082a4dae6ed537e8994e1f96fe12d68b1bba32a44face58a3cca2e0465e086,SB_V3_1_MATCHED_U0_E0_IMPLEMENTATION_AND_SERVICE,TT/25C/1.8V,DIAGNOSTIC_ONLY,ME31|MP31_E0_UPSTREAM_ORIGINAL_seed19_I0|power_switching_w,power_switching_w,E0-UPSTREAM_ORIGINAL-seed19,MATCHED_POST_ROUTE_TOOL,SKY130HD_WITH_SRAM22_RESEARCH_MACROS,FIVE_IMPLEMENTATION_SEEDS,W,0.000632175,read_dominant,V3_1_PHYSICAL_POPULATION,1d27b3cc5f9bd107f9f7dc8c3dfaa36375eefc46ad69a82c006bbf37d1839569,"OpenROAD-flow-scripts SKY130HD, frozen image sha256:f05cee3219a02f26289f02f00e11a3fc986ab51a482a0000a2da810cda219a6e",aa3f5945ea6f76d5cd471acf06d9aacb29f5a7331f7e19a0957a35b6d4ffcb4a,e38b1f590237cf3f4f247268476991ab784c581d07d800e0f395e01c9d9971e8,,
residual SRAM input-transition violations prevent signoff qualification,repository provenance; no external numeric substitution,2026-09-08/v3.1.0,MP31|E0|UPSTREAM_ORIGINAL|seed19|I0,POST_ROUTE_ESTIMATE,E4,d70181dc199692bcd152a8192a5a43825e6a9c19c95860e16c8bdcb3aee5eab7,cb082a4dae6ed537e8994e1f96fe12d68b1bba32a44face58a3cca2e0465e086,SB_V3_1_MATCHED_U0_E0_IMPLEMENTATION_AND_SERVICE,TT/25C/1.8V,DIAGNOSTIC_ONLY,ME31|MP31_E0_UPSTREAM_ORIGINAL_seed19_I0|power_leakage_w,power_leakage_w,E0-UPSTREAM_ORIGINAL-seed19,MATCHED_POST_ROUTE_TOOL,SKY130HD_WITH_SRAM22_RESEARCH_MACROS,FIVE_IMPLEMENTATION_SEEDS,W,7.34419e-07,read_dominant,V3_1_PHYSICAL_POPULATION,1d27b3cc5f9bd107f9f7dc8c3dfaa36375eefc46ad69a82c006bbf37d1839569,"OpenROAD-flow-scripts SKY130HD, frozen image sha256:f05cee3219a02f26289f02f00e11a3fc986ab51a482a0000a2da810cda219a6e",aa3f5945ea6f76d5cd471acf06d9aacb29f5a7331f7e19a0957a35b6d4ffcb4a,e38b1f590237cf3f4f247268476991ab784c581d07d800e0f395e01c9d9971e8,,
residual SRAM input-transition violations prevent signoff qualification,repository provenance; no external numeric substitution,2026-09-08/v3.1.0,MP31|E0|UPSTREAM_ORIGINAL|seed19|I0,POST_ROUTE_ESTIMATE,E4,d70181dc199692bcd152a8192a5a43825e6a9c19c95860e16c8bdcb3aee5eab7,cb082a4dae6ed537e8994e1f96fe12d68b1bba32a44face58a3cca2e0465e086,SB_V3_1_MATCHED_U0_E0_IMPLEMENTATION_AND_SERVICE,TT/25C/1.8V,DIAGNOSTIC_ONLY,ME31|MP31_E0_UPSTREAM_ORIGINAL_seed19_I0|power_total_vectorless_w,power_total_vectorless_w,E0-UPSTREAM_ORIGINAL-seed19,MATCHED_POST_ROUTE_TOOL,SKY130HD_WITH_SRAM22_RESEARCH_MACROS,FIVE_IMPLEMENTATION_SEEDS,W,0.00206116,read_dominant,V3_1_PHYSICAL_POPULATION,1d27b3cc5f9bd107f9f7dc8c3dfaa36375eefc46ad69a82c006bbf37d1839569,"OpenROAD-flow-scripts SKY130HD, frozen image sha256:f05cee3219a02f26289f02f00e11a3fc986ab51a482a0000a2da810cda219a6e",aa3f5945ea6f76d5cd471acf06d9aacb29f5a7331f7e19a0957a35b6d4ffcb4a,e38b1f590237cf3f4f247268476991ab784c581d07d800e0f395e01c9d9971e8,,
residual SRAM input-transition violations prevent signoff qualification,repository provenance; no external numeric substitution,2026-09-08/v3.1.0,MP31|E0|UPSTREAM_ORIGINAL|seed19|I0,POST_ROUTE_ESTIMATE,E4,d70181dc199692bcd152a8192a5a43825e6a9c19c95860e16c8bdcb3aee5eab7,cb082a4dae6ed537e8994e1f96fe12d68b1bba32a44face58a3cca2e0465e086,SB_V3_1_MATCHED_U0_E0_IMPLEMENTATION_AND_SERVICE,TT/25C/1.8V,DIAGNOSTIC_ONLY,ME31|MP31_E0_UPSTREAM_ORIGINAL_seed19_I0|setup_wns_ns,setup_wns_ns,E0-UPSTREAM_ORIGINAL-seed19,MATCHED_POST_ROUTE_TOOL,SKY130HD_WITH_SRAM22_RESEARCH_MACROS,FIVE_IMPLEMENTATION_SEEDS,ns,0.625476,read_dominant,V3_1_PHYSICAL_POPULATION,1d27b3cc5f9bd107f9f7dc8c3dfaa36375eefc46ad69a82c006bbf37d1839569,"OpenROAD-flow-scripts SKY130HD, frozen image sha256:f05cee3219a02f26289f02f00e11a3fc986ab51a482a0000a2da810cda219a6e",aa3f5945ea6f76d5cd471acf06d9aacb29f5a7331f7e19a0957a35b6d4ffcb4a,e38b1f590237cf3f4f247268476991ab784c581d07d800e0f395e01c9d9971e8,,
residual SRAM input-transition violations prevent signoff qualification,repository provenance; no external numeric substitution,2026-09-08/v3.1.0,MP31|E0|UPSTREAM_ORIGINAL|seed19|I0,POST_ROUTE_ESTIMATE,E4,d70181dc199692bcd152a8192a5a43825e6a9c19c95860e16c8bdcb3aee5eab7,cb082a4dae6ed537e8994e1f96fe12d68b1bba32a44face58a3cca2e0465e086,SB_V3_1_MATCHED_U0_E0_IMPLEMENTATION_AND_SERVICE,TT/25C/1.8V,DIAGNOSTIC_ONLY,ME31|MP31_E0_UPSTREAM_ORIGINAL_seed19_I0|hold_wns_ns,hold_wns_ns,E0-UPSTREAM_ORIGINAL-seed19,MATCHED_POST_ROUTE_TOOL,SKY130HD_WITH_SRAM22_RESEARCH_MACROS,FIVE_IMPLEMENTATION_SEEDS,ns,0.0120378,read_dominant,V3_1_PHYSICAL_POPULATION,1d27b3cc5f9bd107f9f7dc8c3dfaa36375eefc46ad69a82c006bbf37d1839569,"OpenROAD-flow-scripts SKY130HD, frozen image sha256:f05cee3219a02f26289f02f00e11a3fc986ab51a482a0000a2da810cda219a6e",aa3f5945ea6f76d5cd471acf06d9aacb29f5a7331f7e19a0957a35b6d4ffcb4a,e38b1f590237cf3f4f247268476991ab784c581d07d800e0f395e01c9d9971e8,,
,repository provenance; no external numeric substitution,2026-09-08/v3.1.0,MP31|E0|UPSTREAM_ORIGINAL|seed19|I0,ANALYTICAL,E3,d70181dc199692bcd152a8192a5a43825e6a9c19c95860e16c8bdcb3aee5eab7,cb082a4dae6ed537e8994e1f96fe12d68b1bba32a44face58a3cca2e0465e086,SB_V3_1_MATCHED_U0_E0_IMPLEMENTATION_AND_SERVICE,TT/25C/1.8V,QUALIFIED_WITHIN_DECLARED_RTL_BOUNDARY,ME31|MP31_E0_UPSTREAM_ORIGINAL_seed19_I0|registered_service_latency_s,registered_service_latency_s,E0-UPSTREAM_ORIGINAL-seed19,RTL_CONTRACT_AND_EXACT_LOGICAL_MODEL,SKY130HD_WITH_SRAM22_RESEARCH_MACROS,DETERMINISTIC_RTL_CONTRACT,s,1e-08,read_dominant,V3_1_PHYSICAL_POPULATION,1d27b3cc5f9bd107f9f7dc8c3dfaa36375eefc46ad69a82c006bbf37d1839569,"OpenROAD-flow-scripts SKY130HD, frozen image sha256:f05cee3219a02f26289f02f00e11a3fc986ab51a482a0000a2da810cda219a6e",aa3f5945ea6f76d5cd471acf06d9aacb29f5a7331f7e19a0957a35b6d4ffcb4a,e38b1f590237cf3f4f247268476991ab784c581d07d800e0f395e01c9d9971e8,,
,repository provenance; no external numeric substitution,2026-09-08/v3.1.0,MP31|E0|UPSTREAM_ORIGINAL|seed19|I0,ANALYTICAL,E3,d70181dc199692bcd152a8192a5a43825e6a9c19c95860e16c8bdcb3aee5eab7,cb082a4dae6ed537e8994e1f96fe12d68b1bba32a44face58a3cca2e0465e086,SB_V3_1_MATCHED_U0_E0_IMPLEMENTATION_AND_SERVICE,TT/25C/1.8V,QUALIFIED_WITHIN_DECLARED_RTL_BOUNDARY,ME31|MP31_E0_UPSTREAM_ORIGINAL_seed19_I0|initiation_interval_cycles,initiation_interval_cycles,E0-UPSTREAM_ORIGINAL-seed19,RTL_CONTRACT_AND_EXACT_LOGICAL_MODEL,SKY130HD_WITH_SRAM22_RESEARCH_MACROS,DETERMINISTIC_RTL_CONTRACT,cycle,1,read_dominant,V3_1_PHYSICAL_POPULATION,1d27b3cc5f9bd107f9f7dc8c3dfaa36375eefc46ad69a82c006bbf37d1839569,"OpenROAD-flow-scripts SKY130HD, frozen image sha256:f05cee3219a02f26289f02f00e11a3fc986ab51a482a0000a2da810cda219a6e",aa3f5945ea6f76d5cd471acf06d9aacb29f5a7331f7e19a0957a35b6d4ffcb4a,e38b1f590237cf3f4f247268476991ab784c581d07d800e0f395e01c9d9971e8,,
,repository provenance; no external numeric substitution,2026-09-08/v3.1.0,MP31|E0|UPSTREAM_ORIGINAL|seed19|I0,ANALYTICAL,E3,d70181dc199692bcd152a8192a5a43825e6a9c19c95860e16c8bdcb3aee5eab7,cb082a4dae6ed537e8994e1f96fe12d68b1bba32a44face58a3cca2e0465e086,SB_V3_1_MATCHED_U0_E0_IMPLEMENTATION_AND_SERVICE,TT/25C/1.8V,QUALIFIED_WITHIN_DECLARED_RTL_BOUNDARY,ME31|MP31_E0_UPSTREAM_ORIGINAL_seed19_I0|nominal_initiation_capacity_services_per_s,nominal_initiation_capacity_services_per_s,E0-UPSTREAM_ORIGINAL-seed19,RTL_CONTRACT_AND_EXACT_LOGICAL_MODEL,SKY130HD_WITH_SRAM22_RESEARCH_MACROS,DETERMINISTIC_RTL_CONTRACT,services_per_s,100000000.0,read_dominant,V3_1_PHYSICAL_POPULATION,1d27b3cc5f9bd107f9f7dc8c3dfaa36375eefc46ad69a82c006bbf37d1839569,"OpenROAD-flow-scripts SKY130HD, frozen image sha256:f05cee3219a02f26289f02f00e11a3fc986ab51a482a0000a2da810cda219a6e",aa3f5945ea6f76d5cd471acf06d9aacb29f5a7331f7e19a0957a35b6d4ffcb4a,e38b1f590237cf3f4f247268476991ab784c581d07d800e0f395e01c9d9971e8,,
,repository provenance; no external numeric substitution,2026-09-08/v3.1.0,MP31|E0|UPSTREAM_ORIGINAL|seed19|I0,ANALYTICAL,E3,d70181dc199692bcd152a8192a5a43825e6a9c19c95860e16c8bdcb3aee5eab7,cb082a4dae6ed537e8994e1f96fe12d68b1bba32a44face58a3cca2e0465e086,SB_V3_1_MATCHED_U0_E0_IMPLEMENTATION_AND_SERVICE,TT/25C/1.8V,QUALIFIED_WITHIN_DECLARED_RTL_BOUNDARY,ME31|MP31_E0_UPSTREAM_ORIGINAL_seed19_I0|conditional_ecc_outcome_model,conditional_ecc_outcome_model,E0-UPSTREAM_ORIGINAL-seed19,RTL_CONTRACT_AND_EXACT_LOGICAL_MODEL,SKY130HD_WITH_SRAM22_RESEARCH_MACROS,DETERMINISTIC_RTL_CONTRACT,mapping,DECODER_REQUIRED_AFTER_PHYSICAL_MAPPING,read_dominant,V3_1_PHYSICAL_POPULATION,1d27b3cc5f9bd107f9f7dc8c3dfaa36375eefc46ad69a82c006bbf37d1839569,"OpenROAD-flow-scripts SKY130HD, frozen image sha256:f05cee3219a02f26289f02f00e11a3fc986ab51a482a0000a2da810cda219a6e",aa3f5945ea6f76d5cd471acf06d9aacb29f5a7331f7e19a0957a35b6d4ffcb4a,e38b1f590237cf3f4f247268476991ab784c581d07d800e0f395e01c9d9971e8,,
does not establish bitcell xy or address-to-cell mapping,repository provenance; no external numeric substitution,2026-09-08/v3.1.0,MP31|E0|UPSTREAM_ORIGINAL|seed19|I0,POST_ROUTE_ESTIMATE,E4,d70181dc199692bcd152a8192a5a43825e6a9c19c95860e16c8bdcb3aee5eab7,cb082a4dae6ed537e8994e1f96fe12d68b1bba32a44face58a3cca2e0465e086,SB_V3_1_MATCHED_U0_E0_IMPLEMENTATION_AND_SERVICE,TT/25C/1.8V,MACRO_LEVEL_ONLY,ME31|MP31_E0_UPSTREAM_ORIGINAL_seed19_I0|macro_placement_geometry,macro_placement_geometry,E0-UPSTREAM_ORIGINAL-seed19,POST_ROUTE_DEF_LEF_AND_SPICE_CONNECTIVITY,SKY130HD_WITH_SRAM22_RESEARCH_MACROS,FIVE_IMPLEMENTATION_SEEDS,mapping,DEF_MACRO_ORIGIN_ORIENTATION_AND_LEF_EXTENT,read_dominant,V3_1_PHYSICAL_POPULATION,1d27b3cc5f9bd107f9f7dc8c3dfaa36375eefc46ad69a82c006bbf37d1839569,"OpenROAD-flow-scripts SKY130HD, frozen image sha256:f05cee3219a02f26289f02f00e11a3fc986ab51a482a0000a2da810cda219a6e",aa3f5945ea6f76d5cd471acf06d9aacb29f5a7331f7e19a0957a35b6d4ffcb4a,e38b1f590237cf3f4f247268476991ab784c581d07d800e0f395e01c9d9971e8,,
complete address/column-select-to-GDS-bitcell map is unavailable,repository provenance; no external numeric substitution,2026-09-08/v3.1.0,MP31|E0|UPSTREAM_ORIGINAL|seed19|I0,UNAVAILABLE,E0,d70181dc199692bcd152a8192a5a43825e6a9c19c95860e16c8bdcb3aee5eab7,cb082a4dae6ed537e8994e1f96fe12d68b1bba32a44face58a3cca2e0465e086,SB_V3_1_MATCHED_U0_E0_IMPLEMENTATION_AND_SERVICE,TT/25C/1.8V,BLOCKED,ME31|MP31_E0_UPSTREAM_ORIGINAL_seed19_I0|bitcell_physical_geometry,bitcell_physical_geometry,E0-UPSTREAM_ORIGINAL-seed19,NOT_AVAILABLE,SKY130HD_WITH_SRAM22_RESEARCH_MACROS,STRUCTURAL_MISSINGNESS,mapping,,read_dominant,V3_1_PHYSICAL_POPULATION,1d27b3cc5f9bd107f9f7dc8c3dfaa36375eefc46ad69a82c006bbf37d1839569,"OpenROAD-flow-scripts SKY130HD, frozen image sha256:f05cee3219a02f26289f02f00e11a3fc986ab51a482a0000a2da810cda219a6e",aa3f5945ea6f76d5cd471acf06d9aacb29f5a7331f7e19a0957a35b6d4ffcb4a,e38b1f590237cf3f4f247268476991ab784c581d07d800e0f395e01c9d9971e8,,
no qualified transient-injection experiment and model-card provenance were established,repository provenance; no external numeric substitution,2026-09-08/v3.1.0,MP31|E0|UPSTREAM_ORIGINAL|seed19|I0,UNAVAILABLE,E0,d70181dc199692bcd152a8192a5a43825e6a9c19c95860e16c8bdcb3aee5eab7,cb082a4dae6ed537e8994e1f96fe12d68b1bba32a44face58a3cca2e0465e086,SB_V3_1_MATCHED_U0_E0_IMPLEMENTATION_AND_SERVICE,TT/25C/1.8V,BLOCKED,ME31|MP31_E0_UPSTREAM_ORIGINAL_seed19_I0|qcrit_c,qcrit_c,E0-UPSTREAM_ORIGINAL-seed19,NOT_AVAILABLE,SKY130HD_WITH_SRAM22_RESEARCH_MACROS,STRUCTURAL_MISSINGNESS,C,,read_dominant,V3_1_PHYSICAL_POPULATION,1d27b3cc5f9bd107f9f7dc8c3dfaa36375eefc46ad69a82c006bbf37d1839569,"OpenROAD-flow-scripts SKY130HD, frozen image sha256:f05cee3219a02f26289f02f00e11a3fc986ab51a482a0000a2da810cda219a6e",aa3f5945ea6f76d5cd471acf06d9aacb29f5a7331f7e19a0957a35b6d4ffcb4a,e38b1f590237cf3f4f247268476991ab784c581d07d800e0f395e01c9d9971e8,,
no technology/PVT/geometry-matched physical event PMF or rate,repository provenance; no external numeric substitution,2026-09-08/v3.1.0,MP31|E0|UPSTREAM_ORIGINAL|seed19|I0,UNAVAILABLE,E0,d70181dc199692bcd152a8192a5a43825e6a9c19c95860e16c8bdcb3aee5eab7,cb082a4dae6ed537e8994e1f96fe12d68b1bba32a44face58a3cca2e0465e086,SB_V3_1_MATCHED_U0_E0_IMPLEMENTATION_AND_SERVICE,TT/25C/1.8V,BLOCKED,ME31|MP31_E0_UPSTREAM_ORIGINAL_seed19_I0|physical_fault_probability,physical_fault_probability,E0-UPSTREAM_ORIGINAL-seed19,NOT_AVAILABLE,SKY130HD_WITH_SRAM22_RESEARCH_MACROS,STRUCTURAL_MISSINGNESS,probability,,read_dominant,V3_1_PHYSICAL_POPULATION,1d27b3cc5f9bd107f9f7dc8c3dfaa36375eefc46ad69a82c006bbf37d1839569,"OpenROAD-flow-scripts SKY130HD, frozen image sha256:f05cee3219a02f26289f02f00e11a3fc986ab51a482a0000a2da810cda219a6e",aa3f5945ea6f76d5cd471acf06d9aacb29f5a7331f7e19a0957a35b6d4ffcb4a,e38b1f590237cf3f4f247268476991ab784c581d07d800e0f395e01c9d9971e8,,
physical topology probabilities and exact cell mapping are unavailable,repository provenance; no external numeric substitution,2026-09-08/v3.1.0,MP31|E0|UPSTREAM_ORIGINAL|seed19|I0,UNAVAILABLE,E0,d70181dc199692bcd152a8192a5a43825e6a9c19c95860e16c8bdcb3aee5eab7,cb082a4dae6ed537e8994e1f96fe12d68b1bba32a44face58a3cca2e0465e086,SB_V3_1_MATCHED_U0_E0_IMPLEMENTATION_AND_SERVICE,TT/25C/1.8V,BLOCKED,ME31|MP31_E0_UPSTREAM_ORIGINAL_seed19_I0|physical_sdc_probability,physical_sdc_probability,E0-UPSTREAM_ORIGINAL-seed19,NOT_AVAILABLE,SKY130HD_WITH_SRAM22_RESEARCH_MACROS,STRUCTURAL_MISSINGNESS,probability,,read_dominant,V3_1_PHYSICAL_POPULATION,1d27b3cc5f9bd107f9f7dc8c3dfaa36375eefc46ad69a82c006bbf37d1839569,"OpenROAD-flow-scripts SKY130HD, frozen image sha256:f05cee3219a02f26289f02f00e11a3fc986ab51a482a0000a2da810cda219a6e",aa3f5945ea6f76d5cd471acf06d9aacb29f5a7331f7e19a0957a35b6d4ffcb4a,e38b1f590237cf3f4f247268476991ab784c581d07d800e0f395e01c9d9971e8,,
physical topology probabilities and exact cell mapping are unavailable,repository provenance; no external numeric substitution,2026-09-08/v3.1.0,MP31|E0|UPSTREAM_ORIGINAL|seed19|I0,UNAVAILABLE,E0,d70181dc199692bcd152a8192a5a43825e6a9c19c95860e16c8bdcb3aee5eab7,cb082a4dae6ed537e8994e1f96fe12d68b1bba32a44face58a3cca2e0465e086,SB_V3_1_MATCHED_U0_E0_IMPLEMENTATION_AND_SERVICE,TT/25C/1.8V,BLOCKED,ME31|MP31_E0_UPSTREAM_ORIGINAL_seed19_I0|physical_due_probability,physical_due_probability,E0-UPSTREAM_ORIGINAL-seed19,NOT_AVAILABLE,SKY130HD_WITH_SRAM22_RESEARCH_MACROS,STRUCTURAL_MISSINGNESS,probability,,read_dominant,V3_1_PHYSICAL_POPULATION,1d27b3cc5f9bd107f9f7dc8c3dfaa36375eefc46ad69a82c006bbf37d1839569,"OpenROAD-flow-scripts SKY130HD, frozen image sha256:f05cee3219a02f26289f02f00e11a3fc986ab51a482a0000a2da810cda219a6e",aa3f5945ea6f76d5cd471acf06d9aacb29f5a7331f7e19a0957a35b6d4ffcb4a,e38b1f590237cf3f4f247268476991ab784c581d07d800e0f395e01c9d9971e8,,
no qualified event rate; logical enumeration is not FIT,repository provenance; no external numeric substitution,2026-09-08/v3.1.0,MP31|E0|UPSTREAM_ORIGINAL|seed19|I0,UNAVAILABLE,E0,d70181dc199692bcd152a8192a5a43825e6a9c19c95860e16c8bdcb3aee5eab7,cb082a4dae6ed537e8994e1f96fe12d68b1bba32a44face58a3cca2e0465e086,SB_V3_1_MATCHED_U0_E0_IMPLEMENTATION_AND_SERVICE,TT/25C/1.8V,BLOCKED,ME31|MP31_E0_UPSTREAM_ORIGINAL_seed19_I0|fit,fit,E0-UPSTREAM_ORIGINAL-seed19,NOT_AVAILABLE,SKY130HD_WITH_SRAM22_RESEARCH_MACROS,STRUCTURAL_MISSINGNESS,FIT,,read_dominant,V3_1_PHYSICAL_POPULATION,1d27b3cc5f9bd107f9f7dc8c3dfaa36375eefc46ad69a82c006bbf37d1839569,"OpenROAD-flow-scripts SKY130HD, frozen image sha256:f05cee3219a02f26289f02f00e11a3fc986ab51a482a0000a2da810cda219a6e",aa3f5945ea6f76d5cd471acf06d9aacb29f5a7331f7e19a0957a35b6d4ffcb4a,e38b1f590237cf3f4f247268476991ab784c581d07d800e0f395e01c9d9971e8,,
"I1/I2 are proposals, not routed implementations",repository provenance; no external numeric substitution,2026-09-08/v3.1.0,MP31|E0|UPSTREAM_ORIGINAL|seed19|I0,UNAVAILABLE,E0,d70181dc199692bcd152a8192a5a43825e6a9c19c95860e16c8bdcb3aee5eab7,cb082a4dae6ed537e8994e1f96fe12d68b1bba32a44face58a3cca2e0465e086,SB_V3_1_MATCHED_U0_E0_IMPLEMENTATION_AND_SERVICE,TT/25C/1.8V,BLOCKED,ME31|MP31_E0_UPSTREAM_ORIGINAL_seed19_I0|implemented_nontrivial_interleaver_overhead,implemented_nontrivial_interleaver_overhead,E0-UPSTREAM_ORIGINAL-seed19,NOT_AVAILABLE,SKY130HD_WITH_SRAM22_RESEARCH_MACROS,STRUCTURAL_MISSINGNESS,um2,,read_dominant,V3_1_PHYSICAL_POPULATION,1d27b3cc5f9bd107f9f7dc8c3dfaa36375eefc46ad69a82c006bbf37d1839569,"OpenROAD-flow-scripts SKY130HD, frozen image sha256:f05cee3219a02f26289f02f00e11a3fc986ab51a482a0000a2da810cda219a6e",aa3f5945ea6f76d5cd471acf06d9aacb29f5a7331f7e19a0957a35b6d4ffcb4a,e38b1f590237cf3f4f247268476991ab784c581d07d800e0f395e01c9d9971e8,,
matched SKY130 manufacturing inventory is unavailable,repository provenance; no external numeric substitution,2026-09-08/v3.1.0,MP31|E0|UPSTREAM_ORIGINAL|seed19|I0,UNAVAILABLE,E0,d70181dc199692bcd152a8192a5a43825e6a9c19c95860e16c8bdcb3aee5eab7,cb082a4dae6ed537e8994e1f96fe12d68b1bba32a44face58a3cca2e0465e086,SB_V3_1_MATCHED_U0_E0_IMPLEMENTATION_AND_SERVICE,TT/25C/1.8V,BLOCKED,ME31|MP31_E0_UPSTREAM_ORIGINAL_seed19_I0|manufacturing_carbon_kgco2e,manufacturing_carbon_kgco2e,E0-UPSTREAM_ORIGINAL-seed19,NOT_AVAILABLE,SKY130HD_WITH_SRAM22_RESEARCH_MACROS,STRUCTURAL_MISSINGNESS,kgCO2e,,read_dominant,V3_1_PHYSICAL_POPULATION,1d27b3cc5f9bd107f9f7dc8c3dfaa36375eefc46ad69a82c006bbf37d1839569,"OpenROAD-flow-scripts SKY130HD, frozen image sha256:f05cee3219a02f26289f02f00e11a3fc986ab51a482a0000a2da810cda219a6e",aa3f5945ea6f76d5cd471acf06d9aacb29f5a7331f7e19a0957a35b6d4ffcb4a,e38b1f590237cf3f4f247268476991ab784c581d07d800e0f395e01c9d9971e8,,
lifecycle carbon and physical correct-service probability are unavailable,repository provenance; no external numeric substitution,2026-09-08/v3.1.0,MP31|E0|UPSTREAM_ORIGINAL|seed19|I0,UNAVAILABLE,E0,d70181dc199692bcd152a8192a5a43825e6a9c19c95860e16c8bdcb3aee5eab7,cb082a4dae6ed537e8994e1f96fe12d68b1bba32a44face58a3cca2e0465e086,SB_V3_1_MATCHED_U0_E0_IMPLEMENTATION_AND_SERVICE,TT/25C/1.8V,BLOCKED,ME31|MP31_E0_UPSTREAM_ORIGINAL_seed19_I0|csci_kgco2e_per_correct_service,csci_kgco2e_per_correct_service,E0-UPSTREAM_ORIGINAL-seed19,NOT_AVAILABLE,SKY130HD_WITH_SRAM22_RESEARCH_MACROS,STRUCTURAL_MISSINGNESS,kgCO2e_per_correct_service,,read_dominant,V3_1_PHYSICAL_POPULATION,1d27b3cc5f9bd107f9f7dc8c3dfaa36375eefc46ad69a82c006bbf37d1839569,"OpenROAD-flow-scripts SKY130HD, frozen image sha256:f05cee3219a02f26289f02f00e11a3fc986ab51a482a0000a2da810cda219a6e",aa3f5945ea6f76d5cd471acf06d9aacb29f5a7331f7e19a0957a35b6d4ffcb4a,e38b1f590237cf3f4f247268476991ab784c581d07d800e0f395e01c9d9971e8,,
matched lifecycle carbon and physical correct-service counts are unavailable,repository provenance; no external numeric substitution,2026-09-08/v3.1.0,MP31|E0|UPSTREAM_ORIGINAL|seed19|I0,UNAVAILABLE,E0,d70181dc199692bcd152a8192a5a43825e6a9c19c95860e16c8bdcb3aee5eab7,cb082a4dae6ed537e8994e1f96fe12d68b1bba32a44face58a3cca2e0465e086,SB_V3_1_MATCHED_U0_E0_IMPLEMENTATION_AND_SERVICE,TT/25C/1.8V,BLOCKED,ME31|MP31_E0_UPSTREAM_ORIGINAL_seed19_I0|mrcc_kgco2e_per_additional_correct_service,mrcc_kgco2e_per_additional_correct_service,E0-UPSTREAM_ORIGINAL-seed19,NOT_AVAILABLE,SKY130HD_WITH_SRAM22_RESEARCH_MACROS,STRUCTURAL_MISSINGNESS,kgCO2e_per_additional_correct_service,,read_dominant,V3_1_PHYSICAL_POPULATION,1d27b3cc5f9bd107f9f7dc8c3dfaa36375eefc46ad69a82c006bbf37d1839569,"OpenROAD-flow-scripts SKY130HD, frozen image sha256:f05cee3219a02f26289f02f00e11a3fc986ab51a482a0000a2da810cda219a6e",aa3f5945ea6f76d5cd471acf06d9aacb29f5a7331f7e19a0957a35b6d4ffcb4a,e38b1f590237cf3f4f247268476991ab784c581d07d800e0f395e01c9d9971e8,,
no saturated architecture-level traffic experiment with backpressure,repository provenance; no external numeric substitution,2026-09-08/v3.1.0,MP31|E0|UPSTREAM_ORIGINAL|seed19|I0,UNAVAILABLE,E0,d70181dc199692bcd152a8192a5a43825e6a9c19c95860e16c8bdcb3aee5eab7,cb082a4dae6ed537e8994e1f96fe12d68b1bba32a44face58a3cca2e0465e086,SB_V3_1_MATCHED_U0_E0_IMPLEMENTATION_AND_SERVICE,TT/25C/1.8V,BLOCKED,ME31|MP31_E0_UPSTREAM_ORIGINAL_seed19_I0|maximum_sustainable_throughput_services_per_s,maximum_sustainable_throughput_services_per_s,E0-UPSTREAM_ORIGINAL-seed19,NOT_AVAILABLE,SKY130HD_WITH_SRAM22_RESEARCH_MACROS,STRUCTURAL_MISSINGNESS,services_per_s,,read_dominant,V3_1_PHYSICAL_POPULATION,1d27b3cc5f9bd107f9f7dc8c3dfaa36375eefc46ad69a82c006bbf37d1839569,"OpenROAD-flow-scripts SKY130HD, frozen image sha256:f05cee3219a02f26289f02f00e11a3fc986ab51a482a0000a2da810cda219a6e",aa3f5945ea6f76d5cd471acf06d9aacb29f5a7331f7e19a0957a35b6d4ffcb4a,e38b1f590237cf3f4f247268476991ab784c581d07d800e0f395e01c9d9971e8,,
residual SRAM input-transition violations prevent signoff qualification,repository provenance; no external numeric substitution,2026-09-08/v3.1.0,MP31|U0|UPSTREAM_ORIGINAL|seed23|I0,POST_ROUTE_ESTIMATE,E4,d70181dc199692bcd152a8192a5a43825e6a9c19c95860e16c8bdcb3aee5eab7,728cba6b02b41ce256692791cd5c24b8e873fdca26ebc1911656475d2ac22e0a,SB_V3_1_MATCHED_U0_E0_IMPLEMENTATION_AND_SERVICE,TT/25C/1.8V,DIAGNOSTIC_ONLY,ME31|MP31_U0_UPSTREAM_ORIGINAL_seed23_I0|routed_total_area_um2,routed_total_area_um2,U0-UPSTREAM_ORIGINAL-seed23,MATCHED_POST_ROUTE_TOOL,SKY130HD_WITH_SRAM22_RESEARCH_MACROS,FIVE_IMPLEMENTATION_SEEDS,um2,206833,read_dominant,V3_1_PHYSICAL_POPULATION,90db8ba99880047f277844cef511ea59a9072f0c0ec89101342a14f37f9bfb31,"OpenROAD-flow-scripts SKY130HD, frozen image sha256:f05cee3219a02f26289f02f00e11a3fc986ab51a482a0000a2da810cda219a6e",9c3815a782be62795be0b7cf4eb467032c2bb0c36d6af77984fa1ad46b732830,83b9951d04766eeb85d673794aefe8a3b540af1686222a1a5017cb62e27a31ad,,
residual SRAM input-transition violations prevent signoff qualification,repository provenance; no external numeric substitution,2026-09-08/v3.1.0,MP31|U0|UPSTREAM_ORIGINAL|seed23|I0,POST_ROUTE_ESTIMATE,E4,d70181dc199692bcd152a8192a5a43825e6a9c19c95860e16c8bdcb3aee5eab7,728cba6b02b41ce256692791cd5c24b8e873fdca26ebc1911656475d2ac22e0a,SB_V3_1_MATCHED_U0_E0_IMPLEMENTATION_AND_SERVICE,TT/25C/1.8V,DIAGNOSTIC_ONLY,ME31|MP31_U0_UPSTREAM_ORIGINAL_seed23_I0|wirelength_um,wirelength_um,U0-UPSTREAM_ORIGINAL-seed23,MATCHED_POST_ROUTE_TOOL,SKY130HD_WITH_SRAM22_RESEARCH_MACROS,FIVE_IMPLEMENTATION_SEEDS,um,22231,read_dominant,V3_1_PHYSICAL_POPULATION,90db8ba99880047f277844cef511ea59a9072f0c0ec89101342a14f37f9bfb31,"OpenROAD-flow-scripts SKY130HD, frozen image sha256:f05cee3219a02f26289f02f00e11a3fc986ab51a482a0000a2da810cda219a6e",9c3815a782be62795be0b7cf4eb467032c2bb0c36d6af77984fa1ad46b732830,83b9951d04766eeb85d673794aefe8a3b540af1686222a1a5017cb62e27a31ad,,
residual SRAM input-transition violations prevent signoff qualification,repository provenance; no external numeric substitution,2026-09-08/v3.1.0,MP31|U0|UPSTREAM_ORIGINAL|seed23|I0,POST_ROUTE_ESTIMATE,E4,d70181dc199692bcd152a8192a5a43825e6a9c19c95860e16c8bdcb3aee5eab7,728cba6b02b41ce256692791cd5c24b8e873fdca26ebc1911656475d2ac22e0a,SB_V3_1_MATCHED_U0_E0_IMPLEMENTATION_AND_SERVICE,TT/25C/1.8V,DIAGNOSTIC_ONLY,ME31|MP31_U0_UPSTREAM_ORIGINAL_seed23_I0|via_count,via_count,U0-UPSTREAM_ORIGINAL-seed23,MATCHED_POST_ROUTE_TOOL,SKY130HD_WITH_SRAM22_RESEARCH_MACROS,FIVE_IMPLEMENTATION_SEEDS,count,1186,read_dominant,V3_1_PHYSICAL_POPULATION,90db8ba99880047f277844cef511ea59a9072f0c0ec89101342a14f37f9bfb31,"OpenROAD-flow-scripts SKY130HD, frozen image sha256:f05cee3219a02f26289f02f00e11a3fc986ab51a482a0000a2da810cda219a6e",9c3815a782be62795be0b7cf4eb467032c2bb0c36d6af77984fa1ad46b732830,83b9951d04766eeb85d673794aefe8a3b540af1686222a1a5017cb62e27a31ad,,
residual SRAM input-transition violations prevent signoff qualification,repository provenance; no external numeric substitution,2026-09-08/v3.1.0,MP31|U0|UPSTREAM_ORIGINAL|seed23|I0,POST_ROUTE_ESTIMATE,E4,d70181dc199692bcd152a8192a5a43825e6a9c19c95860e16c8bdcb3aee5eab7,728cba6b02b41ce256692791cd5c24b8e873fdca26ebc1911656475d2ac22e0a,SB_V3_1_MATCHED_U0_E0_IMPLEMENTATION_AND_SERVICE,TT/25C/1.8V,DIAGNOSTIC_ONLY,ME31|MP31_U0_UPSTREAM_ORIGINAL_seed23_I0|power_internal_w,power_internal_w,U0-UPSTREAM_ORIGINAL-seed23,MATCHED_POST_ROUTE_TOOL,SKY130HD_WITH_SRAM22_RESEARCH_MACROS,FIVE_IMPLEMENTATION_SEEDS,W,0.000772797,read_dominant,V3_1_PHYSICAL_POPULATION,90db8ba99880047f277844cef511ea59a9072f0c0ec89101342a14f37f9bfb31,"OpenROAD-flow-scripts SKY130HD, frozen image sha256:f05cee3219a02f26289f02f00e11a3fc986ab51a482a0000a2da810cda219a6e",9c3815a782be62795be0b7cf4eb467032c2bb0c36d6af77984fa1ad46b732830,83b9951d04766eeb85d673794aefe8a3b540af1686222a1a5017cb62e27a31ad,,
residual SRAM input-transition violations prevent signoff qualification,repository provenance; no external numeric substitution,2026-09-08/v3.1.0,MP31|U0|UPSTREAM_ORIGINAL|seed23|I0,POST_ROUTE_ESTIMATE,E4,d70181dc199692bcd152a8192a5a43825e6a9c19c95860e16c8bdcb3aee5eab7,728cba6b02b41ce256692791cd5c24b8e873fdca26ebc1911656475d2ac22e0a,SB_V3_1_MATCHED_U0_E0_IMPLEMENTATION_AND_SERVICE,TT/25C/1.8V,DIAGNOSTIC_ONLY,ME31|MP31_U0_UPSTREAM_ORIGINAL_seed23_I0|power_switching_w,power_switching_w,U0-UPSTREAM_ORIGINAL-seed23,MATCHED_POST_ROUTE_TOOL,SKY130HD_WITH_SRAM22_RESEARCH_MACROS,FIVE_IMPLEMENTATION_SEEDS,W,3.10942e-05,read_dominant,V3_1_PHYSICAL_POPULATION,90db8ba99880047f277844cef511ea59a9072f0c0ec89101342a14f37f9bfb31,"OpenROAD-flow-scripts SKY130HD, frozen image sha256:f05cee3219a02f26289f02f00e11a3fc986ab51a482a0000a2da810cda219a6e",9c3815a782be62795be0b7cf4eb467032c2bb0c36d6af77984fa1ad46b732830,83b9951d04766eeb85d673794aefe8a3b540af1686222a1a5017cb62e27a31ad,,
residual SRAM input-transition violations prevent signoff qualification,repository provenance; no external numeric substitution,2026-09-08/v3.1.0,MP31|U0|UPSTREAM_ORIGINAL|seed23|I0,POST_ROUTE_ESTIMATE,E4,d70181dc199692bcd152a8192a5a43825e6a9c19c95860e16c8bdcb3aee5eab7,728cba6b02b41ce256692791cd5c24b8e873fdca26ebc1911656475d2ac22e0a,SB_V3_1_MATCHED_U0_E0_IMPLEMENTATION_AND_SERVICE,TT/25C/1.8V,DIAGNOSTIC_ONLY,ME31|MP31_U0_UPSTREAM_ORIGINAL_seed23_I0|power_leakage_w,power_leakage_w,U0-UPSTREAM_ORIGINAL-seed23,MATCHED_POST_ROUTE_TOOL,SKY130HD_WITH_SRAM22_RESEARCH_MACROS,FIVE_IMPLEMENTATION_SEEDS,W,6.42569e-07,read_dominant,V3_1_PHYSICAL_POPULATION,90db8ba99880047f277844cef511ea59a9072f0c0ec89101342a14f37f9bfb31,"OpenROAD-flow-scripts SKY130HD, frozen image sha256:f05cee3219a02f26289f02f00e11a3fc986ab51a482a0000a2da810cda219a6e",9c3815a782be62795be0b7cf4eb467032c2bb0c36d6af77984fa1ad46b732830,83b9951d04766eeb85d673794aefe8a3b540af1686222a1a5017cb62e27a31ad,,
residual SRAM input-transition violations prevent signoff qualification,repository provenance; no external numeric substitution,2026-09-08/v3.1.0,MP31|U0|UPSTREAM_ORIGINAL|seed23|I0,POST_ROUTE_ESTIMATE,E4,d70181dc199692bcd152a8192a5a43825e6a9c19c95860e16c8bdcb3aee5eab7,728cba6b02b41ce256692791cd5c24b8e873fdca26ebc1911656475d2ac22e0a,SB_V3_1_MATCHED_U0_E0_IMPLEMENTATION_AND_SERVICE,TT/25C/1.8V,DIAGNOSTIC_ONLY,ME31|MP31_U0_UPSTREAM_ORIGINAL_seed23_I0|power_total_vectorless_w,power_total_vectorless_w,U0-UPSTREAM_ORIGINAL-seed23,MATCHED_POST_ROUTE_TOOL,SKY130HD_WITH_SRAM22_RESEARCH_MACROS,FIVE_IMPLEMENTATION_SEEDS,W,0.000804534,read_dominant,V3_1_PHYSICAL_POPULATION,90db8ba99880047f277844cef511ea59a9072f0c0ec89101342a14f37f9bfb31,"OpenROAD-flow-scripts SKY130HD, frozen image sha256:f05cee3219a02f26289f02f00e11a3fc986ab51a482a0000a2da810cda219a6e",9c3815a782be62795be0b7cf4eb467032c2bb0c36d6af77984fa1ad46b732830,83b9951d04766eeb85d673794aefe8a3b540af1686222a1a5017cb62e27a31ad,,
residual SRAM input-transition violations prevent signoff qualification,repository provenance; no external numeric substitution,2026-09-08/v3.1.0,MP31|U0|UPSTREAM_ORIGINAL|seed23|I0,POST_ROUTE_ESTIMATE,E4,d70181dc199692bcd152a8192a5a43825e6a9c19c95860e16c8bdcb3aee5eab7,728cba6b02b41ce256692791cd5c24b8e873fdca26ebc1911656475d2ac22e0a,SB_V3_1_MATCHED_U0_E0_IMPLEMENTATION_AND_SERVICE,TT/25C/1.8V,DIAGNOSTIC_ONLY,ME31|MP31_U0_UPSTREAM_ORIGINAL_seed23_I0|setup_wns_ns,setup_wns_ns,U0-UPSTREAM_ORIGINAL-seed23,MATCHED_POST_ROUTE_TOOL,SKY130HD_WITH_SRAM22_RESEARCH_MACROS,FIVE_IMPLEMENTATION_SEEDS,ns,4.45804,read_dominant,V3_1_PHYSICAL_POPULATION,90db8ba99880047f277844cef511ea59a9072f0c0ec89101342a14f37f9bfb31,"OpenROAD-flow-scripts SKY130HD, frozen image sha256:f05cee3219a02f26289f02f00e11a3fc986ab51a482a0000a2da810cda219a6e",9c3815a782be62795be0b7cf4eb467032c2bb0c36d6af77984fa1ad46b732830,83b9951d04766eeb85d673794aefe8a3b540af1686222a1a5017cb62e27a31ad,,
residual SRAM input-transition violations prevent signoff qualification,repository provenance; no external numeric substitution,2026-09-08/v3.1.0,MP31|U0|UPSTREAM_ORIGINAL|seed23|I0,POST_ROUTE_ESTIMATE,E4,d70181dc199692bcd152a8192a5a43825e6a9c19c95860e16c8bdcb3aee5eab7,728cba6b02b41ce256692791cd5c24b8e873fdca26ebc1911656475d2ac22e0a,SB_V3_1_MATCHED_U0_E0_IMPLEMENTATION_AND_SERVICE,TT/25C/1.8V,DIAGNOSTIC_ONLY,ME31|MP31_U0_UPSTREAM_ORIGINAL_seed23_I0|hold_wns_ns,hold_wns_ns,U0-UPSTREAM_ORIGINAL-seed23,MATCHED_POST_ROUTE_TOOL,SKY130HD_WITH_SRAM22_RESEARCH_MACROS,FIVE_IMPLEMENTATION_SEEDS,ns,0.0277263,read_dominant,V3_1_PHYSICAL_POPULATION,90db8ba99880047f277844cef511ea59a9072f0c0ec89101342a14f37f9bfb31,"OpenROAD-flow-scripts SKY130HD, frozen image sha256:f05cee3219a02f26289f02f00e11a3fc986ab51a482a0000a2da810cda219a6e",9c3815a782be62795be0b7cf4eb467032c2bb0c36d6af77984fa1ad46b732830,83b9951d04766eeb85d673794aefe8a3b540af1686222a1a5017cb62e27a31ad,,
,repository provenance; no external numeric substitution,2026-09-08/v3.1.0,MP31|U0|UPSTREAM_ORIGINAL|seed23|I0,ANALYTICAL,E3,d70181dc199692bcd152a8192a5a43825e6a9c19c95860e16c8bdcb3aee5eab7,728cba6b02b41ce256692791cd5c24b8e873fdca26ebc1911656475d2ac22e0a,SB_V3_1_MATCHED_U0_E0_IMPLEMENTATION_AND_SERVICE,TT/25C/1.8V,QUALIFIED_WITHIN_DECLARED_RTL_BOUNDARY,ME31|MP31_U0_UPSTREAM_ORIGINAL_seed23_I0|registered_service_latency_s,registered_service_latency_s,U0-UPSTREAM_ORIGINAL-seed23,RTL_CONTRACT_AND_EXACT_LOGICAL_MODEL,SKY130HD_WITH_SRAM22_RESEARCH_MACROS,DETERMINISTIC_RTL_CONTRACT,s,1e-08,read_dominant,V3_1_PHYSICAL_POPULATION,90db8ba99880047f277844cef511ea59a9072f0c0ec89101342a14f37f9bfb31,"OpenROAD-flow-scripts SKY130HD, frozen image sha256:f05cee3219a02f26289f02f00e11a3fc986ab51a482a0000a2da810cda219a6e",9c3815a782be62795be0b7cf4eb467032c2bb0c36d6af77984fa1ad46b732830,83b9951d04766eeb85d673794aefe8a3b540af1686222a1a5017cb62e27a31ad,,
,repository provenance; no external numeric substitution,2026-09-08/v3.1.0,MP31|U0|UPSTREAM_ORIGINAL|seed23|I0,ANALYTICAL,E3,d70181dc199692bcd152a8192a5a43825e6a9c19c95860e16c8bdcb3aee5eab7,728cba6b02b41ce256692791cd5c24b8e873fdca26ebc1911656475d2ac22e0a,SB_V3_1_MATCHED_U0_E0_IMPLEMENTATION_AND_SERVICE,TT/25C/1.8V,QUALIFIED_WITHIN_DECLARED_RTL_BOUNDARY,ME31|MP31_U0_UPSTREAM_ORIGINAL_seed23_I0|initiation_interval_cycles,initiation_interval_cycles,U0-UPSTREAM_ORIGINAL-seed23,RTL_CONTRACT_AND_EXACT_LOGICAL_MODEL,SKY130HD_WITH_SRAM22_RESEARCH_MACROS,DETERMINISTIC_RTL_CONTRACT,cycle,1,read_dominant,V3_1_PHYSICAL_POPULATION,90db8ba99880047f277844cef511ea59a9072f0c0ec89101342a14f37f9bfb31,"OpenROAD-flow-scripts SKY130HD, frozen image sha256:f05cee3219a02f26289f02f00e11a3fc986ab51a482a0000a2da810cda219a6e",9c3815a782be62795be0b7cf4eb467032c2bb0c36d6af77984fa1ad46b732830,83b9951d04766eeb85d673794aefe8a3b540af1686222a1a5017cb62e27a31ad,,
,repository provenance; no external numeric substitution,2026-09-08/v3.1.0,MP31|U0|UPSTREAM_ORIGINAL|seed23|I0,ANALYTICAL,E3,d70181dc199692bcd152a8192a5a43825e6a9c19c95860e16c8bdcb3aee5eab7,728cba6b02b41ce256692791cd5c24b8e873fdca26ebc1911656475d2ac22e0a,SB_V3_1_MATCHED_U0_E0_IMPLEMENTATION_AND_SERVICE,TT/25C/1.8V,QUALIFIED_WITHIN_DECLARED_RTL_BOUNDARY,ME31|MP31_U0_UPSTREAM_ORIGINAL_seed23_I0|nominal_initiation_capacity_services_per_s,nominal_initiation_capacity_services_per_s,U0-UPSTREAM_ORIGINAL-seed23,RTL_CONTRACT_AND_EXACT_LOGICAL_MODEL,SKY130HD_WITH_SRAM22_RESEARCH_MACROS,DETERMINISTIC_RTL_CONTRACT,services_per_s,100000000.0,read_dominant,V3_1_PHYSICAL_POPULATION,90db8ba99880047f277844cef511ea59a9072f0c0ec89101342a14f37f9bfb31,"OpenROAD-flow-scripts SKY130HD, frozen image sha256:f05cee3219a02f26289f02f00e11a3fc986ab51a482a0000a2da810cda219a6e",9c3815a782be62795be0b7cf4eb467032c2bb0c36d6af77984fa1ad46b732830,83b9951d04766eeb85d673794aefe8a3b540af1686222a1a5017cb62e27a31ad,,
,repository provenance; no external numeric substitution,2026-09-08/v3.1.0,MP31|U0|UPSTREAM_ORIGINAL|seed23|I0,ANALYTICAL,E3,d70181dc199692bcd152a8192a5a43825e6a9c19c95860e16c8bdcb3aee5eab7,728cba6b02b41ce256692791cd5c24b8e873fdca26ebc1911656475d2ac22e0a,SB_V3_1_MATCHED_U0_E0_IMPLEMENTATION_AND_SERVICE,TT/25C/1.8V,QUALIFIED_WITHIN_DECLARED_RTL_BOUNDARY,ME31|MP31_U0_UPSTREAM_ORIGINAL_seed23_I0|conditional_ecc_outcome_model,conditional_ecc_outcome_model,U0-UPSTREAM_ORIGINAL-seed23,RTL_CONTRACT_AND_EXACT_LOGICAL_MODEL,SKY130HD_WITH_SRAM22_RESEARCH_MACROS,DETERMINISTIC_RTL_CONTRACT,mapping,DECODER_REQUIRED_AFTER_PHYSICAL_MAPPING,read_dominant,V3_1_PHYSICAL_POPULATION,90db8ba99880047f277844cef511ea59a9072f0c0ec89101342a14f37f9bfb31,"OpenROAD-flow-scripts SKY130HD, frozen image sha256:f05cee3219a02f26289f02f00e11a3fc986ab51a482a0000a2da810cda219a6e",9c3815a782be62795be0b7cf4eb467032c2bb0c36d6af77984fa1ad46b732830,83b9951d04766eeb85d673794aefe8a3b540af1686222a1a5017cb62e27a31ad,,
does not establish bitcell xy or address-to-cell mapping,repository provenance; no external numeric substitution,2026-09-08/v3.1.0,MP31|U0|UPSTREAM_ORIGINAL|seed23|I0,POST_ROUTE_ESTIMATE,E4,d70181dc199692bcd152a8192a5a43825e6a9c19c95860e16c8bdcb3aee5eab7,728cba6b02b41ce256692791cd5c24b8e873fdca26ebc1911656475d2ac22e0a,SB_V3_1_MATCHED_U0_E0_IMPLEMENTATION_AND_SERVICE,TT/25C/1.8V,MACRO_LEVEL_ONLY,ME31|MP31_U0_UPSTREAM_ORIGINAL_seed23_I0|macro_placement_geometry,macro_placement_geometry,U0-UPSTREAM_ORIGINAL-seed23,POST_ROUTE_DEF_LEF_AND_SPICE_CONNECTIVITY,SKY130HD_WITH_SRAM22_RESEARCH_MACROS,FIVE_IMPLEMENTATION_SEEDS,mapping,DEF_MACRO_ORIGIN_ORIENTATION_AND_LEF_EXTENT,read_dominant,V3_1_PHYSICAL_POPULATION,90db8ba99880047f277844cef511ea59a9072f0c0ec89101342a14f37f9bfb31,"OpenROAD-flow-scripts SKY130HD, frozen image sha256:f05cee3219a02f26289f02f00e11a3fc986ab51a482a0000a2da810cda219a6e",9c3815a782be62795be0b7cf4eb467032c2bb0c36d6af77984fa1ad46b732830,83b9951d04766eeb85d673794aefe8a3b540af1686222a1a5017cb62e27a31ad,,
complete address/column-select-to-GDS-bitcell map is unavailable,repository provenance; no external numeric substitution,2026-09-08/v3.1.0,MP31|U0|UPSTREAM_ORIGINAL|seed23|I0,UNAVAILABLE,E0,d70181dc199692bcd152a8192a5a43825e6a9c19c95860e16c8bdcb3aee5eab7,728cba6b02b41ce256692791cd5c24b8e873fdca26ebc1911656475d2ac22e0a,SB_V3_1_MATCHED_U0_E0_IMPLEMENTATION_AND_SERVICE,TT/25C/1.8V,BLOCKED,ME31|MP31_U0_UPSTREAM_ORIGINAL_seed23_I0|bitcell_physical_geometry,bitcell_physical_geometry,U0-UPSTREAM_ORIGINAL-seed23,NOT_AVAILABLE,SKY130HD_WITH_SRAM22_RESEARCH_MACROS,STRUCTURAL_MISSINGNESS,mapping,,read_dominant,V3_1_PHYSICAL_POPULATION,90db8ba99880047f277844cef511ea59a9072f0c0ec89101342a14f37f9bfb31,"OpenROAD-flow-scripts SKY130HD, frozen image sha256:f05cee3219a02f26289f02f00e11a3fc986ab51a482a0000a2da810cda219a6e",9c3815a782be62795be0b7cf4eb467032c2bb0c36d6af77984fa1ad46b732830,83b9951d04766eeb85d673794aefe8a3b540af1686222a1a5017cb62e27a31ad,,
no qualified transient-injection experiment and model-card provenance were established,repository provenance; no external numeric substitution,2026-09-08/v3.1.0,MP31|U0|UPSTREAM_ORIGINAL|seed23|I0,UNAVAILABLE,E0,d70181dc199692bcd152a8192a5a43825e6a9c19c95860e16c8bdcb3aee5eab7,728cba6b02b41ce256692791cd5c24b8e873fdca26ebc1911656475d2ac22e0a,SB_V3_1_MATCHED_U0_E0_IMPLEMENTATION_AND_SERVICE,TT/25C/1.8V,BLOCKED,ME31|MP31_U0_UPSTREAM_ORIGINAL_seed23_I0|qcrit_c,qcrit_c,U0-UPSTREAM_ORIGINAL-seed23,NOT_AVAILABLE,SKY130HD_WITH_SRAM22_RESEARCH_MACROS,STRUCTURAL_MISSINGNESS,C,,read_dominant,V3_1_PHYSICAL_POPULATION,90db8ba99880047f277844cef511ea59a9072f0c0ec89101342a14f37f9bfb31,"OpenROAD-flow-scripts SKY130HD, frozen image sha256:f05cee3219a02f26289f02f00e11a3fc986ab51a482a0000a2da810cda219a6e",9c3815a782be62795be0b7cf4eb467032c2bb0c36d6af77984fa1ad46b732830,83b9951d04766eeb85d673794aefe8a3b540af1686222a1a5017cb62e27a31ad,,
no technology/PVT/geometry-matched physical event PMF or rate,repository provenance; no external numeric substitution,2026-09-08/v3.1.0,MP31|U0|UPSTREAM_ORIGINAL|seed23|I0,UNAVAILABLE,E0,d70181dc199692bcd152a8192a5a43825e6a9c19c95860e16c8bdcb3aee5eab7,728cba6b02b41ce256692791cd5c24b8e873fdca26ebc1911656475d2ac22e0a,SB_V3_1_MATCHED_U0_E0_IMPLEMENTATION_AND_SERVICE,TT/25C/1.8V,BLOCKED,ME31|MP31_U0_UPSTREAM_ORIGINAL_seed23_I0|physical_fault_probability,physical_fault_probability,U0-UPSTREAM_ORIGINAL-seed23,NOT_AVAILABLE,SKY130HD_WITH_SRAM22_RESEARCH_MACROS,STRUCTURAL_MISSINGNESS,probability,,read_dominant,V3_1_PHYSICAL_POPULATION,90db8ba99880047f277844cef511ea59a9072f0c0ec89101342a14f37f9bfb31,"OpenROAD-flow-scripts SKY130HD, frozen image sha256:f05cee3219a02f26289f02f00e11a3fc986ab51a482a0000a2da810cda219a6e",9c3815a782be62795be0b7cf4eb467032c2bb0c36d6af77984fa1ad46b732830,83b9951d04766eeb85d673794aefe8a3b540af1686222a1a5017cb62e27a31ad,,
physical topology probabilities and exact cell mapping are unavailable,repository provenance; no external numeric substitution,2026-09-08/v3.1.0,MP31|U0|UPSTREAM_ORIGINAL|seed23|I0,UNAVAILABLE,E0,d70181dc199692bcd152a8192a5a43825e6a9c19c95860e16c8bdcb3aee5eab7,728cba6b02b41ce256692791cd5c24b8e873fdca26ebc1911656475d2ac22e0a,SB_V3_1_MATCHED_U0_E0_IMPLEMENTATION_AND_SERVICE,TT/25C/1.8V,BLOCKED,ME31|MP31_U0_UPSTREAM_ORIGINAL_seed23_I0|physical_sdc_probability,physical_sdc_probability,U0-UPSTREAM_ORIGINAL-seed23,NOT_AVAILABLE,SKY130HD_WITH_SRAM22_RESEARCH_MACROS,STRUCTURAL_MISSINGNESS,probability,,read_dominant,V3_1_PHYSICAL_POPULATION,90db8ba99880047f277844cef511ea59a9072f0c0ec89101342a14f37f9bfb31,"OpenROAD-flow-scripts SKY130HD, frozen image sha256:f05cee3219a02f26289f02f00e11a3fc986ab51a482a0000a2da810cda219a6e",9c3815a782be62795be0b7cf4eb467032c2bb0c36d6af77984fa1ad46b732830,83b9951d04766eeb85d673794aefe8a3b540af1686222a1a5017cb62e27a31ad,,
physical topology probabilities and exact cell mapping are unavailable,repository provenance; no external numeric substitution,2026-09-08/v3.1.0,MP31|U0|UPSTREAM_ORIGINAL|seed23|I0,UNAVAILABLE,E0,d70181dc199692bcd152a8192a5a43825e6a9c19c95860e16c8bdcb3aee5eab7,728cba6b02b41ce256692791cd5c24b8e873fdca26ebc1911656475d2ac22e0a,SB_V3_1_MATCHED_U0_E0_IMPLEMENTATION_AND_SERVICE,TT/25C/1.8V,BLOCKED,ME31|MP31_U0_UPSTREAM_ORIGINAL_seed23_I0|physical_due_probability,physical_due_probability,U0-UPSTREAM_ORIGINAL-seed23,NOT_AVAILABLE,SKY130HD_WITH_SRAM22_RESEARCH_MACROS,STRUCTURAL_MISSINGNESS,probability,,read_dominant,V3_1_PHYSICAL_POPULATION,90db8ba99880047f277844cef511ea59a9072f0c0ec89101342a14f37f9bfb31,"OpenROAD-flow-scripts SKY130HD, frozen image sha256:f05cee3219a02f26289f02f00e11a3fc986ab51a482a0000a2da810cda219a6e",9c3815a782be62795be0b7cf4eb467032c2bb0c36d6af77984fa1ad46b732830,83b9951d04766eeb85d673794aefe8a3b540af1686222a1a5017cb62e27a31ad,,
no qualified event rate; logical enumeration is not FIT,repository provenance; no external numeric substitution,2026-09-08/v3.1.0,MP31|U0|UPSTREAM_ORIGINAL|seed23|I0,UNAVAILABLE,E0,d70181dc199692bcd152a8192a5a43825e6a9c19c95860e16c8bdcb3aee5eab7,728cba6b02b41ce256692791cd5c24b8e873fdca26ebc1911656475d2ac22e0a,SB_V3_1_MATCHED_U0_E0_IMPLEMENTATION_AND_SERVICE,TT/25C/1.8V,BLOCKED,ME31|MP31_U0_UPSTREAM_ORIGINAL_seed23_I0|fit,fit,U0-UPSTREAM_ORIGINAL-seed23,NOT_AVAILABLE,SKY130HD_WITH_SRAM22_RESEARCH_MACROS,STRUCTURAL_MISSINGNESS,FIT,,read_dominant,V3_1_PHYSICAL_POPULATION,90db8ba99880047f277844cef511ea59a9072f0c0ec89101342a14f37f9bfb31,"OpenROAD-flow-scripts SKY130HD, frozen image sha256:f05cee3219a02f26289f02f00e11a3fc986ab51a482a0000a2da810cda219a6e",9c3815a782be62795be0b7cf4eb467032c2bb0c36d6af77984fa1ad46b732830,83b9951d04766eeb85d673794aefe8a3b540af1686222a1a5017cb62e27a31ad,,
"I1/I2 are proposals, not routed implementations",repository provenance; no external numeric substitution,2026-09-08/v3.1.0,MP31|U0|UPSTREAM_ORIGINAL|seed23|I0,UNAVAILABLE,E0,d70181dc199692bcd152a8192a5a43825e6a9c19c95860e16c8bdcb3aee5eab7,728cba6b02b41ce256692791cd5c24b8e873fdca26ebc1911656475d2ac22e0a,SB_V3_1_MATCHED_U0_E0_IMPLEMENTATION_AND_SERVICE,TT/25C/1.8V,BLOCKED,ME31|MP31_U0_UPSTREAM_ORIGINAL_seed23_I0|implemented_nontrivial_interleaver_overhead,implemented_nontrivial_interleaver_overhead,U0-UPSTREAM_ORIGINAL-seed23,NOT_AVAILABLE,SKY130HD_WITH_SRAM22_RESEARCH_MACROS,STRUCTURAL_MISSINGNESS,um2,,read_dominant,V3_1_PHYSICAL_POPULATION,90db8ba99880047f277844cef511ea59a9072f0c0ec89101342a14f37f9bfb31,"OpenROAD-flow-scripts SKY130HD, frozen image sha256:f05cee3219a02f26289f02f00e11a3fc986ab51a482a0000a2da810cda219a6e",9c3815a782be62795be0b7cf4eb467032c2bb0c36d6af77984fa1ad46b732830,83b9951d04766eeb85d673794aefe8a3b540af1686222a1a5017cb62e27a31ad,,
matched SKY130 manufacturing inventory is unavailable,repository provenance; no external numeric substitution,2026-09-08/v3.1.0,MP31|U0|UPSTREAM_ORIGINAL|seed23|I0,UNAVAILABLE,E0,d70181dc199692bcd152a8192a5a43825e6a9c19c95860e16c8bdcb3aee5eab7,728cba6b02b41ce256692791cd5c24b8e873fdca26ebc1911656475d2ac22e0a,SB_V3_1_MATCHED_U0_E0_IMPLEMENTATION_AND_SERVICE,TT/25C/1.8V,BLOCKED,ME31|MP31_U0_UPSTREAM_ORIGINAL_seed23_I0|manufacturing_carbon_kgco2e,manufacturing_carbon_kgco2e,U0-UPSTREAM_ORIGINAL-seed23,NOT_AVAILABLE,SKY130HD_WITH_SRAM22_RESEARCH_MACROS,STRUCTURAL_MISSINGNESS,kgCO2e,,read_dominant,V3_1_PHYSICAL_POPULATION,90db8ba99880047f277844cef511ea59a9072f0c0ec89101342a14f37f9bfb31,"OpenROAD-flow-scripts SKY130HD, frozen image sha256:f05cee3219a02f26289f02f00e11a3fc986ab51a482a0000a2da810cda219a6e",9c3815a782be62795be0b7cf4eb467032c2bb0c36d6af77984fa1ad46b732830,83b9951d04766eeb85d673794aefe8a3b540af1686222a1a5017cb62e27a31ad,,
lifecycle carbon and physical correct-service probability are unavailable,repository provenance; no external numeric substitution,2026-09-08/v3.1.0,MP31|U0|UPSTREAM_ORIGINAL|seed23|I0,UNAVAILABLE,E0,d70181dc199692bcd152a8192a5a43825e6a9c19c95860e16c8bdcb3aee5eab7,728cba6b02b41ce256692791cd5c24b8e873fdca26ebc1911656475d2ac22e0a,SB_V3_1_MATCHED_U0_E0_IMPLEMENTATION_AND_SERVICE,TT/25C/1.8V,BLOCKED,ME31|MP31_U0_UPSTREAM_ORIGINAL_seed23_I0|csci_kgco2e_per_correct_service,csci_kgco2e_per_correct_service,U0-UPSTREAM_ORIGINAL-seed23,NOT_AVAILABLE,SKY130HD_WITH_SRAM22_RESEARCH_MACROS,STRUCTURAL_MISSINGNESS,kgCO2e_per_correct_service,,read_dominant,V3_1_PHYSICAL_POPULATION,90db8ba99880047f277844cef511ea59a9072f0c0ec89101342a14f37f9bfb31,"OpenROAD-flow-scripts SKY130HD, frozen image sha256:f05cee3219a02f26289f02f00e11a3fc986ab51a482a0000a2da810cda219a6e",9c3815a782be62795be0b7cf4eb467032c2bb0c36d6af77984fa1ad46b732830,83b9951d04766eeb85d673794aefe8a3b540af1686222a1a5017cb62e27a31ad,,
matched lifecycle carbon and physical correct-service counts are unavailable,repository provenance; no external numeric substitution,2026-09-08/v3.1.0,MP31|U0|UPSTREAM_ORIGINAL|seed23|I0,UNAVAILABLE,E0,d70181dc199692bcd152a8192a5a43825e6a9c19c95860e16c8bdcb3aee5eab7,728cba6b02b41ce256692791cd5c24b8e873fdca26ebc1911656475d2ac22e0a,SB_V3_1_MATCHED_U0_E0_IMPLEMENTATION_AND_SERVICE,TT/25C/1.8V,BLOCKED,ME31|MP31_U0_UPSTREAM_ORIGINAL_seed23_I0|mrcc_kgco2e_per_additional_correct_service,mrcc_kgco2e_per_additional_correct_service,U0-UPSTREAM_ORIGINAL-seed23,NOT_AVAILABLE,SKY130HD_WITH_SRAM22_RESEARCH_MACROS,STRUCTURAL_MISSINGNESS,kgCO2e_per_additional_correct_service,,read_dominant,V3_1_PHYSICAL_POPULATION,90db8ba99880047f277844cef511ea59a9072f0c0ec89101342a14f37f9bfb31,"OpenROAD-flow-scripts SKY130HD, frozen image sha256:f05cee3219a02f26289f02f00e11a3fc986ab51a482a0000a2da810cda219a6e",9c3815a782be62795be0b7cf4eb467032c2bb0c36d6af77984fa1ad46b732830,83b9951d04766eeb85d673794aefe8a3b540af1686222a1a5017cb62e27a31ad,,
no saturated architecture-level traffic experiment with backpressure,repository provenance; no external numeric substitution,2026-09-08/v3.1.0,MP31|U0|UPSTREAM_ORIGINAL|seed23|I0,UNAVAILABLE,E0,d70181dc199692bcd152a8192a5a43825e6a9c19c95860e16c8bdcb3aee5eab7,728cba6b02b41ce256692791cd5c24b8e873fdca26ebc1911656475d2ac22e0a,SB_V3_1_MATCHED_U0_E0_IMPLEMENTATION_AND_SERVICE,TT/25C/1.8V,BLOCKED,ME31|MP31_U0_UPSTREAM_ORIGINAL_seed23_I0|maximum_sustainable_throughput_services_per_s,maximum_sustainable_throughput_services_per_s,U0-UPSTREAM_ORIGINAL-seed23,NOT_AVAILABLE,SKY130HD_WITH_SRAM22_RESEARCH_MACROS,STRUCTURAL_MISSINGNESS,services_per_s,,read_dominant,V3_1_PHYSICAL_POPULATION,90db8ba99880047f277844cef511ea59a9072f0c0ec89101342a14f37f9bfb31,"OpenROAD-flow-scripts SKY130HD, frozen image sha256:f05cee3219a02f26289f02f00e11a3fc986ab51a482a0000a2da810cda219a6e",9c3815a782be62795be0b7cf4eb467032c2bb0c36d6af77984fa1ad46b732830,83b9951d04766eeb85d673794aefe8a3b540af1686222a1a5017cb62e27a31ad,,
residual SRAM input-transition violations prevent signoff qualification,repository provenance; no external numeric substitution,2026-09-08/v3.1.0,MP31|E0|UPSTREAM_ORIGINAL|seed23|I0,POST_ROUTE_ESTIMATE,E4,d70181dc199692bcd152a8192a5a43825e6a9c19c95860e16c8bdcb3aee5eab7,99ba38bfa7bccff1c34bb20d9b3cef4148d27e2f1fa3fd497cfbc8609862fe3a,SB_V3_1_MATCHED_U0_E0_IMPLEMENTATION_AND_SERVICE,TT/25C/1.8V,DIAGNOSTIC_ONLY,ME31|MP31_E0_UPSTREAM_ORIGINAL_seed23_I0|routed_total_area_um2,routed_total_area_um2,E0-UPSTREAM_ORIGINAL-seed23,MATCHED_POST_ROUTE_TOOL,SKY130HD_WITH_SRAM22_RESEARCH_MACROS,FIVE_IMPLEMENTATION_SEEDS,um2,276004,read_dominant,V3_1_PHYSICAL_POPULATION,7f3379e7f1afed6e922109e85fafc54990fcf3b54dc772e4178e975e27c5fb26,"OpenROAD-flow-scripts SKY130HD, frozen image sha256:f05cee3219a02f26289f02f00e11a3fc986ab51a482a0000a2da810cda219a6e",aa3f5945ea6f76d5cd471acf06d9aacb29f5a7331f7e19a0957a35b6d4ffcb4a,e38b1f590237cf3f4f247268476991ab784c581d07d800e0f395e01c9d9971e8,,
residual SRAM input-transition violations prevent signoff qualification,repository provenance; no external numeric substitution,2026-09-08/v3.1.0,MP31|E0|UPSTREAM_ORIGINAL|seed23|I0,POST_ROUTE_ESTIMATE,E4,d70181dc199692bcd152a8192a5a43825e6a9c19c95860e16c8bdcb3aee5eab7,99ba38bfa7bccff1c34bb20d9b3cef4148d27e2f1fa3fd497cfbc8609862fe3a,SB_V3_1_MATCHED_U0_E0_IMPLEMENTATION_AND_SERVICE,TT/25C/1.8V,DIAGNOSTIC_ONLY,ME31|MP31_E0_UPSTREAM_ORIGINAL_seed23_I0|wirelength_um,wirelength_um,E0-UPSTREAM_ORIGINAL-seed23,MATCHED_POST_ROUTE_TOOL,SKY130HD_WITH_SRAM22_RESEARCH_MACROS,FIVE_IMPLEMENTATION_SEEDS,um,79740,read_dominant,V3_1_PHYSICAL_POPULATION,7f3379e7f1afed6e922109e85fafc54990fcf3b54dc772e4178e975e27c5fb26,"OpenROAD-flow-scripts SKY130HD, frozen image sha256:f05cee3219a02f26289f02f00e11a3fc986ab51a482a0000a2da810cda219a6e",aa3f5945ea6f76d5cd471acf06d9aacb29f5a7331f7e19a0957a35b6d4ffcb4a,e38b1f590237cf3f4f247268476991ab784c581d07d800e0f395e01c9d9971e8,,
residual SRAM input-transition violations prevent signoff qualification,repository provenance; no external numeric substitution,2026-09-08/v3.1.0,MP31|E0|UPSTREAM_ORIGINAL|seed23|I0,POST_ROUTE_ESTIMATE,E4,d70181dc199692bcd152a8192a5a43825e6a9c19c95860e16c8bdcb3aee5eab7,99ba38bfa7bccff1c34bb20d9b3cef4148d27e2f1fa3fd497cfbc8609862fe3a,SB_V3_1_MATCHED_U0_E0_IMPLEMENTATION_AND_SERVICE,TT/25C/1.8V,DIAGNOSTIC_ONLY,ME31|MP31_E0_UPSTREAM_ORIGINAL_seed23_I0|via_count,via_count,E0-UPSTREAM_ORIGINAL-seed23,MATCHED_POST_ROUTE_TOOL,SKY130HD_WITH_SRAM22_RESEARCH_MACROS,FIVE_IMPLEMENTATION_SEEDS,count,6689,read_dominant,V3_1_PHYSICAL_POPULATION,7f3379e7f1afed6e922109e85fafc54990fcf3b54dc772e4178e975e27c5fb26,"OpenROAD-flow-scripts SKY130HD, frozen image sha256:f05cee3219a02f26289f02f00e11a3fc986ab51a482a0000a2da810cda219a6e",aa3f5945ea6f76d5cd471acf06d9aacb29f5a7331f7e19a0957a35b6d4ffcb4a,e38b1f590237cf3f4f247268476991ab784c581d07d800e0f395e01c9d9971e8,,
residual SRAM input-transition violations prevent signoff qualification,repository provenance; no external numeric substitution,2026-09-08/v3.1.0,MP31|E0|UPSTREAM_ORIGINAL|seed23|I0,POST_ROUTE_ESTIMATE,E4,d70181dc199692bcd152a8192a5a43825e6a9c19c95860e16c8bdcb3aee5eab7,99ba38bfa7bccff1c34bb20d9b3cef4148d27e2f1fa3fd497cfbc8609862fe3a,SB_V3_1_MATCHED_U0_E0_IMPLEMENTATION_AND_SERVICE,TT/25C/1.8V,DIAGNOSTIC_ONLY,ME31|MP31_E0_UPSTREAM_ORIGINAL_seed23_I0|power_internal_w,power_internal_w,E0-UPSTREAM_ORIGINAL-seed23,MATCHED_POST_ROUTE_TOOL,SKY130HD_WITH_SRAM22_RESEARCH_MACROS,FIVE_IMPLEMENTATION_SEEDS,W,0.00142758,read_dominant,V3_1_PHYSICAL_POPULATION,7f3379e7f1afed6e922109e85fafc54990fcf3b54dc772e4178e975e27c5fb26,"OpenROAD-flow-scripts SKY130HD, frozen image sha256:f05cee3219a02f26289f02f00e11a3fc986ab51a482a0000a2da810cda219a6e",aa3f5945ea6f76d5cd471acf06d9aacb29f5a7331f7e19a0957a35b6d4ffcb4a,e38b1f590237cf3f4f247268476991ab784c581d07d800e0f395e01c9d9971e8,,
residual SRAM input-transition violations prevent signoff qualification,repository provenance; no external numeric substitution,2026-09-08/v3.1.0,MP31|E0|UPSTREAM_ORIGINAL|seed23|I0,POST_ROUTE_ESTIMATE,E4,d70181dc199692bcd152a8192a5a43825e6a9c19c95860e16c8bdcb3aee5eab7,99ba38bfa7bccff1c34bb20d9b3cef4148d27e2f1fa3fd497cfbc8609862fe3a,SB_V3_1_MATCHED_U0_E0_IMPLEMENTATION_AND_SERVICE,TT/25C/1.8V,DIAGNOSTIC_ONLY,ME31|MP31_E0_UPSTREAM_ORIGINAL_seed23_I0|power_switching_w,power_switching_w,E0-UPSTREAM_ORIGINAL-seed23,MATCHED_POST_ROUTE_TOOL,SKY130HD_WITH_SRAM22_RESEARCH_MACROS,FIVE_IMPLEMENTATION_SEEDS,W,0.000645552,read_dominant,V3_1_PHYSICAL_POPULATION,7f3379e7f1afed6e922109e85fafc54990fcf3b54dc772e4178e975e27c5fb26,"OpenROAD-flow-scripts SKY130HD, frozen image sha256:f05cee3219a02f26289f02f00e11a3fc986ab51a482a0000a2da810cda219a6e",aa3f5945ea6f76d5cd471acf06d9aacb29f5a7331f7e19a0957a35b6d4ffcb4a,e38b1f590237cf3f4f247268476991ab784c581d07d800e0f395e01c9d9971e8,,
residual SRAM input-transition violations prevent signoff qualification,repository provenance; no external numeric substitution,2026-09-08/v3.1.0,MP31|E0|UPSTREAM_ORIGINAL|seed23|I0,POST_ROUTE_ESTIMATE,E4,d70181dc199692bcd152a8192a5a43825e6a9c19c95860e16c8bdcb3aee5eab7,99ba38bfa7bccff1c34bb20d9b3cef4148d27e2f1fa3fd497cfbc8609862fe3a,SB_V3_1_MATCHED_U0_E0_IMPLEMENTATION_AND_SERVICE,TT/25C/1.8V,DIAGNOSTIC_ONLY,ME31|MP31_E0_UPSTREAM_ORIGINAL_seed23_I0|power_leakage_w,power_leakage_w,E0-UPSTREAM_ORIGINAL-seed23,MATCHED_POST_ROUTE_TOOL,SKY130HD_WITH_SRAM22_RESEARCH_MACROS,FIVE_IMPLEMENTATION_SEEDS,W,7.34474e-07,read_dominant,V3_1_PHYSICAL_POPULATION,7f3379e7f1afed6e922109e85fafc54990fcf3b54dc772e4178e975e27c5fb26,"OpenROAD-flow-scripts SKY130HD, frozen image sha256:f05cee3219a02f26289f02f00e11a3fc986ab51a482a0000a2da810cda219a6e",aa3f5945ea6f76d5cd471acf06d9aacb29f5a7331f7e19a0957a35b6d4ffcb4a,e38b1f590237cf3f4f247268476991ab784c581d07d800e0f395e01c9d9971e8,,
residual SRAM input-transition violations prevent signoff qualification,repository provenance; no external numeric substitution,2026-09-08/v3.1.0,MP31|E0|UPSTREAM_ORIGINAL|seed23|I0,POST_ROUTE_ESTIMATE,E4,d70181dc199692bcd152a8192a5a43825e6a9c19c95860e16c8bdcb3aee5eab7,99ba38bfa7bccff1c34bb20d9b3cef4148d27e2f1fa3fd497cfbc8609862fe3a,SB_V3_1_MATCHED_U0_E0_IMPLEMENTATION_AND_SERVICE,TT/25C/1.8V,DIAGNOSTIC_ONLY,ME31|MP31_E0_UPSTREAM_ORIGINAL_seed23_I0|power_total_vectorless_w,power_total_vectorless_w,E0-UPSTREAM_ORIGINAL-seed23,MATCHED_POST_ROUTE_TOOL,SKY130HD_WITH_SRAM22_RESEARCH_MACROS,FIVE_IMPLEMENTATION_SEEDS,W,0.00207387,read_dominant,V3_1_PHYSICAL_POPULATION,7f3379e7f1afed6e922109e85fafc54990fcf3b54dc772e4178e975e27c5fb26,"OpenROAD-flow-scripts SKY130HD, frozen image sha256:f05cee3219a02f26289f02f00e11a3fc986ab51a482a0000a2da810cda219a6e",aa3f5945ea6f76d5cd471acf06d9aacb29f5a7331f7e19a0957a35b6d4ffcb4a,e38b1f590237cf3f4f247268476991ab784c581d07d800e0f395e01c9d9971e8,,
residual SRAM input-transition violations prevent signoff qualification,repository provenance; no external numeric substitution,2026-09-08/v3.1.0,MP31|E0|UPSTREAM_ORIGINAL|seed23|I0,POST_ROUTE_ESTIMATE,E4,d70181dc199692bcd152a8192a5a43825e6a9c19c95860e16c8bdcb3aee5eab7,99ba38bfa7bccff1c34bb20d9b3cef4148d27e2f1fa3fd497cfbc8609862fe3a,SB_V3_1_MATCHED_U0_E0_IMPLEMENTATION_AND_SERVICE,TT/25C/1.8V,DIAGNOSTIC_ONLY,ME31|MP31_E0_UPSTREAM_ORIGINAL_seed23_I0|setup_wns_ns,setup_wns_ns,E0-UPSTREAM_ORIGINAL-seed23,MATCHED_POST_ROUTE_TOOL,SKY130HD_WITH_SRAM22_RESEARCH_MACROS,FIVE_IMPLEMENTATION_SEEDS,ns,0.0679403,read_dominant,V3_1_PHYSICAL_POPULATION,7f3379e7f1afed6e922109e85fafc54990fcf3b54dc772e4178e975e27c5fb26,"OpenROAD-flow-scripts SKY130HD, frozen image sha256:f05cee3219a02f26289f02f00e11a3fc986ab51a482a0000a2da810cda219a6e",aa3f5945ea6f76d5cd471acf06d9aacb29f5a7331f7e19a0957a35b6d4ffcb4a,e38b1f590237cf3f4f247268476991ab784c581d07d800e0f395e01c9d9971e8,,
residual SRAM input-transition violations prevent signoff qualification,repository provenance; no external numeric substitution,2026-09-08/v3.1.0,MP31|E0|UPSTREAM_ORIGINAL|seed23|I0,POST_ROUTE_ESTIMATE,E4,d70181dc199692bcd152a8192a5a43825e6a9c19c95860e16c8bdcb3aee5eab7,99ba38bfa7bccff1c34bb20d9b3cef4148d27e2f1fa3fd497cfbc8609862fe3a,SB_V3_1_MATCHED_U0_E0_IMPLEMENTATION_AND_SERVICE,TT/25C/1.8V,DIAGNOSTIC_ONLY,ME31|MP31_E0_UPSTREAM_ORIGINAL_seed23_I0|hold_wns_ns,hold_wns_ns,E0-UPSTREAM_ORIGINAL-seed23,MATCHED_POST_ROUTE_TOOL,SKY130HD_WITH_SRAM22_RESEARCH_MACROS,FIVE_IMPLEMENTATION_SEEDS,ns,0.00259703,read_dominant,V3_1_PHYSICAL_POPULATION,7f3379e7f1afed6e922109e85fafc54990fcf3b54dc772e4178e975e27c5fb26,"OpenROAD-flow-scripts SKY130HD, frozen image sha256:f05cee3219a02f26289f02f00e11a3fc986ab51a482a0000a2da810cda219a6e",aa3f5945ea6f76d5cd471acf06d9aacb29f5a7331f7e19a0957a35b6d4ffcb4a,e38b1f590237cf3f4f247268476991ab784c581d07d800e0f395e01c9d9971e8,,
,repository provenance; no external numeric substitution,2026-09-08/v3.1.0,MP31|E0|UPSTREAM_ORIGINAL|seed23|I0,ANALYTICAL,E3,d70181dc199692bcd152a8192a5a43825e6a9c19c95860e16c8bdcb3aee5eab7,99ba38bfa7bccff1c34bb20d9b3cef4148d27e2f1fa3fd497cfbc8609862fe3a,SB_V3_1_MATCHED_U0_E0_IMPLEMENTATION_AND_SERVICE,TT/25C/1.8V,QUALIFIED_WITHIN_DECLARED_RTL_BOUNDARY,ME31|MP31_E0_UPSTREAM_ORIGINAL_seed23_I0|registered_service_latency_s,registered_service_latency_s,E0-UPSTREAM_ORIGINAL-seed23,RTL_CONTRACT_AND_EXACT_LOGICAL_MODEL,SKY130HD_WITH_SRAM22_RESEARCH_MACROS,DETERMINISTIC_RTL_CONTRACT,s,1e-08,read_dominant,V3_1_PHYSICAL_POPULATION,7f3379e7f1afed6e922109e85fafc54990fcf3b54dc772e4178e975e27c5fb26,"OpenROAD-flow-scripts SKY130HD, frozen image sha256:f05cee3219a02f26289f02f00e11a3fc986ab51a482a0000a2da810cda219a6e",aa3f5945ea6f76d5cd471acf06d9aacb29f5a7331f7e19a0957a35b6d4ffcb4a,e38b1f590237cf3f4f247268476991ab784c581d07d800e0f395e01c9d9971e8,,
,repository provenance; no external numeric substitution,2026-09-08/v3.1.0,MP31|E0|UPSTREAM_ORIGINAL|seed23|I0,ANALYTICAL,E3,d70181dc199692bcd152a8192a5a43825e6a9c19c95860e16c8bdcb3aee5eab7,99ba38bfa7bccff1c34bb20d9b3cef4148d27e2f1fa3fd497cfbc8609862fe3a,SB_V3_1_MATCHED_U0_E0_IMPLEMENTATION_AND_SERVICE,TT/25C/1.8V,QUALIFIED_WITHIN_DECLARED_RTL_BOUNDARY,ME31|MP31_E0_UPSTREAM_ORIGINAL_seed23_I0|initiation_interval_cycles,initiation_interval_cycles,E0-UPSTREAM_ORIGINAL-seed23,RTL_CONTRACT_AND_EXACT_LOGICAL_MODEL,SKY130HD_WITH_SRAM22_RESEARCH_MACROS,DETERMINISTIC_RTL_CONTRACT,cycle,1,read_dominant,V3_1_PHYSICAL_POPULATION,7f3379e7f1afed6e922109e85fafc54990fcf3b54dc772e4178e975e27c5fb26,"OpenROAD-flow-scripts SKY130HD, frozen image sha256:f05cee3219a02f26289f02f00e11a3fc986ab51a482a0000a2da810cda219a6e",aa3f5945ea6f76d5cd471acf06d9aacb29f5a7331f7e19a0957a35b6d4ffcb4a,e38b1f590237cf3f4f247268476991ab784c581d07d800e0f395e01c9d9971e8,,
,repository provenance; no external numeric substitution,2026-09-08/v3.1.0,MP31|E0|UPSTREAM_ORIGINAL|seed23|I0,ANALYTICAL,E3,d70181dc199692bcd152a8192a5a43825e6a9c19c95860e16c8bdcb3aee5eab7,99ba38bfa7bccff1c34bb20d9b3cef4148d27e2f1fa3fd497cfbc8609862fe3a,SB_V3_1_MATCHED_U0_E0_IMPLEMENTATION_AND_SERVICE,TT/25C/1.8V,QUALIFIED_WITHIN_DECLARED_RTL_BOUNDARY,ME31|MP31_E0_UPSTREAM_ORIGINAL_seed23_I0|nominal_initiation_capacity_services_per_s,nominal_initiation_capacity_services_per_s,E0-UPSTREAM_ORIGINAL-seed23,RTL_CONTRACT_AND_EXACT_LOGICAL_MODEL,SKY130HD_WITH_SRAM22_RESEARCH_MACROS,DETERMINISTIC_RTL_CONTRACT,services_per_s,100000000.0,read_dominant,V3_1_PHYSICAL_POPULATION,7f3379e7f1afed6e922109e85fafc54990fcf3b54dc772e4178e975e27c5fb26,"OpenROAD-flow-scripts SKY130HD, frozen image sha256:f05cee3219a02f26289f02f00e11a3fc986ab51a482a0000a2da810cda219a6e",aa3f5945ea6f76d5cd471acf06d9aacb29f5a7331f7e19a0957a35b6d4ffcb4a,e38b1f590237cf3f4f247268476991ab784c581d07d800e0f395e01c9d9971e8,,
,repository provenance; no external numeric substitution,2026-09-08/v3.1.0,MP31|E0|UPSTREAM_ORIGINAL|seed23|I0,ANALYTICAL,E3,d70181dc199692bcd152a8192a5a43825e6a9c19c95860e16c8bdcb3aee5eab7,99ba38bfa7bccff1c34bb20d9b3cef4148d27e2f1fa3fd497cfbc8609862fe3a,SB_V3_1_MATCHED_U0_E0_IMPLEMENTATION_AND_SERVICE,TT/25C/1.8V,QUALIFIED_WITHIN_DECLARED_RTL_BOUNDARY,ME31|MP31_E0_UPSTREAM_ORIGINAL_seed23_I0|conditional_ecc_outcome_model,conditional_ecc_outcome_model,E0-UPSTREAM_ORIGINAL-seed23,RTL_CONTRACT_AND_EXACT_LOGICAL_MODEL,SKY130HD_WITH_SRAM22_RESEARCH_MACROS,DETERMINISTIC_RTL_CONTRACT,mapping,DECODER_REQUIRED_AFTER_PHYSICAL_MAPPING,read_dominant,V3_1_PHYSICAL_POPULATION,7f3379e7f1afed6e922109e85fafc54990fcf3b54dc772e4178e975e27c5fb26,"OpenROAD-flow-scripts SKY130HD, frozen image sha256:f05cee3219a02f26289f02f00e11a3fc986ab51a482a0000a2da810cda219a6e",aa3f5945ea6f76d5cd471acf06d9aacb29f5a7331f7e19a0957a35b6d4ffcb4a,e38b1f590237cf3f4f247268476991ab784c581d07d800e0f395e01c9d9971e8,,
does not establish bitcell xy or address-to-cell mapping,repository provenance; no external numeric substitution,2026-09-08/v3.1.0,MP31|E0|UPSTREAM_ORIGINAL|seed23|I0,POST_ROUTE_ESTIMATE,E4,d70181dc199692bcd152a8192a5a43825e6a9c19c95860e16c8bdcb3aee5eab7,99ba38bfa7bccff1c34bb20d9b3cef4148d27e2f1fa3fd497cfbc8609862fe3a,SB_V3_1_MATCHED_U0_E0_IMPLEMENTATION_AND_SERVICE,TT/25C/1.8V,MACRO_LEVEL_ONLY,ME31|MP31_E0_UPSTREAM_ORIGINAL_seed23_I0|macro_placement_geometry,macro_placement_geometry,E0-UPSTREAM_ORIGINAL-seed23,POST_ROUTE_DEF_LEF_AND_SPICE_CONNECTIVITY,SKY130HD_WITH_SRAM22_RESEARCH_MACROS,FIVE_IMPLEMENTATION_SEEDS,mapping,DEF_MACRO_ORIGIN_ORIENTATION_AND_LEF_EXTENT,read_dominant,V3_1_PHYSICAL_POPULATION,7f3379e7f1afed6e922109e85fafc54990fcf3b54dc772e4178e975e27c5fb26,"OpenROAD-flow-scripts SKY130HD, frozen image sha256:f05cee3219a02f26289f02f00e11a3fc986ab51a482a0000a2da810cda219a6e",aa3f5945ea6f76d5cd471acf06d9aacb29f5a7331f7e19a0957a35b6d4ffcb4a,e38b1f590237cf3f4f247268476991ab784c581d07d800e0f395e01c9d9971e8,,
complete address/column-select-to-GDS-bitcell map is unavailable,repository provenance; no external numeric substitution,2026-09-08/v3.1.0,MP31|E0|UPSTREAM_ORIGINAL|seed23|I0,UNAVAILABLE,E0,d70181dc199692bcd152a8192a5a43825e6a9c19c95860e16c8bdcb3aee5eab7,99ba38bfa7bccff1c34bb20d9b3cef4148d27e2f1fa3fd497cfbc8609862fe3a,SB_V3_1_MATCHED_U0_E0_IMPLEMENTATION_AND_SERVICE,TT/25C/1.8V,BLOCKED,ME31|MP31_E0_UPSTREAM_ORIGINAL_seed23_I0|bitcell_physical_geometry,bitcell_physical_geometry,E0-UPSTREAM_ORIGINAL-seed23,NOT_AVAILABLE,SKY130HD_WITH_SRAM22_RESEARCH_MACROS,STRUCTURAL_MISSINGNESS,mapping,,read_dominant,V3_1_PHYSICAL_POPULATION,7f3379e7f1afed6e922109e85fafc54990fcf3b54dc772e4178e975e27c5fb26,"OpenROAD-flow-scripts SKY130HD, frozen image sha256:f05cee3219a02f26289f02f00e11a3fc986ab51a482a0000a2da810cda219a6e",aa3f5945ea6f76d5cd471acf06d9aacb29f5a7331f7e19a0957a35b6d4ffcb4a,e38b1f590237cf3f4f247268476991ab784c581d07d800e0f395e01c9d9971e8,,
no qualified transient-injection experiment and model-card provenance were established,repository provenance; no external numeric substitution,2026-09-08/v3.1.0,MP31|E0|UPSTREAM_ORIGINAL|seed23|I0,UNAVAILABLE,E0,d70181dc199692bcd152a8192a5a43825e6a9c19c95860e16c8bdcb3aee5eab7,99ba38bfa7bccff1c34bb20d9b3cef4148d27e2f1fa3fd497cfbc8609862fe3a,SB_V3_1_MATCHED_U0_E0_IMPLEMENTATION_AND_SERVICE,TT/25C/1.8V,BLOCKED,ME31|MP31_E0_UPSTREAM_ORIGINAL_seed23_I0|qcrit_c,qcrit_c,E0-UPSTREAM_ORIGINAL-seed23,NOT_AVAILABLE,SKY130HD_WITH_SRAM22_RESEARCH_MACROS,STRUCTURAL_MISSINGNESS,C,,read_dominant,V3_1_PHYSICAL_POPULATION,7f3379e7f1afed6e922109e85fafc54990fcf3b54dc772e4178e975e27c5fb26,"OpenROAD-flow-scripts SKY130HD, frozen image sha256:f05cee3219a02f26289f02f00e11a3fc986ab51a482a0000a2da810cda219a6e",aa3f5945ea6f76d5cd471acf06d9aacb29f5a7331f7e19a0957a35b6d4ffcb4a,e38b1f590237cf3f4f247268476991ab784c581d07d800e0f395e01c9d9971e8,,
no technology/PVT/geometry-matched physical event PMF or rate,repository provenance; no external numeric substitution,2026-09-08/v3.1.0,MP31|E0|UPSTREAM_ORIGINAL|seed23|I0,UNAVAILABLE,E0,d70181dc199692bcd152a8192a5a43825e6a9c19c95860e16c8bdcb3aee5eab7,99ba38bfa7bccff1c34bb20d9b3cef4148d27e2f1fa3fd497cfbc8609862fe3a,SB_V3_1_MATCHED_U0_E0_IMPLEMENTATION_AND_SERVICE,TT/25C/1.8V,BLOCKED,ME31|MP31_E0_UPSTREAM_ORIGINAL_seed23_I0|physical_fault_probability,physical_fault_probability,E0-UPSTREAM_ORIGINAL-seed23,NOT_AVAILABLE,SKY130HD_WITH_SRAM22_RESEARCH_MACROS,STRUCTURAL_MISSINGNESS,probability,,read_dominant,V3_1_PHYSICAL_POPULATION,7f3379e7f1afed6e922109e85fafc54990fcf3b54dc772e4178e975e27c5fb26,"OpenROAD-flow-scripts SKY130HD, frozen image sha256:f05cee3219a02f26289f02f00e11a3fc986ab51a482a0000a2da810cda219a6e",aa3f5945ea6f76d5cd471acf06d9aacb29f5a7331f7e19a0957a35b6d4ffcb4a,e38b1f590237cf3f4f247268476991ab784c581d07d800e0f395e01c9d9971e8,,
physical topology probabilities and exact cell mapping are unavailable,repository provenance; no external numeric substitution,2026-09-08/v3.1.0,MP31|E0|UPSTREAM_ORIGINAL|seed23|I0,UNAVAILABLE,E0,d70181dc199692bcd152a8192a5a43825e6a9c19c95860e16c8bdcb3aee5eab7,99ba38bfa7bccff1c34bb20d9b3cef4148d27e2f1fa3fd497cfbc8609862fe3a,SB_V3_1_MATCHED_U0_E0_IMPLEMENTATION_AND_SERVICE,TT/25C/1.8V,BLOCKED,ME31|MP31_E0_UPSTREAM_ORIGINAL_seed23_I0|physical_sdc_probability,physical_sdc_probability,E0-UPSTREAM_ORIGINAL-seed23,NOT_AVAILABLE,SKY130HD_WITH_SRAM22_RESEARCH_MACROS,STRUCTURAL_MISSINGNESS,probability,,read_dominant,V3_1_PHYSICAL_POPULATION,7f3379e7f1afed6e922109e85fafc54990fcf3b54dc772e4178e975e27c5fb26,"OpenROAD-flow-scripts SKY130HD, frozen image sha256:f05cee3219a02f26289f02f00e11a3fc986ab51a482a0000a2da810cda219a6e",aa3f5945ea6f76d5cd471acf06d9aacb29f5a7331f7e19a0957a35b6d4ffcb4a,e38b1f590237cf3f4f247268476991ab784c581d07d800e0f395e01c9d9971e8,,
physical topology probabilities and exact cell mapping are unavailable,repository provenance; no external numeric substitution,2026-09-08/v3.1.0,MP31|E0|UPSTREAM_ORIGINAL|seed23|I0,UNAVAILABLE,E0,d70181dc199692bcd152a8192a5a43825e6a9c19c95860e16c8bdcb3aee5eab7,99ba38bfa7bccff1c34bb20d9b3cef4148d27e2f1fa3fd497cfbc8609862fe3a,SB_V3_1_MATCHED_U0_E0_IMPLEMENTATION_AND_SERVICE,TT/25C/1.8V,BLOCKED,ME31|MP31_E0_UPSTREAM_ORIGINAL_seed23_I0|physical_due_probability,physical_due_probability,E0-UPSTREAM_ORIGINAL-seed23,NOT_AVAILABLE,SKY130HD_WITH_SRAM22_RESEARCH_MACROS,STRUCTURAL_MISSINGNESS,probability,,read_dominant,V3_1_PHYSICAL_POPULATION,7f3379e7f1afed6e922109e85fafc54990fcf3b54dc772e4178e975e27c5fb26,"OpenROAD-flow-scripts SKY130HD, frozen image sha256:f05cee3219a02f26289f02f00e11a3fc986ab51a482a0000a2da810cda219a6e",aa3f5945ea6f76d5cd471acf06d9aacb29f5a7331f7e19a0957a35b6d4ffcb4a,e38b1f590237cf3f4f247268476991ab784c581d07d800e0f395e01c9d9971e8,,
no qualified event rate; logical enumeration is not FIT,repository provenance; no external numeric substitution,2026-09-08/v3.1.0,MP31|E0|UPSTREAM_ORIGINAL|seed23|I0,UNAVAILABLE,E0,d70181dc199692bcd152a8192a5a43825e6a9c19c95860e16c8bdcb3aee5eab7,99ba38bfa7bccff1c34bb20d9b3cef4148d27e2f1fa3fd497cfbc8609862fe3a,SB_V3_1_MATCHED_U0_E0_IMPLEMENTATION_AND_SERVICE,TT/25C/1.8V,BLOCKED,ME31|MP31_E0_UPSTREAM_ORIGINAL_seed23_I0|fit,fit,E0-UPSTREAM_ORIGINAL-seed23,NOT_AVAILABLE,SKY130HD_WITH_SRAM22_RESEARCH_MACROS,STRUCTURAL_MISSINGNESS,FIT,,read_dominant,V3_1_PHYSICAL_POPULATION,7f3379e7f1afed6e922109e85fafc54990fcf3b54dc772e4178e975e27c5fb26,"OpenROAD-flow-scripts SKY130HD, frozen image sha256:f05cee3219a02f26289f02f00e11a3fc986ab51a482a0000a2da810cda219a6e",aa3f5945ea6f76d5cd471acf06d9aacb29f5a7331f7e19a0957a35b6d4ffcb4a,e38b1f590237cf3f4f247268476991ab784c581d07d800e0f395e01c9d9971e8,,
"I1/I2 are proposals, not routed implementations",repository provenance; no external numeric substitution,2026-09-08/v3.1.0,MP31|E0|UPSTREAM_ORIGINAL|seed23|I0,UNAVAILABLE,E0,d70181dc199692bcd152a8192a5a43825e6a9c19c95860e16c8bdcb3aee5eab7,99ba38bfa7bccff1c34bb20d9b3cef4148d27e2f1fa3fd497cfbc8609862fe3a,SB_V3_1_MATCHED_U0_E0_IMPLEMENTATION_AND_SERVICE,TT/25C/1.8V,BLOCKED,ME31|MP31_E0_UPSTREAM_ORIGINAL_seed23_I0|implemented_nontrivial_interleaver_overhead,implemented_nontrivial_interleaver_overhead,E0-UPSTREAM_ORIGINAL-seed23,NOT_AVAILABLE,SKY130HD_WITH_SRAM22_RESEARCH_MACROS,STRUCTURAL_MISSINGNESS,um2,,read_dominant,V3_1_PHYSICAL_POPULATION,7f3379e7f1afed6e922109e85fafc54990fcf3b54dc772e4178e975e27c5fb26,"OpenROAD-flow-scripts SKY130HD, frozen image sha256:f05cee3219a02f26289f02f00e11a3fc986ab51a482a0000a2da810cda219a6e",aa3f5945ea6f76d5cd471acf06d9aacb29f5a7331f7e19a0957a35b6d4ffcb4a,e38b1f590237cf3f4f247268476991ab784c581d07d800e0f395e01c9d9971e8,,
matched SKY130 manufacturing inventory is unavailable,repository provenance; no external numeric substitution,2026-09-08/v3.1.0,MP31|E0|UPSTREAM_ORIGINAL|seed23|I0,UNAVAILABLE,E0,d70181dc199692bcd152a8192a5a43825e6a9c19c95860e16c8bdcb3aee5eab7,99ba38bfa7bccff1c34bb20d9b3cef4148d27e2f1fa3fd497cfbc8609862fe3a,SB_V3_1_MATCHED_U0_E0_IMPLEMENTATION_AND_SERVICE,TT/25C/1.8V,BLOCKED,ME31|MP31_E0_UPSTREAM_ORIGINAL_seed23_I0|manufacturing_carbon_kgco2e,manufacturing_carbon_kgco2e,E0-UPSTREAM_ORIGINAL-seed23,NOT_AVAILABLE,SKY130HD_WITH_SRAM22_RESEARCH_MACROS,STRUCTURAL_MISSINGNESS,kgCO2e,,read_dominant,V3_1_PHYSICAL_POPULATION,7f3379e7f1afed6e922109e85fafc54990fcf3b54dc772e4178e975e27c5fb26,"OpenROAD-flow-scripts SKY130HD, frozen image sha256:f05cee3219a02f26289f02f00e11a3fc986ab51a482a0000a2da810cda219a6e",aa3f5945ea6f76d5cd471acf06d9aacb29f5a7331f7e19a0957a35b6d4ffcb4a,e38b1f590237cf3f4f247268476991ab784c581d07d800e0f395e01c9d9971e8,,
lifecycle carbon and physical correct-service probability are unavailable,repository provenance; no external numeric substitution,2026-09-08/v3.1.0,MP31|E0|UPSTREAM_ORIGINAL|seed23|I0,UNAVAILABLE,E0,d70181dc199692bcd152a8192a5a43825e6a9c19c95860e16c8bdcb3aee5eab7,99ba38bfa7bccff1c34bb20d9b3cef4148d27e2f1fa3fd497cfbc8609862fe3a,SB_V3_1_MATCHED_U0_E0_IMPLEMENTATION_AND_SERVICE,TT/25C/1.8V,BLOCKED,ME31|MP31_E0_UPSTREAM_ORIGINAL_seed23_I0|csci_kgco2e_per_correct_service,csci_kgco2e_per_correct_service,E0-UPSTREAM_ORIGINAL-seed23,NOT_AVAILABLE,SKY130HD_WITH_SRAM22_RESEARCH_MACROS,STRUCTURAL_MISSINGNESS,kgCO2e_per_correct_service,,read_dominant,V3_1_PHYSICAL_POPULATION,7f3379e7f1afed6e922109e85fafc54990fcf3b54dc772e4178e975e27c5fb26,"OpenROAD-flow-scripts SKY130HD, frozen image sha256:f05cee3219a02f26289f02f00e11a3fc986ab51a482a0000a2da810cda219a6e",aa3f5945ea6f76d5cd471acf06d9aacb29f5a7331f7e19a0957a35b6d4ffcb4a,e38b1f590237cf3f4f247268476991ab784c581d07d800e0f395e01c9d9971e8,,
matched lifecycle carbon and physical correct-service counts are unavailable,repository provenance; no external numeric substitution,2026-09-08/v3.1.0,MP31|E0|UPSTREAM_ORIGINAL|seed23|I0,UNAVAILABLE,E0,d70181dc199692bcd152a8192a5a43825e6a9c19c95860e16c8bdcb3aee5eab7,99ba38bfa7bccff1c34bb20d9b3cef4148d27e2f1fa3fd497cfbc8609862fe3a,SB_V3_1_MATCHED_U0_E0_IMPLEMENTATION_AND_SERVICE,TT/25C/1.8V,BLOCKED,ME31|MP31_E0_UPSTREAM_ORIGINAL_seed23_I0|mrcc_kgco2e_per_additional_correct_service,mrcc_kgco2e_per_additional_correct_service,E0-UPSTREAM_ORIGINAL-seed23,NOT_AVAILABLE,SKY130HD_WITH_SRAM22_RESEARCH_MACROS,STRUCTURAL_MISSINGNESS,kgCO2e_per_additional_correct_service,,read_dominant,V3_1_PHYSICAL_POPULATION,7f3379e7f1afed6e922109e85fafc54990fcf3b54dc772e4178e975e27c5fb26,"OpenROAD-flow-scripts SKY130HD, frozen image sha256:f05cee3219a02f26289f02f00e11a3fc986ab51a482a0000a2da810cda219a6e",aa3f5945ea6f76d5cd471acf06d9aacb29f5a7331f7e19a0957a35b6d4ffcb4a,e38b1f590237cf3f4f247268476991ab784c581d07d800e0f395e01c9d9971e8,,
no saturated architecture-level traffic experiment with backpressure,repository provenance; no external numeric substitution,2026-09-08/v3.1.0,MP31|E0|UPSTREAM_ORIGINAL|seed23|I0,UNAVAILABLE,E0,d70181dc199692bcd152a8192a5a43825e6a9c19c95860e16c8bdcb3aee5eab7,99ba38bfa7bccff1c34bb20d9b3cef4148d27e2f1fa3fd497cfbc8609862fe3a,SB_V3_1_MATCHED_U0_E0_IMPLEMENTATION_AND_SERVICE,TT/25C/1.8V,BLOCKED,ME31|MP31_E0_UPSTREAM_ORIGINAL_seed23_I0|maximum_sustainable_throughput_services_per_s,maximum_sustainable_throughput_services_per_s,E0-UPSTREAM_ORIGINAL-seed23,NOT_AVAILABLE,SKY130HD_WITH_SRAM22_RESEARCH_MACROS,STRUCTURAL_MISSINGNESS,services_per_s,,read_dominant,V3_1_PHYSICAL_POPULATION,7f3379e7f1afed6e922109e85fafc54990fcf3b54dc772e4178e975e27c5fb26,"OpenROAD-flow-scripts SKY130HD, frozen image sha256:f05cee3219a02f26289f02f00e11a3fc986ab51a482a0000a2da810cda219a6e",aa3f5945ea6f76d5cd471acf06d9aacb29f5a7331f7e19a0957a35b6d4ffcb4a,e38b1f590237cf3f4f247268476991ab784c581d07d800e0f395e01c9d9971e8,,
