quantity_id,entity_id,quantity_name,value,unit,source_id,source_type,implementation_hash,experiment_hash,technology_id,pvt,workload_id,measurement_model_boundary,evidence_tier,evidence_kind,uncertainty_representation,citation,date_version,qualification_status,blocking_reason
ME|MP|U0|SBU_ALL_COORDINATES|none|observed_macro_area_um2,MP|U0|SBU_ALL_COORDINATES|none,observed_macro_area_um2,201266.5968,um2,A10_LOGICAL_CONTROLS;A10_POSTROUTE_ACTIVITY_DIAGNOSTIC;SRC_SKYWATER_SKY130_PDK,POST_ROUTE_TOOL_ESTIMATE,d636140c5ad3c21c45df0be70835bf4655d3613685f964b6f05fd81139aa5c41,7106bc2a8d7157a8940bcb279f56b88181bd5685fc35ebbcfe433122fdc45ae5,SKY130,UNDECLARED,W0_READ_DOMINANT_SEED,SB_MP_IMPLEMENTATION_ONLY,E4,DIAGNOSTIC,NOT_QUANTIFIED,campaigns/iscas_sustainability_extension/green_refoundation_node_aware_carbon/green_matrix_v2/GREEN_MATRIX_V2_RAW.csv,2026-09-08,TOOL_ESTIMATE,No matched independent characterization.
ME|MP|U0|SBU_ALL_COORDINATES|none|activity_coverage_fraction,MP|U0|SBU_ALL_COORDINATES|none,activity_coverage_fraction,0.4868421052631579,probability,A10_LOGICAL_CONTROLS;A10_POSTROUTE_ACTIVITY_DIAGNOSTIC;SRC_SKYWATER_SKY130_PDK,DERIVED_ACTIVITY_COVERAGE,d636140c5ad3c21c45df0be70835bf4655d3613685f964b6f05fd81139aa5c41,7106bc2a8d7157a8940bcb279f56b88181bd5685fc35ebbcfe433122fdc45ae5,SKY130,UNDECLARED,W0_READ_DOMINANT_SEED,SB_MP_IMPLEMENTATION_ONLY,E3,DIAGNOSTIC,NOT_QUANTIFIED,campaigns/iscas_sustainability_extension/green_refoundation_node_aware_carbon/green_matrix_v2/GREEN_MATRIX_V2_RAW.csv,2026-09-08,DERIVED,Coverage is incomplete and is not workload energy.
ME|MP|U0|SBU_ALL_COORDINATES|none|diagnostic_tool_power_w,MP|U0|SBU_ALL_COORDINATES|none,diagnostic_tool_power_w,0.001893166452646,W,A10_LOGICAL_CONTROLS;A10_POSTROUTE_ACTIVITY_DIAGNOSTIC;SRC_SKYWATER_SKY130_PDK,POST_ROUTE_TOOL_DIAGNOSTIC,d636140c5ad3c21c45df0be70835bf4655d3613685f964b6f05fd81139aa5c41,7106bc2a8d7157a8940bcb279f56b88181bd5685fc35ebbcfe433122fdc45ae5,SKY130,UNDECLARED,W0_READ_DOMINANT_SEED,SB_MP_IMPLEMENTATION_ONLY,E4,DIAGNOSTIC,NOT_QUANTIFIED,campaigns/iscas_sustainability_extension/green_refoundation_node_aware_carbon/green_matrix_v2/GREEN_MATRIX_V2_RAW.csv,2026-09-08,TOOL_ESTIMATE,Diagnostic power is not activity-qualified access energy.
ME|MP|U0|SBU_ALL_COORDINATES|none|logical_pattern_count,MP|U0|SBU_ALL_COORDINATES|none,logical_pattern_count,64,count,A10_LOGICAL_CONTROLS;A10_POSTROUTE_ACTIVITY_DIAGNOSTIC;SRC_SKYWATER_SKY130_PDK,EXACT_LOGICAL_ENUMERATION,d636140c5ad3c21c45df0be70835bf4655d3613685f964b6f05fd81139aa5c41,7106bc2a8d7157a8940bcb279f56b88181bd5685fc35ebbcfe433122fdc45ae5,SKY130,UNDECLARED,W0_READ_DOMINANT_SEED,SB_MP_IMPLEMENTATION_ONLY,E3,LOGICAL_CONTROL,NOT_QUANTIFIED,campaigns/iscas_sustainability_extension/green_refoundation_node_aware_carbon/green_matrix_v2/GREEN_MATRIX_V2_RAW.csv,2026-09-08,DERIVED,Logical mask count is not a physical event rate.
ME|MP|U0|SBU_ALL_COORDINATES|none|logical_control_success_fraction,MP|U0|SBU_ALL_COORDINATES|none,logical_control_success_fraction,0,probability,A10_LOGICAL_CONTROLS;A10_POSTROUTE_ACTIVITY_DIAGNOSTIC;SRC_SKYWATER_SKY130_PDK,EXACT_LOGICAL_ENUMERATION,d636140c5ad3c21c45df0be70835bf4655d3613685f964b6f05fd81139aa5c41,7106bc2a8d7157a8940bcb279f56b88181bd5685fc35ebbcfe433122fdc45ae5,SKY130,UNDECLARED,W0_READ_DOMINANT_SEED,SB_MP_IMPLEMENTATION_ONLY,E3,LOGICAL_CONTROL,NOT_QUANTIFIED,campaigns/iscas_sustainability_extension/green_refoundation_node_aware_carbon/green_matrix_v2/GREEN_MATRIX_V2_RAW.csv,2026-09-08,DERIVED,Conditioned on enumerated masks; no P(f).
ME|MP|U0|SBU_ALL_COORDINATES|none|logical_control_due_fraction,MP|U0|SBU_ALL_COORDINATES|none,logical_control_due_fraction,0,probability,A10_LOGICAL_CONTROLS;A10_POSTROUTE_ACTIVITY_DIAGNOSTIC;SRC_SKYWATER_SKY130_PDK,EXACT_LOGICAL_ENUMERATION,d636140c5ad3c21c45df0be70835bf4655d3613685f964b6f05fd81139aa5c41,7106bc2a8d7157a8940bcb279f56b88181bd5685fc35ebbcfe433122fdc45ae5,SKY130,UNDECLARED,W0_READ_DOMINANT_SEED,SB_MP_IMPLEMENTATION_ONLY,E3,LOGICAL_CONTROL,NOT_QUANTIFIED,campaigns/iscas_sustainability_extension/green_refoundation_node_aware_carbon/green_matrix_v2/GREEN_MATRIX_V2_RAW.csv,2026-09-08,DERIVED,Conditioned on enumerated masks; no P(f).
ME|MP|U0|SBU_ALL_COORDINATES|none|logical_control_sdc_fraction,MP|U0|SBU_ALL_COORDINATES|none,logical_control_sdc_fraction,1,probability,A10_LOGICAL_CONTROLS;A10_POSTROUTE_ACTIVITY_DIAGNOSTIC;SRC_SKYWATER_SKY130_PDK,EXACT_LOGICAL_ENUMERATION,d636140c5ad3c21c45df0be70835bf4655d3613685f964b6f05fd81139aa5c41,7106bc2a8d7157a8940bcb279f56b88181bd5685fc35ebbcfe433122fdc45ae5,SKY130,UNDECLARED,W0_READ_DOMINANT_SEED,SB_MP_IMPLEMENTATION_ONLY,E3,LOGICAL_CONTROL,NOT_QUANTIFIED,campaigns/iscas_sustainability_extension/green_refoundation_node_aware_carbon/green_matrix_v2/GREEN_MATRIX_V2_RAW.csv,2026-09-08,DERIVED,Conditioned on enumerated masks; no P(f).
ME|MP|U0|SBU_ALL_COORDINATES|none|logical_control_corrected_fraction,MP|U0|SBU_ALL_COORDINATES|none,logical_control_corrected_fraction,0,probability,A10_LOGICAL_CONTROLS;A10_POSTROUTE_ACTIVITY_DIAGNOSTIC;SRC_SKYWATER_SKY130_PDK,EXACT_LOGICAL_ENUMERATION,d636140c5ad3c21c45df0be70835bf4655d3613685f964b6f05fd81139aa5c41,7106bc2a8d7157a8940bcb279f56b88181bd5685fc35ebbcfe433122fdc45ae5,SKY130,UNDECLARED,W0_READ_DOMINANT_SEED,SB_MP_IMPLEMENTATION_ONLY,E3,LOGICAL_CONTROL,NOT_QUANTIFIED,campaigns/iscas_sustainability_extension/green_refoundation_node_aware_carbon/green_matrix_v2/GREEN_MATRIX_V2_RAW.csv,2026-09-08,DERIVED,Conditioned on enumerated masks; no P(f).
ME|MP|U0|SBU_ALL_COORDINATES|none|logical_control_retry_fraction,MP|U0|SBU_ALL_COORDINATES|none,logical_control_retry_fraction,0,probability,A10_LOGICAL_CONTROLS;A10_POSTROUTE_ACTIVITY_DIAGNOSTIC;SRC_SKYWATER_SKY130_PDK,EXACT_LOGICAL_ENUMERATION,d636140c5ad3c21c45df0be70835bf4655d3613685f964b6f05fd81139aa5c41,7106bc2a8d7157a8940bcb279f56b88181bd5685fc35ebbcfe433122fdc45ae5,SKY130,UNDECLARED,W0_READ_DOMINANT_SEED,SB_MP_IMPLEMENTATION_ONLY,E3,LOGICAL_CONTROL,NOT_QUANTIFIED,campaigns/iscas_sustainability_extension/green_refoundation_node_aware_carbon/green_matrix_v2/GREEN_MATRIX_V2_RAW.csv,2026-09-08,DERIVED,Conditioned on enumerated masks; no P(f).
ME|MP|U0|SBU_ALL_COORDINATES|none|latency_s,MP|U0|SBU_ALL_COORDINATES|none,latency_s,,s,A10_LOGICAL_CONTROLS;A10_POSTROUTE_ACTIVITY_DIAGNOSTIC;SRC_SKYWATER_SKY130_PDK,ABSENT,d636140c5ad3c21c45df0be70835bf4655d3613685f964b6f05fd81139aa5c41,7106bc2a8d7157a8940bcb279f56b88181bd5685fc35ebbcfe433122fdc45ae5,SKY130,UNDECLARED,W0_READ_DOMINANT_SEED,REQUIRED_BOUNDARY_UNAVAILABLE,E0,UNQUALIFIED,MISSING,campaigns/iscas_sustainability_extension/green_refoundation_node_aware_carbon/green_matrix_v2/GREEN_MATRIX_V2_RAW.csv,2026-09-08,UNAVAILABLE,Latency is not measured for the declared service policy.
ME|MP|U0|SBU_ALL_COORDINATES|none|operational_energy_j,MP|U0|SBU_ALL_COORDINATES|none,operational_energy_j,,J,A10_LOGICAL_CONTROLS;A10_POSTROUTE_ACTIVITY_DIAGNOSTIC;SRC_SKYWATER_SKY130_PDK,ABSENT,d636140c5ad3c21c45df0be70835bf4655d3613685f964b6f05fd81139aa5c41,7106bc2a8d7157a8940bcb279f56b88181bd5685fc35ebbcfe433122fdc45ae5,SKY130,UNDECLARED,W0_READ_DOMINANT_SEED,REQUIRED_BOUNDARY_UNAVAILABLE,E0,UNQUALIFIED,MISSING,campaigns/iscas_sustainability_extension/green_refoundation_node_aware_carbon/green_matrix_v2/GREEN_MATRIX_V2_RAW.csv,2026-09-08,UNAVAILABLE,Activity-qualified architecture energy is unavailable.
ME|MP|U0|SBU_ALL_COORDINATES|none|physical_fault_probability,MP|U0|SBU_ALL_COORDINATES|none,physical_fault_probability,,probability,A10_LOGICAL_CONTROLS;A10_POSTROUTE_ACTIVITY_DIAGNOSTIC;SRC_SKYWATER_SKY130_PDK,ABSENT,d636140c5ad3c21c45df0be70835bf4655d3613685f964b6f05fd81139aa5c41,7106bc2a8d7157a8940bcb279f56b88181bd5685fc35ebbcfe433122fdc45ae5,SKY130,UNDECLARED,W0_READ_DOMINANT_SEED,REQUIRED_BOUNDARY_UNAVAILABLE,E0,UNQUALIFIED,MISSING,campaigns/iscas_sustainability_extension/green_refoundation_node_aware_carbon/green_matrix_v2/GREEN_MATRIX_V2_RAW.csv,2026-09-08,UNAVAILABLE,Physical SBU/DBU/MBU event probabilities are unavailable.
ME|MP|U0|SBU_ALL_COORDINATES|none|physical_sdc_probability,MP|U0|SBU_ALL_COORDINATES|none,physical_sdc_probability,,probability,A10_LOGICAL_CONTROLS;A10_POSTROUTE_ACTIVITY_DIAGNOSTIC;SRC_SKYWATER_SKY130_PDK,ABSENT,d636140c5ad3c21c45df0be70835bf4655d3613685f964b6f05fd81139aa5c41,7106bc2a8d7157a8940bcb279f56b88181bd5685fc35ebbcfe433122fdc45ae5,SKY130,UNDECLARED,W0_READ_DOMINANT_SEED,REQUIRED_BOUNDARY_UNAVAILABLE,E0,UNQUALIFIED,MISSING,campaigns/iscas_sustainability_extension/green_refoundation_node_aware_carbon/green_matrix_v2/GREEN_MATRIX_V2_RAW.csv,2026-09-08,UNAVAILABLE,Logical mask frequencies cannot establish physical SDC.
ME|MP|U0|SBU_ALL_COORDINATES|none|physical_due_probability,MP|U0|SBU_ALL_COORDINATES|none,physical_due_probability,,probability,A10_LOGICAL_CONTROLS;A10_POSTROUTE_ACTIVITY_DIAGNOSTIC;SRC_SKYWATER_SKY130_PDK,ABSENT,d636140c5ad3c21c45df0be70835bf4655d3613685f964b6f05fd81139aa5c41,7106bc2a8d7157a8940bcb279f56b88181bd5685fc35ebbcfe433122fdc45ae5,SKY130,UNDECLARED,W0_READ_DOMINANT_SEED,REQUIRED_BOUNDARY_UNAVAILABLE,E0,UNQUALIFIED,MISSING,campaigns/iscas_sustainability_extension/green_refoundation_node_aware_carbon/green_matrix_v2/GREEN_MATRIX_V2_RAW.csv,2026-09-08,UNAVAILABLE,Logical mask frequencies cannot establish physical DUE.
ME|MP|U0|SBU_ALL_COORDINATES|none|manufacturing_carbon_kgco2e,MP|U0|SBU_ALL_COORDINATES|none,manufacturing_carbon_kgco2e,,kgCO2e,SRC_SKYWATER_SKY130_PDK,ABSENT,d636140c5ad3c21c45df0be70835bf4655d3613685f964b6f05fd81139aa5c41,7106bc2a8d7157a8940bcb279f56b88181bd5685fc35ebbcfe433122fdc45ae5,SKY130,UNDECLARED,W0_READ_DOMINANT_SEED,REQUIRED_BOUNDARY_UNAVAILABLE,E0,UNQUALIFIED,MISSING,campaigns/iscas_sustainability_extension/green_refoundation_node_aware_carbon/green_matrix_v2/GREEN_MATRIX_V2_RAW.csv,2026-09-08,UNAVAILABLE,Matched SKY130 manufacturing inventory is unavailable.
ME|MP|U0|DBU_ALL_PAIRS|none|observed_macro_area_um2,MP|U0|DBU_ALL_PAIRS|none,observed_macro_area_um2,201266.5968,um2,A10_LOGICAL_CONTROLS;A10_POSTROUTE_ACTIVITY_DIAGNOSTIC;SRC_SKYWATER_SKY130_PDK,POST_ROUTE_TOOL_ESTIMATE,3fa146e2cad85134f648552e13e0d0a2d87abf3bceacf589658ac077aec836e0,7106bc2a8d7157a8940bcb279f56b88181bd5685fc35ebbcfe433122fdc45ae5,SKY130,UNDECLARED,W0_READ_DOMINANT_SEED,SB_MP_IMPLEMENTATION_ONLY,E4,DIAGNOSTIC,NOT_QUANTIFIED,campaigns/iscas_sustainability_extension/green_refoundation_node_aware_carbon/green_matrix_v2/GREEN_MATRIX_V2_RAW.csv,2026-09-08,TOOL_ESTIMATE,No matched independent characterization.
ME|MP|U0|DBU_ALL_PAIRS|none|activity_coverage_fraction,MP|U0|DBU_ALL_PAIRS|none,activity_coverage_fraction,0.4868421052631579,probability,A10_LOGICAL_CONTROLS;A10_POSTROUTE_ACTIVITY_DIAGNOSTIC;SRC_SKYWATER_SKY130_PDK,DERIVED_ACTIVITY_COVERAGE,3fa146e2cad85134f648552e13e0d0a2d87abf3bceacf589658ac077aec836e0,7106bc2a8d7157a8940bcb279f56b88181bd5685fc35ebbcfe433122fdc45ae5,SKY130,UNDECLARED,W0_READ_DOMINANT_SEED,SB_MP_IMPLEMENTATION_ONLY,E3,DIAGNOSTIC,NOT_QUANTIFIED,campaigns/iscas_sustainability_extension/green_refoundation_node_aware_carbon/green_matrix_v2/GREEN_MATRIX_V2_RAW.csv,2026-09-08,DERIVED,Coverage is incomplete and is not workload energy.
ME|MP|U0|DBU_ALL_PAIRS|none|diagnostic_tool_power_w,MP|U0|DBU_ALL_PAIRS|none,diagnostic_tool_power_w,0.001893166452646,W,A10_LOGICAL_CONTROLS;A10_POSTROUTE_ACTIVITY_DIAGNOSTIC;SRC_SKYWATER_SKY130_PDK,POST_ROUTE_TOOL_DIAGNOSTIC,3fa146e2cad85134f648552e13e0d0a2d87abf3bceacf589658ac077aec836e0,7106bc2a8d7157a8940bcb279f56b88181bd5685fc35ebbcfe433122fdc45ae5,SKY130,UNDECLARED,W0_READ_DOMINANT_SEED,SB_MP_IMPLEMENTATION_ONLY,E4,DIAGNOSTIC,NOT_QUANTIFIED,campaigns/iscas_sustainability_extension/green_refoundation_node_aware_carbon/green_matrix_v2/GREEN_MATRIX_V2_RAW.csv,2026-09-08,TOOL_ESTIMATE,Diagnostic power is not activity-qualified access energy.
ME|MP|U0|DBU_ALL_PAIRS|none|logical_pattern_count,MP|U0|DBU_ALL_PAIRS|none,logical_pattern_count,2016,count,A10_LOGICAL_CONTROLS;A10_POSTROUTE_ACTIVITY_DIAGNOSTIC;SRC_SKYWATER_SKY130_PDK,EXACT_LOGICAL_ENUMERATION,3fa146e2cad85134f648552e13e0d0a2d87abf3bceacf589658ac077aec836e0,7106bc2a8d7157a8940bcb279f56b88181bd5685fc35ebbcfe433122fdc45ae5,SKY130,UNDECLARED,W0_READ_DOMINANT_SEED,SB_MP_IMPLEMENTATION_ONLY,E3,LOGICAL_CONTROL,NOT_QUANTIFIED,campaigns/iscas_sustainability_extension/green_refoundation_node_aware_carbon/green_matrix_v2/GREEN_MATRIX_V2_RAW.csv,2026-09-08,DERIVED,Logical mask count is not a physical event rate.
ME|MP|U0|DBU_ALL_PAIRS|none|logical_control_success_fraction,MP|U0|DBU_ALL_PAIRS|none,logical_control_success_fraction,0,probability,A10_LOGICAL_CONTROLS;A10_POSTROUTE_ACTIVITY_DIAGNOSTIC;SRC_SKYWATER_SKY130_PDK,EXACT_LOGICAL_ENUMERATION,3fa146e2cad85134f648552e13e0d0a2d87abf3bceacf589658ac077aec836e0,7106bc2a8d7157a8940bcb279f56b88181bd5685fc35ebbcfe433122fdc45ae5,SKY130,UNDECLARED,W0_READ_DOMINANT_SEED,SB_MP_IMPLEMENTATION_ONLY,E3,LOGICAL_CONTROL,NOT_QUANTIFIED,campaigns/iscas_sustainability_extension/green_refoundation_node_aware_carbon/green_matrix_v2/GREEN_MATRIX_V2_RAW.csv,2026-09-08,DERIVED,Conditioned on enumerated masks; no P(f).
ME|MP|U0|DBU_ALL_PAIRS|none|logical_control_due_fraction,MP|U0|DBU_ALL_PAIRS|none,logical_control_due_fraction,0,probability,A10_LOGICAL_CONTROLS;A10_POSTROUTE_ACTIVITY_DIAGNOSTIC;SRC_SKYWATER_SKY130_PDK,EXACT_LOGICAL_ENUMERATION,3fa146e2cad85134f648552e13e0d0a2d87abf3bceacf589658ac077aec836e0,7106bc2a8d7157a8940bcb279f56b88181bd5685fc35ebbcfe433122fdc45ae5,SKY130,UNDECLARED,W0_READ_DOMINANT_SEED,SB_MP_IMPLEMENTATION_ONLY,E3,LOGICAL_CONTROL,NOT_QUANTIFIED,campaigns/iscas_sustainability_extension/green_refoundation_node_aware_carbon/green_matrix_v2/GREEN_MATRIX_V2_RAW.csv,2026-09-08,DERIVED,Conditioned on enumerated masks; no P(f).
ME|MP|U0|DBU_ALL_PAIRS|none|logical_control_sdc_fraction,MP|U0|DBU_ALL_PAIRS|none,logical_control_sdc_fraction,1,probability,A10_LOGICAL_CONTROLS;A10_POSTROUTE_ACTIVITY_DIAGNOSTIC;SRC_SKYWATER_SKY130_PDK,EXACT_LOGICAL_ENUMERATION,3fa146e2cad85134f648552e13e0d0a2d87abf3bceacf589658ac077aec836e0,7106bc2a8d7157a8940bcb279f56b88181bd5685fc35ebbcfe433122fdc45ae5,SKY130,UNDECLARED,W0_READ_DOMINANT_SEED,SB_MP_IMPLEMENTATION_ONLY,E3,LOGICAL_CONTROL,NOT_QUANTIFIED,campaigns/iscas_sustainability_extension/green_refoundation_node_aware_carbon/green_matrix_v2/GREEN_MATRIX_V2_RAW.csv,2026-09-08,DERIVED,Conditioned on enumerated masks; no P(f).
ME|MP|U0|DBU_ALL_PAIRS|none|logical_control_corrected_fraction,MP|U0|DBU_ALL_PAIRS|none,logical_control_corrected_fraction,0,probability,A10_LOGICAL_CONTROLS;A10_POSTROUTE_ACTIVITY_DIAGNOSTIC;SRC_SKYWATER_SKY130_PDK,EXACT_LOGICAL_ENUMERATION,3fa146e2cad85134f648552e13e0d0a2d87abf3bceacf589658ac077aec836e0,7106bc2a8d7157a8940bcb279f56b88181bd5685fc35ebbcfe433122fdc45ae5,SKY130,UNDECLARED,W0_READ_DOMINANT_SEED,SB_MP_IMPLEMENTATION_ONLY,E3,LOGICAL_CONTROL,NOT_QUANTIFIED,campaigns/iscas_sustainability_extension/green_refoundation_node_aware_carbon/green_matrix_v2/GREEN_MATRIX_V2_RAW.csv,2026-09-08,DERIVED,Conditioned on enumerated masks; no P(f).
ME|MP|U0|DBU_ALL_PAIRS|none|logical_control_retry_fraction,MP|U0|DBU_ALL_PAIRS|none,logical_control_retry_fraction,0,probability,A10_LOGICAL_CONTROLS;A10_POSTROUTE_ACTIVITY_DIAGNOSTIC;SRC_SKYWATER_SKY130_PDK,EXACT_LOGICAL_ENUMERATION,3fa146e2cad85134f648552e13e0d0a2d87abf3bceacf589658ac077aec836e0,7106bc2a8d7157a8940bcb279f56b88181bd5685fc35ebbcfe433122fdc45ae5,SKY130,UNDECLARED,W0_READ_DOMINANT_SEED,SB_MP_IMPLEMENTATION_ONLY,E3,LOGICAL_CONTROL,NOT_QUANTIFIED,campaigns/iscas_sustainability_extension/green_refoundation_node_aware_carbon/green_matrix_v2/GREEN_MATRIX_V2_RAW.csv,2026-09-08,DERIVED,Conditioned on enumerated masks; no P(f).
ME|MP|U0|DBU_ALL_PAIRS|none|latency_s,MP|U0|DBU_ALL_PAIRS|none,latency_s,,s,A10_LOGICAL_CONTROLS;A10_POSTROUTE_ACTIVITY_DIAGNOSTIC;SRC_SKYWATER_SKY130_PDK,ABSENT,3fa146e2cad85134f648552e13e0d0a2d87abf3bceacf589658ac077aec836e0,7106bc2a8d7157a8940bcb279f56b88181bd5685fc35ebbcfe433122fdc45ae5,SKY130,UNDECLARED,W0_READ_DOMINANT_SEED,REQUIRED_BOUNDARY_UNAVAILABLE,E0,UNQUALIFIED,MISSING,campaigns/iscas_sustainability_extension/green_refoundation_node_aware_carbon/green_matrix_v2/GREEN_MATRIX_V2_RAW.csv,2026-09-08,UNAVAILABLE,Latency is not measured for the declared service policy.
ME|MP|U0|DBU_ALL_PAIRS|none|operational_energy_j,MP|U0|DBU_ALL_PAIRS|none,operational_energy_j,,J,A10_LOGICAL_CONTROLS;A10_POSTROUTE_ACTIVITY_DIAGNOSTIC;SRC_SKYWATER_SKY130_PDK,ABSENT,3fa146e2cad85134f648552e13e0d0a2d87abf3bceacf589658ac077aec836e0,7106bc2a8d7157a8940bcb279f56b88181bd5685fc35ebbcfe433122fdc45ae5,SKY130,UNDECLARED,W0_READ_DOMINANT_SEED,REQUIRED_BOUNDARY_UNAVAILABLE,E0,UNQUALIFIED,MISSING,campaigns/iscas_sustainability_extension/green_refoundation_node_aware_carbon/green_matrix_v2/GREEN_MATRIX_V2_RAW.csv,2026-09-08,UNAVAILABLE,Activity-qualified architecture energy is unavailable.
ME|MP|U0|DBU_ALL_PAIRS|none|physical_fault_probability,MP|U0|DBU_ALL_PAIRS|none,physical_fault_probability,,probability,A10_LOGICAL_CONTROLS;A10_POSTROUTE_ACTIVITY_DIAGNOSTIC;SRC_SKYWATER_SKY130_PDK,ABSENT,3fa146e2cad85134f648552e13e0d0a2d87abf3bceacf589658ac077aec836e0,7106bc2a8d7157a8940bcb279f56b88181bd5685fc35ebbcfe433122fdc45ae5,SKY130,UNDECLARED,W0_READ_DOMINANT_SEED,REQUIRED_BOUNDARY_UNAVAILABLE,E0,UNQUALIFIED,MISSING,campaigns/iscas_sustainability_extension/green_refoundation_node_aware_carbon/green_matrix_v2/GREEN_MATRIX_V2_RAW.csv,2026-09-08,UNAVAILABLE,Physical SBU/DBU/MBU event probabilities are unavailable.
ME|MP|U0|DBU_ALL_PAIRS|none|physical_sdc_probability,MP|U0|DBU_ALL_PAIRS|none,physical_sdc_probability,,probability,A10_LOGICAL_CONTROLS;A10_POSTROUTE_ACTIVITY_DIAGNOSTIC;SRC_SKYWATER_SKY130_PDK,ABSENT,3fa146e2cad85134f648552e13e0d0a2d87abf3bceacf589658ac077aec836e0,7106bc2a8d7157a8940bcb279f56b88181bd5685fc35ebbcfe433122fdc45ae5,SKY130,UNDECLARED,W0_READ_DOMINANT_SEED,REQUIRED_BOUNDARY_UNAVAILABLE,E0,UNQUALIFIED,MISSING,campaigns/iscas_sustainability_extension/green_refoundation_node_aware_carbon/green_matrix_v2/GREEN_MATRIX_V2_RAW.csv,2026-09-08,UNAVAILABLE,Logical mask frequencies cannot establish physical SDC.
ME|MP|U0|DBU_ALL_PAIRS|none|physical_due_probability,MP|U0|DBU_ALL_PAIRS|none,physical_due_probability,,probability,A10_LOGICAL_CONTROLS;A10_POSTROUTE_ACTIVITY_DIAGNOSTIC;SRC_SKYWATER_SKY130_PDK,ABSENT,3fa146e2cad85134f648552e13e0d0a2d87abf3bceacf589658ac077aec836e0,7106bc2a8d7157a8940bcb279f56b88181bd5685fc35ebbcfe433122fdc45ae5,SKY130,UNDECLARED,W0_READ_DOMINANT_SEED,REQUIRED_BOUNDARY_UNAVAILABLE,E0,UNQUALIFIED,MISSING,campaigns/iscas_sustainability_extension/green_refoundation_node_aware_carbon/green_matrix_v2/GREEN_MATRIX_V2_RAW.csv,2026-09-08,UNAVAILABLE,Logical mask frequencies cannot establish physical DUE.
ME|MP|U0|DBU_ALL_PAIRS|none|manufacturing_carbon_kgco2e,MP|U0|DBU_ALL_PAIRS|none,manufacturing_carbon_kgco2e,,kgCO2e,SRC_SKYWATER_SKY130_PDK,ABSENT,3fa146e2cad85134f648552e13e0d0a2d87abf3bceacf589658ac077aec836e0,7106bc2a8d7157a8940bcb279f56b88181bd5685fc35ebbcfe433122fdc45ae5,SKY130,UNDECLARED,W0_READ_DOMINANT_SEED,REQUIRED_BOUNDARY_UNAVAILABLE,E0,UNQUALIFIED,MISSING,campaigns/iscas_sustainability_extension/green_refoundation_node_aware_carbon/green_matrix_v2/GREEN_MATRIX_V2_RAW.csv,2026-09-08,UNAVAILABLE,Matched SKY130 manufacturing inventory is unavailable.
ME|MP|U0|LOGICAL_CONSECUTIVE_3|none|observed_macro_area_um2,MP|U0|LOGICAL_CONSECUTIVE_3|none,observed_macro_area_um2,201266.5968,um2,A10_LOGICAL_CONTROLS;A10_POSTROUTE_ACTIVITY_DIAGNOSTIC;SRC_SKYWATER_SKY130_PDK,POST_ROUTE_TOOL_ESTIMATE,4ae4d1d08f7f51bbbbf0fcc3edf681fa19e4cb6528d6eb5febcce7d38b2e965a,7106bc2a8d7157a8940bcb279f56b88181bd5685fc35ebbcfe433122fdc45ae5,SKY130,UNDECLARED,W0_READ_DOMINANT_SEED,SB_MP_IMPLEMENTATION_ONLY,E4,DIAGNOSTIC,NOT_QUANTIFIED,campaigns/iscas_sustainability_extension/green_refoundation_node_aware_carbon/green_matrix_v2/GREEN_MATRIX_V2_RAW.csv,2026-09-08,TOOL_ESTIMATE,No matched independent characterization.
ME|MP|U0|LOGICAL_CONSECUTIVE_3|none|activity_coverage_fraction,MP|U0|LOGICAL_CONSECUTIVE_3|none,activity_coverage_fraction,0.4868421052631579,probability,A10_LOGICAL_CONTROLS;A10_POSTROUTE_ACTIVITY_DIAGNOSTIC;SRC_SKYWATER_SKY130_PDK,DERIVED_ACTIVITY_COVERAGE,4ae4d1d08f7f51bbbbf0fcc3edf681fa19e4cb6528d6eb5febcce7d38b2e965a,7106bc2a8d7157a8940bcb279f56b88181bd5685fc35ebbcfe433122fdc45ae5,SKY130,UNDECLARED,W0_READ_DOMINANT_SEED,SB_MP_IMPLEMENTATION_ONLY,E3,DIAGNOSTIC,NOT_QUANTIFIED,campaigns/iscas_sustainability_extension/green_refoundation_node_aware_carbon/green_matrix_v2/GREEN_MATRIX_V2_RAW.csv,2026-09-08,DERIVED,Coverage is incomplete and is not workload energy.
ME|MP|U0|LOGICAL_CONSECUTIVE_3|none|diagnostic_tool_power_w,MP|U0|LOGICAL_CONSECUTIVE_3|none,diagnostic_tool_power_w,0.001893166452646,W,A10_LOGICAL_CONTROLS;A10_POSTROUTE_ACTIVITY_DIAGNOSTIC;SRC_SKYWATER_SKY130_PDK,POST_ROUTE_TOOL_DIAGNOSTIC,4ae4d1d08f7f51bbbbf0fcc3edf681fa19e4cb6528d6eb5febcce7d38b2e965a,7106bc2a8d7157a8940bcb279f56b88181bd5685fc35ebbcfe433122fdc45ae5,SKY130,UNDECLARED,W0_READ_DOMINANT_SEED,SB_MP_IMPLEMENTATION_ONLY,E4,DIAGNOSTIC,NOT_QUANTIFIED,campaigns/iscas_sustainability_extension/green_refoundation_node_aware_carbon/green_matrix_v2/GREEN_MATRIX_V2_RAW.csv,2026-09-08,TOOL_ESTIMATE,Diagnostic power is not activity-qualified access energy.
ME|MP|U0|LOGICAL_CONSECUTIVE_3|none|logical_pattern_count,MP|U0|LOGICAL_CONSECUTIVE_3|none,logical_pattern_count,62,count,A10_LOGICAL_CONTROLS;A10_POSTROUTE_ACTIVITY_DIAGNOSTIC;SRC_SKYWATER_SKY130_PDK,EXACT_LOGICAL_ENUMERATION,4ae4d1d08f7f51bbbbf0fcc3edf681fa19e4cb6528d6eb5febcce7d38b2e965a,7106bc2a8d7157a8940bcb279f56b88181bd5685fc35ebbcfe433122fdc45ae5,SKY130,UNDECLARED,W0_READ_DOMINANT_SEED,SB_MP_IMPLEMENTATION_ONLY,E3,LOGICAL_CONTROL,NOT_QUANTIFIED,campaigns/iscas_sustainability_extension/green_refoundation_node_aware_carbon/green_matrix_v2/GREEN_MATRIX_V2_RAW.csv,2026-09-08,DERIVED,Logical mask count is not a physical event rate.
ME|MP|U0|LOGICAL_CONSECUTIVE_3|none|logical_control_success_fraction,MP|U0|LOGICAL_CONSECUTIVE_3|none,logical_control_success_fraction,0,probability,A10_LOGICAL_CONTROLS;A10_POSTROUTE_ACTIVITY_DIAGNOSTIC;SRC_SKYWATER_SKY130_PDK,EXACT_LOGICAL_ENUMERATION,4ae4d1d08f7f51bbbbf0fcc3edf681fa19e4cb6528d6eb5febcce7d38b2e965a,7106bc2a8d7157a8940bcb279f56b88181bd5685fc35ebbcfe433122fdc45ae5,SKY130,UNDECLARED,W0_READ_DOMINANT_SEED,SB_MP_IMPLEMENTATION_ONLY,E3,LOGICAL_CONTROL,NOT_QUANTIFIED,campaigns/iscas_sustainability_extension/green_refoundation_node_aware_carbon/green_matrix_v2/GREEN_MATRIX_V2_RAW.csv,2026-09-08,DERIVED,Conditioned on enumerated masks; no P(f).
ME|MP|U0|LOGICAL_CONSECUTIVE_3|none|logical_control_due_fraction,MP|U0|LOGICAL_CONSECUTIVE_3|none,logical_control_due_fraction,0,probability,A10_LOGICAL_CONTROLS;A10_POSTROUTE_ACTIVITY_DIAGNOSTIC;SRC_SKYWATER_SKY130_PDK,EXACT_LOGICAL_ENUMERATION,4ae4d1d08f7f51bbbbf0fcc3edf681fa19e4cb6528d6eb5febcce7d38b2e965a,7106bc2a8d7157a8940bcb279f56b88181bd5685fc35ebbcfe433122fdc45ae5,SKY130,UNDECLARED,W0_READ_DOMINANT_SEED,SB_MP_IMPLEMENTATION_ONLY,E3,LOGICAL_CONTROL,NOT_QUANTIFIED,campaigns/iscas_sustainability_extension/green_refoundation_node_aware_carbon/green_matrix_v2/GREEN_MATRIX_V2_RAW.csv,2026-09-08,DERIVED,Conditioned on enumerated masks; no P(f).
ME|MP|U0|LOGICAL_CONSECUTIVE_3|none|logical_control_sdc_fraction,MP|U0|LOGICAL_CONSECUTIVE_3|none,logical_control_sdc_fraction,1,probability,A10_LOGICAL_CONTROLS;A10_POSTROUTE_ACTIVITY_DIAGNOSTIC;SRC_SKYWATER_SKY130_PDK,EXACT_LOGICAL_ENUMERATION,4ae4d1d08f7f51bbbbf0fcc3edf681fa19e4cb6528d6eb5febcce7d38b2e965a,7106bc2a8d7157a8940bcb279f56b88181bd5685fc35ebbcfe433122fdc45ae5,SKY130,UNDECLARED,W0_READ_DOMINANT_SEED,SB_MP_IMPLEMENTATION_ONLY,E3,LOGICAL_CONTROL,NOT_QUANTIFIED,campaigns/iscas_sustainability_extension/green_refoundation_node_aware_carbon/green_matrix_v2/GREEN_MATRIX_V2_RAW.csv,2026-09-08,DERIVED,Conditioned on enumerated masks; no P(f).
ME|MP|U0|LOGICAL_CONSECUTIVE_3|none|logical_control_corrected_fraction,MP|U0|LOGICAL_CONSECUTIVE_3|none,logical_control_corrected_fraction,0,probability,A10_LOGICAL_CONTROLS;A10_POSTROUTE_ACTIVITY_DIAGNOSTIC;SRC_SKYWATER_SKY130_PDK,EXACT_LOGICAL_ENUMERATION,4ae4d1d08f7f51bbbbf0fcc3edf681fa19e4cb6528d6eb5febcce7d38b2e965a,7106bc2a8d7157a8940bcb279f56b88181bd5685fc35ebbcfe433122fdc45ae5,SKY130,UNDECLARED,W0_READ_DOMINANT_SEED,SB_MP_IMPLEMENTATION_ONLY,E3,LOGICAL_CONTROL,NOT_QUANTIFIED,campaigns/iscas_sustainability_extension/green_refoundation_node_aware_carbon/green_matrix_v2/GREEN_MATRIX_V2_RAW.csv,2026-09-08,DERIVED,Conditioned on enumerated masks; no P(f).
ME|MP|U0|LOGICAL_CONSECUTIVE_3|none|logical_control_retry_fraction,MP|U0|LOGICAL_CONSECUTIVE_3|none,logical_control_retry_fraction,0,probability,A10_LOGICAL_CONTROLS;A10_POSTROUTE_ACTIVITY_DIAGNOSTIC;SRC_SKYWATER_SKY130_PDK,EXACT_LOGICAL_ENUMERATION,4ae4d1d08f7f51bbbbf0fcc3edf681fa19e4cb6528d6eb5febcce7d38b2e965a,7106bc2a8d7157a8940bcb279f56b88181bd5685fc35ebbcfe433122fdc45ae5,SKY130,UNDECLARED,W0_READ_DOMINANT_SEED,SB_MP_IMPLEMENTATION_ONLY,E3,LOGICAL_CONTROL,NOT_QUANTIFIED,campaigns/iscas_sustainability_extension/green_refoundation_node_aware_carbon/green_matrix_v2/GREEN_MATRIX_V2_RAW.csv,2026-09-08,DERIVED,Conditioned on enumerated masks; no P(f).
ME|MP|U0|LOGICAL_CONSECUTIVE_3|none|latency_s,MP|U0|LOGICAL_CONSECUTIVE_3|none,latency_s,,s,A10_LOGICAL_CONTROLS;A10_POSTROUTE_ACTIVITY_DIAGNOSTIC;SRC_SKYWATER_SKY130_PDK,ABSENT,4ae4d1d08f7f51bbbbf0fcc3edf681fa19e4cb6528d6eb5febcce7d38b2e965a,7106bc2a8d7157a8940bcb279f56b88181bd5685fc35ebbcfe433122fdc45ae5,SKY130,UNDECLARED,W0_READ_DOMINANT_SEED,REQUIRED_BOUNDARY_UNAVAILABLE,E0,UNQUALIFIED,MISSING,campaigns/iscas_sustainability_extension/green_refoundation_node_aware_carbon/green_matrix_v2/GREEN_MATRIX_V2_RAW.csv,2026-09-08,UNAVAILABLE,Latency is not measured for the declared service policy.
ME|MP|U0|LOGICAL_CONSECUTIVE_3|none|operational_energy_j,MP|U0|LOGICAL_CONSECUTIVE_3|none,operational_energy_j,,J,A10_LOGICAL_CONTROLS;A10_POSTROUTE_ACTIVITY_DIAGNOSTIC;SRC_SKYWATER_SKY130_PDK,ABSENT,4ae4d1d08f7f51bbbbf0fcc3edf681fa19e4cb6528d6eb5febcce7d38b2e965a,7106bc2a8d7157a8940bcb279f56b88181bd5685fc35ebbcfe433122fdc45ae5,SKY130,UNDECLARED,W0_READ_DOMINANT_SEED,REQUIRED_BOUNDARY_UNAVAILABLE,E0,UNQUALIFIED,MISSING,campaigns/iscas_sustainability_extension/green_refoundation_node_aware_carbon/green_matrix_v2/GREEN_MATRIX_V2_RAW.csv,2026-09-08,UNAVAILABLE,Activity-qualified architecture energy is unavailable.
ME|MP|U0|LOGICAL_CONSECUTIVE_3|none|physical_fault_probability,MP|U0|LOGICAL_CONSECUTIVE_3|none,physical_fault_probability,,probability,A10_LOGICAL_CONTROLS;A10_POSTROUTE_ACTIVITY_DIAGNOSTIC;SRC_SKYWATER_SKY130_PDK,ABSENT,4ae4d1d08f7f51bbbbf0fcc3edf681fa19e4cb6528d6eb5febcce7d38b2e965a,7106bc2a8d7157a8940bcb279f56b88181bd5685fc35ebbcfe433122fdc45ae5,SKY130,UNDECLARED,W0_READ_DOMINANT_SEED,REQUIRED_BOUNDARY_UNAVAILABLE,E0,UNQUALIFIED,MISSING,campaigns/iscas_sustainability_extension/green_refoundation_node_aware_carbon/green_matrix_v2/GREEN_MATRIX_V2_RAW.csv,2026-09-08,UNAVAILABLE,Physical SBU/DBU/MBU event probabilities are unavailable.
ME|MP|U0|LOGICAL_CONSECUTIVE_3|none|physical_sdc_probability,MP|U0|LOGICAL_CONSECUTIVE_3|none,physical_sdc_probability,,probability,A10_LOGICAL_CONTROLS;A10_POSTROUTE_ACTIVITY_DIAGNOSTIC;SRC_SKYWATER_SKY130_PDK,ABSENT,4ae4d1d08f7f51bbbbf0fcc3edf681fa19e4cb6528d6eb5febcce7d38b2e965a,7106bc2a8d7157a8940bcb279f56b88181bd5685fc35ebbcfe433122fdc45ae5,SKY130,UNDECLARED,W0_READ_DOMINANT_SEED,REQUIRED_BOUNDARY_UNAVAILABLE,E0,UNQUALIFIED,MISSING,campaigns/iscas_sustainability_extension/green_refoundation_node_aware_carbon/green_matrix_v2/GREEN_MATRIX_V2_RAW.csv,2026-09-08,UNAVAILABLE,Logical mask frequencies cannot establish physical SDC.
ME|MP|U0|LOGICAL_CONSECUTIVE_3|none|physical_due_probability,MP|U0|LOGICAL_CONSECUTIVE_3|none,physical_due_probability,,probability,A10_LOGICAL_CONTROLS;A10_POSTROUTE_ACTIVITY_DIAGNOSTIC;SRC_SKYWATER_SKY130_PDK,ABSENT,4ae4d1d08f7f51bbbbf0fcc3edf681fa19e4cb6528d6eb5febcce7d38b2e965a,7106bc2a8d7157a8940bcb279f56b88181bd5685fc35ebbcfe433122fdc45ae5,SKY130,UNDECLARED,W0_READ_DOMINANT_SEED,REQUIRED_BOUNDARY_UNAVAILABLE,E0,UNQUALIFIED,MISSING,campaigns/iscas_sustainability_extension/green_refoundation_node_aware_carbon/green_matrix_v2/GREEN_MATRIX_V2_RAW.csv,2026-09-08,UNAVAILABLE,Logical mask frequencies cannot establish physical DUE.
ME|MP|U0|LOGICAL_CONSECUTIVE_3|none|manufacturing_carbon_kgco2e,MP|U0|LOGICAL_CONSECUTIVE_3|none,manufacturing_carbon_kgco2e,,kgCO2e,SRC_SKYWATER_SKY130_PDK,ABSENT,4ae4d1d08f7f51bbbbf0fcc3edf681fa19e4cb6528d6eb5febcce7d38b2e965a,7106bc2a8d7157a8940bcb279f56b88181bd5685fc35ebbcfe433122fdc45ae5,SKY130,UNDECLARED,W0_READ_DOMINANT_SEED,REQUIRED_BOUNDARY_UNAVAILABLE,E0,UNQUALIFIED,MISSING,campaigns/iscas_sustainability_extension/green_refoundation_node_aware_carbon/green_matrix_v2/GREEN_MATRIX_V2_RAW.csv,2026-09-08,UNAVAILABLE,Matched SKY130 manufacturing inventory is unavailable.
ME|MP|U0|LOGICAL_CONSECUTIVE_4|none|observed_macro_area_um2,MP|U0|LOGICAL_CONSECUTIVE_4|none,observed_macro_area_um2,201266.5968,um2,A10_LOGICAL_CONTROLS;A10_POSTROUTE_ACTIVITY_DIAGNOSTIC;SRC_SKYWATER_SKY130_PDK,POST_ROUTE_TOOL_ESTIMATE,3d87cacc02401043cb08feee29eccdc0bb7fdd5423fa8270114f52716f0ae950,7106bc2a8d7157a8940bcb279f56b88181bd5685fc35ebbcfe433122fdc45ae5,SKY130,UNDECLARED,W0_READ_DOMINANT_SEED,SB_MP_IMPLEMENTATION_ONLY,E4,DIAGNOSTIC,NOT_QUANTIFIED,campaigns/iscas_sustainability_extension/green_refoundation_node_aware_carbon/green_matrix_v2/GREEN_MATRIX_V2_RAW.csv,2026-09-08,TOOL_ESTIMATE,No matched independent characterization.
ME|MP|U0|LOGICAL_CONSECUTIVE_4|none|activity_coverage_fraction,MP|U0|LOGICAL_CONSECUTIVE_4|none,activity_coverage_fraction,0.4868421052631579,probability,A10_LOGICAL_CONTROLS;A10_POSTROUTE_ACTIVITY_DIAGNOSTIC;SRC_SKYWATER_SKY130_PDK,DERIVED_ACTIVITY_COVERAGE,3d87cacc02401043cb08feee29eccdc0bb7fdd5423fa8270114f52716f0ae950,7106bc2a8d7157a8940bcb279f56b88181bd5685fc35ebbcfe433122fdc45ae5,SKY130,UNDECLARED,W0_READ_DOMINANT_SEED,SB_MP_IMPLEMENTATION_ONLY,E3,DIAGNOSTIC,NOT_QUANTIFIED,campaigns/iscas_sustainability_extension/green_refoundation_node_aware_carbon/green_matrix_v2/GREEN_MATRIX_V2_RAW.csv,2026-09-08,DERIVED,Coverage is incomplete and is not workload energy.
ME|MP|U0|LOGICAL_CONSECUTIVE_4|none|diagnostic_tool_power_w,MP|U0|LOGICAL_CONSECUTIVE_4|none,diagnostic_tool_power_w,0.001893166452646,W,A10_LOGICAL_CONTROLS;A10_POSTROUTE_ACTIVITY_DIAGNOSTIC;SRC_SKYWATER_SKY130_PDK,POST_ROUTE_TOOL_DIAGNOSTIC,3d87cacc02401043cb08feee29eccdc0bb7fdd5423fa8270114f52716f0ae950,7106bc2a8d7157a8940bcb279f56b88181bd5685fc35ebbcfe433122fdc45ae5,SKY130,UNDECLARED,W0_READ_DOMINANT_SEED,SB_MP_IMPLEMENTATION_ONLY,E4,DIAGNOSTIC,NOT_QUANTIFIED,campaigns/iscas_sustainability_extension/green_refoundation_node_aware_carbon/green_matrix_v2/GREEN_MATRIX_V2_RAW.csv,2026-09-08,TOOL_ESTIMATE,Diagnostic power is not activity-qualified access energy.
ME|MP|U0|LOGICAL_CONSECUTIVE_4|none|logical_pattern_count,MP|U0|LOGICAL_CONSECUTIVE_4|none,logical_pattern_count,61,count,A10_LOGICAL_CONTROLS;A10_POSTROUTE_ACTIVITY_DIAGNOSTIC;SRC_SKYWATER_SKY130_PDK,EXACT_LOGICAL_ENUMERATION,3d87cacc02401043cb08feee29eccdc0bb7fdd5423fa8270114f52716f0ae950,7106bc2a8d7157a8940bcb279f56b88181bd5685fc35ebbcfe433122fdc45ae5,SKY130,UNDECLARED,W0_READ_DOMINANT_SEED,SB_MP_IMPLEMENTATION_ONLY,E3,LOGICAL_CONTROL,NOT_QUANTIFIED,campaigns/iscas_sustainability_extension/green_refoundation_node_aware_carbon/green_matrix_v2/GREEN_MATRIX_V2_RAW.csv,2026-09-08,DERIVED,Logical mask count is not a physical event rate.
ME|MP|U0|LOGICAL_CONSECUTIVE_4|none|logical_control_success_fraction,MP|U0|LOGICAL_CONSECUTIVE_4|none,logical_control_success_fraction,0,probability,A10_LOGICAL_CONTROLS;A10_POSTROUTE_ACTIVITY_DIAGNOSTIC;SRC_SKYWATER_SKY130_PDK,EXACT_LOGICAL_ENUMERATION,3d87cacc02401043cb08feee29eccdc0bb7fdd5423fa8270114f52716f0ae950,7106bc2a8d7157a8940bcb279f56b88181bd5685fc35ebbcfe433122fdc45ae5,SKY130,UNDECLARED,W0_READ_DOMINANT_SEED,SB_MP_IMPLEMENTATION_ONLY,E3,LOGICAL_CONTROL,NOT_QUANTIFIED,campaigns/iscas_sustainability_extension/green_refoundation_node_aware_carbon/green_matrix_v2/GREEN_MATRIX_V2_RAW.csv,2026-09-08,DERIVED,Conditioned on enumerated masks; no P(f).
ME|MP|U0|LOGICAL_CONSECUTIVE_4|none|logical_control_due_fraction,MP|U0|LOGICAL_CONSECUTIVE_4|none,logical_control_due_fraction,0,probability,A10_LOGICAL_CONTROLS;A10_POSTROUTE_ACTIVITY_DIAGNOSTIC;SRC_SKYWATER_SKY130_PDK,EXACT_LOGICAL_ENUMERATION,3d87cacc02401043cb08feee29eccdc0bb7fdd5423fa8270114f52716f0ae950,7106bc2a8d7157a8940bcb279f56b88181bd5685fc35ebbcfe433122fdc45ae5,SKY130,UNDECLARED,W0_READ_DOMINANT_SEED,SB_MP_IMPLEMENTATION_ONLY,E3,LOGICAL_CONTROL,NOT_QUANTIFIED,campaigns/iscas_sustainability_extension/green_refoundation_node_aware_carbon/green_matrix_v2/GREEN_MATRIX_V2_RAW.csv,2026-09-08,DERIVED,Conditioned on enumerated masks; no P(f).
ME|MP|U0|LOGICAL_CONSECUTIVE_4|none|logical_control_sdc_fraction,MP|U0|LOGICAL_CONSECUTIVE_4|none,logical_control_sdc_fraction,1,probability,A10_LOGICAL_CONTROLS;A10_POSTROUTE_ACTIVITY_DIAGNOSTIC;SRC_SKYWATER_SKY130_PDK,EXACT_LOGICAL_ENUMERATION,3d87cacc02401043cb08feee29eccdc0bb7fdd5423fa8270114f52716f0ae950,7106bc2a8d7157a8940bcb279f56b88181bd5685fc35ebbcfe433122fdc45ae5,SKY130,UNDECLARED,W0_READ_DOMINANT_SEED,SB_MP_IMPLEMENTATION_ONLY,E3,LOGICAL_CONTROL,NOT_QUANTIFIED,campaigns/iscas_sustainability_extension/green_refoundation_node_aware_carbon/green_matrix_v2/GREEN_MATRIX_V2_RAW.csv,2026-09-08,DERIVED,Conditioned on enumerated masks; no P(f).
ME|MP|U0|LOGICAL_CONSECUTIVE_4|none|logical_control_corrected_fraction,MP|U0|LOGICAL_CONSECUTIVE_4|none,logical_control_corrected_fraction,0,probability,A10_LOGICAL_CONTROLS;A10_POSTROUTE_ACTIVITY_DIAGNOSTIC;SRC_SKYWATER_SKY130_PDK,EXACT_LOGICAL_ENUMERATION,3d87cacc02401043cb08feee29eccdc0bb7fdd5423fa8270114f52716f0ae950,7106bc2a8d7157a8940bcb279f56b88181bd5685fc35ebbcfe433122fdc45ae5,SKY130,UNDECLARED,W0_READ_DOMINANT_SEED,SB_MP_IMPLEMENTATION_ONLY,E3,LOGICAL_CONTROL,NOT_QUANTIFIED,campaigns/iscas_sustainability_extension/green_refoundation_node_aware_carbon/green_matrix_v2/GREEN_MATRIX_V2_RAW.csv,2026-09-08,DERIVED,Conditioned on enumerated masks; no P(f).
ME|MP|U0|LOGICAL_CONSECUTIVE_4|none|logical_control_retry_fraction,MP|U0|LOGICAL_CONSECUTIVE_4|none,logical_control_retry_fraction,0,probability,A10_LOGICAL_CONTROLS;A10_POSTROUTE_ACTIVITY_DIAGNOSTIC;SRC_SKYWATER_SKY130_PDK,EXACT_LOGICAL_ENUMERATION,3d87cacc02401043cb08feee29eccdc0bb7fdd5423fa8270114f52716f0ae950,7106bc2a8d7157a8940bcb279f56b88181bd5685fc35ebbcfe433122fdc45ae5,SKY130,UNDECLARED,W0_READ_DOMINANT_SEED,SB_MP_IMPLEMENTATION_ONLY,E3,LOGICAL_CONTROL,NOT_QUANTIFIED,campaigns/iscas_sustainability_extension/green_refoundation_node_aware_carbon/green_matrix_v2/GREEN_MATRIX_V2_RAW.csv,2026-09-08,DERIVED,Conditioned on enumerated masks; no P(f).
ME|MP|U0|LOGICAL_CONSECUTIVE_4|none|latency_s,MP|U0|LOGICAL_CONSECUTIVE_4|none,latency_s,,s,A10_LOGICAL_CONTROLS;A10_POSTROUTE_ACTIVITY_DIAGNOSTIC;SRC_SKYWATER_SKY130_PDK,ABSENT,3d87cacc02401043cb08feee29eccdc0bb7fdd5423fa8270114f52716f0ae950,7106bc2a8d7157a8940bcb279f56b88181bd5685fc35ebbcfe433122fdc45ae5,SKY130,UNDECLARED,W0_READ_DOMINANT_SEED,REQUIRED_BOUNDARY_UNAVAILABLE,E0,UNQUALIFIED,MISSING,campaigns/iscas_sustainability_extension/green_refoundation_node_aware_carbon/green_matrix_v2/GREEN_MATRIX_V2_RAW.csv,2026-09-08,UNAVAILABLE,Latency is not measured for the declared service policy.
ME|MP|U0|LOGICAL_CONSECUTIVE_4|none|operational_energy_j,MP|U0|LOGICAL_CONSECUTIVE_4|none,operational_energy_j,,J,A10_LOGICAL_CONTROLS;A10_POSTROUTE_ACTIVITY_DIAGNOSTIC;SRC_SKYWATER_SKY130_PDK,ABSENT,3d87cacc02401043cb08feee29eccdc0bb7fdd5423fa8270114f52716f0ae950,7106bc2a8d7157a8940bcb279f56b88181bd5685fc35ebbcfe433122fdc45ae5,SKY130,UNDECLARED,W0_READ_DOMINANT_SEED,REQUIRED_BOUNDARY_UNAVAILABLE,E0,UNQUALIFIED,MISSING,campaigns/iscas_sustainability_extension/green_refoundation_node_aware_carbon/green_matrix_v2/GREEN_MATRIX_V2_RAW.csv,2026-09-08,UNAVAILABLE,Activity-qualified architecture energy is unavailable.
ME|MP|U0|LOGICAL_CONSECUTIVE_4|none|physical_fault_probability,MP|U0|LOGICAL_CONSECUTIVE_4|none,physical_fault_probability,,probability,A10_LOGICAL_CONTROLS;A10_POSTROUTE_ACTIVITY_DIAGNOSTIC;SRC_SKYWATER_SKY130_PDK,ABSENT,3d87cacc02401043cb08feee29eccdc0bb7fdd5423fa8270114f52716f0ae950,7106bc2a8d7157a8940bcb279f56b88181bd5685fc35ebbcfe433122fdc45ae5,SKY130,UNDECLARED,W0_READ_DOMINANT_SEED,REQUIRED_BOUNDARY_UNAVAILABLE,E0,UNQUALIFIED,MISSING,campaigns/iscas_sustainability_extension/green_refoundation_node_aware_carbon/green_matrix_v2/GREEN_MATRIX_V2_RAW.csv,2026-09-08,UNAVAILABLE,Physical SBU/DBU/MBU event probabilities are unavailable.
ME|MP|U0|LOGICAL_CONSECUTIVE_4|none|physical_sdc_probability,MP|U0|LOGICAL_CONSECUTIVE_4|none,physical_sdc_probability,,probability,A10_LOGICAL_CONTROLS;A10_POSTROUTE_ACTIVITY_DIAGNOSTIC;SRC_SKYWATER_SKY130_PDK,ABSENT,3d87cacc02401043cb08feee29eccdc0bb7fdd5423fa8270114f52716f0ae950,7106bc2a8d7157a8940bcb279f56b88181bd5685fc35ebbcfe433122fdc45ae5,SKY130,UNDECLARED,W0_READ_DOMINANT_SEED,REQUIRED_BOUNDARY_UNAVAILABLE,E0,UNQUALIFIED,MISSING,campaigns/iscas_sustainability_extension/green_refoundation_node_aware_carbon/green_matrix_v2/GREEN_MATRIX_V2_RAW.csv,2026-09-08,UNAVAILABLE,Logical mask frequencies cannot establish physical SDC.
ME|MP|U0|LOGICAL_CONSECUTIVE_4|none|physical_due_probability,MP|U0|LOGICAL_CONSECUTIVE_4|none,physical_due_probability,,probability,A10_LOGICAL_CONTROLS;A10_POSTROUTE_ACTIVITY_DIAGNOSTIC;SRC_SKYWATER_SKY130_PDK,ABSENT,3d87cacc02401043cb08feee29eccdc0bb7fdd5423fa8270114f52716f0ae950,7106bc2a8d7157a8940bcb279f56b88181bd5685fc35ebbcfe433122fdc45ae5,SKY130,UNDECLARED,W0_READ_DOMINANT_SEED,REQUIRED_BOUNDARY_UNAVAILABLE,E0,UNQUALIFIED,MISSING,campaigns/iscas_sustainability_extension/green_refoundation_node_aware_carbon/green_matrix_v2/GREEN_MATRIX_V2_RAW.csv,2026-09-08,UNAVAILABLE,Logical mask frequencies cannot establish physical DUE.
ME|MP|U0|LOGICAL_CONSECUTIVE_4|none|manufacturing_carbon_kgco2e,MP|U0|LOGICAL_CONSECUTIVE_4|none,manufacturing_carbon_kgco2e,,kgCO2e,SRC_SKYWATER_SKY130_PDK,ABSENT,3d87cacc02401043cb08feee29eccdc0bb7fdd5423fa8270114f52716f0ae950,7106bc2a8d7157a8940bcb279f56b88181bd5685fc35ebbcfe433122fdc45ae5,SKY130,UNDECLARED,W0_READ_DOMINANT_SEED,REQUIRED_BOUNDARY_UNAVAILABLE,E0,UNQUALIFIED,MISSING,campaigns/iscas_sustainability_extension/green_refoundation_node_aware_carbon/green_matrix_v2/GREEN_MATRIX_V2_RAW.csv,2026-09-08,UNAVAILABLE,Matched SKY130 manufacturing inventory is unavailable.
ME|MP|E0|SBU_ALL_COORDINATES|none|observed_macro_area_um2,MP|E0|SBU_ALL_COORDINATES|none,observed_macro_area_um2,260331.5664,um2,A10_LOGICAL_CONTROLS;A10_POSTROUTE_ACTIVITY_DIAGNOSTIC;SRC_SKYWATER_SKY130_PDK,POST_ROUTE_TOOL_ESTIMATE,21725621776174bc4a9062275f2e5e49d87efccabe310635201f4c7afbf36a55,7106bc2a8d7157a8940bcb279f56b88181bd5685fc35ebbcfe433122fdc45ae5,SKY130,UNDECLARED,W0_READ_DOMINANT_SEED,SB_MP_IMPLEMENTATION_ONLY,E4,DIAGNOSTIC,NOT_QUANTIFIED,campaigns/iscas_sustainability_extension/green_refoundation_node_aware_carbon/green_matrix_v2/GREEN_MATRIX_V2_RAW.csv,2026-09-08,TOOL_ESTIMATE,No matched independent characterization.
ME|MP|E0|SBU_ALL_COORDINATES|none|activity_coverage_fraction,MP|E0|SBU_ALL_COORDINATES|none,activity_coverage_fraction,0.043451652386780906,probability,A10_LOGICAL_CONTROLS;A10_POSTROUTE_ACTIVITY_DIAGNOSTIC;SRC_SKYWATER_SKY130_PDK,DERIVED_ACTIVITY_COVERAGE,21725621776174bc4a9062275f2e5e49d87efccabe310635201f4c7afbf36a55,7106bc2a8d7157a8940bcb279f56b88181bd5685fc35ebbcfe433122fdc45ae5,SKY130,UNDECLARED,W0_READ_DOMINANT_SEED,SB_MP_IMPLEMENTATION_ONLY,E3,DIAGNOSTIC,NOT_QUANTIFIED,campaigns/iscas_sustainability_extension/green_refoundation_node_aware_carbon/green_matrix_v2/GREEN_MATRIX_V2_RAW.csv,2026-09-08,DERIVED,Coverage is incomplete and is not workload energy.
ME|MP|E0|SBU_ALL_COORDINATES|none|diagnostic_tool_power_w,MP|E0|SBU_ALL_COORDINATES|none,diagnostic_tool_power_w,0.005495859775692,W,A10_LOGICAL_CONTROLS;A10_POSTROUTE_ACTIVITY_DIAGNOSTIC;SRC_SKYWATER_SKY130_PDK,POST_ROUTE_TOOL_DIAGNOSTIC,21725621776174bc4a9062275f2e5e49d87efccabe310635201f4c7afbf36a55,7106bc2a8d7157a8940bcb279f56b88181bd5685fc35ebbcfe433122fdc45ae5,SKY130,UNDECLARED,W0_READ_DOMINANT_SEED,SB_MP_IMPLEMENTATION_ONLY,E4,DIAGNOSTIC,NOT_QUANTIFIED,campaigns/iscas_sustainability_extension/green_refoundation_node_aware_carbon/green_matrix_v2/GREEN_MATRIX_V2_RAW.csv,2026-09-08,TOOL_ESTIMATE,Diagnostic power is not activity-qualified access energy.
ME|MP|E0|SBU_ALL_COORDINATES|none|logical_pattern_count,MP|E0|SBU_ALL_COORDINATES|none,logical_pattern_count,72,count,A10_LOGICAL_CONTROLS;A10_POSTROUTE_ACTIVITY_DIAGNOSTIC;SRC_SKYWATER_SKY130_PDK,EXACT_LOGICAL_ENUMERATION,21725621776174bc4a9062275f2e5e49d87efccabe310635201f4c7afbf36a55,7106bc2a8d7157a8940bcb279f56b88181bd5685fc35ebbcfe433122fdc45ae5,SKY130,UNDECLARED,W0_READ_DOMINANT_SEED,SB_MP_IMPLEMENTATION_ONLY,E3,LOGICAL_CONTROL,NOT_QUANTIFIED,campaigns/iscas_sustainability_extension/green_refoundation_node_aware_carbon/green_matrix_v2/GREEN_MATRIX_V2_RAW.csv,2026-09-08,DERIVED,Logical mask count is not a physical event rate.
ME|MP|E0|SBU_ALL_COORDINATES|none|logical_control_success_fraction,MP|E0|SBU_ALL_COORDINATES|none,logical_control_success_fraction,1,probability,A10_LOGICAL_CONTROLS;A10_POSTROUTE_ACTIVITY_DIAGNOSTIC;SRC_SKYWATER_SKY130_PDK,EXACT_LOGICAL_ENUMERATION,21725621776174bc4a9062275f2e5e49d87efccabe310635201f4c7afbf36a55,7106bc2a8d7157a8940bcb279f56b88181bd5685fc35ebbcfe433122fdc45ae5,SKY130,UNDECLARED,W0_READ_DOMINANT_SEED,SB_MP_IMPLEMENTATION_ONLY,E3,LOGICAL_CONTROL,NOT_QUANTIFIED,campaigns/iscas_sustainability_extension/green_refoundation_node_aware_carbon/green_matrix_v2/GREEN_MATRIX_V2_RAW.csv,2026-09-08,DERIVED,Conditioned on enumerated masks; no P(f).
ME|MP|E0|SBU_ALL_COORDINATES|none|logical_control_due_fraction,MP|E0|SBU_ALL_COORDINATES|none,logical_control_due_fraction,0,probability,A10_LOGICAL_CONTROLS;A10_POSTROUTE_ACTIVITY_DIAGNOSTIC;SRC_SKYWATER_SKY130_PDK,EXACT_LOGICAL_ENUMERATION,21725621776174bc4a9062275f2e5e49d87efccabe310635201f4c7afbf36a55,7106bc2a8d7157a8940bcb279f56b88181bd5685fc35ebbcfe433122fdc45ae5,SKY130,UNDECLARED,W0_READ_DOMINANT_SEED,SB_MP_IMPLEMENTATION_ONLY,E3,LOGICAL_CONTROL,NOT_QUANTIFIED,campaigns/iscas_sustainability_extension/green_refoundation_node_aware_carbon/green_matrix_v2/GREEN_MATRIX_V2_RAW.csv,2026-09-08,DERIVED,Conditioned on enumerated masks; no P(f).
ME|MP|E0|SBU_ALL_COORDINATES|none|logical_control_sdc_fraction,MP|E0|SBU_ALL_COORDINATES|none,logical_control_sdc_fraction,0,probability,A10_LOGICAL_CONTROLS;A10_POSTROUTE_ACTIVITY_DIAGNOSTIC;SRC_SKYWATER_SKY130_PDK,EXACT_LOGICAL_ENUMERATION,21725621776174bc4a9062275f2e5e49d87efccabe310635201f4c7afbf36a55,7106bc2a8d7157a8940bcb279f56b88181bd5685fc35ebbcfe433122fdc45ae5,SKY130,UNDECLARED,W0_READ_DOMINANT_SEED,SB_MP_IMPLEMENTATION_ONLY,E3,LOGICAL_CONTROL,NOT_QUANTIFIED,campaigns/iscas_sustainability_extension/green_refoundation_node_aware_carbon/green_matrix_v2/GREEN_MATRIX_V2_RAW.csv,2026-09-08,DERIVED,Conditioned on enumerated masks; no P(f).
ME|MP|E0|SBU_ALL_COORDINATES|none|logical_control_corrected_fraction,MP|E0|SBU_ALL_COORDINATES|none,logical_control_corrected_fraction,1,probability,A10_LOGICAL_CONTROLS;A10_POSTROUTE_ACTIVITY_DIAGNOSTIC;SRC_SKYWATER_SKY130_PDK,EXACT_LOGICAL_ENUMERATION,21725621776174bc4a9062275f2e5e49d87efccabe310635201f4c7afbf36a55,7106bc2a8d7157a8940bcb279f56b88181bd5685fc35ebbcfe433122fdc45ae5,SKY130,UNDECLARED,W0_READ_DOMINANT_SEED,SB_MP_IMPLEMENTATION_ONLY,E3,LOGICAL_CONTROL,NOT_QUANTIFIED,campaigns/iscas_sustainability_extension/green_refoundation_node_aware_carbon/green_matrix_v2/GREEN_MATRIX_V2_RAW.csv,2026-09-08,DERIVED,Conditioned on enumerated masks; no P(f).
ME|MP|E0|SBU_ALL_COORDINATES|none|logical_control_retry_fraction,MP|E0|SBU_ALL_COORDINATES|none,logical_control_retry_fraction,0,probability,A10_LOGICAL_CONTROLS;A10_POSTROUTE_ACTIVITY_DIAGNOSTIC;SRC_SKYWATER_SKY130_PDK,EXACT_LOGICAL_ENUMERATION,21725621776174bc4a9062275f2e5e49d87efccabe310635201f4c7afbf36a55,7106bc2a8d7157a8940bcb279f56b88181bd5685fc35ebbcfe433122fdc45ae5,SKY130,UNDECLARED,W0_READ_DOMINANT_SEED,SB_MP_IMPLEMENTATION_ONLY,E3,LOGICAL_CONTROL,NOT_QUANTIFIED,campaigns/iscas_sustainability_extension/green_refoundation_node_aware_carbon/green_matrix_v2/GREEN_MATRIX_V2_RAW.csv,2026-09-08,DERIVED,Conditioned on enumerated masks; no P(f).
ME|MP|E0|SBU_ALL_COORDINATES|none|latency_s,MP|E0|SBU_ALL_COORDINATES|none,latency_s,,s,A10_LOGICAL_CONTROLS;A10_POSTROUTE_ACTIVITY_DIAGNOSTIC;SRC_SKYWATER_SKY130_PDK,ABSENT,21725621776174bc4a9062275f2e5e49d87efccabe310635201f4c7afbf36a55,7106bc2a8d7157a8940bcb279f56b88181bd5685fc35ebbcfe433122fdc45ae5,SKY130,UNDECLARED,W0_READ_DOMINANT_SEED,REQUIRED_BOUNDARY_UNAVAILABLE,E0,UNQUALIFIED,MISSING,campaigns/iscas_sustainability_extension/green_refoundation_node_aware_carbon/green_matrix_v2/GREEN_MATRIX_V2_RAW.csv,2026-09-08,UNAVAILABLE,Latency is not measured for the declared service policy.
ME|MP|E0|SBU_ALL_COORDINATES|none|operational_energy_j,MP|E0|SBU_ALL_COORDINATES|none,operational_energy_j,,J,A10_LOGICAL_CONTROLS;A10_POSTROUTE_ACTIVITY_DIAGNOSTIC;SRC_SKYWATER_SKY130_PDK,ABSENT,21725621776174bc4a9062275f2e5e49d87efccabe310635201f4c7afbf36a55,7106bc2a8d7157a8940bcb279f56b88181bd5685fc35ebbcfe433122fdc45ae5,SKY130,UNDECLARED,W0_READ_DOMINANT_SEED,REQUIRED_BOUNDARY_UNAVAILABLE,E0,UNQUALIFIED,MISSING,campaigns/iscas_sustainability_extension/green_refoundation_node_aware_carbon/green_matrix_v2/GREEN_MATRIX_V2_RAW.csv,2026-09-08,UNAVAILABLE,Activity-qualified architecture energy is unavailable.
ME|MP|E0|SBU_ALL_COORDINATES|none|physical_fault_probability,MP|E0|SBU_ALL_COORDINATES|none,physical_fault_probability,,probability,A10_LOGICAL_CONTROLS;A10_POSTROUTE_ACTIVITY_DIAGNOSTIC;SRC_SKYWATER_SKY130_PDK,ABSENT,21725621776174bc4a9062275f2e5e49d87efccabe310635201f4c7afbf36a55,7106bc2a8d7157a8940bcb279f56b88181bd5685fc35ebbcfe433122fdc45ae5,SKY130,UNDECLARED,W0_READ_DOMINANT_SEED,REQUIRED_BOUNDARY_UNAVAILABLE,E0,UNQUALIFIED,MISSING,campaigns/iscas_sustainability_extension/green_refoundation_node_aware_carbon/green_matrix_v2/GREEN_MATRIX_V2_RAW.csv,2026-09-08,UNAVAILABLE,Physical SBU/DBU/MBU event probabilities are unavailable.
ME|MP|E0|SBU_ALL_COORDINATES|none|physical_sdc_probability,MP|E0|SBU_ALL_COORDINATES|none,physical_sdc_probability,,probability,A10_LOGICAL_CONTROLS;A10_POSTROUTE_ACTIVITY_DIAGNOSTIC;SRC_SKYWATER_SKY130_PDK,ABSENT,21725621776174bc4a9062275f2e5e49d87efccabe310635201f4c7afbf36a55,7106bc2a8d7157a8940bcb279f56b88181bd5685fc35ebbcfe433122fdc45ae5,SKY130,UNDECLARED,W0_READ_DOMINANT_SEED,REQUIRED_BOUNDARY_UNAVAILABLE,E0,UNQUALIFIED,MISSING,campaigns/iscas_sustainability_extension/green_refoundation_node_aware_carbon/green_matrix_v2/GREEN_MATRIX_V2_RAW.csv,2026-09-08,UNAVAILABLE,Logical mask frequencies cannot establish physical SDC.
ME|MP|E0|SBU_ALL_COORDINATES|none|physical_due_probability,MP|E0|SBU_ALL_COORDINATES|none,physical_due_probability,,probability,A10_LOGICAL_CONTROLS;A10_POSTROUTE_ACTIVITY_DIAGNOSTIC;SRC_SKYWATER_SKY130_PDK,ABSENT,21725621776174bc4a9062275f2e5e49d87efccabe310635201f4c7afbf36a55,7106bc2a8d7157a8940bcb279f56b88181bd5685fc35ebbcfe433122fdc45ae5,SKY130,UNDECLARED,W0_READ_DOMINANT_SEED,REQUIRED_BOUNDARY_UNAVAILABLE,E0,UNQUALIFIED,MISSING,campaigns/iscas_sustainability_extension/green_refoundation_node_aware_carbon/green_matrix_v2/GREEN_MATRIX_V2_RAW.csv,2026-09-08,UNAVAILABLE,Logical mask frequencies cannot establish physical DUE.
ME|MP|E0|SBU_ALL_COORDINATES|none|manufacturing_carbon_kgco2e,MP|E0|SBU_ALL_COORDINATES|none,manufacturing_carbon_kgco2e,,kgCO2e,SRC_SKYWATER_SKY130_PDK,ABSENT,21725621776174bc4a9062275f2e5e49d87efccabe310635201f4c7afbf36a55,7106bc2a8d7157a8940bcb279f56b88181bd5685fc35ebbcfe433122fdc45ae5,SKY130,UNDECLARED,W0_READ_DOMINANT_SEED,REQUIRED_BOUNDARY_UNAVAILABLE,E0,UNQUALIFIED,MISSING,campaigns/iscas_sustainability_extension/green_refoundation_node_aware_carbon/green_matrix_v2/GREEN_MATRIX_V2_RAW.csv,2026-09-08,UNAVAILABLE,Matched SKY130 manufacturing inventory is unavailable.
ME|MP|E0|DBU_ALL_PAIRS|none|observed_macro_area_um2,MP|E0|DBU_ALL_PAIRS|none,observed_macro_area_um2,260331.5664,um2,A10_LOGICAL_CONTROLS;A10_POSTROUTE_ACTIVITY_DIAGNOSTIC;SRC_SKYWATER_SKY130_PDK,POST_ROUTE_TOOL_ESTIMATE,9452031a1cb3315d89017aae2ad244c13301e95f8a70b6a8724e6f1d8d6fe078,7106bc2a8d7157a8940bcb279f56b88181bd5685fc35ebbcfe433122fdc45ae5,SKY130,UNDECLARED,W0_READ_DOMINANT_SEED,SB_MP_IMPLEMENTATION_ONLY,E4,DIAGNOSTIC,NOT_QUANTIFIED,campaigns/iscas_sustainability_extension/green_refoundation_node_aware_carbon/green_matrix_v2/GREEN_MATRIX_V2_RAW.csv,2026-09-08,TOOL_ESTIMATE,No matched independent characterization.
ME|MP|E0|DBU_ALL_PAIRS|none|activity_coverage_fraction,MP|E0|DBU_ALL_PAIRS|none,activity_coverage_fraction,0.043451652386780906,probability,A10_LOGICAL_CONTROLS;A10_POSTROUTE_ACTIVITY_DIAGNOSTIC;SRC_SKYWATER_SKY130_PDK,DERIVED_ACTIVITY_COVERAGE,9452031a1cb3315d89017aae2ad244c13301e95f8a70b6a8724e6f1d8d6fe078,7106bc2a8d7157a8940bcb279f56b88181bd5685fc35ebbcfe433122fdc45ae5,SKY130,UNDECLARED,W0_READ_DOMINANT_SEED,SB_MP_IMPLEMENTATION_ONLY,E3,DIAGNOSTIC,NOT_QUANTIFIED,campaigns/iscas_sustainability_extension/green_refoundation_node_aware_carbon/green_matrix_v2/GREEN_MATRIX_V2_RAW.csv,2026-09-08,DERIVED,Coverage is incomplete and is not workload energy.
ME|MP|E0|DBU_ALL_PAIRS|none|diagnostic_tool_power_w,MP|E0|DBU_ALL_PAIRS|none,diagnostic_tool_power_w,0.005495859775692,W,A10_LOGICAL_CONTROLS;A10_POSTROUTE_ACTIVITY_DIAGNOSTIC;SRC_SKYWATER_SKY130_PDK,POST_ROUTE_TOOL_DIAGNOSTIC,9452031a1cb3315d89017aae2ad244c13301e95f8a70b6a8724e6f1d8d6fe078,7106bc2a8d7157a8940bcb279f56b88181bd5685fc35ebbcfe433122fdc45ae5,SKY130,UNDECLARED,W0_READ_DOMINANT_SEED,SB_MP_IMPLEMENTATION_ONLY,E4,DIAGNOSTIC,NOT_QUANTIFIED,campaigns/iscas_sustainability_extension/green_refoundation_node_aware_carbon/green_matrix_v2/GREEN_MATRIX_V2_RAW.csv,2026-09-08,TOOL_ESTIMATE,Diagnostic power is not activity-qualified access energy.
ME|MP|E0|DBU_ALL_PAIRS|none|logical_pattern_count,MP|E0|DBU_ALL_PAIRS|none,logical_pattern_count,2556,count,A10_LOGICAL_CONTROLS;A10_POSTROUTE_ACTIVITY_DIAGNOSTIC;SRC_SKYWATER_SKY130_PDK,EXACT_LOGICAL_ENUMERATION,9452031a1cb3315d89017aae2ad244c13301e95f8a70b6a8724e6f1d8d6fe078,7106bc2a8d7157a8940bcb279f56b88181bd5685fc35ebbcfe433122fdc45ae5,SKY130,UNDECLARED,W0_READ_DOMINANT_SEED,SB_MP_IMPLEMENTATION_ONLY,E3,LOGICAL_CONTROL,NOT_QUANTIFIED,campaigns/iscas_sustainability_extension/green_refoundation_node_aware_carbon/green_matrix_v2/GREEN_MATRIX_V2_RAW.csv,2026-09-08,DERIVED,Logical mask count is not a physical event rate.
ME|MP|E0|DBU_ALL_PAIRS|none|logical_control_success_fraction,MP|E0|DBU_ALL_PAIRS|none,logical_control_success_fraction,0,probability,A10_LOGICAL_CONTROLS;A10_POSTROUTE_ACTIVITY_DIAGNOSTIC;SRC_SKYWATER_SKY130_PDK,EXACT_LOGICAL_ENUMERATION,9452031a1cb3315d89017aae2ad244c13301e95f8a70b6a8724e6f1d8d6fe078,7106bc2a8d7157a8940bcb279f56b88181bd5685fc35ebbcfe433122fdc45ae5,SKY130,UNDECLARED,W0_READ_DOMINANT_SEED,SB_MP_IMPLEMENTATION_ONLY,E3,LOGICAL_CONTROL,NOT_QUANTIFIED,campaigns/iscas_sustainability_extension/green_refoundation_node_aware_carbon/green_matrix_v2/GREEN_MATRIX_V2_RAW.csv,2026-09-08,DERIVED,Conditioned on enumerated masks; no P(f).
ME|MP|E0|DBU_ALL_PAIRS|none|logical_control_due_fraction,MP|E0|DBU_ALL_PAIRS|none,logical_control_due_fraction,1,probability,A10_LOGICAL_CONTROLS;A10_POSTROUTE_ACTIVITY_DIAGNOSTIC;SRC_SKYWATER_SKY130_PDK,EXACT_LOGICAL_ENUMERATION,9452031a1cb3315d89017aae2ad244c13301e95f8a70b6a8724e6f1d8d6fe078,7106bc2a8d7157a8940bcb279f56b88181bd5685fc35ebbcfe433122fdc45ae5,SKY130,UNDECLARED,W0_READ_DOMINANT_SEED,SB_MP_IMPLEMENTATION_ONLY,E3,LOGICAL_CONTROL,NOT_QUANTIFIED,campaigns/iscas_sustainability_extension/green_refoundation_node_aware_carbon/green_matrix_v2/GREEN_MATRIX_V2_RAW.csv,2026-09-08,DERIVED,Conditioned on enumerated masks; no P(f).
ME|MP|E0|DBU_ALL_PAIRS|none|logical_control_sdc_fraction,MP|E0|DBU_ALL_PAIRS|none,logical_control_sdc_fraction,0,probability,A10_LOGICAL_CONTROLS;A10_POSTROUTE_ACTIVITY_DIAGNOSTIC;SRC_SKYWATER_SKY130_PDK,EXACT_LOGICAL_ENUMERATION,9452031a1cb3315d89017aae2ad244c13301e95f8a70b6a8724e6f1d8d6fe078,7106bc2a8d7157a8940bcb279f56b88181bd5685fc35ebbcfe433122fdc45ae5,SKY130,UNDECLARED,W0_READ_DOMINANT_SEED,SB_MP_IMPLEMENTATION_ONLY,E3,LOGICAL_CONTROL,NOT_QUANTIFIED,campaigns/iscas_sustainability_extension/green_refoundation_node_aware_carbon/green_matrix_v2/GREEN_MATRIX_V2_RAW.csv,2026-09-08,DERIVED,Conditioned on enumerated masks; no P(f).
ME|MP|E0|DBU_ALL_PAIRS|none|logical_control_corrected_fraction,MP|E0|DBU_ALL_PAIRS|none,logical_control_corrected_fraction,0,probability,A10_LOGICAL_CONTROLS;A10_POSTROUTE_ACTIVITY_DIAGNOSTIC;SRC_SKYWATER_SKY130_PDK,EXACT_LOGICAL_ENUMERATION,9452031a1cb3315d89017aae2ad244c13301e95f8a70b6a8724e6f1d8d6fe078,7106bc2a8d7157a8940bcb279f56b88181bd5685fc35ebbcfe433122fdc45ae5,SKY130,UNDECLARED,W0_READ_DOMINANT_SEED,SB_MP_IMPLEMENTATION_ONLY,E3,LOGICAL_CONTROL,NOT_QUANTIFIED,campaigns/iscas_sustainability_extension/green_refoundation_node_aware_carbon/green_matrix_v2/GREEN_MATRIX_V2_RAW.csv,2026-09-08,DERIVED,Conditioned on enumerated masks; no P(f).
ME|MP|E0|DBU_ALL_PAIRS|none|logical_control_retry_fraction,MP|E0|DBU_ALL_PAIRS|none,logical_control_retry_fraction,0,probability,A10_LOGICAL_CONTROLS;A10_POSTROUTE_ACTIVITY_DIAGNOSTIC;SRC_SKYWATER_SKY130_PDK,EXACT_LOGICAL_ENUMERATION,9452031a1cb3315d89017aae2ad244c13301e95f8a70b6a8724e6f1d8d6fe078,7106bc2a8d7157a8940bcb279f56b88181bd5685fc35ebbcfe433122fdc45ae5,SKY130,UNDECLARED,W0_READ_DOMINANT_SEED,SB_MP_IMPLEMENTATION_ONLY,E3,LOGICAL_CONTROL,NOT_QUANTIFIED,campaigns/iscas_sustainability_extension/green_refoundation_node_aware_carbon/green_matrix_v2/GREEN_MATRIX_V2_RAW.csv,2026-09-08,DERIVED,Conditioned on enumerated masks; no P(f).
ME|MP|E0|DBU_ALL_PAIRS|none|latency_s,MP|E0|DBU_ALL_PAIRS|none,latency_s,,s,A10_LOGICAL_CONTROLS;A10_POSTROUTE_ACTIVITY_DIAGNOSTIC;SRC_SKYWATER_SKY130_PDK,ABSENT,9452031a1cb3315d89017aae2ad244c13301e95f8a70b6a8724e6f1d8d6fe078,7106bc2a8d7157a8940bcb279f56b88181bd5685fc35ebbcfe433122fdc45ae5,SKY130,UNDECLARED,W0_READ_DOMINANT_SEED,REQUIRED_BOUNDARY_UNAVAILABLE,E0,UNQUALIFIED,MISSING,campaigns/iscas_sustainability_extension/green_refoundation_node_aware_carbon/green_matrix_v2/GREEN_MATRIX_V2_RAW.csv,2026-09-08,UNAVAILABLE,Latency is not measured for the declared service policy.
ME|MP|E0|DBU_ALL_PAIRS|none|operational_energy_j,MP|E0|DBU_ALL_PAIRS|none,operational_energy_j,,J,A10_LOGICAL_CONTROLS;A10_POSTROUTE_ACTIVITY_DIAGNOSTIC;SRC_SKYWATER_SKY130_PDK,ABSENT,9452031a1cb3315d89017aae2ad244c13301e95f8a70b6a8724e6f1d8d6fe078,7106bc2a8d7157a8940bcb279f56b88181bd5685fc35ebbcfe433122fdc45ae5,SKY130,UNDECLARED,W0_READ_DOMINANT_SEED,REQUIRED_BOUNDARY_UNAVAILABLE,E0,UNQUALIFIED,MISSING,campaigns/iscas_sustainability_extension/green_refoundation_node_aware_carbon/green_matrix_v2/GREEN_MATRIX_V2_RAW.csv,2026-09-08,UNAVAILABLE,Activity-qualified architecture energy is unavailable.
ME|MP|E0|DBU_ALL_PAIRS|none|physical_fault_probability,MP|E0|DBU_ALL_PAIRS|none,physical_fault_probability,,probability,A10_LOGICAL_CONTROLS;A10_POSTROUTE_ACTIVITY_DIAGNOSTIC;SRC_SKYWATER_SKY130_PDK,ABSENT,9452031a1cb3315d89017aae2ad244c13301e95f8a70b6a8724e6f1d8d6fe078,7106bc2a8d7157a8940bcb279f56b88181bd5685fc35ebbcfe433122fdc45ae5,SKY130,UNDECLARED,W0_READ_DOMINANT_SEED,REQUIRED_BOUNDARY_UNAVAILABLE,E0,UNQUALIFIED,MISSING,campaigns/iscas_sustainability_extension/green_refoundation_node_aware_carbon/green_matrix_v2/GREEN_MATRIX_V2_RAW.csv,2026-09-08,UNAVAILABLE,Physical SBU/DBU/MBU event probabilities are unavailable.
ME|MP|E0|DBU_ALL_PAIRS|none|physical_sdc_probability,MP|E0|DBU_ALL_PAIRS|none,physical_sdc_probability,,probability,A10_LOGICAL_CONTROLS;A10_POSTROUTE_ACTIVITY_DIAGNOSTIC;SRC_SKYWATER_SKY130_PDK,ABSENT,9452031a1cb3315d89017aae2ad244c13301e95f8a70b6a8724e6f1d8d6fe078,7106bc2a8d7157a8940bcb279f56b88181bd5685fc35ebbcfe433122fdc45ae5,SKY130,UNDECLARED,W0_READ_DOMINANT_SEED,REQUIRED_BOUNDARY_UNAVAILABLE,E0,UNQUALIFIED,MISSING,campaigns/iscas_sustainability_extension/green_refoundation_node_aware_carbon/green_matrix_v2/GREEN_MATRIX_V2_RAW.csv,2026-09-08,UNAVAILABLE,Logical mask frequencies cannot establish physical SDC.
ME|MP|E0|DBU_ALL_PAIRS|none|physical_due_probability,MP|E0|DBU_ALL_PAIRS|none,physical_due_probability,,probability,A10_LOGICAL_CONTROLS;A10_POSTROUTE_ACTIVITY_DIAGNOSTIC;SRC_SKYWATER_SKY130_PDK,ABSENT,9452031a1cb3315d89017aae2ad244c13301e95f8a70b6a8724e6f1d8d6fe078,7106bc2a8d7157a8940bcb279f56b88181bd5685fc35ebbcfe433122fdc45ae5,SKY130,UNDECLARED,W0_READ_DOMINANT_SEED,REQUIRED_BOUNDARY_UNAVAILABLE,E0,UNQUALIFIED,MISSING,campaigns/iscas_sustainability_extension/green_refoundation_node_aware_carbon/green_matrix_v2/GREEN_MATRIX_V2_RAW.csv,2026-09-08,UNAVAILABLE,Logical mask frequencies cannot establish physical DUE.
ME|MP|E0|DBU_ALL_PAIRS|none|manufacturing_carbon_kgco2e,MP|E0|DBU_ALL_PAIRS|none,manufacturing_carbon_kgco2e,,kgCO2e,SRC_SKYWATER_SKY130_PDK,ABSENT,9452031a1cb3315d89017aae2ad244c13301e95f8a70b6a8724e6f1d8d6fe078,7106bc2a8d7157a8940bcb279f56b88181bd5685fc35ebbcfe433122fdc45ae5,SKY130,UNDECLARED,W0_READ_DOMINANT_SEED,REQUIRED_BOUNDARY_UNAVAILABLE,E0,UNQUALIFIED,MISSING,campaigns/iscas_sustainability_extension/green_refoundation_node_aware_carbon/green_matrix_v2/GREEN_MATRIX_V2_RAW.csv,2026-09-08,UNAVAILABLE,Matched SKY130 manufacturing inventory is unavailable.
ME|MP|E0|LOGICAL_CONSECUTIVE_3|none|observed_macro_area_um2,MP|E0|LOGICAL_CONSECUTIVE_3|none,observed_macro_area_um2,260331.5664,um2,A10_LOGICAL_CONTROLS;A10_POSTROUTE_ACTIVITY_DIAGNOSTIC;SRC_SKYWATER_SKY130_PDK,POST_ROUTE_TOOL_ESTIMATE,7f1e1b8eeb103a22d2acd05a19c46b9c429af796106d3a37a88e7915d3fbc8c9,7106bc2a8d7157a8940bcb279f56b88181bd5685fc35ebbcfe433122fdc45ae5,SKY130,UNDECLARED,W0_READ_DOMINANT_SEED,SB_MP_IMPLEMENTATION_ONLY,E4,DIAGNOSTIC,NOT_QUANTIFIED,campaigns/iscas_sustainability_extension/green_refoundation_node_aware_carbon/green_matrix_v2/GREEN_MATRIX_V2_RAW.csv,2026-09-08,TOOL_ESTIMATE,No matched independent characterization.
ME|MP|E0|LOGICAL_CONSECUTIVE_3|none|activity_coverage_fraction,MP|E0|LOGICAL_CONSECUTIVE_3|none,activity_coverage_fraction,0.043451652386780906,probability,A10_LOGICAL_CONTROLS;A10_POSTROUTE_ACTIVITY_DIAGNOSTIC;SRC_SKYWATER_SKY130_PDK,DERIVED_ACTIVITY_COVERAGE,7f1e1b8eeb103a22d2acd05a19c46b9c429af796106d3a37a88e7915d3fbc8c9,7106bc2a8d7157a8940bcb279f56b88181bd5685fc35ebbcfe433122fdc45ae5,SKY130,UNDECLARED,W0_READ_DOMINANT_SEED,SB_MP_IMPLEMENTATION_ONLY,E3,DIAGNOSTIC,NOT_QUANTIFIED,campaigns/iscas_sustainability_extension/green_refoundation_node_aware_carbon/green_matrix_v2/GREEN_MATRIX_V2_RAW.csv,2026-09-08,DERIVED,Coverage is incomplete and is not workload energy.
ME|MP|E0|LOGICAL_CONSECUTIVE_3|none|diagnostic_tool_power_w,MP|E0|LOGICAL_CONSECUTIVE_3|none,diagnostic_tool_power_w,0.005495859775692,W,A10_LOGICAL_CONTROLS;A10_POSTROUTE_ACTIVITY_DIAGNOSTIC;SRC_SKYWATER_SKY130_PDK,POST_ROUTE_TOOL_DIAGNOSTIC,7f1e1b8eeb103a22d2acd05a19c46b9c429af796106d3a37a88e7915d3fbc8c9,7106bc2a8d7157a8940bcb279f56b88181bd5685fc35ebbcfe433122fdc45ae5,SKY130,UNDECLARED,W0_READ_DOMINANT_SEED,SB_MP_IMPLEMENTATION_ONLY,E4,DIAGNOSTIC,NOT_QUANTIFIED,campaigns/iscas_sustainability_extension/green_refoundation_node_aware_carbon/green_matrix_v2/GREEN_MATRIX_V2_RAW.csv,2026-09-08,TOOL_ESTIMATE,Diagnostic power is not activity-qualified access energy.
ME|MP|E0|LOGICAL_CONSECUTIVE_3|none|logical_pattern_count,MP|E0|LOGICAL_CONSECUTIVE_3|none,logical_pattern_count,70,count,A10_LOGICAL_CONTROLS;A10_POSTROUTE_ACTIVITY_DIAGNOSTIC;SRC_SKYWATER_SKY130_PDK,EXACT_LOGICAL_ENUMERATION,7f1e1b8eeb103a22d2acd05a19c46b9c429af796106d3a37a88e7915d3fbc8c9,7106bc2a8d7157a8940bcb279f56b88181bd5685fc35ebbcfe433122fdc45ae5,SKY130,UNDECLARED,W0_READ_DOMINANT_SEED,SB_MP_IMPLEMENTATION_ONLY,E3,LOGICAL_CONTROL,NOT_QUANTIFIED,campaigns/iscas_sustainability_extension/green_refoundation_node_aware_carbon/green_matrix_v2/GREEN_MATRIX_V2_RAW.csv,2026-09-08,DERIVED,Logical mask count is not a physical event rate.
ME|MP|E0|LOGICAL_CONSECUTIVE_3|none|logical_control_success_fraction,MP|E0|LOGICAL_CONSECUTIVE_3|none,logical_control_success_fraction,0,probability,A10_LOGICAL_CONTROLS;A10_POSTROUTE_ACTIVITY_DIAGNOSTIC;SRC_SKYWATER_SKY130_PDK,EXACT_LOGICAL_ENUMERATION,7f1e1b8eeb103a22d2acd05a19c46b9c429af796106d3a37a88e7915d3fbc8c9,7106bc2a8d7157a8940bcb279f56b88181bd5685fc35ebbcfe433122fdc45ae5,SKY130,UNDECLARED,W0_READ_DOMINANT_SEED,SB_MP_IMPLEMENTATION_ONLY,E3,LOGICAL_CONTROL,NOT_QUANTIFIED,campaigns/iscas_sustainability_extension/green_refoundation_node_aware_carbon/green_matrix_v2/GREEN_MATRIX_V2_RAW.csv,2026-09-08,DERIVED,Conditioned on enumerated masks; no P(f).
ME|MP|E0|LOGICAL_CONSECUTIVE_3|none|logical_control_due_fraction,MP|E0|LOGICAL_CONSECUTIVE_3|none,logical_control_due_fraction,0.34285714285714286,probability,A10_LOGICAL_CONTROLS;A10_POSTROUTE_ACTIVITY_DIAGNOSTIC;SRC_SKYWATER_SKY130_PDK,EXACT_LOGICAL_ENUMERATION,7f1e1b8eeb103a22d2acd05a19c46b9c429af796106d3a37a88e7915d3fbc8c9,7106bc2a8d7157a8940bcb279f56b88181bd5685fc35ebbcfe433122fdc45ae5,SKY130,UNDECLARED,W0_READ_DOMINANT_SEED,SB_MP_IMPLEMENTATION_ONLY,E3,LOGICAL_CONTROL,NOT_QUANTIFIED,campaigns/iscas_sustainability_extension/green_refoundation_node_aware_carbon/green_matrix_v2/GREEN_MATRIX_V2_RAW.csv,2026-09-08,DERIVED,Conditioned on enumerated masks; no P(f).
ME|MP|E0|LOGICAL_CONSECUTIVE_3|none|logical_control_sdc_fraction,MP|E0|LOGICAL_CONSECUTIVE_3|none,logical_control_sdc_fraction,0.65714285714285714,probability,A10_LOGICAL_CONTROLS;A10_POSTROUTE_ACTIVITY_DIAGNOSTIC;SRC_SKYWATER_SKY130_PDK,EXACT_LOGICAL_ENUMERATION,7f1e1b8eeb103a22d2acd05a19c46b9c429af796106d3a37a88e7915d3fbc8c9,7106bc2a8d7157a8940bcb279f56b88181bd5685fc35ebbcfe433122fdc45ae5,SKY130,UNDECLARED,W0_READ_DOMINANT_SEED,SB_MP_IMPLEMENTATION_ONLY,E3,LOGICAL_CONTROL,NOT_QUANTIFIED,campaigns/iscas_sustainability_extension/green_refoundation_node_aware_carbon/green_matrix_v2/GREEN_MATRIX_V2_RAW.csv,2026-09-08,DERIVED,Conditioned on enumerated masks; no P(f).
ME|MP|E0|LOGICAL_CONSECUTIVE_3|none|logical_control_corrected_fraction,MP|E0|LOGICAL_CONSECUTIVE_3|none,logical_control_corrected_fraction,0,probability,A10_LOGICAL_CONTROLS;A10_POSTROUTE_ACTIVITY_DIAGNOSTIC;SRC_SKYWATER_SKY130_PDK,EXACT_LOGICAL_ENUMERATION,7f1e1b8eeb103a22d2acd05a19c46b9c429af796106d3a37a88e7915d3fbc8c9,7106bc2a8d7157a8940bcb279f56b88181bd5685fc35ebbcfe433122fdc45ae5,SKY130,UNDECLARED,W0_READ_DOMINANT_SEED,SB_MP_IMPLEMENTATION_ONLY,E3,LOGICAL_CONTROL,NOT_QUANTIFIED,campaigns/iscas_sustainability_extension/green_refoundation_node_aware_carbon/green_matrix_v2/GREEN_MATRIX_V2_RAW.csv,2026-09-08,DERIVED,Conditioned on enumerated masks; no P(f).
ME|MP|E0|LOGICAL_CONSECUTIVE_3|none|logical_control_retry_fraction,MP|E0|LOGICAL_CONSECUTIVE_3|none,logical_control_retry_fraction,0,probability,A10_LOGICAL_CONTROLS;A10_POSTROUTE_ACTIVITY_DIAGNOSTIC;SRC_SKYWATER_SKY130_PDK,EXACT_LOGICAL_ENUMERATION,7f1e1b8eeb103a22d2acd05a19c46b9c429af796106d3a37a88e7915d3fbc8c9,7106bc2a8d7157a8940bcb279f56b88181bd5685fc35ebbcfe433122fdc45ae5,SKY130,UNDECLARED,W0_READ_DOMINANT_SEED,SB_MP_IMPLEMENTATION_ONLY,E3,LOGICAL_CONTROL,NOT_QUANTIFIED,campaigns/iscas_sustainability_extension/green_refoundation_node_aware_carbon/green_matrix_v2/GREEN_MATRIX_V2_RAW.csv,2026-09-08,DERIVED,Conditioned on enumerated masks; no P(f).
ME|MP|E0|LOGICAL_CONSECUTIVE_3|none|latency_s,MP|E0|LOGICAL_CONSECUTIVE_3|none,latency_s,,s,A10_LOGICAL_CONTROLS;A10_POSTROUTE_ACTIVITY_DIAGNOSTIC;SRC_SKYWATER_SKY130_PDK,ABSENT,7f1e1b8eeb103a22d2acd05a19c46b9c429af796106d3a37a88e7915d3fbc8c9,7106bc2a8d7157a8940bcb279f56b88181bd5685fc35ebbcfe433122fdc45ae5,SKY130,UNDECLARED,W0_READ_DOMINANT_SEED,REQUIRED_BOUNDARY_UNAVAILABLE,E0,UNQUALIFIED,MISSING,campaigns/iscas_sustainability_extension/green_refoundation_node_aware_carbon/green_matrix_v2/GREEN_MATRIX_V2_RAW.csv,2026-09-08,UNAVAILABLE,Latency is not measured for the declared service policy.
ME|MP|E0|LOGICAL_CONSECUTIVE_3|none|operational_energy_j,MP|E0|LOGICAL_CONSECUTIVE_3|none,operational_energy_j,,J,A10_LOGICAL_CONTROLS;A10_POSTROUTE_ACTIVITY_DIAGNOSTIC;SRC_SKYWATER_SKY130_PDK,ABSENT,7f1e1b8eeb103a22d2acd05a19c46b9c429af796106d3a37a88e7915d3fbc8c9,7106bc2a8d7157a8940bcb279f56b88181bd5685fc35ebbcfe433122fdc45ae5,SKY130,UNDECLARED,W0_READ_DOMINANT_SEED,REQUIRED_BOUNDARY_UNAVAILABLE,E0,UNQUALIFIED,MISSING,campaigns/iscas_sustainability_extension/green_refoundation_node_aware_carbon/green_matrix_v2/GREEN_MATRIX_V2_RAW.csv,2026-09-08,UNAVAILABLE,Activity-qualified architecture energy is unavailable.
ME|MP|E0|LOGICAL_CONSECUTIVE_3|none|physical_fault_probability,MP|E0|LOGICAL_CONSECUTIVE_3|none,physical_fault_probability,,probability,A10_LOGICAL_CONTROLS;A10_POSTROUTE_ACTIVITY_DIAGNOSTIC;SRC_SKYWATER_SKY130_PDK,ABSENT,7f1e1b8eeb103a22d2acd05a19c46b9c429af796106d3a37a88e7915d3fbc8c9,7106bc2a8d7157a8940bcb279f56b88181bd5685fc35ebbcfe433122fdc45ae5,SKY130,UNDECLARED,W0_READ_DOMINANT_SEED,REQUIRED_BOUNDARY_UNAVAILABLE,E0,UNQUALIFIED,MISSING,campaigns/iscas_sustainability_extension/green_refoundation_node_aware_carbon/green_matrix_v2/GREEN_MATRIX_V2_RAW.csv,2026-09-08,UNAVAILABLE,Physical SBU/DBU/MBU event probabilities are unavailable.
ME|MP|E0|LOGICAL_CONSECUTIVE_3|none|physical_sdc_probability,MP|E0|LOGICAL_CONSECUTIVE_3|none,physical_sdc_probability,,probability,A10_LOGICAL_CONTROLS;A10_POSTROUTE_ACTIVITY_DIAGNOSTIC;SRC_SKYWATER_SKY130_PDK,ABSENT,7f1e1b8eeb103a22d2acd05a19c46b9c429af796106d3a37a88e7915d3fbc8c9,7106bc2a8d7157a8940bcb279f56b88181bd5685fc35ebbcfe433122fdc45ae5,SKY130,UNDECLARED,W0_READ_DOMINANT_SEED,REQUIRED_BOUNDARY_UNAVAILABLE,E0,UNQUALIFIED,MISSING,campaigns/iscas_sustainability_extension/green_refoundation_node_aware_carbon/green_matrix_v2/GREEN_MATRIX_V2_RAW.csv,2026-09-08,UNAVAILABLE,Logical mask frequencies cannot establish physical SDC.
ME|MP|E0|LOGICAL_CONSECUTIVE_3|none|physical_due_probability,MP|E0|LOGICAL_CONSECUTIVE_3|none,physical_due_probability,,probability,A10_LOGICAL_CONTROLS;A10_POSTROUTE_ACTIVITY_DIAGNOSTIC;SRC_SKYWATER_SKY130_PDK,ABSENT,7f1e1b8eeb103a22d2acd05a19c46b9c429af796106d3a37a88e7915d3fbc8c9,7106bc2a8d7157a8940bcb279f56b88181bd5685fc35ebbcfe433122fdc45ae5,SKY130,UNDECLARED,W0_READ_DOMINANT_SEED,REQUIRED_BOUNDARY_UNAVAILABLE,E0,UNQUALIFIED,MISSING,campaigns/iscas_sustainability_extension/green_refoundation_node_aware_carbon/green_matrix_v2/GREEN_MATRIX_V2_RAW.csv,2026-09-08,UNAVAILABLE,Logical mask frequencies cannot establish physical DUE.
ME|MP|E0|LOGICAL_CONSECUTIVE_3|none|manufacturing_carbon_kgco2e,MP|E0|LOGICAL_CONSECUTIVE_3|none,manufacturing_carbon_kgco2e,,kgCO2e,SRC_SKYWATER_SKY130_PDK,ABSENT,7f1e1b8eeb103a22d2acd05a19c46b9c429af796106d3a37a88e7915d3fbc8c9,7106bc2a8d7157a8940bcb279f56b88181bd5685fc35ebbcfe433122fdc45ae5,SKY130,UNDECLARED,W0_READ_DOMINANT_SEED,REQUIRED_BOUNDARY_UNAVAILABLE,E0,UNQUALIFIED,MISSING,campaigns/iscas_sustainability_extension/green_refoundation_node_aware_carbon/green_matrix_v2/GREEN_MATRIX_V2_RAW.csv,2026-09-08,UNAVAILABLE,Matched SKY130 manufacturing inventory is unavailable.
ME|MP|E0|LOGICAL_CONSECUTIVE_4|none|observed_macro_area_um2,MP|E0|LOGICAL_CONSECUTIVE_4|none,observed_macro_area_um2,260331.5664,um2,A10_LOGICAL_CONTROLS;A10_POSTROUTE_ACTIVITY_DIAGNOSTIC;SRC_SKYWATER_SKY130_PDK,POST_ROUTE_TOOL_ESTIMATE,afcb097174c5830d76f01e855ffbf9ea8a728cfadc3114e3bd7790261ea87152,7106bc2a8d7157a8940bcb279f56b88181bd5685fc35ebbcfe433122fdc45ae5,SKY130,UNDECLARED,W0_READ_DOMINANT_SEED,SB_MP_IMPLEMENTATION_ONLY,E4,DIAGNOSTIC,NOT_QUANTIFIED,campaigns/iscas_sustainability_extension/green_refoundation_node_aware_carbon/green_matrix_v2/GREEN_MATRIX_V2_RAW.csv,2026-09-08,TOOL_ESTIMATE,No matched independent characterization.
ME|MP|E0|LOGICAL_CONSECUTIVE_4|none|activity_coverage_fraction,MP|E0|LOGICAL_CONSECUTIVE_4|none,activity_coverage_fraction,0.043451652386780906,probability,A10_LOGICAL_CONTROLS;A10_POSTROUTE_ACTIVITY_DIAGNOSTIC;SRC_SKYWATER_SKY130_PDK,DERIVED_ACTIVITY_COVERAGE,afcb097174c5830d76f01e855ffbf9ea8a728cfadc3114e3bd7790261ea87152,7106bc2a8d7157a8940bcb279f56b88181bd5685fc35ebbcfe433122fdc45ae5,SKY130,UNDECLARED,W0_READ_DOMINANT_SEED,SB_MP_IMPLEMENTATION_ONLY,E3,DIAGNOSTIC,NOT_QUANTIFIED,campaigns/iscas_sustainability_extension/green_refoundation_node_aware_carbon/green_matrix_v2/GREEN_MATRIX_V2_RAW.csv,2026-09-08,DERIVED,Coverage is incomplete and is not workload energy.
ME|MP|E0|LOGICAL_CONSECUTIVE_4|none|diagnostic_tool_power_w,MP|E0|LOGICAL_CONSECUTIVE_4|none,diagnostic_tool_power_w,0.005495859775692,W,A10_LOGICAL_CONTROLS;A10_POSTROUTE_ACTIVITY_DIAGNOSTIC;SRC_SKYWATER_SKY130_PDK,POST_ROUTE_TOOL_DIAGNOSTIC,afcb097174c5830d76f01e855ffbf9ea8a728cfadc3114e3bd7790261ea87152,7106bc2a8d7157a8940bcb279f56b88181bd5685fc35ebbcfe433122fdc45ae5,SKY130,UNDECLARED,W0_READ_DOMINANT_SEED,SB_MP_IMPLEMENTATION_ONLY,E4,DIAGNOSTIC,NOT_QUANTIFIED,campaigns/iscas_sustainability_extension/green_refoundation_node_aware_carbon/green_matrix_v2/GREEN_MATRIX_V2_RAW.csv,2026-09-08,TOOL_ESTIMATE,Diagnostic power is not activity-qualified access energy.
ME|MP|E0|LOGICAL_CONSECUTIVE_4|none|logical_pattern_count,MP|E0|LOGICAL_CONSECUTIVE_4|none,logical_pattern_count,69,count,A10_LOGICAL_CONTROLS;A10_POSTROUTE_ACTIVITY_DIAGNOSTIC;SRC_SKYWATER_SKY130_PDK,EXACT_LOGICAL_ENUMERATION,afcb097174c5830d76f01e855ffbf9ea8a728cfadc3114e3bd7790261ea87152,7106bc2a8d7157a8940bcb279f56b88181bd5685fc35ebbcfe433122fdc45ae5,SKY130,UNDECLARED,W0_READ_DOMINANT_SEED,SB_MP_IMPLEMENTATION_ONLY,E3,LOGICAL_CONTROL,NOT_QUANTIFIED,campaigns/iscas_sustainability_extension/green_refoundation_node_aware_carbon/green_matrix_v2/GREEN_MATRIX_V2_RAW.csv,2026-09-08,DERIVED,Logical mask count is not a physical event rate.
ME|MP|E0|LOGICAL_CONSECUTIVE_4|none|logical_control_success_fraction,MP|E0|LOGICAL_CONSECUTIVE_4|none,logical_control_success_fraction,0,probability,A10_LOGICAL_CONTROLS;A10_POSTROUTE_ACTIVITY_DIAGNOSTIC;SRC_SKYWATER_SKY130_PDK,EXACT_LOGICAL_ENUMERATION,afcb097174c5830d76f01e855ffbf9ea8a728cfadc3114e3bd7790261ea87152,7106bc2a8d7157a8940bcb279f56b88181bd5685fc35ebbcfe433122fdc45ae5,SKY130,UNDECLARED,W0_READ_DOMINANT_SEED,SB_MP_IMPLEMENTATION_ONLY,E3,LOGICAL_CONTROL,NOT_QUANTIFIED,campaigns/iscas_sustainability_extension/green_refoundation_node_aware_carbon/green_matrix_v2/GREEN_MATRIX_V2_RAW.csv,2026-09-08,DERIVED,Conditioned on enumerated masks; no P(f).
ME|MP|E0|LOGICAL_CONSECUTIVE_4|none|logical_control_due_fraction,MP|E0|LOGICAL_CONSECUTIVE_4|none,logical_control_due_fraction,0.91304347826086951,probability,A10_LOGICAL_CONTROLS;A10_POSTROUTE_ACTIVITY_DIAGNOSTIC;SRC_SKYWATER_SKY130_PDK,EXACT_LOGICAL_ENUMERATION,afcb097174c5830d76f01e855ffbf9ea8a728cfadc3114e3bd7790261ea87152,7106bc2a8d7157a8940bcb279f56b88181bd5685fc35ebbcfe433122fdc45ae5,SKY130,UNDECLARED,W0_READ_DOMINANT_SEED,SB_MP_IMPLEMENTATION_ONLY,E3,LOGICAL_CONTROL,NOT_QUANTIFIED,campaigns/iscas_sustainability_extension/green_refoundation_node_aware_carbon/green_matrix_v2/GREEN_MATRIX_V2_RAW.csv,2026-09-08,DERIVED,Conditioned on enumerated masks; no P(f).
ME|MP|E0|LOGICAL_CONSECUTIVE_4|none|logical_control_sdc_fraction,MP|E0|LOGICAL_CONSECUTIVE_4|none,logical_control_sdc_fraction,0.086956521739130432,probability,A10_LOGICAL_CONTROLS;A10_POSTROUTE_ACTIVITY_DIAGNOSTIC;SRC_SKYWATER_SKY130_PDK,EXACT_LOGICAL_ENUMERATION,afcb097174c5830d76f01e855ffbf9ea8a728cfadc3114e3bd7790261ea87152,7106bc2a8d7157a8940bcb279f56b88181bd5685fc35ebbcfe433122fdc45ae5,SKY130,UNDECLARED,W0_READ_DOMINANT_SEED,SB_MP_IMPLEMENTATION_ONLY,E3,LOGICAL_CONTROL,NOT_QUANTIFIED,campaigns/iscas_sustainability_extension/green_refoundation_node_aware_carbon/green_matrix_v2/GREEN_MATRIX_V2_RAW.csv,2026-09-08,DERIVED,Conditioned on enumerated masks; no P(f).
ME|MP|E0|LOGICAL_CONSECUTIVE_4|none|logical_control_corrected_fraction,MP|E0|LOGICAL_CONSECUTIVE_4|none,logical_control_corrected_fraction,0,probability,A10_LOGICAL_CONTROLS;A10_POSTROUTE_ACTIVITY_DIAGNOSTIC;SRC_SKYWATER_SKY130_PDK,EXACT_LOGICAL_ENUMERATION,afcb097174c5830d76f01e855ffbf9ea8a728cfadc3114e3bd7790261ea87152,7106bc2a8d7157a8940bcb279f56b88181bd5685fc35ebbcfe433122fdc45ae5,SKY130,UNDECLARED,W0_READ_DOMINANT_SEED,SB_MP_IMPLEMENTATION_ONLY,E3,LOGICAL_CONTROL,NOT_QUANTIFIED,campaigns/iscas_sustainability_extension/green_refoundation_node_aware_carbon/green_matrix_v2/GREEN_MATRIX_V2_RAW.csv,2026-09-08,DERIVED,Conditioned on enumerated masks; no P(f).
ME|MP|E0|LOGICAL_CONSECUTIVE_4|none|logical_control_retry_fraction,MP|E0|LOGICAL_CONSECUTIVE_4|none,logical_control_retry_fraction,0,probability,A10_LOGICAL_CONTROLS;A10_POSTROUTE_ACTIVITY_DIAGNOSTIC;SRC_SKYWATER_SKY130_PDK,EXACT_LOGICAL_ENUMERATION,afcb097174c5830d76f01e855ffbf9ea8a728cfadc3114e3bd7790261ea87152,7106bc2a8d7157a8940bcb279f56b88181bd5685fc35ebbcfe433122fdc45ae5,SKY130,UNDECLARED,W0_READ_DOMINANT_SEED,SB_MP_IMPLEMENTATION_ONLY,E3,LOGICAL_CONTROL,NOT_QUANTIFIED,campaigns/iscas_sustainability_extension/green_refoundation_node_aware_carbon/green_matrix_v2/GREEN_MATRIX_V2_RAW.csv,2026-09-08,DERIVED,Conditioned on enumerated masks; no P(f).
ME|MP|E0|LOGICAL_CONSECUTIVE_4|none|latency_s,MP|E0|LOGICAL_CONSECUTIVE_4|none,latency_s,,s,A10_LOGICAL_CONTROLS;A10_POSTROUTE_ACTIVITY_DIAGNOSTIC;SRC_SKYWATER_SKY130_PDK,ABSENT,afcb097174c5830d76f01e855ffbf9ea8a728cfadc3114e3bd7790261ea87152,7106bc2a8d7157a8940bcb279f56b88181bd5685fc35ebbcfe433122fdc45ae5,SKY130,UNDECLARED,W0_READ_DOMINANT_SEED,REQUIRED_BOUNDARY_UNAVAILABLE,E0,UNQUALIFIED,MISSING,campaigns/iscas_sustainability_extension/green_refoundation_node_aware_carbon/green_matrix_v2/GREEN_MATRIX_V2_RAW.csv,2026-09-08,UNAVAILABLE,Latency is not measured for the declared service policy.
ME|MP|E0|LOGICAL_CONSECUTIVE_4|none|operational_energy_j,MP|E0|LOGICAL_CONSECUTIVE_4|none,operational_energy_j,,J,A10_LOGICAL_CONTROLS;A10_POSTROUTE_ACTIVITY_DIAGNOSTIC;SRC_SKYWATER_SKY130_PDK,ABSENT,afcb097174c5830d76f01e855ffbf9ea8a728cfadc3114e3bd7790261ea87152,7106bc2a8d7157a8940bcb279f56b88181bd5685fc35ebbcfe433122fdc45ae5,SKY130,UNDECLARED,W0_READ_DOMINANT_SEED,REQUIRED_BOUNDARY_UNAVAILABLE,E0,UNQUALIFIED,MISSING,campaigns/iscas_sustainability_extension/green_refoundation_node_aware_carbon/green_matrix_v2/GREEN_MATRIX_V2_RAW.csv,2026-09-08,UNAVAILABLE,Activity-qualified architecture energy is unavailable.
ME|MP|E0|LOGICAL_CONSECUTIVE_4|none|physical_fault_probability,MP|E0|LOGICAL_CONSECUTIVE_4|none,physical_fault_probability,,probability,A10_LOGICAL_CONTROLS;A10_POSTROUTE_ACTIVITY_DIAGNOSTIC;SRC_SKYWATER_SKY130_PDK,ABSENT,afcb097174c5830d76f01e855ffbf9ea8a728cfadc3114e3bd7790261ea87152,7106bc2a8d7157a8940bcb279f56b88181bd5685fc35ebbcfe433122fdc45ae5,SKY130,UNDECLARED,W0_READ_DOMINANT_SEED,REQUIRED_BOUNDARY_UNAVAILABLE,E0,UNQUALIFIED,MISSING,campaigns/iscas_sustainability_extension/green_refoundation_node_aware_carbon/green_matrix_v2/GREEN_MATRIX_V2_RAW.csv,2026-09-08,UNAVAILABLE,Physical SBU/DBU/MBU event probabilities are unavailable.
ME|MP|E0|LOGICAL_CONSECUTIVE_4|none|physical_sdc_probability,MP|E0|LOGICAL_CONSECUTIVE_4|none,physical_sdc_probability,,probability,A10_LOGICAL_CONTROLS;A10_POSTROUTE_ACTIVITY_DIAGNOSTIC;SRC_SKYWATER_SKY130_PDK,ABSENT,afcb097174c5830d76f01e855ffbf9ea8a728cfadc3114e3bd7790261ea87152,7106bc2a8d7157a8940bcb279f56b88181bd5685fc35ebbcfe433122fdc45ae5,SKY130,UNDECLARED,W0_READ_DOMINANT_SEED,REQUIRED_BOUNDARY_UNAVAILABLE,E0,UNQUALIFIED,MISSING,campaigns/iscas_sustainability_extension/green_refoundation_node_aware_carbon/green_matrix_v2/GREEN_MATRIX_V2_RAW.csv,2026-09-08,UNAVAILABLE,Logical mask frequencies cannot establish physical SDC.
ME|MP|E0|LOGICAL_CONSECUTIVE_4|none|physical_due_probability,MP|E0|LOGICAL_CONSECUTIVE_4|none,physical_due_probability,,probability,A10_LOGICAL_CONTROLS;A10_POSTROUTE_ACTIVITY_DIAGNOSTIC;SRC_SKYWATER_SKY130_PDK,ABSENT,afcb097174c5830d76f01e855ffbf9ea8a728cfadc3114e3bd7790261ea87152,7106bc2a8d7157a8940bcb279f56b88181bd5685fc35ebbcfe433122fdc45ae5,SKY130,UNDECLARED,W0_READ_DOMINANT_SEED,REQUIRED_BOUNDARY_UNAVAILABLE,E0,UNQUALIFIED,MISSING,campaigns/iscas_sustainability_extension/green_refoundation_node_aware_carbon/green_matrix_v2/GREEN_MATRIX_V2_RAW.csv,2026-09-08,UNAVAILABLE,Logical mask frequencies cannot establish physical DUE.
ME|MP|E0|LOGICAL_CONSECUTIVE_4|none|manufacturing_carbon_kgco2e,MP|E0|LOGICAL_CONSECUTIVE_4|none,manufacturing_carbon_kgco2e,,kgCO2e,SRC_SKYWATER_SKY130_PDK,ABSENT,afcb097174c5830d76f01e855ffbf9ea8a728cfadc3114e3bd7790261ea87152,7106bc2a8d7157a8940bcb279f56b88181bd5685fc35ebbcfe433122fdc45ae5,SKY130,UNDECLARED,W0_READ_DOMINANT_SEED,REQUIRED_BOUNDARY_UNAVAILABLE,E0,UNQUALIFIED,MISSING,campaigns/iscas_sustainability_extension/green_refoundation_node_aware_carbon/green_matrix_v2/GREEN_MATRIX_V2_RAW.csv,2026-09-08,UNAVAILABLE,Matched SKY130 manufacturing inventory is unavailable.
ME|MP|U0|PERSISTENT_SEQUENCE_1_2_0_4|none|observed_macro_area_um2,MP|U0|PERSISTENT_SEQUENCE_1_2_0_4|none,observed_macro_area_um2,201266.5968,um2,A10_LOGICAL_CONTROLS;A10_POSTROUTE_ACTIVITY_DIAGNOSTIC;SRC_SKYWATER_SKY130_PDK,POST_ROUTE_TOOL_ESTIMATE,98a7fb0def91a6c4bc0f5c7b5be7befc7a75ef57eedbda1d433e75401dfc95e9,7106bc2a8d7157a8940bcb279f56b88181bd5685fc35ebbcfe433122fdc45ae5,SKY130,UNDECLARED,W0_READ_DOMINANT_SEED,SB_MP_IMPLEMENTATION_ONLY,E4,DIAGNOSTIC,NOT_QUANTIFIED,campaigns/iscas_sustainability_extension/green_refoundation_node_aware_carbon/green_matrix_v2/GREEN_MATRIX_V2_RAW.csv,2026-09-08,TOOL_ESTIMATE,No matched independent characterization.
ME|MP|U0|PERSISTENT_SEQUENCE_1_2_0_4|none|activity_coverage_fraction,MP|U0|PERSISTENT_SEQUENCE_1_2_0_4|none,activity_coverage_fraction,0.4868421052631579,probability,A10_LOGICAL_CONTROLS;A10_POSTROUTE_ACTIVITY_DIAGNOSTIC;SRC_SKYWATER_SKY130_PDK,DERIVED_ACTIVITY_COVERAGE,98a7fb0def91a6c4bc0f5c7b5be7befc7a75ef57eedbda1d433e75401dfc95e9,7106bc2a8d7157a8940bcb279f56b88181bd5685fc35ebbcfe433122fdc45ae5,SKY130,UNDECLARED,W0_READ_DOMINANT_SEED,SB_MP_IMPLEMENTATION_ONLY,E3,DIAGNOSTIC,NOT_QUANTIFIED,campaigns/iscas_sustainability_extension/green_refoundation_node_aware_carbon/green_matrix_v2/GREEN_MATRIX_V2_RAW.csv,2026-09-08,DERIVED,Coverage is incomplete and is not workload energy.
ME|MP|U0|PERSISTENT_SEQUENCE_1_2_0_4|none|diagnostic_tool_power_w,MP|U0|PERSISTENT_SEQUENCE_1_2_0_4|none,diagnostic_tool_power_w,0.001893166452646,W,A10_LOGICAL_CONTROLS;A10_POSTROUTE_ACTIVITY_DIAGNOSTIC;SRC_SKYWATER_SKY130_PDK,POST_ROUTE_TOOL_DIAGNOSTIC,98a7fb0def91a6c4bc0f5c7b5be7befc7a75ef57eedbda1d433e75401dfc95e9,7106bc2a8d7157a8940bcb279f56b88181bd5685fc35ebbcfe433122fdc45ae5,SKY130,UNDECLARED,W0_READ_DOMINANT_SEED,SB_MP_IMPLEMENTATION_ONLY,E4,DIAGNOSTIC,NOT_QUANTIFIED,campaigns/iscas_sustainability_extension/green_refoundation_node_aware_carbon/green_matrix_v2/GREEN_MATRIX_V2_RAW.csv,2026-09-08,TOOL_ESTIMATE,Diagnostic power is not activity-qualified access energy.
ME|MP|U0|PERSISTENT_SEQUENCE_1_2_0_4|none|logical_pattern_count,MP|U0|PERSISTENT_SEQUENCE_1_2_0_4|none,logical_pattern_count,4,count,A10_LOGICAL_CONTROLS;A10_POSTROUTE_ACTIVITY_DIAGNOSTIC;SRC_SKYWATER_SKY130_PDK,EXACT_LOGICAL_ENUMERATION,98a7fb0def91a6c4bc0f5c7b5be7befc7a75ef57eedbda1d433e75401dfc95e9,7106bc2a8d7157a8940bcb279f56b88181bd5685fc35ebbcfe433122fdc45ae5,SKY130,UNDECLARED,W0_READ_DOMINANT_SEED,SB_MP_IMPLEMENTATION_ONLY,E3,LOGICAL_CONTROL,NOT_QUANTIFIED,campaigns/iscas_sustainability_extension/green_refoundation_node_aware_carbon/green_matrix_v2/GREEN_MATRIX_V2_RAW.csv,2026-09-08,DERIVED,Logical mask count is not a physical event rate.
ME|MP|U0|PERSISTENT_SEQUENCE_1_2_0_4|none|logical_control_success_fraction,MP|U0|PERSISTENT_SEQUENCE_1_2_0_4|none,logical_control_success_fraction,0,probability,A10_LOGICAL_CONTROLS;A10_POSTROUTE_ACTIVITY_DIAGNOSTIC;SRC_SKYWATER_SKY130_PDK,EXACT_LOGICAL_ENUMERATION,98a7fb0def91a6c4bc0f5c7b5be7befc7a75ef57eedbda1d433e75401dfc95e9,7106bc2a8d7157a8940bcb279f56b88181bd5685fc35ebbcfe433122fdc45ae5,SKY130,UNDECLARED,W0_READ_DOMINANT_SEED,SB_MP_IMPLEMENTATION_ONLY,E3,LOGICAL_CONTROL,NOT_QUANTIFIED,campaigns/iscas_sustainability_extension/green_refoundation_node_aware_carbon/green_matrix_v2/GREEN_MATRIX_V2_RAW.csv,2026-09-08,DERIVED,Conditioned on enumerated masks; no P(f).
ME|MP|U0|PERSISTENT_SEQUENCE_1_2_0_4|none|logical_control_due_fraction,MP|U0|PERSISTENT_SEQUENCE_1_2_0_4|none,logical_control_due_fraction,0,probability,A10_LOGICAL_CONTROLS;A10_POSTROUTE_ACTIVITY_DIAGNOSTIC;SRC_SKYWATER_SKY130_PDK,EXACT_LOGICAL_ENUMERATION,98a7fb0def91a6c4bc0f5c7b5be7befc7a75ef57eedbda1d433e75401dfc95e9,7106bc2a8d7157a8940bcb279f56b88181bd5685fc35ebbcfe433122fdc45ae5,SKY130,UNDECLARED,W0_READ_DOMINANT_SEED,SB_MP_IMPLEMENTATION_ONLY,E3,LOGICAL_CONTROL,NOT_QUANTIFIED,campaigns/iscas_sustainability_extension/green_refoundation_node_aware_carbon/green_matrix_v2/GREEN_MATRIX_V2_RAW.csv,2026-09-08,DERIVED,Conditioned on enumerated masks; no P(f).
ME|MP|U0|PERSISTENT_SEQUENCE_1_2_0_4|none|logical_control_sdc_fraction,MP|U0|PERSISTENT_SEQUENCE_1_2_0_4|none,logical_control_sdc_fraction,1,probability,A10_LOGICAL_CONTROLS;A10_POSTROUTE_ACTIVITY_DIAGNOSTIC;SRC_SKYWATER_SKY130_PDK,EXACT_LOGICAL_ENUMERATION,98a7fb0def91a6c4bc0f5c7b5be7befc7a75ef57eedbda1d433e75401dfc95e9,7106bc2a8d7157a8940bcb279f56b88181bd5685fc35ebbcfe433122fdc45ae5,SKY130,UNDECLARED,W0_READ_DOMINANT_SEED,SB_MP_IMPLEMENTATION_ONLY,E3,LOGICAL_CONTROL,NOT_QUANTIFIED,campaigns/iscas_sustainability_extension/green_refoundation_node_aware_carbon/green_matrix_v2/GREEN_MATRIX_V2_RAW.csv,2026-09-08,DERIVED,Conditioned on enumerated masks; no P(f).
ME|MP|U0|PERSISTENT_SEQUENCE_1_2_0_4|none|logical_control_corrected_fraction,MP|U0|PERSISTENT_SEQUENCE_1_2_0_4|none,logical_control_corrected_fraction,0,probability,A10_LOGICAL_CONTROLS;A10_POSTROUTE_ACTIVITY_DIAGNOSTIC;SRC_SKYWATER_SKY130_PDK,EXACT_LOGICAL_ENUMERATION,98a7fb0def91a6c4bc0f5c7b5be7befc7a75ef57eedbda1d433e75401dfc95e9,7106bc2a8d7157a8940bcb279f56b88181bd5685fc35ebbcfe433122fdc45ae5,SKY130,UNDECLARED,W0_READ_DOMINANT_SEED,SB_MP_IMPLEMENTATION_ONLY,E3,LOGICAL_CONTROL,NOT_QUANTIFIED,campaigns/iscas_sustainability_extension/green_refoundation_node_aware_carbon/green_matrix_v2/GREEN_MATRIX_V2_RAW.csv,2026-09-08,DERIVED,Conditioned on enumerated masks; no P(f).
ME|MP|U0|PERSISTENT_SEQUENCE_1_2_0_4|none|logical_control_retry_fraction,MP|U0|PERSISTENT_SEQUENCE_1_2_0_4|none,logical_control_retry_fraction,0,probability,A10_LOGICAL_CONTROLS;A10_POSTROUTE_ACTIVITY_DIAGNOSTIC;SRC_SKYWATER_SKY130_PDK,EXACT_LOGICAL_ENUMERATION,98a7fb0def91a6c4bc0f5c7b5be7befc7a75ef57eedbda1d433e75401dfc95e9,7106bc2a8d7157a8940bcb279f56b88181bd5685fc35ebbcfe433122fdc45ae5,SKY130,UNDECLARED,W0_READ_DOMINANT_SEED,SB_MP_IMPLEMENTATION_ONLY,E3,LOGICAL_CONTROL,NOT_QUANTIFIED,campaigns/iscas_sustainability_extension/green_refoundation_node_aware_carbon/green_matrix_v2/GREEN_MATRIX_V2_RAW.csv,2026-09-08,DERIVED,Conditioned on enumerated masks; no P(f).
ME|MP|U0|PERSISTENT_SEQUENCE_1_2_0_4|none|latency_s,MP|U0|PERSISTENT_SEQUENCE_1_2_0_4|none,latency_s,,s,A10_LOGICAL_CONTROLS;A10_POSTROUTE_ACTIVITY_DIAGNOSTIC;SRC_SKYWATER_SKY130_PDK,ABSENT,98a7fb0def91a6c4bc0f5c7b5be7befc7a75ef57eedbda1d433e75401dfc95e9,7106bc2a8d7157a8940bcb279f56b88181bd5685fc35ebbcfe433122fdc45ae5,SKY130,UNDECLARED,W0_READ_DOMINANT_SEED,REQUIRED_BOUNDARY_UNAVAILABLE,E0,UNQUALIFIED,MISSING,campaigns/iscas_sustainability_extension/green_refoundation_node_aware_carbon/green_matrix_v2/GREEN_MATRIX_V2_RAW.csv,2026-09-08,UNAVAILABLE,Latency is not measured for the declared service policy.
ME|MP|U0|PERSISTENT_SEQUENCE_1_2_0_4|none|operational_energy_j,MP|U0|PERSISTENT_SEQUENCE_1_2_0_4|none,operational_energy_j,,J,A10_LOGICAL_CONTROLS;A10_POSTROUTE_ACTIVITY_DIAGNOSTIC;SRC_SKYWATER_SKY130_PDK,ABSENT,98a7fb0def91a6c4bc0f5c7b5be7befc7a75ef57eedbda1d433e75401dfc95e9,7106bc2a8d7157a8940bcb279f56b88181bd5685fc35ebbcfe433122fdc45ae5,SKY130,UNDECLARED,W0_READ_DOMINANT_SEED,REQUIRED_BOUNDARY_UNAVAILABLE,E0,UNQUALIFIED,MISSING,campaigns/iscas_sustainability_extension/green_refoundation_node_aware_carbon/green_matrix_v2/GREEN_MATRIX_V2_RAW.csv,2026-09-08,UNAVAILABLE,Activity-qualified architecture energy is unavailable.
ME|MP|U0|PERSISTENT_SEQUENCE_1_2_0_4|none|physical_fault_probability,MP|U0|PERSISTENT_SEQUENCE_1_2_0_4|none,physical_fault_probability,,probability,A10_LOGICAL_CONTROLS;A10_POSTROUTE_ACTIVITY_DIAGNOSTIC;SRC_SKYWATER_SKY130_PDK,ABSENT,98a7fb0def91a6c4bc0f5c7b5be7befc7a75ef57eedbda1d433e75401dfc95e9,7106bc2a8d7157a8940bcb279f56b88181bd5685fc35ebbcfe433122fdc45ae5,SKY130,UNDECLARED,W0_READ_DOMINANT_SEED,REQUIRED_BOUNDARY_UNAVAILABLE,E0,UNQUALIFIED,MISSING,campaigns/iscas_sustainability_extension/green_refoundation_node_aware_carbon/green_matrix_v2/GREEN_MATRIX_V2_RAW.csv,2026-09-08,UNAVAILABLE,Physical SBU/DBU/MBU event probabilities are unavailable.
ME|MP|U0|PERSISTENT_SEQUENCE_1_2_0_4|none|physical_sdc_probability,MP|U0|PERSISTENT_SEQUENCE_1_2_0_4|none,physical_sdc_probability,,probability,A10_LOGICAL_CONTROLS;A10_POSTROUTE_ACTIVITY_DIAGNOSTIC;SRC_SKYWATER_SKY130_PDK,ABSENT,98a7fb0def91a6c4bc0f5c7b5be7befc7a75ef57eedbda1d433e75401dfc95e9,7106bc2a8d7157a8940bcb279f56b88181bd5685fc35ebbcfe433122fdc45ae5,SKY130,UNDECLARED,W0_READ_DOMINANT_SEED,REQUIRED_BOUNDARY_UNAVAILABLE,E0,UNQUALIFIED,MISSING,campaigns/iscas_sustainability_extension/green_refoundation_node_aware_carbon/green_matrix_v2/GREEN_MATRIX_V2_RAW.csv,2026-09-08,UNAVAILABLE,Logical mask frequencies cannot establish physical SDC.
ME|MP|U0|PERSISTENT_SEQUENCE_1_2_0_4|none|physical_due_probability,MP|U0|PERSISTENT_SEQUENCE_1_2_0_4|none,physical_due_probability,,probability,A10_LOGICAL_CONTROLS;A10_POSTROUTE_ACTIVITY_DIAGNOSTIC;SRC_SKYWATER_SKY130_PDK,ABSENT,98a7fb0def91a6c4bc0f5c7b5be7befc7a75ef57eedbda1d433e75401dfc95e9,7106bc2a8d7157a8940bcb279f56b88181bd5685fc35ebbcfe433122fdc45ae5,SKY130,UNDECLARED,W0_READ_DOMINANT_SEED,REQUIRED_BOUNDARY_UNAVAILABLE,E0,UNQUALIFIED,MISSING,campaigns/iscas_sustainability_extension/green_refoundation_node_aware_carbon/green_matrix_v2/GREEN_MATRIX_V2_RAW.csv,2026-09-08,UNAVAILABLE,Logical mask frequencies cannot establish physical DUE.
ME|MP|U0|PERSISTENT_SEQUENCE_1_2_0_4|none|manufacturing_carbon_kgco2e,MP|U0|PERSISTENT_SEQUENCE_1_2_0_4|none,manufacturing_carbon_kgco2e,,kgCO2e,SRC_SKYWATER_SKY130_PDK,ABSENT,98a7fb0def91a6c4bc0f5c7b5be7befc7a75ef57eedbda1d433e75401dfc95e9,7106bc2a8d7157a8940bcb279f56b88181bd5685fc35ebbcfe433122fdc45ae5,SKY130,UNDECLARED,W0_READ_DOMINANT_SEED,REQUIRED_BOUNDARY_UNAVAILABLE,E0,UNQUALIFIED,MISSING,campaigns/iscas_sustainability_extension/green_refoundation_node_aware_carbon/green_matrix_v2/GREEN_MATRIX_V2_RAW.csv,2026-09-08,UNAVAILABLE,Matched SKY130 manufacturing inventory is unavailable.
ME|MP|U0|PERSISTENT_SEQUENCE_1_2_0_4|scrub_on_correct|observed_macro_area_um2,MP|U0|PERSISTENT_SEQUENCE_1_2_0_4|scrub_on_correct,observed_macro_area_um2,201266.5968,um2,A10_LOGICAL_CONTROLS;A10_POSTROUTE_ACTIVITY_DIAGNOSTIC;SRC_SKYWATER_SKY130_PDK,POST_ROUTE_TOOL_ESTIMATE,42f04aa8894b812dd5b9445fd8ac3cf1a0d4aef4c374b249128cd1782fc4daac,7106bc2a8d7157a8940bcb279f56b88181bd5685fc35ebbcfe433122fdc45ae5,SKY130,UNDECLARED,W0_READ_DOMINANT_SEED,SB_MP_IMPLEMENTATION_ONLY,E4,DIAGNOSTIC,NOT_QUANTIFIED,campaigns/iscas_sustainability_extension/green_refoundation_node_aware_carbon/green_matrix_v2/GREEN_MATRIX_V2_RAW.csv,2026-09-08,TOOL_ESTIMATE,No matched independent characterization.
ME|MP|U0|PERSISTENT_SEQUENCE_1_2_0_4|scrub_on_correct|activity_coverage_fraction,MP|U0|PERSISTENT_SEQUENCE_1_2_0_4|scrub_on_correct,activity_coverage_fraction,0.4868421052631579,probability,A10_LOGICAL_CONTROLS;A10_POSTROUTE_ACTIVITY_DIAGNOSTIC;SRC_SKYWATER_SKY130_PDK,DERIVED_ACTIVITY_COVERAGE,42f04aa8894b812dd5b9445fd8ac3cf1a0d4aef4c374b249128cd1782fc4daac,7106bc2a8d7157a8940bcb279f56b88181bd5685fc35ebbcfe433122fdc45ae5,SKY130,UNDECLARED,W0_READ_DOMINANT_SEED,SB_MP_IMPLEMENTATION_ONLY,E3,DIAGNOSTIC,NOT_QUANTIFIED,campaigns/iscas_sustainability_extension/green_refoundation_node_aware_carbon/green_matrix_v2/GREEN_MATRIX_V2_RAW.csv,2026-09-08,DERIVED,Coverage is incomplete and is not workload energy.
ME|MP|U0|PERSISTENT_SEQUENCE_1_2_0_4|scrub_on_correct|diagnostic_tool_power_w,MP|U0|PERSISTENT_SEQUENCE_1_2_0_4|scrub_on_correct,diagnostic_tool_power_w,0.001893166452646,W,A10_LOGICAL_CONTROLS;A10_POSTROUTE_ACTIVITY_DIAGNOSTIC;SRC_SKYWATER_SKY130_PDK,POST_ROUTE_TOOL_DIAGNOSTIC,42f04aa8894b812dd5b9445fd8ac3cf1a0d4aef4c374b249128cd1782fc4daac,7106bc2a8d7157a8940bcb279f56b88181bd5685fc35ebbcfe433122fdc45ae5,SKY130,UNDECLARED,W0_READ_DOMINANT_SEED,SB_MP_IMPLEMENTATION_ONLY,E4,DIAGNOSTIC,NOT_QUANTIFIED,campaigns/iscas_sustainability_extension/green_refoundation_node_aware_carbon/green_matrix_v2/GREEN_MATRIX_V2_RAW.csv,2026-09-08,TOOL_ESTIMATE,Diagnostic power is not activity-qualified access energy.
ME|MP|U0|PERSISTENT_SEQUENCE_1_2_0_4|scrub_on_correct|logical_pattern_count,MP|U0|PERSISTENT_SEQUENCE_1_2_0_4|scrub_on_correct,logical_pattern_count,4,count,A10_LOGICAL_CONTROLS;A10_POSTROUTE_ACTIVITY_DIAGNOSTIC;SRC_SKYWATER_SKY130_PDK,EXACT_LOGICAL_ENUMERATION,42f04aa8894b812dd5b9445fd8ac3cf1a0d4aef4c374b249128cd1782fc4daac,7106bc2a8d7157a8940bcb279f56b88181bd5685fc35ebbcfe433122fdc45ae5,SKY130,UNDECLARED,W0_READ_DOMINANT_SEED,SB_MP_IMPLEMENTATION_ONLY,E3,LOGICAL_CONTROL,NOT_QUANTIFIED,campaigns/iscas_sustainability_extension/green_refoundation_node_aware_carbon/green_matrix_v2/GREEN_MATRIX_V2_RAW.csv,2026-09-08,DERIVED,Logical mask count is not a physical event rate.
ME|MP|U0|PERSISTENT_SEQUENCE_1_2_0_4|scrub_on_correct|logical_control_success_fraction,MP|U0|PERSISTENT_SEQUENCE_1_2_0_4|scrub_on_correct,logical_control_success_fraction,0,probability,A10_LOGICAL_CONTROLS;A10_POSTROUTE_ACTIVITY_DIAGNOSTIC;SRC_SKYWATER_SKY130_PDK,EXACT_LOGICAL_ENUMERATION,42f04aa8894b812dd5b9445fd8ac3cf1a0d4aef4c374b249128cd1782fc4daac,7106bc2a8d7157a8940bcb279f56b88181bd5685fc35ebbcfe433122fdc45ae5,SKY130,UNDECLARED,W0_READ_DOMINANT_SEED,SB_MP_IMPLEMENTATION_ONLY,E3,LOGICAL_CONTROL,NOT_QUANTIFIED,campaigns/iscas_sustainability_extension/green_refoundation_node_aware_carbon/green_matrix_v2/GREEN_MATRIX_V2_RAW.csv,2026-09-08,DERIVED,Conditioned on enumerated masks; no P(f).
ME|MP|U0|PERSISTENT_SEQUENCE_1_2_0_4|scrub_on_correct|logical_control_due_fraction,MP|U0|PERSISTENT_SEQUENCE_1_2_0_4|scrub_on_correct,logical_control_due_fraction,0,probability,A10_LOGICAL_CONTROLS;A10_POSTROUTE_ACTIVITY_DIAGNOSTIC;SRC_SKYWATER_SKY130_PDK,EXACT_LOGICAL_ENUMERATION,42f04aa8894b812dd5b9445fd8ac3cf1a0d4aef4c374b249128cd1782fc4daac,7106bc2a8d7157a8940bcb279f56b88181bd5685fc35ebbcfe433122fdc45ae5,SKY130,UNDECLARED,W0_READ_DOMINANT_SEED,SB_MP_IMPLEMENTATION_ONLY,E3,LOGICAL_CONTROL,NOT_QUANTIFIED,campaigns/iscas_sustainability_extension/green_refoundation_node_aware_carbon/green_matrix_v2/GREEN_MATRIX_V2_RAW.csv,2026-09-08,DERIVED,Conditioned on enumerated masks; no P(f).
ME|MP|U0|PERSISTENT_SEQUENCE_1_2_0_4|scrub_on_correct|logical_control_sdc_fraction,MP|U0|PERSISTENT_SEQUENCE_1_2_0_4|scrub_on_correct,logical_control_sdc_fraction,1,probability,A10_LOGICAL_CONTROLS;A10_POSTROUTE_ACTIVITY_DIAGNOSTIC;SRC_SKYWATER_SKY130_PDK,EXACT_LOGICAL_ENUMERATION,42f04aa8894b812dd5b9445fd8ac3cf1a0d4aef4c374b249128cd1782fc4daac,7106bc2a8d7157a8940bcb279f56b88181bd5685fc35ebbcfe433122fdc45ae5,SKY130,UNDECLARED,W0_READ_DOMINANT_SEED,SB_MP_IMPLEMENTATION_ONLY,E3,LOGICAL_CONTROL,NOT_QUANTIFIED,campaigns/iscas_sustainability_extension/green_refoundation_node_aware_carbon/green_matrix_v2/GREEN_MATRIX_V2_RAW.csv,2026-09-08,DERIVED,Conditioned on enumerated masks; no P(f).
ME|MP|U0|PERSISTENT_SEQUENCE_1_2_0_4|scrub_on_correct|logical_control_corrected_fraction,MP|U0|PERSISTENT_SEQUENCE_1_2_0_4|scrub_on_correct,logical_control_corrected_fraction,0,probability,A10_LOGICAL_CONTROLS;A10_POSTROUTE_ACTIVITY_DIAGNOSTIC;SRC_SKYWATER_SKY130_PDK,EXACT_LOGICAL_ENUMERATION,42f04aa8894b812dd5b9445fd8ac3cf1a0d4aef4c374b249128cd1782fc4daac,7106bc2a8d7157a8940bcb279f56b88181bd5685fc35ebbcfe433122fdc45ae5,SKY130,UNDECLARED,W0_READ_DOMINANT_SEED,SB_MP_IMPLEMENTATION_ONLY,E3,LOGICAL_CONTROL,NOT_QUANTIFIED,campaigns/iscas_sustainability_extension/green_refoundation_node_aware_carbon/green_matrix_v2/GREEN_MATRIX_V2_RAW.csv,2026-09-08,DERIVED,Conditioned on enumerated masks; no P(f).
ME|MP|U0|PERSISTENT_SEQUENCE_1_2_0_4|scrub_on_correct|logical_control_retry_fraction,MP|U0|PERSISTENT_SEQUENCE_1_2_0_4|scrub_on_correct,logical_control_retry_fraction,0,probability,A10_LOGICAL_CONTROLS;A10_POSTROUTE_ACTIVITY_DIAGNOSTIC;SRC_SKYWATER_SKY130_PDK,EXACT_LOGICAL_ENUMERATION,42f04aa8894b812dd5b9445fd8ac3cf1a0d4aef4c374b249128cd1782fc4daac,7106bc2a8d7157a8940bcb279f56b88181bd5685fc35ebbcfe433122fdc45ae5,SKY130,UNDECLARED,W0_READ_DOMINANT_SEED,SB_MP_IMPLEMENTATION_ONLY,E3,LOGICAL_CONTROL,NOT_QUANTIFIED,campaigns/iscas_sustainability_extension/green_refoundation_node_aware_carbon/green_matrix_v2/GREEN_MATRIX_V2_RAW.csv,2026-09-08,DERIVED,Conditioned on enumerated masks; no P(f).
ME|MP|U0|PERSISTENT_SEQUENCE_1_2_0_4|scrub_on_correct|latency_s,MP|U0|PERSISTENT_SEQUENCE_1_2_0_4|scrub_on_correct,latency_s,,s,A10_LOGICAL_CONTROLS;A10_POSTROUTE_ACTIVITY_DIAGNOSTIC;SRC_SKYWATER_SKY130_PDK,ABSENT,42f04aa8894b812dd5b9445fd8ac3cf1a0d4aef4c374b249128cd1782fc4daac,7106bc2a8d7157a8940bcb279f56b88181bd5685fc35ebbcfe433122fdc45ae5,SKY130,UNDECLARED,W0_READ_DOMINANT_SEED,REQUIRED_BOUNDARY_UNAVAILABLE,E0,UNQUALIFIED,MISSING,campaigns/iscas_sustainability_extension/green_refoundation_node_aware_carbon/green_matrix_v2/GREEN_MATRIX_V2_RAW.csv,2026-09-08,UNAVAILABLE,Latency is not measured for the declared service policy.
ME|MP|U0|PERSISTENT_SEQUENCE_1_2_0_4|scrub_on_correct|operational_energy_j,MP|U0|PERSISTENT_SEQUENCE_1_2_0_4|scrub_on_correct,operational_energy_j,,J,A10_LOGICAL_CONTROLS;A10_POSTROUTE_ACTIVITY_DIAGNOSTIC;SRC_SKYWATER_SKY130_PDK,ABSENT,42f04aa8894b812dd5b9445fd8ac3cf1a0d4aef4c374b249128cd1782fc4daac,7106bc2a8d7157a8940bcb279f56b88181bd5685fc35ebbcfe433122fdc45ae5,SKY130,UNDECLARED,W0_READ_DOMINANT_SEED,REQUIRED_BOUNDARY_UNAVAILABLE,E0,UNQUALIFIED,MISSING,campaigns/iscas_sustainability_extension/green_refoundation_node_aware_carbon/green_matrix_v2/GREEN_MATRIX_V2_RAW.csv,2026-09-08,UNAVAILABLE,Activity-qualified architecture energy is unavailable.
ME|MP|U0|PERSISTENT_SEQUENCE_1_2_0_4|scrub_on_correct|physical_fault_probability,MP|U0|PERSISTENT_SEQUENCE_1_2_0_4|scrub_on_correct,physical_fault_probability,,probability,A10_LOGICAL_CONTROLS;A10_POSTROUTE_ACTIVITY_DIAGNOSTIC;SRC_SKYWATER_SKY130_PDK,ABSENT,42f04aa8894b812dd5b9445fd8ac3cf1a0d4aef4c374b249128cd1782fc4daac,7106bc2a8d7157a8940bcb279f56b88181bd5685fc35ebbcfe433122fdc45ae5,SKY130,UNDECLARED,W0_READ_DOMINANT_SEED,REQUIRED_BOUNDARY_UNAVAILABLE,E0,UNQUALIFIED,MISSING,campaigns/iscas_sustainability_extension/green_refoundation_node_aware_carbon/green_matrix_v2/GREEN_MATRIX_V2_RAW.csv,2026-09-08,UNAVAILABLE,Physical SBU/DBU/MBU event probabilities are unavailable.
ME|MP|U0|PERSISTENT_SEQUENCE_1_2_0_4|scrub_on_correct|physical_sdc_probability,MP|U0|PERSISTENT_SEQUENCE_1_2_0_4|scrub_on_correct,physical_sdc_probability,,probability,A10_LOGICAL_CONTROLS;A10_POSTROUTE_ACTIVITY_DIAGNOSTIC;SRC_SKYWATER_SKY130_PDK,ABSENT,42f04aa8894b812dd5b9445fd8ac3cf1a0d4aef4c374b249128cd1782fc4daac,7106bc2a8d7157a8940bcb279f56b88181bd5685fc35ebbcfe433122fdc45ae5,SKY130,UNDECLARED,W0_READ_DOMINANT_SEED,REQUIRED_BOUNDARY_UNAVAILABLE,E0,UNQUALIFIED,MISSING,campaigns/iscas_sustainability_extension/green_refoundation_node_aware_carbon/green_matrix_v2/GREEN_MATRIX_V2_RAW.csv,2026-09-08,UNAVAILABLE,Logical mask frequencies cannot establish physical SDC.
ME|MP|U0|PERSISTENT_SEQUENCE_1_2_0_4|scrub_on_correct|physical_due_probability,MP|U0|PERSISTENT_SEQUENCE_1_2_0_4|scrub_on_correct,physical_due_probability,,probability,A10_LOGICAL_CONTROLS;A10_POSTROUTE_ACTIVITY_DIAGNOSTIC;SRC_SKYWATER_SKY130_PDK,ABSENT,42f04aa8894b812dd5b9445fd8ac3cf1a0d4aef4c374b249128cd1782fc4daac,7106bc2a8d7157a8940bcb279f56b88181bd5685fc35ebbcfe433122fdc45ae5,SKY130,UNDECLARED,W0_READ_DOMINANT_SEED,REQUIRED_BOUNDARY_UNAVAILABLE,E0,UNQUALIFIED,MISSING,campaigns/iscas_sustainability_extension/green_refoundation_node_aware_carbon/green_matrix_v2/GREEN_MATRIX_V2_RAW.csv,2026-09-08,UNAVAILABLE,Logical mask frequencies cannot establish physical DUE.
ME|MP|U0|PERSISTENT_SEQUENCE_1_2_0_4|scrub_on_correct|manufacturing_carbon_kgco2e,MP|U0|PERSISTENT_SEQUENCE_1_2_0_4|scrub_on_correct,manufacturing_carbon_kgco2e,,kgCO2e,SRC_SKYWATER_SKY130_PDK,ABSENT,42f04aa8894b812dd5b9445fd8ac3cf1a0d4aef4c374b249128cd1782fc4daac,7106bc2a8d7157a8940bcb279f56b88181bd5685fc35ebbcfe433122fdc45ae5,SKY130,UNDECLARED,W0_READ_DOMINANT_SEED,REQUIRED_BOUNDARY_UNAVAILABLE,E0,UNQUALIFIED,MISSING,campaigns/iscas_sustainability_extension/green_refoundation_node_aware_carbon/green_matrix_v2/GREEN_MATRIX_V2_RAW.csv,2026-09-08,UNAVAILABLE,Matched SKY130 manufacturing inventory is unavailable.
ME|MP|U0|PERSISTENT_SEQUENCE_1_2_0_4|periodic_2_steps|observed_macro_area_um2,MP|U0|PERSISTENT_SEQUENCE_1_2_0_4|periodic_2_steps,observed_macro_area_um2,201266.5968,um2,A10_LOGICAL_CONTROLS;A10_POSTROUTE_ACTIVITY_DIAGNOSTIC;SRC_SKYWATER_SKY130_PDK,POST_ROUTE_TOOL_ESTIMATE,d455d4e32d747104accae60a4758d3f3aed526cb04fe82b005e66e341f53e520,7106bc2a8d7157a8940bcb279f56b88181bd5685fc35ebbcfe433122fdc45ae5,SKY130,UNDECLARED,W0_READ_DOMINANT_SEED,SB_MP_IMPLEMENTATION_ONLY,E4,DIAGNOSTIC,NOT_QUANTIFIED,campaigns/iscas_sustainability_extension/green_refoundation_node_aware_carbon/green_matrix_v2/GREEN_MATRIX_V2_RAW.csv,2026-09-08,TOOL_ESTIMATE,No matched independent characterization.
ME|MP|U0|PERSISTENT_SEQUENCE_1_2_0_4|periodic_2_steps|activity_coverage_fraction,MP|U0|PERSISTENT_SEQUENCE_1_2_0_4|periodic_2_steps,activity_coverage_fraction,0.4868421052631579,probability,A10_LOGICAL_CONTROLS;A10_POSTROUTE_ACTIVITY_DIAGNOSTIC;SRC_SKYWATER_SKY130_PDK,DERIVED_ACTIVITY_COVERAGE,d455d4e32d747104accae60a4758d3f3aed526cb04fe82b005e66e341f53e520,7106bc2a8d7157a8940bcb279f56b88181bd5685fc35ebbcfe433122fdc45ae5,SKY130,UNDECLARED,W0_READ_DOMINANT_SEED,SB_MP_IMPLEMENTATION_ONLY,E3,DIAGNOSTIC,NOT_QUANTIFIED,campaigns/iscas_sustainability_extension/green_refoundation_node_aware_carbon/green_matrix_v2/GREEN_MATRIX_V2_RAW.csv,2026-09-08,DERIVED,Coverage is incomplete and is not workload energy.
ME|MP|U0|PERSISTENT_SEQUENCE_1_2_0_4|periodic_2_steps|diagnostic_tool_power_w,MP|U0|PERSISTENT_SEQUENCE_1_2_0_4|periodic_2_steps,diagnostic_tool_power_w,0.001893166452646,W,A10_LOGICAL_CONTROLS;A10_POSTROUTE_ACTIVITY_DIAGNOSTIC;SRC_SKYWATER_SKY130_PDK,POST_ROUTE_TOOL_DIAGNOSTIC,d455d4e32d747104accae60a4758d3f3aed526cb04fe82b005e66e341f53e520,7106bc2a8d7157a8940bcb279f56b88181bd5685fc35ebbcfe433122fdc45ae5,SKY130,UNDECLARED,W0_READ_DOMINANT_SEED,SB_MP_IMPLEMENTATION_ONLY,E4,DIAGNOSTIC,NOT_QUANTIFIED,campaigns/iscas_sustainability_extension/green_refoundation_node_aware_carbon/green_matrix_v2/GREEN_MATRIX_V2_RAW.csv,2026-09-08,TOOL_ESTIMATE,Diagnostic power is not activity-qualified access energy.
ME|MP|U0|PERSISTENT_SEQUENCE_1_2_0_4|periodic_2_steps|logical_pattern_count,MP|U0|PERSISTENT_SEQUENCE_1_2_0_4|periodic_2_steps,logical_pattern_count,4,count,A10_LOGICAL_CONTROLS;A10_POSTROUTE_ACTIVITY_DIAGNOSTIC;SRC_SKYWATER_SKY130_PDK,EXACT_LOGICAL_ENUMERATION,d455d4e32d747104accae60a4758d3f3aed526cb04fe82b005e66e341f53e520,7106bc2a8d7157a8940bcb279f56b88181bd5685fc35ebbcfe433122fdc45ae5,SKY130,UNDECLARED,W0_READ_DOMINANT_SEED,SB_MP_IMPLEMENTATION_ONLY,E3,LOGICAL_CONTROL,NOT_QUANTIFIED,campaigns/iscas_sustainability_extension/green_refoundation_node_aware_carbon/green_matrix_v2/GREEN_MATRIX_V2_RAW.csv,2026-09-08,DERIVED,Logical mask count is not a physical event rate.
ME|MP|U0|PERSISTENT_SEQUENCE_1_2_0_4|periodic_2_steps|logical_control_success_fraction,MP|U0|PERSISTENT_SEQUENCE_1_2_0_4|periodic_2_steps,logical_control_success_fraction,0,probability,A10_LOGICAL_CONTROLS;A10_POSTROUTE_ACTIVITY_DIAGNOSTIC;SRC_SKYWATER_SKY130_PDK,EXACT_LOGICAL_ENUMERATION,d455d4e32d747104accae60a4758d3f3aed526cb04fe82b005e66e341f53e520,7106bc2a8d7157a8940bcb279f56b88181bd5685fc35ebbcfe433122fdc45ae5,SKY130,UNDECLARED,W0_READ_DOMINANT_SEED,SB_MP_IMPLEMENTATION_ONLY,E3,LOGICAL_CONTROL,NOT_QUANTIFIED,campaigns/iscas_sustainability_extension/green_refoundation_node_aware_carbon/green_matrix_v2/GREEN_MATRIX_V2_RAW.csv,2026-09-08,DERIVED,Conditioned on enumerated masks; no P(f).
ME|MP|U0|PERSISTENT_SEQUENCE_1_2_0_4|periodic_2_steps|logical_control_due_fraction,MP|U0|PERSISTENT_SEQUENCE_1_2_0_4|periodic_2_steps,logical_control_due_fraction,0,probability,A10_LOGICAL_CONTROLS;A10_POSTROUTE_ACTIVITY_DIAGNOSTIC;SRC_SKYWATER_SKY130_PDK,EXACT_LOGICAL_ENUMERATION,d455d4e32d747104accae60a4758d3f3aed526cb04fe82b005e66e341f53e520,7106bc2a8d7157a8940bcb279f56b88181bd5685fc35ebbcfe433122fdc45ae5,SKY130,UNDECLARED,W0_READ_DOMINANT_SEED,SB_MP_IMPLEMENTATION_ONLY,E3,LOGICAL_CONTROL,NOT_QUANTIFIED,campaigns/iscas_sustainability_extension/green_refoundation_node_aware_carbon/green_matrix_v2/GREEN_MATRIX_V2_RAW.csv,2026-09-08,DERIVED,Conditioned on enumerated masks; no P(f).
ME|MP|U0|PERSISTENT_SEQUENCE_1_2_0_4|periodic_2_steps|logical_control_sdc_fraction,MP|U0|PERSISTENT_SEQUENCE_1_2_0_4|periodic_2_steps,logical_control_sdc_fraction,1,probability,A10_LOGICAL_CONTROLS;A10_POSTROUTE_ACTIVITY_DIAGNOSTIC;SRC_SKYWATER_SKY130_PDK,EXACT_LOGICAL_ENUMERATION,d455d4e32d747104accae60a4758d3f3aed526cb04fe82b005e66e341f53e520,7106bc2a8d7157a8940bcb279f56b88181bd5685fc35ebbcfe433122fdc45ae5,SKY130,UNDECLARED,W0_READ_DOMINANT_SEED,SB_MP_IMPLEMENTATION_ONLY,E3,LOGICAL_CONTROL,NOT_QUANTIFIED,campaigns/iscas_sustainability_extension/green_refoundation_node_aware_carbon/green_matrix_v2/GREEN_MATRIX_V2_RAW.csv,2026-09-08,DERIVED,Conditioned on enumerated masks; no P(f).
ME|MP|U0|PERSISTENT_SEQUENCE_1_2_0_4|periodic_2_steps|logical_control_corrected_fraction,MP|U0|PERSISTENT_SEQUENCE_1_2_0_4|periodic_2_steps,logical_control_corrected_fraction,0,probability,A10_LOGICAL_CONTROLS;A10_POSTROUTE_ACTIVITY_DIAGNOSTIC;SRC_SKYWATER_SKY130_PDK,EXACT_LOGICAL_ENUMERATION,d455d4e32d747104accae60a4758d3f3aed526cb04fe82b005e66e341f53e520,7106bc2a8d7157a8940bcb279f56b88181bd5685fc35ebbcfe433122fdc45ae5,SKY130,UNDECLARED,W0_READ_DOMINANT_SEED,SB_MP_IMPLEMENTATION_ONLY,E3,LOGICAL_CONTROL,NOT_QUANTIFIED,campaigns/iscas_sustainability_extension/green_refoundation_node_aware_carbon/green_matrix_v2/GREEN_MATRIX_V2_RAW.csv,2026-09-08,DERIVED,Conditioned on enumerated masks; no P(f).
ME|MP|U0|PERSISTENT_SEQUENCE_1_2_0_4|periodic_2_steps|logical_control_retry_fraction,MP|U0|PERSISTENT_SEQUENCE_1_2_0_4|periodic_2_steps,logical_control_retry_fraction,0,probability,A10_LOGICAL_CONTROLS;A10_POSTROUTE_ACTIVITY_DIAGNOSTIC;SRC_SKYWATER_SKY130_PDK,EXACT_LOGICAL_ENUMERATION,d455d4e32d747104accae60a4758d3f3aed526cb04fe82b005e66e341f53e520,7106bc2a8d7157a8940bcb279f56b88181bd5685fc35ebbcfe433122fdc45ae5,SKY130,UNDECLARED,W0_READ_DOMINANT_SEED,SB_MP_IMPLEMENTATION_ONLY,E3,LOGICAL_CONTROL,NOT_QUANTIFIED,campaigns/iscas_sustainability_extension/green_refoundation_node_aware_carbon/green_matrix_v2/GREEN_MATRIX_V2_RAW.csv,2026-09-08,DERIVED,Conditioned on enumerated masks; no P(f).
ME|MP|U0|PERSISTENT_SEQUENCE_1_2_0_4|periodic_2_steps|latency_s,MP|U0|PERSISTENT_SEQUENCE_1_2_0_4|periodic_2_steps,latency_s,,s,A10_LOGICAL_CONTROLS;A10_POSTROUTE_ACTIVITY_DIAGNOSTIC;SRC_SKYWATER_SKY130_PDK,ABSENT,d455d4e32d747104accae60a4758d3f3aed526cb04fe82b005e66e341f53e520,7106bc2a8d7157a8940bcb279f56b88181bd5685fc35ebbcfe433122fdc45ae5,SKY130,UNDECLARED,W0_READ_DOMINANT_SEED,REQUIRED_BOUNDARY_UNAVAILABLE,E0,UNQUALIFIED,MISSING,campaigns/iscas_sustainability_extension/green_refoundation_node_aware_carbon/green_matrix_v2/GREEN_MATRIX_V2_RAW.csv,2026-09-08,UNAVAILABLE,Latency is not measured for the declared service policy.
ME|MP|U0|PERSISTENT_SEQUENCE_1_2_0_4|periodic_2_steps|operational_energy_j,MP|U0|PERSISTENT_SEQUENCE_1_2_0_4|periodic_2_steps,operational_energy_j,,J,A10_LOGICAL_CONTROLS;A10_POSTROUTE_ACTIVITY_DIAGNOSTIC;SRC_SKYWATER_SKY130_PDK,ABSENT,d455d4e32d747104accae60a4758d3f3aed526cb04fe82b005e66e341f53e520,7106bc2a8d7157a8940bcb279f56b88181bd5685fc35ebbcfe433122fdc45ae5,SKY130,UNDECLARED,W0_READ_DOMINANT_SEED,REQUIRED_BOUNDARY_UNAVAILABLE,E0,UNQUALIFIED,MISSING,campaigns/iscas_sustainability_extension/green_refoundation_node_aware_carbon/green_matrix_v2/GREEN_MATRIX_V2_RAW.csv,2026-09-08,UNAVAILABLE,Activity-qualified architecture energy is unavailable.
ME|MP|U0|PERSISTENT_SEQUENCE_1_2_0_4|periodic_2_steps|physical_fault_probability,MP|U0|PERSISTENT_SEQUENCE_1_2_0_4|periodic_2_steps,physical_fault_probability,,probability,A10_LOGICAL_CONTROLS;A10_POSTROUTE_ACTIVITY_DIAGNOSTIC;SRC_SKYWATER_SKY130_PDK,ABSENT,d455d4e32d747104accae60a4758d3f3aed526cb04fe82b005e66e341f53e520,7106bc2a8d7157a8940bcb279f56b88181bd5685fc35ebbcfe433122fdc45ae5,SKY130,UNDECLARED,W0_READ_DOMINANT_SEED,REQUIRED_BOUNDARY_UNAVAILABLE,E0,UNQUALIFIED,MISSING,campaigns/iscas_sustainability_extension/green_refoundation_node_aware_carbon/green_matrix_v2/GREEN_MATRIX_V2_RAW.csv,2026-09-08,UNAVAILABLE,Physical SBU/DBU/MBU event probabilities are unavailable.
ME|MP|U0|PERSISTENT_SEQUENCE_1_2_0_4|periodic_2_steps|physical_sdc_probability,MP|U0|PERSISTENT_SEQUENCE_1_2_0_4|periodic_2_steps,physical_sdc_probability,,probability,A10_LOGICAL_CONTROLS;A10_POSTROUTE_ACTIVITY_DIAGNOSTIC;SRC_SKYWATER_SKY130_PDK,ABSENT,d455d4e32d747104accae60a4758d3f3aed526cb04fe82b005e66e341f53e520,7106bc2a8d7157a8940bcb279f56b88181bd5685fc35ebbcfe433122fdc45ae5,SKY130,UNDECLARED,W0_READ_DOMINANT_SEED,REQUIRED_BOUNDARY_UNAVAILABLE,E0,UNQUALIFIED,MISSING,campaigns/iscas_sustainability_extension/green_refoundation_node_aware_carbon/green_matrix_v2/GREEN_MATRIX_V2_RAW.csv,2026-09-08,UNAVAILABLE,Logical mask frequencies cannot establish physical SDC.
ME|MP|U0|PERSISTENT_SEQUENCE_1_2_0_4|periodic_2_steps|physical_due_probability,MP|U0|PERSISTENT_SEQUENCE_1_2_0_4|periodic_2_steps,physical_due_probability,,probability,A10_LOGICAL_CONTROLS;A10_POSTROUTE_ACTIVITY_DIAGNOSTIC;SRC_SKYWATER_SKY130_PDK,ABSENT,d455d4e32d747104accae60a4758d3f3aed526cb04fe82b005e66e341f53e520,7106bc2a8d7157a8940bcb279f56b88181bd5685fc35ebbcfe433122fdc45ae5,SKY130,UNDECLARED,W0_READ_DOMINANT_SEED,REQUIRED_BOUNDARY_UNAVAILABLE,E0,UNQUALIFIED,MISSING,campaigns/iscas_sustainability_extension/green_refoundation_node_aware_carbon/green_matrix_v2/GREEN_MATRIX_V2_RAW.csv,2026-09-08,UNAVAILABLE,Logical mask frequencies cannot establish physical DUE.
ME|MP|U0|PERSISTENT_SEQUENCE_1_2_0_4|periodic_2_steps|manufacturing_carbon_kgco2e,MP|U0|PERSISTENT_SEQUENCE_1_2_0_4|periodic_2_steps,manufacturing_carbon_kgco2e,,kgCO2e,SRC_SKYWATER_SKY130_PDK,ABSENT,d455d4e32d747104accae60a4758d3f3aed526cb04fe82b005e66e341f53e520,7106bc2a8d7157a8940bcb279f56b88181bd5685fc35ebbcfe433122fdc45ae5,SKY130,UNDECLARED,W0_READ_DOMINANT_SEED,REQUIRED_BOUNDARY_UNAVAILABLE,E0,UNQUALIFIED,MISSING,campaigns/iscas_sustainability_extension/green_refoundation_node_aware_carbon/green_matrix_v2/GREEN_MATRIX_V2_RAW.csv,2026-09-08,UNAVAILABLE,Matched SKY130 manufacturing inventory is unavailable.
ME|MP|E0|PERSISTENT_SEQUENCE_1_2_0_4|none|observed_macro_area_um2,MP|E0|PERSISTENT_SEQUENCE_1_2_0_4|none,observed_macro_area_um2,260331.5664,um2,A10_LOGICAL_CONTROLS;A10_POSTROUTE_ACTIVITY_DIAGNOSTIC;SRC_SKYWATER_SKY130_PDK,POST_ROUTE_TOOL_ESTIMATE,14987ebf03c45b64a3a3e88d1aefcc6be3e1afe5baecb2f25348b5582b0517c8,7106bc2a8d7157a8940bcb279f56b88181bd5685fc35ebbcfe433122fdc45ae5,SKY130,UNDECLARED,W0_READ_DOMINANT_SEED,SB_MP_IMPLEMENTATION_ONLY,E4,DIAGNOSTIC,NOT_QUANTIFIED,campaigns/iscas_sustainability_extension/green_refoundation_node_aware_carbon/green_matrix_v2/GREEN_MATRIX_V2_RAW.csv,2026-09-08,TOOL_ESTIMATE,No matched independent characterization.
ME|MP|E0|PERSISTENT_SEQUENCE_1_2_0_4|none|activity_coverage_fraction,MP|E0|PERSISTENT_SEQUENCE_1_2_0_4|none,activity_coverage_fraction,0.043451652386780906,probability,A10_LOGICAL_CONTROLS;A10_POSTROUTE_ACTIVITY_DIAGNOSTIC;SRC_SKYWATER_SKY130_PDK,DERIVED_ACTIVITY_COVERAGE,14987ebf03c45b64a3a3e88d1aefcc6be3e1afe5baecb2f25348b5582b0517c8,7106bc2a8d7157a8940bcb279f56b88181bd5685fc35ebbcfe433122fdc45ae5,SKY130,UNDECLARED,W0_READ_DOMINANT_SEED,SB_MP_IMPLEMENTATION_ONLY,E3,DIAGNOSTIC,NOT_QUANTIFIED,campaigns/iscas_sustainability_extension/green_refoundation_node_aware_carbon/green_matrix_v2/GREEN_MATRIX_V2_RAW.csv,2026-09-08,DERIVED,Coverage is incomplete and is not workload energy.
ME|MP|E0|PERSISTENT_SEQUENCE_1_2_0_4|none|diagnostic_tool_power_w,MP|E0|PERSISTENT_SEQUENCE_1_2_0_4|none,diagnostic_tool_power_w,0.005495859775692,W,A10_LOGICAL_CONTROLS;A10_POSTROUTE_ACTIVITY_DIAGNOSTIC;SRC_SKYWATER_SKY130_PDK,POST_ROUTE_TOOL_DIAGNOSTIC,14987ebf03c45b64a3a3e88d1aefcc6be3e1afe5baecb2f25348b5582b0517c8,7106bc2a8d7157a8940bcb279f56b88181bd5685fc35ebbcfe433122fdc45ae5,SKY130,UNDECLARED,W0_READ_DOMINANT_SEED,SB_MP_IMPLEMENTATION_ONLY,E4,DIAGNOSTIC,NOT_QUANTIFIED,campaigns/iscas_sustainability_extension/green_refoundation_node_aware_carbon/green_matrix_v2/GREEN_MATRIX_V2_RAW.csv,2026-09-08,TOOL_ESTIMATE,Diagnostic power is not activity-qualified access energy.
ME|MP|E0|PERSISTENT_SEQUENCE_1_2_0_4|none|logical_pattern_count,MP|E0|PERSISTENT_SEQUENCE_1_2_0_4|none,logical_pattern_count,4,count,A10_LOGICAL_CONTROLS;A10_POSTROUTE_ACTIVITY_DIAGNOSTIC;SRC_SKYWATER_SKY130_PDK,EXACT_LOGICAL_ENUMERATION,14987ebf03c45b64a3a3e88d1aefcc6be3e1afe5baecb2f25348b5582b0517c8,7106bc2a8d7157a8940bcb279f56b88181bd5685fc35ebbcfe433122fdc45ae5,SKY130,UNDECLARED,W0_READ_DOMINANT_SEED,SB_MP_IMPLEMENTATION_ONLY,E3,LOGICAL_CONTROL,NOT_QUANTIFIED,campaigns/iscas_sustainability_extension/green_refoundation_node_aware_carbon/green_matrix_v2/GREEN_MATRIX_V2_RAW.csv,2026-09-08,DERIVED,Logical mask count is not a physical event rate.
ME|MP|E0|PERSISTENT_SEQUENCE_1_2_0_4|none|logical_control_success_fraction,MP|E0|PERSISTENT_SEQUENCE_1_2_0_4|none,logical_control_success_fraction,0.25,probability,A10_LOGICAL_CONTROLS;A10_POSTROUTE_ACTIVITY_DIAGNOSTIC;SRC_SKYWATER_SKY130_PDK,EXACT_LOGICAL_ENUMERATION,14987ebf03c45b64a3a3e88d1aefcc6be3e1afe5baecb2f25348b5582b0517c8,7106bc2a8d7157a8940bcb279f56b88181bd5685fc35ebbcfe433122fdc45ae5,SKY130,UNDECLARED,W0_READ_DOMINANT_SEED,SB_MP_IMPLEMENTATION_ONLY,E3,LOGICAL_CONTROL,NOT_QUANTIFIED,campaigns/iscas_sustainability_extension/green_refoundation_node_aware_carbon/green_matrix_v2/GREEN_MATRIX_V2_RAW.csv,2026-09-08,DERIVED,Conditioned on enumerated masks; no P(f).
ME|MP|E0|PERSISTENT_SEQUENCE_1_2_0_4|none|logical_control_due_fraction,MP|E0|PERSISTENT_SEQUENCE_1_2_0_4|none,logical_control_due_fraction,0.5,probability,A10_LOGICAL_CONTROLS;A10_POSTROUTE_ACTIVITY_DIAGNOSTIC;SRC_SKYWATER_SKY130_PDK,EXACT_LOGICAL_ENUMERATION,14987ebf03c45b64a3a3e88d1aefcc6be3e1afe5baecb2f25348b5582b0517c8,7106bc2a8d7157a8940bcb279f56b88181bd5685fc35ebbcfe433122fdc45ae5,SKY130,UNDECLARED,W0_READ_DOMINANT_SEED,SB_MP_IMPLEMENTATION_ONLY,E3,LOGICAL_CONTROL,NOT_QUANTIFIED,campaigns/iscas_sustainability_extension/green_refoundation_node_aware_carbon/green_matrix_v2/GREEN_MATRIX_V2_RAW.csv,2026-09-08,DERIVED,Conditioned on enumerated masks; no P(f).
ME|MP|E0|PERSISTENT_SEQUENCE_1_2_0_4|none|logical_control_sdc_fraction,MP|E0|PERSISTENT_SEQUENCE_1_2_0_4|none,logical_control_sdc_fraction,0.25,probability,A10_LOGICAL_CONTROLS;A10_POSTROUTE_ACTIVITY_DIAGNOSTIC;SRC_SKYWATER_SKY130_PDK,EXACT_LOGICAL_ENUMERATION,14987ebf03c45b64a3a3e88d1aefcc6be3e1afe5baecb2f25348b5582b0517c8,7106bc2a8d7157a8940bcb279f56b88181bd5685fc35ebbcfe433122fdc45ae5,SKY130,UNDECLARED,W0_READ_DOMINANT_SEED,SB_MP_IMPLEMENTATION_ONLY,E3,LOGICAL_CONTROL,NOT_QUANTIFIED,campaigns/iscas_sustainability_extension/green_refoundation_node_aware_carbon/green_matrix_v2/GREEN_MATRIX_V2_RAW.csv,2026-09-08,DERIVED,Conditioned on enumerated masks; no P(f).
ME|MP|E0|PERSISTENT_SEQUENCE_1_2_0_4|none|logical_control_corrected_fraction,MP|E0|PERSISTENT_SEQUENCE_1_2_0_4|none,logical_control_corrected_fraction,0.25,probability,A10_LOGICAL_CONTROLS;A10_POSTROUTE_ACTIVITY_DIAGNOSTIC;SRC_SKYWATER_SKY130_PDK,EXACT_LOGICAL_ENUMERATION,14987ebf03c45b64a3a3e88d1aefcc6be3e1afe5baecb2f25348b5582b0517c8,7106bc2a8d7157a8940bcb279f56b88181bd5685fc35ebbcfe433122fdc45ae5,SKY130,UNDECLARED,W0_READ_DOMINANT_SEED,SB_MP_IMPLEMENTATION_ONLY,E3,LOGICAL_CONTROL,NOT_QUANTIFIED,campaigns/iscas_sustainability_extension/green_refoundation_node_aware_carbon/green_matrix_v2/GREEN_MATRIX_V2_RAW.csv,2026-09-08,DERIVED,Conditioned on enumerated masks; no P(f).
ME|MP|E0|PERSISTENT_SEQUENCE_1_2_0_4|none|logical_control_retry_fraction,MP|E0|PERSISTENT_SEQUENCE_1_2_0_4|none,logical_control_retry_fraction,0,probability,A10_LOGICAL_CONTROLS;A10_POSTROUTE_ACTIVITY_DIAGNOSTIC;SRC_SKYWATER_SKY130_PDK,EXACT_LOGICAL_ENUMERATION,14987ebf03c45b64a3a3e88d1aefcc6be3e1afe5baecb2f25348b5582b0517c8,7106bc2a8d7157a8940bcb279f56b88181bd5685fc35ebbcfe433122fdc45ae5,SKY130,UNDECLARED,W0_READ_DOMINANT_SEED,SB_MP_IMPLEMENTATION_ONLY,E3,LOGICAL_CONTROL,NOT_QUANTIFIED,campaigns/iscas_sustainability_extension/green_refoundation_node_aware_carbon/green_matrix_v2/GREEN_MATRIX_V2_RAW.csv,2026-09-08,DERIVED,Conditioned on enumerated masks; no P(f).
ME|MP|E0|PERSISTENT_SEQUENCE_1_2_0_4|none|latency_s,MP|E0|PERSISTENT_SEQUENCE_1_2_0_4|none,latency_s,,s,A10_LOGICAL_CONTROLS;A10_POSTROUTE_ACTIVITY_DIAGNOSTIC;SRC_SKYWATER_SKY130_PDK,ABSENT,14987ebf03c45b64a3a3e88d1aefcc6be3e1afe5baecb2f25348b5582b0517c8,7106bc2a8d7157a8940bcb279f56b88181bd5685fc35ebbcfe433122fdc45ae5,SKY130,UNDECLARED,W0_READ_DOMINANT_SEED,REQUIRED_BOUNDARY_UNAVAILABLE,E0,UNQUALIFIED,MISSING,campaigns/iscas_sustainability_extension/green_refoundation_node_aware_carbon/green_matrix_v2/GREEN_MATRIX_V2_RAW.csv,2026-09-08,UNAVAILABLE,Latency is not measured for the declared service policy.
ME|MP|E0|PERSISTENT_SEQUENCE_1_2_0_4|none|operational_energy_j,MP|E0|PERSISTENT_SEQUENCE_1_2_0_4|none,operational_energy_j,,J,A10_LOGICAL_CONTROLS;A10_POSTROUTE_ACTIVITY_DIAGNOSTIC;SRC_SKYWATER_SKY130_PDK,ABSENT,14987ebf03c45b64a3a3e88d1aefcc6be3e1afe5baecb2f25348b5582b0517c8,7106bc2a8d7157a8940bcb279f56b88181bd5685fc35ebbcfe433122fdc45ae5,SKY130,UNDECLARED,W0_READ_DOMINANT_SEED,REQUIRED_BOUNDARY_UNAVAILABLE,E0,UNQUALIFIED,MISSING,campaigns/iscas_sustainability_extension/green_refoundation_node_aware_carbon/green_matrix_v2/GREEN_MATRIX_V2_RAW.csv,2026-09-08,UNAVAILABLE,Activity-qualified architecture energy is unavailable.
ME|MP|E0|PERSISTENT_SEQUENCE_1_2_0_4|none|physical_fault_probability,MP|E0|PERSISTENT_SEQUENCE_1_2_0_4|none,physical_fault_probability,,probability,A10_LOGICAL_CONTROLS;A10_POSTROUTE_ACTIVITY_DIAGNOSTIC;SRC_SKYWATER_SKY130_PDK,ABSENT,14987ebf03c45b64a3a3e88d1aefcc6be3e1afe5baecb2f25348b5582b0517c8,7106bc2a8d7157a8940bcb279f56b88181bd5685fc35ebbcfe433122fdc45ae5,SKY130,UNDECLARED,W0_READ_DOMINANT_SEED,REQUIRED_BOUNDARY_UNAVAILABLE,E0,UNQUALIFIED,MISSING,campaigns/iscas_sustainability_extension/green_refoundation_node_aware_carbon/green_matrix_v2/GREEN_MATRIX_V2_RAW.csv,2026-09-08,UNAVAILABLE,Physical SBU/DBU/MBU event probabilities are unavailable.
ME|MP|E0|PERSISTENT_SEQUENCE_1_2_0_4|none|physical_sdc_probability,MP|E0|PERSISTENT_SEQUENCE_1_2_0_4|none,physical_sdc_probability,,probability,A10_LOGICAL_CONTROLS;A10_POSTROUTE_ACTIVITY_DIAGNOSTIC;SRC_SKYWATER_SKY130_PDK,ABSENT,14987ebf03c45b64a3a3e88d1aefcc6be3e1afe5baecb2f25348b5582b0517c8,7106bc2a8d7157a8940bcb279f56b88181bd5685fc35ebbcfe433122fdc45ae5,SKY130,UNDECLARED,W0_READ_DOMINANT_SEED,REQUIRED_BOUNDARY_UNAVAILABLE,E0,UNQUALIFIED,MISSING,campaigns/iscas_sustainability_extension/green_refoundation_node_aware_carbon/green_matrix_v2/GREEN_MATRIX_V2_RAW.csv,2026-09-08,UNAVAILABLE,Logical mask frequencies cannot establish physical SDC.
ME|MP|E0|PERSISTENT_SEQUENCE_1_2_0_4|none|physical_due_probability,MP|E0|PERSISTENT_SEQUENCE_1_2_0_4|none,physical_due_probability,,probability,A10_LOGICAL_CONTROLS;A10_POSTROUTE_ACTIVITY_DIAGNOSTIC;SRC_SKYWATER_SKY130_PDK,ABSENT,14987ebf03c45b64a3a3e88d1aefcc6be3e1afe5baecb2f25348b5582b0517c8,7106bc2a8d7157a8940bcb279f56b88181bd5685fc35ebbcfe433122fdc45ae5,SKY130,UNDECLARED,W0_READ_DOMINANT_SEED,REQUIRED_BOUNDARY_UNAVAILABLE,E0,UNQUALIFIED,MISSING,campaigns/iscas_sustainability_extension/green_refoundation_node_aware_carbon/green_matrix_v2/GREEN_MATRIX_V2_RAW.csv,2026-09-08,UNAVAILABLE,Logical mask frequencies cannot establish physical DUE.
ME|MP|E0|PERSISTENT_SEQUENCE_1_2_0_4|none|manufacturing_carbon_kgco2e,MP|E0|PERSISTENT_SEQUENCE_1_2_0_4|none,manufacturing_carbon_kgco2e,,kgCO2e,SRC_SKYWATER_SKY130_PDK,ABSENT,14987ebf03c45b64a3a3e88d1aefcc6be3e1afe5baecb2f25348b5582b0517c8,7106bc2a8d7157a8940bcb279f56b88181bd5685fc35ebbcfe433122fdc45ae5,SKY130,UNDECLARED,W0_READ_DOMINANT_SEED,REQUIRED_BOUNDARY_UNAVAILABLE,E0,UNQUALIFIED,MISSING,campaigns/iscas_sustainability_extension/green_refoundation_node_aware_carbon/green_matrix_v2/GREEN_MATRIX_V2_RAW.csv,2026-09-08,UNAVAILABLE,Matched SKY130 manufacturing inventory is unavailable.
ME|MP|E0|PERSISTENT_SEQUENCE_1_2_0_4|scrub_on_correct|observed_macro_area_um2,MP|E0|PERSISTENT_SEQUENCE_1_2_0_4|scrub_on_correct,observed_macro_area_um2,260331.5664,um2,A10_LOGICAL_CONTROLS;A10_POSTROUTE_ACTIVITY_DIAGNOSTIC;SRC_SKYWATER_SKY130_PDK,POST_ROUTE_TOOL_ESTIMATE,59b82aec8dfffa553645b418b0a1100d1194bf3ca2fddc27ac4199623adf7e62,7106bc2a8d7157a8940bcb279f56b88181bd5685fc35ebbcfe433122fdc45ae5,SKY130,UNDECLARED,W0_READ_DOMINANT_SEED,SB_MP_IMPLEMENTATION_ONLY,E4,DIAGNOSTIC,NOT_QUANTIFIED,campaigns/iscas_sustainability_extension/green_refoundation_node_aware_carbon/green_matrix_v2/GREEN_MATRIX_V2_RAW.csv,2026-09-08,TOOL_ESTIMATE,No matched independent characterization.
ME|MP|E0|PERSISTENT_SEQUENCE_1_2_0_4|scrub_on_correct|activity_coverage_fraction,MP|E0|PERSISTENT_SEQUENCE_1_2_0_4|scrub_on_correct,activity_coverage_fraction,0.043451652386780906,probability,A10_LOGICAL_CONTROLS;A10_POSTROUTE_ACTIVITY_DIAGNOSTIC;SRC_SKYWATER_SKY130_PDK,DERIVED_ACTIVITY_COVERAGE,59b82aec8dfffa553645b418b0a1100d1194bf3ca2fddc27ac4199623adf7e62,7106bc2a8d7157a8940bcb279f56b88181bd5685fc35ebbcfe433122fdc45ae5,SKY130,UNDECLARED,W0_READ_DOMINANT_SEED,SB_MP_IMPLEMENTATION_ONLY,E3,DIAGNOSTIC,NOT_QUANTIFIED,campaigns/iscas_sustainability_extension/green_refoundation_node_aware_carbon/green_matrix_v2/GREEN_MATRIX_V2_RAW.csv,2026-09-08,DERIVED,Coverage is incomplete and is not workload energy.
ME|MP|E0|PERSISTENT_SEQUENCE_1_2_0_4|scrub_on_correct|diagnostic_tool_power_w,MP|E0|PERSISTENT_SEQUENCE_1_2_0_4|scrub_on_correct,diagnostic_tool_power_w,0.005495859775692,W,A10_LOGICAL_CONTROLS;A10_POSTROUTE_ACTIVITY_DIAGNOSTIC;SRC_SKYWATER_SKY130_PDK,POST_ROUTE_TOOL_DIAGNOSTIC,59b82aec8dfffa553645b418b0a1100d1194bf3ca2fddc27ac4199623adf7e62,7106bc2a8d7157a8940bcb279f56b88181bd5685fc35ebbcfe433122fdc45ae5,SKY130,UNDECLARED,W0_READ_DOMINANT_SEED,SB_MP_IMPLEMENTATION_ONLY,E4,DIAGNOSTIC,NOT_QUANTIFIED,campaigns/iscas_sustainability_extension/green_refoundation_node_aware_carbon/green_matrix_v2/GREEN_MATRIX_V2_RAW.csv,2026-09-08,TOOL_ESTIMATE,Diagnostic power is not activity-qualified access energy.
ME|MP|E0|PERSISTENT_SEQUENCE_1_2_0_4|scrub_on_correct|logical_pattern_count,MP|E0|PERSISTENT_SEQUENCE_1_2_0_4|scrub_on_correct,logical_pattern_count,4,count,A10_LOGICAL_CONTROLS;A10_POSTROUTE_ACTIVITY_DIAGNOSTIC;SRC_SKYWATER_SKY130_PDK,EXACT_LOGICAL_ENUMERATION,59b82aec8dfffa553645b418b0a1100d1194bf3ca2fddc27ac4199623adf7e62,7106bc2a8d7157a8940bcb279f56b88181bd5685fc35ebbcfe433122fdc45ae5,SKY130,UNDECLARED,W0_READ_DOMINANT_SEED,SB_MP_IMPLEMENTATION_ONLY,E3,LOGICAL_CONTROL,NOT_QUANTIFIED,campaigns/iscas_sustainability_extension/green_refoundation_node_aware_carbon/green_matrix_v2/GREEN_MATRIX_V2_RAW.csv,2026-09-08,DERIVED,Logical mask count is not a physical event rate.
ME|MP|E0|PERSISTENT_SEQUENCE_1_2_0_4|scrub_on_correct|logical_control_success_fraction,MP|E0|PERSISTENT_SEQUENCE_1_2_0_4|scrub_on_correct,logical_control_success_fraction,1,probability,A10_LOGICAL_CONTROLS;A10_POSTROUTE_ACTIVITY_DIAGNOSTIC;SRC_SKYWATER_SKY130_PDK,EXACT_LOGICAL_ENUMERATION,59b82aec8dfffa553645b418b0a1100d1194bf3ca2fddc27ac4199623adf7e62,7106bc2a8d7157a8940bcb279f56b88181bd5685fc35ebbcfe433122fdc45ae5,SKY130,UNDECLARED,W0_READ_DOMINANT_SEED,SB_MP_IMPLEMENTATION_ONLY,E3,LOGICAL_CONTROL,NOT_QUANTIFIED,campaigns/iscas_sustainability_extension/green_refoundation_node_aware_carbon/green_matrix_v2/GREEN_MATRIX_V2_RAW.csv,2026-09-08,DERIVED,Conditioned on enumerated masks; no P(f).
ME|MP|E0|PERSISTENT_SEQUENCE_1_2_0_4|scrub_on_correct|logical_control_due_fraction,MP|E0|PERSISTENT_SEQUENCE_1_2_0_4|scrub_on_correct,logical_control_due_fraction,0,probability,A10_LOGICAL_CONTROLS;A10_POSTROUTE_ACTIVITY_DIAGNOSTIC;SRC_SKYWATER_SKY130_PDK,EXACT_LOGICAL_ENUMERATION,59b82aec8dfffa553645b418b0a1100d1194bf3ca2fddc27ac4199623adf7e62,7106bc2a8d7157a8940bcb279f56b88181bd5685fc35ebbcfe433122fdc45ae5,SKY130,UNDECLARED,W0_READ_DOMINANT_SEED,SB_MP_IMPLEMENTATION_ONLY,E3,LOGICAL_CONTROL,NOT_QUANTIFIED,campaigns/iscas_sustainability_extension/green_refoundation_node_aware_carbon/green_matrix_v2/GREEN_MATRIX_V2_RAW.csv,2026-09-08,DERIVED,Conditioned on enumerated masks; no P(f).
ME|MP|E0|PERSISTENT_SEQUENCE_1_2_0_4|scrub_on_correct|logical_control_sdc_fraction,MP|E0|PERSISTENT_SEQUENCE_1_2_0_4|scrub_on_correct,logical_control_sdc_fraction,0,probability,A10_LOGICAL_CONTROLS;A10_POSTROUTE_ACTIVITY_DIAGNOSTIC;SRC_SKYWATER_SKY130_PDK,EXACT_LOGICAL_ENUMERATION,59b82aec8dfffa553645b418b0a1100d1194bf3ca2fddc27ac4199623adf7e62,7106bc2a8d7157a8940bcb279f56b88181bd5685fc35ebbcfe433122fdc45ae5,SKY130,UNDECLARED,W0_READ_DOMINANT_SEED,SB_MP_IMPLEMENTATION_ONLY,E3,LOGICAL_CONTROL,NOT_QUANTIFIED,campaigns/iscas_sustainability_extension/green_refoundation_node_aware_carbon/green_matrix_v2/GREEN_MATRIX_V2_RAW.csv,2026-09-08,DERIVED,Conditioned on enumerated masks; no P(f).
ME|MP|E0|PERSISTENT_SEQUENCE_1_2_0_4|scrub_on_correct|logical_control_corrected_fraction,MP|E0|PERSISTENT_SEQUENCE_1_2_0_4|scrub_on_correct,logical_control_corrected_fraction,0.75,probability,A10_LOGICAL_CONTROLS;A10_POSTROUTE_ACTIVITY_DIAGNOSTIC;SRC_SKYWATER_SKY130_PDK,EXACT_LOGICAL_ENUMERATION,59b82aec8dfffa553645b418b0a1100d1194bf3ca2fddc27ac4199623adf7e62,7106bc2a8d7157a8940bcb279f56b88181bd5685fc35ebbcfe433122fdc45ae5,SKY130,UNDECLARED,W0_READ_DOMINANT_SEED,SB_MP_IMPLEMENTATION_ONLY,E3,LOGICAL_CONTROL,NOT_QUANTIFIED,campaigns/iscas_sustainability_extension/green_refoundation_node_aware_carbon/green_matrix_v2/GREEN_MATRIX_V2_RAW.csv,2026-09-08,DERIVED,Conditioned on enumerated masks; no P(f).
ME|MP|E0|PERSISTENT_SEQUENCE_1_2_0_4|scrub_on_correct|logical_control_retry_fraction,MP|E0|PERSISTENT_SEQUENCE_1_2_0_4|scrub_on_correct,logical_control_retry_fraction,0,probability,A10_LOGICAL_CONTROLS;A10_POSTROUTE_ACTIVITY_DIAGNOSTIC;SRC_SKYWATER_SKY130_PDK,EXACT_LOGICAL_ENUMERATION,59b82aec8dfffa553645b418b0a1100d1194bf3ca2fddc27ac4199623adf7e62,7106bc2a8d7157a8940bcb279f56b88181bd5685fc35ebbcfe433122fdc45ae5,SKY130,UNDECLARED,W0_READ_DOMINANT_SEED,SB_MP_IMPLEMENTATION_ONLY,E3,LOGICAL_CONTROL,NOT_QUANTIFIED,campaigns/iscas_sustainability_extension/green_refoundation_node_aware_carbon/green_matrix_v2/GREEN_MATRIX_V2_RAW.csv,2026-09-08,DERIVED,Conditioned on enumerated masks; no P(f).
ME|MP|E0|PERSISTENT_SEQUENCE_1_2_0_4|scrub_on_correct|latency_s,MP|E0|PERSISTENT_SEQUENCE_1_2_0_4|scrub_on_correct,latency_s,,s,A10_LOGICAL_CONTROLS;A10_POSTROUTE_ACTIVITY_DIAGNOSTIC;SRC_SKYWATER_SKY130_PDK,ABSENT,59b82aec8dfffa553645b418b0a1100d1194bf3ca2fddc27ac4199623adf7e62,7106bc2a8d7157a8940bcb279f56b88181bd5685fc35ebbcfe433122fdc45ae5,SKY130,UNDECLARED,W0_READ_DOMINANT_SEED,REQUIRED_BOUNDARY_UNAVAILABLE,E0,UNQUALIFIED,MISSING,campaigns/iscas_sustainability_extension/green_refoundation_node_aware_carbon/green_matrix_v2/GREEN_MATRIX_V2_RAW.csv,2026-09-08,UNAVAILABLE,Latency is not measured for the declared service policy.
ME|MP|E0|PERSISTENT_SEQUENCE_1_2_0_4|scrub_on_correct|operational_energy_j,MP|E0|PERSISTENT_SEQUENCE_1_2_0_4|scrub_on_correct,operational_energy_j,,J,A10_LOGICAL_CONTROLS;A10_POSTROUTE_ACTIVITY_DIAGNOSTIC;SRC_SKYWATER_SKY130_PDK,ABSENT,59b82aec8dfffa553645b418b0a1100d1194bf3ca2fddc27ac4199623adf7e62,7106bc2a8d7157a8940bcb279f56b88181bd5685fc35ebbcfe433122fdc45ae5,SKY130,UNDECLARED,W0_READ_DOMINANT_SEED,REQUIRED_BOUNDARY_UNAVAILABLE,E0,UNQUALIFIED,MISSING,campaigns/iscas_sustainability_extension/green_refoundation_node_aware_carbon/green_matrix_v2/GREEN_MATRIX_V2_RAW.csv,2026-09-08,UNAVAILABLE,Activity-qualified architecture energy is unavailable.
ME|MP|E0|PERSISTENT_SEQUENCE_1_2_0_4|scrub_on_correct|physical_fault_probability,MP|E0|PERSISTENT_SEQUENCE_1_2_0_4|scrub_on_correct,physical_fault_probability,,probability,A10_LOGICAL_CONTROLS;A10_POSTROUTE_ACTIVITY_DIAGNOSTIC;SRC_SKYWATER_SKY130_PDK,ABSENT,59b82aec8dfffa553645b418b0a1100d1194bf3ca2fddc27ac4199623adf7e62,7106bc2a8d7157a8940bcb279f56b88181bd5685fc35ebbcfe433122fdc45ae5,SKY130,UNDECLARED,W0_READ_DOMINANT_SEED,REQUIRED_BOUNDARY_UNAVAILABLE,E0,UNQUALIFIED,MISSING,campaigns/iscas_sustainability_extension/green_refoundation_node_aware_carbon/green_matrix_v2/GREEN_MATRIX_V2_RAW.csv,2026-09-08,UNAVAILABLE,Physical SBU/DBU/MBU event probabilities are unavailable.
ME|MP|E0|PERSISTENT_SEQUENCE_1_2_0_4|scrub_on_correct|physical_sdc_probability,MP|E0|PERSISTENT_SEQUENCE_1_2_0_4|scrub_on_correct,physical_sdc_probability,,probability,A10_LOGICAL_CONTROLS;A10_POSTROUTE_ACTIVITY_DIAGNOSTIC;SRC_SKYWATER_SKY130_PDK,ABSENT,59b82aec8dfffa553645b418b0a1100d1194bf3ca2fddc27ac4199623adf7e62,7106bc2a8d7157a8940bcb279f56b88181bd5685fc35ebbcfe433122fdc45ae5,SKY130,UNDECLARED,W0_READ_DOMINANT_SEED,REQUIRED_BOUNDARY_UNAVAILABLE,E0,UNQUALIFIED,MISSING,campaigns/iscas_sustainability_extension/green_refoundation_node_aware_carbon/green_matrix_v2/GREEN_MATRIX_V2_RAW.csv,2026-09-08,UNAVAILABLE,Logical mask frequencies cannot establish physical SDC.
ME|MP|E0|PERSISTENT_SEQUENCE_1_2_0_4|scrub_on_correct|physical_due_probability,MP|E0|PERSISTENT_SEQUENCE_1_2_0_4|scrub_on_correct,physical_due_probability,,probability,A10_LOGICAL_CONTROLS;A10_POSTROUTE_ACTIVITY_DIAGNOSTIC;SRC_SKYWATER_SKY130_PDK,ABSENT,59b82aec8dfffa553645b418b0a1100d1194bf3ca2fddc27ac4199623adf7e62,7106bc2a8d7157a8940bcb279f56b88181bd5685fc35ebbcfe433122fdc45ae5,SKY130,UNDECLARED,W0_READ_DOMINANT_SEED,REQUIRED_BOUNDARY_UNAVAILABLE,E0,UNQUALIFIED,MISSING,campaigns/iscas_sustainability_extension/green_refoundation_node_aware_carbon/green_matrix_v2/GREEN_MATRIX_V2_RAW.csv,2026-09-08,UNAVAILABLE,Logical mask frequencies cannot establish physical DUE.
ME|MP|E0|PERSISTENT_SEQUENCE_1_2_0_4|scrub_on_correct|manufacturing_carbon_kgco2e,MP|E0|PERSISTENT_SEQUENCE_1_2_0_4|scrub_on_correct,manufacturing_carbon_kgco2e,,kgCO2e,SRC_SKYWATER_SKY130_PDK,ABSENT,59b82aec8dfffa553645b418b0a1100d1194bf3ca2fddc27ac4199623adf7e62,7106bc2a8d7157a8940bcb279f56b88181bd5685fc35ebbcfe433122fdc45ae5,SKY130,UNDECLARED,W0_READ_DOMINANT_SEED,REQUIRED_BOUNDARY_UNAVAILABLE,E0,UNQUALIFIED,MISSING,campaigns/iscas_sustainability_extension/green_refoundation_node_aware_carbon/green_matrix_v2/GREEN_MATRIX_V2_RAW.csv,2026-09-08,UNAVAILABLE,Matched SKY130 manufacturing inventory is unavailable.
ME|MP|E0|PERSISTENT_SEQUENCE_1_2_0_4|periodic_2_steps|observed_macro_area_um2,MP|E0|PERSISTENT_SEQUENCE_1_2_0_4|periodic_2_steps,observed_macro_area_um2,260331.5664,um2,A10_LOGICAL_CONTROLS;A10_POSTROUTE_ACTIVITY_DIAGNOSTIC;SRC_SKYWATER_SKY130_PDK,POST_ROUTE_TOOL_ESTIMATE,02d79c22028d56da28f79d62512c0e5ffa2e23a836685e28d0cca40c8892806b,7106bc2a8d7157a8940bcb279f56b88181bd5685fc35ebbcfe433122fdc45ae5,SKY130,UNDECLARED,W0_READ_DOMINANT_SEED,SB_MP_IMPLEMENTATION_ONLY,E4,DIAGNOSTIC,NOT_QUANTIFIED,campaigns/iscas_sustainability_extension/green_refoundation_node_aware_carbon/green_matrix_v2/GREEN_MATRIX_V2_RAW.csv,2026-09-08,TOOL_ESTIMATE,No matched independent characterization.
ME|MP|E0|PERSISTENT_SEQUENCE_1_2_0_4|periodic_2_steps|activity_coverage_fraction,MP|E0|PERSISTENT_SEQUENCE_1_2_0_4|periodic_2_steps,activity_coverage_fraction,0.043451652386780906,probability,A10_LOGICAL_CONTROLS;A10_POSTROUTE_ACTIVITY_DIAGNOSTIC;SRC_SKYWATER_SKY130_PDK,DERIVED_ACTIVITY_COVERAGE,02d79c22028d56da28f79d62512c0e5ffa2e23a836685e28d0cca40c8892806b,7106bc2a8d7157a8940bcb279f56b88181bd5685fc35ebbcfe433122fdc45ae5,SKY130,UNDECLARED,W0_READ_DOMINANT_SEED,SB_MP_IMPLEMENTATION_ONLY,E3,DIAGNOSTIC,NOT_QUANTIFIED,campaigns/iscas_sustainability_extension/green_refoundation_node_aware_carbon/green_matrix_v2/GREEN_MATRIX_V2_RAW.csv,2026-09-08,DERIVED,Coverage is incomplete and is not workload energy.
ME|MP|E0|PERSISTENT_SEQUENCE_1_2_0_4|periodic_2_steps|diagnostic_tool_power_w,MP|E0|PERSISTENT_SEQUENCE_1_2_0_4|periodic_2_steps,diagnostic_tool_power_w,0.005495859775692,W,A10_LOGICAL_CONTROLS;A10_POSTROUTE_ACTIVITY_DIAGNOSTIC;SRC_SKYWATER_SKY130_PDK,POST_ROUTE_TOOL_DIAGNOSTIC,02d79c22028d56da28f79d62512c0e5ffa2e23a836685e28d0cca40c8892806b,7106bc2a8d7157a8940bcb279f56b88181bd5685fc35ebbcfe433122fdc45ae5,SKY130,UNDECLARED,W0_READ_DOMINANT_SEED,SB_MP_IMPLEMENTATION_ONLY,E4,DIAGNOSTIC,NOT_QUANTIFIED,campaigns/iscas_sustainability_extension/green_refoundation_node_aware_carbon/green_matrix_v2/GREEN_MATRIX_V2_RAW.csv,2026-09-08,TOOL_ESTIMATE,Diagnostic power is not activity-qualified access energy.
ME|MP|E0|PERSISTENT_SEQUENCE_1_2_0_4|periodic_2_steps|logical_pattern_count,MP|E0|PERSISTENT_SEQUENCE_1_2_0_4|periodic_2_steps,logical_pattern_count,4,count,A10_LOGICAL_CONTROLS;A10_POSTROUTE_ACTIVITY_DIAGNOSTIC;SRC_SKYWATER_SKY130_PDK,EXACT_LOGICAL_ENUMERATION,02d79c22028d56da28f79d62512c0e5ffa2e23a836685e28d0cca40c8892806b,7106bc2a8d7157a8940bcb279f56b88181bd5685fc35ebbcfe433122fdc45ae5,SKY130,UNDECLARED,W0_READ_DOMINANT_SEED,SB_MP_IMPLEMENTATION_ONLY,E3,LOGICAL_CONTROL,NOT_QUANTIFIED,campaigns/iscas_sustainability_extension/green_refoundation_node_aware_carbon/green_matrix_v2/GREEN_MATRIX_V2_RAW.csv,2026-09-08,DERIVED,Logical mask count is not a physical event rate.
ME|MP|E0|PERSISTENT_SEQUENCE_1_2_0_4|periodic_2_steps|logical_control_success_fraction,MP|E0|PERSISTENT_SEQUENCE_1_2_0_4|periodic_2_steps,logical_control_success_fraction,0.25,probability,A10_LOGICAL_CONTROLS;A10_POSTROUTE_ACTIVITY_DIAGNOSTIC;SRC_SKYWATER_SKY130_PDK,EXACT_LOGICAL_ENUMERATION,02d79c22028d56da28f79d62512c0e5ffa2e23a836685e28d0cca40c8892806b,7106bc2a8d7157a8940bcb279f56b88181bd5685fc35ebbcfe433122fdc45ae5,SKY130,UNDECLARED,W0_READ_DOMINANT_SEED,SB_MP_IMPLEMENTATION_ONLY,E3,LOGICAL_CONTROL,NOT_QUANTIFIED,campaigns/iscas_sustainability_extension/green_refoundation_node_aware_carbon/green_matrix_v2/GREEN_MATRIX_V2_RAW.csv,2026-09-08,DERIVED,Conditioned on enumerated masks; no P(f).
ME|MP|E0|PERSISTENT_SEQUENCE_1_2_0_4|periodic_2_steps|logical_control_due_fraction,MP|E0|PERSISTENT_SEQUENCE_1_2_0_4|periodic_2_steps,logical_control_due_fraction,0.5,probability,A10_LOGICAL_CONTROLS;A10_POSTROUTE_ACTIVITY_DIAGNOSTIC;SRC_SKYWATER_SKY130_PDK,EXACT_LOGICAL_ENUMERATION,02d79c22028d56da28f79d62512c0e5ffa2e23a836685e28d0cca40c8892806b,7106bc2a8d7157a8940bcb279f56b88181bd5685fc35ebbcfe433122fdc45ae5,SKY130,UNDECLARED,W0_READ_DOMINANT_SEED,SB_MP_IMPLEMENTATION_ONLY,E3,LOGICAL_CONTROL,NOT_QUANTIFIED,campaigns/iscas_sustainability_extension/green_refoundation_node_aware_carbon/green_matrix_v2/GREEN_MATRIX_V2_RAW.csv,2026-09-08,DERIVED,Conditioned on enumerated masks; no P(f).
ME|MP|E0|PERSISTENT_SEQUENCE_1_2_0_4|periodic_2_steps|logical_control_sdc_fraction,MP|E0|PERSISTENT_SEQUENCE_1_2_0_4|periodic_2_steps,logical_control_sdc_fraction,0.25,probability,A10_LOGICAL_CONTROLS;A10_POSTROUTE_ACTIVITY_DIAGNOSTIC;SRC_SKYWATER_SKY130_PDK,EXACT_LOGICAL_ENUMERATION,02d79c22028d56da28f79d62512c0e5ffa2e23a836685e28d0cca40c8892806b,7106bc2a8d7157a8940bcb279f56b88181bd5685fc35ebbcfe433122fdc45ae5,SKY130,UNDECLARED,W0_READ_DOMINANT_SEED,SB_MP_IMPLEMENTATION_ONLY,E3,LOGICAL_CONTROL,NOT_QUANTIFIED,campaigns/iscas_sustainability_extension/green_refoundation_node_aware_carbon/green_matrix_v2/GREEN_MATRIX_V2_RAW.csv,2026-09-08,DERIVED,Conditioned on enumerated masks; no P(f).
ME|MP|E0|PERSISTENT_SEQUENCE_1_2_0_4|periodic_2_steps|logical_control_corrected_fraction,MP|E0|PERSISTENT_SEQUENCE_1_2_0_4|periodic_2_steps,logical_control_corrected_fraction,0.25,probability,A10_LOGICAL_CONTROLS;A10_POSTROUTE_ACTIVITY_DIAGNOSTIC;SRC_SKYWATER_SKY130_PDK,EXACT_LOGICAL_ENUMERATION,02d79c22028d56da28f79d62512c0e5ffa2e23a836685e28d0cca40c8892806b,7106bc2a8d7157a8940bcb279f56b88181bd5685fc35ebbcfe433122fdc45ae5,SKY130,UNDECLARED,W0_READ_DOMINANT_SEED,SB_MP_IMPLEMENTATION_ONLY,E3,LOGICAL_CONTROL,NOT_QUANTIFIED,campaigns/iscas_sustainability_extension/green_refoundation_node_aware_carbon/green_matrix_v2/GREEN_MATRIX_V2_RAW.csv,2026-09-08,DERIVED,Conditioned on enumerated masks; no P(f).
ME|MP|E0|PERSISTENT_SEQUENCE_1_2_0_4|periodic_2_steps|logical_control_retry_fraction,MP|E0|PERSISTENT_SEQUENCE_1_2_0_4|periodic_2_steps,logical_control_retry_fraction,0,probability,A10_LOGICAL_CONTROLS;A10_POSTROUTE_ACTIVITY_DIAGNOSTIC;SRC_SKYWATER_SKY130_PDK,EXACT_LOGICAL_ENUMERATION,02d79c22028d56da28f79d62512c0e5ffa2e23a836685e28d0cca40c8892806b,7106bc2a8d7157a8940bcb279f56b88181bd5685fc35ebbcfe433122fdc45ae5,SKY130,UNDECLARED,W0_READ_DOMINANT_SEED,SB_MP_IMPLEMENTATION_ONLY,E3,LOGICAL_CONTROL,NOT_QUANTIFIED,campaigns/iscas_sustainability_extension/green_refoundation_node_aware_carbon/green_matrix_v2/GREEN_MATRIX_V2_RAW.csv,2026-09-08,DERIVED,Conditioned on enumerated masks; no P(f).
ME|MP|E0|PERSISTENT_SEQUENCE_1_2_0_4|periodic_2_steps|latency_s,MP|E0|PERSISTENT_SEQUENCE_1_2_0_4|periodic_2_steps,latency_s,,s,A10_LOGICAL_CONTROLS;A10_POSTROUTE_ACTIVITY_DIAGNOSTIC;SRC_SKYWATER_SKY130_PDK,ABSENT,02d79c22028d56da28f79d62512c0e5ffa2e23a836685e28d0cca40c8892806b,7106bc2a8d7157a8940bcb279f56b88181bd5685fc35ebbcfe433122fdc45ae5,SKY130,UNDECLARED,W0_READ_DOMINANT_SEED,REQUIRED_BOUNDARY_UNAVAILABLE,E0,UNQUALIFIED,MISSING,campaigns/iscas_sustainability_extension/green_refoundation_node_aware_carbon/green_matrix_v2/GREEN_MATRIX_V2_RAW.csv,2026-09-08,UNAVAILABLE,Latency is not measured for the declared service policy.
ME|MP|E0|PERSISTENT_SEQUENCE_1_2_0_4|periodic_2_steps|operational_energy_j,MP|E0|PERSISTENT_SEQUENCE_1_2_0_4|periodic_2_steps,operational_energy_j,,J,A10_LOGICAL_CONTROLS;A10_POSTROUTE_ACTIVITY_DIAGNOSTIC;SRC_SKYWATER_SKY130_PDK,ABSENT,02d79c22028d56da28f79d62512c0e5ffa2e23a836685e28d0cca40c8892806b,7106bc2a8d7157a8940bcb279f56b88181bd5685fc35ebbcfe433122fdc45ae5,SKY130,UNDECLARED,W0_READ_DOMINANT_SEED,REQUIRED_BOUNDARY_UNAVAILABLE,E0,UNQUALIFIED,MISSING,campaigns/iscas_sustainability_extension/green_refoundation_node_aware_carbon/green_matrix_v2/GREEN_MATRIX_V2_RAW.csv,2026-09-08,UNAVAILABLE,Activity-qualified architecture energy is unavailable.
ME|MP|E0|PERSISTENT_SEQUENCE_1_2_0_4|periodic_2_steps|physical_fault_probability,MP|E0|PERSISTENT_SEQUENCE_1_2_0_4|periodic_2_steps,physical_fault_probability,,probability,A10_LOGICAL_CONTROLS;A10_POSTROUTE_ACTIVITY_DIAGNOSTIC;SRC_SKYWATER_SKY130_PDK,ABSENT,02d79c22028d56da28f79d62512c0e5ffa2e23a836685e28d0cca40c8892806b,7106bc2a8d7157a8940bcb279f56b88181bd5685fc35ebbcfe433122fdc45ae5,SKY130,UNDECLARED,W0_READ_DOMINANT_SEED,REQUIRED_BOUNDARY_UNAVAILABLE,E0,UNQUALIFIED,MISSING,campaigns/iscas_sustainability_extension/green_refoundation_node_aware_carbon/green_matrix_v2/GREEN_MATRIX_V2_RAW.csv,2026-09-08,UNAVAILABLE,Physical SBU/DBU/MBU event probabilities are unavailable.
ME|MP|E0|PERSISTENT_SEQUENCE_1_2_0_4|periodic_2_steps|physical_sdc_probability,MP|E0|PERSISTENT_SEQUENCE_1_2_0_4|periodic_2_steps,physical_sdc_probability,,probability,A10_LOGICAL_CONTROLS;A10_POSTROUTE_ACTIVITY_DIAGNOSTIC;SRC_SKYWATER_SKY130_PDK,ABSENT,02d79c22028d56da28f79d62512c0e5ffa2e23a836685e28d0cca40c8892806b,7106bc2a8d7157a8940bcb279f56b88181bd5685fc35ebbcfe433122fdc45ae5,SKY130,UNDECLARED,W0_READ_DOMINANT_SEED,REQUIRED_BOUNDARY_UNAVAILABLE,E0,UNQUALIFIED,MISSING,campaigns/iscas_sustainability_extension/green_refoundation_node_aware_carbon/green_matrix_v2/GREEN_MATRIX_V2_RAW.csv,2026-09-08,UNAVAILABLE,Logical mask frequencies cannot establish physical SDC.
ME|MP|E0|PERSISTENT_SEQUENCE_1_2_0_4|periodic_2_steps|physical_due_probability,MP|E0|PERSISTENT_SEQUENCE_1_2_0_4|periodic_2_steps,physical_due_probability,,probability,A10_LOGICAL_CONTROLS;A10_POSTROUTE_ACTIVITY_DIAGNOSTIC;SRC_SKYWATER_SKY130_PDK,ABSENT,02d79c22028d56da28f79d62512c0e5ffa2e23a836685e28d0cca40c8892806b,7106bc2a8d7157a8940bcb279f56b88181bd5685fc35ebbcfe433122fdc45ae5,SKY130,UNDECLARED,W0_READ_DOMINANT_SEED,REQUIRED_BOUNDARY_UNAVAILABLE,E0,UNQUALIFIED,MISSING,campaigns/iscas_sustainability_extension/green_refoundation_node_aware_carbon/green_matrix_v2/GREEN_MATRIX_V2_RAW.csv,2026-09-08,UNAVAILABLE,Logical mask frequencies cannot establish physical DUE.
ME|MP|E0|PERSISTENT_SEQUENCE_1_2_0_4|periodic_2_steps|manufacturing_carbon_kgco2e,MP|E0|PERSISTENT_SEQUENCE_1_2_0_4|periodic_2_steps,manufacturing_carbon_kgco2e,,kgCO2e,SRC_SKYWATER_SKY130_PDK,ABSENT,02d79c22028d56da28f79d62512c0e5ffa2e23a836685e28d0cca40c8892806b,7106bc2a8d7157a8940bcb279f56b88181bd5685fc35ebbcfe433122fdc45ae5,SKY130,UNDECLARED,W0_READ_DOMINANT_SEED,REQUIRED_BOUNDARY_UNAVAILABLE,E0,UNQUALIFIED,MISSING,campaigns/iscas_sustainability_extension/green_refoundation_node_aware_carbon/green_matrix_v2/GREEN_MATRIX_V2_RAW.csv,2026-09-08,UNAVAILABLE,Matched SKY130 manufacturing inventory is unavailable.
